Num_Acc;id_vehicule;num_veh;catv;obs;obsm;choc;manv;motor;id_usager;place;catu;grav;sexe;an_nais;trajet;secu1;secu2;secu3;jour;mois;an;hrmn;lum;dep;com;agg;int;atm;col;lat;long;catr;circ;nbv;vosp;prof;plan;larrout;surf;infra;situ;vma;gravity;day_of_week
202300000723;155 679 274;A01;7;0;2;3;15;1;203 849 469;1;1;1;2;1962.0;9;1;0;-1;6;5;2023;12:05;1;75;75115;2;3;1;3;48.83390236;2.29013792;4;1;2;1;1;1; -1;1;0;1;30;Indemne;5
202300000725;155 679 269;A01;80;12;2;1;9;3;203 849 464;1;1;1;1;1990.0;9;8;0;-1;6;5;2023;10:43;1;75;75111;2;2;1;3;48.865273;2.374536;4;2;2;1;1;1; -1;1;6;1;30;Indemne;5
202300000725;155 679 269;A01;80;12;2;1;9;3;203 849 464;1;1;1;1;1990.0;9;8;0;-1;6;5;2023;10:43;1;75;75111;2;2;1;3;48.865273;2.374536;4;2;2;1;1;1; -1;1;6;1;30;Indemne;5
202300000725;155 679 270;B01;33;12;2;2;16;1;203 849 465;1;1;4;1;1955.0;9;2;6;-1;6;5;2023;10:43;1;75;75111;2;2;1;3;48.865273;2.374536;4;2;2;1;1;1; -1;1;6;1;30;Blessé léger;5
202300000725;155 679 270;B01;33;12;2;2;16;1;203 849 465;1;1;4;1;1955.0;9;2;6;-1;6;5;2023;10:43;1;75;75111;2;2;1;3;48.865273;2.374536;4;2;2;1;1;1; -1;1;6;1;30;Blessé léger;5
202300000728;155 679 265;B01;1;0;2;1;19;5;203 849 457;1;1;4;1;1997.0;9;8;0;-1;6;5;2023;16:09;1;75;75107;2;3;8;1;48.862881;2.315152;4;1; -1;0;1;1; -1;1;0;1;30;Blessé léger;5
202300000728;155 679 265;B01;1;0;2;1;19;5;203 849 457;1;1;4;1;1997.0;9;8;0;-1;6;5;2023;16:09;1;75;75107;2;3;8;1;48.862881;2.315152;4;2;4;1;1;1; -1;1;0;1;30;Blessé léger;5
202300000728;155 679 266;A01;2;0;2;1;1;0;203 849 458;1;1;4;1;2002.0;5;2;0;-1;6;5;2023;16:09;1;75;75107;2;3;8;1;48.862881;2.315152;4;1; -1;0;1;1; -1;1;0;1;30;Blessé léger;5
202300000728;155 679 266;A01;2;0;2;1;1;0;203 849 458;1;1;4;1;2002.0;5;2;0;-1;6;5;2023;16:09;1;75;75107;2;3;8;1;48.862881;2.315152;4;2;4;1;1;1; -1;1;0;1;30;Blessé léger;5
202300000754;155 679 219;A01;1;0;2;0;1;5;203 849 398;1;1;4;1;1960.0;5;2;-1;-1;5;5;2023;09:30;1;29;29186;1;1;2;4;48.629941;-3.830865;3;2;2;0;2;1;6;2;0;1;80;Blessé léger;4
202300000754;155 679 220;B01;1;0;2;0;1;5;203 849 399;1;1;3;1;1947.0;5;2;-1;-1;5;5;2023;09:30;1;29;29186;1;1;2;4;48.629941;-3.830865;3;2;2;0;2;1;6;2;0;1;80;Blessé hospitalisé;4
202300000754;155 679 222;C01;1;0;2;0;1;5;203 849 401;1;1;4;1;1957.0;5;2;-1;-1;5;5;2023;09:30;1;29;29186;1;1;2;4;48.629941;-3.830865;3;2;2;0;2;1;6;2;0;1;80;Blessé léger;4
202300000754;155 679 223;D01;1;0;2;0;1;5;203 849 403;1;1;4;1;1954.0;5;2;-1;-1;5;5;2023;09:30;1;29;29186;1;1;2;4;48.629941;-3.830865;3;2;2;0;2;1;6;2;0;1;80;Blessé léger;4
202300000765;155 679 201;B01;1;0;2;8;1;5;203 849 369;1;1;4;1;1985.0;9;8;8;-1;28;11;2023;20:30;5;75;75118;2;1;1;3;48.898228;2.348549;4;1;2;1;1;1; -1;1;0;5;50;Blessé léger;1
202300000765;155 679 202;A01;7;0;2;7;22;3;203 849 370;3;2;1;1;1986.0;9;1;0;-1;28;11;2023;20:30;5;75;75118;2;1;1;3;48.898228;2.348549;4;1;2;1;1;1; -1;1;0;5;50;Indemne;1
202300000765;155 679 202;A01;7;0;2;7;22;3;203 849 371;1;1;1;1;1970.0;4;1;8;-1;28;11;2023;20:30;5;75;75118;2;1;1;3;48.898228;2.348549;4;1;2;1;1;1; -1;1;0;5;50;Indemne;1
202300000776;155 679 181;B01;1;0;2;2;19;5;203 849 341;1;1;4;2;1966.0;9;8;0;-1;27;11;2023;17:20;5;75;75114;2;2;8;3;48.83548;2.315462;4;1;1;0;1;1; -1;2;0;1;30;Blessé léger;0
202300000776;155 679 181;B01;1;0;2;2;19;5;203 849 341;1;1;4;2;1966.0;9;8;0;-1;27;11;2023;17:20;5;75;75114;2;2;8;3;48.83548;2.315462;4;1;3;1;1;3; -1;2;0;1;30;Blessé léger;0
202300000776;155 679 184;A01;7;0;2;3;15;1;203 849 344;1;1;1;1;1972.0;5;1;0;-1;27;11;2023;17:20;5;75;75114;2;2;8;3;48.83548;2.315462;4;1;1;0;1;1; -1;2;0;1;30;Indemne;0
202300000776;155 679 184;A01;7;0;2;3;15;1;203 849 344;1;1;1;1;1972.0;5;1;0;-1;27;11;2023;17:20;5;75;75114;2;2;8;3;48.83548;2.315462;4;1;3;1;1;3; -1;2;0;1;30;Indemne;0
202300000782;155 679 173;A01;7;0;0;5;16;1;203 849 331;1;1;1;1;1967.0;9;1;0;-1;29;11;2023;09:30;1;75;75107;2;7;1;3;48.847411;2.312194;4;1; -1;-1;1;1; -1;1;0;1;30;Indemne;2
202300000782;155 679 173;A01;7;0;0;5;16;1;203 849 331;1;1;1;1;1967.0;9;1;0;-1;29;11;2023;09:30;1;75;75107;2;7;1;3;48.847411;2.312194;4;1;1;0;1;1; -1;1;0;1;30;Indemne;2
202300000782;155 679 174;B01;1;0;0;1;1;5;203 849 332;1;1;4;1;1970.0;1;8;0;-1;29;11;2023;09:30;1;75;75107;2;7;1;3;48.847411;2.312194;4;1; -1;-1;1;1; -1;1;0;1;30;Blessé léger;2
202300000782;155 679 174;B01;1;0;0;1;1;5;203 849 332;1;1;4;1;1970.0;1;8;0;-1;29;11;2023;09:30;1;75;75107;2;7;1;3;48.847411;2.312194;4;1;1;0;1;1; -1;1;0;1;30;Blessé léger;2
202300000785;155 679 166;B01;10;0;2;4;23;1;203 849 322;1;1;1;1;1979.0;4;8;0;-1;27;3;2023;13:17;1;75;75109;2;1;1;2;48.876054;2.337575;4;2;3;0;1;1; -1;1;0;1;30;Indemne;0
202300000785;155 679 168;A01;80;0;2;1;2;3;203 849 324;1;1;3;1;2001.0;9;8;0;-1;27;3;2023;13:17;1;75;75109;2;1;1;2;48.876054;2.337575;4;2;3;0;1;1; -1;1;0;1;30;Blessé hospitalisé;0
202300000791;155 679 158;A01;80;0;1;1;1;3;203 849 308;10;3;4;2;2008.0;5;0;-1;-1;28;3;2023;16:45;1;75;75106;2;2;1;6;48.846927;2.326838;4;2; -1;1;1;1; -1;1;0;5;30;Blessé léger;1
202300000791;155 679 158;A01;80;0;1;1;1;3;203 849 308;10;3;4;2;2008.0;5;0;-1;-1;28;3;2023;16:45;1;75;75106;2;2;1;6;48.846927;2.326838;4;2;2;1;1;1; -1;1;0;5;30;Blessé léger;1
202300000791;155 679 158;A01;80;0;1;1;1;3;203 849 309;1;1;1;1;1990.0;4;8;0;-1;28;3;2023;16:45;1;75;75106;2;2;1;6;48.846927;2.326838;4;2; -1;1;1;1; -1;1;0;5;30;Indemne;1
202300000791;155 679 158;A01;80;0;1;1;1;3;203 849 309;1;1;1;1;1990.0;4;8;0;-1;28;3;2023;16:45;1;75;75106;2;2;1;6;48.846927;2.326838;4;2;2;1;1;1; -1;1;0;5;30;Indemne;1
202300000793;155 679 154;A01;10;0;2;1;15;1;203 849 301;1;1;1;1;1975.0;0;1;0;-1;28;11;2023;20:30;5;94;94019;2;3;1;2;48.79919;2.54251;3;3;4;0;1;1; -1;1;5;1;50;Indemne;1
202300000793;155 679 154;A01;10;0;2;1;15;1;203 849 301;1;1;1;1;1975.0;0;1;0;-1;28;11;2023;20:30;5;94;94019;2;3;1;2;48.79919;2.54251;3;2;2;0;1;1; -1;1;6;1;50;Indemne;1
202300000793;155 679 156;B01;1;0;2;4;1;5;203 849 303;1;1;4;1;1967.0;1;2;0;-1;28;11;2023;20:30;5;94;94019;2;3;1;2;48.79919;2.54251;3;3;4;0;1;1; -1;1;5;1;50;Blessé léger;1
202300000793;155 679 156;B01;1;0;2;4;1;5;203 849 303;1;1;4;1;1967.0;1;2;0;-1;28;11;2023;20:30;5;94;94019;2;3;1;2;48.79919;2.54251;3;2;2;0;1;1; -1;1;6;1;50;Blessé léger;1
202300000802;155 679 142;B01;1;0;4;3;21;5;203 849 285;1;1;4;1;1956.0;5;2;0;-1;29;11;2023;08:35;1;93;93046;2;1;1;3;48.907375;2.520196;4;3;2;3;1;1; -1;2;4;6;50;Blessé léger;2
202300000802;155 679 145;A01;40;0;2;2;1;3;203 849 289;1;1;1;2;2004.0;4;8;0;-1;29;11;2023;08:35;1;93;93046;2;1;1;3;48.907375;2.520196;4;3;2;3;1;1; -1;2;4;6;50;Indemne;2
202300000802;155 679 145;A01;40;0;2;2;1;3;203 849 290;2;2;1;2;1977.0;4;8;0;-1;29;11;2023;08:35;1;93;93046;2;1;1;3;48.907375;2.520196;4;3;2;3;1;1; -1;2;4;6;50;Indemne;2
202300000806;155 679 137;A01;7;0;2;2;1;1;203 849 280;1;1;1;1;1959.0;5;1;8;-1;28;11;2023;12:45;1;93;93032;2;2;1;3;48.86772;2.55925;4;2;2;0;1;1; -1;1;0;1;50;Indemne;1
202300000806;155 679 137;A01;7;0;2;2;1;1;203 849 280;1;1;1;1;1959.0;5;1;8;-1;28;11;2023;12:45;1;93;93032;2;2;1;3;48.86772;2.55925;4;1;1;0;1;1; -1;1;0;1;50;Indemne;1
202300000806;155 679 140;B01;80;0;2;1;1;3;203 849 283;1;1;4;1;1982.0;9;2;8;-1;28;11;2023;12:45;1;93;93032;2;2;1;3;48.86772;2.55925;4;2;2;0;1;1; -1;1;0;1;50;Blessé léger;1
202300000806;155 679 140;B01;80;0;2;1;1;3;203 849 283;1;1;4;1;1982.0;9;2;8;-1;28;11;2023;12:45;1;93;93032;2;2;1;3;48.86772;2.55925;4;1;1;0;1;1; -1;1;0;1;50;Blessé léger;1
202300000808;155 679 134;A01;80;0;0;0;1;3;203 849 277;1;1;4;2;1985.0;1;8;0;-1;29;11;2023;19:50;5;92;92040;2;1;1;7;48.82145646;2.27257937;4;-1;2;0;2;1; -1;1;0;1;30;Blessé léger;2
202300000811;155 679 130;A01;7;0;0;3;24;1;203 849 273;1;1;1;1;1986.0;0;8;0;-1;29;11;2023;20:50;5;92;92012;2;1;1;2;48.83323533;2.2452668;3;-1;2;1;1;1;7;1;8;5;50;Indemne;2
202300000811;155 679 131;Y01;1;1;0;1;2;5;203 849 275;1;1;4;1;1969.0;5;0;-1;-1;29;11;2023;20:50;5;92;92012;2;1;1;2;48.83323533;2.2452668;3;-1;2;1;1;1;7;1;8;5;50;Blessé léger;2
202300000821;155 679 113;A01;7;0;0;1;1;1;203 849 253;1;1;1;1;1980.0;5;1;-1;-1;7;5;2023;15:20;1;16;16077;1;4;1;1;45.642837;0.019146;4;2; -1;-1;2;1;3;1;0;1;80;Indemne;6
202300000821;155 679 113;A01;7;0;0;1;1;1;203 849 253;1;1;1;1;1980.0;5;1;-1;-1;7;5;2023;15:20;1;16;16077;1;4;1;1;45.642837;0.019146;4;2;2;0;4;2;3;1;0;1;80;Indemne;6
202300000821;155 679 115;B01;1;0;2;1;15;5;203 849 255;1;1;3;2;1965.0;0;2;-1;-1;7;5;2023;15:20;1;16;16077;1;4;1;1;45.642837;0.019146;4;2; -1;-1;2;1;3;1;0;1;80;Blessé hospitalisé;6
202300000821;155 679 115;B01;1;0;2;1;15;5;203 849 255;1;1;3;2;1965.0;0;2;-1;-1;7;5;2023;15:20;1;16;16077;1;4;1;1;45.642837;0.019146;4;2;2;0;4;2;3;1;0;1;80;Blessé hospitalisé;6
202300000823;155 679 110;B01;80;0;2;6;1;3;203 849 250;1;1;4;1;1975.0;1;8;0;-1;28;3;2023;14:35;1;75;75110;2;2;1;2;48.878991;2.355804;4;2; -1;0;1;1; -1;1;0;1;30;Blessé léger;1
202300000823;155 679 110;B01;80;0;2;6;1;3;203 849 250;1;1;4;1;1975.0;1;8;0;-1;28;3;2023;14:35;1;75;75110;2;2;1;2;48.878991;2.355804;4;2;2;0;2;1; -1;1;0;1;30;Blessé léger;1
202300000823;155 679 111;A01;10;0;2;0;17;1;203 849 251;1;1;1;1;1981.0;4;8;0;-1;28;3;2023;14:35;1;75;75110;2;2;1;2;48.878991;2.355804;4;2; -1;0;1;1; -1;1;0;1;30;Indemne;1
202300000823;155 679 111;A01;10;0;2;0;17;1;203 849 251;1;1;1;1;1981.0;4;8;0;-1;28;3;2023;14:35;1;75;75110;2;2;1;2;48.878991;2.355804;4;2;2;0;2;1; -1;1;0;1;30;Indemne;1
202300000826;155 679 105;B01;1;0;2;0;1;5;203 849 241;1;1;4;1;1989.0;1;8;0;-1;28;3;2023;14:20;1;75;75110;2;9;1;3;48.875205;2.370355;4;2; -1;0;1;1; -1;1;0;1;30;Blessé léger;1
202300000826;155 679 105;B01;1;0;2;0;1;5;203 849 241;1;1;4;1;1989.0;1;8;0;-1;28;3;2023;14:20;1;75;75110;2;9;1;3;48.875205;2.370355;4;2;0;0;2;1; -1;1;0;1;30;Blessé léger;1
202300000826;155 679 107;A01;33;0;2;2;16;1;203 849 244;1;1;1;1;1967.0;1;2;6;-1;28;3;2023;14:20;1;75;75110;2;9;1;3;48.875205;2.370355;4;2; -1;0;1;1; -1;1;0;1;30;Indemne;1
202300000826;155 679 107;A01;33;0;2;2;16;1;203 849 244;1;1;1;1;1967.0;1;2;6;-1;28;3;2023;14:20;1;75;75110;2;9;1;3;48.875205;2.370355;4;2;0;0;2;1; -1;1;0;1;30;Indemne;1
202300000829;155 679 100;A01;1;0;1;0;21;5;203 849 233;10;3;1;1;1983.0;1;0;0;0;28;3;2023;20:25;5;75;75107;2;2;1;6;48.853992;2.32383;4;-1;0;0;1;1; -1;1;0;1;30;Indemne;1
202300000829;155 679 100;A01;1;0;1;0;21;5;203 849 233;10;3;1;1;1983.0;1;0;0;0;28;3;2023;20:25;5;75;75107;2;2;1;6;48.853992;2.32383;4;1;0;0;1;1; -1;1;0;1;30;Indemne;1
202300000829;155 679 100;A01;1;0;1;0;21;5;203 849 235;1;1;4;1;1984.0;1;8;0;-1;28;3;2023;20:25;5;75;75107;2;2;1;6;48.853992;2.32383;4;-1;0;0;1;1; -1;1;0;1;30;Blessé léger;1
202300000829;155 679 100;A01;1;0;1;0;21;5;203 849 235;1;1;4;1;1984.0;1;8;0;-1;28;3;2023;20:25;5;75;75107;2;2;1;6;48.853992;2.32383;4;1;0;0;1;1; -1;1;0;1;30;Blessé léger;1
202300000832;155 679 094;B01;80;9;2;7;17;3;203 849 224;1;1;4;2;1972.0;1;8;0;-1;28;3;2023;10:50;1;75;75107;2;2;1;3;48.859572;2.329304;4;1;3;2;2;1; -1;1;2;5;30;Blessé léger;1
202300000832;155 679 094;B01;80;9;2;7;17;3;203 849 224;1;1;4;2;1972.0;1;8;0;-1;28;3;2023;10:50;1;75;75107;2;2;1;3;48.859572;2.329304;4;2;4;1;1;1; -1;1;5;5;30;Blessé léger;1
202300000832;155 679 095;A01;1;9;2;8;15;5;203 849 225;1;1;1;1;1965.0;1;8;0;-1;28;3;2023;10:50;1;75;75107;2;2;1;3;48.859572;2.329304;4;1;3;2;2;1; -1;1;2;5;30;Indemne;1
202300000832;155 679 095;A01;1;9;2;8;15;5;203 849 225;1;1;1;1;1965.0;1;8;0;-1;28;3;2023;10:50;1;75;75107;2;2;1;3;48.859572;2.329304;4;2;4;1;1;1; -1;1;5;5;30;Indemne;1
202300000839;155 679 082;A01;7;0;2;3;1;1;203 849 210;1;1;1;2;1968.0;1;1;-1;-1;29;11;2023;09:50;1;49;49055;1;6;1;2;47.521486;-0.572104;3;1;2;0;1;2;7;1;0;1;90;Indemne;2
202300000839;155 679 084;B01;1;0;0;4;1;5;203 849 212;1;1;4;1;1977.0;1;0;-1;-1;29;11;2023;09:50;1;49;49055;1;6;1;2;47.521486;-0.572104;3;1;2;0;1;2;7;1;0;1;90;Blessé léger;2
202300000842;155 679 077;B01;1;0;2;1;1;5;203 849 205;1;1;4;2;2006.0;0;8;0;-1;27;3;2023;08:15;1;94;94046;2;3;8;3;48.79367;2.43449;3;2;4;1;1;1; -1;1;5;5;50;Blessé léger;0
202300000842;155 679 077;B01;1;0;2;1;1;5;203 849 205;1;1;4;2;2006.0;0;8;0;-1;27;3;2023;08:15;1;94;94046;2;3;8;3;48.79367;2.43449;3;1;1;0;1;1; -1;1;5;5;50;Blessé léger;0
202300000845;155 679 070;A01;40;0;2;7;0;3;203 849 195;1;1;1;1;1974.0;4;8;0;-1;28;3;2023;10:15;1;93;93059;2;8;1;3;48.95029;2.35769;3;3;2;3;1;1; -1;1;4;6;30;Indemne;1
202300000845;155 679 070;A01;40;0;2;7;0;3;203 849 195;1;1;1;1;1974.0;4;8;0;-1;28;3;2023;10:15;1;93;93059;2;8;1;3;48.95029;2.35769;3;1; -1;2;1;1; -1;1;0;6;-1;Indemne;1
202300000845;155 679 072;B01;1;0;4;0;0;5;203 849 197;1;1;4;1;1948.0;9;8;0;-1;28;3;2023;10:15;1;93;93059;2;8;1;3;48.95029;2.35769;3;3;2;3;1;1; -1;1;4;6;30;Blessé léger;1
202300000845;155 679 072;B01;1;0;4;0;0;5;203 849 197;1;1;4;1;1948.0;9;8;0;-1;28;3;2023;10:15;1;93;93059;2;8;1;3;48.95029;2.35769;3;1; -1;2;1;1; -1;1;0;6;-1;Blessé léger;1
202300000849;155 679 066;B01;1;0;2;1;1;5;203 849 190;1;1;4;1;1967.0;1;2;4;-1;28;3;2023;08:13;1;93;93066;2;1;1;1;48.92334;2.34288;3;2;1;1;1;1; -1;1;0;5;50;Blessé léger;1
202300000854;155 679 051;A01;80;0;1;8;1;3;203 849 174;1;1;4;1;1972.0;1;8;0;-1;28;3;2023;16:10;1;92;92048;2;1;2;6;48.81885304;2.23187327;3;2;2;0;2;1; -1;2;0;1;50;Blessé léger;1
202300000854;155 679 051;A01;80;0;1;8;1;3;203 849 176;10;3;4;1;1983.0;5;0;-1;-1;28;3;2023;16:10;1;92;92048;2;1;2;6;48.81885304;2.23187327;3;2;2;0;2;1; -1;2;0;1;50;Blessé léger;1
202300000899;155 678 988;B01;7;0;9;8;19;1;203 849 075;1;1;1;1;1984.0;1;1;-1;-1;27;3;2023;10:50;1;76;76517;1;2;1;3;49.522179;1.136232;3;2;2;0;2;1; -1;1;0;1;80;Indemne;0
202300000899;155 678 988;B01;7;0;9;8;19;1;203 849 075;1;1;1;1;1984.0;1;1;-1;-1;27;3;2023;10:50;1;76;76517;1;2;1;3;49.522179;1.136232;3;2;2;0;1;1; -1;1;0;1;80;Indemne;0
202300000899;155 678 990;A01;1;0;2;1;1;5;203 849 080;1;1;4;1;1959.0;5;2;6;-1;27;3;2023;10:50;1;76;76517;1;2;1;3;49.522179;1.136232;3;2;2;0;2;1; -1;1;0;1;80;Blessé léger;0
202300000899;155 678 990;A01;1;0;2;1;1;5;203 849 080;1;1;4;1;1959.0;5;2;6;-1;27;3;2023;10:50;1;76;76517;1;2;1;3;49.522179;1.136232;3;2;2;0;1;1; -1;1;0;1;80;Blessé léger;0
202300000900;155 678 985;B01;7;0;0;4;2;0;203 849 065;1;1;1;1;1987.0;1;1;-1;-1;29;3;2023;17:00;1;80;80512;2;1;1;2;50.086429;1.816171;3;2;2;0;1;1; -1;1;0;1;50;Indemne;2
202300000900;155 678 987;A01;1;0;0;1;2;5;203 849 069;1;1;3;1;1959.0;5;2;-1;-1;29;3;2023;17:00;1;80;80512;2;1;1;2;50.086429;1.816171;3;2;2;0;1;1; -1;1;0;1;50;Blessé hospitalisé;2
202300000912;155 678 967;A01;80;0;1;1;1;3;203 849 038;1;1;1;1;1998.0;0;2;0;-1;27;4;2023;14:20;1;71;71306;2;1;1;6;46.67679;4.37343;4;3;2;1;1;1; -1;1;0;5;50;Indemne;3
202300000912;155 678 967;A01;80;0;1;1;1;3;203 849 039;10;3;3;2;1949.0;0;0;-1;-1;27;4;2023;14:20;1;71;71306;2;1;1;6;46.67679;4.37343;4;3;2;1;1;1; -1;1;0;5;50;Blessé hospitalisé;3
202300000913;155 678 963;A01;10;0;9;7;1;1;203 849 033;1;1;1;1;1983.0;4;1;-1;-1;28;3;2023;13:30;1;55;55166;2;4;1;3;49.112759;5.386466;3;2;2;0;2;1;4;1;0;1;50;Indemne;1
202300000913;155 678 963;A01;10;0;9;7;1;1;203 849 033;1;1;1;1;1983.0;4;1;-1;-1;28;3;2023;13:30;1;55;55166;2;4;1;3;49.112759;5.386466;3;2;2;0;2;3;4;1;0;1;50;Indemne;1
202300000913;155 678 965;B01;1;0;2;1;1;5;203 849 036;1;1;4;1;1959.0;5;2;6;-1;28;3;2023;13:30;1;55;55166;2;4;1;3;49.112759;5.386466;3;2;2;0;2;1;4;1;0;1;50;Blessé léger;1
202300000913;155 678 965;B01;1;0;2;1;1;5;203 849 036;1;1;4;1;1959.0;5;2;6;-1;28;3;2023;13:30;1;55;55166;2;4;1;3;49.112759;5.386466;3;2;2;0;2;3;4;1;0;1;50;Blessé léger;1
202300000919;155 678 955;A01;1;0;2;1;19;5;203 849 025;1;1;4;1;2010.0;0;0;-1;-1;29;11;2023;17:30;5;45;45028;2;1;1;3;47.779046;1.629233;3;2;2;0;2;1;7;1;9;1;50;Blessé léger;2
202300000919;155 678 958;B01;7;0;2;2;1;1;203 849 027;1;1;1;2;1987.0;3;8;-1;-1;29;11;2023;17:30;5;45;45028;2;1;1;3;47.779046;1.629233;3;2;2;0;2;1;7;1;9;1;50;Indemne;2
202300000921;155 678 950;A01;10;0;2;7;1;1;203 849 019;1;1;1;1;1978.0;1;8;-1;-1;28;3;2023;08:00;1;86;86129;1;1;1;3;46.842827;0.752093;3;2;2;0;2;1;5,5;1;0;1;80;Indemne;1
202300000921;155 678 951;B01;1;0;2;8;1;5;203 849 020;1;1;3;1;1995.0;9;0;-1;-1;28;3;2023;08:00;1;86;86129;1;1;1;3;46.842827;0.752093;3;2;2;0;2;1;5,5;1;0;1;80;Blessé hospitalisé;1
202300000926;155 678 939;B01;1;0;2;1;0;5;203 849 007;1;1;4;2;1976.0;5;2;-1;-1;28;3;2023;07:40;1;68;68284;2;5;1;3;47.538869;7.328857;4;2; -1;-1;1;1; -1;1;0;1;-1;Blessé léger;1
202300000926;155 678 939;B01;1;0;2;1;0;5;203 849 007;1;1;4;2;1976.0;5;2;-1;-1;28;3;2023;07:40;1;68;68284;2;5;1;3;47.538869;7.328857;4;3;2;0;1;1; -1;1;0;1;50;Blessé léger;1
202300000926;155 678 941;A01;7;0;2;2;15;1;203 849 008;1;1;1;1;2001.0;1;1;-1;-1;28;3;2023;07:40;1;68;68284;2;5;1;3;47.538869;7.328857;4;2; -1;-1;1;1; -1;1;0;1;-1;Indemne;1
202300000926;155 678 941;A01;7;0;2;2;15;1;203 849 008;1;1;1;1;2001.0;1;1;-1;-1;28;3;2023;07:40;1;68;68284;2;5;1;3;47.538869;7.328857;4;3;2;0;1;1; -1;1;0;1;50;Indemne;1
202300000933;155 678 925;A01;15;0;2;2;2;1;203 848 986;1;1;1;1;1985.0;4;8;-1;-1;29;11;2023;22:10;3;13;13027;1;1;2;2;43.869095;4.812312;3;2;2;0;1;1;7;2;0;1;80;Indemne;2
202300000933;155 678 926;B01;1;0;0;4;1;5;203 848 988;1;1;3;1;2000.0;4;0;-1;-1;29;11;2023;22:10;3;13;13027;1;1;2;2;43.869095;4.812312;3;2;2;0;1;1;7;2;0;1;80;Blessé hospitalisé;2
202300000950;155 678 895;A01;7;0;9;0;0;1;203 848 952;1;1;1;2;1958.0;5;1;0;-1;5;5;2023;13:20;1;95;95427;2;1;1;3;48.976171;2.352461;3;2;2;0;1;1; -1;1;0;1;50;Indemne;4
202300000950;155 678 899;B01;1;0;2;2;0;5;203 848 956;1;1;3;1;2013.0;2;0;-1;-1;5;5;2023;13:20;1;95;95427;2;1;1;3;48.976171;2.352461;3;2;2;0;1;1; -1;1;0;1;50;Blessé hospitalisé;4
202300000953;155 678 888;A01;7;0;0;5;2;1;203 848 941;1;1;1;1;1976.0;4;1;-1;-1;30;11;2023;12:30;1;76;76164;1;1;1;2;49.524359;0.735784;3;2;2;0;1;1;7;1;0;1;70;Indemne;3
202300000953;155 678 890;B01;1;0;2;1;2;5;203 848 943;1;1;3;1;1951.0;0;2;-1;-1;30;11;2023;12:30;1;76;76164;1;1;1;2;49.524359;0.735784;3;2;2;0;1;1;7;1;0;1;70;Blessé hospitalisé;3
202300000965;155 678 868;A01;1;0;0;0;1;5;203 848 910;1;1;4;1;2008.0;2;2;0;-1;4;5;2023;16:21;1;87;87085;2;1;1;7;45.81759;1.26695;4;2;1;3;2;1; -1;9;6;6;50;Blessé léger;3
202300000997;155 678 804;A01;1;0;1;1;1;5;203 848 827;10;3;4;2;1963.0;0;0;-1;-1;6;6;2023;19:30;1;73;73008;2;1;1;6;45.68722;5.91399;4;1;1;0;2;1; -1;1;0;1;30;Blessé léger;1
202300000997;155 678 804;A01;1;0;1;1;1;5;203 848 828;1;1;1;1;2000.0;0;8;0;-1;6;6;2023;19:30;1;73;73008;2;1;1;6;45.68722;5.91399;4;1;1;0;2;1; -1;1;0;1;30;Indemne;1
202300001001;155 678 798;A01;7;0;2;2;14;1;203 848 820;1;1;1;2;2000.0;0;1;8;-1;5;5;2023;19:08;1;72;72181;2;6;1;2;47.99;0.19;4;-1;2;0;1;3; -1;1;0;1;50;Indemne;4
202300001001;155 678 798;A01;7;0;2;2;14;1;203 848 820;1;1;1;2;2000.0;0;1;8;-1;5;5;2023;19:08;1;72;72181;2;6;1;2;47.99;0.19;4;-1;0;0;1;1; -1;1;9;1;50;Indemne;4
202300001001;155 678 800;B01;1;0;2;4;2;5;203 848 822;1;1;4;2;1970.0;0;2;0;-1;5;5;2023;19:08;1;72;72181;2;6;1;2;47.99;0.19;4;-1;2;0;1;3; -1;1;0;1;50;Blessé léger;4
202300001001;155 678 800;B01;1;0;2;4;2;5;203 848 822;1;1;4;2;1970.0;0;2;0;-1;5;5;2023;19:08;1;72;72181;2;6;1;2;47.99;0.19;4;-1;0;0;1;1; -1;1;9;1;50;Blessé léger;4
202300001008;155 678 783;A01;7;0;2;3;9;1;203 848 800;1;1;1;1;1944.0;3;1;-1;-1;27;3;2023;10:30;1;26;26179;1;6;1;3;45.058515;4.866955;3;2;2;0;1;3;7;1;0;1;80;Indemne;0
202300001008;155 678 785;B01;1;0;2;2;1;5;203 848 803;1;1;2;2;1955.0;5;2;-1;-1;27;3;2023;10:30;1;26;26179;1;6;1;3;45.058515;4.866955;3;2;2;0;1;3;7;1;0;1;80;Tué;0
202300001017;155 678 770;A01;7;0;2;1;1;0;203 848 779;1;1;1;2;1941.0;9;1;-1;-1;28;3;2023;08:15;1;60;60157;2;1;1;3;49.384328;2.398608;3;2;2;0;1;1; -1;1;0;1;50;Indemne;1
202300001017;155 678 772;B01;1;0;2;7;19;5;203 848 782;1;1;4;1;2011.0;2;0;-1;-1;28;3;2023;08:15;1;60;60157;2;1;1;3;49.384328;2.398608;3;2;2;0;1;1; -1;1;0;1;50;Blessé léger;1