Num_Acc;id_vehicule;num_veh;catv;obs;obsm;choc;manv;motor;id_usager;place;catu;grav;sexe;an_nais;trajet;secu1;secu2;secu3;jour;mois;an;hrmn;lum;dep;com;agg;int;atm;col;lat;long;catr;circ;nbv;vosp;prof;plan;larrout;surf;infra;situ;vma;gravity;day_of_week
202300001020;155 678 766;A01;7;0;9;2;20;0;203 848 776;1;1;1;1;1978.0;5;1;-1;-1;27;3;2023;14:28;1;59;59452;2;1;1;1;50.459292;3.033957;4;2;2;0;1;1; -1;1;0;1;50;Indemne;0
202300001020;155 678 767;B01;1;0;2;4;1;5;203 848 777;1;1;3;1;1936.0;5;0;-1;-1;27;3;2023;14:28;1;59;59452;2;1;1;1;50.459292;3.033957;4;2;2;0;1;1; -1;1;0;1;50;Blessé hospitalisé;0
202300001022;155 678 763;B01;1;0;2;7;1;5;203 848 772;1;1;4;1;1978.0;0;8;-1;-1;5;5;2023;08:00;1;69;69276;2;6;1;3;45.683;4.87;4;2;2;0;1;1; -1;1;0;1;50;Blessé léger;4
202300001022;155 678 763;B01;1;0;2;7;1;5;203 848 772;1;1;4;1;1978.0;0;8;-1;-1;5;5;2023;08:00;1;69;69276;2;6;1;3;45.683;4.87;4;2;2;0;1;1; -1;1;5;1;50;Blessé léger;4
202300001022;155 678 765;A01;7;0;2;3;1;1;203 848 775;1;1;1;1;1963.0;0;1;-1;-1;5;5;2023;08:00;1;69;69276;2;6;1;3;45.683;4.87;4;2;2;0;1;1; -1;1;0;1;50;Indemne;4
202300001022;155 678 765;A01;7;0;2;3;1;1;203 848 775;1;1;1;1;1963.0;0;1;-1;-1;5;5;2023;08:00;1;69;69276;2;6;1;3;45.683;4.87;4;2;2;0;1;1; -1;1;5;1;50;Indemne;4
202300001026;155 678 757;B01;1;0;2;1;1;5;203 848 764;1;1;1;1;2001.0;1;8;8;-1;5;5;2023;05:45;2;67;67482;2;3;1;3;48.585126;7.750983;4;2;2;2;1;1; -1;1;9;5;30;Indemne;4
202300001026;155 678 757;B01;1;0;2;1;1;5;203 848 764;1;1;1;1;2001.0;1;8;8;-1;5;5;2023;05:45;2;67;67482;2;3;1;3;48.585126;7.750983;4;2;2;2;2;1; -1;1;9;1;30;Indemne;4
202300001026;155 678 759;A01;50;0;2;3;1;3;203 848 766;1;1;4;1;1996.0;1;8;8;-1;5;5;2023;05:45;2;67;67482;2;3;1;3;48.585126;7.750983;4;2;2;2;1;1; -1;1;9;5;30;Blessé léger;4
202300001026;155 678 759;A01;50;0;2;3;1;3;203 848 766;1;1;4;1;1996.0;1;8;8;-1;5;5;2023;05:45;2;67;67482;2;3;1;3;48.585126;7.750983;4;2;2;2;2;1; -1;1;9;1;30;Blessé léger;4
202300001045;155 678 721;B01;1;0;2;8;9;5;203 848 718;1;1;3;1;1978.0;5;8;0;-1;5;5;2023;09:10;1;59;59378;1;3;1;3;50.70531;3.11453;4;2;2;0;1;3; -1;1;0;1;30;Blessé hospitalisé;4
202300001045;155 678 721;B01;1;0;2;8;9;5;203 848 718;1;1;3;1;1978.0;5;8;0;-1;5;5;2023;09:10;1;59;59378;1;3;1;3;50.70531;3.11453;4;2;2;0;1;3; -1;1;0;1;30;Blessé hospitalisé;4
202300001045;155 678 726;A01;7;0;2;2;1;0;203 848 722;1;1;1;1;2003.0;1;1;0;-1;5;5;2023;09:10;1;59;59378;1;3;1;3;50.70531;3.11453;4;2;2;0;1;3; -1;1;0;1;30;Indemne;4
202300001045;155 678 726;A01;7;0;2;2;1;0;203 848 722;1;1;1;1;2003.0;1;1;0;-1;5;5;2023;09:10;1;59;59378;1;3;1;3;50.70531;3.11453;4;2;2;0;1;3; -1;1;0;1;30;Indemne;4
202300001045;155 678 726;A01;7;0;2;2;1;0;203 848 723;2;2;1;1;2003.0;1;1;0;-1;5;5;2023;09:10;1;59;59378;1;3;1;3;50.70531;3.11453;4;2;2;0;1;3; -1;1;0;1;30;Indemne;4
202300001045;155 678 726;A01;7;0;2;2;1;0;203 848 723;2;2;1;1;2003.0;1;1;0;-1;5;5;2023;09:10;1;59;59378;1;3;1;3;50.70531;3.11453;4;2;2;0;1;3; -1;1;0;1;30;Indemne;4
202300001055;155 678 700;A01;7;0;9;1;1;1;203 848 690;1;1;1;1;1971.0;0;1;0;-1;4;5;2023;13:15;1;54;54395;2;2;1;3;48.685609;6.195661;4;2;4;0;1;1; -1;1;0;1;50;Indemne;3
202300001055;155 678 700;A01;7;0;9;1;1;1;203 848 690;1;1;1;1;1971.0;0;1;0;-1;4;5;2023;13:15;1;54;54395;2;2;1;3;48.685609;6.195661;4;1;2;0;1;1; -1;1;0;1;50;Indemne;3
202300001055;155 678 702;B01;1;0;2;1;19;5;203 848 692;1;1;4;2;1957.0;0;8;0;-1;4;5;2023;13:15;1;54;54395;2;2;1;3;48.685609;6.195661;4;2;4;0;1;1; -1;1;0;1;50;Blessé léger;3
202300001055;155 678 702;B01;1;0;2;1;19;5;203 848 692;1;1;4;2;1957.0;0;8;0;-1;4;5;2023;13:15;1;54;54395;2;2;1;3;48.685609;6.195661;4;1;2;0;1;1; -1;1;0;1;50;Blessé léger;3
202300001059;155 678 693;B01;80;0;2;1;1;3;203 848 681;1;1;3;1;1960.0;5;8;0;-1;4;5;2023;10:20;1;52;52121;2;3;1;3;48.11061;5.15099;4;2;2;0;1;1; -1;1;0;1;50;Blessé hospitalisé;3
202300001059;155 678 693;B01;80;0;2;1;1;3;203 848 681;1;1;3;1;1960.0;5;8;0;-1;4;5;2023;10:20;1;52;52121;2;3;1;3;48.11061;5.15099;4;2;2;0;2;1; -1;1;0;1;50;Blessé hospitalisé;3
202300001059;155 678 695;A01;10;0;2;3;15;1;203 848 685;1;1;1;1;1993.0;4;1;0;-1;4;5;2023;10:20;1;52;52121;2;3;1;3;48.11061;5.15099;4;2;2;0;1;1; -1;1;0;1;50;Indemne;3
202300001059;155 678 695;A01;10;0;2;3;15;1;203 848 685;1;1;1;1;1993.0;4;1;0;-1;4;5;2023;10:20;1;52;52121;2;3;1;3;48.11061;5.15099;4;2;2;0;2;1; -1;1;0;1;50;Indemne;3
202300001074;155 678 665;B01;1;0;2;2;1;5;203 848 637;1;1;4;1;1994.0;1;2;-1;-1;9;6;2023;07:40;1;35;35278;2;6;2;3;48.13667;-1.69294;4;1;2;0;1;2; -1;2;0;1;50;Blessé léger;4
202300001074;155 678 669;A01;10;0;2;8;0;1;203 848 641;1;1;1;1;1995.0;1;1;-1;-1;9;6;2023;07:40;1;35;35278;2;6;2;3;48.13667;-1.69294;4;1;2;0;1;2; -1;2;0;1;50;Indemne;4
202300001081;155 678 655;B01;1;0;2;8;1;5;203 848 626;1;1;4;2;1994.0;9;8;0;-1;27;3;2023;13:18;1;75;75114;2;7;1;3;48.834546;2.332611;4;1;2;2;1;1; -1;1;0;1;30;Blessé léger;0
202300001081;155 678 655;B01;1;0;2;8;1;5;203 848 626;1;1;4;2;1994.0;9;8;0;-1;27;3;2023;13:18;1;75;75114;2;7;1;3;48.834546;2.332611;4;2; -1;-1;1;1; -1;1;0;1;-1;Blessé léger;0
202300001081;155 678 658;A01;1;0;2;7;14;5;203 848 630;1;1;1;1;1983.0;9;8;0;-1;27;3;2023;13:18;1;75;75114;2;7;1;3;48.834546;2.332611;4;1;2;2;1;1; -1;1;0;1;30;Indemne;0
202300001081;155 678 658;A01;1;0;2;7;14;5;203 848 630;1;1;1;1;1983.0;9;8;0;-1;27;3;2023;13:18;1;75;75114;2;7;1;3;48.834546;2.332611;4;2; -1;-1;1;1; -1;1;0;1;-1;Indemne;0
202300001092;155 678 637;B01;1;0;2;7;1;5;203 848 597;1;1;4;2;1983.0;9;8;0;-1;27;3;2023;12:50;1;75;75112;2;1;1;3;48.841357;2.37495;4;2;2;0;1;1; -1;1;0;1;30;Blessé léger;0
202300001092;155 678 641;A01;10;0;2;7;9;3;203 848 602;1;1;1;1;2002.0;4;8;0;-1;27;3;2023;12:50;1;75;75112;2;1;1;3;48.841357;2.37495;4;2;2;0;1;1; -1;1;0;1;30;Indemne;0
202300001102;155 678 614;B01;1;0;2;3;1;5;203 848 570;1;1;4;2;1990.0;9;8;0;-1;27;3;2023;16:45;1;75;75111;2;1;1;3;48.860235;2.376009;4;2;4;1;1;1; -1;1;-1;5;30;Blessé léger;0
202300001102;155 678 619;A01;10;0;2;1;10;3;203 848 574;1;1;1;1;1984.0;4;1;8;-1;27;3;2023;16:45;1;75;75111;2;1;1;3;48.860235;2.376009;4;2;4;1;1;1; -1;1;-1;5;30;Indemne;0
202300001107;155 678 608;A01;1;0;1;1;1;5;203 848 560;10;3;4;2;1990.0;1;8;8;-1;27;3;2023;18:45;1;75;75103;2;2;1;6;48.863748;2.354885;4;1; -1;-1;1;1; -1;1;0;1;-1;Blessé léger;0
202300001107;155 678 608;A01;1;0;1;1;1;5;203 848 560;10;3;4;2;1990.0;1;8;8;-1;27;3;2023;18:45;1;75;75103;2;2;1;6;48.863748;2.354885;4;1;3;1;1;1; -1;1;0;1;30;Blessé léger;0
202300001107;155 678 608;A01;1;0;1;1;1;5;203 848 563;1;1;1;1;1994.0;1;2;8;-1;27;3;2023;18:45;1;75;75103;2;2;1;6;48.863748;2.354885;4;1; -1;-1;1;1; -1;1;0;1;-1;Indemne;0
202300001107;155 678 608;A01;1;0;1;1;1;5;203 848 563;1;1;1;1;1994.0;1;2;8;-1;27;3;2023;18:45;1;75;75103;2;2;1;6;48.863748;2.354885;4;1;3;1;1;1; -1;1;0;1;30;Indemne;0
202300001112;155 678 597;Z01;10;0;2;4;4;3;203 848 546;1;1;1;-1;2000.0;-1;8;0;-1;27;3;2023;12:16;1;75;75103;2;2;1;2;48.858678;2.358759;4;1;2;0;1;1; -1;1;0;1;30;Indemne;0
202300001112;155 678 597;Z01;10;0;2;4;4;3;203 848 546;1;1;1;-1;2000.0;-1;8;0;-1;27;3;2023;12:16;1;75;75103;2;2;1;2;48.858678;2.358759;4;2;1;2;1;1; -1;1;0;1;30;Indemne;0
202300001112;155 678 600;A01;80;0;2;1;23;3;203 848 549;1;1;4;2;1993.0;5;8;0;-1;27;3;2023;12:16;1;75;75103;2;2;1;2;48.858678;2.358759;4;1;2;0;1;1; -1;1;0;1;30;Blessé léger;0
202300001112;155 678 600;A01;80;0;2;1;23;3;203 848 549;1;1;4;2;1993.0;5;8;0;-1;27;3;2023;12:16;1;75;75103;2;2;1;2;48.858678;2.358759;4;2;1;2;1;1; -1;1;0;1;30;Blessé léger;0
202300001120;155 678 583;A01;7;0;2;5;23;1;203 848 529;1;1;1;2;1989.0;0;1;0;-1;28;11;2023;17:40;5;59;59033;2;1;2;2;50.19881761;3.84294546;3;2;1;0;1;1; -1;2;0;1;20;Indemne;1
202300001120;155 678 586;B01;1;14;0;1;26;5;203 848 533;1;1;4;1;2003.0;0;8;0;-1;28;11;2023;17:40;5;59;59033;2;1;2;2;50.19881761;3.84294546;3;2;1;0;1;1; -1;2;0;1;20;Blessé léger;1
202300001130;155 678 566;A01;1;0;1;1;1;5;203 848 505;1;1;3;1;1958.0;5;0;-1;-1;19;11;2023;10:45;1;55;55545;2;1;1;6;49.15675;5.38725;4;2;1;-1;1;1;3;1;0;1;-1;Blessé hospitalisé;6
202300001130;155 678 566;A01;1;0;1;1;1;5;203 848 507;10;3;1;1;1986.0;5;0;-1;-1;19;11;2023;10:45;1;55;55545;2;1;1;6;49.15675;5.38725;4;2;1;-1;1;1;3;1;0;1;-1;Indemne;6
202300001131;155 678 565;A01;7;0;2;3;16;1;203 848 503;1;1;1;2;1960.0;0;1;8;-1;8;6;2023;09:21;1;10;10387;2;6;1;3;48.27577;4.07842;4;2;4;2;1;1; -1;1;0;1;50;Indemne;3
202300001131;155 678 565;A01;7;0;2;3;16;1;203 848 503;1;1;1;2;1960.0;0;1;8;-1;8;6;2023;09:21;1;10;10387;2;6;1;3;48.27577;4.07842;4;-1;4;1;1;1; -1;1;0;1;50;Indemne;3
202300001131;155 678 569;B01;1;0;2;1;1;5;203 848 508;1;1;4;2;1972.0;1;8;0;-1;8;6;2023;09:21;1;10;10387;2;6;1;3;48.27577;4.07842;4;2;4;2;1;1; -1;1;0;1;50;Blessé léger;3
202300001131;155 678 569;B01;1;0;2;1;1;5;203 848 508;1;1;4;2;1972.0;1;8;0;-1;8;6;2023;09:21;1;10;10387;2;6;1;3;48.27577;4.07842;4;-1;4;1;1;1; -1;1;0;1;50;Blessé léger;3
202300001144;155 678 542;A01;10;0;2;2;16;1;203 848 476;1;1;1;2;1981.0;5;1;0;-1;27;11;2023;10:45;1;51;51454;2;3;2;3;49.258899;4.037484;4;2;2;2;2;1; -1;2;0;5;50;Indemne;0
202300001144;155 678 542;A01;10;0;2;2;16;1;203 848 476;1;1;1;2;1981.0;5;1;0;-1;27;11;2023;10:45;1;51;51454;2;3;2;3;49.258899;4.037484;4;1; -1;-1;1;1; -1;2;-1;1;-1;Indemne;0
202300001144;155 678 546;B01;1;0;2;8;1;5;203 848 481;1;1;3;1;1996.0;1;0;-1;-1;27;11;2023;10:45;1;51;51454;2;3;2;3;49.258899;4.037484;4;2;2;2;2;1; -1;2;0;5;50;Blessé hospitalisé;0
202300001144;155 678 546;B01;1;0;2;8;1;5;203 848 481;1;1;3;1;1996.0;1;0;-1;-1;27;11;2023;10:45;1;51;51454;2;3;2;3;49.258899;4.037484;4;1; -1;-1;1;1; -1;2;-1;1;-1;Blessé hospitalisé;0
202300001163;155 678 508;B01;7;0;2;3;1;1;203 848 429;1;1;1;1;1991.0;9;1;0;-1;28;11;2023;13:15;1;47;47001;2;2;1;3;44.19917759;0.62631082;3;2;2;0;1;1; -1;1;0;1;50;Indemne;1
202300001163;155 678 508;B01;7;0;2;3;1;1;203 848 429;1;1;1;1;1991.0;9;1;0;-1;28;11;2023;13:15;1;47;47001;2;2;1;3;44.19917759;0.62631082;3;2;2;0;1;1; -1;1;0;1;30;Indemne;1
202300001163;155 678 512;A01;1;0;2;7;15;5;203 848 433;1;1;4;2;1987.0;1;8;0;-1;28;11;2023;13:15;1;47;47001;2;2;1;3;44.19917759;0.62631082;3;2;2;0;1;1; -1;1;0;1;50;Blessé léger;1
202300001163;155 678 512;A01;1;0;2;7;15;5;203 848 433;1;1;4;2;1987.0;1;8;0;-1;28;11;2023;13:15;1;47;47001;2;2;1;3;44.19917759;0.62631082;3;2;2;0;1;1; -1;1;0;1;30;Blessé léger;1
202300001170;155 678 499;A01;1;1;2;1;2;5;203 848 414;1;1;4;1;1994.0;9;2;0;-1;9;6;2023;20:45;2;75;75105;2;2;1;3;48.848897;2.347469;4;-1; -1;0;1;1; -1;1;0;1;30;Blessé léger;4
202300001170;155 678 499;A01;1;1;2;1;2;5;203 848 414;1;1;4;1;1994.0;9;2;0;-1;9;6;2023;20:45;2;75;75105;2;2;1;3;48.848897;2.347469;4;2;2;3;1;1; -1;1;0;1;30;Blessé léger;4
202300001170;155 678 502;B01;10;0;0;8;22;1;203 848 417;1;1;1;1;1988.0;9;1;0;-1;9;6;2023;20:45;2;75;75105;2;2;1;3;48.848897;2.347469;4;-1; -1;0;1;1; -1;1;0;1;30;Indemne;4
202300001170;155 678 502;B01;10;0;0;8;22;1;203 848 417;1;1;1;1;1988.0;9;1;0;-1;9;6;2023;20:45;2;75;75105;2;2;1;3;48.848897;2.347469;4;2;2;3;1;1; -1;1;0;1;30;Indemne;4
202300001172;155 678 494;A01;37;0;2;2;21;1;203 848 408;1;1;1;1;1970.0;4;1;8;-1;5;5;2023;20:05;1;17;17333;2;6;1;3;45.612765;-0.991204;4;2;2;1;4;2; -1;1;9;1;30;Indemne;4
202300001172;155 678 494;A01;37;0;2;2;21;1;203 848 408;1;1;1;1;1970.0;4;1;8;-1;5;5;2023;20:05;1;17;17333;2;6;1;3;45.612765;-0.991204;4;1;1;1;1;1; -1;1;9;1;30;Indemne;4
202300001172;155 678 497;B01;1;0;2;7;9;5;203 848 412;1;1;4;2;1968.0;5;8;0;-1;5;5;2023;20:05;1;17;17333;2;6;1;3;45.612765;-0.991204;4;2;2;1;4;2; -1;1;9;1;30;Blessé léger;4
202300001172;155 678 497;B01;1;0;2;7;9;5;203 848 412;1;1;4;2;1968.0;5;8;0;-1;5;5;2023;20:05;1;17;17333;2;6;1;3;45.612765;-0.991204;4;1;1;1;1;1; -1;1;9;1;30;Blessé léger;4
202300001175;155 678 490;A01;1;1;0;6;1;5;203 848 404;1;1;4;1;2003.0;5;8;0;-1;9;6;2023;18:20;1;75;75106;2;1;1;2;48.847904;2.33253;4;2;3;1;1;1; -1;1;0;1;30;Blessé léger;4
202300001175;155 678 492;B01;13;0;2;6;24;1;203 848 406;1;1;1;1;1977.0;4;1;0;-1;9;6;2023;18:20;1;75;75106;2;1;1;2;48.847904;2.33253;4;2;3;1;1;1; -1;1;0;1;30;Indemne;4
202300001184;155 678 472;A01;1;0;1;1;1;5;203 848 383;1;1;1;1;1997.0;9;2;0;-1;9;6;2023;20:45;1;75;75117;2;3;1;6;48.881463;2.316007;4;1;1;0;1;1; -1;1;0;1;30;Indemne;4
202300001184;155 678 472;A01;1;0;1;1;1;5;203 848 383;1;1;1;1;1997.0;9;2;0;-1;9;6;2023;20:45;1;75;75117;2;3;1;6;48.881463;2.316007;4;-1; -1;0;1;1; -1;1;0;1;30;Indemne;4
202300001184;155 678 472;A01;1;0;1;1;1;5;203 848 385;10;3;4;2;1987.0;5;0;-1;-1;9;6;2023;20:45;1;75;75117;2;3;1;6;48.881463;2.316007;4;1;1;0;1;1; -1;1;0;1;30;Blessé léger;4
202300001184;155 678 472;A01;1;0;1;1;1;5;203 848 385;10;3;4;2;1987.0;5;0;-1;-1;9;6;2023;20:45;1;75;75117;2;3;1;6;48.881463;2.316007;4;-1; -1;0;1;1; -1;1;0;1;30;Blessé léger;4
202300001186;155 678 466;B01;7;0;2;4;23;2;203 848 374;1;1;1;1;1976.0;4;1;0;-1;9;6;2023;03:40;5;75;75117;2;2;1;2;48.89058;2.320196;4;2;2;3;2;1; -1;1;0;6;30;Indemne;4
202300001186;155 678 466;B01;7;0;2;4;23;2;203 848 374;1;1;1;1;1976.0;4;1;0;-1;9;6;2023;03:40;5;75;75117;2;2;1;2;48.89058;2.320196;4;-1; -1;0;1;1; -1;1;0;1;30;Indemne;4
202300001186;155 678 468;A01;80;0;2;1;1;3;203 848 377;1;1;4;1;2001.0;9;8;0;-1;9;6;2023;03:40;5;75;75117;2;2;1;2;48.89058;2.320196;4;2;2;3;2;1; -1;1;0;6;30;Blessé léger;4
202300001186;155 678 468;A01;80;0;2;1;1;3;203 848 377;1;1;4;1;2001.0;9;8;0;-1;9;6;2023;03:40;5;75;75117;2;2;1;2;48.89058;2.320196;4;-1; -1;0;1;1; -1;1;0;1;30;Blessé léger;4
202300001191;155 678 455;B01;1;0;2;8;1;5;203 848 361;1;1;3;2;1970.0;5;2;-1;-1;11;7;2023;16:10;1;91;91044;2;1;1;1;48.683113;2.284958;3;3;2;1;2;3; -1;1;9;5;50;Blessé hospitalisé;1
202300001191;155 678 459;A01;7;0;2;3;9;0;203 848 367;1;1;1;1;1952.0;3;1;-1;-1;11;7;2023;16:10;1;91;91044;2;1;1;1;48.683113;2.284958;3;3;2;1;2;3; -1;1;9;5;50;Indemne;1
202300001198;155 678 447;B01;1;0;2;1;1;5;203 848 353;1;1;4;1;1995.0;1;8;0;-1;9;6;2023;11:00;1;75;75116;2;2;1;3;48.841475;2.263877;4;1;2;1;1;1; -1;1;0;5;50;Blessé léger;4
202300001198;155 678 447;B01;1;0;2;1;1;5;203 848 353;1;1;4;1;1995.0;1;8;0;-1;9;6;2023;11:00;1;75;75116;2;2;1;3;48.841475;2.263877;4;-1; -1;1;1;1; -1;1;0;5;50;Blessé léger;4
202300001198;155 678 449;A01;10;0;2;8;22;1;203 848 356;1;1;1;1;1980.0;1;1;0;-1;9;6;2023;11:00;1;75;75116;2;2;1;3;48.841475;2.263877;4;1;2;1;1;1; -1;1;0;5;50;Indemne;4
202300001198;155 678 449;A01;10;0;2;8;22;1;203 848 356;1;1;1;1;1980.0;1;1;0;-1;9;6;2023;11:00;1;75;75116;2;2;1;3;48.841475;2.263877;4;-1; -1;1;1;1; -1;1;0;5;50;Indemne;4
202300001204;155 678 437;A01;1;0;2;1;1;5;203 848 339;1;1;4;1;1944.0;5;2;-1;-1;28;3;2023;17:00;1;72;72241;2;1;1;2;48.052353;0.392278;3;2;2;0;2;1; -1;1;0;1;50;Blessé léger;1
202300001204;155 678 439;B01;7;0;0;4;1;1;203 848 341;1;1;1;1;1947.0;5;8;-1;-1;28;3;2023;17:00;1;72;72241;2;1;1;2;48.052353;0.392278;3;2;2;0;2;1; -1;1;0;1;50;Indemne;1
202300001204;155 678 439;B01;7;0;0;4;1;1;203 848 342;2;2;1;1;1931.0;5;8;-1;-1;28;3;2023;17:00;1;72;72241;2;1;1;2;48.052353;0.392278;3;2;2;0;2;1; -1;1;0;1;50;Indemne;1
202300001209;155 678 430;A01;1;0;2;2;1;5;203 848 330;1;1;4;1;1983.0;9;8;0;-1;9;6;2023;20:10;1;75;75112;2;1;1;3;48.83463;2.393518;4;2;2;0;2;1; -1;1;0;1;30;Blessé léger;4
202300001216;155 678 419;B01;1;0;2;8;19;5;203 848 317;1;1;4;2;1975.0;1;2;6;-1;28;11;2023;10:50;1;33;33119;2;3;1;3;44.85527526;-0.5357451;4;2;2;0;1;3; -1;1;5;1;50;Blessé léger;1
202300001216;155 678 419;B01;1;0;2;8;19;5;203 848 317;1;1;4;2;1975.0;1;2;6;-1;28;11;2023;10:50;1;33;33119;2;3;1;3;44.85527526;-0.5357451;4;2;4;3;1;1; -1;1;5;1;50;Blessé léger;1
202300001216;155 678 420;A01;10;0;2;2;16;1;203 848 318;1;1;1;1;1964.0;4;1;-1;-1;28;11;2023;10:50;1;33;33119;2;3;1;3;44.85527526;-0.5357451;4;2;2;0;1;3; -1;1;5;1;50;Indemne;1
202300001216;155 678 420;A01;10;0;2;2;16;1;203 848 318;1;1;1;1;1964.0;4;1;-1;-1;28;11;2023;10:50;1;33;33119;2;3;1;3;44.85527526;-0.5357451;4;2;4;3;1;1; -1;1;5;1;50;Indemne;1
202300001221;155 678 408;A01;32;0;2;2;1;1;203 848 304;1;1;1;1;1994.0;9;2;0;-1;9;6;2023;15:00;1;75;75111;2;3;1;3;48.861354;2.367168;4;2;6;1;1;1; -1;1;0;1;30;Indemne;4
202300001221;155 678 408;A01;32;0;2;2;1;1;203 848 304;1;1;1;1;1994.0;9;2;0;-1;9;6;2023;15:00;1;75;75111;2;3;1;3;48.861354;2.367168;4;-1; -1;0;1;1; -1;1;0;1;30;Indemne;4
202300001221;155 678 408;A01;32;0;2;2;1;1;203 848 305;2;2;1;1;1994.0;5;2;0;-1;9;6;2023;15:00;1;75;75111;2;3;1;3;48.861354;2.367168;4;2;6;1;1;1; -1;1;0;1;30;Indemne;4
202300001221;155 678 408;A01;32;0;2;2;1;1;203 848 305;2;2;1;1;1994.0;5;2;0;-1;9;6;2023;15:00;1;75;75111;2;3;1;3;48.861354;2.367168;4;-1; -1;0;1;1; -1;1;0;1;30;Indemne;4
202300001221;155 678 411;B01;1;0;0;4;15;5;203 848 307;1;1;4;1;1974.0;4;8;0;-1;9;6;2023;15:00;1;75;75111;2;3;1;3;48.861354;2.367168;4;2;6;1;1;1; -1;1;0;1;30;Blessé léger;4
202300001221;155 678 411;B01;1;0;0;4;15;5;203 848 307;1;1;4;1;1974.0;4;8;0;-1;9;6;2023;15:00;1;75;75111;2;3;1;3;48.861354;2.367168;4;-1; -1;0;1;1; -1;1;0;1;30;Blessé léger;4
202300001225;155 678 399;A01;10;0;2;2;16;1;203 848 292;1;1;1;1;1981.0;4;1;0;-1;9;6;2023;12:20;1;75;75111;2;2;1;3;48.868931;2.38046;4;-1; -1;0;1;1; -1;1;0;1;30;Indemne;4
202300001225;155 678 399;A01;10;0;2;2;16;1;203 848 292;1;1;1;1;1981.0;4;1;0;-1;9;6;2023;12:20;1;75;75111;2;2;1;3;48.868931;2.38046;4;1;1;0;1;1; -1;1;0;1;30;Indemne;4
202300001225;155 678 403;B01;1;0;2;2;1;5;203 848 297;1;1;4;1;1990.0;9;8;0;-1;9;6;2023;12:20;1;75;75111;2;2;1;3;48.868931;2.38046;4;-1; -1;0;1;1; -1;1;0;1;30;Blessé léger;4
202300001225;155 678 403;B01;1;0;2;2;1;5;203 848 297;1;1;4;1;1990.0;9;8;0;-1;9;6;2023;12:20;1;75;75111;2;2;1;3;48.868931;2.38046;4;1;1;0;1;1; -1;1;0;1;30;Blessé léger;4
202300001229;155 678 397;B01;1;0;2;8;1;5;203 848 290;1;1;4;2;1971.0;9;8;0;-1;9;6;2023;09:05;1;75;75111;2;1;7;3;48.868325;2.370933;4;1;2;1;1;1; -1;1;9;5;30;Blessé léger;4
202300001235;155 678 383;B01;1;0;2;1;1;5;203 848 273;1;1;3;1;1999.0;0;8;0;-1;27;11;2023;17:55;5;28;28209;2;9;2;3;48.472375;1.468764;4;2;2;0;2;1; -1;2;0;1;50;Blessé hospitalisé;0
202300001235;155 678 384;A01;7;0;2;3;15;1;203 848 275;1;1;1;1;1979.0;0;1;0;-1;27;11;2023;17:55;5;28;28209;2;9;2;3;48.472375;1.468764;4;2;2;0;2;1; -1;2;0;1;50;Indemne;0
202300001312;155 678 252;A01;1;0;2;5;14;5;203 848 087;1;1;1;2;1990.0;1;2;6;-1;27;11;2023;08:52;1;75;75116;2;1;1;3;48.848779;2.276246;4;2;3;1;1;1; -1;1;0;1;30;Indemne;0
202300001312;155 678 254;B01;1;0;2;6;1;5;203 848 092;1;1;4;1;1981.0;1;2;0;-1;27;11;2023;08:52;1;75;75116;2;1;1;3;48.848779;2.276246;4;2;3;1;1;1; -1;1;0;1;30;Blessé léger;0
202300001316;155 678 241;A01;1;0;2;1;13;5;203 848 071;1;1;4;1;1987.0;1;2;0;-1;9;6;2023;08:20;1;92;92046;2;1;1;1;48.82216627;2.29837149;3;2;2;1;1;4; -1;1;6;5;30;Blessé léger;4
202300001316;155 678 242;B01;1;0;2;1;16;5;203 848 074;1;1;1;1;1990.0;1;2;0;-1;9;6;2023;08:20;1;92;92046;2;1;1;1;48.82216627;2.29837149;3;2;2;1;1;4; -1;1;6;5;30;Indemne;4
202300001317;155 678 244;A01;7;0;2;7;22;1;203 848 076;1;1;1;1;1999.0;1;1;0;-1;28;11;2023;18:50;5;75;75114;2;4;1;3;48.824126;2.321215;4;1;8;1;1;1; -1;1;0;5;50;Indemne;1
202300001317;155 678 244;A01;7;0;2;7;22;1;203 848 076;1;1;1;1;1999.0;1;1;0;-1;28;11;2023;18:50;5;75;75114;2;4;1;3;48.824126;2.321215;4;1; -1;-1;1;1; -1;1;0;5;-1;Indemne;1
202300001317;155 678 244;A01;7;0;2;7;22;1;203 848 078;2;2;1;1;1959.0;1;8;0;-1;28;11;2023;18:50;5;75;75114;2;4;1;3;48.824126;2.321215;4;1;8;1;1;1; -1;1;0;5;50;Indemne;1
202300001317;155 678 244;A01;7;0;2;7;22;1;203 848 078;2;2;1;1;1959.0;1;8;0;-1;28;11;2023;18:50;5;75;75114;2;4;1;3;48.824126;2.321215;4;1; -1;-1;1;1; -1;1;0;5;-1;Indemne;1
202300001317;155 678 246;B01;1;0;2;1;1;5;203 848 079;1;1;4;1;1988.0;9;2;0;-1;28;11;2023;18:50;5;75;75114;2;4;1;3;48.824126;2.321215;4;1;8;1;1;1; -1;1;0;5;50;Blessé léger;1