Num_Acc;id_vehicule;num_veh;catv;obs;obsm;choc;manv;motor;id_usager;place;catu;grav;sexe;an_nais;trajet;secu1;secu2;secu3;jour;mois;an;hrmn;lum;dep;com;agg;int;atm;col;lat;long;catr;circ;nbv;vosp;prof;plan;larrout;surf;infra;situ;vma;gravity;day_of_week
202300001317;155 678 246;B01;1;0;2;1;1;5;203 848 079;1;1;4;1;1988.0;9;2;0;-1;28;11;2023;18:50;5;75;75114;2;4;1;3;48.824126;2.321215;4;1; -1;-1;1;1; -1;1;0;5;-1;Blessé léger;1
202300001318;155 678 239;A01;7;0;2;1;1;1;203 848 068;1;1;1;2;1946.0;3;1;-1;-1;26;12;2023;08:35;3;29;29069;1;3;8;3;48.41621439;-4.54530549;3;2;0;0;2;1;0;2;5;5;90;Indemne;1
202300001318;155 678 239;A01;7;0;2;1;1;1;203 848 068;1;1;1;2;1946.0;3;1;-1;-1;26;12;2023;08:35;3;29;29069;1;3;8;3;48.41621439;-4.54530549;3;2;0;1;2;1;0;1;5;5;25;Indemne;1
202300001318;155 678 243;B01;80;0;2;8;9;3;203 848 075;1;1;4;2;1980.0;1;2;4;6;26;12;2023;08:35;3;29;29069;1;3;8;3;48.41621439;-4.54530549;3;2;0;0;2;1;0;2;5;5;90;Blessé léger;1
202300001318;155 678 243;B01;80;0;2;8;9;3;203 848 075;1;1;4;2;1980.0;1;2;4;6;26;12;2023;08:35;3;29;29069;1;3;8;3;48.41621439;-4.54530549;3;2;0;1;2;1;0;1;5;5;25;Blessé léger;1
202300001337;155 678 212;A01;7;0;2;2;2;1;203 848 027;1;1;1;1;1974.0;4;8;0;-1;27;11;2023;14:35;1;75;75112;2;1;8;2;48.840297;2.374501;4;-1;1;0;1;1; -1;2;0;1;30;Indemne;0
202300001337;155 678 214;B01;80;0;2;4;2;3;203 848 029;1;1;4;1;1987.0;4;8;0;-1;27;11;2023;14:35;1;75;75112;2;1;8;2;48.840297;2.374501;4;-1;1;0;1;1; -1;2;0;1;30;Blessé léger;0
202300001340;155 678 207;Z01;1;0;1;1;1;5;203 848 021;10;3;4;2;1983.0;1;8;8;-1;28;11;2023;08:55;1;75;75109;2;1;8;6;48.875241;2.333997;4;1;1;0;1;1; -1;2;0;1;30;Blessé léger;1
202300001344;155 678 204;B01;1;0;2;1;2;5;203 848 016;1;1;3;1;1971.0;5;2;-1;-1;28;10;2023;09:50;1;13;13041;1;4;7;3;43.445751;5.523519;3;2;2;0;1;3;7;1;0;1;70;Blessé hospitalisé;5
202300001344;155 678 204;B01;1;0;2;1;2;5;203 848 016;1;1;3;1;1971.0;5;2;-1;-1;28;10;2023;09:50;1;13;13041;1;4;7;3;43.445751;5.523519;3;2; -1;-1;1;1; -1;1;0;1;-1;Blessé hospitalisé;5
202300001344;155 678 206;A01;7;0;9;7;15;1;203 848 018;1;1;1;2;2001.0;0;1;-1;-1;28;10;2023;09:50;1;13;13041;1;4;7;3;43.445751;5.523519;3;2;2;0;1;3;7;1;0;1;70;Indemne;5
202300001344;155 678 206;A01;7;0;9;7;15;1;203 848 018;1;1;1;2;2001.0;0;1;-1;-1;28;10;2023;09:50;1;13;13041;1;4;7;3;43.445751;5.523519;3;2; -1;-1;1;1; -1;1;0;1;-1;Indemne;5
202300001346;155 678 196;A01;1;0;2;1;1;5;203 848 007;1;1;4;1;2004.0;0;2;0;-1;9;6;2023;19:08;1;92;92004;2;1;7;2;48.90891803;2.27012917;3;-1;1;0;1;1; -1;1;0;1;50;Blessé léger;4
202300001346;155 678 199;B01;7;0;9;4;1;1;203 848 011;1;1;1;2;1987.0;0;1;0;-1;9;6;2023;19:08;1;92;92004;2;1;7;2;48.90891803;2.27012917;3;-1;1;0;1;1; -1;1;0;1;50;Indemne;4
202300001351;155 678 189;A01;7;0;2;3;1;1;203 847 998;1;1;1;2;1977.0;5;1;-1;-1;29;3;2023;08:22;1;69;69256;2;1;6;3;45.75548143;4.92779002;4;2;2;0;1;1; -1;1;0;1;50;Indemne;2
202300001351;155 678 191;B01;1;0;2;1;14;5;203 848 001;1;1;4;1;2014.0;2;8;-1;-1;29;3;2023;08:22;1;69;69256;2;1;6;3;45.75548143;4.92779002;4;2;2;0;1;1; -1;1;0;1;50;Blessé léger;2
202300001352;155 678 187;A01;1;1;0;1;1;5;203 847 996;1;1;4;1;1994.0;5;8;0;-1;27;11;2023;19:00;5;75;75102;2;3;2;6;48.870709;2.34788;4;2;6;1;1;1; -1;2;0;5;30;Blessé léger;0
202300001352;155 678 187;A01;1;1;0;1;1;5;203 847 996;1;1;4;1;1994.0;5;8;0;-1;27;11;2023;19:00;5;75;75102;2;3;2;6;48.870709;2.34788;4;1;1;0;1;1; -1;2;0;5;30;Blessé léger;0
202300001353;155 678 182;A01;7;0;2;7;16;1;203 847 990;1;1;1;1;1974.0;0;1;0;-1;9;6;2023;16:45;1;92;92002;2;2;1;3;48.76145;2.29128;3;2;0;2;1;1; -1;1;5;5;50;Indemne;4
202300001353;155 678 182;A01;7;0;2;7;16;1;203 847 990;1;1;1;1;1974.0;0;1;0;-1;9;6;2023;16:45;1;92;92002;2;2;1;3;48.76145;2.29128;3;1;0;0;1;1; -1;1;0;1;50;Indemne;4
202300001353;155 678 182;A01;7;0;2;7;16;1;203 847 992;2;2;1;1;1980.0;0;1;0;-1;9;6;2023;16:45;1;92;92002;2;2;1;3;48.76145;2.29128;3;2;0;2;1;1; -1;1;5;5;50;Indemne;4
202300001353;155 678 182;A01;7;0;2;7;16;1;203 847 992;2;2;1;1;1980.0;0;1;0;-1;9;6;2023;16:45;1;92;92002;2;2;1;3;48.76145;2.29128;3;1;0;0;1;1; -1;1;0;1;50;Indemne;4
202300001353;155 678 186;B01;1;0;2;8;2;5;203 847 995;1;1;4;1;2008.0;2;8;0;-1;9;6;2023;16:45;1;92;92002;2;2;1;3;48.76145;2.29128;3;2;0;2;1;1; -1;1;5;5;50;Blessé léger;4
202300001353;155 678 186;B01;1;0;2;8;2;5;203 847 995;1;1;4;1;2008.0;2;8;0;-1;9;6;2023;16:45;1;92;92002;2;2;1;3;48.76145;2.29128;3;1;0;0;1;1; -1;1;0;1;50;Blessé léger;4
202300001359;155 678 169;A01;7;0;2;4;2;1;203 847 973;4;2;1;1;2022.0;5;1;0;-1;6;12;2023;10:07;1;974;97409;2;1;1;2;-20.9733;55.68399;3;2;2;0;1;1; -1;1;0;3;50;Indemne;2
202300001359;155 678 169;A01;7;0;2;4;2;1;203 847 975;2;2;1;2;2006.0;5;1;0;-1;6;12;2023;10:07;1;974;97409;2;1;1;2;-20.9733;55.68399;3;2;2;0;1;1; -1;1;0;3;50;Indemne;2
202300001359;155 678 169;A01;7;0;2;4;2;1;203 847 976;1;1;4;1;2002.0;5;1;8;-1;6;12;2023;10:07;1;974;97409;2;1;1;2;-20.9733;55.68399;3;2;2;0;1;1; -1;1;0;3;50;Blessé léger;2
202300001359;155 678 169;A01;7;0;2;4;2;1;203 847 978;3;2;3;2;2021.0;0;1;0;-1;6;12;2023;10:07;1;974;97409;2;1;1;2;-20.9733;55.68399;3;2;2;0;1;1; -1;1;0;3;50;Blessé hospitalisé;2
202300001359;155 678 174;B01;1;0;2;4;1;5;203 847 981;1;1;3;1;1976.0;5;2;0;-1;6;12;2023;10:07;1;974;97409;2;1;1;2;-20.9733;55.68399;3;2;2;0;1;1; -1;1;0;3;50;Blessé hospitalisé;2
202300001360;155 678 170;A01;1;0;2;3;1;5;203 847 974;1;1;4;1;1976.0;0;8;0;-1;28;11;2023;19:35;5;94;94041;2;2;1;3;48.81574;2.38297;3;2;2;0;1;1;7;1;5;1;50;Blessé léger;1
202300001360;155 678 170;A01;1;0;2;3;1;5;203 847 974;1;1;4;1;1976.0;0;8;0;-1;28;11;2023;19:35;5;94;94041;2;2;1;3;48.81574;2.38297;3;1; -1;0;1;1; -1;1;5;1;-1;Blessé léger;1
202300001360;155 678 171;B01;43;0;2;2;15;1;203 847 977;1;1;4;1;1984.0;0;2;6;-1;28;11;2023;19:35;5;94;94041;2;2;1;3;48.81574;2.38297;3;2;2;0;1;1;7;1;5;1;50;Blessé léger;1
202300001360;155 678 171;B01;43;0;2;2;15;1;203 847 977;1;1;4;1;1984.0;0;2;6;-1;28;11;2023;19:35;5;94;94041;2;2;1;3;48.81574;2.38297;3;1; -1;0;1;1; -1;1;5;1;-1;Blessé léger;1
202300001365;155 678 160;A01;7;0;2;1;0;1;203 847 963;1;1;1;1;1997.0;3;1;-1;-1;10;6;2023;10:43;1;69;69279;2;3;1;3;45.791064;5.039833;4;2;2;0;1;1; -1;1;0;1;50;Indemne;5
202300001365;155 678 160;A01;7;0;2;1;0;1;203 847 963;1;1;1;1;1997.0;3;1;-1;-1;10;6;2023;10:43;1;69;69279;2;3;1;3;45.791064;5.039833;4;2;2;2;1;1; -1;1;0;1;50;Indemne;5
202300001365;155 678 162;B01;1;0;2;8;9;5;203 847 965;1;1;3;2;2011.0;5;2;4;-1;10;6;2023;10:43;1;69;69279;2;3;1;3;45.791064;5.039833;4;2;2;0;1;1; -1;1;0;1;50;Blessé hospitalisé;5
202300001365;155 678 162;B01;1;0;2;8;9;5;203 847 965;1;1;3;2;2011.0;5;2;4;-1;10;6;2023;10:43;1;69;69279;2;3;1;3;45.791064;5.039833;4;2;2;2;1;1; -1;1;0;1;50;Blessé hospitalisé;5
202300001381;155 678 136;A01;1;0;0;-1;1;5;203 847 933;1;1;2;1;1980.0;5;0;-1;-1;24;9;2023;18:00;1;28;28358;2;6;1;7;48.4871012;1.5260318;3;2;2;-1;-1;-1; -1;-1;-1;4;-1;Tué;6
202300001381;155 678 136;A01;1;0;0;-1;1;5;203 847 933;1;1;2;1;1980.0;5;0;-1;-1;24;9;2023;18:00;1;28;28358;2;6;1;7;48.4871012;1.5260318;3;2;2;0;1;1; -1;-1;0;4;-1;Tué;6
202300001387;155 678 124;B01;1;0;2;8;1;5;203 847 916;1;1;4;2;1990.0;5;2;-1;-1;8;6;2023;19:01;1;77;77524;1;2;1;3;48.445305;3.163408;3;2;2;0;1;1;5;1;0;1;80;Blessé léger;3
202300001387;155 678 124;B01;1;0;2;8;1;5;203 847 916;1;1;4;2;1990.0;5;2;-1;-1;8;6;2023;19:01;1;77;77524;1;2;1;3;48.445305;3.163408;3;2;2;0;1;1;5;1;0;1;80;Blessé léger;3
202300001387;155 678 126;A01;7;0;2;1;19;1;203 847 919;2;2;1;1;2015.0;5;1;-1;-1;8;6;2023;19:01;1;77;77524;1;2;1;3;48.445305;3.163408;3;2;2;0;1;1;5;1;0;1;80;Indemne;3
202300001387;155 678 126;A01;7;0;2;1;19;1;203 847 919;2;2;1;1;2015.0;5;1;-1;-1;8;6;2023;19:01;1;77;77524;1;2;1;3;48.445305;3.163408;3;2;2;0;1;1;5;1;0;1;80;Indemne;3
202300001387;155 678 126;A01;7;0;2;1;19;1;203 847 921;1;1;1;2;1981.0;5;1;-1;-1;8;6;2023;19:01;1;77;77524;1;2;1;3;48.445305;3.163408;3;2;2;0;1;1;5;1;0;1;80;Indemne;3
202300001387;155 678 126;A01;7;0;2;1;19;1;203 847 921;1;1;1;2;1981.0;5;1;-1;-1;8;6;2023;19:01;1;77;77524;1;2;1;3;48.445305;3.163408;3;2;2;0;1;1;5;1;0;1;80;Indemne;3
202300001392;155 678 116;A01;1;0;0;-1;1;5;203 847 908;1;1;2;1;1959.0;5;2;-1;-1;25;9;2023;16:35;1;29;29147;1;1;1;7;47.91835537;-3.57096434;3;2;2;-1;2;1; -1;1;0;1;80;Tué;0
202300001393;155 678 115;B01;1;0;2;1;26;5;203 847 907;1;1;4;2;1979.0;5;2;8;-1;26;3;2023;13:10;1;06;06069;2;6;1;3;43.65055;6.9223;4;1;2;0;1;2; -1;1;9;1;50;Blessé léger;6
202300001393;155 678 115;B01;1;0;2;1;26;5;203 847 907;1;1;4;2;1979.0;5;2;8;-1;26;3;2023;13:10;1;06;06069;2;6;1;3;43.65055;6.9223;4;2;2;0;3;1; -1;1;9;8;50;Blessé léger;6
202300001393;155 678 118;A01;7;0;2;3;9;1;203 847 910;1;1;1;2;1983.0;4;1;-1;-1;26;3;2023;13:10;1;06;06069;2;6;1;3;43.65055;6.9223;4;1;2;0;1;2; -1;1;9;1;50;Indemne;6
202300001393;155 678 118;A01;7;0;2;3;9;1;203 847 910;1;1;1;2;1983.0;4;1;-1;-1;26;3;2023;13:10;1;06;06069;2;6;1;3;43.65055;6.9223;4;2;2;0;3;1; -1;1;9;8;50;Indemne;6
202300001404;155 678 096;A01;7;0;0;3;9;1;203 847 883;1;1;1;1;1946.0;5;1;-1;-1;9;6;2023;11:45;1;49;49214;2;6;1;3;47.530082;-0.621167;4;-1;2;0;1;1; -1;1;5;1;50;Indemne;4
202300001404;155 678 098;B01;1;0;0;7;1;5;203 847 885;1;1;3;2;1944.0;5;2;-1;-1;9;6;2023;11:45;1;49;49214;2;6;1;3;47.530082;-0.621167;4;-1;2;0;1;1; -1;1;5;1;50;Blessé hospitalisé;4
202300001408;155 678 090;B01;1;0;2;3;1;5;203 847 877;1;1;3;1;1953.0;0;2;-1;-1;9;6;2023;12:52;1;12;12209;1;1;2;3;44.692874;2.699048;3;2;2;0;2;4;4;2;0;1;90;Blessé hospitalisé;4
202300001408;155 678 092;A01;7;0;2;8;13;1;203 847 879;1;1;1;2;1995.0;1;1;-1;-1;9;6;2023;12:52;1;12;12209;1;1;2;3;44.692874;2.699048;3;2;2;0;2;4;4;2;0;1;90;Indemne;4
202300001411;155 678 086;B01;80;0;2;7;1;3;203 847 870;1;1;4;2;1975.0;9;8;0;-1;26;3;2023;18:41;1;75;75106;2;3;1;3;48.85042;2.324623;4;2;3;0;1;1; -1;1;0;1;30;Blessé léger;6
202300001411;155 678 086;B01;80;0;2;7;1;3;203 847 870;1;1;4;2;1975.0;9;8;0;-1;26;3;2023;18:41;1;75;75106;2;3;1;3;48.85042;2.324623;4;1;1;0;1;1; -1;1;0;1;30;Blessé léger;6
202300001411;155 678 088;A01;7;0;2;2;15;1;203 847 873;1;1;1;1;1969.0;9;1;0;-1;26;3;2023;18:41;1;75;75106;2;3;1;3;48.85042;2.324623;4;2;3;0;1;1; -1;1;0;1;30;Indemne;6
202300001411;155 678 088;A01;7;0;2;2;15;1;203 847 873;1;1;1;1;1969.0;9;1;0;-1;26;3;2023;18:41;1;75;75106;2;3;1;3;48.85042;2.324623;4;1;1;0;1;1; -1;1;0;1;30;Indemne;6
202300001416;155 678 077;A01;7;0;2;2;5;2;203 847 858;3;2;1;1;1995.0;4;1;0;-1;26;3;2023;07:29;1;75;75110;2;2;1;1;48.868507;2.362881;4;2;6;0;1;1; -1;2;0;1;30;Indemne;6
202300001416;155 678 077;A01;7;0;2;2;5;2;203 847 858;3;2;1;1;1995.0;4;1;0;-1;26;3;2023;07:29;1;75;75110;2;2;1;1;48.868507;2.362881;4;2; -1;0;1;1; -1;2;0;1;30;Indemne;6
202300001416;155 678 077;A01;7;0;2;2;5;2;203 847 860;2;2;1;1;1985.0;4;1;0;-1;26;3;2023;07:29;1;75;75110;2;2;1;1;48.868507;2.362881;4;2;6;0;1;1; -1;2;0;1;30;Indemne;6
202300001416;155 678 077;A01;7;0;2;2;5;2;203 847 860;2;2;1;1;1985.0;4;1;0;-1;26;3;2023;07:29;1;75;75110;2;2;1;1;48.868507;2.362881;4;2; -1;0;1;1; -1;2;0;1;30;Indemne;6
202300001416;155 678 077;A01;7;0;2;2;5;2;203 847 862;1;1;1;1;2000.0;4;1;0;-1;26;3;2023;07:29;1;75;75110;2;2;1;1;48.868507;2.362881;4;2;6;0;1;1; -1;2;0;1;30;Indemne;6
202300001416;155 678 077;A01;7;0;2;2;5;2;203 847 862;1;1;1;1;2000.0;4;1;0;-1;26;3;2023;07:29;1;75;75110;2;2;1;1;48.868507;2.362881;4;2; -1;0;1;1; -1;2;0;1;30;Indemne;6
202300001416;155 678 081;B01;1;0;2;1;1;5;203 847 863;1;1;4;1;1973.0;1;2;0;-1;26;3;2023;07:29;1;75;75110;2;2;1;1;48.868507;2.362881;4;2;6;0;1;1; -1;2;0;1;30;Blessé léger;6
202300001416;155 678 081;B01;1;0;2;1;1;5;203 847 863;1;1;4;1;1973.0;1;2;0;-1;26;3;2023;07:29;1;75;75110;2;2;1;1;48.868507;2.362881;4;2; -1;0;1;1; -1;2;0;1;30;Blessé léger;6
202300001423;155 678 065;A01;7;0;9;2;2;1;203 847 838;1;1;1;1;1934.0;0;1;-1;-1;10;6;2023;10:35;1;38;38134;1;1;1;3;45.43817;5.005526;3;2;2;0;2;1;7;1;0;1;80;Indemne;5
202300001423;155 678 068;B01;1;0;0;8;1;5;203 847 842;1;1;3;1;1961.0;5;2;-1;-1;10;6;2023;10:35;1;38;38134;1;1;1;3;45.43817;5.005526;3;2;2;0;2;1;7;1;0;1;80;Blessé hospitalisé;5
202300001430;155 678 055;A01;7;0;2;3;9;1;203 847 821;1;1;4;1;1981.0;5;1;0;-1;28;11;2023;14:30;1;92;92049;2;1;1;3;48.81470911;2.32587799;3;1;3;2;1;1; -1;1;0;1;-1;Blessé léger;1
202300001430;155 678 057;B01;1;0;2;2;9;5;203 847 823;1;1;4;1;1988.0;0;8;0;-1;28;11;2023;14:30;1;92;92049;2;1;1;3;48.81470911;2.32587799;3;1;3;2;1;1; -1;1;0;1;-1;Blessé léger;1
202300001460;155 678 009;A01;1;14;0;1;1;5;203 847 761;1;1;3;1;2013.0;2;2;-1;-1;9;6;2023;08:18;1;87;87187;2;1;1;7;45.500541;1.203847;4;2;2;0;2;1; -1;1;0;1;30;Blessé hospitalisé;4
202300001464;155 678 003;A01;7;0;2;3;15;1;203 847 755;1;1;4;1;1971.0;9;1;-1;-1;18;10;2023;20:42;5;63;63113;2;2;2;3;45.79027498;3.08345139;7;2;2;-1;1;1; -1;2;0;1;30;Blessé léger;2
202300001464;155 678 003;A01;7;0;2;3;15;1;203 847 755;1;1;4;1;1971.0;9;1;-1;-1;18;10;2023;20:42;5;63;63113;2;2;2;3;45.79027498;3.08345139;7;3;6;0;2;1;0;2;0;8;50;Blessé léger;2
202300001464;155 678 004;B01;1;0;2;1;1;5;203 847 756;1;1;4;2;1971.0;1;0;-1;-1;18;10;2023;20:42;5;63;63113;2;2;2;3;45.79027498;3.08345139;7;2;2;-1;1;1; -1;2;0;1;30;Blessé léger;2
202300001464;155 678 004;B01;1;0;2;1;1;5;203 847 756;1;1;4;2;1971.0;1;0;-1;-1;18;10;2023;20:42;5;63;63113;2;2;2;3;45.79027498;3.08345139;7;3;6;0;2;1;0;2;0;8;50;Blessé léger;2
202300001484;155 677 963;A01;1;0;0;0;25;5;203 847 697;1;1;2;1;1945.0;0;8;0;-1;28;11;2023;15:10;1;974;97409;2;1;1;7;-20.93927;55.64701;4;2;2;0;2;1; -1;1;0;4;50;Tué;1
202300001485;155 677 962;A01;10;0;2;8;1;1;203 847 696;2;2;1;2;1975.0;5;1;-1;-1;26;5;2023;15:45;1;45;45273;2;1;1;3;47.870231;2.125809;3;2;2;0;1;1;5,5;1;2;6;50;Indemne;4
202300001485;155 677 962;A01;10;0;2;8;1;1;203 847 698;1;1;1;1;1968.0;5;1;-1;-1;26;5;2023;15:45;1;45;45273;2;1;1;3;47.870231;2.125809;3;2;2;0;1;1;5,5;1;2;6;50;Indemne;4
202300001485;155 677 964;B01;1;0;2;1;19;5;203 847 699;1;1;3;1;1959.0;5;0;-1;-1;26;5;2023;15:45;1;45;45273;2;1;1;3;47.870231;2.125809;3;2;2;0;1;1;5,5;1;2;6;50;Blessé hospitalisé;4
202300001488;155 677 957;A01;7;0;9;1;15;1;203 847 688;1;1;1;1;1942.0;5;1;-1;-1;7;6;2023;10:30;1;66;66008;2;3;1;3;42.548112;3.020082;3;2;2;0;1;1;5,5;1;0;5;50;Indemne;2
202300001488;155 677 957;A01;7;0;9;1;15;1;203 847 688;1;1;1;1;1942.0;5;1;-1;-1;7;6;2023;10:30;1;66;66008;2;3;1;3;42.548112;3.020082;3;2;3;0;2;1;5,5;1;0;5;50;Indemne;2
202300001488;155 677 958;B01;80;0;2;8;1;3;203 847 690;1;1;4;2;1953.0;3;0;-1;-1;7;6;2023;10:30;1;66;66008;2;3;1;3;42.548112;3.020082;3;2;2;0;1;1;5,5;1;0;5;50;Blessé léger;2
202300001488;155 677 958;B01;80;0;2;8;1;3;203 847 690;1;1;4;2;1953.0;3;0;-1;-1;7;6;2023;10:30;1;66;66008;2;3;1;3;42.548112;3.020082;3;2;3;0;2;1;5,5;1;0;5;50;Blessé léger;2
202300001490;155 677 950;B01;7;0;2;6;1;1;203 847 681;1;1;1;2;1986.0;0;1;0;-1;14;12;2023;18:15;5;33;33318;2;2;8;4;44.80591;-0.63315;4;2;2;2;1;1; -1;1;0;1;30;Indemne;3
202300001490;155 677 950;B01;7;0;2;6;1;1;203 847 681;1;1;1;2;1986.0;0;1;0;-1;14;12;2023;18:15;5;33;33318;2;2;8;4;44.80591;-0.63315;4;1;2;1;1;1; -1;1;0;1;30;Indemne;3
202300001490;155 677 951;C01;1;0;2;0;0;5;203 847 682;1;1;3;2;1984.0;1;2;0;-1;14;12;2023;18:15;5;33;33318;2;2;8;4;44.80591;-0.63315;4;2;2;2;1;1; -1;1;0;1;30;Blessé hospitalisé;3
202300001490;155 677 951;C01;1;0;2;0;0;5;203 847 682;1;1;3;2;1984.0;1;2;0;-1;14;12;2023;18:15;5;33;33318;2;2;8;4;44.80591;-0.63315;4;1;2;1;1;1; -1;1;0;1;30;Blessé hospitalisé;3
202300001490;155 677 953;A01;33;0;2;1;2;1;203 847 684;1;1;1;1;1997.0;0;2;6;-1;14;12;2023;18:15;5;33;33318;2;2;8;4;44.80591;-0.63315;4;2;2;2;1;1; -1;1;0;1;30;Indemne;3
202300001490;155 677 953;A01;33;0;2;1;2;1;203 847 684;1;1;1;1;1997.0;0;2;6;-1;14;12;2023;18:15;5;33;33318;2;2;8;4;44.80591;-0.63315;4;1;2;1;1;1; -1;1;0;1;30;Indemne;3
202300001504;155 677 926;A01;7;0;2;8;15;0;203 847 649;1;1;4;1;1980.0;1;8;0;-1;9;11;2023;07:45;2;09;09225;2;2;2;3;43.12138;1.62114;4;4;2;0;1;1; -1;2;0;1;50;Blessé léger;3
202300001504;155 677 926;A01;7;0;2;8;15;0;203 847 649;1;1;4;1;1980.0;1;8;0;-1;9;11;2023;07:45;2;09;09225;2;2;2;3;43.12138;1.62114;4;-1;2;0;1;1; -1;2;0;1;50;Blessé léger;3
202300001504;155 677 927;LB01;1;0;2;1;23;5;203 847 651;1;1;1;1;1977.0;0;0;-1;-1;9;11;2023;07:45;2;09;09225;2;2;2;3;43.12138;1.62114;4;4;2;0;1;1; -1;2;0;1;50;Indemne;3
202300001504;155 677 927;LB01;1;0;2;1;23;5;203 847 651;1;1;1;1;1977.0;0;0;-1;-1;9;11;2023;07:45;2;09;09225;2;2;2;3;43.12138;1.62114;4;-1;2;0;1;1; -1;2;0;1;50;Indemne;3
202300001510;155 677 912;A01;40;0;2;1;2;3;203 847 637;1;1;1;1;1982.0;4;8;-1;-1;19;12;2023;16:55;5;69;69256;2;8;1;3;45.76276;4.92942;4;2;3;1;1;1; -1;2;4;6;30;Indemne;1
202300001510;155 677 912;A01;40;0;2;1;2;3;203 847 637;1;1;1;1;1982.0;4;8;-1;-1;19;12;2023;16:55;5;69;69256;2;8;1;3;45.76276;4.92942;4;2;3;3;1;1; -1;1;4;6;50;Indemne;1
202300001510;155 677 913;B01;1;0;4;8;26;5;203 847 638;1;1;3;2;1971.0;9;8;-1;-1;19;12;2023;16:55;5;69;69256;2;8;1;3;45.76276;4.92942;4;2;3;1;1;1; -1;2;4;6;30;Blessé hospitalisé;1
202300001510;155 677 913;B01;1;0;4;8;26;5;203 847 638;1;1;3;2;1971.0;9;8;-1;-1;19;12;2023;16:55;5;69;69256;2;8;1;3;45.76276;4.92942;4;2;3;3;1;1; -1;1;4;6;50;Blessé hospitalisé;1
202300001518;155 677 900;B01;1;0;2;1;1;5;203 847 622;1;1;4;1;2003.0;-1;2;-1;-1;3;9;2023;20:40;2;63;63113;2;7;1;3;45.779;3.09198;4;2;4;3;1;1; -1;1;0;1;30;Blessé léger;6
202300001546;155 677 845;B01;1;0;0;0;0;5;203 847 550;10;3;4;1;1949.0;5;0;-1;-1;4;6;2023;10:10;1;83;83069;2;1;1;6;43.10665;6.12169;4;2;2;0;2;1; -1;1;0;1;50;Blessé léger;6
202300001546;155 677 845;B01;1;0;0;0;0;5;203 847 551;1;1;4;1;1974.0;0;2;-1;-1;4;6;2023;10:10;1;83;83069;2;1;1;6;43.10665;6.12169;4;2;2;0;2;1; -1;1;0;1;50;Blessé léger;6
202300001566;155 677 797;A01;80;12;2;1;1;3;203 847 490;1;1;4;1;1967.0;1;2;-1;-1;8;6;2023;08:45;1;69;69384;2;1;1;1;45.77470014;4.81118266;4;2;4;1;1;1; -1;1;0;5;30;Blessé léger;3
202300001566;155 677 798;B01;80;0;2;1;1;3;203 847 492;1;1;4;2;1980.0;1;2;-1;-1;8;6;2023;08:45;1;69;69384;2;1;1;1;45.77470014;4.81118266;4;2;4;1;1;1; -1;1;0;5;30;Blessé léger;3
202300001568;155 677 793;B01;1;0;2;1;1;0;203 847 483;1;1;3;1;1975.0;1;2;-1;-1;7;6;2023;08:30;1;69;69034;2;1;1;1;45.79;4.86;7;2;7;0;2;2; -1;1;0;1;50;Blessé hospitalisé;2
202300001568;155 677 794;A01;10;0;2;1;26;1;203 847 484;1;1;1;1;1982.0;4;1;-1;-1;7;6;2023;08:30;1;69;69034;2;1;1;1;45.79;4.86;7;2;7;0;2;2; -1;1;0;1;50;Indemne;2
202300001571;155 677 788;B01;1;0;0;3;1;5;203 847 477;1;1;4;2;1987.0;1;2;6;-1;19;12;2023;14:10;1;93;93027;2;2;1;3;48.9231;2.38397;3;2;2;0;1;1; -1;1;0;1;-1;Blessé léger;1
202300001571;155 677 788;B01;1;0;0;3;1;5;203 847 477;1;1;4;2;1987.0;1;2;6;-1;19;12;2023;14:10;1;93;93027;2;2;1;3;48.9231;2.38397;3;2;2;0;1;1;5;1;0;1;50;Blessé léger;1
202300001571;155 677 789;A01;10;0;2;3;15;1;203 847 478;1;1;1;1;1992.0;1;8;0;-1;19;12;2023;14:10;1;93;93027;2;2;1;3;48.9231;2.38397;3;2;2;0;1;1; -1;1;0;1;-1;Indemne;1
202300001571;155 677 789;A01;10;0;2;3;15;1;203 847 478;1;1;1;1;1992.0;1;8;0;-1;19;12;2023;14:10;1;93;93027;2;2;1;3;48.9231;2.38397;3;2;2;0;1;1;5;1;0;1;50;Indemne;1
202300001583;155 677 770;A01;1;3;0;4;2;5;203 847 452;1;1;2;1;1995.0;1;8;0;-1;22;12;2023;19:35;3;38;38544;1;1;2;6;45.51882;4.91731;3;2;2;0;1;1; -1;2;0;3;70;Tué;4
202300001606;155 677 725;A01;7;0;2;2;16;0;203 847 391;1;1;1;2;1999.0;0;1;0;-1;8;6;2023;09:35;1;78;78133;2;9;1;3;48.90578;2.049943;3;1;1;1;1;3; -1;1;9;5;30;Indemne;3
202300001606;155 677 726;B01;1;0;0;1;1;5;203 847 393;1;1;4;1;2005.0;0;2;0;-1;8;6;2023;09:35;1;78;78133;2;9;1;3;48.90578;2.049943;3;1;1;1;1;3; -1;1;9;5;30;Blessé léger;3
202300001608;155 677 721;A01;7;0;2;1;1;2;203 847 387;1;1;1;1;1988.0;5;1;0;-1;23;12;2023;20:10;5;38;38053;2;6;1;3;45.5939;5.26998;4;3;1;1;1;3; -1;1;0;1;50;Indemne;5
202300001608;155 677 722;B01;1;0;2;8;1;5;203 847 388;1;1;4;1;2007.0;5;8;0;-1;23;12;2023;20:10;5;38;38053;2;6;1;3;45.5939;5.26998;4;3;1;1;1;3; -1;1;0;1;50;Blessé léger;5