Num_Acc;id_vehicule;num_veh;catv;obs;obsm;choc;manv;motor;id_usager;place;catu;grav;sexe;an_nais;trajet;secu1;secu2;secu3;jour;mois;an;hrmn;lum;dep;com;agg;int;atm;col;lat;long;catr;circ;nbv;vosp;prof;plan;larrout;surf;infra;situ;vma;gravity;day_of_week
202300001609;155 677 718;B01;1;0;2;8;16;5;203 847 383;1;1;4;2;2007.0;5;0;-1;-1;23;12;2023;18:17;5;38;38053;2;1;1;3;45.58402;5.28939;3;2;4;-1;1;1;4;1;-1;1;-1;Blessé léger;5
202300001609;155 677 719;A01;7;0;0;1;16;1;203 847 385;1;1;1;1;1988.0;5;0;-1;-1;23;12;2023;18:17;5;38;38053;2;1;1;3;45.58402;5.28939;3;2;4;-1;1;1;4;1;-1;1;-1;Indemne;5
202300001618;155 677 703;A01;7;0;2;2;2;1;203 847 365;1;1;1;1;1956.0;0;1;-1;-1;12;10;2023;12:00;1;32;32426;1;1;7;3;43.487566;0.604415;3;2;2;0;2;4;6;1;0;5;80;Indemne;3
202300001618;155 677 705;B01;1;0;2;9;1;5;203 847 367;1;1;4;1;1959.0;5;2;6;9;12;10;2023;12:00;1;32;32426;1;1;7;3;43.487566;0.604415;3;2;2;0;2;4;6;1;0;5;80;Blessé léger;3
202300001621;155 677 699;A01;1;0;0;0;1;5;203 847 360;1;1;2;1;1949.0;5;2;-1;-1;24;10;2023;15:30;1;62;62654;1;3;1;7;50.91400471;1.74475551;3;2;2;0;1;1; -1;1;0;1;-1;Tué;1
202300001621;155 677 699;A01;1;0;0;0;1;5;203 847 360;1;1;2;1;1949.0;5;2;-1;-1;24;10;2023;15:30;1;62;62654;1;3;1;7;50.91400471;1.74475551;3;2; -1;0;1;1; -1;1;0;1;-1;Tué;1
202300001623;155 677 697;A01;1;0;0;1;1;5;203 847 357;1;1;2;1;1966.0;5;0;0;0;4;2;2023;14:55;1;62;62497;1;1;1;7;50.44824;3.05885;4;2; -1;-1;1;1; -1;1;0;1;-1;Tué;5
202300001630;155 677 688;A01;1;0;0;1;1;5;203 847 346;1;1;2;1;1965.0;5;2;-1;-1;4;6;2023;18:15;1;25;25018;1;1;1;7;47.383825;6.569611;3;2;2;-1;2;1; -1;1;0;1;-1;Tué;6
202300001631;155 677 685;A01;1;0;0;1;1;5;203 847 343;1;1;2;1;1957.0;5;2;-1;-1;4;6;2023;14:00;1;25;25619;1;1;1;7;46.715578;6.247964;4;2;2;-1;1;1; -1;1;0;1;-1;Tué;6
202300001632;155 677 687;A01;1;0;2;0;19;5;203 847 345;1;1;4;1;1956.0;5;8;0;-1;8;6;2023;11:05;1;67;67482;2;3;1;3;48.58059;7.77352;4;2;2;1;1;1; -1;1;0;1;30;Blessé léger;3
202300001632;155 677 687;A01;1;0;2;0;19;5;203 847 345;1;1;4;1;1956.0;5;8;0;-1;8;6;2023;11:05;1;67;67482;2;3;1;3;48.58059;7.77352;4;1;1;0;1;1; -1;1;0;1;30;Blessé léger;3
202300001633;155 677 684;A01;1;0;0;1;23;5;203 847 342;1;1;2;1;1966.0;5;-1;-1;-1;4;4;2023;18:30;1;59;59135;2;1;1;7;50.802945;2.474547;3;2;2;-1;1;1; -1;1;0;3;50;Tué;1
202300001634;155 677 681;B01;1;0;2;1;1;5;203 847 339;1;1;4;2;1983.0;1;8;0;-1;7;6;2023;17:30;1;67;67482;2;3;1;3;48.57064;7.77588;4;2;2;0;1;1; -1;1;0;1;50;Blessé léger;2
202300001634;155 677 681;B01;1;0;2;1;1;5;203 847 339;1;1;4;2;1983.0;1;8;0;-1;7;6;2023;17:30;1;67;67482;2;3;1;3;48.57064;7.77588;4;3;4;1;1;1; -1;1;0;5;50;Blessé léger;2
202300001634;155 677 683;A01;7;0;2;2;15;1;203 847 341;1;1;1;1;1957.0;0;1;8;-1;7;6;2023;17:30;1;67;67482;2;3;1;3;48.57064;7.77588;4;2;2;0;1;1; -1;1;0;1;50;Indemne;2
202300001634;155 677 683;A01;7;0;2;2;15;1;203 847 341;1;1;1;1;1957.0;0;1;8;-1;7;6;2023;17:30;1;67;67482;2;3;1;3;48.57064;7.77588;4;3;4;1;1;1; -1;1;0;5;50;Indemne;2
202300001649;155 677 649;B01;1;0;2;1;15;5;203 847 292;2;2;4;2;2009.0;0;8;0;-1;23;10;2023;16:50;1;974;97409;2;1;1;3;-20.96883;55.65712;3;2;2;0;1;1; -1;1;0;1;50;Blessé léger;0
202300001649;155 677 649;B01;1;0;2;1;15;5;203 847 293;1;1;1;1;2008.0;0;8;0;-1;23;10;2023;16:50;1;974;97409;2;1;1;3;-20.96883;55.65712;3;2;2;0;1;1; -1;1;0;1;50;Indemne;0
202300001649;155 677 650;A01;7;0;2;8;1;1;203 847 294;1;1;1;2;1990.0;0;1;0;-1;23;10;2023;16:50;1;974;97409;2;1;1;3;-20.96883;55.65712;3;2;2;0;1;1; -1;1;0;1;50;Indemne;0
202300001663;155 677 622;A01;7;0;9;2;17;1;203 847 254;1;1;1;2;1948.0;3;1;-1;-1;26;9;2023;13:22;1;83;83070;2;1;1;2;43.138698;6.370704;4;1;1;0;1;1; -1;1;0;1;50;Indemne;1
202300001663;155 677 623;B01;80;0;2;3;1;3;203 847 255;1;1;3;2;1954.0;5;2;0;-1;26;9;2023;13:22;1;83;83070;2;1;1;2;43.138698;6.370704;4;1;1;0;1;1; -1;1;0;1;50;Blessé hospitalisé;1
202300001670;155 677 612;B01;1;0;0;8;1;5;203 847 242;1;1;3;1;1942.0;5;0;-1;-1;7;9;2023;08:12;1;34;34192;2;4;1;3;43.530314;3.936791;4;2;2;2;1;3; -1;1;0;5;30;Blessé hospitalisé;3
202300001670;155 677 612;B01;1;0;0;8;1;5;203 847 242;1;1;3;1;1942.0;5;0;-1;-1;7;9;2023;08:12;1;34;34192;2;4;1;3;43.530314;3.936791;4;2;2;-1;1;1; -1;1;0;5;-1;Blessé hospitalisé;3
202300001670;155 677 613;A01;7;0;2;1;15;1;203 847 243;1;1;1;1;1985.0;1;8;-1;-1;7;9;2023;08:12;1;34;34192;2;4;1;3;43.530314;3.936791;4;2;2;2;1;3; -1;1;0;5;30;Indemne;3
202300001670;155 677 613;A01;7;0;2;1;15;1;203 847 243;1;1;1;1;1985.0;1;8;-1;-1;7;9;2023;08:12;1;34;34192;2;4;1;3;43.530314;3.936791;4;2;2;-1;1;1; -1;1;0;5;-1;Indemne;3
202300001690;155 677 575;A01;7;0;2;1;1;1;203 847 202;1;1;1;1;1983.0;1;1;-1;-1;27;10;2023;13:30;1;38;38486;2;1;1;3;45.152265;5.682554;4;2;2;2;2;1; -1;1;0;1;50;Indemne;4
202300001690;155 677 578;B01;1;0;2;1;0;5;203 847 204;1;1;3;1;1972.0;5;2;-1;-1;27;10;2023;13:30;1;38;38486;2;1;1;3;45.152265;5.682554;4;2;2;2;2;1; -1;1;0;1;50;Blessé hospitalisé;4
202300001704;155 677 554;B01;1;0;2;4;1;5;203 847 169;1;1;3;1;2000.0;1;0;-1;-1;27;10;2023;07:10;2;26;26250;1;1;1;2;45.019896;4.895447;3;-1;2;0;1;1;7;2;0;3;80;Blessé hospitalisé;4
202300001704;155 677 556;A01;7;0;2;2;1;1;203 847 171;1;1;1;1;1963.0;1;1;-1;-1;27;10;2023;07:10;2;26;26250;1;1;1;2;45.019896;4.895447;3;-1;2;0;1;1;7;2;0;3;80;Indemne;4
202300001738;155 677 489;B01;7;0;0;2;15;0;203 847 086;1;1;1;1;1965.0;0;1;-1;-1;26;9;2023;15:40;1;42;42214;2;3;1;7;45.67251;4.294172;3;2;2;0;1;1;5,5;1;0;1;50;Indemne;1
202300001738;155 677 489;B01;7;0;0;2;15;0;203 847 086;1;1;1;1;1965.0;0;1;-1;-1;26;9;2023;15:40;1;42;42214;2;3;1;7;45.67251;4.294172;3;2;2;0;1;1;5,5;1;0;1;50;Indemne;1
202300001738;155 677 491;A01;1;0;0;8;1;5;203 847 088;1;1;3;1;1945.0;0;0;-1;-1;26;9;2023;15:40;1;42;42214;2;3;1;7;45.67251;4.294172;3;2;2;0;1;1;5,5;1;0;1;50;Blessé hospitalisé;1
202300001738;155 677 491;A01;1;0;0;8;1;5;203 847 088;1;1;3;1;1945.0;0;0;-1;-1;26;9;2023;15:40;1;42;42214;2;3;1;7;45.67251;4.294172;3;2;2;0;1;1;5,5;1;0;1;50;Blessé hospitalisé;1
202300001750;155 677 472;B01;1;0;2;1;1;5;203 847 061;1;1;3;1;1982.0;5;2;-1;-1;21;9;2023;13:15;1;31;31291;1;1;1;3;43.590439;1.230844;3;2;2;0;1;1; -1;1;0;1;70;Blessé hospitalisé;3
202300001750;155 677 474;A01;10;0;9;3;15;3;203 847 063;1;1;1;1;1993.0;4;1;-1;-1;21;9;2023;13:15;1;31;31291;1;1;1;3;43.590439;1.230844;3;2;2;0;1;1; -1;1;0;1;70;Indemne;3
202300001755;155 677 464;B01;1;0;0;7;19;5;203 847 048;1;1;3;1;1989.0;1;2;-1;-1;20;7;2023;07:50;1;74;74010;2;1;7;3;45.933421;6.128646;3;2;2;2;1;1;7;1;0;1;30;Blessé hospitalisé;3
202300001755;155 677 465;A01;7;0;2;1;1;1;203 847 051;1;1;1;1;1971.0;1;1;-1;-1;20;7;2023;07:50;1;74;74010;2;1;7;3;45.933421;6.128646;3;2;2;2;1;1;7;1;0;1;30;Indemne;3
202300001756;155 677 460;A01;7;0;2;2;5;2;203 847 042;1;1;4;1;1973.0;9;1;-1;-1;19;8;2023;09:30;1;74;74275;2;4;1;3;45.851566;6.216062;3;2;2;0;2;1;4;1;0;1;50;Blessé léger;5
202300001756;155 677 460;A01;7;0;2;2;5;2;203 847 042;1;1;4;1;1973.0;9;1;-1;-1;19;8;2023;09:30;1;74;74275;2;4;1;3;45.851566;6.216062;3;2; -1;-1;2;1; -1;1;0;1;-1;Blessé léger;5
202300001756;155 677 461;B01;1;0;2;1;1;5;203 847 044;1;1;3;1;1992.0;5;2;6;-1;19;8;2023;09:30;1;74;74275;2;4;1;3;45.851566;6.216062;3;2;2;0;2;1;4;1;0;1;50;Blessé hospitalisé;5
202300001756;155 677 461;B01;1;0;2;1;1;5;203 847 044;1;1;3;1;1992.0;5;2;6;-1;19;8;2023;09:30;1;74;74275;2;4;1;3;45.851566;6.216062;3;2; -1;-1;2;1; -1;1;0;1;-1;Blessé hospitalisé;5
202300001775;155 677 429;A01;1;14;0;1;19;5;203 846 995;1;1;4;2;1993.0;5;0;-1;-1;19;8;2023;02:00;5;33;33063;2;6;1;7;44.84523;-0.57805;4;2; -1;3;1;1; -1;1;5;1;50;Blessé léger;5
202300001780;155 677 419;A01;7;0;9;1;1;1;203 846 984;1;1;1;1;1981.0;0;8;0;-1;24;9;2023;10:40;1;971;97101;2;3;1;1;16.24524531;-61.53001964;3;1;1;0;1;1; -1;1;0;1;30;Indemne;6
202300001780;155 677 419;A01;7;0;9;1;1;1;203 846 984;1;1;1;1;1981.0;0;8;0;-1;24;9;2023;10:40;1;971;97101;2;3;1;1;16.24524531;-61.53001964;3;1;2;0;1;1; -1;1;0;1;30;Indemne;6
202300001780;155 677 420;B01;1;0;2;1;5;5;203 846 985;1;1;4;1;2011.0;0;8;0;-1;24;9;2023;10:40;1;971;97101;2;3;1;1;16.24524531;-61.53001964;3;1;1;0;1;1; -1;1;0;1;30;Blessé léger;6
202300001780;155 677 420;B01;1;0;2;1;5;5;203 846 985;1;1;4;1;2011.0;0;8;0;-1;24;9;2023;10:40;1;971;97101;2;3;1;1;16.24524531;-61.53001964;3;1;2;0;1;1; -1;1;0;1;30;Blessé léger;6
202300001802;155 677 367;B01;1;0;2;4;1;5;203 846 910;1;1;4;1;1967.0;0;8;-1;-1;23;9;2023;13:50;1;61;61001;2;1;1;2;48.438;0.095;4;2;2;0;1;1; -1;1;0;1;30;Blessé léger;5
202300001802;155 677 368;A01;7;0;2;1;2;1;203 846 912;1;1;1;1;1987.0;0;8;-1;-1;23;9;2023;13:50;1;61;61001;2;1;1;2;48.438;0.095;4;2;2;0;1;1; -1;1;0;1;30;Indemne;5
202300001813;155 677 349;A01;33;0;2;2;1;1;203 846 883;1;1;1;1;1966.0;5;2;0;-1;23;9;2023;17:20;1;17;17306;2;1;1;3;45.64093;-1.02475;3;2;2;0;1;1; -1;1;0;1;50;Indemne;5
202300001813;155 677 349;A01;33;0;2;2;1;1;203 846 884;2;2;1;2;1974.0;5;2;0;-1;23;9;2023;17:20;1;17;17306;2;1;1;3;45.64093;-1.02475;3;2;2;0;1;1; -1;1;0;1;50;Indemne;5
202300001813;155 677 351;B01;1;0;2;6;9;5;203 846 886;1;1;4;1;1998.0;1;8;0;-1;23;9;2023;17:20;1;17;17306;2;1;1;3;45.64093;-1.02475;3;2;2;0;1;1; -1;1;0;1;50;Blessé léger;5
202300001818;155 677 337;B01;80;0;2;8;19;3;203 846 868;1;1;4;2;2000.0;1;2;0;-1;25;10;2023;08:20;2;77;77132;2;1;2;3;48.86471;2.7913;4;-1;2;0;1;1; -1;2;9;1;50;Blessé léger;2
202300001818;155 677 339;A01;14;0;2;1;16;1;203 846 871;1;1;1;1;2001.0;4;1;0;-1;25;10;2023;08:20;2;77;77132;2;1;2;3;48.86471;2.7913;4;-1;2;0;1;1; -1;2;9;1;50;Indemne;2
202300001828;155 677 318;B01;1;0;2;1;1;5;203 846 840;1;1;3;1;1973.0;5;2;8;-1;24;9;2023;09:49;1;01;01053;2;3;1;3;46.19563;5.22186;4;2;2;1;1;1; -1;1;0;1;50;Blessé hospitalisé;6
202300001828;155 677 318;B01;1;0;2;1;1;5;203 846 840;1;1;3;1;1973.0;5;2;8;-1;24;9;2023;09:49;1;01;01053;2;3;1;3;46.19563;5.22186;4;2;2;0;1;1; -1;1;0;1;50;Blessé hospitalisé;6
202300001828;155 677 319;A01;7;0;9;2;15;1;203 846 841;1;1;1;2;1971.0;5;1;0;-1;24;9;2023;09:49;1;01;01053;2;3;1;3;46.19563;5.22186;4;2;2;1;1;1; -1;1;0;1;50;Indemne;6
202300001828;155 677 319;A01;7;0;9;2;15;1;203 846 841;1;1;1;2;1971.0;5;1;0;-1;24;9;2023;09:49;1;01;01053;2;3;1;3;46.19563;5.22186;4;2;2;0;1;1; -1;1;0;1;50;Indemne;6
202300001833;155 677 305;A01;1;0;2;2;14;5;203 846 827;1;1;4;2;1988.0;5;8;0;-1;24;9;2023;13:00;1;75;75106;2;1;1;6;48.858039;2.334259;4;2;3;1;1;1; -1;1;0;5;30;Blessé léger;6
202300001833;155 677 307;B01;1;0;2;3;12;5;203 846 829;1;1;4;1;1971.0;5;2;0;-1;24;9;2023;13:00;1;75;75106;2;1;1;6;48.858039;2.334259;4;2;3;1;1;1; -1;1;0;5;30;Blessé léger;6
202300001838;155 677 299;A01;80;0;2;1;1;3;203 846 816;1;1;4;1;2005.0;5;8;0;-1;23;9;2023;19:05;1;75;75112;2;2;1;3;48.835189;2.398764;4;1;1;0;1;1; -1;1;0;1;30;Blessé léger;5
202300001838;155 677 299;A01;80;0;2;1;1;3;203 846 816;1;1;4;1;2005.0;5;8;0;-1;23;9;2023;19:05;1;75;75112;2;2;1;3;48.835189;2.398764;4;2;2;2;1;1; -1;1;0;1;30;Blessé léger;5
202300001838;155 677 300;B01;7;0;2;5;15;1;203 846 817;1;1;1;2;1980.0;5;1;0;-1;23;9;2023;19:05;1;75;75112;2;2;1;3;48.835189;2.398764;4;1;1;0;1;1; -1;1;0;1;30;Indemne;5
202300001838;155 677 300;B01;7;0;2;5;15;1;203 846 817;1;1;1;2;1980.0;5;1;0;-1;23;9;2023;19:05;1;75;75112;2;2;1;3;48.835189;2.398764;4;2;2;2;1;1; -1;1;0;1;30;Indemne;5
202300001839;155 677 296;A01;7;0;2;1;1;1;203 846 810;1;1;1;1;2001.0;5;1;0;-1;24;9;2023;00:10;5;75;75111;2;5;1;1;48.85041599;2.39245632;4;2;2;1;1;1; -1;1;0;1;30;Indemne;6
202300001839;155 677 296;A01;7;0;2;1;1;1;203 846 810;1;1;1;1;2001.0;5;1;0;-1;24;9;2023;00:10;5;75;75111;2;5;1;1;48.85041599;2.39245632;4;1;1;0;1;1; -1;1;0;1;30;Indemne;6
202300001839;155 677 297;B01;80;0;2;4;1;3;203 846 814;1;1;4;1;1967.0;5;8;0;-1;24;9;2023;00:10;5;75;75111;2;5;1;1;48.85041599;2.39245632;4;2;2;1;1;1; -1;1;0;1;30;Blessé léger;6
202300001839;155 677 297;B01;80;0;2;4;1;3;203 846 814;1;1;4;1;1967.0;5;8;0;-1;24;9;2023;00:10;5;75;75111;2;5;1;1;48.85041599;2.39245632;4;1;1;0;1;1; -1;1;0;1;30;Blessé léger;6
202300001845;155 677 286;A01;7;0;2;1;2;1;203 846 799;1;1;1;1;1988.0;5;1;0;-1;24;10;2023;17:50;2;54;54547;2;1;1;2;48.66067;6.18386;4;2;2;0;1;1; -1;1;0;1;30;Indemne;1
202300001845;155 677 287;B01;1;0;2;4;2;5;203 846 800;1;1;4;1;1954.0;5;8;0;-1;24;10;2023;17:50;2;54;54547;2;1;1;2;48.66067;6.18386;4;2;2;0;1;1; -1;1;0;1;30;Blessé léger;1
202300001851;155 677 276;A01;7;0;2;6;22;2;203 846 783;1;1;1;1;1994.0;4;8;0;-1;23;9;2023;20:20;5;75;75102;2;3;1;3;48.86763;2.353325;4;1;5;1;1;1; -1;1;0;5;30;Indemne;5
202300001851;155 677 276;A01;7;0;2;6;22;2;203 846 783;1;1;1;1;1994.0;4;8;0;-1;23;9;2023;20:20;5;75;75102;2;3;1;3;48.86763;2.353325;4;1;1;0;1;1; -1;1;0;1;30;Indemne;5
202300001851;155 677 276;A01;7;0;2;6;22;2;203 846 787;2;2;1;2;1978.0;9;1;0;-1;23;9;2023;20:20;5;75;75102;2;3;1;3;48.86763;2.353325;4;1;5;1;1;1; -1;1;0;5;30;Indemne;5
202300001851;155 677 276;A01;7;0;2;6;22;2;203 846 787;2;2;1;2;1978.0;9;1;0;-1;23;9;2023;20:20;5;75;75102;2;3;1;3;48.86763;2.353325;4;1;1;0;1;1; -1;1;0;1;30;Indemne;5
202300001851;155 677 279;B01;80;1;0;1;1;3;203 846 791;1;1;4;1;1985.0;1;8;0;-1;23;9;2023;20:20;5;75;75102;2;3;1;3;48.86763;2.353325;4;1;5;1;1;1; -1;1;0;5;30;Blessé léger;5
202300001851;155 677 279;B01;80;1;0;1;1;3;203 846 791;1;1;4;1;1985.0;1;8;0;-1;23;9;2023;20:20;5;75;75102;2;3;1;3;48.86763;2.353325;4;1;1;0;1;1; -1;1;0;1;30;Blessé léger;5
202300001871;155 677 243;A01;7;0;2;2;1;1;203 846 738;1;1;1;1;2005.0;5;1;0;-1;24;9;2023;17:22;1;93;93066;2;2;1;3;48.94551213;2.36380785;3;1;2;2;1;1;12;1;0;8;50;Indemne;6
202300001871;155 677 243;A01;7;0;2;2;1;1;203 846 738;1;1;1;1;2005.0;5;1;0;-1;24;9;2023;17:22;1;93;93066;2;2;1;3;48.94551213;2.36380785;3;2;4;2;1;1;12;1;0;1;50;Indemne;6
202300001871;155 677 246;B01;1;0;2;3;11;5;203 846 739;1;1;4;1;1999.0;0;8;0;-1;24;9;2023;17:22;1;93;93066;2;2;1;3;48.94551213;2.36380785;3;1;2;2;1;1;12;1;0;8;50;Blessé léger;6
202300001871;155 677 246;B01;1;0;2;3;11;5;203 846 739;1;1;4;1;1999.0;0;8;0;-1;24;9;2023;17:22;1;93;93066;2;2;1;3;48.94551213;2.36380785;3;2;4;2;1;1;12;1;0;1;50;Blessé léger;6
202300001880;155 677 228;A01;7;1;2;2;1;1;203 846 715;1;1;1;1;1984.0;9;1;0;-1;25;10;2023;09:00;1;75;75118;2;3;2;1;48.898646;2.357732;4;3;4;0;1;1; -1;2;0;1;30;Indemne;2
202300001880;155 677 228;A01;7;1;2;2;1;1;203 846 715;1;1;1;1;1984.0;9;1;0;-1;25;10;2023;09:00;1;75;75118;2;3;2;1;48.898646;2.357732;4;-1; -1;-1;1;1; -1;2;0;1;-1;Indemne;2
202300001880;155 677 229;B01;1;0;2;3;19;5;203 846 716;1;1;4;1;1991.0;9;8;0;-1;25;10;2023;09:00;1;75;75118;2;3;2;1;48.898646;2.357732;4;3;4;0;1;1; -1;2;0;1;30;Blessé léger;2
202300001880;155 677 229;B01;1;0;2;3;19;5;203 846 716;1;1;4;1;1991.0;9;8;0;-1;25;10;2023;09:00;1;75;75118;2;3;2;1;48.898646;2.357732;4;-1; -1;-1;1;1; -1;2;0;1;-1;Blessé léger;2
202300001886;155 677 219;A01;7;0;2;2;2;1;203 846 704;1;1;1;1;1993.0;5;1;-1;-1;22;9;2023;09:50;1;35;35236;2;3;1;3;47.667501;-2.066583;4;2;2;2;1;1; -1;1;0;5;50;Indemne;4
202300001886;155 677 220;B01;80;0;2;8;2;3;203 846 705;1;1;3;1;1952.0;5;2;-1;-1;22;9;2023;09:50;1;35;35236;2;3;1;3;47.667501;-2.066583;4;2;2;2;1;1; -1;1;0;5;50;Blessé hospitalisé;4
202300001894;155 677 205;A01;1;0;2;8;15;5;203 846 685;1;1;4;1;1955.0;5;8;0;-1;22;10;2023;11:45;1;75;75103;2;3;1;3;48.856173;2.365757;4;1;1;0;1;1; -1;1;0;1;30;Blessé léger;6
202300001894;155 677 205;A01;1;0;2;8;15;5;203 846 685;1;1;4;1;1955.0;5;8;0;-1;22;10;2023;11:45;1;75;75103;2;3;1;3;48.856173;2.365757;4;1;1;0;1;1; -1;1;0;1;30;Blessé léger;6
202300001894;155 677 206;B01;1;0;2;7;1;5;203 846 686;1;1;1;2;2001.0;5;8;0;-1;22;10;2023;11:45;1;75;75103;2;3;1;3;48.856173;2.365757;4;1;1;0;1;1; -1;1;0;1;30;Indemne;6
202300001894;155 677 206;B01;1;0;2;7;1;5;203 846 686;1;1;1;2;2001.0;5;8;0;-1;22;10;2023;11:45;1;75;75103;2;3;1;3;48.856173;2.365757;4;1;1;0;1;1; -1;1;0;1;30;Indemne;6
202300001911;155 677 178;A01;10;0;2;8;24;1;203 846 651;1;1;1;1;1979.0;4;8;0;-1;25;10;2023;08:40;1;93;93062;2;1;2;3;48.9014;2.51934;3;2;2;0;1;1;5;2;0;1;50;Indemne;2
202300001911;155 677 180;B01;1;-1;-1;-1;-1;5;203 846 653;1;1;4;2;2002.0;1;8;0;-1;25;10;2023;08:40;1;93;93062;2;1;2;3;48.9014;2.51934;3;2;2;0;1;1;5;2;0;1;50;Blessé léger;2
202300001922;155 677 158;A01;10;0;2;1;9;1;203 846 623;1;1;1;1;1976.0;1;1;0;-1;25;10;2023;08:10;2;92;92075;2;3;2;3;48.81531086;2.27727735;3;1;3;0;1;1; -1;2;0;1;50;Indemne;2
202300001922;155 677 158;A01;10;0;2;1;9;1;203 846 623;1;1;1;1;1976.0;1;1;0;-1;25;10;2023;08:10;2;92;92075;2;3;2;3;48.81531086;2.27727735;3;2;3;0;1;1; -1;2;0;1;50;Indemne;2
202300001922;155 677 160;B01;1;0;2;2;1;5;203 846 625;1;1;4;1;1967.0;0;2;0;-1;25;10;2023;08:10;2;92;92075;2;3;2;3;48.81531086;2.27727735;3;1;3;0;1;1; -1;2;0;1;50;Blessé léger;2
202300001922;155 677 160;B01;1;0;2;2;1;5;203 846 625;1;1;4;1;1967.0;0;2;0;-1;25;10;2023;08:10;2;92;92075;2;3;2;3;48.81531086;2.27727735;3;2;3;0;1;1; -1;2;0;1;50;Blessé léger;2
202300001926;155 677 152;A01;1;0;2;1;5;5;203 846 612;1;1;1;1;1987.0;9;8;0;-1;25;10;2023;12:35;1;92;92040;2;1;2;6;48.82923179;2.28301384;3;1;2;0;1;1; -1;2;0;1;30;Indemne;2
202300001926;155 677 152;A01;1;0;2;1;5;5;203 846 613;10;3;4;2;1958.0;0;0;-1;-1;25;10;2023;12:35;1;92;92040;2;1;2;6;48.82923179;2.28301384;3;1;2;0;1;1; -1;2;0;1;30;Blessé léger;2
202300001930;155 677 146;A01;14;0;2;2;1;1;203 846 602;1;1;1;1;1972.0;4;1;4;-1;25;10;2023;11:09;1;92;92012;2;1;2;3;48.834;2.24294;3;1;0;2;1;1; -1;2;0;5;30;Indemne;2
202300001930;155 677 147;B01;1;0;2;0;0;5;203 846 603;1;1;4;1;1958.0;9;2;0;-1;25;10;2023;11:09;1;92;92012;2;1;2;3;48.834;2.24294;3;1;0;2;1;1; -1;2;0;5;30;Blessé léger;2
202300001932;155 677 143;B01;7;14;0;5;16;1;203 846 599;1;1;1;2;1996.0;1;1;0;-1;24;10;2023;17:25;1;92;92012;2;3;1;3;48.83106869;2.2572543;3;1;1;0;1;1; -1;1;5;1;50;Indemne;1
202300001932;155 677 143;B01;7;14;0;5;16;1;203 846 599;1;1;1;2;1996.0;1;1;0;-1;24;10;2023;17:25;1;92;92012;2;3;1;3;48.83106869;2.2572543;3;3;2;0;1;1; -1;1;5;1;50;Indemne;1
202300001932;155 677 144;A01;1;14;0;0;0;5;203 846 600;1;1;4;2;2004.0;0;0;-1;-1;24;10;2023;17:25;1;92;92012;2;3;1;3;48.83106869;2.2572543;3;1;1;0;1;1; -1;1;5;1;50;Blessé léger;1
202300001932;155 677 144;A01;1;14;0;0;0;5;203 846 600;1;1;4;2;2004.0;0;0;-1;-1;24;10;2023;17:25;1;92;92012;2;3;1;3;48.83106869;2.2572543;3;3;2;0;1;1; -1;1;5;1;50;Blessé léger;1
202300001939;155 677 133;A01;7;0;2;8;14;0;203 846 589;1;1;1;2;1968.0;0;1;-1;-1;25;9;2023;16:50;1;41;41280;1;1;1;3;47.321036;1.777782;4;2;2;0;1;3; -1;1;0;3;50;Indemne;0
202300001939;155 677 134;B01;1;0;2;7;13;5;203 846 590;1;1;4;1;1957.0;5;0;-1;-1;25;9;2023;16:50;1;41;41280;1;1;1;3;47.321036;1.777782;4;2;2;0;1;3; -1;1;0;3;50;Blessé léger;0
202300001988;155 677 045;A01;1;0;0;0;1;5;203 846 475;1;1;2;1;1950.0;5;2;-1;-1;17;10;2023;16:06;1;21;21132;1;1;1;7;47.225106;4.908786;3;2;2;0;1;2; -1;1;0;8;80;Tué;1
202300001989;155 677 044;A01;80;0;0;4;19;3;203 846 474;1;1;4;1;1951.0;5;2;-1;-1;27;5;2023;09:30;1;21;21500;1;2;1;3;47.506867;4.459781;3;2;2;0;3;1;4;1;0;1;-1;Blessé léger;5
202300001989;155 677 044;A01;80;0;0;4;19;3;203 846 474;1;1;4;1;1951.0;5;2;-1;-1;27;5;2023;09:30;1;21;21500;1;2;1;3;47.506867;4.459781;3;-1;2;0;3;1; -1;1;0;1;-1;Blessé léger;5
202300001989;155 677 046;B01;7;0;9;3;1;1;203 846 476;1;1;1;1;1974.0;1;1;-1;-1;27;5;2023;09:30;1;21;21500;1;2;1;3;47.506867;4.459781;3;2;2;0;3;1;4;1;0;1;-1;Indemne;5
202300001989;155 677 046;B01;7;0;9;3;1;1;203 846 476;1;1;1;1;1974.0;1;1;-1;-1;27;5;2023;09:30;1;21;21500;1;2;1;3;47.506867;4.459781;3;-1;2;0;3;1; -1;1;0;1;-1;Indemne;5
202300001996;155 677 032;A01;7;0;2;2;15;1;203 846 457;1;1;1;2;1960.0;5;8;-1;-1;25;9;2023;15:30;1;48;48092;2;4;1;3;44.571706;3.284618;3;2;1;0;2;1;3;1;0;1;50;Indemne;0
202300001996;155 677 032;A01;7;0;2;2;15;1;203 846 457;1;1;1;2;1960.0;5;8;-1;-1;25;9;2023;15:30;1;48;48092;2;4;1;3;44.571706;3.284618;3;2;1;0;2;2;3;1;0;1;50;Indemne;0