Num_Acc;id_vehicule;num_veh;catv;obs;obsm;choc;manv;motor;id_usager;place;catu;grav;sexe;an_nais;trajet;secu1;secu2;secu3;jour;mois;an;hrmn;lum;dep;com;agg;int;atm;col;lat;long;catr;circ;nbv;vosp;prof;plan;larrout;surf;infra;situ;vma;gravity;day_of_week
202300001996;155 677 033;B01;1;0;2;1;1;5;203 846 458;1;1;3;1;1976.0;5;2;-1;-1;25;9;2023;15:30;1;48;48092;2;4;1;3;44.571706;3.284618;3;2;1;0;2;1;3;1;0;1;50;Blessé hospitalisé;0
202300001996;155 677 033;B01;1;0;2;1;1;5;203 846 458;1;1;3;1;1976.0;5;2;-1;-1;25;9;2023;15:30;1;48;48092;2;4;1;3;44.571706;3.284618;3;2;1;0;2;2;3;1;0;1;50;Blessé hospitalisé;0
202300002001;155 677 025;A01;7;0;9;2;2;1;203 846 446;1;1;1;1;1934.0;0;1;-1;-1;24;9;2023;08:15;2;24;24370;2;1;7;2;44.844958;0.156952;3;2;2;0;1;1;7;1;0;1;50;Indemne;6
202300002001;155 677 026;B01;1;0;0;4;2;5;203 846 448;1;1;3;1;1964.0;0;0;-1;-1;24;9;2023;08:15;2;24;24370;2;1;7;2;44.844958;0.156952;3;2;2;0;1;1;7;1;0;1;50;Blessé hospitalisé;6
202300002008;155 677 014;A01;1;0;0;8;26;5;203 846 434;1;1;4;1;1956.0;5;0;-1;-1;23;9;2023;10:35;1;11;11202;2;6;1;3;42.853548;3.035429;4;1;2;2;1;2; -1;1;0;5;30;Blessé léger;5
202300002008;155 677 015;B01;33;0;9;1;26;0;203 846 435;1;1;1;1;1985.0;5;2;6;-1;23;9;2023;10:35;1;11;11202;2;6;1;3;42.853548;3.035429;4;1;2;2;1;2; -1;1;0;5;30;Indemne;5
202300002019;155 676 996;A01;7;0;9;3;1;1;203 846 411;1;1;1;1;1995.0;9;1;-1;-1;25;9;2023;09:20;1;77;77153;2;9;1;1;49.054271;2.694208;3;2;3;0;2;1; -1;1;0;1;50;Indemne;0
202300002019;155 676 997;B01;1;0;2;1;17;5;203 846 412;1;1;2;1;1962.0;5;2;6;-1;25;9;2023;09:20;1;77;77153;2;9;1;1;49.054271;2.694208;3;2;3;0;2;1; -1;1;0;1;50;Tué;0
202300002024;155 676 990;A01;1;0;0;0;26;5;203 846 402;1;1;3;1;1953.0;5;2;-1;-1;24;9;2023;11:40;1;04;04152;1;1;1;7;43.808955;5.724456;4;2;2;0;2;3; -1;9;0;1;80;Blessé hospitalisé;6
202300002027;155 676 983;A01;7;0;2;1;14;1;203 846 392;1;1;1;2;1981.0;2;1;-1;-1;25;9;2023;08:10;2;54;54519;2;1;1;1;48.41207632;6.81017697;3;2;2;0;1;1;5,5;1;0;4;50;Indemne;0
202300002027;155 676 984;B01;1;0;2;0;25;5;203 846 393;1;1;4;1;2019.0;2;2;-1;-1;25;9;2023;08:10;2;54;54519;2;1;1;1;48.41207632;6.81017697;3;2;2;0;1;1;5,5;1;0;4;50;Blessé léger;0
202300002028;155 676 981;A01;10;0;2;1;15;1;203 846 390;1;1;1;1;1986.0;1;1;-1;-1;6;9;2023;08:20;1;69;69056;2;3;7;3;45.888739;4.613131;3;2;2;2;1;1;7;1;0;5;70;Indemne;2
202300002028;155 676 981;A01;10;0;2;1;15;1;203 846 390;1;1;1;1;1986.0;1;1;-1;-1;6;9;2023;08:20;1;69;69056;2;3;7;3;45.888739;4.613131;3;2;2;0;1;2; -1;1;0;5;-1;Indemne;2
202300002028;155 676 982;B01;1;0;2;8;1;5;203 846 391;1;1;3;1;1945.0;5;2;-1;-1;6;9;2023;08:20;1;69;69056;2;3;7;3;45.888739;4.613131;3;2;2;2;1;1;7;1;0;5;70;Blessé hospitalisé;2
202300002028;155 676 982;B01;1;0;2;8;1;5;203 846 391;1;1;3;1;1945.0;5;2;-1;-1;6;9;2023;08:20;1;69;69056;2;3;7;3;45.888739;4.613131;3;2;2;0;1;2; -1;1;0;5;-1;Blessé hospitalisé;2
202300002044;155 676 950;A01;7;0;2;5;1;1;203 846 352;1;1;1;2;1977.0;5;1;0;-1;21;8;2023;14:20;1;75;75106;2;2;1;3;48.852093;2.340315;4;1;4;0;1;1; -1;1;0;1;30;Indemne;0
202300002044;155 676 950;A01;7;0;2;5;1;1;203 846 352;1;1;1;2;1977.0;5;1;0;-1;21;8;2023;14:20;1;75;75106;2;2;1;3;48.852093;2.340315;4;1;2;0;1;1; -1;1;0;1;30;Indemne;0
202300002044;155 676 951;B01;1;0;2;3;11;5;203 846 353;1;1;4;2;2004.0;5;8;0;-1;21;8;2023;14:20;1;75;75106;2;2;1;3;48.852093;2.340315;4;1;4;0;1;1; -1;1;0;1;30;Blessé léger;0
202300002044;155 676 951;B01;1;0;2;3;11;5;203 846 353;1;1;4;2;2004.0;5;8;0;-1;21;8;2023;14:20;1;75;75106;2;2;1;3;48.852093;2.340315;4;1;2;0;1;1; -1;1;0;1;30;Blessé léger;0
202300002046;155 676 947;A01;80;6;0;1;1;3;203 846 349;1;1;3;2;2004.0;5;8;0;-1;21;8;2023;13:10;1;75;75120;2;4;1;7;48.866486;2.412668;4;1;5;1;1;1; -1;1;-1;5;30;Blessé hospitalisé;0
202300002046;155 676 947;A01;80;6;0;1;1;3;203 846 349;1;1;3;2;2004.0;5;8;0;-1;21;8;2023;13:10;1;75;75120;2;4;1;7;48.866486;2.412668;4;1;3;0;3;1; -1;1;9;5;50;Blessé hospitalisé;0
202300002050;155 676 942;A01;1;0;1;1;1;5;203 846 343;10;3;4;2;1966.0;1;0;-1;-1;23;8;2023;09:05;1;75;75117;2;3;1;6;48.88152;2.289212;4;1; -1;-1;1;1; -1;1;0;1;-1;Blessé léger;2
202300002050;155 676 942;A01;1;0;1;1;1;5;203 846 343;10;3;4;2;1966.0;1;0;-1;-1;23;8;2023;09:05;1;75;75117;2;3;1;6;48.88152;2.289212;4;1;1;0;1;1; -1;1;0;1;30;Blessé léger;2
202300002050;155 676 942;A01;1;0;1;1;1;5;203 846 344;1;1;4;1;1973.0;1;2;0;-1;23;8;2023;09:05;1;75;75117;2;3;1;6;48.88152;2.289212;4;1; -1;-1;1;1; -1;1;0;1;-1;Blessé léger;2
202300002050;155 676 942;A01;1;0;1;1;1;5;203 846 344;1;1;4;1;1973.0;1;2;0;-1;23;8;2023;09:05;1;75;75117;2;3;1;6;48.88152;2.289212;4;1;1;0;1;1; -1;1;0;1;30;Blessé léger;2
202300002055;155 676 933;A01;1;14;0;0;2;5;203 846 332;1;1;4;1;1984.0;1;8;0;-1;21;8;2023;18:30;1;75;75115;2;1;1;7;48.835136;2.277845;4;1;1;3;1;1; -1;1;8;1;50;Blessé léger;0
202300002057;155 676 931;A01;1;12;0;1;13;5;203 846 330;1;1;3;1;1958.0;5;2;8;-1;23;8;2023;20:10;5;75;75115;2;1;1;6;48.846621;2.276936;4;1;1;0;1;1; -1;1;6;1;30;Blessé hospitalisé;2
202300002059;155 676 928;B01;33;0;2;7;9;1;203 846 326;1;1;4;1;1984.0;9;2;6;-1;21;8;2023;09:10;1;75;75116;2;9;1;3;48.853316;2.281972;4;1;2;1;1;1; -1;1;0;1;50;Blessé léger;0
202300002059;155 676 929;A01;1;0;2;8;11;5;203 846 327;1;1;4;1;1992.0;9;8;0;-1;21;8;2023;09:10;1;75;75116;2;9;1;3;48.853316;2.281972;4;1;2;1;1;1; -1;1;0;1;50;Blessé léger;0
202300002064;155 676 920;A01;1;0;2;1;0;5;203 846 317;1;1;4;1;1977.0;0;8;0;-1;16;8;2023;11:41;1;94;94028;2;1;1;2;48.7923;2.4577;3;2;5;0;1;1; -1;1;0;1;50;Blessé léger;2
202300002064;155 676 921;B01;14;0;2;4;0;1;203 846 318;1;1;1;1;1983.0;0;1;0;-1;16;8;2023;11:41;1;94;94028;2;1;1;2;48.7923;2.4577;3;2;5;0;1;1; -1;1;0;1;50;Indemne;2
202300002075;155 676 900;A01;1;0;0;0;1;5;203 846 293;2;2;4;2;2006.0;0;2;0;-1;15;8;2023;19:55;1;92;92072;2;1;1;6;48.8210288;2.21881092;4;2;3;0;2;2;10,5;1;0;1;40;Blessé léger;1
202300002075;155 676 900;A01;1;0;0;0;1;5;203 846 294;1;1;4;2;2005.0;0;0;-1;-1;15;8;2023;19:55;1;92;92072;2;1;1;6;48.8210288;2.21881092;4;2;3;0;2;2;10,5;1;0;1;40;Blessé léger;1
202300002079;155 676 893;B01;1;0;2;1;1;5;203 846 286;1;1;4;2;1988.0;5;8;0;-1;23;8;2023;19:29;1;92;92025;2;3;1;6;48.92781231;2.27181718;3;2;4;0;1;1;12;1;0;1;50;Blessé léger;2
202300002079;155 676 893;B01;1;0;2;1;1;5;203 846 286;1;1;4;2;1988.0;5;8;0;-1;23;8;2023;19:29;1;92;92025;2;3;1;6;48.92781231;2.27181718;3;-1;4;0;1;1;12;1;0;1;50;Blessé léger;2
202300002083;155 676 886;B01;1;0;2;4;1;5;203 846 277;1;1;3;1;1999.0;9;2;-1;-1;23;8;2023;12:55;1;39;39437;1;1;1;5;46.718145;5.785612;3;2;2;0;1;1;7;1;0;1;90;Blessé hospitalisé;2
202300002083;155 676 887;C01;1;0;2;4;1;5;203 846 278;1;1;3;1;2001.0;9;0;-1;-1;23;8;2023;12:55;1;39;39437;1;1;1;5;46.718145;5.785612;3;2;2;0;1;1;7;1;0;1;90;Blessé hospitalisé;2
202300002083;155 676 888;A01;13;0;2;1;1;1;203 846 279;1;1;1;1;1970.0;1;1;4;-1;23;8;2023;12:55;1;39;39437;1;1;1;5;46.718145;5.785612;3;2;2;0;1;1;7;1;0;1;90;Indemne;2
202300002110;155 676 842;A01;80;15;0;0;1;3;203 846 202;1;1;4;2;1982.0;5;0;-1;-1;24;8;2023;00:45;4;65;65388;2;1;1;6;42.824255;0.331199;3;2;2;0;1;1;7;1;0;4;50;Blessé léger;3
202300002111;155 676 840;A01;14;0;2;1;15;1;203 846 200;1;1;1;1;1990.0;4;1;-1;-1;22;8;2023;09:27;1;65;65470;1;3;1;1;43.064855;-0.043194;3;2;2;3;4;1;7;1;3;1;70;Indemne;1
202300002111;155 676 840;A01;14;0;2;1;15;1;203 846 200;1;1;1;1;1990.0;4;1;-1;-1;22;8;2023;09:27;1;65;65470;1;3;1;1;43.064855;-0.043194;3;1;1;-1;2;3; -1;1;3;1;70;Indemne;1
202300002111;155 676 841;B01;1;0;2;1;1;5;203 846 201;1;1;3;1;1960.0;5;2;-1;-1;22;8;2023;09:27;1;65;65470;1;3;1;1;43.064855;-0.043194;3;2;2;3;4;1;7;1;3;1;70;Blessé hospitalisé;1
202300002111;155 676 841;B01;1;0;2;1;1;5;203 846 201;1;1;3;1;1960.0;5;2;-1;-1;22;8;2023;09:27;1;65;65470;1;3;1;1;43.064855;-0.043194;3;1;1;-1;2;3; -1;1;3;1;70;Blessé hospitalisé;1
202300002121;155 676 821;B01;1;0;2;4;1;5;203 846 176;1;1;3;1;1977.0;5;2;-1;-1;22;8;2023;07:42;2;29;29202;1;6;1;2;48.41206091;-3.8953865;3;2;2;0;3;3;8;1;0;1;80;Blessé hospitalisé;1
202300002121;155 676 821;B01;1;0;2;4;1;5;203 846 176;1;1;3;1;1977.0;5;2;-1;-1;22;8;2023;07:42;2;29;29202;1;6;1;2;48.41206091;-3.8953865;3;2;2;0;1;3;8;1;0;1;80;Blessé hospitalisé;1
202300002121;155 676 822;A01;7;0;2;2;9;1;203 846 177;1;1;1;1;1988.0;1;1;-1;-1;22;8;2023;07:42;2;29;29202;1;6;1;2;48.41206091;-3.8953865;3;2;2;0;3;3;8;1;0;1;80;Indemne;1
202300002121;155 676 822;A01;7;0;2;2;9;1;203 846 177;1;1;1;1;1988.0;1;1;-1;-1;22;8;2023;07:42;2;29;29202;1;6;1;2;48.41206091;-3.8953865;3;2;2;0;1;3;8;1;0;1;80;Indemne;1
202300002131;155 676 809;B01;1;0;0;2;26;5;203 846 156;1;1;3;2;1954.0;0;2;-1;-1;23;8;2023;09:45;1;72;72386;2;6;7;3;48.00147363;0.2462554;3;2;1;1;1;2; -1;1;0;1;50;Blessé hospitalisé;2
202300002131;155 676 810;A01;7;0;0;3;9;1;203 846 157;1;1;1;1;1949.0;0;1;-1;-1;23;8;2023;09:45;1;72;72386;2;6;7;3;48.00147363;0.2462554;3;2;1;1;1;2; -1;1;0;1;50;Indemne;2
202300002138;155 676 796;B01;1;0;2;1;1;5;203 846 137;1;1;4;2;2005.0;5;8;0;-1;4;5;2023;09:30;1;75;75106;2;3;1;3;48.84930393;2.33731717;4;2; -1;0;1;1; -1;1;0;1;30;Blessé léger;3
202300002138;155 676 796;B01;1;0;2;1;1;5;203 846 137;1;1;4;2;2005.0;5;8;0;-1;4;5;2023;09:30;1;75;75106;2;3;1;3;48.84930393;2.33731717;4;2;2;0;1;1; -1;1;0;1;30;Blessé léger;3
202300002138;155 676 797;A01;7;0;2;5;16;3;203 846 138;1;1;1;1;1985.0;4;1;0;-1;4;5;2023;09:30;1;75;75106;2;3;1;3;48.84930393;2.33731717;4;2; -1;0;1;1; -1;1;0;1;30;Indemne;3
202300002138;155 676 797;A01;7;0;2;5;16;3;203 846 138;1;1;1;1;1985.0;4;1;0;-1;4;5;2023;09:30;1;75;75106;2;3;1;3;48.84930393;2.33731717;4;2;2;0;1;1; -1;1;0;1;30;Indemne;3
202300002147;155 676 780;A01;7;0;2;2;1;2;203 846 119;1;1;1;1;1961.0;4;1;0;-1;5;5;2023;09:50;1;75;75115;2;2;1;3;48.840448;2.315133;4;-1;1;1;1;1; -1;1;0;1;30;Indemne;4
202300002147;155 676 780;A01;7;0;2;2;1;2;203 846 119;1;1;1;1;1961.0;4;1;0;-1;5;5;2023;09:50;1;75;75115;2;2;1;3;48.840448;2.315133;4;3; -1;-1;1;1; -1;1;0;1;-1;Indemne;4
202300002147;155 676 781;B01;80;0;2;1;1;3;203 846 120;1;1;4;1;1997.0;9;8;0;-1;5;5;2023;09:50;1;75;75115;2;2;1;3;48.840448;2.315133;4;-1;1;1;1;1; -1;1;0;1;30;Blessé léger;4
202300002147;155 676 781;B01;80;0;2;1;1;3;203 846 120;1;1;4;1;1997.0;9;8;0;-1;5;5;2023;09:50;1;75;75115;2;2;1;3;48.840448;2.315133;4;3; -1;-1;1;1; -1;1;0;1;-1;Blessé léger;4
202300002152;155 676 772;A01;80;0;2;2;1;3;203 846 109;1;1;4;2;1990.0;1;2;8;-1;5;5;2023;08:30;1;75;75111;2;7;8;2;48.85794461;2.38032103;4;2;1;0;1;1; -1;2;0;1;30;Blessé léger;4
202300002152;155 676 772;A01;80;0;2;2;1;3;203 846 109;1;1;4;2;1990.0;1;2;8;-1;5;5;2023;08:30;1;75;75111;2;7;8;2;48.85794461;2.38032103;4;2;1;0;1;2; -1;2;0;1;30;Blessé léger;4
202300002154;155 676 767;B01;80;0;2;1;1;3;203 846 103;1;1;1;1;1990.0;4;8;0;-1;5;5;2023;15:00;1;75;75110;2;2;1;1;48.871572;2.353621;4;1; -1;0;1;1; -1;1;0;1;-1;Indemne;4
202300002154;155 676 767;B01;80;0;2;1;1;3;203 846 103;1;1;1;1;1990.0;4;8;0;-1;5;5;2023;15:00;1;75;75110;2;2;1;1;48.871572;2.353621;4;2;2;2;2;1; -1;1;0;1;30;Indemne;4
202300002154;155 676 768;A01;80;0;2;1;13;3;203 846 104;1;1;4;2;1991.0;5;8;0;-1;5;5;2023;15:00;1;75;75110;2;2;1;1;48.871572;2.353621;4;1; -1;0;1;1; -1;1;0;1;-1;Blessé léger;4
202300002154;155 676 768;A01;80;0;2;1;13;3;203 846 104;1;1;4;2;1991.0;5;8;0;-1;5;5;2023;15:00;1;75;75110;2;2;1;1;48.871572;2.353621;4;2;2;2;2;1; -1;1;0;1;30;Blessé léger;4
202300002158;155 676 761;A01;1;0;0;1;1;5;203 846 096;1;1;4;1;1997.0;5;8;0;-1;5;5;2023;18:30;1;75;75102;2;2;1;7;48.867571;2.346374;4;2;2;2;1;1; -1;1;0;4;30;Blessé léger;4
202300002158;155 676 761;A01;1;0;0;1;1;5;203 846 096;1;1;4;1;1997.0;5;8;0;-1;5;5;2023;18:30;1;75;75102;2;2;1;7;48.867571;2.346374;4;1;3;3;1;1; -1;1;0;4;30;Blessé léger;4
202300002184;155 676 720;A01;10;0;2;1;16;1;203 846 041;1;1;1;1;1967.0;9;1;-1;-1;4;11;2023;17:00;2;34;34150;2;1;1;3;43.320635;3.53624;4;2;2;1;1;1; -1;1;5;5;50;Indemne;5
202300002184;155 676 722;B01;1;0;2;7;19;5;203 846 043;1;1;3;1;1949.0;5;2;-1;-1;4;11;2023;17:00;2;34;34150;2;1;1;3;43.320635;3.53624;4;2;2;1;1;1; -1;1;5;5;50;Blessé hospitalisé;5
202300002241;155 676 620;B01;1;0;2;1;1;5;203 845 908;1;1;4;1;1974.0;5;2;4;-1;6;5;2023;17:40;1;61;61298;2;2;2;3;48.759852;-0.066014;4;2;2;0;1;2; -1;2;0;1;50;Blessé léger;5
202300002241;155 676 620;B01;1;0;2;1;1;5;203 845 908;1;1;4;1;1974.0;5;2;4;-1;6;5;2023;17:40;1;61;61298;2;2;2;3;48.759852;-0.066014;4;2;2;0;1;4; -1;2;0;1;50;Blessé léger;5
202300002241;155 676 622;A01;10;0;2;2;15;1;203 845 910;1;1;1;1;1986.0;1;1;-1;-1;6;5;2023;17:40;1;61;61298;2;2;2;3;48.759852;-0.066014;4;2;2;0;1;2; -1;2;0;1;50;Indemne;5
202300002241;155 676 622;A01;10;0;2;2;15;1;203 845 910;1;1;1;1;1986.0;1;1;-1;-1;6;5;2023;17:40;1;61;61298;2;2;2;3;48.759852;-0.066014;4;2;2;0;1;4; -1;2;0;1;50;Indemne;5
202300002260;155 676 582;A01;1;0;2;1;1;5;203 845 868;1;1;4;1;1987.0;5;2;-1;-1;29;4;2023;15:10;1;36;36220;1;1;1;3;46.62610475;1.45917556;3;2;2;0;4;3;4;1;0;1;80;Blessé léger;5
202300002260;155 676 585;B01;21;0;2;2;1;1;203 845 870;1;1;1;1;1968.0;4;1;-1;-1;29;4;2023;15:10;1;36;36220;1;1;1;3;46.62610475;1.45917556;3;2;2;0;4;3;4;1;0;1;80;Indemne;5
202300002325;155 676 466;A01;1;0;0;0;1;5;203 845 719;1;1;4;1;2001.0;0;8;-1;-1;24;11;2023;20:35;5;76;76351;2;1;1;7;49.500951;0.112688;4;-1;2;1;2;1; -1;1;0;1;50;Blessé léger;4
202300002331;155 676 455;B01;1;0;2;1;0;5;203 845 706;1;1;4;2;1965.0;9;2;4;-1;27;11;2023;08:00;5;76;76026;2;9;2;3;49.882002;1.140494;4;-1;1;0;1;2; -1;2;5;1;50;Blessé léger;0
202300002331;155 676 457;A01;7;0;9;3;9;1;203 845 708;1;1;1;2;1990.0;0;1;0;-1;27;11;2023;08:00;5;76;76026;2;9;2;3;49.882002;1.140494;4;-1;1;0;1;2; -1;2;5;1;50;Indemne;0
202300002338;155 676 444;B01;1;0;2;1;2;5;203 845 690;1;1;4;1;2003.0;9;8;0;-1;4;5;2023;16:15;1;973;97302;2;3;1;3;4.92895;-52.29993;3;2;2;0;1;1; -1;1;0;1;50;Blessé léger;3
202300002338;155 676 444;B01;1;0;2;1;2;5;203 845 690;1;1;4;1;2003.0;9;8;0;-1;4;5;2023;16:15;1;973;97302;2;3;1;3;4.92895;-52.29993;3;2;2;0;1;1; -1;1;0;1;50;Blessé léger;3
202300002338;155 676 446;A01;7;0;9;5;19;1;203 845 692;1;1;1;2;1987.0;1;1;8;-1;4;5;2023;16:15;1;973;97302;2;3;1;3;4.92895;-52.29993;3;2;2;0;1;1; -1;1;0;1;50;Indemne;3
202300002338;155 676 446;A01;7;0;9;5;19;1;203 845 692;1;1;1;2;1987.0;1;1;8;-1;4;5;2023;16:15;1;973;97302;2;3;1;3;4.92895;-52.29993;3;2;2;0;1;1; -1;1;0;1;50;Indemne;3
202300002342;155 676 438;A01;1;0;2;1;1;6;203 845 678;1;1;4;1;1998.0;0;8;-1;-1;4;5;2023;18:30;1;69;69034;2;4;1;1;45.78284;4.83623;4;1;2;1;2;1; -1;1;0;1;50;Blessé léger;3
202300002342;155 676 438;A01;1;0;2;1;1;6;203 845 678;1;1;4;1;1998.0;0;8;-1;-1;4;5;2023;18:30;1;69;69034;2;4;1;1;45.78284;4.83623;4;1;2;0;2;1; -1;1;0;1;50;Blessé léger;3
202300002342;155 676 439;B01;7;0;2;1;16;1;203 845 680;1;1;1;1;2001.0;0;8;-1;-1;4;5;2023;18:30;1;69;69034;2;4;1;1;45.78284;4.83623;4;1;2;1;2;1; -1;1;0;1;50;Indemne;3
202300002342;155 676 439;B01;7;0;2;1;16;1;203 845 680;1;1;1;1;2001.0;0;8;-1;-1;4;5;2023;18:30;1;69;69034;2;4;1;1;45.78284;4.83623;4;1;2;0;2;1; -1;1;0;1;50;Indemne;3
202300002348;155 676 427;A01;1;0;1;1;21;5;203 845 666;10;3;4;2;1972.0;0;0;-1;-1;4;5;2023;07:25;1;69;69034;2;9;1;6;45.78495209;4.83243038;4;2;2;1;1;1; -1;1;9;5;-1;Blessé léger;3
202300002348;155 676 427;A01;1;0;1;1;21;5;203 845 667;1;1;4;2;1977.0;1;2;-1;-1;4;5;2023;07:25;1;69;69034;2;9;1;6;45.78495209;4.83243038;4;2;2;1;1;1; -1;1;9;5;-1;Blessé léger;3
202300002352;155 676 421;A01;7;0;2;3;15;1;203 845 653;1;1;1;2;1967.0;0;1;0;-1;3;5;2023;18:30;1;91;91345;2;4;9;3;48.68791;2.32079;4;2;2;0;2;1; -1;1;0;8;30;Indemne;2
202300002352;155 676 421;A01;7;0;2;3;15;1;203 845 653;1;1;1;2;1967.0;0;1;0;-1;3;5;2023;18:30;1;91;91345;2;4;9;3;48.68791;2.32079;4;2;2;0;1;1; -1;1;0;1;30;Indemne;2
202300002352;155 676 422;B01;1;0;2;2;1;5;203 845 655;1;1;4;1;1973.0;0;8;0;-1;3;5;2023;18:30;1;91;91345;2;4;9;3;48.68791;2.32079;4;2;2;0;2;1; -1;1;0;8;30;Blessé léger;2
202300002352;155 676 422;B01;1;0;2;2;1;5;203 845 655;1;1;4;1;1973.0;0;8;0;-1;3;5;2023;18:30;1;91;91345;2;4;9;3;48.68791;2.32079;4;2;2;0;1;1; -1;1;0;1;30;Blessé léger;2
202300002377;155 676 383;B01;7;0;2;1;1;1;203 845 600;1;1;1;1;1972.0;5;1;-1;-1;4;5;2023;12:50;1;69;69256;2;1;1;1;45.75713;4.92782;4;1;1;2;1;1; -1;1;0;1;30;Indemne;3
202300002377;155 676 384;A01;80;0;2;1;19;3;203 845 602;1;1;4;2;2010.0;5;8;-1;-1;4;5;2023;12:50;1;69;69256;2;1;1;1;45.75713;4.92782;4;1;1;2;1;1; -1;1;0;1;30;Blessé léger;3
202300002377;155 676 384;A01;80;0;2;1;19;3;203 845 603;2;2;4;1;2016.0;5;8;-1;-1;4;5;2023;12:50;1;69;69256;2;1;1;1;45.75713;4.92782;4;1;1;2;1;1; -1;1;0;1;30;Blessé léger;3
202300002382;155 676 375;B01;80;0;2;7;1;3;203 845 588;1;1;4;2;1977.0;0;2;0;-1;27;11;2023;16:20;1;44;44143;2;1;1;3;47.19325;-1.56287;4;1;2;2;1;1; -1;1;0;1;50;Blessé léger;0
202300002382;155 676 376;A01;33;0;2;1;1;1;203 845 589;1;1;1;1;1983.0;0;2;8;-1;27;11;2023;16:20;1;44;44143;2;1;1;3;47.19325;-1.56287;4;1;2;2;1;1; -1;1;0;1;50;Indemne;0
202300002397;155 676 346;B01;1;0;2;7;1;5;203 845 549;1;1;4;2;2003.0;0;8;-1;-1;4;5;2023;13:35;1;51;51454;2;6;1;3;49.26926;4.07006;4;2;3;0;1;1; -1;1;0;1;50;Blessé léger;3
202300002397;155 676 346;B01;1;0;2;7;1;5;203 845 549;1;1;4;2;2003.0;0;8;-1;-1;4;5;2023;13:35;1;51;51454;2;6;1;3;49.26926;4.07006;4;1;2;0;1;2; -1;1;0;1;50;Blessé léger;3
202300002397;155 676 347;A01;7;0;2;3;9;1;203 845 550;1;1;1;2;1968.0;0;1;-1;-1;4;5;2023;13:35;1;51;51454;2;6;1;3;49.26926;4.07006;4;2;3;0;1;1; -1;1;0;1;50;Indemne;3
202300002397;155 676 347;A01;7;0;2;3;9;1;203 845 550;1;1;1;2;1968.0;0;1;-1;-1;4;5;2023;13:35;1;51;51454;2;6;1;3;49.26926;4.07006;4;1;2;0;1;2; -1;1;0;1;50;Indemne;3
202300002401;155 676 336;B01;1;0;2;3;1;5;203 845 537;1;1;4;1;1971.0;1;2;4;-1;3;5;2023;17:45;1;45;45075;2;1;1;3;47.8936293;1.85004169;3;2;2;0;1;1;0;1;0;1;50;Blessé léger;2
202300002401;155 676 338;A01;17;0;2;5;17;1;203 845 538;1;1;1;1;1969.0;4;1;0;-1;3;5;2023;17:45;1;45;45075;2;1;1;3;47.8936293;1.85004169;3;2;2;0;1;1;0;1;0;1;50;Indemne;2
202300002404;155 676 331;A01;1;1;2;8;21;5;203 845 530;1;1;4;2;1957.0;0;8;0;-1;4;5;2023;10:30;1;41;41018;2;1;1;3;47.58679;1.33039;4;1;1;0;4;1; -1;1;0;1;50;Blessé léger;3
202300002404;155 676 332;B01;7;0;2;7;1;3;203 845 531;1;1;1;1;1972.0;4;1;0;-1;4;5;2023;10:30;1;41;41018;2;1;1;3;47.58679;1.33039;4;1;1;0;4;1; -1;1;0;1;50;Indemne;3
202300002411;155 676 313;A01;1;0;2;6;15;5;203 845 507;1;1;4;2;2001.0;0;8;-1;-1;4;5;2023;19:10;1;35;35238;2;2;1;3;48.11194;-1.70232;4;2;4;2;1;1; -1;1;0;1;50;Blessé léger;3
202300002411;155 676 313;A01;1;0;2;6;15;5;203 845 507;1;1;4;2;2001.0;0;8;-1;-1;4;5;2023;19:10;1;35;35238;2;2;1;3;48.11194;-1.70232;4;2;2;2;1;1; -1;1;0;1;50;Blessé léger;3
202300002411;155 676 314;B01;33;0;2;2;17;1;203 845 508;1;1;4;1;1987.0;0;2;-1;-1;4;5;2023;19:10;1;35;35238;2;2;1;3;48.11194;-1.70232;4;2;4;2;1;1; -1;1;0;1;50;Blessé léger;3
202300002411;155 676 314;B01;33;0;2;2;17;1;203 845 508;1;1;4;1;1987.0;0;2;-1;-1;4;5;2023;19:10;1;35;35238;2;2;1;3;48.11194;-1.70232;4;2;2;2;1;1; -1;1;0;1;50;Blessé léger;3
202300002445;155 676 252;B01;1;0;2;7;1;5;203 845 432;1;1;4;1;1946.0;0;0;-1;-1;4;5;2023;08:05;1;28;28404;2;6;1;3;48.72868;1.33506;4;2;2;0;1;1; -1;1;0;1;50;Blessé léger;3
202300002445;155 676 252;B01;1;0;2;7;1;5;203 845 432;1;1;4;1;1946.0;0;0;-1;-1;4;5;2023;08:05;1;28;28404;2;6;1;3;48.72868;1.33506;4;2;2;0;1;1; -1;1;0;1;50;Blessé léger;3
202300002445;155 676 255;A01;7;0;2;3;9;0;203 845 435;1;1;1;1;1976.0;1;1;-1;-1;4;5;2023;08:05;1;28;28404;2;6;1;3;48.72868;1.33506;4;2;2;0;1;1; -1;1;0;1;50;Indemne;3
202300002445;155 676 255;A01;7;0;2;3;9;0;203 845 435;1;1;1;1;1976.0;1;1;-1;-1;4;5;2023;08:05;1;28;28404;2;6;1;3;48.72868;1.33506;4;2;2;0;1;1; -1;1;0;1;50;Indemne;3
202300002447;155 676 247;B01;1;0;2;1;25;5;203 845 422;1;1;3;1;1940.0;3;2;0;-1;4;5;2023;10:50;1;28;28229;2;1;1;3;48.45119;1.47057;4;1;2;1;1;1; -1;1;0;5;50;Blessé hospitalisé;3