Num_Acc;id_vehicule;num_veh;catv;obs;obsm;choc;manv;motor;id_usager;place;catu;grav;sexe;an_nais;trajet;secu1;secu2;secu3;jour;mois;an;hrmn;lum;dep;com;agg;int;atm;col;lat;long;catr;circ;nbv;vosp;prof;plan;larrout;surf;infra;situ;vma;gravity;day_of_week
202300002447;155 676 249;A01;7;0;9;3;9;1;203 845 425;1;1;1;2;1983.0;3;1;0;-1;4;5;2023;10:50;1;28;28229;2;1;1;3;48.45119;1.47057;4;1;2;1;1;1; -1;1;0;5;50;Indemne;3
202300002453;155 676 235;Y01;1;0;2;1;1;5;203 845 406;1;1;4;1;1989.0;9;8;0;-1;27;11;2023;09:30;1;75;75119;2;2;2;3;48.882003;2.402516;4;2;2;0;1;1; -1;2;0;1;30;Blessé léger;0
202300002453;155 676 235;Y01;1;0;2;1;1;5;203 845 406;1;1;4;1;1989.0;9;8;0;-1;27;11;2023;09:30;1;75;75119;2;2;2;3;48.882003;2.402516;4;2;4;0;1;1; -1;2;0;1;30;Blessé léger;0
202300002453;155 676 237;A01;7;0;2;2;15;1;203 845 409;1;1;1;1;1985.0;1;1;0;-1;27;11;2023;09:30;1;75;75119;2;2;2;3;48.882003;2.402516;4;2;2;0;1;1; -1;2;0;1;30;Indemne;0
202300002453;155 676 237;A01;7;0;2;2;15;1;203 845 409;1;1;1;1;1985.0;1;1;0;-1;27;11;2023;09:30;1;75;75119;2;2;2;3;48.882003;2.402516;4;2;4;0;1;1; -1;2;0;1;30;Indemne;0
202300002460;155 676 224;A01;7;0;2;2;15;1;203 845 390;1;1;1;1;1994.0;1;1;0;-1;3;5;2023;08:00;1;19;19031;2;2;1;3;45.16532;1.52049;4;2;2;0;2;1; -1;1;5;1;50;Indemne;2
202300002460;155 676 224;A01;7;0;2;2;15;1;203 845 390;1;1;1;1;1994.0;1;1;0;-1;3;5;2023;08:00;1;19;19031;2;2;1;3;45.16532;1.52049;4;2;3;0;1;1; -1;1;5;1;50;Indemne;2
202300002460;155 676 226;B01;1;0;2;1;1;5;203 845 393;1;1;4;1;2006.0;2;2;6;-1;3;5;2023;08:00;1;19;19031;2;2;1;3;45.16532;1.52049;4;2;2;0;2;1; -1;1;5;1;50;Blessé léger;2
202300002460;155 676 226;B01;1;0;2;1;1;5;203 845 393;1;1;4;1;2006.0;2;2;6;-1;3;5;2023;08:00;1;19;19031;2;2;1;3;45.16532;1.52049;4;2;3;0;1;1; -1;1;5;1;50;Blessé léger;2
202300002464;155 676 218;A01;1;0;1;1;1;5;203 845 382;1;1;1;1;2003.0;5;8;0;-1;27;11;2023;18:49;5;75;75113;2;2;2;6;48.824166;2.376794;4;3;6;1;4;1; -1;2;0;5;50;Indemne;0
202300002464;155 676 218;A01;1;0;1;1;1;5;203 845 382;1;1;1;1;2003.0;5;8;0;-1;27;11;2023;18:49;5;75;75113;2;2;2;6;48.824166;2.376794;4;2; -1;-1;1;1; -1;2;0;5;-1;Indemne;0
202300002464;155 676 218;A01;1;0;1;1;1;5;203 845 383;10;3;4;1;2008.0;5;0;-1;-1;27;11;2023;18:49;5;75;75113;2;2;2;6;48.824166;2.376794;4;3;6;1;4;1; -1;2;0;5;50;Blessé léger;0
202300002464;155 676 218;A01;1;0;1;1;1;5;203 845 383;10;3;4;1;2008.0;5;0;-1;-1;27;11;2023;18:49;5;75;75113;2;2;2;6;48.824166;2.376794;4;2; -1;-1;1;1; -1;2;0;5;-1;Blessé léger;0
202300002472;155 676 205;A01;10;0;2;1;0;0;203 845 367;1;1;1;1;1972.0;0;1;0;-1;27;11;2023;19:15;5;94;94041;2;1;8;1;48.81975;2.39616;3;1;1;0;1;1; -1;2;9;6;50;Indemne;0
202300002472;155 676 206;B01;1;0;2;1;1;5;203 845 368;1;1;4;2;2003.0;0;8;0;-1;27;11;2023;19:15;5;94;94041;2;1;8;1;48.81975;2.39616;3;1;1;0;1;1; -1;2;9;6;50;Blessé léger;0
202300002508;155 676 134;B01;7;0;2;1;15;1;203 845 268;1;1;1;2;1985.0;0;8;8;-1;27;11;2023;08:10;2;92;92072;2;2;2;3;48.82543967;2.2158688;3;1;1;0;2;3; -1;2;5;1;30;Indemne;0
202300002508;155 676 134;B01;7;0;2;1;15;1;203 845 268;1;1;1;2;1985.0;0;8;8;-1;27;11;2023;08:10;2;92;92072;2;2;2;3;48.82543967;2.2158688;3;2;4;1;1;1; -1;2;0;5;30;Indemne;0
202300002508;155 676 137;A01;1;0;2;7;1;5;203 845 271;1;1;4;2;1972.0;0;2;0;-1;27;11;2023;08:10;2;92;92072;2;2;2;3;48.82543967;2.2158688;3;1;1;0;2;3; -1;2;5;1;30;Blessé léger;0
202300002508;155 676 137;A01;1;0;2;7;1;5;203 845 271;1;1;4;2;1972.0;0;2;0;-1;27;11;2023;08:10;2;92;92072;2;2;2;3;48.82543967;2.2158688;3;2;4;1;1;1; -1;2;0;5;30;Blessé léger;0
202300002510;155 676 131;A01;80;0;1;1;1;3;203 845 262;10;3;4;2;1981.0;1;8;8;-1;27;11;2023;08:40;2;92;92040;2;1;2;6;48.81712755;2.27411538;3;2;4;1;1;1; -1;2;0;1;50;Blessé léger;0
202300002510;155 676 131;A01;80;0;1;1;1;3;203 845 265;1;1;1;2;1978.0;0;2;8;-1;27;11;2023;08:40;2;92;92040;2;1;2;6;48.81712755;2.27411538;3;2;4;1;1;1; -1;2;0;1;50;Indemne;0
202300002514;155 676 127;Y01;1;0;2;0;0;5;203 845 256;1;1;4;2;1996.0;0;8;0;-1;27;11;2023;09:45;1;92;92026;2;9;2;3;48.89991516;2.23975204;3;1;0;0;1;1;0;2;0;5;50;Blessé léger;0
202300002514;155 676 127;Y01;1;0;2;0;0;5;203 845 256;1;1;4;2;1996.0;0;8;0;-1;27;11;2023;09:45;1;92;92026;2;9;2;3;48.89991516;2.23975204;3;1;0;0;1;1;0;2;0;5;50;Blessé léger;0
202300002520;155 676 117;B01;1;16;2;3;0;0;203 845 242;1;1;4;1;1964.0;0;8;-1;-1;25;3;2023;16:00;1;69;69386;2;2;1;3;45.76676;4.8443;4;1;1;2;1;1; -1;1;0;8;30;Blessé léger;5
202300002520;155 676 117;B01;1;16;2;3;0;0;203 845 242;1;1;4;1;1964.0;0;8;-1;-1;25;3;2023;16:00;1;69;69386;2;2;1;3;45.76676;4.8443;4;1;1;3;1;1; -1;1;0;6;30;Blessé léger;5
202300002520;155 676 119;A01;7;0;2;2;16;1;203 845 245;1;1;1;2;2000.0;0;1;-1;-1;25;3;2023;16:00;1;69;69386;2;2;1;3;45.76676;4.8443;4;1;1;2;1;1; -1;1;0;8;30;Indemne;5
202300002520;155 676 119;A01;7;0;2;2;16;1;203 845 245;1;1;1;2;2000.0;0;1;-1;-1;25;3;2023;16:00;1;69;69386;2;2;1;3;45.76676;4.8443;4;1;1;3;1;1; -1;1;0;6;30;Indemne;5
202300002528;155 676 103;A01;1;0;1;1;1;5;203 845 225;10;3;4;1;1983.0;9;0;-1;-1;4;5;2023;18:25;1;75;75118;2;3;1;6;48.888468;2.353568;4;1; -1;0;1;1; -1;1;0;1;30;Blessé léger;3
202300002528;155 676 103;A01;1;0;1;1;1;5;203 845 225;10;3;4;1;1983.0;9;0;-1;-1;4;5;2023;18:25;1;75;75118;2;3;1;6;48.888468;2.353568;4;1;2;1;1;1; -1;1;0;5;30;Blessé léger;3
202300002528;155 676 103;A01;1;0;1;1;1;5;203 845 226;1;1;1;1;2000.0;9;8;0;-1;4;5;2023;18:25;1;75;75118;2;3;1;6;48.888468;2.353568;4;1; -1;0;1;1; -1;1;0;1;30;Indemne;3
202300002528;155 676 103;A01;1;0;1;1;1;5;203 845 226;1;1;1;1;2000.0;9;8;0;-1;4;5;2023;18:25;1;75;75118;2;3;1;6;48.888468;2.353568;4;1;2;1;1;1; -1;1;0;5;30;Indemne;3
202300002536;155 676 091;B01;80;0;2;1;21;3;203 845 210;1;1;4;2;1986.0;5;2;0;-1;4;5;2023;16:48;1;75;75113;2;3;1;3;48.831359;2.366339;4;-1; -1;0;1;1; -1;1;0;1;30;Blessé léger;3
202300002536;155 676 091;B01;80;0;2;1;21;3;203 845 210;1;1;4;2;1986.0;5;2;0;-1;4;5;2023;16:48;1;75;75113;2;3;1;3;48.831359;2.366339;4;2;3;3;2;1; -1;1;0;6;30;Blessé léger;3
202300002536;155 676 092;A01;10;0;2;3;10;1;203 845 211;1;1;1;1;1966.0;4;8;0;-1;4;5;2023;16:48;1;75;75113;2;3;1;3;48.831359;2.366339;4;-1; -1;0;1;1; -1;1;0;1;30;Indemne;3
202300002536;155 676 092;A01;10;0;2;3;10;1;203 845 211;1;1;1;1;1966.0;4;8;0;-1;4;5;2023;16:48;1;75;75113;2;3;1;3;48.831359;2.366339;4;2;3;3;2;1; -1;1;0;6;30;Indemne;3
202300002539;155 676 086;A01;1;0;2;1;1;5;203 845 204;1;1;4;1;1991.0;1;8;0;-1;4;5;2023;10:10;1;75;75112;2;1;1;6;48.8453;2.379516;4;2;2;1;1;1; -1;1;6;5;30;Blessé léger;3
202300002551;155 676 059;B01;1;1;0;0;1;5;203 845 170;1;1;4;1;2018.0;5;2;-1;-1;27;11;2023;18:05;5;11;11067;2;3;1;3;43.22753;2.84702;3;2;1;0;1;1; -1;1;0;1;50;Blessé léger;0
202300002551;155 676 059;B01;1;1;0;0;1;5;203 845 170;1;1;4;1;2018.0;5;2;-1;-1;27;11;2023;18:05;5;11;11067;2;3;1;3;43.22753;2.84702;3;1; -1;-1;1;1; -1;1;0;1;-1;Blessé léger;0
202300002551;155 676 060;A01;7;0;2;5;1;1;203 845 173;1;1;1;1;1982.0;0;1;-1;-1;27;11;2023;18:05;5;11;11067;2;3;1;3;43.22753;2.84702;3;2;1;0;1;1; -1;1;0;1;50;Indemne;0
202300002551;155 676 060;A01;7;0;2;5;1;1;203 845 173;1;1;1;1;1982.0;0;1;-1;-1;27;11;2023;18:05;5;11;11067;2;3;1;3;43.22753;2.84702;3;1; -1;-1;1;1; -1;1;0;1;-1;Indemne;0
202300002570;155 676 027;A01;1;0;2;7;26;5;203 845 125;1;1;4;1;2005.0;5;8;0;-1;25;3;2023;22:37;5;49;49007;2;3;2;3;47.47539;-0.5486;4;3;4;0;1;1; -1;2;0;1;30;Blessé léger;5
202300002570;155 676 027;A01;1;0;2;7;26;5;203 845 125;1;1;4;1;2005.0;5;8;0;-1;25;3;2023;22:37;5;49;49007;2;3;2;3;47.47539;-0.5486;4;2;3;0;1;1; -1;2;0;1;30;Blessé léger;5
202300002570;155 676 029;B01;7;0;2;3;0;1;203 845 127;1;1;1;2;2003.0;5;1;0;-1;25;3;2023;22:37;5;49;49007;2;3;2;3;47.47539;-0.5486;4;3;4;0;1;1; -1;2;0;1;30;Indemne;5
202300002570;155 676 029;B01;7;0;2;3;0;1;203 845 127;1;1;1;2;2003.0;5;1;0;-1;25;3;2023;22:37;5;49;49007;2;3;2;3;47.47539;-0.5486;4;2;3;0;1;1; -1;2;0;1;30;Indemne;5
202300002583;155 676 006;A01;1;12;0;7;26;5;203 845 092;1;1;4;1;1984.0;5;2;8;-1;25;3;2023;15:30;1;37;37214;2;9;1;6;47.39652;0.65966;4;-1;2;0;1;1; -1;1;9;4;50;Blessé léger;5
202300002601;155 675 977;B01;1;0;2;1;1;5;203 845 049;1;1;3;1;1970.0;0;2;4;-1;20;9;2023;06:30;2;974;97409;2;9;2;3;-20.944468;55.668205;4;2;2;0;1;1; -1;2;0;1;50;Blessé hospitalisé;2
202300002601;155 675 978;A01;7;0;2;5;15;1;203 845 052;1;1;1;1;1998.0;1;1;0;-1;20;9;2023;06:30;2;974;97409;2;9;2;3;-20.944468;55.668205;4;2;2;0;1;1; -1;2;0;1;50;Indemne;2
202300002609;155 675 963;A01;7;0;2;5;16;1;203 845 031;1;1;1;2;1998.0;4;1;0;-1;8;6;2023;13:25;1;58;58194;2;3;7;3;46.984096;3.154651;4;-1;2;0;2;3; -1;1;0;1;50;Indemne;3
202300002609;155 675 963;A01;7;0;2;5;16;1;203 845 031;1;1;1;2;1998.0;4;1;0;-1;8;6;2023;13:25;1;58;58194;2;3;7;3;46.984096;3.154651;4;2;2;0;1;1; -1;1;0;1;30;Indemne;3
202300002609;155 675 966;B01;1;0;2;0;0;5;203 845 034;1;1;3;1;1955.0;5;8;0;-1;8;6;2023;13:25;1;58;58194;2;3;7;3;46.984096;3.154651;4;-1;2;0;2;3; -1;1;0;1;50;Blessé hospitalisé;3
202300002609;155 675 966;B01;1;0;2;0;0;5;203 845 034;1;1;3;1;1955.0;5;8;0;-1;8;6;2023;13:25;1;58;58194;2;3;7;3;46.984096;3.154651;4;2;2;0;1;1; -1;1;0;1;30;Blessé hospitalisé;3
202300002636;155 675 920;A01;80;0;2;8;15;3;203 844 968;1;1;4;2;1994.0;1;8;0;-1;25;3;2023;17:55;1;75;75117;2;3;1;3;48.888799;2.323328;4;2;3;2;1;1; -1;1;0;1;30;Blessé léger;5
202300002636;155 675 920;A01;80;0;2;8;15;3;203 844 968;1;1;4;2;1994.0;1;8;0;-1;25;3;2023;17:55;1;75;75117;2;3;1;3;48.888799;2.323328;4;2; -1;2;1;1; -1;1;0;1;30;Blessé léger;5
202300002636;155 675 923;Z01;2;0;2;0;17;1;203 844 971;1;1;1;1;1989.0;-1;8;0;-1;25;3;2023;17:55;1;75;75117;2;3;1;3;48.888799;2.323328;4;2;3;2;1;1; -1;1;0;1;30;Indemne;5
202300002636;155 675 923;Z01;2;0;2;0;17;1;203 844 971;1;1;1;1;1989.0;-1;8;0;-1;25;3;2023;17:55;1;75;75117;2;3;1;3;48.888799;2.323328;4;2; -1;2;1;1; -1;1;0;1;30;Indemne;5
202300002649;155 675 900;A01;1;0;2;7;25;5;203 844 940;1;1;4;1;1999.0;5;8;0;-1;8;6;2023;18:20;1;37;37261;2;1;1;3;47.42271;0.69693;4;2;2;0;1;1; -1;1;0;4;50;Blessé léger;3
202300002649;155 675 902;B01;7;0;9;2;26;1;203 844 943;1;1;1;2;2005.0;5;1;0;-1;8;6;2023;18:20;1;37;37261;2;1;1;3;47.42271;0.69693;4;2;2;0;1;1; -1;1;0;4;50;Indemne;3
202300002655;155 675 889;B01;80;1;0;1;1;3;203 844 925;1;1;4;1;1991.0;9;8;0;-1;25;3;2023;14:30;1;75;75111;2;2;1;3;48.855754;2.391347;4;2;2;0;1;1; -1;1;0;1;30;Blessé léger;5
202300002655;155 675 889;B01;80;1;0;1;1;3;203 844 925;1;1;4;1;1991.0;9;8;0;-1;25;3;2023;14:30;1;75;75111;2;2;1;3;48.855754;2.391347;4;2; -1;0;1;1; -1;1;0;1;30;Blessé léger;5
202300002655;155 675 890;A01;10;0;2;8;22;1;203 844 926;1;1;1;1;1958.0;1;1;0;-1;25;3;2023;14:30;1;75;75111;2;2;1;3;48.855754;2.391347;4;2;2;0;1;1; -1;1;0;1;30;Indemne;5
202300002655;155 675 890;A01;10;0;2;8;22;1;203 844 926;1;1;1;1;1958.0;1;1;0;-1;25;3;2023;14:30;1;75;75111;2;2;1;3;48.855754;2.391347;4;2; -1;0;1;1; -1;1;0;1;30;Indemne;5
202300002658;155 675 885;A01;1;8;0;2;14;5;203 844 921;1;1;4;1;1998.0;5;8;0;-1;25;3;2023;20:15;5;75;75110;2;3;1;6;48.884274;2.359201;4;1;1;1;2;1; -1;1;0;5;30;Blessé léger;5
202300002658;155 675 885;A01;1;8;0;2;14;5;203 844 921;1;1;4;1;1998.0;5;8;0;-1;25;3;2023;20:15;5;75;75110;2;3;1;6;48.884274;2.359201;4;1; -1;1;1;1; -1;1;0;5;30;Blessé léger;5
202300002659;155 675 882;A01;7;0;2;3;23;1;203 844 918;1;1;1;1;1971.0;9;8;0;-1;23;12;2023;10:55;1;74;74010;2;1;1;3;45.90032;6.12741;4;1;2;0;1;1; -1;2;0;1;30;Indemne;5
202300002659;155 675 884;B01;1;1;0;1;0;5;203 844 920;1;1;4;2;1944.0;0;8;0;-1;23;12;2023;10:55;1;74;74010;2;1;1;3;45.90032;6.12741;4;1;2;0;1;1; -1;2;0;1;30;Blessé léger;5
202300002661;155 675 879;B01;1;0;2;6;13;5;203 844 913;1;1;3;2;1973.0;5;8;0;-1;7;6;2023;12:36;1;31;31555;2;1;1;3;43.621918;1.435035;7;1;2;0;1;1; -1;1;0;1;50;Blessé hospitalisé;2
202300002661;155 675 880;A01;33;0;2;1;2;1;203 844 915;1;1;1;1;1977.0;1;2;6;-1;7;6;2023;12:36;1;31;31555;2;1;1;3;43.621918;1.435035;7;1;2;0;1;1; -1;1;0;1;50;Indemne;2
202300002667;155 675 871;B01;7;0;2;2;1;2;203 844 905;1;1;1;1;1978.0;4;1;0;-1;25;3;2023;14:00;1;75;75108;2;7;1;3;48.865857;2.319885;4;2; -1;2;1;1; -1;1;0;1;30;Indemne;5
202300002667;155 675 871;B01;7;0;2;2;1;2;203 844 905;1;1;1;1;1978.0;4;1;0;-1;25;3;2023;14:00;1;75;75108;2;7;1;3;48.865857;2.319885;4;1;4;2;1;1; -1;1;0;1;30;Indemne;5
202300002667;155 675 873;A01;1;0;2;4;9;5;203 844 906;1;1;4;2;2000.0;5;2;0;-1;25;3;2023;14:00;1;75;75108;2;7;1;3;48.865857;2.319885;4;2; -1;2;1;1; -1;1;0;1;30;Blessé léger;5
202300002667;155 675 873;A01;1;0;2;4;9;5;203 844 906;1;1;4;2;2000.0;5;2;0;-1;25;3;2023;14:00;1;75;75108;2;7;1;3;48.865857;2.319885;4;1;4;2;1;1; -1;1;0;1;30;Blessé léger;5
202300002668;155 675 864;B01;1;0;2;1;1;5;203 844 898;1;1;4;1;1964.0;9;8;0;-1;24;3;2023;13:40;1;75;75108;2;1;2;3;48.8651;2.32233;4;-1;2;1;1;1; -1;2;0;5;30;Blessé léger;4
202300002668;155 675 866;A01;80;0;2;3;9;3;203 844 900;1;1;1;1;2001.0;9;8;0;-1;24;3;2023;13:40;1;75;75108;2;1;2;3;48.8651;2.32233;4;-1;2;1;1;1; -1;2;0;5;30;Indemne;4
202300002671;155 675 860;B01;1;0;2;3;2;5;203 844 893;1;1;4;1;1990.0;5;8;0;-1;25;3;2023;04:05;5;75;75107;2;3;1;3;48.859265;2.330219;4;1; -1;1;1;1; -1;1;0;5;30;Blessé léger;5
202300002671;155 675 860;B01;1;0;2;3;2;5;203 844 893;1;1;4;1;1990.0;5;8;0;-1;25;3;2023;04:05;5;75;75107;2;3;1;3;48.859265;2.330219;4;1;1;1;1;1; -1;1;0;5;30;Blessé léger;5
202300002671;155 675 862;A01;30;0;2;2;2;3;203 844 895;1;1;1;1;2000.0;5;2;0;-1;25;3;2023;04:05;5;75;75107;2;3;1;3;48.859265;2.330219;4;1; -1;1;1;1; -1;1;0;5;30;Indemne;5
202300002671;155 675 862;A01;30;0;2;2;2;3;203 844 895;1;1;1;1;2000.0;5;2;0;-1;25;3;2023;04:05;5;75;75107;2;3;1;3;48.859265;2.330219;4;1;1;1;1;1; -1;1;0;5;30;Indemne;5
202300002676;155 675 851;B01;7;0;2;1;1;1;203 844 878;1;1;1;2;1988.0;9;1;0;-1;24;3;2023;18:20;1;75;75107;2;2;3;3;48.857357;2.328889;4;1; -1;1;1;1; -1;2;0;5;-1;Indemne;4
202300002676;155 675 851;B01;7;0;2;1;1;1;203 844 878;1;1;1;2;1988.0;9;1;0;-1;24;3;2023;18:20;1;75;75107;2;2;3;3;48.857357;2.328889;4;1;1;1;1;1; -1;2;0;1;30;Indemne;4
202300002676;155 675 852;A01;1;0;2;8;1;5;203 844 880;1;1;4;2;1997.0;9;2;8;-1;24;3;2023;18:20;1;75;75107;2;2;3;3;48.857357;2.328889;4;1; -1;1;1;1; -1;2;0;5;-1;Blessé léger;4
202300002676;155 675 852;A01;1;0;2;8;1;5;203 844 880;1;1;4;2;1997.0;9;2;8;-1;24;3;2023;18:20;1;75;75107;2;2;3;3;48.857357;2.328889;4;1;1;1;1;1; -1;2;0;1;30;Blessé léger;4
202300002677;155 675 848;A01;1;0;1;1;1;5;203 844 872;10;3;1;2;1971.0;9;0;-1;-1;24;3;2023;13:10;1;75;75102;2;1;2;6;48.86685082;2.35286593;4;2;4;1;1;1; -1;2;0;5;30;Indemne;4
202300002677;155 675 848;A01;1;0;1;1;1;5;203 844 873;1;1;4;2;1992.0;1;8;0;-1;24;3;2023;13:10;1;75;75102;2;1;2;6;48.86685082;2.35286593;4;2;4;1;1;1; -1;2;0;5;30;Blessé léger;4
202300002683;155 675 836;A01;1;0;0;7;15;5;203 844 858;1;1;4;1;1959.0;5;2;-1;-1;14;12;2023;15:05;1;57;57370;2;6;8;3;49.391522;6.271498;3;2;2;0;1;2;7;1;0;1;50;Blessé léger;3
202300002683;155 675 836;A01;1;0;0;7;15;5;203 844 858;1;1;4;1;1959.0;5;2;-1;-1;14;12;2023;15:05;1;57;57370;2;6;8;3;49.391522;6.271498;3;2;2;0;1;1;7;1;0;1;50;Blessé léger;3
202300002683;155 675 836;A01;1;0;0;7;15;5;203 844 858;1;1;4;1;1959.0;5;2;-1;-1;14;12;2023;15:05;1;57;57370;2;6;8;3;49.391522;6.271498;3;2;2;1;1;1;7;1;0;1;50;Blessé léger;3
202300002683;155 675 837;B01;10;0;2;8;19;1;203 844 859;1;1;1;1;1996.0;4;1;-1;-1;14;12;2023;15:05;1;57;57370;2;6;8;3;49.391522;6.271498;3;2;2;0;1;2;7;1;0;1;50;Indemne;3
202300002683;155 675 837;B01;10;0;2;8;19;1;203 844 859;1;1;1;1;1996.0;4;1;-1;-1;14;12;2023;15:05;1;57;57370;2;6;8;3;49.391522;6.271498;3;2;2;0;1;1;7;1;0;1;50;Indemne;3
202300002683;155 675 837;B01;10;0;2;8;19;1;203 844 859;1;1;1;1;1996.0;4;1;-1;-1;14;12;2023;15:05;1;57;57370;2;6;8;3;49.391522;6.271498;3;2;2;1;1;1;7;1;0;1;50;Indemne;3
202300002696;155 675 812;A01;1;1;0;0;1;5;203 844 830;1;1;4;2;1969.0;0;2;-1;-1;27;12;2023;11:40;1;44;44143;2;1;8;6;47.18128384;-1.54516126;4;2;2;0;1;1; -1;1;0;1;50;Blessé léger;2
202300002702;155 675 801;A01;7;0;2;7;1;1;203 844 818;1;1;1;2;1997.0;0;8;-1;-1;21;12;2023;09:20;1;44;44109;2;6;8;3;47.21460505;-1.53764375;4;2;2;2;1;1; -1;1;5;1;50;Indemne;3
202300002702;155 675 804;B01;1;0;2;8;1;5;203 844 822;1;1;4;1;1998.0;0;8;-1;-1;21;12;2023;09:20;1;44;44109;2;6;8;3;47.21460505;-1.53764375;4;2;2;2;1;1; -1;1;5;1;50;Blessé léger;3
202300002709;155 675 787;A01;7;0;2;0;0;1;203 844 805;1;1;1;1;1993.0;0;8;-1;-1;19;12;2023;07:30;2;44;44109;2;6;8;3;47.21470921;-1.53786936;4;2;2;2;1;1; -1;1;5;1;50;Indemne;1
202300002709;155 675 789;B01;1;0;2;0;0;5;203 844 807;1;1;4;1;1995.0;0;8;-1;-1;19;12;2023;07:30;2;44;44109;2;6;8;3;47.21470921;-1.53786936;4;2;2;2;1;1; -1;1;5;1;50;Blessé léger;1
202300002713;155 675 779;A01;1;0;2;1;26;5;203 844 796;1;1;4;1;1975.0;5;8;0;-1;7;6;2023;21:10;1;10;10333;2;2;1;2;48.28954;4.06536;4;1;2;0;1;1; -1;1;0;1;50;Blessé léger;2
202300002713;155 675 779;A01;1;0;2;1;26;5;203 844 796;1;1;4;1;1975.0;5;8;0;-1;7;6;2023;21:10;1;10;10333;2;2;1;2;48.28954;4.06536;4;1;2;1;1;1; -1;1;0;1;50;Blessé léger;2
202300002713;155 675 781;B01;7;0;2;6;0;1;203 844 798;1;1;1;1;1928.0;5;1;0;-1;7;6;2023;21:10;1;10;10333;2;2;1;2;48.28954;4.06536;4;1;2;0;1;1; -1;1;0;1;50;Indemne;2
202300002713;155 675 781;B01;7;0;2;6;0;1;203 844 798;1;1;1;1;1928.0;5;1;0;-1;7;6;2023;21:10;1;10;10333;2;2;1;2;48.28954;4.06536;4;1;2;1;1;1; -1;1;0;1;50;Indemne;2
202300002723;155 675 757;A01;7;0;2;3;22;1;203 844 763;1;1;1;1;1960.0;4;1;0;-1;8;6;2023;01:25;5;75;75106;2;3;1;3;48.848228;2.320196;4;-1;1;0;1;1; -1;1;0;1;30;Indemne;3
202300002723;155 675 757;A01;7;0;2;3;22;1;203 844 763;1;1;1;1;1960.0;4;1;0;-1;8;6;2023;01:25;5;75;75106;2;3;1;3;48.848228;2.320196;4;2;1;3;1;1; -1;1;0;1;30;Indemne;3
202300002723;155 675 759;B01;1;0;2;1;1;5;203 844 765;1;1;4;1;2000.0;5;8;0;-1;8;6;2023;01:25;5;75;75106;2;3;1;3;48.848228;2.320196;4;-1;1;0;1;1; -1;1;0;1;30;Blessé léger;3
202300002723;155 675 759;B01;1;0;2;1;1;5;203 844 765;1;1;4;1;2000.0;5;8;0;-1;8;6;2023;01:25;5;75;75106;2;3;1;3;48.848228;2.320196;4;2;1;3;1;1; -1;1;0;1;30;Blessé léger;3
202300002726;155 675 751;B01;1;0;2;0;15;5;203 844 757;1;1;3;1;1992.0;9;2;0;-1;7;6;2023;18:40;1;75;75120;2;9;1;3;48.863085;2.38736;4;3;4;0;1;1; -1;1;0;1;30;Blessé hospitalisé;2
202300002726;155 675 751;B01;1;0;2;0;15;5;203 844 757;1;1;3;1;1992.0;9;2;0;-1;7;6;2023;18:40;1;75;75120;2;9;1;3;48.863085;2.38736;4;1; -1;1;1;1; -1;1;0;1;30;Blessé hospitalisé;2
202300002726;155 675 752;A01;33;0;2;1;1;1;203 844 758;1;1;3;1;1985.0;4;2;6;-1;7;6;2023;18:40;1;75;75120;2;9;1;3;48.863085;2.38736;4;3;4;0;1;1; -1;1;0;1;30;Blessé hospitalisé;2
202300002726;155 675 752;A01;33;0;2;1;1;1;203 844 758;1;1;3;1;1985.0;4;2;6;-1;7;6;2023;18:40;1;75;75120;2;9;1;3;48.863085;2.38736;4;1; -1;1;1;1; -1;1;0;1;30;Blessé hospitalisé;2
202300002731;155 675 741;A01;7;0;2;0;0;1;203 844 745;1;1;1;1;1972.0;0;8;-1;-1;18;12;2023;18:10;5;44;44109;2;3;8;3;47.2080671;-1.52697702;4;2;2;0;1;1; -1;1;5;1;50;Indemne;0
202300002731;155 675 741;A01;7;0;2;0;0;1;203 844 745;1;1;1;1;1972.0;0;8;-1;-1;18;12;2023;18:10;5;44;44109;2;3;8;3;47.2080671;-1.52697702;4;2;2;2;1;1; -1;1;5;1;50;Indemne;0
202300002731;155 675 743;B01;1;0;2;0;1;5;203 844 747;1;1;4;1;1969.0;0;8;-1;-1;18;12;2023;18:10;5;44;44109;2;3;8;3;47.2080671;-1.52697702;4;2;2;0;1;1; -1;1;5;1;50;Blessé léger;0
202300002731;155 675 743;B01;1;0;2;0;1;5;203 844 747;1;1;4;1;1969.0;0;8;-1;-1;18;12;2023;18:10;5;44;44109;2;3;8;3;47.2080671;-1.52697702;4;2;2;2;1;1; -1;1;5;1;50;Blessé léger;0
202300002732;155 675 740;B01;1;1;0;1;2;5;203 844 746;1;1;4;1;1989.0;0;8;0;-1;24;3;2023;15:00;1;93;93066;2;1;1;6;48.93862;2.357877;4;3;2;0;1;1; -1;1;0;1;30;Blessé léger;4