Num_Acc;id_vehicule;num_veh;catv;obs;obsm;choc;manv;motor;id_usager;place;catu;grav;sexe;an_nais;trajet;secu1;secu2;secu3;jour;mois;an;hrmn;lum;dep;com;agg;int;atm;col;lat;long;catr;circ;nbv;vosp;prof;plan;larrout;surf;infra;situ;vma;gravity;day_of_week
202300002732;155 675 744;A01;13;1;0;8;22;1;203 844 748;1;1;1;1;1970.0;0;1;0;-1;24;3;2023;15:00;1;93;93066;2;1;1;6;48.93862;2.357877;4;3;2;0;1;1; -1;1;0;1;30;Indemne;4
202300002733;155 675 739;A01;1;0;2;8;1;5;203 844 744;1;1;4;1;1991.0;9;2;8;-1;8;6;2023;20:20;1;75;75116;2;2;1;3;48.842445;2.251391;4;2;2;0;1;1; -1;1;0;1;30;Blessé léger;3
202300002733;155 675 739;A01;1;0;2;8;1;5;203 844 744;1;1;4;1;1991.0;9;2;8;-1;8;6;2023;20:20;1;75;75116;2;2;1;3;48.842445;2.251391;4;2;4;0;1;1; -1;1;0;1;30;Blessé léger;3
202300002739;155 675 728;A01;7;0;2;3;22;1;203 844 730;1;1;1;1;1970.0;1;1;0;-1;8;6;2023;09:00;1;75;75116;2;1;1;3;48.869076;2.283949;4;2;2;0;1;1; -1;1;0;1;50;Indemne;3
202300002739;155 675 729;B01;1;0;2;1;1;5;203 844 731;1;1;4;2;1953.0;9;8;0;-1;8;6;2023;09:00;1;75;75116;2;1;1;3;48.869076;2.283949;4;2;2;0;1;1; -1;1;0;1;50;Blessé léger;3
202300002740;155 675 731;A01;1;0;1;0;0;5;203 844 733;1;1;1;1;2003.0;0;8;-1;-1;15;12;2023;15:30;1;44;44109;2;1;8;6;47.21631892;-1.55622352;4;2;1;0;1;1; -1;1;6;1;30;Indemne;4
202300002740;155 675 731;A01;1;0;1;0;0;5;203 844 734;10;3;4;2;1997.0;0;0;-1;-1;15;12;2023;15:30;1;44;44109;2;1;8;6;47.21631892;-1.55622352;4;2;1;0;1;1; -1;1;6;1;30;Blessé léger;4
202300002765;155 675 689;A01;1;0;0;0;21;5;203 844 674;1;1;4;2;1986.0;0;8;-1;-1;8;12;2023;19:49;5;44;44109;2;1;8;7;47.219707;-1.5555997;4;-1;2;1;1;2; -1;1;-1;1;50;Blessé léger;4
202300002774;155 675 674;A01;1;0;0;0;21;5;203 844 655;1;1;4;2;1971.0;0;8;-1;-1;6;12;2023;09:50;1;44;44109;2;1;1;7;47.23565091;-1.56888092;4;2;2;2;1;1; -1;1;-1;1;50;Blessé léger;2
202300002780;155 675 665;A01;7;0;2;8;1;1;203 844 644;1;1;1;2;1944.0;0;8;-1;-1;4;12;2023;09:16;1;44;44109;2;6;8;3;47.25409546;-1.5763507;4;2;2;2;1;1; -1;1;-1;1;50;Indemne;0
202300002780;155 675 666;B01;80;0;2;1;15;3;203 844 645;1;1;4;2;1994.0;0;8;-1;-1;4;12;2023;09:16;1;44;44109;2;6;8;3;47.25409546;-1.5763507;4;2;2;2;1;1; -1;1;-1;1;50;Blessé léger;0
202300002793;155 675 644;A01;7;0;2;1;1;1;203 844 618;1;1;1;1;1972.0;0;8;-1;-1;27;11;2023;16:35;2;44;44109;1;2;8;3;47.22251686;-1.57217117;4;2;2;0;1;1; -1;1;0;1;50;Indemne;0
202300002793;155 675 645;B01;80;0;2;0;1;3;203 844 621;1;1;4;2;1984.0;0;8;-1;-1;27;11;2023;16:35;2;44;44109;1;2;8;3;47.22251686;-1.57217117;4;2;2;0;1;1; -1;1;0;1;50;Blessé léger;0
202300002822;155 675 596;B01;1;0;2;1;1;5;203 844 553;1;1;4;2;1971.0;0;2;0;-1;7;6;2023;15:32;1;92;92025;2;1;1;3;48.930906;2.255201;3;2;4;2;1;1; -1;1;0;5;30;Blessé léger;2
202300002822;155 675 597;A01;7;0;2;3;20;1;203 844 554;1;1;1;2;1951.0;0;1;0;-1;7;6;2023;15:32;1;92;92025;2;1;1;3;48.930906;2.255201;3;2;4;2;1;1; -1;1;0;5;30;Indemne;2
202300002841;155 675 559;A01;7;0;9;8;16;1;203 844 507;1;1;1;2;1980.0;0;1;-1;-1;8;6;2023;08:29;1;06;06161;2;1;1;3;43.654772;7.12505;3;2;2;1;1;1; -1;1;0;1;50;Indemne;3
202300002841;155 675 560;B01;1;0;2;8;1;5;203 844 509;1;1;4;1;1944.0;0;2;-1;-1;8;6;2023;08:29;1;06;06161;2;1;1;3;43.654772;7.12505;3;2;2;1;1;1; -1;1;0;1;50;Blessé léger;3
202300002852;155 675 540;B01;80;0;2;0;0;3;203 844 486;1;1;4;2;1966.0;0;8;-1;-1;10;11;2023;10:15;1;44;44109;2;6;8;3;47.21273421;-1.57170925;4;2;2;0;1;1; -1;1;0;1;30;Blessé léger;4
202300002852;155 675 541;A01;7;0;2;0;0;1;203 844 487;1;1;1;1;1996.0;0;8;-1;-1;10;11;2023;10:15;1;44;44109;2;6;8;3;47.21273421;-1.57170925;4;2;2;0;1;1; -1;1;0;1;30;Indemne;4
202300002853;155 675 536;A01;7;0;2;0;1;1;203 844 480;1;1;1;2;1983.0;0;8;-1;-1;8;11;2023;09:25;1;44;44109;2;1;8;3;47.20168532;-1.55390251;4;2;2;1;1;1; -1;1;-1;1;50;Indemne;2
202300002853;155 675 537;B01;1;0;2;0;0;5;203 844 482;1;1;4;2;2001.0;0;8;-1;-1;8;11;2023;09:25;1;44;44109;2;1;8;3;47.20168532;-1.55390251;4;2;2;1;1;1; -1;1;-1;1;50;Blessé léger;2
202300002856;155 675 533;B01;7;0;9;8;2;1;203 844 477;1;1;1;1;1987.0;5;1;0;-1;23;3;2023;20:45;5;92;92025;2;3;1;3;48.919108;2.255542;4;1;1;1;1;1; -1;1;0;1;30;Indemne;3
202300002856;155 675 533;B01;7;0;9;8;2;1;203 844 477;1;1;1;1;1987.0;5;1;0;-1;23;3;2023;20:45;5;92;92025;2;3;1;3;48.919108;2.255542;4;2;2;0;1;1; -1;1;0;1;30;Indemne;3
202300002856;155 675 538;A01;1;0;2;1;16;5;203 844 485;1;1;4;2;1994.0;0;8;0;-1;23;3;2023;20:45;5;92;92025;2;3;1;3;48.919108;2.255542;4;1;1;1;1;1; -1;1;0;1;30;Blessé léger;3
202300002856;155 675 538;A01;1;0;2;1;16;5;203 844 485;1;1;4;2;1994.0;0;8;0;-1;23;3;2023;20:45;5;92;92025;2;3;1;3;48.919108;2.255542;4;2;2;0;1;1; -1;1;0;1;30;Blessé léger;3
202300002876;155 675 492;C01;1;0;2;1;1;5;203 844 426;1;1;3;1;1981.0;5;2;-1;-1;25;3;2023;15:00;1;80;80668;2;1;6;1;49.787002;2.379428;4;1;2;0;1;1;5;1;0;1;30;Blessé hospitalisé;5
202300002876;155 675 494;B01;1;0;2;1;1;5;203 844 428;1;1;1;1;1979.0;5;2;-1;-1;25;3;2023;15:00;1;80;80668;2;1;6;1;49.787002;2.379428;4;1;2;0;1;1;5;1;0;1;30;Indemne;5
202300002876;155 675 498;A01;7;0;2;1;5;1;203 844 432;1;1;1;1;1985.0;5;1;-1;-1;25;3;2023;15:00;1;80;80668;2;1;6;1;49.787002;2.379428;4;1;2;0;1;1;5;1;0;1;30;Indemne;5
202300002876;155 675 498;A01;7;0;2;1;5;1;203 844 433;2;2;1;2;1980.0;5;1;-1;-1;25;3;2023;15:00;1;80;80668;2;1;6;1;49.787002;2.379428;4;1;2;0;1;1;5;1;0;1;30;Indemne;5
202300002876;155 675 499;D01;1;0;2;1;1;5;203 844 434;1;1;1;1;1971.0;5;2;-1;-1;25;3;2023;15:00;1;80;80668;2;1;6;1;49.787002;2.379428;4;1;2;0;1;1;5;1;0;1;30;Indemne;5
202300002892;155 675 463;A01;7;0;2;3;15;1;203 844 391;1;1;1;1;1986.0;0;8;-1;-1;7;11;2023;08:45;1;44;44109;2;3;1;3;47.22399688;-1.58443897;4;2;2;2;2;1; -1;1;-1;1;30;Indemne;1
202300002892;155 675 463;A01;7;0;2;3;15;1;203 844 391;1;1;1;1;1986.0;0;8;-1;-1;7;11;2023;08:45;1;44;44109;2;3;1;3;47.22399688;-1.58443897;4;2;2;2;2;1; -1;1;-1;1;50;Indemne;1
202300002892;155 675 466;B01;1;0;2;8;1;5;203 844 394;1;1;4;1;1989.0;0;8;-1;-1;7;11;2023;08:45;1;44;44109;2;3;1;3;47.22399688;-1.58443897;4;2;2;2;2;1; -1;1;-1;1;30;Blessé léger;1
202300002892;155 675 466;B01;1;0;2;8;1;5;203 844 394;1;1;4;1;1989.0;0;8;-1;-1;7;11;2023;08:45;1;44;44109;2;3;1;3;47.22399688;-1.58443897;4;2;2;2;2;1; -1;1;-1;1;50;Blessé léger;1
202300002914;155 675 429;A01;1;0;0;0;26;5;203 844 344;1;1;2;1;1954.0;5;2;-1;-1;31;8;2023;10:16;1;38;38389;1;1;1;7;45.5443;5.05956;4;2;2;-1;3;1; -1;1;0;1;-1;Tué;3
202300002916;155 675 423;A01;7;0;2;8;26;1;203 844 333;1;1;1;1;1995.0;0;8;-1;-1;28;10;2023;02:15;5;44;44109;2;1;8;3;47.19452023;-1.53292799;4;2;2;2;1;1; -1;1;-1;1;50;Indemne;5
202300002916;155 675 425;B01;1;0;2;7;1;5;203 844 338;1;1;4;1;2007.0;0;8;-1;-1;28;10;2023;02:15;5;44;44109;2;1;8;3;47.19452023;-1.53292799;4;2;2;2;1;1; -1;1;-1;1;50;Blessé léger;5
202300002949;155 675 370;A01;1;0;2;1;2;5;203 844 254;1;1;4;1;2007.0;5;2;-1;-1;7;6;2023;16:30;1;03;03093;1;1;1;2;46.185492;3.465364;3;2;1;0;2;1;3;1;0;5;50;Blessé léger;2
202300002949;155 675 372;B01;1;0;2;4;2;5;203 844 257;1;1;3;1;1975.0;5;2;-1;-1;7;6;2023;16:30;1;03;03093;1;1;1;2;46.185492;3.465364;3;2;1;0;2;1;3;1;0;5;50;Blessé hospitalisé;2
202300002960;155 675 352;B01;1;0;2;1;1;5;203 844 226;1;1;4;1;2000.0;0;8;-1;-1;21;10;2023;19:11;4;44;44109;2;6;1;3;47.22190912;-1.57879487;4;-1;2;2;1;1; -1;1;-1;1;50;Blessé léger;5
202300002960;155 675 353;A01;7;0;2;8;15;1;203 844 228;1;1;1;2;1965.0;0;8;-1;-1;21;10;2023;19:11;4;44;44109;2;6;1;3;47.22190912;-1.57879487;4;-1;2;2;1;1; -1;1;-1;1;50;Indemne;5
202300002970;155 675 332;A01;1;0;2;1;15;5;203 844 189;1;1;3;1;2008.0;1;8;0;-1;11;8;2023;19:15;1;10;10333;2;3;1;3;48.28495;4.0671;4;2;2;0;1;1; -1;1;0;1;50;Blessé hospitalisé;4
202300002970;155 675 332;A01;1;0;2;1;15;5;203 844 189;1;1;3;1;2008.0;1;8;0;-1;11;8;2023;19:15;1;10;10333;2;3;1;3;48.28495;4.0671;4;-1;1;0;2;1; -1;1;0;1;50;Blessé hospitalisé;4
202300002970;155 675 336;B01;7;0;2;2;1;1;203 844 194;1;1;1;2;1951.0;3;1;0;-1;11;8;2023;19:15;1;10;10333;2;3;1;3;48.28495;4.0671;4;2;2;0;1;1; -1;1;0;1;50;Indemne;4
202300002970;155 675 336;B01;7;0;2;2;1;1;203 844 194;1;1;1;2;1951.0;3;1;0;-1;11;8;2023;19:15;1;10;10333;2;3;1;3;48.28495;4.0671;4;-1;1;0;2;1; -1;1;0;1;50;Indemne;4
202300002983;155 675 310;A01;1;14;0;0;1;5;203 844 160;1;1;4;2;1985.0;0;8;-1;-1;19;10;2023;17:07;1;44;44109;2;1;1;6;47.2164812;-1.5468106;4;-1;2;1;1;1; -1;1;0;1;50;Blessé léger;3
202300002992;155 675 297;A01;1;0;0;0;0;5;203 844 141;1;1;4;1;2014.0;0;8;-1;-1;14;10;2023;19:15;1;44;44143;2;1;1;7;47.18658072;-1.55722553;4;2;2;2;1;3; -1;1;-1;1;50;Blessé léger;5
202300003002;155 675 282;B01;1;0;2;7;19;5;203 844 121;1;1;3;1;1952.0;5;0;-1;-1;22;8;2023;09:00;1;66;66037;2;1;1;3;42.70150063;3.0142504;4;2;2;0;1;1; -1;1;0;1;50;Blessé hospitalisé;1
202300003002;155 675 283;A01;7;0;9;3;21;1;203 844 124;1;1;1;1;1978.0;5;1;-1;-1;22;8;2023;09:00;1;66;66037;2;1;1;3;42.70150063;3.0142504;4;2;2;0;1;1; -1;1;0;1;50;Indemne;1
202300003011;155 675 267;A01;1;0;0;0;0;5;203 844 101;1;1;4;1;1979.0;0;0;-1;-1;4;10;2023;06:20;2;44;44109;2;1;1;7;47.21398575;-1.55315757;4;-1;2;0;1;1; -1;1;6;1;30;Blessé léger;2
202300003014;155 675 263;B01;1;0;2;0;5;5;203 844 096;1;1;4;1;1963.0;0;8;-1;-1;4;10;2023;12:25;1;44;44109;2;2;8;3;47.20572266;-1.54879645;4;-1;1;0;1;1; -1;1;5;1;50;Blessé léger;2
202300003014;155 675 263;B01;1;0;2;0;5;5;203 844 096;1;1;4;1;1963.0;0;8;-1;-1;4;10;2023;12:25;1;44;44109;2;2;8;3;47.20572266;-1.54879645;4;2;2;1;1;1; -1;1;5;1;50;Blessé léger;2
202300003014;155 675 264;A01;7;0;2;0;1;1;203 844 098;1;1;1;1;2001.0;0;8;-1;-1;4;10;2023;12:25;1;44;44109;2;2;8;3;47.20572266;-1.54879645;4;-1;1;0;1;1; -1;1;5;1;50;Indemne;2
202300003014;155 675 264;A01;7;0;2;0;1;1;203 844 098;1;1;1;1;2001.0;0;8;-1;-1;4;10;2023;12:25;1;44;44109;2;2;8;3;47.20572266;-1.54879645;4;2;2;1;1;1; -1;1;5;1;50;Indemne;2
202300003018;155 675 255;A01;1;0;2;4;1;5;203 844 083;1;1;4;1;1962.0;5;0;-1;-1;8;6;2023;15:30;1;30;30227;2;1;1;2;44.26058;4.198081;9;2;2;0;1;1; -1;1;9;1;30;Blessé léger;3
202300003021;155 675 250;B01;1;0;2;8;1;5;203 844 078;1;1;4;2;1968.0;0;8;-1;-1;3;10;2023;07:40;5;44;44162;2;1;8;3;47.24410805;-1.60646591;4;2;2;0;1;1; -1;1;0;1;50;Blessé léger;1
202300003021;155 675 251;A01;7;0;2;7;1;1;203 844 079;1;1;1;1;2003.0;0;8;-1;-1;3;10;2023;07:40;5;44;44162;2;1;8;3;47.24410805;-1.60646591;4;2;2;0;1;1; -1;1;0;1;50;Indemne;1
202300003030;155 675 234;A01;7;0;2;0;0;1;203 844 052;1;1;1;1;1975.0;0;8;-1;-1;30;9;2023;08:30;1;44;44109;2;6;8;3;47.21160702;-1.576663;4;2;2;0;1;2; -1;1;5;1;30;Indemne;5
202300003030;155 675 235;B01;80;0;2;0;0;3;203 844 054;1;1;4;1;2006.0;0;8;-1;-1;30;9;2023;08:30;1;44;44109;2;6;8;3;47.21160702;-1.576663;4;2;2;0;1;2; -1;1;5;1;30;Blessé léger;5
202300003048;155 675 207;A01;7;0;2;7;21;1;203 844 015;1;1;1;1;1944.0;0;8;-1;-1;27;9;2023;12:20;1;44;44109;2;1;8;3;47.23863287;-1.53202195;4;2;2;2;1;1; -1;1;-1;1;50;Indemne;2
202300003048;155 675 209;B01;1;0;2;8;21;5;203 844 016;1;1;4;1;1999.0;0;8;-1;-1;27;9;2023;12:20;1;44;44109;2;1;8;3;47.23863287;-1.53202195;4;2;2;2;1;1; -1;1;-1;1;50;Blessé léger;2
202300003053;155 675 199;A01;1;13;0;0;1;5;203 844 006;1;1;4;1;2006.0;5;0;-1;-1;8;6;2023;14:30;1;2B;2B084;1;1;1;7;42.567214;8.883111;3;2;2;0;2;1;4;1;0;1;80;Blessé léger;3
202300003054;155 675 198;A01;1;12;0;0;0;5;203 844 005;1;1;4;1;1982.0;0;0;-1;-1;18;9;2023;14:30;1;44;44109;2;6;8;6;47.2748123;-1.51388542;4;2;2;2;1;4; -1;1;5;1;50;Blessé léger;0
202300003055;155 675 200;B01;1;0;0;2;2;5;203 844 007;1;1;4;1;1969.0;1;2;-1;-1;21;8;2023;07:20;1;01;01142;2;6;7;3;45.846129;5.065561;3;1;2;0;1;2;5;1;0;1;50;Blessé léger;0
202300003055;155 675 202;A01;7;0;2;3;2;1;203 844 009;1;1;1;2;1962.0;1;1;-1;-1;21;8;2023;07:20;1;01;01142;2;6;7;3;45.846129;5.065561;3;1;2;0;1;2;5;1;0;1;50;Indemne;0
202300003056;155 675 196;A01;1;0;0;0;0;5;203 844 002;1;1;4;1;2000.0;0;8;-1;-1;18;9;2023;18:15;1;44;44109;2;6;1;7;47.24483254;-1.56136558;4;2;2;2;1;4; -1;1;5;1;50;Blessé léger;0
202300003057;155 675 192;A01;7;0;9;2;2;1;203 843 999;1;1;1;2;1997.0;0;1;-1;-1;9;6;2023;15:20;1;66;66171;2;1;1;2;42.6363332;3.00003737;4;2;2;0;1;1; -1;1;0;1;70;Indemne;4
202300003057;155 675 195;B01;1;0;0;4;15;5;203 844 003;1;1;3;1;1977.0;1;0;-1;-1;9;6;2023;15:20;1;66;66171;2;1;1;2;42.6363332;3.00003737;4;2;2;0;1;1; -1;1;0;1;70;Blessé hospitalisé;4
202300003062;155 675 187;B01;1;0;2;8;1;5;203 843 992;1;1;4;2;2002.0;0;8;-1;-1;17;9;2023;04:31;5;44;44109;2;1;8;3;47.23022271;-1.56325373;4;2;2;0;1;1; -1;1;0;1;50;Blessé léger;6
202300003065;155 675 181;A01;1;0;1;1;1;5;203 843 984;1;1;1;1;1982.0;0;8;-1;-1;16;9;2023;10:30;1;44;44109;2;1;8;6;47.23373837;-1.53610223;4;2;2;2;1;1; -1;1;5;1;50;Indemne;5
202300003065;155 675 181;A01;1;0;1;1;1;5;203 843 986;10;3;4;2;1954.0;0;8;-1;-1;16;9;2023;10:30;1;44;44109;2;1;8;6;47.23373837;-1.53610223;4;2;2;2;1;1; -1;1;5;1;50;Blessé léger;5
202300003073;155 675 169;A01;80;0;0;8;15;3;203 843 973;1;1;3;2;1984.0;5;2;9;-1;26;3;2023;10:45;1;58;58160;2;1;3;7;46.971029;3.115568;3;2;2;0;2;1;5;2;0;1;-1;Blessé hospitalisé;6
202300003077;155 675 162;A01;7;0;2;0;1;1;203 843 964;1;1;1;1;1992.0;0;8;-1;-1;13;9;2023;11:05;1;44;44109;2;6;8;3;47.18768145;-1.52037935;4;2;2;0;1;1; -1;1;5;1;50;Indemne;2
202300003077;155 675 164;B01;1;0;2;0;1;5;203 843 966;1;1;4;1;1943.0;0;8;-1;-1;13;9;2023;11:05;1;44;44109;2;6;8;3;47.18768145;-1.52037935;4;2;2;0;1;1; -1;1;5;1;50;Blessé léger;2
202300003083;155 675 155;A01;50;0;2;0;1;3;203 843 954;1;1;4;1;1989.0;0;8;-1;-1;9;9;2023;00:05;5;44;44190;2;6;8;3;47.20953615;-1.5096999;4;2;2;1;1;1; -1;1;-1;1;50;Blessé léger;5
202300003083;155 675 156;B01;1;0;2;0;1;5;203 843 956;1;1;1;1;1985.0;0;8;-1;-1;9;9;2023;00:05;5;44;44190;2;6;8;3;47.20953615;-1.5096999;4;2;2;1;1;1; -1;1;-1;1;50;Indemne;5
202300003095;155 675 134;B01;7;0;2;1;1;1;203 843 931;1;1;1;1;2003.0;0;8;-1;-1;5;9;2023;20:49;1;44;44109;2;2;1;3;47.22842837;-1.52626834;4;2;2;2;1;1; -1;1;5;1;50;Indemne;1
202300003095;155 675 136;A01;1;0;2;8;1;5;203 843 933;1;1;4;2;1992.0;0;8;-1;-1;5;9;2023;20:49;1;44;44109;2;2;1;3;47.22842837;-1.52626834;4;2;2;2;1;1; -1;1;5;1;50;Blessé léger;1
202300003097;155 675 130;A01;1;0;0;0;0;5;203 843 927;1;1;4;1;1955.0;0;0;-1;-1;4;9;2023;19:10;1;44;44109;2;6;8;7;47.19705341;-1.54011151;4;2;2;0;1;1; -1;1;5;1;50;Blessé léger;0
202300003104;155 675 117;A01;1;0;0;0;0;5;203 843 912;1;1;2;2;1987.0;5;0;-1;-1;8;6;2023;16:50;1;22;22179;1;1;1;7;48.642529;-2.391779;3;2;2;0;2;1; -1;1;0;1;70;Tué;3
202300003110;155 675 106;A01;1;0;0;0;1;5;203 843 901;1;1;4;1;1971.0;0;8;-1;-1;17;8;2023;12:35;1;44;44162;2;6;8;7;47.21731467;-1.61206237;4;2;2;0;1;1; -1;1;5;1;50;Blessé léger;3
202300003116;155 675 095;B01;10;0;2;7;1;1;203 843 890;1;1;1;1;1992.0;0;8;-1;-1;11;8;2023;13:01;1;44;44109;2;3;8;3;47.21943029;-1.53478702;4;1;1;0;1;1; -1;1;0;1;30;Indemne;4
202300003116;155 675 095;B01;10;0;2;7;1;1;203 843 890;1;1;1;1;1992.0;0;8;-1;-1;11;8;2023;13:01;1;44;44109;2;3;8;3;47.21943029;-1.53478702;4;2;2;2;1;1; -1;2;5;1;50;Indemne;4
202300003116;155 675 097;A01;1;0;2;1;26;5;203 843 892;1;1;4;2;1990.0;0;8;-1;-1;11;8;2023;13:01;1;44;44109;2;3;8;3;47.21943029;-1.53478702;4;1;1;0;1;1; -1;1;0;1;30;Blessé léger;4
202300003116;155 675 097;A01;1;0;2;1;26;5;203 843 892;1;1;4;2;1990.0;0;8;-1;-1;11;8;2023;13:01;1;44;44109;2;3;8;3;47.21943029;-1.53478702;4;2;2;2;1;1; -1;2;5;1;50;Blessé léger;4
202300003124;155 675 079;A01;7;0;2;7;15;1;203 843 869;1;1;1;2;1999.0;0;8;-1;-1;9;8;2023;18:10;1;44;44109;2;1;8;3;47.2333119;-1.56584948;4;2;2;2;1;1; -1;1;0;1;50;Indemne;2
202300003124;155 675 080;C01;1;0;2;8;1;5;203 843 872;1;1;4;1;2002.0;0;8;-1;-1;9;8;2023;18:10;1;44;44109;2;1;8;3;47.2333119;-1.56584948;4;2;2;2;1;1; -1;1;0;1;50;Blessé léger;2
202300003126;155 675 073;A01;7;0;2;0;1;1;203 843 862;1;1;1;2;1965.0;0;8;-1;-1;23;7;2023;20:40;1;44;44109;2;1;1;3;47.25840765;-1.51722206;4;2;4;2;1;1; -1;1;-1;1;50;Indemne;6
202300003126;155 675 075;B01;1;0;2;0;0;5;203 843 864;1;1;4;1;1990.0;0;8;-1;-1;23;7;2023;20:40;1;44;44109;2;1;1;3;47.25840765;-1.51722206;4;2;4;2;1;1; -1;1;-1;1;50;Blessé léger;6
202300003129;155 675 065;A01;1;0;0;0;1;5;203 843 851;1;1;2;1;1969.0;5;2;-1;-1;1;10;2023;10:45;1;39;39441;1;1;1;7;46.419196;6.060109;3;2;2;0;2;1;5;1;0;3;80;Tué;6
202300003206;155 674 932;B01;1;0;2;4;15;0;203 843 682;1;1;4;1;2000.0;0;8;-1;-1;12;2;2023;04:30;5;69;69266;2;3;1;2;45.77281;4.85973;4;2;2;1;1;1; -1;1;0;1;50;Blessé léger;6
202300003206;155 674 932;B01;1;0;2;4;15;0;203 843 682;1;1;4;1;2000.0;0;8;-1;-1;12;2;2023;04:30;5;69;69266;2;3;1;2;45.77281;4.85973;4;2;2;0;1;1; -1;1;0;1;50;Blessé léger;6
202300003206;155 674 934;A01;7;0;2;1;1;1;203 843 684;1;1;1;1;1977.0;0;1;-1;-1;12;2;2023;04:30;5;69;69266;2;3;1;2;45.77281;4.85973;4;2;2;1;1;1; -1;1;0;1;50;Indemne;6
202300003206;155 674 934;A01;7;0;2;1;1;1;203 843 684;1;1;1;1;1977.0;0;1;-1;-1;12;2;2023;04:30;5;69;69266;2;3;1;2;45.77281;4.85973;4;2;2;0;1;1; -1;1;0;1;50;Indemne;6
202300003216;155 674 915;B01;1;0;2;7;0;5;203 843 659;1;1;4;1;1962.0;0;8;8;-1;19;8;2023;16:45;1;66;66136;1;6;1;3;42.67361;2.88801;3;1;2;0;1;2;5;1;0;1;30;Blessé léger;5
202300003218;155 674 911;A01;1;0;2;1;16;5;203 843 652;1;1;3;1;1986.0;5;8;0;-1;19;8;2023;20:05;1;64;64140;2;2;1;1;43.52795;-1.47439;3;2;2;0;1;1; -1;1;0;1;50;Blessé hospitalisé;5
202300003218;155 674 911;A01;1;0;2;1;16;5;203 843 652;1;1;3;1;1986.0;5;8;0;-1;19;8;2023;20:05;1;64;64140;2;2;1;1;43.52795;-1.47439;3;2;2;0;1;1; -1;1;0;1;50;Blessé hospitalisé;5
202300003218;155 674 912;B01;7;0;2;1;15;1;203 843 653;1;1;1;2;2003.0;5;1;0;-1;19;8;2023;20:05;1;64;64140;2;2;1;1;43.52795;-1.47439;3;2;2;0;1;1; -1;1;0;1;50;Indemne;5
202300003218;155 674 912;B01;7;0;2;1;15;1;203 843 653;1;1;1;2;2003.0;5;1;0;-1;19;8;2023;20:05;1;64;64140;2;2;1;1;43.52795;-1.47439;3;2;2;0;1;1; -1;1;0;1;50;Indemne;5
202300003231;155 674 890;B01;7;0;2;3;15;1;203 843 623;1;1;1;1;1983.0;0;1;0;-1;20;8;2023;15:10;1;51;51454;2;2;1;3;49.26164;4.05105;4;2;3;3;1;1; -1;1;0;1;50;Indemne;6
202300003231;155 674 890;B01;7;0;2;3;15;1;203 843 623;1;1;1;1;1983.0;0;1;0;-1;20;8;2023;15:10;1;51;51454;2;2;1;3;49.26164;4.05105;4;1;1;0;1;1; -1;1;0;1;50;Indemne;6
202300003231;155 674 893;A01;80;0;2;2;1;3;203 843 627;1;1;4;1;2001.0;0;8;0;-1;20;8;2023;15:10;1;51;51454;2;2;1;3;49.26164;4.05105;4;2;3;3;1;1; -1;1;0;1;50;Blessé léger;6
202300003231;155 674 893;A01;80;0;2;2;1;3;203 843 627;1;1;4;1;2001.0;0;8;0;-1;20;8;2023;15:10;1;51;51454;2;2;1;3;49.26164;4.05105;4;1;1;0;1;1; -1;1;0;1;50;Blessé léger;6
202300003250;155 674 852;B01;1;0;2;1;1;5;203 843 574;1;1;4;1;1960.0;5;8;0;-1;21;8;2023;15:35;1;25;25204;2;2;1;3;46.92223;6.3445;4;2;2;0;4;1; -1;1;0;1;50;Blessé léger;0
202300003250;155 674 852;B01;1;0;2;1;1;5;203 843 574;1;1;4;1;1960.0;5;8;0;-1;21;8;2023;15:35;1;25;25204;2;2;1;3;46.92223;6.3445;4;2;2;0;1;1; -1;1;0;1;50;Blessé léger;0
202300003250;155 674 854;A01;7;0;9;2;1;1;203 843 576;1;1;1;2;1972.0;5;1;0;-1;21;8;2023;15:35;1;25;25204;2;2;1;3;46.92223;6.3445;4;2;2;0;4;1; -1;1;0;1;50;Indemne;0
202300003250;155 674 854;A01;7;0;9;2;1;1;203 843 576;1;1;1;2;1972.0;5;1;0;-1;21;8;2023;15:35;1;25;25204;2;2;1;3;46.92223;6.3445;4;2;2;0;1;1; -1;1;0;1;50;Indemne;0
202300003261;155 674 832;B01;1;0;2;4;0;5;203 843 549;1;1;3;1;1950.0;9;8;-1;-1;11;2;2023;17:30;1;69;69388;2;2;1;2;45.73148;4.87388;4;2;3;2;1;1; -1;1;0;1;50;Blessé hospitalisé;5
202300003261;155 674 832;B01;1;0;2;4;0;5;203 843 549;1;1;3;1;1950.0;9;8;-1;-1;11;2;2023;17:30;1;69;69388;2;2;1;2;45.73148;4.87388;4;2;3;3;1;1; -1;1;0;1;50;Blessé hospitalisé;5
202300003271;155 674 811;A01;1;0;2;6;19;5;203 843 523;1;1;3;1;1960.0;0;8;0;-1;11;2;2023;09:50;1;83;83137;2;1;1;6;43.12734;5.91803;7;1;4;0;1;1; -1;1;0;1;50;Blessé hospitalisé;5
202300003271;155 674 813;B01;33;0;2;1;1;1;203 843 525;1;1;1;1;1999.0;9;2;7;-1;11;2;2023;09:50;1;83;83137;2;1;1;6;43.12734;5.91803;7;1;4;0;1;1; -1;1;0;1;50;Indemne;5