Num_Acc;id_vehicule;num_veh;catv;obs;obsm;choc;manv;motor;id_usager;place;catu;grav;sexe;an_nais;trajet;secu1;secu2;secu3;jour;mois;an;hrmn;lum;dep;com;agg;int;atm;col;lat;long;catr;circ;nbv;vosp;prof;plan;larrout;surf;infra;situ;vma;gravity;day_of_week
202300003274;155 674 806;A01;1;0;1;1;1;5;203 843 517;1;1;1;1;1974.0;1;2;0;-1;22;8;2023;19:25;1;75;75106;2;2;1;6;48.848971;2.328739;4;-1; -1;0;1;1; -1;1;0;1;30;Indemne;1
202300003274;155 674 806;A01;1;0;1;1;1;5;203 843 517;1;1;1;1;1974.0;1;2;0;-1;22;8;2023;19:25;1;75;75106;2;2;1;6;48.848971;2.328739;4;2;4;2;1;1; -1;1;0;1;30;Indemne;1
202300003274;155 674 806;A01;1;0;1;1;1;5;203 843 519;10;3;4;2;2002.0;9;0;-1;-1;22;8;2023;19:25;1;75;75106;2;2;1;6;48.848971;2.328739;4;-1; -1;0;1;1; -1;1;0;1;30;Blessé léger;1
202300003274;155 674 806;A01;1;0;1;1;1;5;203 843 519;10;3;4;2;2002.0;9;0;-1;-1;22;8;2023;19:25;1;75;75106;2;2;1;6;48.848971;2.328739;4;2;4;2;1;1; -1;1;0;1;30;Blessé léger;1
202300003286;155 674 782;Z01;7;0;2;1;1;1;203 843 482;1;1;1;1;1999.0;5;8;-1;-1;11;2;2023;06:00;5;64;64348;2;3;1;3;43.32084;-0.37897;4;2;5;1;1;1; -1;1;0;1;50;Indemne;5
202300003286;155 674 782;Z01;7;0;2;1;1;1;203 843 482;1;1;1;1;1999.0;5;8;-1;-1;11;2;2023;06:00;5;64;64348;2;3;1;3;43.32084;-0.37897;4;2;2;0;1;1; -1;1;0;1;50;Indemne;5
202300003286;155 674 783;A01;1;0;2;0;15;5;203 843 484;1;1;4;1;1982.0;1;8;0;-1;11;2;2023;06:00;5;64;64348;2;3;1;3;43.32084;-0.37897;4;2;5;1;1;1; -1;1;0;1;50;Blessé léger;5
202300003286;155 674 783;A01;1;0;2;0;15;5;203 843 484;1;1;4;1;1982.0;1;8;0;-1;11;2;2023;06:00;5;64;64348;2;3;1;3;43.32084;-0.37897;4;2;2;0;1;1; -1;1;0;1;50;Blessé léger;5
202300003296;155 674 764;B01;1;0;2;1;1;5;203 843 458;1;1;3;1;1968.0;1;8;0;-1;10;2;2023;07:30;5;59;59271;2;4;5;3;51.022136;2.31388;4;1;1;0;1;3; -1;2;0;5;50;Blessé hospitalisé;4
202300003296;155 674 764;B01;1;0;2;1;1;5;203 843 458;1;1;3;1;1968.0;1;8;0;-1;10;2;2023;07:30;5;59;59271;2;4;5;3;51.022136;2.31388;4;2;1;1;1;1; -1;2;0;5;50;Blessé hospitalisé;4
202300003296;155 674 766;A01;7;0;0;2;19;1;203 843 460;2;2;1;2;2000.0;1;1;0;-1;10;2;2023;07:30;5;59;59271;2;4;5;3;51.022136;2.31388;4;1;1;0;1;3; -1;2;0;5;50;Indemne;4
202300003296;155 674 766;A01;7;0;0;2;19;1;203 843 460;2;2;1;2;2000.0;1;1;0;-1;10;2;2023;07:30;5;59;59271;2;4;5;3;51.022136;2.31388;4;2;1;1;1;1; -1;2;0;5;50;Indemne;4
202300003296;155 674 766;A01;7;0;0;2;19;1;203 843 461;1;1;1;2;2003.0;1;1;0;-1;10;2;2023;07:30;5;59;59271;2;4;5;3;51.022136;2.31388;4;1;1;0;1;3; -1;2;0;5;50;Indemne;4
202300003296;155 674 766;A01;7;0;0;2;19;1;203 843 461;1;1;1;2;2003.0;1;1;0;-1;10;2;2023;07:30;5;59;59271;2;4;5;3;51.022136;2.31388;4;2;1;1;1;1; -1;2;0;5;50;Indemne;4
202300003298;155 674 761;A01;1;0;2;4;1;5;203 843 454;1;1;4;1;1975.0;1;8;0;-1;11;2;2023;11:00;1;56;56121;2;6;1;2;47.74521;-3.36598;4;2;2;0;1;1; -1;1;5;1;30;Blessé léger;5
202300003302;155 674 750;A01;13;0;2;1;1;1;203 843 441;1;1;1;1;1960.0;4;1;0;-1;21;8;2023;10:45;1;94;94073;2;3;1;3;48.75294;2.38717;3;2;4;0;1;1;12;1;0;1;70;Indemne;0
202300003302;155 674 750;A01;13;0;2;1;1;1;203 843 441;1;1;1;1;1960.0;4;1;0;-1;21;8;2023;10:45;1;94;94073;2;3;1;3;48.75294;2.38717;3;2;4;0;1;1;12;1;0;8;50;Indemne;0
202300003302;155 674 751;B01;1;0;2;2;15;5;203 843 442;1;1;4;1;1984.0;0;8;0;-1;21;8;2023;10:45;1;94;94073;2;3;1;3;48.75294;2.38717;3;2;4;0;1;1;12;1;0;1;70;Blessé léger;0
202300003302;155 674 751;B01;1;0;2;2;15;5;203 843 442;1;1;4;1;1984.0;0;8;0;-1;21;8;2023;10:45;1;94;94073;2;3;1;3;48.75294;2.38717;3;2;4;0;1;1;12;1;0;8;50;Blessé léger;0
202300003314;155 674 729;B01;80;0;2;1;5;3;203 843 417;1;1;4;1;1998.0;1;8;0;-1;11;2;2023;14:45;1;37;37261;2;1;1;3;47.37641;0.69647;4;1;1;0;1;2; -1;1;0;1;30;Blessé léger;5
202300003314;155 674 732;A01;7;0;2;2;1;1;203 843 420;1;1;1;2;1966.0;1;1;0;-1;11;2;2023;14:45;1;37;37261;2;1;1;3;47.37641;0.69647;4;1;1;0;1;2; -1;1;0;1;30;Indemne;5
202300003315;155 674 725;P01;1;0;2;4;0;5;203 843 412;1;1;3;1;1978.0;0;0;-1;-1;22;8;2023;08:35;1;93;93064;2;6;1;2;48.87730355;2.47539173;3;1;2;0;1;2; -1;1;0;1;50;Blessé hospitalisé;1
202300003315;155 674 725;P01;1;0;2;4;0;5;203 843 412;1;1;3;1;1978.0;0;0;-1;-1;22;8;2023;08:35;1;93;93064;2;6;1;2;48.87730355;2.47539173;3;2;3;-1;1;2; -1;1;0;1;-1;Blessé hospitalisé;1
202300003315;155 674 728;A01;10;0;2;1;0;1;203 843 415;1;1;1;1;1979.0;0;1;0;-1;22;8;2023;08:35;1;93;93064;2;6;1;2;48.87730355;2.47539173;3;1;2;0;1;2; -1;1;0;1;50;Indemne;1
202300003315;155 674 728;A01;10;0;2;1;0;1;203 843 415;1;1;1;1;1979.0;0;1;0;-1;22;8;2023;08:35;1;93;93064;2;6;1;2;48.87730355;2.47539173;3;2;3;-1;1;2; -1;1;0;1;-1;Indemne;1
202300003319;155 674 718;B01;1;0;0;0;0;5;203 843 405;1;1;4;1;1977.0;5;8;0;-1;11;2;2023;11:30;1;37;37261;2;1;1;3;47.38374;0.71092;4;2;2;2;1;1; -1;1;0;1;50;Blessé léger;5
202300003319;155 674 720;A01;7;0;9;1;1;1;203 843 407;1;1;1;1;1966.0;5;1;4;-1;11;2;2023;11:30;1;37;37261;2;1;1;3;47.38374;0.71092;4;2;2;2;1;1; -1;1;0;1;50;Indemne;5
202300003336;155 674 687;A01;7;0;2;1;1;1;203 843 367;1;1;1;1;1978.0;0;8;0;-1;10;2;2023;17:25;1;22;22278;2;2;1;3;48.50488;-2.75531;4;2;2;0;1;1; -1;1;0;1;30;Indemne;4
202300003336;155 674 687;A01;7;0;2;1;1;1;203 843 367;1;1;1;1;1978.0;0;8;0;-1;10;2;2023;17:25;1;22;22278;2;2;1;3;48.50488;-2.75531;4;2;2;0;1;1; -1;1;0;1;30;Indemne;4
202300003336;155 674 689;B01;1;0;2;1;9;5;203 843 370;1;1;4;1;1988.0;9;8;0;-1;10;2;2023;17:25;1;22;22278;2;2;1;3;48.50488;-2.75531;4;2;2;0;1;1; -1;1;0;1;30;Blessé léger;4
202300003336;155 674 689;B01;1;0;2;1;9;5;203 843 370;1;1;4;1;1988.0;9;8;0;-1;10;2;2023;17:25;1;22;22278;2;2;1;3;48.50488;-2.75531;4;2;2;0;1;1; -1;1;0;1;30;Blessé léger;4
202300003358;155 674 651;A01;1;0;2;1;1;5;203 843 325;1;1;4;2;1987.0;0;8;0;-1;22;8;2023;16:50;1;92;92024;2;2;1;3;48.90848;2.30028;3;1;3;0;1;1; -1;1;0;1;50;Blessé léger;1
202300003358;155 674 651;A01;1;0;2;1;1;5;203 843 325;1;1;4;2;1987.0;0;8;0;-1;22;8;2023;16:50;1;92;92024;2;2;1;3;48.90848;2.30028;3;1;2;0;1;1;7;1;0;1;50;Blessé léger;1
202300003374;155 674 618;A01;1;0;0;3;1;0;203 843 275;1;1;3;2;1952.0;5;0;-1;-1;24;10;2023;10:50;1;69;69152;2;1;3;7;45.70944;4.82128;4;2;3;1;1;1; -1;2;0;5;50;Blessé hospitalisé;1
202300003379;155 674 611;A01;1;0;0;0;0;5;203 843 264;1;1;3;1;1956.0;5;2;9;-1;23;8;2023;09:35;1;2B;2B252;1;1;7;7;42.438882;9.453746;3;2;2;0;2;3;6;1;0;1;80;Blessé hospitalisé;2
202300003382;155 674 606;A01;7;0;2;3;9;1;203 843 258;1;1;1;1;1950.0;5;1;-1;-1;23;8;2023;07:40;1;2B;2B346;1;6;7;3;42.508505;9.471561;3;1;1;0;1;2;3,5;1;0;1;80;Indemne;2
202300003382;155 674 607;B01;1;0;2;1;1;5;203 843 259;1;1;4;1;1951.0;5;0;-1;-1;23;8;2023;07:40;1;2B;2B346;1;6;7;3;42.508505;9.471561;3;1;1;0;1;2;3,5;1;0;1;80;Blessé léger;2
202300003392;155 674 585;B01;1;0;2;7;1;5;203 843 233;1;1;3;1;1940.0;5;0;-1;-1;21;8;2023;10:30;1;71;71157;2;2;1;3;46.493063;5.390393;4;2;2;0;2;1; -1;1;0;1;50;Blessé hospitalisé;0
202300003392;155 674 589;A01;7;0;2;1;9;1;203 843 238;1;1;1;1;1949.0;5;1;-1;-1;21;8;2023;10:30;1;71;71157;2;2;1;3;46.493063;5.390393;4;2;2;0;2;1; -1;1;0;1;50;Indemne;0
202300003406;155 674 559;A01;1;0;2;1;5;5;203 843 204;1;1;4;1;1974.0;5;8;0;-1;23;10;2023;20:27;5;87;87085;2;1;1;1;45.82377;1.26348;4;1;1;0;1;2; -1;2;0;1;30;Blessé léger;0
202300003406;155 674 560;B01;7;0;2;3;1;1;203 843 205;1;1;1;2;1993.0;1;1;0;-1;23;10;2023;20:27;5;87;87085;2;1;1;1;45.82377;1.26348;4;1;1;0;1;2; -1;2;0;1;30;Indemne;0
202300003421;155 674 528;A01;21;0;2;1;15;1;203 843 167;1;1;1;1;1965.0;1;0;-1;-1;23;8;2023;15:45;1;50;50216;1;4;1;1;49.22808;-1.215663;3;2;2;0;1;3;4;1;0;1;80;Indemne;2
202300003421;155 674 528;A01;21;0;2;1;15;1;203 843 167;1;1;1;1;1965.0;1;0;-1;-1;23;8;2023;15:45;1;50;50216;1;4;1;1;49.22808;-1.215663;3;2; -1;-1;1;3; -1;1;0;1;-1;Indemne;2
202300003421;155 674 530;B01;1;0;2;1;1;5;203 843 169;1;1;2;1;1952.0;5;2;-1;-1;23;8;2023;15:45;1;50;50216;1;4;1;1;49.22808;-1.215663;3;2;2;0;1;3;4;1;0;1;80;Tué;2
202300003421;155 674 530;B01;1;0;2;1;1;5;203 843 169;1;1;2;1;1952.0;5;2;-1;-1;23;8;2023;15:45;1;50;50216;1;4;1;1;49.22808;-1.215663;3;2; -1;-1;1;3; -1;1;0;1;-1;Tué;2
202300003425;155 674 518;A01;80;0;0;0;0;3;203 843 156;1;1;2;1;1983.0;5;0;-1;-1;21;8;2023;21:40;3;87;87203;1;1;1;7;45.627948;1.442237;3;2;2;0;2;1;4;1;0;1;-1;Tué;0
202300003434;155 674 502;B01;1;0;2;1;1;5;203 843 131;1;1;3;1;1980.0;5;2;-1;-1;21;8;2023;12:00;1;24;24086;2;3;1;3;44.802082;1.133398;4;2;2;0;1;1; -1;1;0;1;50;Blessé hospitalisé;0
202300003434;155 674 502;B01;1;0;2;1;1;5;203 843 131;1;1;3;1;1980.0;5;2;-1;-1;21;8;2023;12:00;1;24;24086;2;3;1;3;44.802082;1.133398;4;2; -1;-1;1;1; -1;1;0;1;-1;Blessé hospitalisé;0
202300003434;155 674 503;A01;7;0;2;8;15;6;203 843 132;1;1;1;1;1998.0;5;1;-1;-1;21;8;2023;12:00;1;24;24086;2;3;1;3;44.802082;1.133398;4;2;2;0;1;1; -1;1;0;1;50;Indemne;0
202300003434;155 674 503;A01;7;0;2;8;15;6;203 843 132;1;1;1;1;1998.0;5;1;-1;-1;21;8;2023;12:00;1;24;24086;2;3;1;3;44.802082;1.133398;4;2; -1;-1;1;1; -1;1;0;1;-1;Indemne;0
202300003442;155 674 491;B01;80;0;2;1;9;3;203 843 117;1;1;4;1;1989.0;4;8;0;-1;24;10;2023;16:40;1;64;64445;2;1;1;3;43.30272918;-0.36184877;4;2;2;0;1;1; -1;1;0;1;50;Blessé léger;1
202300003442;155 674 492;A01;7;0;2;5;20;1;203 843 118;1;1;1;1;1977.0;5;1;8;-1;24;10;2023;16:40;1;64;64445;2;1;1;3;43.30272918;-0.36184877;4;2;2;0;1;1; -1;1;0;1;50;Indemne;1
202300003445;155 674 485;A01;7;0;2;1;9;0;203 843 111;1;1;1;1;1936.0;5;1;8;-1;24;10;2023;17:50;1;62;62826;2;6;8;3;50.51724245;1.61028332;4;-1;1;0;1;2; -1;2;0;1;50;Indemne;1
202300003445;155 674 485;A01;7;0;2;1;9;0;203 843 111;1;1;1;1;1936.0;5;1;8;-1;24;10;2023;17:50;1;62;62826;2;6;8;3;50.51724245;1.61028332;4;-1;2;0;1;2; -1;2;9;1;50;Indemne;1
202300003445;155 674 486;B01;1;0;2;7;15;5;203 843 112;1;1;3;1;1944.0;5;2;6;-1;24;10;2023;17:50;1;62;62826;2;6;8;3;50.51724245;1.61028332;4;-1;1;0;1;2; -1;2;0;1;50;Blessé hospitalisé;1
202300003445;155 674 486;B01;1;0;2;7;15;5;203 843 112;1;1;3;1;1944.0;5;2;6;-1;24;10;2023;17:50;1;62;62826;2;6;8;3;50.51724245;1.61028332;4;-1;2;0;1;2; -1;2;9;1;50;Blessé hospitalisé;1
202300003446;155 674 483;B01;1;0;2;4;1;5;203 843 109;1;1;4;1;2003.0;5;8;0;-1;25;10;2023;00:15;5;62;62239;1;1;2;2;50.937028;1.810175;4;1;2;0;1;1; -1;2;0;1;50;Blessé léger;2
202300003446;155 674 484;A01;7;14;0;0;0;1;203 843 110;1;1;1;2;1999.0;1;1;0;-1;25;10;2023;00:15;5;62;62239;1;1;2;2;50.937028;1.810175;4;1;2;0;1;1; -1;2;0;1;50;Indemne;2
202300003462;155 674 454;B01;1;0;2;4;1;5;203 843 069;1;1;4;1;1970.0;5;8;0;-1;23;10;2023;19:23;5;57;57221;2;1;3;6;49.32543;6.12165;3;2;3;0;1;1;9;2;0;1;50;Blessé léger;0
202300003462;155 674 456;A01;10;0;2;1;1;1;203 843 071;1;1;1;1;1983.0;1;1;0;-1;23;10;2023;19:23;5;57;57221;2;1;3;6;49.32543;6.12165;3;2;3;0;1;1;9;2;0;1;50;Indemne;0
202300003479;155 674 423;A01;7;0;2;4;20;1;203 843 034;1;1;1;1;1936.0;9;1;0;-1;24;10;2023;12:15;1;45;45147;2;1;1;2;47.934762;1.909494;4;2;2;1;1;1; -1;1;0;5;50;Indemne;1
202300003479;155 674 425;B01;1;0;2;1;1;5;203 843 037;1;1;4;1;1984.0;5;8;0;-1;24;10;2023;12:15;1;45;45147;2;1;1;2;47.934762;1.909494;4;2;2;1;1;1; -1;1;0;5;50;Blessé léger;1
202300003482;155 674 419;A01;1;6;0;1;2;5;203 843 030;1;1;3;1;1963.0;0;2;0;-1;23;9;2023;17:45;1;85;85191;2;1;1;7;46.677929;-1.436481;4;-1;0;1;1;1; -1;1;0;5;50;Blessé hospitalisé;5
202300003492;155 674 400;B01;7;0;2;2;0;1;203 843 007;1;1;1;2;2004.0;0;1;-1;-1;24;10;2023;18:15;1;35;35051;2;6;3;3;48.12201;-1.62847;3;2;2;2;3;3; -1;2;0;1;50;Indemne;1
202300003492;155 674 400;B01;7;0;2;2;0;1;203 843 007;1;1;1;2;2004.0;0;1;-1;-1;24;10;2023;18:15;1;35;35051;2;6;3;3;48.12201;-1.62847;3;2;2;1;2;1; -1;2;0;5;50;Indemne;1
202300003492;155 674 402;A01;1;0;2;7;19;5;203 843 009;1;1;4;1;1978.0;0;8;-1;-1;24;10;2023;18:15;1;35;35051;2;6;3;3;48.12201;-1.62847;3;2;2;2;3;3; -1;2;0;1;50;Blessé léger;1
202300003492;155 674 402;A01;1;0;2;7;19;5;203 843 009;1;1;4;1;1978.0;0;8;-1;-1;24;10;2023;18:15;1;35;35051;2;6;3;3;48.12201;-1.62847;3;2;2;1;2;1; -1;2;0;5;50;Blessé léger;1
202300003511;155 674 364;B01;80;0;2;4;0;3;203 842 956;1;1;4;1;1967.0;1;8;0;-1;24;10;2023;07:45;5;25;25462;2;1;3;2;46.89961;6.36154;4;2;2;2;1;1; -1;2;0;1;50;Blessé léger;1
202300003511;155 674 366;A01;7;0;9;1;1;1;203 842 958;2;2;1;1;2006.0;1;1;0;-1;24;10;2023;07:45;5;25;25462;2;1;3;2;46.89961;6.36154;4;2;2;2;1;1; -1;2;0;1;50;Indemne;1
202300003511;155 674 366;A01;7;0;9;1;1;1;203 842 959;1;1;1;1;2001.0;1;1;0;-1;24;10;2023;07:45;5;25;25462;2;1;3;2;46.89961;6.36154;4;2;2;2;1;1; -1;2;0;1;50;Indemne;1
202300003513;155 674 360;A01;10;0;2;2;2;1;203 842 951;1;1;1;1;1994.0;1;8;0;-1;23;10;2023;19:50;5;25;25031;2;1;3;3;47.49029;6.84033;3;3;4;0;1;1; -1;2;0;1;70;Indemne;0
202300003513;155 674 362;B01;1;0;2;6;2;5;203 842 953;1;1;2;1;1948.0;3;0;0;-1;23;10;2023;19:50;5;25;25031;2;1;3;3;47.49029;6.84033;3;3;4;0;1;1; -1;2;0;1;70;Tué;0
202300003518;155 674 350;B01;1;0;2;4;1;5;203 842 939;1;1;4;1;1989.0;1;2;0;-1;16;10;2023;17:35;1;22;22106;2;1;1;2;48.496733;-2.722431;4;2;2;0;1;1; -1;1;0;1;50;Blessé léger;0
202300003525;155 674 340;A01;1;0;2;0;0;5;203 842 922;1;1;3;1;1989.0;0;0;-1;-1;24;9;2023;02:40;5;59;59183;2;1;1;6;51.03292267;2.35862881;4;2;2;3;1;1; -1;1;0;1;50;Blessé hospitalisé;6
202300003536;155 674 319;A01;80;0;2;2;1;3;203 842 897;1;1;4;1;1994.0;0;0;-1;-1;23;9;2023;21:40;5;33;33063;2;5;1;3;44.86033;-0.55364;4;3;6;0;2;1; -1;1;5;1;50;Blessé léger;5
202300003536;155 674 319;A01;80;0;2;2;1;3;203 842 897;1;1;4;1;1994.0;0;0;-1;-1;23;9;2023;21:40;5;33;33063;2;5;1;3;44.86033;-0.55364;4;3;2;0;1;1; -1;1;5;1;50;Blessé léger;5
202300003536;155 674 320;B01;7;0;2;8;1;1;203 842 898;1;1;1;1;1994.0;0;1;-1;-1;23;9;2023;21:40;5;33;33063;2;5;1;3;44.86033;-0.55364;4;3;6;0;2;1; -1;1;5;1;50;Indemne;5
202300003536;155 674 320;B01;7;0;2;8;1;1;203 842 898;1;1;1;1;1994.0;0;1;-1;-1;23;9;2023;21:40;5;33;33063;2;5;1;3;44.86033;-0.55364;4;3;2;0;1;1; -1;1;5;1;50;Indemne;5
202300003543;155 674 307;A01;7;0;2;8;26;1;203 842 883;1;1;1;1;1996.0;0;1;0;-1;23;9;2023;19:00;1;27;27681;2;9;1;3;49.0895;1.48221;4;-1;1;0;4;1; -1;1;2;8;50;Indemne;5
202300003543;155 674 308;B01;1;0;2;1;9;5;203 842 884;1;1;4;1;1960.0;0;8;0;-1;23;9;2023;19:00;1;27;27681;2;9;1;3;49.0895;1.48221;4;-1;1;0;4;1; -1;1;2;8;50;Blessé léger;5
202300003573;155 674 259;B01;1;0;2;1;1;5;203 842 811;1;1;4;1;1997.0;9;8;0;-1;23;9;2023;00:34;5;75;75111;2;2;1;3;48.864356;2.371522;4;1;1;0;1;1; -1;1;0;1;30;Blessé léger;5
202300003573;155 674 259;B01;1;0;2;1;1;5;203 842 811;1;1;4;1;1997.0;9;8;0;-1;23;9;2023;00:34;5;75;75111;2;2;1;3;48.864356;2.371522;4;1;1;0;2;1; -1;1;0;1;30;Blessé léger;5
202300003575;155 674 257;A01;1;0;2;2;1;5;203 842 810;1;1;4;1;2005.0;1;8;0;-1;23;9;2023;16:35;1;75;75110;2;2;1;3;48.874808;2.357436;4;3;8;1;1;1; -1;1;5;5;30;Blessé léger;5
202300003575;155 674 257;A01;1;0;2;2;1;5;203 842 810;1;1;4;1;2005.0;1;8;0;-1;23;9;2023;16:35;1;75;75110;2;2;1;3;48.874808;2.357436;4;2;8;1;1;1; -1;1;0;5;30;Blessé léger;5
202300003576;155 674 254;B01;1;0;2;1;1;5;203 842 807;1;1;4;2;1998.0;5;8;0;-1;23;9;2023;00:23;5;75;75110;2;2;1;1;48.871026;2.36592;4;-1; -1;0;1;1; -1;1;0;1;30;Blessé léger;5
202300003576;155 674 254;B01;1;0;2;1;1;5;203 842 807;1;1;4;2;1998.0;5;8;0;-1;23;9;2023;00:23;5;75;75110;2;2;1;1;48.871026;2.36592;4;1;2;2;1;1; -1;1;0;1;30;Blessé léger;5
202300003577;155 674 252;B01;1;0;2;3;15;5;203 842 805;1;1;4;1;1987.0;4;2;8;-1;24;10;2023;14:40;1;75;75111;2;3;1;3;48.858554;2.376491;4;1;1;0;1;1; -1;1;0;1;30;Blessé léger;1
202300003577;155 674 252;B01;1;0;2;3;15;5;203 842 805;1;1;4;1;1987.0;4;2;8;-1;24;10;2023;14:40;1;75;75111;2;3;1;3;48.858554;2.376491;4;1;0;0;1;1; -1;1;0;1;-1;Blessé léger;1
202300003577;155 674 255;A01;1;0;2;1;5;5;203 842 808;1;1;1;1;1980.0;9;8;0;-1;24;10;2023;14:40;1;75;75111;2;3;1;3;48.858554;2.376491;4;1;1;0;1;1; -1;1;0;1;30;Indemne;1
202300003577;155 674 255;A01;1;0;2;1;5;5;203 842 808;1;1;1;1;1980.0;9;8;0;-1;24;10;2023;14:40;1;75;75111;2;3;1;3;48.858554;2.376491;4;1;0;0;1;1; -1;1;0;1;-1;Indemne;1
202300003579;155 674 249;A01;1;0;1;1;1;5;203 842 801;1;1;1;1;1997.0;5;2;0;-1;24;10;2023;19:10;5;75;75110;2;1;1;6;48.87678;2.361027;4;2;3;1;1;1; -1;1;0;5;30;Indemne;1
202300003579;155 674 249;A01;1;0;1;1;1;5;203 842 802;10;3;4;1;1950.0;5;0;-1;-1;24;10;2023;19:10;5;75;75110;2;1;1;6;48.87678;2.361027;4;2;3;1;1;1; -1;1;0;5;30;Blessé léger;1
202300003580;155 674 247;A01;7;0;2;7;17;1;203 842 799;1;1;1;1;1995.0;9;1;8;-1;23;9;2023;16:00;1;94;94068;2;1;1;3;48.79838737;2.47564955;3;2;1;0;1;1; -1;1;0;1;30;Indemne;5
202300003580;155 674 248;B01;1;0;2;8;15;5;203 842 800;1;1;4;1;1961.0;5;8;0;-1;23;9;2023;16:00;1;94;94068;2;1;1;3;48.79838737;2.47564955;3;2;1;0;1;1; -1;1;0;1;30;Blessé léger;5
202300003583;155 674 242;A01;33;0;2;2;21;1;203 842 793;1;1;4;1;2004.0;4;2;6;-1;24;10;2023;15:50;1;75;75110;2;4;1;3;48.867954;2.362365;4;2;4;1;1;1; -1;1;0;1;30;Blessé léger;1
202300003583;155 674 242;A01;33;0;2;2;21;1;203 842 793;1;1;4;1;2004.0;4;2;6;-1;24;10;2023;15:50;1;75;75110;2;4;1;3;48.867954;2.362365;4;2;6;0;1;2; -1;1;0;1;30;Blessé léger;1
202300003583;155 674 244;B01;1;0;2;3;11;5;203 842 795;1;1;4;2;2003.0;1;8;0;-1;24;10;2023;15:50;1;75;75110;2;4;1;3;48.867954;2.362365;4;2;4;1;1;1; -1;1;0;1;30;Blessé léger;1
202300003583;155 674 244;B01;1;0;2;3;11;5;203 842 795;1;1;4;2;2003.0;1;8;0;-1;24;10;2023;15:50;1;75;75110;2;4;1;3;48.867954;2.362365;4;2;6;0;1;2; -1;1;0;1;30;Blessé léger;1
202300003585;155 674 239;A01;1;0;1;1;1;5;203 842 789;1;1;1;1;1967.0;5;8;0;-1;23;10;2023;16:49;1;75;75109;2;1;2;6;48.879153;2.327001;4;1;1;0;2;1; -1;2;0;1;30;Indemne;0
202300003585;155 674 239;A01;1;0;1;1;1;5;203 842 791;10;3;4;2;1968.0;4;0;-1;-1;23;10;2023;16:49;1;75;75109;2;1;2;6;48.879153;2.327001;4;1;1;0;2;1; -1;2;0;1;30;Blessé léger;0
202300003588;155 674 233;A01;7;0;2;8;20;2;203 842 782;1;1;1;1;1988.0;5;1;0;-1;24;10;2023;08:40;1;75;75108;2;2;1;3;48.87877;2.322262;4;-1; -1;0;1;1; -1;2;0;1;30;Indemne;1
202300003588;155 674 233;A01;7;0;2;8;20;2;203 842 782;1;1;1;1;1988.0;5;1;0;-1;24;10;2023;08:40;1;75;75108;2;2;1;3;48.87877;2.322262;4;1;1;0;1;1; -1;2;0;1;30;Indemne;1
202300003588;155 674 235;B01;80;0;2;7;1;3;203 842 786;1;1;4;2;1971.0;1;8;0;-1;24;10;2023;08:40;1;75;75108;2;2;1;3;48.87877;2.322262;4;-1; -1;0;1;1; -1;2;0;1;30;Blessé léger;1
202300003588;155 674 235;B01;80;0;2;7;1;3;203 842 786;1;1;4;2;1971.0;1;8;0;-1;24;10;2023;08:40;1;75;75108;2;2;1;3;48.87877;2.322262;4;1;1;0;1;1; -1;2;0;1;30;Blessé léger;1
202300003590;155 674 230;A01;1;14;2;3;13;5;203 842 778;1;1;4;2;1999.0;1;8;0;-1;24;10;2023;09:05;1;75;75103;2;3;1;6;48.865212;2.355681;4;2;2;0;1;1; -1;2;0;1;30;Blessé léger;1
202300003590;155 674 230;A01;1;14;2;3;13;5;203 842 778;1;1;4;2;1999.0;1;8;0;-1;24;10;2023;09:05;1;75;75103;2;3;1;6;48.865212;2.355681;4;2;3;0;1;1; -1;2;0;5;30;Blessé léger;1
202300003651;155 674 124;A01;7;0;2;2;15;1;203 842 608;1;1;1;1;1975.0;0;1;-1;-1;25;10;2023;19:45;5;68;68112;2;3;2;1;47.902869;7.226804;3;2;2;0;1;1;4;2;0;1;-1;Indemne;2
202300003651;155 674 124;A01;7;0;2;2;15;1;203 842 608;1;1;1;1;1975.0;0;1;-1;-1;25;10;2023;19:45;5;68;68112;2;3;2;1;47.902869;7.226804;3;2; -1;-1;1;1; -1;2;0;1;-1;Indemne;2
202300003651;155 674 127;B01;1;0;2;1;1;5;203 842 611;1;1;4;1;1987.0;1;0;-1;-1;25;10;2023;19:45;5;68;68112;2;3;2;1;47.902869;7.226804;3;2;2;0;1;1;4;2;0;1;-1;Blessé léger;2
202300003651;155 674 127;B01;1;0;2;1;1;5;203 842 611;1;1;4;1;1987.0;1;0;-1;-1;25;10;2023;19:45;5;68;68112;2;3;2;1;47.902869;7.226804;3;2; -1;-1;1;1; -1;2;0;1;-1;Blessé léger;2
202300003655;155 674 117;B01;1;0;2;8;19;5;203 842 593;1;1;3;1;1962.0;0;8;0;-1;12;7;2023;17:21;1;51;51108;2;9;1;3;48.95463;4.35236;4;2;4;1;1;1; -1;1;0;5;50;Blessé hospitalisé;2
202300003655;155 674 118;A01;7;0;9;1;1;1;203 842 595;1;1;1;2;1999.0;5;1;8;-1;12;7;2023;17:21;1;51;51108;2;9;1;3;48.95463;4.35236;4;2;4;1;1;1; -1;1;0;5;50;Indemne;2