Num_Acc;id_vehicule;num_veh;catv;obs;obsm;choc;manv;motor;id_usager;place;catu;grav;sexe;an_nais;trajet;secu1;secu2;secu3;jour;mois;an;hrmn;lum;dep;com;agg;int;atm;col;lat;long;catr;circ;nbv;vosp;prof;plan;larrout;surf;infra;situ;vma;gravity;day_of_week
202300003659;155 674 112;B01;80;0;2;8;1;3;203 842 585;1;1;4;2;1990.0;1;2;6;-1;12;7;2023;11:30;1;50;50129;2;6;1;3;49.636752;-1.596193;3;2;2;1;1;1; -1;1;0;1;50;Blessé léger;2
202300003659;155 674 112;B01;80;0;2;8;1;3;203 842 585;1;1;4;2;1990.0;1;2;6;-1;12;7;2023;11:30;1;50;50129;2;6;1;3;49.636752;-1.596193;3;2;2;0;1;1; -1;1;0;1;50;Blessé léger;2
202300003659;155 674 114;A01;7;0;2;7;9;1;203 842 588;1;1;1;2;1937.0;3;1;0;-1;12;7;2023;11:30;1;50;50129;2;6;1;3;49.636752;-1.596193;3;2;2;1;1;1; -1;1;0;1;50;Indemne;2
202300003659;155 674 114;A01;7;0;2;7;9;1;203 842 588;1;1;1;2;1937.0;3;1;0;-1;12;7;2023;11:30;1;50;50129;2;6;1;3;49.636752;-1.596193;3;2;2;0;1;1; -1;1;0;1;50;Indemne;2
202300003665;155 674 102;A01;7;0;9;2;15;1;203 842 571;1;1;1;2;1999.0;1;1;-1;-1;22;9;2023;08:35;1;06;06018;1;3;8;1;43.633765;7.081525;3;2;2;0;1;1;6;2;5;1;50;Indemne;4
202300003665;155 674 102;A01;7;0;9;2;15;1;203 842 571;1;1;1;2;1999.0;1;1;-1;-1;22;9;2023;08:35;1;06;06018;1;3;8;1;43.633765;7.081525;3;2;1;-1;1;1; -1;2;5;1;50;Indemne;4
202300003665;155 674 104;B01;1;0;2;1;1;5;203 842 573;1;1;4;2;1999.0;4;2;6;-1;22;9;2023;08:35;1;06;06018;1;3;8;1;43.633765;7.081525;3;2;2;0;1;1;6;2;5;1;50;Blessé léger;4
202300003665;155 674 104;B01;1;0;2;1;1;5;203 842 573;1;1;4;2;1999.0;4;2;6;-1;22;9;2023;08:35;1;06;06018;1;3;8;1;43.633765;7.081525;3;2;1;-1;1;1; -1;2;5;1;50;Blessé léger;4
202300003668;155 674 097;A01;7;0;2;1;1;1;203 842 565;1;1;1;1;1993.0;0;1;0;-1;13;7;2023;16:35;1;45;45234;2;2;1;3;47.91191;1.89718;4;2;2;0;1;1; -1;1;0;1;50;Indemne;3
202300003668;155 674 097;A01;7;0;2;1;1;1;203 842 565;1;1;1;1;1993.0;0;1;0;-1;13;7;2023;16:35;1;45;45234;2;2;1;3;47.91191;1.89718;4;1;1;2;1;1; -1;1;0;1;50;Indemne;3
202300003668;155 674 100;B01;1;0;2;7;1;5;203 842 569;1;1;4;1;2001.0;0;8;0;-1;13;7;2023;16:35;1;45;45234;2;2;1;3;47.91191;1.89718;4;2;2;0;1;1; -1;1;0;1;50;Blessé léger;3
202300003668;155 674 100;B01;1;0;2;7;1;5;203 842 569;1;1;4;1;2001.0;0;8;0;-1;13;7;2023;16:35;1;45;45234;2;2;1;3;47.91191;1.89718;4;1;1;2;1;1; -1;1;0;1;50;Blessé léger;3
202300003674;155 674 086;A01;1;-1;2;1;13;5;203 842 546;1;1;4;1;1959.0;5;2;6;-1;24;9;2023;11:30;1;29;29147;1;1;1;1;47.895072;-3.592674;4;2;2;0;1;1; -1;1;0;1;30;Blessé léger;6
202300003674;155 674 088;B01;7;0;2;3;1;1;203 842 548;1;1;1;1;1980.0;5;1;-1;-1;24;9;2023;11:30;1;29;29147;1;1;1;1;47.895072;-3.592674;4;2;2;0;1;1; -1;1;0;1;30;Indemne;6
202300003675;155 674 083;A01;7;0;2;2;16;1;203 842 543;1;1;1;1;1947.0;5;1;8;-1;7;7;2023;09:30;1;40;40192;2;1;1;3;43.88916;-0.46668;4;2;2;2;1;1; -1;1;0;5;50;Indemne;4
202300003675;155 674 085;B01;1;0;2;8;1;5;203 842 545;1;1;3;2;1973.0;1;2;8;-1;7;7;2023;09:30;1;40;40192;2;1;1;3;43.88916;-0.46668;4;2;2;2;1;1; -1;1;0;5;50;Blessé hospitalisé;4
202300003690;155 674 057;B01;1;0;0;0;2;5;203 842 509;1;1;3;1;1970.0;5;0;-1;-1;24;10;2023;07:30;3;43;43112;1;1;2;3;45.087718;3.508855;3;2;2;0;2;1;7;2;0;1;80;Blessé hospitalisé;1
202300003690;155 674 058;A01;7;0;2;3;2;0;203 842 510;1;1;1;1;1948.0;5;1;-1;-1;24;10;2023;07:30;3;43;43112;1;1;2;3;45.087718;3.508855;3;2;2;0;2;1;7;2;0;1;80;Indemne;1
202300003697;155 674 044;A01;7;0;2;2;1;1;203 842 495;1;1;1;2;1978.0;4;1;-1;-1;23;9;2023;11:55;1;69;69039;2;3;1;3;45.982389;4.507739;3;2;2;0;2;1;4;1;0;1;50;Indemne;5
202300003697;155 674 044;A01;7;0;2;2;1;1;203 842 495;1;1;1;2;1978.0;4;1;-1;-1;23;9;2023;11:55;1;69;69039;2;3;1;3;45.982389;4.507739;3;2;2;0;1;1; -1;1;0;1;-1;Indemne;5
202300003697;155 674 046;B01;1;0;2;1;15;5;203 842 497;1;1;4;1;2013.0;5;0;-1;-1;23;9;2023;11:55;1;69;69039;2;3;1;3;45.982389;4.507739;3;2;2;0;2;1;4;1;0;1;50;Blessé léger;5
202300003697;155 674 046;B01;1;0;2;1;15;5;203 842 497;1;1;4;1;2013.0;5;0;-1;-1;23;9;2023;11:55;1;69;69039;2;3;1;3;45.982389;4.507739;3;2;2;0;1;1; -1;1;0;1;-1;Blessé léger;5
202300003739;155 673 955;A01;7;0;2;1;15;3;203 842 382;1;1;1;2;1972.0;1;1;0;-1;13;7;2023;08:15;1;13;13028;2;4;1;1;43.19084633;5.64077139;3;2;2;0;4;1; -1;1;0;1;50;Indemne;3
202300003739;155 673 955;A01;7;0;2;1;15;3;203 842 382;1;1;1;2;1972.0;1;1;0;-1;13;7;2023;08:15;1;13;13028;2;4;1;1;43.19084633;5.64077139;3;2;2;1;1;1; -1;1;0;1;50;Indemne;3
202300003739;155 673 957;B01;1;0;2;8;16;5;203 842 384;1;1;4;1;1961.0;5;2;6;-1;13;7;2023;08:15;1;13;13028;2;4;1;1;43.19084633;5.64077139;3;2;2;0;4;1; -1;1;0;1;50;Blessé léger;3
202300003739;155 673 957;B01;1;0;2;8;16;5;203 842 384;1;1;4;1;1961.0;5;2;6;-1;13;7;2023;08:15;1;13;13028;2;4;1;1;43.19084633;5.64077139;3;2;2;1;1;1; -1;1;0;1;50;Blessé léger;3
202300003753;155 673 927;A01;7;0;9;1;26;0;203 842 354;1;1;1;2;1950.0;9;1;-1;-1;23;10;2023;15:44;1;22;22198;1;3;8;3;48.782204;-3.490439;3;2;2;0;1;1;5,5;3;0;1;80;Indemne;0
202300003753;155 673 927;A01;7;0;9;1;26;0;203 842 354;1;1;1;2;1950.0;9;1;-1;-1;23;10;2023;15:44;1;22;22198;1;3;8;3;48.782204;-3.490439;3;2;1;0;1;1;5;1;0;1;-1;Indemne;0
202300003753;155 673 930;B01;1;0;2;7;1;5;203 842 357;1;1;3;1;1951.0;0;2;-1;-1;23;10;2023;15:44;1;22;22198;1;3;8;3;48.782204;-3.490439;3;2;2;0;1;1;5,5;3;0;1;80;Blessé hospitalisé;0
202300003753;155 673 930;B01;1;0;2;7;1;5;203 842 357;1;1;3;1;1951.0;0;2;-1;-1;23;10;2023;15:44;1;22;22198;1;3;8;3;48.782204;-3.490439;3;2;1;0;1;1;5;1;0;1;-1;Blessé hospitalisé;0
202300003761;155 673 908;A01;7;0;2;1;1;1;203 842 331;1;1;1;2;1978.0;0;0;-1;-1;24;10;2023;10:45;1;35;35089;1;2;7;3;47.88196543;-1.49422377;3;2;2;0;2;1;3,5;1;0;1;80;Indemne;1
202300003761;155 673 908;A01;7;0;2;1;1;1;203 842 331;1;1;1;2;1978.0;0;0;-1;-1;24;10;2023;10:45;1;35;35089;1;2;7;3;47.88196543;-1.49422377;3;2;2;0;1;1;3,5;1;0;1;80;Indemne;1
202300003761;155 673 916;B01;1;0;2;8;1;5;203 842 339;1;1;3;1;1953.0;5;2;-1;-1;24;10;2023;10:45;1;35;35089;1;2;7;3;47.88196543;-1.49422377;3;2;2;0;2;1;3,5;1;0;1;80;Blessé hospitalisé;1
202300003761;155 673 916;B01;1;0;2;8;1;5;203 842 339;1;1;3;1;1953.0;5;2;-1;-1;24;10;2023;10:45;1;35;35089;1;2;7;3;47.88196543;-1.49422377;3;2;2;0;1;1;3,5;1;0;1;80;Blessé hospitalisé;1
202300003765;155 673 903;B01;7;0;2;3;15;1;203 842 322;1;1;1;2;1979.0;1;1;8;-1;21;9;2023;16:40;1;974;97411;2;2;1;3;-20.90287;55.48804;4;-1;2;0;2;1; -1;1;9;1;50;Indemne;3
202300003765;155 673 903;B01;7;0;2;3;15;1;203 842 322;1;1;1;2;1979.0;1;1;8;-1;21;9;2023;16:40;1;974;97411;2;2;1;3;-20.90287;55.48804;4;-1;2;0;1;1; -1;1;9;1;50;Indemne;3
202300003765;155 673 905;A01;1;0;2;1;1;5;203 842 325;1;1;3;1;1989.0;5;8;0;-1;21;9;2023;16:40;1;974;97411;2;2;1;3;-20.90287;55.48804;4;-1;2;0;2;1; -1;1;9;1;50;Blessé hospitalisé;3
202300003765;155 673 905;A01;1;0;2;1;1;5;203 842 325;1;1;3;1;1989.0;5;8;0;-1;21;9;2023;16:40;1;974;97411;2;2;1;3;-20.90287;55.48804;4;-1;2;0;1;1; -1;1;9;1;50;Blessé hospitalisé;3
202300003783;155 673 873;A01;7;0;2;3;22;1;203 842 280;1;1;1;2;1977.0;3;1;0;-1;12;7;2023;19:40;1;75;75115;2;1;1;3;48.841518;2.286969;4;2;3;3;1;1; -1;1;0;1;50;Indemne;2
202300003783;155 673 876;B01;1;0;2;1;1;5;203 842 284;1;1;4;2;1999.0;5;8;0;-1;12;7;2023;19:40;1;75;75115;2;1;1;3;48.841518;2.286969;4;2;3;3;1;1; -1;1;0;1;50;Blessé léger;2
202300003787;155 673 866;A01;17;0;2;2;16;1;203 842 271;1;1;1;1;1979.0;4;1;0;-1;22;9;2023;13:40;1;971;97120;2;9;1;3;16.24288;-61.53971;3;2;0;0;1;1; -1;1;0;1;50;Indemne;4
202300003787;155 673 868;B01;1;0;0;0;0;5;203 842 272;1;1;4;1;1956.0;0;8;0;-1;22;9;2023;13:40;1;971;97120;2;9;1;3;16.24288;-61.53971;3;2;0;0;1;1; -1;1;0;1;50;Blessé léger;4
202300003788;155 673 865;A01;1;0;2;0;2;5;203 842 270;1;1;4;1;1998.0;9;2;8;-1;13;7;2023;09:20;1;75;75114;2;3;1;3;48.822115;2.342072;4;1;0;0;1;1; -1;1;0;1;30;Blessé léger;3
202300003788;155 673 865;A01;1;0;2;0;2;5;203 842 270;1;1;4;1;1998.0;9;2;8;-1;13;7;2023;09:20;1;75;75114;2;3;1;3;48.822115;2.342072;4;1;2;3;1;1; -1;1;0;1;30;Blessé léger;3
202300003789;155 673 863;A01;1;0;0;0;5;5;203 842 265;1;1;4;2;1994.0;5;8;0;-1;13;7;2023;00:10;5;75;75114;2;4;1;7;48.824604;2.339887;4;1;3;2;2;1; -1;1;0;1;30;Blessé léger;3
202300003789;155 673 863;A01;1;0;0;0;5;5;203 842 265;1;1;4;2;1994.0;5;8;0;-1;13;7;2023;00:10;5;75;75114;2;4;1;7;48.824604;2.339887;4;1; -1;0;1;1; -1;1;0;1;30;Blessé léger;3
202300003798;155 673 843;A01;80;0;1;1;1;3;203 842 237;1;1;1;1;1989.0;1;8;0;-1;13;7;2023;16:33;1;75;75107;2;3;1;6;48.862743;2.311637;4;-1; -1;0;1;1; -1;1;0;5;30;Indemne;3
202300003798;155 673 843;A01;80;0;1;1;1;3;203 842 237;1;1;1;1;1989.0;1;8;0;-1;13;7;2023;16:33;1;75;75107;2;3;1;6;48.862743;2.311637;4;2;0;1;1;1; -1;1;0;5;30;Indemne;3
202300003798;155 673 843;A01;80;0;1;1;1;3;203 842 238;10;3;3;2;2008.0;9;0;-1;-1;13;7;2023;16:33;1;75;75107;2;3;1;6;48.862743;2.311637;4;-1; -1;0;1;1; -1;1;0;5;30;Blessé hospitalisé;3
202300003798;155 673 843;A01;80;0;1;1;1;3;203 842 238;10;3;3;2;2008.0;9;0;-1;-1;13;7;2023;16:33;1;75;75107;2;3;1;6;48.862743;2.311637;4;2;0;1;1;1; -1;1;0;5;30;Blessé hospitalisé;3
202300003799;155 673 841;B01;1;0;2;1;5;5;203 842 235;1;1;4;1;2004.0;5;8;0;-1;22;9;2023;13:00;1;88;88209;2;2;1;3;48.18923414;6.42961442;4;2;2;0;1;1; -1;1;0;1;50;Blessé léger;4
202300003799;155 673 841;B01;1;0;2;1;5;5;203 842 235;1;1;4;1;2004.0;5;8;0;-1;22;9;2023;13:00;1;88;88209;2;2;1;3;48.18923414;6.42961442;4;1;1;0;4;1; -1;1;0;1;50;Blessé léger;4
202300003799;155 673 844;A01;7;0;9;2;1;1;203 842 239;1;1;1;1;1945.0;5;1;0;-1;22;9;2023;13:00;1;88;88209;2;2;1;3;48.18923414;6.42961442;4;2;2;0;1;1; -1;1;0;1;50;Indemne;4
202300003799;155 673 844;A01;7;0;9;2;1;1;203 842 239;1;1;1;1;1945.0;5;1;0;-1;22;9;2023;13:00;1;88;88209;2;2;1;3;48.18923414;6.42961442;4;1;1;0;4;1; -1;1;0;1;50;Indemne;4
202300003800;155 673 839;A01;1;0;1;1;1;5;203 842 231;1;1;1;1;1990.0;1;2;0;-1;13;7;2023;16:40;1;75;75101;2;3;1;6;48.85946728;2.345154;4;1;1;0;1;1; -1;1;0;5;30;Indemne;3
202300003800;155 673 839;A01;1;0;1;1;1;5;203 842 231;1;1;1;1;1990.0;1;2;0;-1;13;7;2023;16:40;1;75;75101;2;3;1;6;48.85946728;2.345154;4;2;3;1;1;1; -1;1;0;5;30;Indemne;3
202300003800;155 673 839;A01;1;0;1;1;1;5;203 842 232;10;3;4;2;1970.0;5;0;-1;-1;13;7;2023;16:40;1;75;75101;2;3;1;6;48.85946728;2.345154;4;1;1;0;1;1; -1;1;0;5;30;Blessé léger;3
202300003800;155 673 839;A01;1;0;1;1;1;5;203 842 232;10;3;4;2;1970.0;5;0;-1;-1;13;7;2023;16:40;1;75;75101;2;3;1;6;48.85946728;2.345154;4;2;3;1;1;1; -1;1;0;5;30;Blessé léger;3
202300003803;155 673 834;A01;1;0;2;3;1;5;203 842 226;1;1;4;2;1996.0;1;8;0;-1;15;6;2023;19:45;1;75;75104;2;3;1;3;48.851068;2.362211;4;2;4;0;1;1; -1;1;0;1;30;Blessé léger;3
202300003803;155 673 834;A01;1;0;2;3;1;5;203 842 226;1;1;4;2;1996.0;1;8;0;-1;15;6;2023;19:45;1;75;75104;2;3;1;3;48.851068;2.362211;4;1;2;0;1;1; -1;1;0;1;30;Blessé léger;3
202300003809;155 673 823;A01;7;0;2;3;22;1;203 842 213;1;1;1;2;1946.0;0;1;0;-1;12;7;2023;14:30;1;94;94016;2;1;1;3;48.7893;2.3369;3;1;2;0;2;1;7;1;0;1;50;Indemne;2
202300003809;155 673 824;B01;1;1;0;1;2;5;203 842 214;1;1;4;1;1998.0;1;8;0;-1;12;7;2023;14:30;1;94;94016;2;1;1;3;48.7893;2.3369;3;1;2;0;2;1;7;1;0;1;50;Blessé léger;2
202300003814;155 673 816;A01;1;1;0;0;1;5;203 842 204;1;1;4;1;2003.0;5;8;0;-1;13;7;2023;14:00;1;94;94028;2;1;1;6;48.79632317;2.46362641;3;2;4;0;1;1; -1;1;0;1;50;Blessé léger;3
202300003816;155 673 813;A01;1;1;0;1;26;5;203 842 201;1;1;4;1;2000.0;9;8;0;-1;13;7;2023;03:05;5;94;94018;2;1;1;6;48.822973;2.411393;3;3;2;1;1;1; -1;1;0;1;30;Blessé léger;3
202300003821;155 673 804;A01;7;0;2;3;15;1;203 842 190;1;1;1;1;1992.0;0;1;0;-1;13;7;2023;19:09;1;93;93062;2;2;1;3;48.90267;2.52281;4;2;2;0;1;1; -1;1;0;1;30;Indemne;3
202300003821;155 673 804;A01;7;0;2;3;15;1;203 842 190;1;1;1;1;1992.0;0;1;0;-1;13;7;2023;19:09;1;93;93062;2;2;1;3;48.90267;2.52281;4;2;2;0;1;3; -1;1;5;1;30;Indemne;3
202300003821;155 673 806;B01;1;0;2;3;19;5;203 842 192;1;1;3;1;1992.0;9;8;0;-1;13;7;2023;19:09;1;93;93062;2;2;1;3;48.90267;2.52281;4;2;2;0;1;1; -1;1;0;1;30;Blessé hospitalisé;3
202300003821;155 673 806;B01;1;0;2;3;19;5;203 842 192;1;1;3;1;1992.0;9;8;0;-1;13;7;2023;19:09;1;93;93062;2;2;1;3;48.90267;2.52281;4;2;2;0;1;3; -1;1;5;1;30;Blessé hospitalisé;3
202300003842;155 673 762;B01;1;0;2;1;1;5;203 842 142;1;1;4;1;1975.0;1;8;0;-1;13;7;2023;07:50;1;92;92063;2;1;1;3;48.88564537;2.17616057;3;2;4;1;1;1; -1;1;0;5;50;Blessé léger;3
202300003842;155 673 763;A01;7;2;0;5;16;1;203 842 143;1;1;1;1;1967.0;1;1;0;-1;13;7;2023;07:50;1;92;92063;2;1;1;3;48.88564537;2.17616057;3;2;4;1;1;1; -1;1;0;5;50;Indemne;3
202300003846;155 673 757;A01;1;0;0;0;15;5;203 842 137;1;1;4;1;1979.0;1;8;0;-1;13;7;2023;03:50;5;92;92048;2;3;1;7;48.82225306;2.23225549;3;4;2;0;2;3;7;1;0;1;50;Blessé léger;3
202300003846;155 673 757;A01;1;0;0;0;15;5;203 842 137;1;1;4;1;1979.0;1;8;0;-1;13;7;2023;03:50;5;92;92048;2;3;1;7;48.82225306;2.23225549;3;4;2;0;4;1;7;1;0;1;50;Blessé léger;3
202300003875;155 673 703;A01;10;0;2;1;16;1;203 842 068;1;1;1;1;1996.0;4;1;-1;-1;8;3;2023;11:50;1;14;14047;2;9;1;1;49.283435;-0.711493;3;3;2;1;2;1;4;1;9;5;50;Indemne;2
202300003875;155 673 704;B01;80;0;2;8;1;3;203 842 070;1;1;4;1;1965.0;1;2;-1;-1;8;3;2023;11:50;1;14;14047;2;9;1;1;49.283435;-0.711493;3;3;2;1;2;1;4;1;9;5;50;Blessé léger;2
202300003883;155 673 692;B01;1;0;0;1;17;5;203 842 054;1;1;4;1;1977.0;9;2;6;-1;4;5;2023;15:40;1;75;75107;2;3;1;1;48.862284;2.30635;4;1; -1;0;1;1; -1;1;0;1;30;Blessé léger;3
202300003883;155 673 692;B01;1;0;0;1;17;5;203 842 054;1;1;4;1;1977.0;9;2;6;-1;4;5;2023;15:40;1;75;75107;2;3;1;1;48.862284;2.30635;4;2;0;1;1;1; -1;1;0;5;30;Blessé léger;3
202300003883;155 673 693;A01;1;0;0;1;1;5;203 842 055;1;1;4;1;1992.0;9;8;0;-1;4;5;2023;15:40;1;75;75107;2;3;1;1;48.862284;2.30635;4;1; -1;0;1;1; -1;1;0;1;30;Blessé léger;3
202300003883;155 673 693;A01;1;0;0;1;1;5;203 842 055;1;1;4;1;1992.0;9;8;0;-1;4;5;2023;15:40;1;75;75107;2;3;1;1;48.862284;2.30635;4;2;0;1;1;1; -1;1;0;5;30;Blessé léger;3
202300003884;155 673 690;A01;1;0;2;1;1;5;203 842 052;1;1;1;1;1995.0;9;8;0;-1;4;5;2023;00:00;5;75;75108;2;7;1;1;48.867085;2.320658;4;1; -1;0;1;1; -1;1;0;5;30;Indemne;3
202300003884;155 673 690;A01;1;0;2;1;1;5;203 842 052;1;1;1;1;1995.0;9;8;0;-1;4;5;2023;00:00;5;75;75108;2;7;1;1;48.867085;2.320658;4;4;4;1;1;1; -1;1;0;5;30;Indemne;3
202300003884;155 673 691;B01;1;0;2;1;5;5;203 842 053;1;1;4;1;1986.0;9;8;0;-1;4;5;2023;00:00;5;75;75108;2;7;1;1;48.867085;2.320658;4;1; -1;0;1;1; -1;1;0;5;30;Blessé léger;3
202300003884;155 673 691;B01;1;0;2;1;5;5;203 842 053;1;1;4;1;1986.0;9;8;0;-1;4;5;2023;00:00;5;75;75108;2;7;1;1;48.867085;2.320658;4;4;4;1;1;1; -1;1;0;5;30;Blessé léger;3
202300003888;155 673 682;A01;1;0;2;0;0;5;203 842 040;1;1;4;1;1985.0;5;8;0;-1;4;5;2023;19:45;1;93;93055;2;3;1;1;48.89827;2.40629;3;3;2;1;1;1; -1;1;0;8;25;Blessé léger;3
202300003888;155 673 682;A01;1;0;2;0;0;5;203 842 040;1;1;4;1;1985.0;5;8;0;-1;4;5;2023;19:45;1;93;93055;2;3;1;1;48.89827;2.40629;3;3;2;-1;1;1; -1;1;0;1;-1;Blessé léger;3
202300003890;155 673 679;A01;1;0;0;4;0;5;203 842 037;1;1;4;1;1987.0;0;8;0;-1;4;5;2023;18:05;1;93;93048;2;2;1;2;48.86291;2.44163;3;1;1;3;1;1; -1;1;0;1;-1;Blessé léger;3
202300003890;155 673 679;A01;1;0;0;4;0;5;203 842 037;1;1;4;1;1987.0;0;8;0;-1;4;5;2023;18:05;1;93;93048;2;2;1;2;48.86291;2.44163;3;2;2;3;2;1; -1;1;0;1;50;Blessé léger;3
202300003893;155 673 672;B01;1;1;0;1;1;5;203 842 030;1;1;4;1;1996.0;1;8;0;-1;4;5;2023;07:55;1;93;93014;2;1;1;3;48.89921883;2.54166716;3;2;2;0;1;1; -1;1;0;1;50;Blessé léger;3
202300003893;155 673 673;A01;7;0;2;3;22;1;203 842 031;1;1;1;2;1970.0;5;1;0;-1;4;5;2023;07:55;1;93;93014;2;1;1;3;48.89921883;2.54166716;3;2;2;0;1;1; -1;1;0;1;50;Indemne;3
202300003894;155 673 670;A01;33;0;2;1;21;1;203 842 028;1;1;1;1;2000.0;1;2;6;-1;4;5;2023;18:10;1;92;92046;2;1;1;1;48.81558;2.29033;4;2;1;1;2;1; -1;1;0;5;30;Indemne;3
202300003894;155 673 671;B01;1;0;2;1;1;5;203 842 029;1;1;3;1;1957.0;5;2;0;-1;4;5;2023;18:10;1;92;92046;2;1;1;1;48.81558;2.29033;4;2;1;1;2;1; -1;1;0;5;30;Blessé hospitalisé;3
202300003901;155 673 657;B01;1;0;2;1;1;5;203 842 012;1;1;4;1;2014.0;5;2;-1;-1;3;5;2023;12:10;1;68;68112;2;3;1;3;47.909676;7.207152;4;1;1;1;1;1; -1;1;0;5;50;Blessé léger;2
202300003901;155 673 657;B01;1;0;2;1;1;5;203 842 012;1;1;4;1;2014.0;5;2;-1;-1;3;5;2023;12:10;1;68;68112;2;3;1;3;47.909676;7.207152;4;-1; -1;0;2;1; -1;1;0;8;20;Blessé léger;2
202300003901;155 673 658;A01;7;0;0;3;15;1;203 842 013;1;1;1;1;1989.0;1;1;-1;-1;3;5;2023;12:10;1;68;68112;2;3;1;3;47.909676;7.207152;4;1;1;1;1;1; -1;1;0;5;50;Indemne;2
202300003901;155 673 658;A01;7;0;0;3;15;1;203 842 013;1;1;1;1;1989.0;1;1;-1;-1;3;5;2023;12:10;1;68;68112;2;3;1;3;47.909676;7.207152;4;-1; -1;0;2;1; -1;1;0;8;20;Indemne;2
202300003905;155 673 650;A01;1;1;0;1;1;5;203 842 004;1;1;3;1;1972.0;5;0;-1;-1;4;5;2023;18:05;1;38;38105;1;1;1;2;45.422823;5.557816;3;2;2;0;1;1;7;1;0;3;90;Blessé hospitalisé;3
202300003905;155 673 651;B01;10;0;0;4;26;1;203 842 005;1;1;1;1;1993.0;4;0;-1;-1;4;5;2023;18:05;1;38;38105;1;1;1;2;45.422823;5.557816;3;2;2;0;1;1;7;1;0;3;90;Indemne;3
202300003908;155 673 645;A01;10;0;9;2;1;1;203 841 998;1;1;1;1;1977.0;1;1;-1;-1;4;5;2023;19:40;1;60;60176;2;6;1;1;49.22357162;2.89189679;3;2;2;0;1;1;5,5;1;0;1;50;Indemne;3
202300003908;155 673 646;B01;1;0;2;4;19;5;203 841 999;1;1;4;1;2010.0;5;0;-1;-1;4;5;2023;19:40;1;60;60176;2;6;1;1;49.22357162;2.89189679;3;2;2;0;1;1;5,5;1;0;1;50;Blessé léger;3
202300003921;155 673 626;A01;7;0;2;2;15;1;203 841 973;1;1;1;2;1957.0;5;1;-1;-1;2;5;2023;15:30;1;22;22211;1;4;1;3;48.692816;-3.444707;3;2;2;0;1;3;4;1;5;1;80;Indemne;1
202300003921;155 673 626;A01;7;0;2;2;15;1;203 841 973;1;1;1;2;1957.0;5;1;-1;-1;2;5;2023;15:30;1;22;22211;1;4;1;3;48.692816;-3.444707;3;2;2;0;1;3;4;1;5;1;80;Indemne;1
202300003921;155 673 628;B01;1;0;2;8;1;5;203 841 975;1;1;4;1;1956.0;5;2;-1;-1;2;5;2023;15:30;1;22;22211;1;4;1;3;48.692816;-3.444707;3;2;2;0;1;3;4;1;5;1;80;Blessé léger;1
202300003921;155 673 628;B01;1;0;2;8;1;5;203 841 975;1;1;4;1;1956.0;5;2;-1;-1;2;5;2023;15:30;1;22;22211;1;4;1;3;48.692816;-3.444707;3;2;2;0;1;3;4;1;5;1;80;Blessé léger;1
202300003923;155 673 622;A01;1;0;0;0;1;5;203 841 968;1;1;3;1;1956.0;5;2;6;-1;3;5;2023;14:25;1;29;29117;2;6;1;7;48.5816241;-4.52138246;3;1;2;0;1;1;8;1;5;1;50;Blessé hospitalisé;2
202300003927;155 673 617;A01;1;0;0;0;16;5;203 841 961;1;1;3;1;1969.0;5;2;6;-1;12;2;2023;11:30;1;77;77197;1;3;1;7;48.707226;3.197939;3;2;2;0;2;3; -1;9;0;1;80;Blessé hospitalisé;6
202300003927;155 673 617;A01;1;0;0;0;16;5;203 841 961;1;1;3;1;1969.0;5;2;6;-1;12;2;2023;11:30;1;77;77197;1;3;1;7;48.707226;3.197939;3;2;2;-1;1;1; -1;-1;0;1;-1;Blessé hospitalisé;6
202300003948;155 673 583;A01;1;8;0;1;14;5;203 841 912;1;1;3;1;1956.0;5;2;-1;-1;10;2;2023;14:20;1;84;84077;1;1;1;6;44.100055;5.12439;4;2;2;0;2;2; -1;1;0;3;30;Blessé hospitalisé;4
202300003986;155 673 509;A01;7;0;9;3;9;1;203 841 813;1;1;1;1;1938.0;3;1;-1;-1;13;2;2023;17:20;2;31;31291;2;6;7;3;43.601026;1.248488;3;1;1;0;1;2; -1;1;5;1;50;Indemne;0
202300003986;155 673 511;B01;1;0;0;7;1;5;203 841 815;1;1;3;1;1952.0;5;2;6;9;13;2;2023;17:20;2;31;31291;2;6;7;3;43.601026;1.248488;3;1;1;0;1;2; -1;1;5;1;50;Blessé hospitalisé;0
202300004035;155 673 415;B01;1;0;2;0;0;5;203 841 677;1;1;4;1;2003.0;4;2;8;-1;11;2;2023;10:45;1;94;94048;2;1;1;2;48.74286;2.559836;4;2;2;0;1;1; -1;1;0;1;50;Blessé léger;5
202300004044;155 673 396;A01;80;0;2;1;15;3;203 841 655;1;1;4;2;1987.0;1;2;-1;-1;3;5;2023;18:12;1;69;69149;2;2;1;1;45.71701;4.81256;4;1;1;2;1;1; -1;1;0;6;50;Blessé léger;2
202300004044;155 673 396;A01;80;0;2;1;15;3;203 841 655;1;1;4;2;1987.0;1;2;-1;-1;3;5;2023;18:12;1;69;69149;2;2;1;1;45.71701;4.81256;4;2;3;1;1;1; -1;1;0;6;50;Blessé léger;2
202300004044;155 673 398;B01;10;0;2;1;16;1;203 841 659;1;1;1;1;1964.0;0;8;-1;-1;3;5;2023;18:12;1;69;69149;2;2;1;1;45.71701;4.81256;4;1;1;2;1;1; -1;1;0;6;50;Indemne;2