Num_Acc;id_vehicule;num_veh;catv;obs;obsm;choc;manv;motor;id_usager;place;catu;grav;sexe;an_nais;trajet;secu1;secu2;secu3;jour;mois;an;hrmn;lum;dep;com;agg;int;atm;col;lat;long;catr;circ;nbv;vosp;prof;plan;larrout;surf;infra;situ;vma;gravity;day_of_week
202300004044;155 673 398;B01;10;0;2;1;16;1;203 841 659;1;1;1;1;1964.0;0;8;-1;-1;3;5;2023;18:12;1;69;69149;2;2;1;1;45.71701;4.81256;4;2;3;1;1;1; -1;1;0;6;50;Indemne;2
202300004069;155 673 357;A01;7;0;2;3;2;1;203 841 606;1;1;1;1;1966.0;5;1;0;-1;30;4;2023;08:15;1;87;87085;2;6;1;2;45.83417;1.26258;4;3;2;0;1;1; -1;1;5;1;30;Indemne;6
202300004069;155 673 357;A01;7;0;2;3;2;1;203 841 606;1;1;1;1;1966.0;5;1;0;-1;30;4;2023;08:15;1;87;87085;2;6;1;2;45.83417;1.26258;4;2;2;0;1;1; -1;1;5;1;30;Indemne;6
202300004069;155 673 360;B01;1;0;2;4;16;5;203 841 609;1;1;4;1;1967.0;5;2;0;-1;30;4;2023;08:15;1;87;87085;2;6;1;2;45.83417;1.26258;4;3;2;0;1;1; -1;1;5;1;30;Blessé léger;6
202300004069;155 673 360;B01;1;0;2;4;16;5;203 841 609;1;1;4;1;1967.0;5;2;0;-1;30;4;2023;08:15;1;87;87085;2;6;1;2;45.83417;1.26258;4;2;2;0;1;1; -1;1;5;1;30;Blessé léger;6
202300004102;155 673 303;A01;7;0;9;7;2;1;203 841 530;1;1;1;1;1933.0;5;1;-1;-1;12;2;2023;12:20;1;50;50464;1;1;1;3;48.983188;-1.413009;3;2;2;0;1;1; -1;1;0;1;80;Indemne;6
202300004102;155 673 306;B01;1;0;2;0;2;5;203 841 532;1;1;3;1;1994.0;5;2;-1;-1;12;2;2023;12:20;1;50;50464;1;1;1;3;48.983188;-1.413009;3;2;2;0;1;1; -1;1;0;1;80;Blessé hospitalisé;6
202300004104;155 673 301;A01;7;0;9;1;0;1;203 841 529;1;1;1;2;1969.0;1;1;-1;-1;27;11;2023;18:25;5;38;38158;2;3;2;3;45.149479;5.740228;4;2;2;2;1;1; -1;2;0;5;50;Indemne;0
202300004104;155 673 301;A01;7;0;9;1;0;1;203 841 529;1;1;1;2;1969.0;1;1;-1;-1;27;11;2023;18:25;5;38;38158;2;3;2;3;45.149479;5.740228;4;2;2;2;1;1; -1;2;9;5;50;Indemne;0
202300004104;155 673 304;B01;1;0;2;1;1;5;203 841 534;1;1;4;1;1988.0;1;0;-1;-1;27;11;2023;18:25;5;38;38158;2;3;2;3;45.149479;5.740228;4;2;2;2;1;1; -1;2;0;5;50;Blessé léger;0
202300004104;155 673 304;B01;1;0;2;1;1;5;203 841 534;1;1;4;1;1988.0;1;0;-1;-1;27;11;2023;18:25;5;38;38158;2;3;2;3;45.149479;5.740228;4;2;2;2;1;1; -1;2;9;5;50;Blessé léger;0
202300004120;155 673 278;B01;1;0;2;2;1;5;203 841 491;1;1;3;1;1999.0;5;0;-1;-1;11;2;2023;16:45;1;85;85047;2;6;7;3;46.851079;-1.879655;4;1;1;0;1;2; -1;1;5;1;50;Blessé hospitalisé;5
202300004120;155 673 280;A01;7;0;2;3;9;6;203 841 493;1;1;1;1;1966.0;3;1;-1;-1;11;2;2023;16:45;1;85;85047;2;6;7;3;46.851079;-1.879655;4;1;1;0;1;2; -1;1;5;1;50;Indemne;5
202300004129;155 673 266;B01;1;0;2;1;17;5;203 841 475;1;1;4;1;1994.0;0;8;0;-1;3;5;2023;11:15;1;67;67218;2;1;1;6;48.545299;7.738031;4;3;6;2;1;1; -1;1;0;5;50;Blessé léger;2
202300004129;155 673 267;A01;14;0;2;3;23;1;203 841 477;1;1;1;1;1986.0;4;8;0;-1;3;5;2023;11:15;1;67;67218;2;1;1;6;48.545299;7.738031;4;3;6;2;1;1; -1;1;0;5;50;Indemne;2
202300004133;155 673 260;B01;1;0;2;1;15;5;203 841 468;1;1;4;1;1953.0;5;8;0;-1;27;4;2023;15:40;1;67;67043;2;3;1;3;48.61474;7.73394;4;2;2;0;1;2; -1;1;0;1;30;Blessé léger;3
202300004133;155 673 260;B01;1;0;2;1;15;5;203 841 468;1;1;4;1;1953.0;5;8;0;-1;27;4;2023;15:40;1;67;67043;2;3;1;3;48.61474;7.73394;4;2;2;0;1;1; -1;1;0;1;50;Blessé léger;3
202300004133;155 673 263;A01;7;0;2;3;1;3;203 841 471;1;1;1;1;1953.0;0;1;8;-1;27;4;2023;15:40;1;67;67043;2;3;1;3;48.61474;7.73394;4;2;2;0;1;2; -1;1;0;1;30;Indemne;3
202300004133;155 673 263;A01;7;0;2;3;1;3;203 841 471;1;1;1;1;1953.0;0;1;8;-1;27;4;2023;15:40;1;67;67043;2;3;1;3;48.61474;7.73394;4;2;2;0;1;1; -1;1;0;1;50;Indemne;3
202300004177;155 673 175;B01;1;0;2;1;1;5;203 841 344;1;1;4;2;1978.0;0;2;0;-1;2;5;2023;17:34;1;56;56121;2;1;1;3;47.75978;-3.36629;4;2;2;2;2;1; -1;1;0;5;30;Blessé léger;1
202300004177;155 673 176;A01;7;0;2;2;15;1;203 841 345;1;1;1;1;2003.0;5;1;8;-1;2;5;2023;17:34;1;56;56121;2;1;1;3;47.75978;-3.36629;4;2;2;2;2;1; -1;1;0;5;30;Indemne;1
202300004183;155 673 165;A01;7;15;9;2;13;1;203 841 330;1;1;1;1;1949.0;5;1;-1;-1;18;5;2023;10:30;1;14;14409;2;1;1;3;49.28269;-0.192284;3;2;2;1;1;1; -1;1;0;1;50;Indemne;3
202300004183;155 673 166;B01;1;0;0;7;19;5;203 841 333;1;1;4;2;1943.0;5;0;-1;-1;18;5;2023;10:30;1;14;14409;2;1;1;3;49.28269;-0.192284;3;2;2;1;1;1; -1;1;0;1;50;Blessé léger;3
202300004200;155 673 141;B01;1;0;2;0;19;5;203 841 296;1;1;3;1;1953.0;0;8;8;-1;20;4;2023;16:00;1;30;30189;2;6;1;3;43.8371;4.3884;3;-1;2;0;1;1; -1;1;5;1;50;Blessé hospitalisé;3
202300004200;155 673 141;B01;1;0;2;0;19;5;203 841 296;1;1;3;1;1953.0;0;8;8;-1;20;4;2023;16:00;1;30;30189;2;6;1;3;43.8371;4.3884;3;1;2;1;1;1; -1;1;5;5;50;Blessé hospitalisé;3
202300004200;155 673 142;A01;7;0;2;1;1;1;203 841 298;1;1;1;2;1978.0;0;1;8;-1;20;4;2023;16:00;1;30;30189;2;6;1;3;43.8371;4.3884;3;-1;2;0;1;1; -1;1;5;1;50;Indemne;3
202300004200;155 673 142;A01;7;0;2;1;1;1;203 841 298;1;1;1;2;1978.0;0;1;8;-1;20;4;2023;16:00;1;30;30189;2;6;1;3;43.8371;4.3884;3;1;2;1;1;1; -1;1;5;5;50;Indemne;3
202300004210;155 673 124;B01;7;0;2;2;16;3;203 841 274;1;1;1;2;1965.0;5;1;8;-1;3;5;2023;19:30;1;26;26198;2;6;1;6;44.54316;4.7716;4;2;2;0;1;3; -1;1;0;5;50;Indemne;2
202300004210;155 673 124;B01;7;0;2;2;16;3;203 841 274;1;1;1;2;1965.0;5;1;8;-1;3;5;2023;19:30;1;26;26198;2;6;1;6;44.54316;4.7716;4;2;2;1;1;3; -1;1;0;5;50;Indemne;2
202300004210;155 673 125;A01;1;0;2;6;1;5;203 841 276;1;1;4;1;1968.0;5;2;8;-1;3;5;2023;19:30;1;26;26198;2;6;1;6;44.54316;4.7716;4;2;2;0;1;3; -1;1;0;5;50;Blessé léger;2
202300004210;155 673 125;A01;1;0;2;6;1;5;203 841 276;1;1;4;1;1968.0;5;2;8;-1;3;5;2023;19:30;1;26;26198;2;6;1;6;44.54316;4.7716;4;2;2;1;1;3; -1;1;0;5;50;Blessé léger;2
202300004234;155 673 080;A01;10;0;2;2;1;1;203 841 213;1;1;1;1;1960.0;1;1;8;-1;7;2;2023;05:15;5;67;67482;2;1;1;3;48.58506;7.71453;4;2;2;1;1;1; -1;1;0;1;30;Indemne;1
202300004234;155 673 081;B01;1;0;2;1;1;5;203 841 214;1;1;4;1;2005.0;1;8;0;-1;7;2;2023;05:15;5;67;67482;2;1;1;3;48.58506;7.71453;4;2;2;1;1;1; -1;1;0;1;30;Blessé léger;1
202300004242;155 673 065;A01;7;0;2;5;16;1;203 841 188;4;2;1;1;2002.0;9;1;0;-1;9;2;2023;20:53;5;64;64445;2;2;1;3;43.3081;-0.37654;4;2;5;3;1;1; -1;1;0;1;50;Indemne;3
202300004242;155 673 065;A01;7;0;2;5;16;1;203 841 188;4;2;1;1;2002.0;9;1;0;-1;9;2;2023;20:53;5;64;64445;2;2;1;3;43.3081;-0.37654;4;2;4;0;1;1; -1;1;0;1;50;Indemne;3
202300004242;155 673 065;A01;7;0;2;5;16;1;203 841 190;3;2;1;1;2003.0;9;1;0;-1;9;2;2023;20:53;5;64;64445;2;2;1;3;43.3081;-0.37654;4;2;5;3;1;1; -1;1;0;1;50;Indemne;3
202300004242;155 673 065;A01;7;0;2;5;16;1;203 841 190;3;2;1;1;2003.0;9;1;0;-1;9;2;2023;20:53;5;64;64445;2;2;1;3;43.3081;-0.37654;4;2;4;0;1;1; -1;1;0;1;50;Indemne;3
202300004242;155 673 065;A01;7;0;2;5;16;1;203 841 191;2;2;1;1;2002.0;9;1;8;-1;9;2;2023;20:53;5;64;64445;2;2;1;3;43.3081;-0.37654;4;2;5;3;1;1; -1;1;0;1;50;Indemne;3
202300004242;155 673 065;A01;7;0;2;5;16;1;203 841 191;2;2;1;1;2002.0;9;1;8;-1;9;2;2023;20:53;5;64;64445;2;2;1;3;43.3081;-0.37654;4;2;4;0;1;1; -1;1;0;1;50;Indemne;3
202300004242;155 673 065;A01;7;0;2;5;16;1;203 841 192;1;1;1;1;2002.0;9;1;8;-1;9;2;2023;20:53;5;64;64445;2;2;1;3;43.3081;-0.37654;4;2;5;3;1;1; -1;1;0;1;50;Indemne;3
202300004242;155 673 065;A01;7;0;2;5;16;1;203 841 192;1;1;1;1;2002.0;9;1;8;-1;9;2;2023;20:53;5;64;64445;2;2;1;3;43.3081;-0.37654;4;2;4;0;1;1; -1;1;0;1;50;Indemne;3
202300004242;155 673 068;B01;1;0;2;1;1;5;203 841 194;1;1;4;2;1972.0;0;2;0;-1;9;2;2023;20:53;5;64;64445;2;2;1;3;43.3081;-0.37654;4;2;5;3;1;1; -1;1;0;1;50;Blessé léger;3
202300004242;155 673 068;B01;1;0;2;1;1;5;203 841 194;1;1;4;2;1972.0;0;2;0;-1;9;2;2023;20:53;5;64;64445;2;2;1;3;43.3081;-0.37654;4;2;4;0;1;1; -1;1;0;1;50;Blessé léger;3
202300004248;155 673 056;B01;7;0;2;6;1;1;203 841 171;1;1;1;2;1949.0;0;1;0;-1;26;11;2023;18:35;5;76;76540;2;2;1;3;49.45193;1.06902;4;2;0;3;2;1; -1;1;0;1;30;Indemne;6
202300004248;155 673 056;B01;7;0;2;6;1;1;203 841 171;1;1;1;2;1949.0;0;1;0;-1;26;11;2023;18:35;5;76;76540;2;2;1;3;49.45193;1.06902;4;2;2;0;2;1; -1;1;0;1;30;Indemne;6
202300004248;155 673 058;A01;1;0;2;1;1;5;203 841 174;1;1;4;1;2001.0;4;8;-1;-1;26;11;2023;18:35;5;76;76540;2;2;1;3;49.45193;1.06902;4;2;0;3;2;1; -1;1;0;1;30;Blessé léger;6
202300004248;155 673 058;A01;1;0;2;1;1;5;203 841 174;1;1;4;1;2001.0;4;8;-1;-1;26;11;2023;18:35;5;76;76540;2;2;1;3;49.45193;1.06902;4;2;2;0;2;1; -1;1;0;1;30;Blessé léger;6
202300004251;155 673 052;B01;1;0;2;3;26;5;203 841 167;1;1;1;1;2008.0;0;0;-1;-1;3;5;2023;19:15;1;02;02738;2;1;1;1;49.65849;3.29057;4;2;0;0;1;1; -1;1;0;1;50;Indemne;2
202300004251;155 673 054;A01;7;0;2;2;26;1;203 841 169;1;1;3;1;1987.0;5;1;-1;-1;3;5;2023;19:15;1;02;02738;2;1;1;1;49.65849;3.29057;4;2;0;0;1;1; -1;1;0;1;50;Blessé hospitalisé;2
202300004260;155 673 037;A01;1;0;2;1;1;5;203 841 138;1;1;3;1;1992.0;9;8;0;-1;2;5;2023;21:08;5;75;75107;2;2;1;1;48.857703;2.327972;4;1;1;0;1;1; -1;1;0;1;30;Blessé hospitalisé;1
202300004260;155 673 037;A01;1;0;2;1;1;5;203 841 138;1;1;3;1;1992.0;9;8;0;-1;2;5;2023;21:08;5;75;75107;2;2;1;1;48.857703;2.327972;4;1;1;0;1;1; -1;1;0;1;30;Blessé hospitalisé;1
202300004260;155 673 041;B01;7;0;2;2;1;1;203 841 144;1;1;1;2;1957.0;9;1;8;-1;2;5;2023;21:08;5;75;75107;2;2;1;1;48.857703;2.327972;4;1;1;0;1;1; -1;1;0;1;30;Indemne;1
202300004260;155 673 041;B01;7;0;2;2;1;1;203 841 144;1;1;1;2;1957.0;9;1;8;-1;2;5;2023;21:08;5;75;75107;2;2;1;1;48.857703;2.327972;4;1;1;0;1;1; -1;1;0;1;30;Indemne;1
202300004267;155 673 025;A01;7;0;2;8;22;1;203 841 125;1;1;1;1;1964.0;4;1;0;-1;3;5;2023;17:50;1;75;75117;2;1;1;3;48.886697;2.304433;4;2;2;0;1;1; -1;1;0;1;30;Indemne;2
202300004267;155 673 026;B01;80;1;0;1;1;3;203 841 127;1;1;4;1;1986.0;1;2;0;-1;3;5;2023;17:50;1;75;75117;2;1;1;3;48.886697;2.304433;4;2;2;0;1;1; -1;1;0;1;30;Blessé léger;2
202300004270;155 673 017;A01;7;0;2;8;22;1;203 841 117;1;1;1;2;1989.0;1;1;0;-1;3;5;2023;18:40;2;75;75115;2;2;1;3;48.839987;2.29038;4;-1; -1;0;1;1; -1;1;0;1;30;Indemne;2
202300004270;155 673 017;A01;7;0;2;8;22;1;203 841 117;1;1;1;2;1989.0;1;1;0;-1;3;5;2023;18:40;2;75;75115;2;2;1;3;48.839987;2.29038;4;2;2;0;1;1; -1;1;0;1;30;Indemne;2
202300004270;155 673 019;B01;1;1;0;2;1;5;203 841 119;1;1;4;1;1989.0;9;8;0;-1;3;5;2023;18:40;2;75;75115;2;2;1;3;48.839987;2.29038;4;-1; -1;0;1;1; -1;1;0;1;30;Blessé léger;2
202300004270;155 673 019;B01;1;1;0;2;1;5;203 841 119;1;1;4;1;1989.0;9;8;0;-1;3;5;2023;18:40;2;75;75115;2;2;1;3;48.839987;2.29038;4;2;2;0;1;1; -1;1;0;1;30;Blessé léger;2
202300004277;155 673 004;A01;7;0;2;2;15;1;203 841 100;1;1;1;1;1998.0;5;1;0;-1;3;5;2023;18:30;1;75;75113;2;2;1;3;48.826176;2.3573;4;2;6;1;1;1; -1;1;0;1;30;Indemne;2
202300004277;155 673 004;A01;7;0;2;2;15;1;203 841 100;1;1;1;1;1998.0;5;1;0;-1;3;5;2023;18:30;1;75;75113;2;2;1;3;48.826176;2.3573;4;-1; -1;0;1;1; -1;1;0;1;30;Indemne;2
202300004277;155 673 005;B01;1;0;2;8;1;5;203 841 102;1;1;4;1;1995.0;1;2;0;-1;3;5;2023;18:30;1;75;75113;2;2;1;3;48.826176;2.3573;4;2;6;1;1;1; -1;1;0;1;30;Blessé léger;2
202300004277;155 673 005;B01;1;0;2;8;1;5;203 841 102;1;1;4;1;1995.0;1;2;0;-1;3;5;2023;18:30;1;75;75113;2;2;1;3;48.826176;2.3573;4;-1; -1;0;1;1; -1;1;0;1;30;Blessé léger;2
202300004280;155 673 000;A01;7;0;2;2;1;1;203 841 091;1;1;1;2;1985.0;1;1;0;-1;26;11;2023;12:30;1;41;41047;2;1;1;3;47.6092;1.35637;4;2;2;0;1;1; -1;1;0;1;30;Indemne;6
202300004280;155 673 002;B01;1;0;2;1;19;5;203 841 094;1;1;4;2;1980.0;0;0;-1;-1;26;11;2023;12:30;1;41;41047;2;1;1;3;47.6092;1.35637;4;2;2;0;1;1; -1;1;0;1;30;Blessé léger;6
202300004285;155 672 992;Z01;1;9;1;1;0;5;203 841 081;10;3;4;2;1953.0;5;0;-1;-1;10;2;2023;14:30;1;59;59599;2;1;1;6;50.72155;3.15974;4;-1;0;0;1;1; -1;1;6;1;30;Blessé léger;4
202300004294;155 672 976;B01;32;0;2;1;1;1;203 841 061;1;1;4;1;1983.0;1;2;8;-1;3;5;2023;06:45;1;75;75111;2;2;1;3;48.869993;2.371057;4;2;2;0;1;1; -1;1;0;1;30;Blessé léger;2
202300004294;155 672 976;B01;32;0;2;1;1;1;203 841 061;1;1;4;1;1983.0;1;2;8;-1;3;5;2023;06:45;1;75;75111;2;2;1;3;48.869993;2.371057;4;1;1;0;1;1; -1;1;0;1;30;Blessé léger;2
202300004294;155 672 978;A01;1;0;2;8;19;5;203 841 063;1;1;4;1;1989.0;9;8;0;-1;3;5;2023;06:45;1;75;75111;2;2;1;3;48.869993;2.371057;4;2;2;0;1;1; -1;1;0;1;30;Blessé léger;2
202300004294;155 672 978;A01;1;0;2;8;19;5;203 841 063;1;1;4;1;1989.0;9;8;0;-1;3;5;2023;06:45;1;75;75111;2;2;1;3;48.869993;2.371057;4;1;1;0;1;1; -1;1;0;1;30;Blessé léger;2
202300004298;155 672 969;B01;17;0;2;2;16;1;203 841 051;1;1;1;1;1977.0;4;1;0;-1;10;2;2023;20:20;5;59;59350;2;1;1;3;50.640107;3.07686;4;2;1;0;1;3; -1;1;0;1;30;Indemne;4
202300004298;155 672 973;A01;1;0;2;8;19;5;203 841 057;1;1;3;1;1991.0;0;2;6;-1;10;2;2023;20:20;5;59;59350;2;1;1;3;50.640107;3.07686;4;2;1;0;1;3; -1;1;0;1;30;Blessé hospitalisé;4
202300004300;155 672 963;A01;1;0;2;2;1;5;203 841 043;1;1;1;2;1978.0;1;2;8;-1;3;5;2023;08:00;1;75;75110;2;1;1;1;48.882663;2.350344;4;1;1;1;1;1; -1;1;0;5;30;Indemne;2
202300004300;155 672 965;B01;60;0;2;1;21;5;203 841 046;1;1;4;1;2018.0;2;8;8;8;3;5;2023;08:00;1;75;75110;2;1;1;1;48.882663;2.350344;4;1;1;1;1;1; -1;1;0;5;30;Blessé léger;2
202300004302;155 672 962;B01;1;0;2;1;2;5;203 841 042;1;1;4;1;1939.0;0;0;0;-1;7;2;2023;17:10;1;59;59328;2;1;1;1;50.65554;3.028427;4;2;0;1;1;1; -1;1;9;1;50;Blessé léger;1
202300004302;155 672 964;A01;7;0;2;3;15;1;203 841 044;1;1;1;2;2003.0;2;8;0;-1;7;2;2023;17:10;1;59;59328;2;1;1;1;50.65554;3.028427;4;2;0;1;1;1; -1;1;9;1;50;Indemne;1
202300004318;155 672 937;A01;80;0;1;7;1;3;203 840 999;1;1;1;1;1994.0;5;8;0;-1;3;5;2023;16:45;1;75;75101;2;3;1;6;48.862464;2.336261;4;1;2;1;1;1; -1;1;0;5;30;Indemne;2
202300004318;155 672 937;A01;80;0;1;7;1;3;203 840 999;1;1;1;1;1994.0;5;8;0;-1;3;5;2023;16:45;1;75;75101;2;3;1;6;48.862464;2.336261;4;1;2;1;1;1; -1;1;0;5;30;Indemne;2
202300004318;155 672 937;A01;80;0;1;7;1;3;203 841 001;10;3;3;1;1956.0;5;0;-1;-1;3;5;2023;16:45;1;75;75101;2;3;1;6;48.862464;2.336261;4;1;2;1;1;1; -1;1;0;5;30;Blessé hospitalisé;2
202300004318;155 672 937;A01;80;0;1;7;1;3;203 841 001;10;3;3;1;1956.0;5;0;-1;-1;3;5;2023;16:45;1;75;75101;2;3;1;6;48.862464;2.336261;4;1;2;1;1;1; -1;1;0;5;30;Blessé hospitalisé;2
202300004318;155 672 937;A01;80;0;1;7;1;3;203 841 002;10;3;4;1;1961.0;5;0;-1;-1;3;5;2023;16:45;1;75;75101;2;3;1;6;48.862464;2.336261;4;1;2;1;1;1; -1;1;0;5;30;Blessé léger;2
202300004318;155 672 937;A01;80;0;1;7;1;3;203 841 002;10;3;4;1;1961.0;5;0;-1;-1;3;5;2023;16:45;1;75;75101;2;3;1;6;48.862464;2.336261;4;1;2;1;1;1; -1;1;0;5;30;Blessé léger;2
202300004322;155 672 926;A01;7;0;2;1;9;1;203 840 985;1;1;1;2;1981.0;4;1;-1;-1;9;2;2023;16:35;1;50;50129;2;2;1;3;49.64639;-1.64948;4;2;2;0;1;1; -1;2;5;1;50;Indemne;3
202300004322;155 672 926;A01;7;0;2;1;9;1;203 840 985;1;1;1;2;1981.0;4;1;-1;-1;9;2;2023;16:35;1;50;50129;2;2;1;3;49.64639;-1.64948;4;2;2;0;4;1; -1;2;5;1;50;Indemne;3
202300004322;155 672 930;B01;1;0;2;7;1;5;203 840 990;1;1;4;1;1991.0;1;2;-1;-1;9;2;2023;16:35;1;50;50129;2;2;1;3;49.64639;-1.64948;4;2;2;0;1;1; -1;2;5;1;50;Blessé léger;3
202300004322;155 672 930;B01;1;0;2;7;1;5;203 840 990;1;1;4;1;1991.0;1;2;-1;-1;9;2;2023;16:35;1;50;50129;2;2;1;3;49.64639;-1.64948;4;2;2;0;4;1; -1;2;5;1;50;Blessé léger;3
202300004327;155 672 915;A01;7;0;9;3;1;1;203 840 971;1;1;1;1;1943.0;5;1;0;-1;9;2;2023;18:45;3;49;49007;2;3;1;6;47.47194;-0.55055;4;2;2;0;1;1; -1;1;0;1;30;Indemne;3
202300004327;155 672 915;A01;7;0;9;3;1;1;203 840 971;1;1;1;1;1943.0;5;1;0;-1;9;2;2023;18:45;3;49;49007;2;3;1;6;47.47194;-0.55055;4;2; -1;-1;1;1; -1;1;0;1;-1;Indemne;3
202300004327;155 672 918;B01;1;0;2;0;1;5;203 840 974;1;1;3;1;2002.0;5;0;0;-1;9;2;2023;18:45;3;49;49007;2;3;1;6;47.47194;-0.55055;4;2;2;0;1;1; -1;1;0;1;30;Blessé hospitalisé;3
202300004327;155 672 918;B01;1;0;2;0;1;5;203 840 974;1;1;3;1;2002.0;5;0;0;-1;9;2;2023;18:45;3;49;49007;2;3;1;6;47.47194;-0.55055;4;2; -1;-1;1;1; -1;1;0;1;-1;Blessé hospitalisé;3
202300004328;155 672 916;B01;1;1;2;8;2;5;203 840 972;1;1;4;1;1960.0;1;8;0;-1;3;5;2023;18:35;1;94;94041;2;1;1;3;48.80504222;2.38821664;4;2;2;0;1;1; -1;1;0;1;50;Blessé léger;2
202300004328;155 672 917;A01;7;1;2;2;17;1;203 840 973;1;1;1;1;1980.0;1;1;0;-1;3;5;2023;18:35;1;94;94041;2;1;1;3;48.80504222;2.38821664;4;2;2;0;1;1; -1;1;0;1;50;Indemne;2
202300004330;155 672 913;A01;1;0;2;0;0;5;203 840 969;1;1;4;1;2001.0;4;2;0;-1;28;10;2023;12:00;1;30;30032;2;1;1;6;43.80605;4.64357;3;1;1;0;1;1;3;1;0;1;50;Blessé léger;5
202300004352;155 672 874;A01;7;0;2;7;17;1;203 840 919;1;1;1;2;1986.0;9;1;0;-1;26;11;2023;12:00;1;06;06004;1;1;1;3;43.5712348;7.1002218;4;2;2;0;1;1; -1;1;0;1;50;Indemne;6
202300004352;155 672 876;B01;1;0;2;8;1;5;203 840 922;1;1;3;2;1957.0;5;2;4;-1;26;11;2023;12:00;1;06;06004;1;1;1;3;43.5712348;7.1002218;4;2;2;0;1;1; -1;1;0;1;50;Blessé hospitalisé;6
202300004358;155 672 861;A01;7;0;2;8;0;1;203 840 905;1;1;1;2;2002.0;0;1;8;-1;24;3;2023;09:55;1;82;82121;2;2;1;3;44.02247615;1.35723799;4;1;1;0;1;1; -1;1;0;1;50;Indemne;4
202300004358;155 672 861;A01;7;0;2;8;0;1;203 840 905;1;1;1;2;2002.0;0;1;8;-1;24;3;2023;09:55;1;82;82121;2;2;1;3;44.02247615;1.35723799;4;4;3;0;1;1; -1;1;0;1;50;Indemne;4
202300004358;155 672 863;B01;1;0;2;1;1;5;203 840 906;1;1;4;1;1965.0;0;2;0;-1;24;3;2023;09:55;1;82;82121;2;2;1;3;44.02247615;1.35723799;4;1;1;0;1;1; -1;1;0;1;50;Blessé léger;4
202300004358;155 672 863;B01;1;0;2;1;1;5;203 840 906;1;1;4;1;1965.0;0;2;0;-1;24;3;2023;09:55;1;82;82121;2;2;1;3;44.02247615;1.35723799;4;4;3;0;1;1; -1;1;0;1;50;Blessé léger;4
202300004362;155 672 854;A01;7;0;2;1;1;1;203 840 894;1;1;1;1;1969.0;0;1;8;-1;23;3;2023;09:40;1;82;82121;2;3;1;3;44.02198626;1.37402259;4;2;2;0;1;1; -1;1;6;1;30;Indemne;3
202300004362;155 672 854;A01;7;0;2;1;1;1;203 840 894;1;1;1;1;1969.0;0;1;8;-1;23;3;2023;09:40;1;82;82121;2;3;1;3;44.02198626;1.37402259;4;-1;3;3;1;1; -1;1;6;1;30;Indemne;3
202300004362;155 672 857;B01;1;0;2;7;19;5;203 840 898;1;1;3;2;1953.0;5;2;0;-1;23;3;2023;09:40;1;82;82121;2;3;1;3;44.02198626;1.37402259;4;2;2;0;1;1; -1;1;6;1;30;Blessé hospitalisé;3
202300004362;155 672 857;B01;1;0;2;7;19;5;203 840 898;1;1;3;2;1953.0;5;2;0;-1;23;3;2023;09:40;1;82;82121;2;3;1;3;44.02198626;1.37402259;4;-1;3;3;1;1; -1;1;6;1;30;Blessé hospitalisé;3
202300004364;155 672 853;A01;33;0;0;0;0;0;203 840 892;2;2;3;1;1999.0;9;2;8;-1;3;5;2023;20:13;1;92;92044;2;1;1;3;48.89998116;2.28195101;3;1;3;0;1;1; -1;1;0;1;50;Blessé hospitalisé;2
202300004364;155 672 853;A01;33;0;0;0;0;0;203 840 895;1;1;3;1;1999.0;0;2;6;-1;3;5;2023;20:13;1;92;92044;2;1;1;3;48.89998116;2.28195101;3;1;3;0;1;1; -1;1;0;1;50;Blessé hospitalisé;2
202300004364;155 672 856;B01;1;0;0;0;0;5;203 840 897;1;1;3;1;1987.0;9;2;8;-1;3;5;2023;20:13;1;92;92044;2;1;1;3;48.89998116;2.28195101;3;1;3;0;1;1; -1;1;0;1;50;Blessé hospitalisé;2
202300004376;155 672 826;B01;80;0;2;0;0;3;203 840 846;1;1;4;1;1965.0;0;2;0;-1;22;3;2023;19:15;5;72;72181;2;2;2;3;48.00639;0.1928;4;2;3;3;1;1; -1;2;0;1;30;Blessé léger;2
202300004376;155 672 826;B01;80;0;2;0;0;3;203 840 846;1;1;4;1;1965.0;0;2;0;-1;22;3;2023;19:15;5;72;72181;2;2;2;3;48.00639;0.1928;4;3;3;1;1;1; -1;2;0;1;30;Blessé léger;2
202300004376;155 672 829;A01;7;0;2;2;16;1;203 840 850;1;1;1;2;1993.0;0;1;0;-1;22;3;2023;19:15;5;72;72181;2;2;2;3;48.00639;0.1928;4;2;3;3;1;1; -1;2;0;1;30;Indemne;2
202300004376;155 672 829;A01;7;0;2;2;16;1;203 840 850;1;1;1;2;1993.0;0;1;0;-1;22;3;2023;19:15;5;72;72181;2;2;2;3;48.00639;0.1928;4;3;3;1;1;1; -1;2;0;1;30;Indemne;2
202300004386;155 672 810;A01;1;0;2;1;1;5;203 840 826;1;1;4;1;1962.0;1;2;-1;-1;24;11;2023;13:45;1;75;75116;2;1;1;1;48.871187;2.272599;4;2;2;0;1;1; -1;1;8;1;30;Blessé léger;4
202300004386;155 672 813;B01;33;0;2;1;1;1;203 840 829;1;1;1;2;1994.0;9;2;6;-1;24;11;2023;13:45;1;75;75116;2;1;1;1;48.871187;2.272599;4;2;2;0;1;1; -1;1;8;1;30;Indemne;4