Num_Acc;id_vehicule;num_veh;catv;obs;obsm;choc;manv;motor;id_usager;place;catu;grav;sexe;an_nais;trajet;secu1;secu2;secu3;jour;mois;an;hrmn;lum;dep;com;agg;int;atm;col;lat;long;catr;circ;nbv;vosp;prof;plan;larrout;surf;infra;situ;vma;gravity;day_of_week
202300004393;155 672 798;A01;80;0;2;3;19;3;203 840 813;1;1;3;2;1970.0;1;2;6;-1;24;3;2023;12:15;1;64;64102;1;1;2;3;43.50123;-1.48187;4;3;2;0;1;1; -1;2;0;1;50;Blessé hospitalisé;4
202300004393;155 672 801;B01;2;0;2;1;17;1;203 840 816;1;1;4;1;2006.0;2;2;6;-1;24;3;2023;12:15;1;64;64102;1;1;2;3;43.50123;-1.48187;4;3;2;0;1;1; -1;2;0;1;50;Blessé léger;4
202300004395;155 672 796;A01;1;0;0;0;1;5;203 840 810;1;1;3;1;1955.0;9;2;6;-1;10;2;2023;13:05;1;22;22278;2;1;1;7;48.52719;-2.72846;4;2;2;0;2;1; -1;6;9;1;30;Blessé hospitalisé;4
202300004399;155 672 788;A01;7;0;2;1;15;1;203 840 799;1;1;1;2;1990.0;5;1;0;-1;25;11;2023;15:04;1;75;75113;2;2;1;3;48.825669;2.382084;4;4;7;2;1;1; -1;1;0;5;50;Indemne;5
202300004399;155 672 788;A01;7;0;2;1;15;1;203 840 799;1;1;1;2;1990.0;5;1;0;-1;25;11;2023;15:04;1;75;75113;2;2;1;3;48.825669;2.382084;4;1;2;3;2;1; -1;1;0;5;30;Indemne;5
202300004399;155 672 791;B01;1;12;2;8;1;5;203 840 804;1;1;4;1;1977.0;9;2;8;-1;25;11;2023;15:04;1;75;75113;2;2;1;3;48.825669;2.382084;4;4;7;2;1;1; -1;1;0;5;50;Blessé léger;5
202300004399;155 672 791;B01;1;12;2;8;1;5;203 840 804;1;1;4;1;1977.0;9;2;8;-1;25;11;2023;15:04;1;75;75113;2;2;1;3;48.825669;2.382084;4;1;2;3;2;1; -1;1;0;5;30;Blessé léger;5
202300004401;155 672 784;A01;7;0;2;3;9;1;203 840 794;1;1;1;2;1939.0;5;1;0;-1;23;3;2023;13:45;1;64;64102;2;6;1;3;43.48692;-1.48304;4;2;2;0;1;1; -1;1;0;1;50;Indemne;3
202300004401;155 672 784;A01;7;0;2;3;9;1;203 840 794;1;1;1;2;1939.0;5;1;0;-1;23;3;2023;13:45;1;64;64102;2;6;1;3;43.48692;-1.48304;4;1;1;0;1;1; -1;1;0;1;50;Indemne;3
202300004401;155 672 787;B01;1;0;2;1;1;5;203 840 797;1;1;4;2;1976.0;5;2;6;-1;23;3;2023;13:45;1;64;64102;2;6;1;3;43.48692;-1.48304;4;2;2;0;1;1; -1;1;0;1;50;Blessé léger;3
202300004401;155 672 787;B01;1;0;2;1;1;5;203 840 797;1;1;4;2;1976.0;5;2;6;-1;23;3;2023;13:45;1;64;64102;2;6;1;3;43.48692;-1.48304;4;1;1;0;1;1; -1;1;0;1;50;Blessé léger;3
202300004415;155 672 764;A01;1;0;0;0;0;5;203 840 770;1;1;4;1;1966.0;5;2;8;-1;26;11;2023;12:00;1;92;92064;2;1;1;7;48.8285049;2.21044081;4;-1;0;1;2;1; -1;6;9;5;30;Blessé léger;6
202300004424;155 672 748;A01;1;0;0;8;1;5;203 840 748;1;1;4;1;1965.0;1;2;-1;-1;7;6;2023;07:30;1;69;69385;2;1;1;7;45.75997078;4.82449732;4;1;1;2;2;1; -1;1;0;5;30;Blessé léger;2
202300004439;155 672 721;B01;1;0;2;1;2;5;203 840 714;1;1;4;1;2008.0;2;0;0;-1;7;6;2023;09:50;1;95;95210;2;1;1;2;48.971701;2.304975;3;1;1;0;1;1; -1;1;0;1;30;Blessé léger;2
202300004439;155 672 724;A01;7;0;9;4;0;1;203 840 718;1;1;1;1;1990.0;1;1;0;-1;7;6;2023;09:50;1;95;95210;2;1;1;2;48.971701;2.304975;3;1;1;0;1;1; -1;1;0;1;30;Indemne;2
202300004447;155 672 704;A01;7;0;2;2;16;1;203 840 690;1;1;1;1;1992.0;5;8;-1;-1;24;3;2023;13:45;1;35;35238;2;3;1;3;48.10273;-1.66142;4;2;2;0;4;2; -1;1;0;5;50;Indemne;4
202300004447;155 672 704;A01;7;0;2;2;16;1;203 840 690;1;1;1;1;1992.0;5;8;-1;-1;24;3;2023;13:45;1;35;35238;2;3;1;3;48.10273;-1.66142;4;2;2;2;3;1; -1;1;0;5;30;Indemne;4
202300004447;155 672 706;B01;80;0;2;8;1;3;203 840 693;1;1;4;1;1991.0;0;8;-1;-1;24;3;2023;13:45;1;35;35238;2;3;1;3;48.10273;-1.66142;4;2;2;0;4;2; -1;1;0;5;50;Blessé léger;4
202300004447;155 672 706;B01;80;0;2;8;1;3;203 840 693;1;1;4;1;1991.0;0;8;-1;-1;24;3;2023;13:45;1;35;35238;2;3;1;3;48.10273;-1.66142;4;2;2;2;3;1; -1;1;0;5;30;Blessé léger;4
202300004452;155 672 691;A01;1;0;9;1;1;5;203 840 675;1;1;3;2;1996.0;5;2;-1;-1;26;11;2023;10:00;1;51;51030;1;2;1;6;49.05719;4.034045;3;2;2;0;2;1;4;1;9;8;50;Blessé hospitalisé;6
202300004452;155 672 691;A01;1;0;9;1;1;5;203 840 675;1;1;3;2;1996.0;5;2;-1;-1;26;11;2023;10:00;1;51;51030;1;2;1;6;49.05719;4.034045;3;2;2;0;2;1;4;1;9;1;80;Blessé hospitalisé;6
202300004460;155 672 674;A01;1;0;2;0;15;5;203 840 655;1;1;3;1;1954.0;5;0;-1;-1;10;7;2023;10:30;1;61;61484;2;6;1;3;48.266883;0.675616;3;2;2;0;1;3;5,5;1;0;1;50;Blessé hospitalisé;0
202300004460;155 672 674;A01;1;0;2;0;15;5;203 840 655;1;1;3;1;1954.0;5;0;-1;-1;10;7;2023;10:30;1;61;61484;2;6;1;3;48.266883;0.675616;3;2;2;0;1;3; -1;1;0;1;50;Blessé hospitalisé;0
202300004460;155 672 677;B01;7;0;2;3;2;3;203 840 659;1;1;1;2;1955.0;5;1;-1;-1;10;7;2023;10:30;1;61;61484;2;6;1;3;48.266883;0.675616;3;2;2;0;1;3;5,5;1;0;1;50;Indemne;0
202300004460;155 672 677;B01;7;0;2;3;2;3;203 840 659;1;1;1;2;1955.0;5;1;-1;-1;10;7;2023;10:30;1;61;61484;2;6;1;3;48.266883;0.675616;3;2;2;0;1;3; -1;1;0;1;50;Indemne;0
202300004469;155 672 651;B01;80;0;2;1;19;3;203 840 626;1;1;3;2;2005.0;1;8;0;-1;6;6;2023;12:30;1;85;85194;2;2;1;3;46.4925;-1.75968;4;2;2;0;1;1; -1;1;0;1;30;Blessé hospitalisé;1
202300004469;155 672 651;B01;80;0;2;1;19;3;203 840 626;1;1;3;2;2005.0;1;8;0;-1;6;6;2023;12:30;1;85;85194;2;2;1;3;46.4925;-1.75968;4;2;0;0;1;1; -1;1;0;1;50;Blessé hospitalisé;1
202300004469;155 672 653;A01;14;0;2;0;16;1;203 840 629;1;1;1;1;1962.0;1;1;0;-1;6;6;2023;12:30;1;85;85194;2;2;1;3;46.4925;-1.75968;4;2;2;0;1;1; -1;1;0;1;30;Indemne;1
202300004469;155 672 653;A01;14;0;2;0;16;1;203 840 629;1;1;1;1;1962.0;1;1;0;-1;6;6;2023;12:30;1;85;85194;2;2;1;3;46.4925;-1.75968;4;2;0;0;1;1; -1;1;0;1;50;Indemne;1
202300004502;155 672 589;C01;7;0;2;2;23;1;203 840 542;1;1;1;1;1975.0;0;1;8;-1;6;6;2023;19:20;1;72;72181;2;1;1;5;48.00351;0.19946;4;1;2;2;1;1; -1;1;0;1;50;Indemne;1
202300004502;155 672 590;A01;7;0;2;3;22;1;203 840 545;1;1;1;1;1991.0;0;8;8;-1;6;6;2023;19:20;1;72;72181;2;1;1;5;48.00351;0.19946;4;1;2;2;1;1; -1;1;0;1;50;Indemne;1
202300004502;155 672 592;B01;80;1;0;1;1;3;203 840 548;1;1;4;2;2002.0;0;8;8;-1;6;6;2023;19:20;1;72;72181;2;1;1;5;48.00351;0.19946;4;1;2;2;1;1; -1;1;0;1;50;Blessé léger;1
202300004518;155 672 561;B01;7;0;2;3;21;1;203 840 500;1;1;1;1;1964.0;5;1;-1;-1;25;11;2023;20:20;5;987;98735;1;3;1;3;-17.722;-149.399;2;2;2;0;1;1; -1;1;0;8;20;Indemne;5
202300004518;155 672 561;B01;7;0;2;3;21;1;203 840 500;1;1;1;1;1964.0;5;1;-1;-1;25;11;2023;20:20;5;987;98735;1;3;1;3;-17.722;-149.399;2;2;2;0;1;2; -1;1;0;1;60;Indemne;5
202300004518;155 672 563;A01;1;0;2;7;19;5;203 840 502;1;1;3;1;2008.0;5;0;-1;-1;25;11;2023;20:20;5;987;98735;1;3;1;3;-17.722;-149.399;2;2;2;0;1;1; -1;1;0;8;20;Blessé hospitalisé;5
202300004518;155 672 563;A01;1;0;2;7;19;5;203 840 502;1;1;3;1;2008.0;5;0;-1;-1;25;11;2023;20:20;5;987;98735;1;3;1;3;-17.722;-149.399;2;2;2;0;1;2; -1;1;0;1;60;Blessé hospitalisé;5
202300004522;155 672 550;B01;1;0;2;2;17;5;203 840 485;1;1;4;1;2007.0;5;2;-1;-1;14;7;2023;16:05;1;05;05098;2;1;1;3;44.497206;6.55482;3;2;2;0;2;1;5,5;1;0;1;50;Blessé léger;4
202300004522;155 672 554;A01;7;0;2;6;15;1;203 840 490;1;1;1;1;1970.0;5;1;-1;-1;14;7;2023;16:05;1;05;05098;2;1;1;3;44.497206;6.55482;3;2;2;0;2;1;5,5;1;0;1;50;Indemne;4
202300004532;155 672 533;B01;80;0;2;1;5;3;203 840 466;1;1;3;2;2008.0;2;8;0;-1;7;6;2023;07:30;1;64;64125;2;1;1;3;43.4486;-1.57145;3;2;2;0;1;1;5,5;1;0;3;50;Blessé hospitalisé;2
202300004532;155 672 535;A01;7;0;2;1;9;1;203 840 468;1;1;1;1;1975.0;1;1;8;-1;7;6;2023;07:30;1;64;64125;2;1;1;3;43.4486;-1.57145;3;2;2;0;1;1;5,5;1;0;3;50;Indemne;2
202300004534;155 672 532;A01;7;0;2;1;1;1;203 840 465;1;1;1;2;1999.0;0;1;-1;-1;23;3;2023;09:30;1;69;69383;2;2;1;3;45.75034;4.88438;4;1;1;2;1;1; -1;1;0;1;30;Indemne;3
202300004534;155 672 532;A01;7;0;2;1;1;1;203 840 465;1;1;1;2;1999.0;0;1;-1;-1;23;3;2023;09:30;1;69;69383;2;2;1;3;45.75034;4.88438;4;1;1;0;1;1; -1;1;0;1;30;Indemne;3
202300004534;155 672 536;B01;1;0;2;7;1;5;203 840 469;1;1;4;1;1977.0;0;8;-1;-1;23;3;2023;09:30;1;69;69383;2;2;1;3;45.75034;4.88438;4;1;1;2;1;1; -1;1;0;1;30;Blessé léger;3
202300004534;155 672 536;B01;1;0;2;7;1;5;203 840 469;1;1;4;1;1977.0;0;8;-1;-1;23;3;2023;09:30;1;69;69383;2;2;1;3;45.75034;4.88438;4;1;1;0;1;1; -1;1;0;1;30;Blessé léger;3
202300004535;155 672 530;A01;1;0;1;0;1;5;203 840 462;1;1;1;1;1994.0;0;8;-1;-1;18;7;2023;18:30;1;44;44109;2;1;1;6;47.21369771;-1.58077115;4;1;1;0;1;4; -1;1;0;1;30;Indemne;1
202300004535;155 672 530;A01;1;0;1;0;1;5;203 840 463;10;3;4;2;1956.0;0;8;-1;-1;18;7;2023;18:30;1;44;44109;2;1;1;6;47.21369771;-1.58077115;4;1;1;0;1;4; -1;1;0;1;30;Blessé léger;1
202300004537;155 672 527;A01;7;0;2;7;1;2;203 840 455;1;1;1;1;1995.0;5;1;-1;-1;27;11;2023;11:30;1;976;97608;2;1;1;3;-12.78743;45.263849;2;2;2;1;1;1;7;1;9;1;50;Indemne;0
202300004537;155 672 529;B01;1;0;2;1;15;5;203 840 460;1;1;3;1;1988.0;9;0;-1;-1;27;11;2023;11:30;1;976;97608;2;1;1;3;-12.78743;45.263849;2;2;2;1;1;1;7;1;9;1;50;Blessé hospitalisé;0
202300004564;155 672 482;A01;10;0;9;2;25;1;203 840 396;1;1;1;1;1989.0;1;1;0;-1;23;3;2023;11:30;1;91;91589;2;1;1;3;48.67878;2.34646;3;2;2;0;2;1; -1;1;9;4;50;Indemne;3
202300004564;155 672 483;B01;1;0;2;1;25;5;203 840 397;1;1;4;2;1999.0;1;0;-1;-1;23;3;2023;11:30;1;91;91589;2;1;1;3;48.67878;2.34646;3;2;2;0;2;1; -1;1;9;4;50;Blessé léger;3
202300004570;155 672 472;A01;1;0;2;0;26;5;203 840 383;1;1;4;1;1996.0;0;8;-1;-1;14;7;2023;18:30;1;44;44109;2;1;8;3;47.26178019;-1.57839986;4;2;2;0;1;3; -1;1;0;1;30;Blessé léger;4
202300004570;155 672 473;B01;7;0;2;1;1;1;203 840 385;1;1;1;1;1983.0;0;8;-1;-1;14;7;2023;18:30;1;44;44109;2;1;8;3;47.26178019;-1.57839986;4;2;2;0;1;3; -1;1;0;1;30;Indemne;4
202300004581;155 672 450;A01;7;0;2;2;1;1;203 840 351;1;1;1;2;1997.0;2;8;-1;-1;27;11;2023;08:10;1;67;67118;2;1;1;3;48.580554;7.693954;7;2;2;0;1;1; -1;1;0;1;50;Indemne;0
202300004581;155 672 454;B01;1;1;2;8;19;5;203 840 355;1;1;3;2;2017.0;2;2;-1;-1;27;11;2023;08:10;1;67;67118;2;1;1;3;48.580554;7.693954;7;2;2;0;1;1; -1;1;0;1;50;Blessé hospitalisé;0
202300004584;155 672 447;B01;1;0;2;1;0;5;203 840 346;1;1;3;1;1985.0;0;2;-1;-1;14;3;2023;07:45;2;83;83050;2;6;1;3;43.53331;6.48265;4;-1;2;0;2;1; -1;1;5;1;50;Blessé hospitalisé;1
202300004584;155 672 447;B01;1;0;2;1;0;5;203 840 346;1;1;3;1;1985.0;0;2;-1;-1;14;3;2023;07:45;2;83;83050;2;6;1;3;43.53331;6.48265;4;-1;2;0;2;1; -1;1;9;1;50;Blessé hospitalisé;1
202300004584;155 672 452;A01;7;0;9;8;26;1;203 840 354;1;1;1;2;1987.0;0;1;-1;-1;14;3;2023;07:45;2;83;83050;2;6;1;3;43.53331;6.48265;4;-1;2;0;2;1; -1;1;5;1;50;Indemne;1
202300004584;155 672 452;A01;7;0;9;8;26;1;203 840 354;1;1;1;2;1987.0;0;1;-1;-1;14;3;2023;07:45;2;83;83050;2;6;1;3;43.53331;6.48265;4;-1;2;0;2;1; -1;1;9;1;50;Indemne;1
202300004589;155 672 438;B01;1;0;2;0;0;5;203 840 337;1;1;3;2;1938.0;0;8;0;-1;23;3;2023;15:10;1;82;82033;2;3;1;2;44.05243;1.10123;3;2;2;0;1;1;10;1;0;1;50;Blessé hospitalisé;3
202300004589;155 672 438;B01;1;0;2;0;0;5;203 840 337;1;1;3;2;1938.0;0;8;0;-1;23;3;2023;15:10;1;82;82033;2;3;1;2;44.05243;1.10123;3;-1; -1;-1;1;1; -1;-1;0;-1;-1;Blessé hospitalisé;3
202300004589;155 672 440;A01;7;0;9;6;1;1;203 840 340;1;1;1;1;1934.0;3;8;0;-1;23;3;2023;15:10;1;82;82033;2;3;1;2;44.05243;1.10123;3;2;2;0;1;1;10;1;0;1;50;Indemne;3
202300004589;155 672 440;A01;7;0;9;6;1;1;203 840 340;1;1;1;1;1934.0;3;8;0;-1;23;3;2023;15:10;1;82;82033;2;3;1;2;44.05243;1.10123;3;-1; -1;-1;1;1; -1;-1;0;-1;-1;Indemne;3
202300004590;155 672 434;A01;7;0;2;0;0;1;203 840 331;1;1;1;1;1978.0;0;8;-1;-1;12;7;2023;00:05;5;44;44109;2;6;8;3;47.23327188;-1.56601084;4;2;2;2;1;1; -1;1;5;1;50;Indemne;2
202300004590;155 672 436;B01;1;0;2;0;0;5;203 840 335;1;1;4;1;1986.0;0;8;-1;-1;12;7;2023;00:05;5;44;44109;2;6;8;3;47.23327188;-1.56601084;4;2;2;2;1;1; -1;1;5;1;50;Blessé léger;2
202300004595;155 672 425;B01;1;0;2;7;1;5;203 840 323;1;1;4;2;1973.0;0;8;-1;-1;11;7;2023;07:50;1;44;44109;2;1;8;3;47.22989962;-1.56300532;4;2;2;0;1;1; -1;1;0;1;50;Blessé léger;1
202300004595;155 672 429;A01;7;0;2;8;22;1;203 840 326;1;1;1;1;1987.0;0;8;-1;-1;11;7;2023;07:50;1;44;44109;2;1;8;3;47.22989962;-1.56300532;4;2;2;0;1;1; -1;1;0;1;50;Indemne;1
202300004600;155 672 417;A01;7;0;2;7;22;1;203 840 311;1;1;1;1;1934.0;0;8;-1;-1;11;7;2023;12:35;1;44;44109;2;1;8;3;47.21686363;-1.56692815;4;2;2;2;1;1; -1;1;0;1;30;Indemne;1
202300004600;155 672 417;A01;7;0;2;7;22;1;203 840 313;2;2;1;2;1989.0;0;8;-1;-1;11;7;2023;12:35;1;44;44109;2;1;8;3;47.21686363;-1.56692815;4;2;2;2;1;1; -1;1;0;1;30;Indemne;1
202300004600;155 672 420;B01;1;0;2;3;1;5;203 840 316;1;1;4;2;1955.0;0;8;-1;-1;11;7;2023;12:35;1;44;44109;2;1;8;3;47.21686363;-1.56692815;4;2;2;2;1;1; -1;1;0;1;30;Blessé léger;1
202300004601;155 672 416;A01;7;0;2;2;2;1;203 840 312;1;1;1;2;1998.0;4;1;-1;-1;14;7;2023;11:26;1;973;97311;2;1;7;2;5.478563;-54.03766;3;2;2;1;1;1; -1;1;0;1;50;Indemne;4
202300004601;155 672 419;B01;1;0;2;4;13;5;203 840 315;1;1;2;1;1942.0;0;0;-1;-1;14;7;2023;11:26;1;973;97311;2;1;7;2;5.478563;-54.03766;3;2;2;1;1;1; -1;1;0;1;50;Tué;4
202300004603;155 672 411;A01;7;0;2;1;1;1;203 840 305;1;1;1;2;2003.0;0;1;0;-1;7;6;2023;18:20;1;37;37261;2;1;1;3;47.37364;0.67827;4;3;3;1;1;1; -1;1;5;5;20;Indemne;2
202300004603;155 672 415;B01;80;0;2;8;19;3;203 840 310;1;1;4;1;1974.0;1;8;0;-1;7;6;2023;18:20;1;37;37261;2;1;1;3;47.37364;0.67827;4;3;3;1;1;1; -1;1;5;5;20;Blessé léger;2
202300004604;155 672 407;A01;10;0;2;3;16;1;203 840 303;1;1;1;2;1989.0;0;1;0;-1;22;3;2023;17:10;1;77;77186;2;3;1;3;48.4071;2.70327;4;2;2;2;1;1; -1;1;0;1;30;Indemne;2
202300004604;155 672 407;A01;10;0;2;3;16;1;203 840 303;1;1;1;2;1989.0;0;1;0;-1;22;3;2023;17:10;1;77;77186;2;3;1;3;48.4071;2.70327;4;1;1;0;1;1; -1;1;0;1;30;Indemne;2
202300004604;155 672 412;B01;1;0;2;2;1;5;203 840 306;1;1;4;2;1971.0;0;8;0;-1;22;3;2023;17:10;1;77;77186;2;3;1;3;48.4071;2.70327;4;2;2;2;1;1; -1;1;0;1;30;Blessé léger;2
202300004604;155 672 412;B01;1;0;2;2;1;5;203 840 306;1;1;4;2;1971.0;0;8;0;-1;22;3;2023;17:10;1;77;77186;2;3;1;3;48.4071;2.70327;4;1;1;0;1;1; -1;1;0;1;30;Blessé léger;2
202300004606;155 672 404;A01;7;0;2;3;1;1;203 840 299;1;1;1;1;1969.0;0;8;-1;-1;8;7;2023;08:50;1;44;44114;2;6;8;3;47.24771454;-1.60757935;4;2;2;0;1;1; -1;1;5;1;50;Indemne;5
202300004606;155 672 408;B01;80;0;2;1;1;3;203 840 301;1;1;4;1;1983.0;1;8;-1;-1;8;7;2023;08:50;1;44;44114;2;6;8;3;47.24771454;-1.60757935;4;2;2;0;1;1; -1;1;5;1;50;Blessé léger;5
202300004607;155 672 401;B01;1;0;2;8;13;5;203 840 295;1;1;4;1;1998.0;1;2;-1;-1;14;7;2023;12:55;1;95;95199;2;9;7;3;49.03875766;2.31096447;4;2;2;0;1;1;5;1;0;1;50;Blessé léger;4
202300004607;155 672 403;A01;7;0;9;7;17;2;203 840 297;1;1;1;1;1973.0;5;1;-1;-1;14;7;2023;12:55;1;95;95199;2;9;7;3;49.03875766;2.31096447;4;2;2;0;1;1;5;1;0;1;50;Indemne;4
202300004608;155 672 402;B01;1;0;9;0;16;5;203 840 296;1;1;1;2;1994.0;0;8;0;-1;7;6;2023;09:10;1;37;37261;2;4;1;6;47.39058;0.69744;4;1;1;0;1;1; -1;1;0;1;50;Indemne;2
202300004608;155 672 402;B01;1;0;9;0;16;5;203 840 296;1;1;1;2;1994.0;0;8;0;-1;7;6;2023;09:10;1;37;37261;2;4;1;6;47.39058;0.69744;4;1;1;1;1;1; -1;1;0;1;50;Indemne;2
202300004608;155 672 406;A01;1;0;9;0;15;5;203 840 300;1;1;4;2;1960.0;1;8;0;-1;7;6;2023;09:10;1;37;37261;2;4;1;6;47.39058;0.69744;4;1;1;0;1;1; -1;1;0;1;50;Blessé léger;2
202300004608;155 672 406;A01;1;0;9;0;15;5;203 840 300;1;1;4;2;1960.0;1;8;0;-1;7;6;2023;09:10;1;37;37261;2;4;1;6;47.39058;0.69744;4;1;1;1;1;1; -1;1;0;1;50;Blessé léger;2
202300004610;155 672 396;A01;7;0;2;8;22;1;203 840 290;1;1;1;1;1971.0;0;0;-1;-1;7;7;2023;09:25;1;44;44109;2;1;8;3;47.23580571;-1.54686059;4;2;2;2;1;1; -1;1;0;5;50;Indemne;4
202300004610;155 672 398;B01;1;1;0;2;1;5;203 840 292;1;1;4;2;1993.0;0;8;-1;-1;7;7;2023;09:25;1;44;44109;2;1;8;3;47.23580571;-1.54686059;4;2;2;2;1;1; -1;1;0;5;50;Blessé léger;4
202300004613;155 672 388;A01;10;0;2;7;16;1;203 840 281;1;1;1;1;1992.0;0;8;-1;-1;7;7;2023;10:10;1;44;44109;2;1;8;3;47.21934355;-1.56137199;4;2;2;3;1;3; -1;1;4;1;30;Indemne;4
202300004613;155 672 390;B01;1;0;2;8;1;5;203 840 283;1;1;4;2;1999.0;0;0;-1;-1;7;7;2023;10:10;1;44;44109;2;1;8;3;47.21934355;-1.56137199;4;2;2;3;1;3; -1;1;4;1;30;Blessé léger;4
202300004649;155 672 319;B01;1;0;2;2;13;5;203 840 193;1;1;4;2;1961.0;0;8;8;-1;22;3;2023;13:53;1;67;67482;2;1;1;1;48.58925;7.73549;4;2;2;1;1;1; -1;1;0;5;50;Blessé léger;2
202300004649;155 672 322;A01;50;0;2;1;1;3;203 840 197;1;1;1;1;1993.0;0;8;8;-1;22;3;2023;13:53;1;67;67482;2;1;1;1;48.58925;7.73549;4;2;2;1;1;1; -1;1;0;5;50;Indemne;2
202300004656;155 672 301;A01;7;0;9;6;9;1;203 840 171;1;1;1;2;2004.0;5;1;0;-1;17;6;2023;08:10;1;988;98818;2;1;2;3;-22.29626;166.43804;4;2;2;0;1;1; -1;2;0;1;50;Indemne;5
202300004656;155 672 304;B01;1;0;2;7;1;5;203 840 175;1;1;4;1;1960.0;5;2;0;-1;17;6;2023;08:10;1;988;98818;2;1;2;3;-22.29626;166.43804;4;2;2;0;1;1; -1;2;0;1;50;Blessé léger;5
202300004662;155 672 293;A01;7;0;2;7;16;1;203 840 162;1;1;1;1;1958.0;0;8;-1;-1;29;6;2023;09:20;1;44;44109;2;2;8;3;47.20651349;-1.55482515;4;2;2;0;1;1; -1;1;5;1;50;Indemne;3
202300004662;155 672 293;A01;7;0;2;7;16;1;203 840 162;1;1;1;1;1958.0;0;8;-1;-1;29;6;2023;09:20;1;44;44109;2;2;8;3;47.20651349;-1.55482515;4;2;2;2;1;1; -1;1;5;1;50;Indemne;3
202300004662;155 672 295;B01;1;0;2;8;1;5;203 840 165;1;1;4;1;2000.0;0;8;-1;-1;29;6;2023;09:20;1;44;44109;2;2;8;3;47.20651349;-1.55482515;4;2;2;0;1;1; -1;1;5;1;50;Blessé léger;3
202300004662;155 672 295;B01;1;0;2;8;1;5;203 840 165;1;1;4;1;2000.0;0;8;-1;-1;29;6;2023;09:20;1;44;44109;2;2;8;3;47.20651349;-1.55482515;4;2;2;2;1;1; -1;1;5;1;50;Blessé léger;3
202300004671;155 672 273;B01;1;0;2;1;14;5;203 840 138;1;1;3;1;1974.0;1;8;0;-1;7;6;2023;07:25;1;75;75114;2;1;1;2;48.834142;2.313255;4;1;4;2;1;1; -1;1;5;1;30;Blessé hospitalisé;2
202300004685;155 672 240;A01;7;0;2;0;0;1;203 840 099;1;1;1;1;1964.0;0;8;-1;-1;12;6;2023;15:45;1;44;44109;2;1;1;3;47.2279835;-1.5269393;4;2;2;0;1;1; -1;1;0;1;50;Indemne;0
202300004685;155 672 243;B01;1;0;2;0;0;5;203 840 103;1;1;4;1;2009.0;0;8;-1;-1;12;6;2023;15:45;1;44;44109;2;1;1;3;47.2279835;-1.5269393;4;2;2;0;1;1; -1;1;0;1;50;Blessé léger;0
202300004688;155 672 237;AC01;7;0;2;3;1;1;203 840 096;1;1;1;1;1989.0;4;1;0;0;6;6;2023;22:30;5;75;75118;2;2;1;5;48.897222;2.342291;4;1;1;0;1;1; -1;1;0;1;30;Indemne;1
202300004688;155 672 237;AC01;7;0;2;3;1;1;203 840 096;1;1;1;1;1989.0;4;1;0;0;6;6;2023;22:30;5;75;75118;2;2;1;5;48.897222;2.342291;4;1;1;0;1;2; -1;1;0;1;30;Indemne;1
202300004688;155 672 239;Z01;7;9;2;9;1;1;203 840 100;2;2;4;2;1979.0;-1;8;0;-1;6;6;2023;22:30;5;75;75118;2;2;1;5;48.897222;2.342291;4;1;1;0;1;1; -1;1;0;1;30;Blessé léger;1
202300004688;155 672 239;Z01;7;9;2;9;1;1;203 840 100;2;2;4;2;1979.0;-1;8;0;-1;6;6;2023;22:30;5;75;75118;2;2;1;5;48.897222;2.342291;4;1;1;0;1;2; -1;1;0;1;30;Blessé léger;1
202300004688;155 672 244;B01;1;0;2;1;1;5;203 840 104;1;1;4;1;1988.0;9;8;0;-1;6;6;2023;22:30;5;75;75118;2;2;1;5;48.897222;2.342291;4;1;1;0;1;1; -1;1;0;1;30;Blessé léger;1
202300004688;155 672 244;B01;1;0;2;1;1;5;203 840 104;1;1;4;1;1988.0;9;8;0;-1;6;6;2023;22:30;5;75;75118;2;2;1;5;48.897222;2.342291;4;1;1;0;1;2; -1;1;0;1;30;Blessé léger;1
202300004698;155 672 216;A01;1;0;2;1;1;5;203 840 071;1;1;4;1;1999.0;1;8;0;-1;23;3;2023;16:45;1;45;45147;2;1;1;3;47.93479;1.89481;4;1;1;0;1;1; -1;1;0;1;30;Blessé léger;3
202300004698;155 672 221;B01;7;0;2;7;1;1;203 840 076;1;1;4;1;1956.0;0;1;0;-1;23;3;2023;16:45;1;45;45147;2;1;1;3;47.93479;1.89481;4;1;1;0;1;1; -1;1;0;1;30;Blessé léger;3
202300004699;155 672 218;A01;7;0;2;8;13;1;203 840 073;1;1;1;1;1989.0;1;1;0;-1;7;6;2023;09:15;1;75;75116;2;3;1;3;48.864118;2.272851;4;1;2;1;1;1; -1;1;5;5;30;Indemne;2
202300004699;155 672 218;A01;7;0;2;8;13;1;203 840 073;1;1;1;1;1989.0;1;1;0;-1;7;6;2023;09:15;1;75;75116;2;3;1;3;48.864118;2.272851;4;1;2;0;1;1; -1;1;5;5;30;Indemne;2
202300004699;155 672 222;B01;1;0;2;7;13;5;203 840 077;1;1;4;2;1964.0;1;8;0;-1;7;6;2023;09:15;1;75;75116;2;3;1;3;48.864118;2.272851;4;1;2;1;1;1; -1;1;5;5;30;Blessé léger;2
202300004699;155 672 222;B01;1;0;2;7;13;5;203 840 077;1;1;4;2;1964.0;1;8;0;-1;7;6;2023;09:15;1;75;75116;2;3;1;3;48.864118;2.272851;4;1;2;0;1;1; -1;1;5;5;30;Blessé léger;2