Num_Acc;id_vehicule;num_veh;catv;obs;obsm;choc;manv;motor;id_usager;place;catu;grav;sexe;an_nais;trajet;secu1;secu2;secu3;jour;mois;an;hrmn;lum;dep;com;agg;int;atm;col;lat;long;catr;circ;nbv;vosp;prof;plan;larrout;surf;infra;situ;vma;gravity;day_of_week
202300004703;155 672 207;A01;7;0;2;3;1;1;203 840 064;1;1;1;1;1951.0;0;8;-1;-1;7;6;2023;17:40;1;44;44109;2;3;8;3;47.22000707;-1.5450046;4;2;2;0;1;1; -1;1;5;1;50;Indemne;2
202300004703;155 672 207;A01;7;0;2;3;1;1;203 840 064;1;1;1;1;1951.0;0;8;-1;-1;7;6;2023;17:40;1;44;44109;2;3;8;3;47.22000707;-1.5450046;4;2;2;0;1;1; -1;1;6;1;50;Indemne;2
202300004703;155 672 213;B01;1;0;2;1;1;5;203 840 067;1;1;4;1;2006.0;0;8;-1;-1;7;6;2023;17:40;1;44;44109;2;3;8;3;47.22000707;-1.5450046;4;2;2;0;1;1; -1;1;5;1;50;Blessé léger;2
202300004703;155 672 213;B01;1;0;2;1;1;5;203 840 067;1;1;4;1;2006.0;0;8;-1;-1;7;6;2023;17:40;1;44;44109;2;3;8;3;47.22000707;-1.5450046;4;2;2;0;1;1; -1;1;6;1;50;Blessé léger;2
202300004706;155 672 201;A01;7;0;2;0;0;1;203 840 055;1;1;1;2;1977.0;0;8;-1;-1;6;6;2023;23:40;4;44;44109;2;6;1;3;47.21236199;-1.55446026;4;2; -1;2;1;1; -1;1;-1;1;50;Indemne;1
202300004706;155 672 204;B01;1;0;2;0;0;5;203 840 059;1;1;4;1;1990.0;0;8;-1;-1;6;6;2023;23:40;4;44;44109;2;6;1;3;47.21236199;-1.55446026;4;2; -1;2;1;1; -1;1;-1;1;50;Blessé léger;1
202300004710;155 672 197;B01;1;0;2;1;1;5;203 840 050;1;1;4;2;1990.0;1;8;0;-1;7;6;2023;17:25;1;75;75115;2;3;1;3;48.850231;2.299592;4;2;1;0;1;1; -1;1;0;1;30;Blessé léger;2
202300004710;155 672 197;B01;1;0;2;1;1;5;203 840 050;1;1;4;2;1990.0;1;8;0;-1;7;6;2023;17:25;1;75;75115;2;3;1;3;48.850231;2.299592;4;1; -1;0;1;1; -1;1;0;1;30;Blessé léger;2
202300004710;155 672 200;A01;2;0;2;1;12;1;203 840 053;1;1;1;1;1969.0;9;2;8;-1;7;6;2023;17:25;1;75;75115;2;3;1;3;48.850231;2.299592;4;2;1;0;1;1; -1;1;0;1;30;Indemne;2
202300004710;155 672 200;A01;2;0;2;1;12;1;203 840 053;1;1;1;1;1969.0;9;2;8;-1;7;6;2023;17:25;1;75;75115;2;3;1;3;48.850231;2.299592;4;1; -1;0;1;1; -1;1;0;1;30;Indemne;2
202300004711;155 672 194;A01;7;0;2;1;1;1;203 840 047;1;1;1;1;1948.0;0;8;-1;-1;7;6;2023;19:20;1;44;44109;2;6;1;3;47.25057385;-1.57033825;4;2;2;0;1;1; -1;1;5;1;50;Indemne;2
202300004711;155 672 196;B01;1;0;2;0;1;5;203 840 049;1;1;4;2;1994.0;0;8;-1;-1;7;6;2023;19:20;1;44;44109;2;6;1;3;47.25057385;-1.57033825;4;2;2;0;1;1; -1;1;5;1;50;Blessé léger;2
202300004714;155 672 189;A01;7;0;2;8;22;1;203 840 042;1;1;1;1;1971.0;4;8;0;-1;7;6;2023;08:50;1;75;75112;2;3;1;6;48.846584;2.387471;4;1;1;1;1;1; -1;1;0;1;30;Indemne;2
202300004714;155 672 189;A01;7;0;2;8;22;1;203 840 042;1;1;1;1;1971.0;4;8;0;-1;7;6;2023;08:50;1;75;75112;2;3;1;6;48.846584;2.387471;4;2;2;0;1;1; -1;1;0;1;30;Indemne;2
202300004714;155 672 191;B01;1;0;2;1;1;5;203 840 044;1;1;4;2;1975.0;5;2;0;-1;7;6;2023;08:50;1;75;75112;2;3;1;6;48.846584;2.387471;4;1;1;1;1;1; -1;1;0;1;30;Blessé léger;2
202300004714;155 672 191;B01;1;0;2;1;1;5;203 840 044;1;1;4;2;1975.0;5;2;0;-1;7;6;2023;08:50;1;75;75112;2;3;1;6;48.846584;2.387471;4;2;2;0;1;1; -1;1;0;1;30;Blessé léger;2
202300004716;155 672 184;A01;7;0;2;3;15;1;203 840 037;1;1;1;1;1976.0;0;8;-1;-1;2;6;2023;06:00;1;44;44109;2;3;1;3;47.22002778;-1.54498285;4;2;2;0;1;1; -1;1;5;1;50;Indemne;4
202300004716;155 672 188;B01;1;0;2;8;1;5;203 840 041;1;1;4;2;1977.0;0;8;-1;-1;2;6;2023;06:00;1;44;44109;2;3;1;3;47.22002778;-1.54498285;4;2;2;0;1;1; -1;1;5;1;50;Blessé léger;4
202300004717;155 672 186;B01;14;0;2;7;16;1;203 840 040;1;1;1;1;1987.0;4;1;0;-1;23;3;2023;10:00;1;37;37261;2;6;1;3;47.37463;0.7162;4;2;2;1;2;3; -1;1;5;1;50;Indemne;3
202300004717;155 672 186;B01;14;0;2;7;16;1;203 840 040;1;1;1;1;1987.0;4;1;0;-1;23;3;2023;10:00;1;37;37261;2;6;1;3;47.37463;0.7162;4;2;3;1;1;3; -1;1;5;1;50;Indemne;3
202300004717;155 672 190;A01;1;0;2;1;17;5;203 840 043;1;1;4;2;2009.0;2;2;4;-1;23;3;2023;10:00;1;37;37261;2;6;1;3;47.37463;0.7162;4;2;2;1;2;3; -1;1;5;1;50;Blessé léger;3
202300004717;155 672 190;A01;1;0;2;1;17;5;203 840 043;1;1;4;2;2009.0;2;2;4;-1;23;3;2023;10:00;1;37;37261;2;6;1;3;47.37463;0.7162;4;2;3;1;1;3; -1;1;5;1;50;Blessé léger;3
202300004724;155 672 170;Z01;80;0;1;1;1;3;203 840 019;10;3;4;1;1953.0;9;0;-1;-1;7;6;2023;13:30;1;75;75110;2;1;1;6;48.879347;2.370115;4;1;3;1;1;1; -1;1;0;1;30;Blessé léger;2
202300004733;155 672 156;A01;1;0;0;2;1;5;203 839 999;1;1;4;1;1980.0;0;2;0;-1;11;7;2023;20:25;5;974;97407;2;1;1;7;-20.95002;55.30679;4;2;2;0;2;3; -1;1;0;1;50;Blessé léger;1
202300004735;155 672 151;B01;1;0;2;3;2;5;203 839 994;1;1;4;1;1987.0;9;2;0;-1;7;6;2023;13:50;1;75;75101;2;3;1;3;48.860394;2.34056;4;1;1;1;1;1; -1;1;5;1;30;Blessé léger;2
202300004735;155 672 151;B01;1;0;2;3;2;5;203 839 994;1;1;4;1;1987.0;9;2;0;-1;7;6;2023;13:50;1;75;75101;2;3;1;3;48.860394;2.34056;4;2;4;0;1;1; -1;1;9;1;30;Blessé léger;2
202300004735;155 672 154;A01;7;0;2;2;14;1;203 839 997;1;1;1;1;1959.0;9;8;0;-1;7;6;2023;13:50;1;75;75101;2;3;1;3;48.860394;2.34056;4;1;1;1;1;1; -1;1;5;1;30;Indemne;2
202300004735;155 672 154;A01;7;0;2;2;14;1;203 839 997;1;1;1;1;1959.0;9;8;0;-1;7;6;2023;13:50;1;75;75101;2;3;1;3;48.860394;2.34056;4;2;4;0;1;1; -1;1;9;1;30;Indemne;2
202300004741;155 672 138;A01;1;12;0;1;1;5;203 839 979;1;1;3;1;1961.0;5;2;-1;-1;21;9;2023;15:35;1;74;74031;2;1;1;7;46.094647;6.109053;3;2;2;0;2;1;4;1;0;3;50;Blessé hospitalisé;3
202300004742;155 672 141;A01;7;0;2;3;22;1;203 839 982;1;1;1;1;1974.0;4;1;0;-1;7;6;2023;07:20;1;75;75102;2;2;1;3;48.868923;2.354023;4;1;5;1;1;1; -1;1;9;5;30;Indemne;2
202300004742;155 672 141;A01;7;0;2;3;22;1;203 839 982;1;1;1;1;1974.0;4;1;0;-1;7;6;2023;07:20;1;75;75102;2;2;1;3;48.868923;2.354023;4;1;1;0;1;1; -1;1;0;5;30;Indemne;2
202300004742;155 672 144;B01;1;0;2;0;1;5;203 839 986;1;1;4;1;1985.0;9;8;0;-1;7;6;2023;07:20;1;75;75102;2;2;1;3;48.868923;2.354023;4;1;5;1;1;1; -1;1;9;5;30;Blessé léger;2
202300004742;155 672 144;B01;1;0;2;0;1;5;203 839 986;1;1;4;1;1985.0;9;8;0;-1;7;6;2023;07:20;1;75;75102;2;2;1;3;48.868923;2.354023;4;1;1;0;1;1; -1;1;0;5;30;Blessé léger;2
202300004744;155 672 136;A01;1;0;0;0;0;5;203 839 977;1;1;4;2;1998.0;0;8;-1;-1;27;5;2023;13:20;1;44;44109;2;1;1;7;47.20918659;-1.56882013;4;1;1;2;1;1; -1;1;0;1;30;Blessé léger;5
202300004746;155 672 134;A01;1;14;0;0;1;5;203 839 974;1;1;3;2;1997.0;9;8;0;-1;6;6;2023;23:27;5;75;75102;2;3;1;7;48.86925;2.3329;4;3;4;1;1;1; -1;1;0;1;30;Blessé hospitalisé;1
202300004746;155 672 134;A01;1;14;0;0;1;5;203 839 974;1;1;3;2;1997.0;9;8;0;-1;6;6;2023;23:27;5;75;75102;2;3;1;7;48.86925;2.3329;4;-1; -1;0;1;1; -1;1;0;1;30;Blessé hospitalisé;1
202300004751;155 672 123;A01;7;0;2;1;1;1;203 839 964;1;1;1;1;1974.0;0;8;-1;-1;24;5;2023;11:50;1;44;44109;2;1;8;3;47.24058586;-1.51178611;4;2;2;2;1;1; -1;1;5;1;50;Indemne;2
202300004751;155 672 127;B01;1;0;2;8;1;5;203 839 968;1;1;4;2;1970.0;0;0;-1;-1;24;5;2023;11:50;1;44;44109;2;1;8;3;47.24058586;-1.51178611;4;2;2;2;1;1; -1;1;5;1;50;Blessé léger;2
202300004754;155 672 118;A01;7;0;0;8;1;0;203 839 957;1;1;1;1;1968.0;0;8;-1;-1;9;9;2023;12:10;1;74;74302;2;2;7;1;45.913258;6.375922;4;2;2;0;2;1; -1;1;0;1;50;Indemne;5
202300004754;155 672 120;B01;1;0;2;1;19;5;203 839 961;1;1;3;1;1969.0;5;2;-1;-1;9;9;2023;12:10;1;74;74302;2;2;7;1;45.913258;6.375922;4;2;2;0;2;1; -1;1;0;1;50;Blessé hospitalisé;5
202300004768;155 672 092;B01;1;0;2;0;0;5;203 839 929;1;1;3;1;1962.0;5;0;-1;-1;23;3;2023;10:05;1;24;24037;2;6;1;3;44.84154842;0.46492696;4;1;2;0;1;2; -1;1;9;1;50;Blessé hospitalisé;3
202300004768;155 672 094;A01;10;0;9;2;2;1;203 839 932;1;1;1;1;1962.0;1;8;-1;-1;23;3;2023;10:05;1;24;24037;2;6;1;3;44.84154842;0.46492696;4;1;2;0;1;2; -1;1;9;1;50;Indemne;3
202300004777;155 672 072;A01;1;0;2;1;1;5;203 839 907;1;1;4;1;2007.0;0;8;0;-1;25;11;2023;14:15;1;974;97409;2;2;1;1;-20.95015;55.65132;4;2;2;0;1;1; -1;1;0;1;50;Blessé léger;5
202300004777;155 672 072;A01;1;0;2;1;1;5;203 839 907;1;1;4;1;2007.0;0;8;0;-1;25;11;2023;14:15;1;974;97409;2;2;1;1;-20.95015;55.65132;4;-1;2;0;1;1; -1;1;0;1;50;Blessé léger;5
202300004777;155 672 078;B01;7;0;2;3;1;1;203 839 912;1;1;1;1;1975.0;0;1;8;-1;25;11;2023;14:15;1;974;97409;2;2;1;1;-20.95015;55.65132;4;2;2;0;1;1; -1;1;0;1;50;Indemne;5
202300004777;155 672 078;B01;7;0;2;3;1;1;203 839 912;1;1;1;1;1975.0;0;1;8;-1;25;11;2023;14:15;1;974;97409;2;2;1;1;-20.95015;55.65132;4;-1;2;0;1;1; -1;1;0;1;50;Indemne;5
202300004779;155 672 065;B01;1;1;2;4;1;5;203 839 899;1;1;4;1;1989.0;9;8;0;-1;7;6;2023;08:45;1;94;94016;2;3;1;2;48.79177;2.32874;4;2;4;1;1;1; -1;1;0;5;30;Blessé léger;2
202300004779;155 672 071;A01;7;0;2;1;16;1;203 839 905;1;1;1;2;1995.0;1;1;0;-1;7;6;2023;08:45;1;94;94016;2;3;1;2;48.79177;2.32874;4;2;4;1;1;1; -1;1;0;5;30;Indemne;2
202300004801;155 672 033;Y01;1;0;2;0;9;5;203 839 855;1;1;4;1;1955.0;5;0;0;0;10;7;2023;16:45;1;85;85194;2;9;1;2;46.513883;-1.79022071;3;-1;2;0;1;1; -1;1;5;1;50;Blessé léger;0
202300004801;155 672 035;A01;7;0;9;0;9;1;203 839 858;1;1;1;2;1948.0;5;1;0;-1;10;7;2023;16:45;1;85;85194;2;9;1;2;46.513883;-1.79022071;3;-1;2;0;1;1; -1;1;5;1;50;Indemne;0
202300004827;155 671 991;A01;50;0;2;1;15;3;203 839 797;1;1;1;1;2006.0;9;8;0;-1;12;7;2023;09:50;1;77;77243;2;3;1;3;48.88123;2.71437;4;2;0;0;1;1; -1;1;0;1;50;Indemne;2
202300004827;155 671 991;A01;50;0;2;1;15;3;203 839 797;1;1;1;1;2006.0;9;8;0;-1;12;7;2023;09:50;1;77;77243;2;3;1;3;48.88123;2.71437;4;2;1;0;1;1; -1;1;0;1;50;Indemne;2
202300004827;155 671 994;B01;1;0;2;2;1;5;203 839 802;1;1;4;1;1961.0;5;8;8;-1;12;7;2023;09:50;1;77;77243;2;3;1;3;48.88123;2.71437;4;2;0;0;1;1; -1;1;0;1;50;Blessé léger;2
202300004827;155 671 994;B01;1;0;2;2;1;5;203 839 802;1;1;4;1;1961.0;5;8;8;-1;12;7;2023;09:50;1;77;77243;2;3;1;3;48.88123;2.71437;4;2;1;0;1;1; -1;1;0;1;50;Blessé léger;2
202300004829;155 671 986;A01;7;0;2;0;0;1;203 839 790;1;1;1;2;1975.0;0;8;-1;-1;3;5;2023;14:00;1;44;44109;2;1;8;3;47.25183949;-1.56496406;4;2;2;2;1;1; -1;1;0;1;30;Indemne;2
202300004829;155 671 990;B01;1;0;2;0;0;5;203 839 795;1;1;4;2;1967.0;0;8;-1;-1;3;5;2023;14:00;1;44;44109;2;1;8;3;47.25183949;-1.56496406;4;2;2;2;1;1; -1;1;0;1;30;Blessé léger;2
202300004836;155 671 972;A01;1;0;2;1;9;5;203 839 774;1;1;1;1;2003.0;5;8;0;-1;7;6;2023;23:20;5;93;93049;2;3;1;3;48.8537309;2.50846772;4;1;1;-1;1;1; -1;1;0;1;-1;Indemne;2
202300004836;155 671 972;A01;1;0;2;1;9;5;203 839 774;1;1;1;1;2003.0;5;8;0;-1;7;6;2023;23:20;5;93;93049;2;3;1;3;48.8537309;2.50846772;4;2;2;0;1;1; -1;1;0;1;50;Indemne;2
202300004836;155 671 975;B01;1;0;2;1;1;5;203 839 778;1;1;4;2;1954.0;5;2;0;-1;7;6;2023;23:20;5;93;93049;2;3;1;3;48.8537309;2.50846772;4;1;1;-1;1;1; -1;1;0;1;-1;Blessé léger;2
202300004836;155 671 975;B01;1;0;2;1;1;5;203 839 778;1;1;4;2;1954.0;5;2;0;-1;7;6;2023;23:20;5;93;93049;2;3;1;3;48.8537309;2.50846772;4;2;2;0;1;1; -1;1;0;1;50;Blessé léger;2
202300004838;155 671 970;A01;7;0;0;1;26;1;203 839 772;1;1;1;1;1965.0;3;1;0;-1;12;7;2023;11:00;1;76;76498;2;6;1;3;49.4122;1.0717;7;1;3;3;1;1;9;1;-1;5;50;Indemne;2
202300004838;155 671 970;A01;7;0;0;1;26;1;203 839 772;1;1;1;1;1965.0;3;1;0;-1;12;7;2023;11:00;1;76;76498;2;6;1;3;49.4122;1.0717;7;2;2;0;1;1;7;1;-1;5;50;Indemne;2
202300004838;155 671 973;B01;80;9;2;7;19;3;203 839 776;1;1;4;1;1999.0;1;8;0;-1;12;7;2023;11:00;1;76;76498;2;6;1;3;49.4122;1.0717;7;1;3;3;1;1;9;1;-1;5;50;Blessé léger;2
202300004838;155 671 973;B01;80;9;2;7;19;3;203 839 776;1;1;4;1;1999.0;1;8;0;-1;12;7;2023;11:00;1;76;76498;2;6;1;3;49.4122;1.0717;7;2;2;0;1;1;7;1;-1;5;50;Blessé léger;2
202300004873;155 671 903;Y01;60;0;9;1;0;5;203 839 683;1;1;1;1;1988.0;0;0;-1;-1;7;6;2023;09:08;1;92;92035;2;1;1;1;48.90475;2.2447;4;1;2;2;1;1;7;1;0;1;50;Indemne;2
202300004873;155 671 905;A01;1;0;2;1;1;5;203 839 686;1;1;4;1;1979.0;1;2;0;-1;7;6;2023;09:08;1;92;92035;2;1;1;1;48.90475;2.2447;4;1;2;2;1;1;7;1;0;1;50;Blessé léger;2
202300004878;155 671 894;A01;10;0;2;1;15;1;203 839 675;1;1;1;2;1989.0;4;1;-1;-1;12;7;2023;10:28;1;65;65433;2;3;1;1;43.219256;0.095747;3;2;2;0;1;1; -1;1;0;1;50;Indemne;2
202300004878;155 671 894;A01;10;0;2;1;15;1;203 839 675;1;1;1;2;1989.0;4;1;-1;-1;12;7;2023;10:28;1;65;65433;2;3;1;1;43.219256;0.095747;3;1;1;-1;1;1; -1;1;5;1;50;Indemne;2
202300004878;155 671 899;B01;1;0;2;1;1;5;203 839 678;1;1;3;1;1954.0;5;2;-1;-1;12;7;2023;10:28;1;65;65433;2;3;1;1;43.219256;0.095747;3;2;2;0;1;1; -1;1;0;1;50;Blessé hospitalisé;2
202300004878;155 671 899;B01;1;0;2;1;1;5;203 839 678;1;1;3;1;1954.0;5;2;-1;-1;12;7;2023;10:28;1;65;65433;2;3;1;1;43.219256;0.095747;3;1;1;-1;1;1; -1;1;5;1;50;Blessé hospitalisé;2
202300004879;155 671 890;A01;80;0;0;0;0;3;203 839 668;1;1;4;1;1987.0;5;8;0;-1;10;10;2023;19:30;5;13;13208;2;1;1;6;43.2535;5.3759;4;3;2;0;1;1; -1;1;0;1;50;Blessé léger;1
202300004879;155 671 893;B01;34;0;2;1;1;1;203 839 671;1;1;4;1;1966.0;1;2;6;-1;10;10;2023;19:30;5;13;13208;2;1;1;6;43.2535;5.3759;4;3;2;0;1;1; -1;1;0;1;50;Blessé léger;1
202300004888;155 671 876;A01;1;12;0;1;21;5;203 839 650;1;1;3;1;1977.0;5;0;-1;-1;2;7;2023;20:25;1;61;61006;2;1;1;6;48.73928;-0.02334;3;2;2;0;1;1;7;1;0;4;50;Blessé hospitalisé;6
202300004894;155 671 866;A01;7;0;9;1;21;1;203 839 637;1;1;1;2;1957.0;1;1;-1;-1;7;6;2023;10:10;1;84;84142;1;6;1;2;43.968558;4.980476;3;1;2;0;1;3;6;1;0;1;30;Indemne;2
202300004894;155 671 867;B01;1;0;2;4;2;5;203 839 638;1;1;3;1;1933.0;5;2;-1;-1;7;6;2023;10:10;1;84;84142;1;6;1;2;43.968558;4.980476;3;1;2;0;1;3;6;1;0;1;30;Blessé hospitalisé;2
202300004897;155 671 862;A01;1;0;1;2;25;5;203 839 631;1;1;1;1;1987.0;0;8;-1;-1;7;4;2023;12:45;1;44;44109;2;1;8;6;47.22362354;-1.57329165;4;2;2;2;1;1; -1;1;0;1;50;Indemne;4
202300004897;155 671 862;A01;1;0;1;2;25;5;203 839 633;10;3;4;1;1982.0;0;8;-1;-1;7;4;2023;12:45;1;44;44109;2;1;8;6;47.22362354;-1.57329165;4;2;2;2;1;1; -1;1;0;1;50;Blessé léger;4
202300004900;155 671 855;A01;7;0;9;2;1;1;203 839 622;2;2;1;2;1970.0;5;1;-1;-1;25;3;2023;11:25;1;30;30269;1;4;1;3;44.112791;3.857676;3;2; -1;0;2;3; -1;1;0;1;-1;Indemne;5
202300004900;155 671 855;A01;7;0;9;2;1;1;203 839 622;2;2;1;2;1970.0;5;1;-1;-1;25;3;2023;11:25;1;30;30269;1;4;1;3;44.112791;3.857676;3;2;2;0;1;3;6;1;0;1;80;Indemne;5
202300004900;155 671 855;A01;7;0;9;2;1;1;203 839 623;1;1;1;1;1967.0;5;1;-1;-1;25;3;2023;11:25;1;30;30269;1;4;1;3;44.112791;3.857676;3;2; -1;0;2;3; -1;1;0;1;-1;Indemne;5
202300004900;155 671 855;A01;7;0;9;2;1;1;203 839 623;1;1;1;1;1967.0;5;1;-1;-1;25;3;2023;11:25;1;30;30269;1;4;1;3;44.112791;3.857676;3;2;2;0;1;3;6;1;0;1;80;Indemne;5
202300004900;155 671 858;B01;1;0;2;1;9;5;203 839 626;1;1;3;2;1998.0;5;0;-1;-1;25;3;2023;11:25;1;30;30269;1;4;1;3;44.112791;3.857676;3;2; -1;0;2;3; -1;1;0;1;-1;Blessé hospitalisé;5
202300004900;155 671 858;B01;1;0;2;1;9;5;203 839 626;1;1;3;2;1998.0;5;0;-1;-1;25;3;2023;11:25;1;30;30269;1;4;1;3;44.112791;3.857676;3;2;2;0;1;3;6;1;0;1;80;Blessé hospitalisé;5
202300004903;155 671 850;A01;7;0;2;3;9;3;203 839 614;1;1;1;1;1972.0;3;1;0;-1;10;7;2023;17:36;1;56;56121;2;6;1;3;47.76596;-3.40071;4;2;2;2;2;1; -1;1;5;5;30;Indemne;0
202300004903;155 671 850;A01;7;0;2;3;9;3;203 839 614;1;1;1;1;1972.0;3;1;0;-1;10;7;2023;17:36;1;56;56121;2;6;1;3;47.76596;-3.40071;4;2;2;0;1;1; -1;1;5;1;30;Indemne;0
202300004903;155 671 850;A01;7;0;2;3;9;3;203 839 615;2;2;1;1;2009.0;5;1;0;-1;10;7;2023;17:36;1;56;56121;2;6;1;3;47.76596;-3.40071;4;2;2;2;2;1; -1;1;5;5;30;Indemne;0
202300004903;155 671 850;A01;7;0;2;3;9;3;203 839 615;2;2;1;1;2009.0;5;1;0;-1;10;7;2023;17:36;1;56;56121;2;6;1;3;47.76596;-3.40071;4;2;2;0;1;1; -1;1;5;1;30;Indemne;0
202300004903;155 671 853;B01;1;0;2;2;1;5;203 839 619;1;1;4;1;1995.0;0;8;0;-1;10;7;2023;17:36;1;56;56121;2;6;1;3;47.76596;-3.40071;4;2;2;2;2;1; -1;1;5;5;30;Blessé léger;0
202300004903;155 671 853;B01;1;0;2;2;1;5;203 839 619;1;1;4;1;1995.0;0;8;0;-1;10;7;2023;17:36;1;56;56121;2;6;1;3;47.76596;-3.40071;4;2;2;0;1;1; -1;1;5;1;30;Blessé léger;0
202300004904;155 671 847;B01;1;0;2;1;1;5;203 839 611;1;1;4;2;1972.0;0;8;-1;-1;4;4;2023;08:45;1;44;44109;2;1;8;1;47.21135493;-1.55801353;4;2;2;2;1;2; -1;1;0;1;30;Blessé léger;1
202300004904;155 671 848;A01;7;0;2;1;26;1;203 839 612;1;1;1;1;1973.0;0;8;-1;-1;4;4;2023;08:45;1;44;44109;2;1;8;1;47.21135493;-1.55801353;4;2;2;2;1;2; -1;1;0;1;30;Indemne;1
202300004906;155 671 843;A01;7;0;2;3;16;1;203 839 606;1;1;1;1;1990.0;1;1;0;-1;11;7;2023;16:50;1;49;49007;2;6;1;3;47.47431;-0.51589;4;2;2;0;1;3; -1;1;0;1;50;Indemne;1
202300004906;155 671 843;A01;7;0;2;3;16;1;203 839 606;1;1;1;1;1990.0;1;1;0;-1;11;7;2023;16:50;1;49;49007;2;6;1;3;47.47431;-0.51589;4;2;2;0;1;3; -1;1;0;1;50;Indemne;1
202300004906;155 671 845;B01;1;0;2;2;16;5;203 839 609;1;1;4;1;1997.0;1;8;0;-1;11;7;2023;16:50;1;49;49007;2;6;1;3;47.47431;-0.51589;4;2;2;0;1;3; -1;1;0;1;50;Blessé léger;1
202300004906;155 671 845;B01;1;0;2;2;16;5;203 839 609;1;1;4;1;1997.0;1;8;0;-1;11;7;2023;16:50;1;49;49007;2;6;1;3;47.47431;-0.51589;4;2;2;0;1;3; -1;1;0;1;50;Blessé léger;1
202300004917;155 671 825;B01;1;0;2;1;1;5;203 839 578;1;1;4;1;1978.0;0;2;0;-1;11;7;2023;19:40;1;42;42218;2;2;1;3;45.43576;4.43769;4;2;2;0;1;1; -1;1;0;1;50;Blessé léger;1
202300004917;155 671 825;B01;1;0;2;1;1;5;203 839 578;1;1;4;1;1978.0;0;2;0;-1;11;7;2023;19:40;1;42;42218;2;2;1;3;45.43576;4.43769;4;2;2;0;1;1; -1;1;0;1;50;Blessé léger;1
202300004917;155 671 828;A01;7;0;2;3;15;1;203 839 581;1;1;1;1;1971.0;0;1;0;-1;11;7;2023;19:40;1;42;42218;2;2;1;3;45.43576;4.43769;4;2;2;0;1;1; -1;1;0;1;50;Indemne;1
202300004917;155 671 828;A01;7;0;2;3;15;1;203 839 581;1;1;1;1;1971.0;0;1;0;-1;11;7;2023;19:40;1;42;42218;2;2;1;3;45.43576;4.43769;4;2;2;0;1;1; -1;1;0;1;50;Indemne;1
202300004923;155 671 815;B01;10;0;2;6;1;1;203 839 561;1;1;1;1;2003.0;4;1;-1;-1;8;6;2023;08:30;1;61;61116;2;1;1;3;48.378088;0.84585;4;2;2;0;1;1; -1;1;1;1;30;Indemne;3
202300004923;155 671 817;A01;80;0;2;1;1;3;203 839 563;1;1;3;1;1953.0;5;0;-1;-1;8;6;2023;08:30;1;61;61116;2;1;1;3;48.378088;0.84585;4;2;2;0;1;1; -1;1;1;1;30;Blessé hospitalisé;3
202300004924;155 671 813;A01;7;0;9;8;15;1;203 839 559;1;1;1;2;1976.0;4;1;-1;-1;24;3;2023;15:30;1;972;97224;2;1;3;3;14.684474;-61.016087;2;2;2;0;4;3; -1;2;0;1;70;Indemne;4
202300004924;155 671 816;B01;1;0;2;7;16;5;203 839 562;1;1;4;1;2004.0;9;2;-1;-1;24;3;2023;15:30;1;972;97224;2;1;3;3;14.684474;-61.016087;2;2;2;0;4;3; -1;2;0;1;70;Blessé léger;4
202300004935;155 671 796;B01;13;0;2;5;16;1;203 839 538;1;1;1;1;1978.0;4;8;-1;-1;20;3;2023;08:00;1;44;44109;2;6;8;3;47.24344039;-1.55682017;4;2;2;2;1;3; -1;1;5;1;50;Indemne;0
202300004935;155 671 798;A01;1;0;2;3;1;5;203 839 540;1;1;4;1;1963.0;0;8;-1;-1;20;3;2023;08:00;1;44;44109;2;6;8;3;47.24344039;-1.55682017;4;2;2;2;1;3; -1;1;5;1;50;Blessé léger;0
202300004938;155 671 790;A01;37;0;2;5;1;6;203 839 531;1;1;1;1;1986.0;4;1;8;-1;11;7;2023;16:12;1;34;34032;2;1;1;6;43.33634;3.22288;4;2;3;2;1;2; -1;1;5;1;50;Indemne;1
202300004938;155 671 793;B01;1;0;2;8;1;5;203 839 533;1;1;3;2;1944.0;3;2;0;-1;11;7;2023;16:12;1;34;34032;2;1;1;6;43.33634;3.22288;4;2;3;2;1;2; -1;1;5;1;50;Blessé hospitalisé;1
202300004940;155 671 788;B01;1;0;2;8;1;5;203 839 529;1;1;4;1;1983.0;0;8;-1;-1;13;3;2023;09:45;1;44;44109;2;2;8;3;47.23390175;-1.56297068;4;2;2;0;1;1; -1;1;5;1;30;Blessé léger;0
202300004940;155 671 788;B01;1;0;2;8;1;5;203 839 529;1;1;4;1;1983.0;0;8;-1;-1;13;3;2023;09:45;1;44;44109;2;2;8;3;47.23390175;-1.56297068;4;2;2;2;1;1; -1;1;5;1;50;Blessé léger;0
202300004940;155 671 791;A01;7;0;2;7;16;1;203 839 532;1;1;4;2;1966.0;0;8;-1;-1;13;3;2023;09:45;1;44;44109;2;2;8;3;47.23390175;-1.56297068;4;2;2;0;1;1; -1;1;5;1;30;Blessé léger;0
202300004940;155 671 791;A01;7;0;2;7;16;1;203 839 532;1;1;4;2;1966.0;0;8;-1;-1;13;3;2023;09:45;1;44;44109;2;2;8;3;47.23390175;-1.56297068;4;2;2;2;1;1; -1;1;5;1;50;Blessé léger;0
202300004941;155 671 784;B01;1;0;2;1;1;5;203 839 525;1;1;4;2;1959.0;5;0;-1;-1;12;7;2023;11:15;1;33;33529;2;1;8;1;44.63415;-1.12792;4;2;2;1;1;3; -1;1;0;1;30;Blessé léger;2