Num_Acc;id_vehicule;num_veh;catv;obs;obsm;choc;manv;motor;id_usager;place;catu;grav;sexe;an_nais;trajet;secu1;secu2;secu3;jour;mois;an;hrmn;lum;dep;com;agg;int;atm;col;lat;long;catr;circ;nbv;vosp;prof;plan;larrout;surf;infra;situ;vma;gravity;day_of_week
202300004941;155 671 786;A01;1;0;2;1;13;5;203 839 527;1;1;1;1;1982.0;5;0;-1;-1;12;7;2023;11:15;1;33;33529;2;1;8;1;44.63415;-1.12792;4;2;2;1;1;3; -1;1;0;1;30;Indemne;2
202300004945;155 671 780;B01;1;0;2;1;0;5;203 839 521;1;1;4;1;1986.0;0;8;0;-1;13;7;2023;00:30;5;31;31149;2;7;8;1;43.61376;1.33706;4;1;1;0;4;1; -1;1;0;1;50;Blessé léger;3
202300004946;155 671 776;A01;1;0;0;0;1;5;203 839 514;1;1;2;1;1955.0;5;2;-1;-1;3;2;2023;16:00;1;12;12243;1;1;1;7;44.029082;2.964805;3;2; -1;0;2;4; -1;1;0;1;90;Tué;4
202300004954;155 671 765;A01;7;0;2;3;15;1;203 839 499;1;1;1;1;1999.0;1;1;0;-1;14;12;2023;09:00;1;43;43157;2;1;8;3;45.05146;3.87802;6;-1; -1;0;1;1; -1;2;0;1;30;Indemne;3
202300004954;155 671 769;B01;1;0;2;3;5;5;203 839 502;1;1;4;2;1986.0;1;2;0;-1;14;12;2023;09:00;1;43;43157;2;1;8;3;45.05146;3.87802;6;-1; -1;0;1;1; -1;2;0;1;30;Blessé léger;3
202300004955;155 671 764;A01;7;0;9;5;9;1;203 839 498;1;1;1;2;1989.0;9;1;-1;-1;7;6;2023;17:10;1;30;30012;1;6;1;2;43.901019;4.699627;3;2;2;0;1;1; -1;1;0;1;80;Indemne;2
202300004955;155 671 766;B01;1;0;2;5;14;5;203 839 500;1;1;4;1;1957.0;5;2;-1;-1;7;6;2023;17:10;1;30;30012;1;6;1;2;43.901019;4.699627;3;2;2;0;1;1; -1;1;0;1;80;Blessé léger;2
202300004967;155 671 742;B01;1;0;0;7;21;0;203 839 470;1;1;4;1;1997.0;1;2;-1;-1;1;6;2023;08:10;1;69;69244;2;3;1;7;45.766707;4.784621;4;2;2;2;2;1; -1;1;0;5;30;Blessé léger;3
202300004967;155 671 742;B01;1;0;0;7;21;0;203 839 470;1;1;4;1;1997.0;1;2;-1;-1;1;6;2023;08:10;1;69;69244;2;3;1;7;45.766707;4.784621;4;2;3;2;2;1; -1;1;0;5;50;Blessé léger;3
202300004999;155 671 694;A01;7;0;2;4;17;1;203 839 385;1;1;1;1;1956.0;3;1;-1;-1;7;6;2023;13:00;1;13;13101;1;1;1;2;43.404829;5.529934;3;2;2;0;1;1;5,5;1;0;1;50;Indemne;2
202300004999;155 671 697;B01;1;0;2;1;1;5;203 839 388;1;1;4;1;1981.0;5;2;-1;-1;7;6;2023;13:00;1;13;13101;1;1;1;2;43.404829;5.529934;3;2;2;0;1;1;5,5;1;0;1;50;Blessé léger;2
202300005003;155 671 686;A01;1;0;2;1;5;5;203 839 375;1;1;4;1;2005.0;2;0;-1;-1;8;6;2023;15:45;1;07;07324;2;1;1;1;45.070112;4.825472;4;2;2;0;1;1; -1;1;5;1;50;Blessé léger;3
202300005003;155 671 686;A01;1;0;2;1;5;5;203 839 377;2;2;4;1;2005.0;2;0;-1;-1;8;6;2023;15:45;1;07;07324;2;1;1;1;45.070112;4.825472;4;2;2;0;1;1; -1;1;5;1;50;Blessé léger;3
202300005003;155 671 690;B01;7;0;2;1;1;1;203 839 380;1;1;1;1;1996.0;5;1;-1;-1;8;6;2023;15:45;1;07;07324;2;1;1;1;45.070112;4.825472;4;2;2;0;1;1; -1;1;5;1;50;Indemne;3
202300005019;155 671 655;A01;1;0;2;0;5;5;203 839 335;1;1;4;1;1986.0;9;8;0;-1;12;7;2023;00:00;5;75;75120;2;2;1;3;48.851306;2.411119;4;1;2;0;1;1; -1;1;0;5;30;Blessé léger;2
202300005019;155 671 655;A01;1;0;2;0;5;5;203 839 335;1;1;4;1;1986.0;9;8;0;-1;12;7;2023;00:00;5;75;75120;2;2;1;3;48.851306;2.411119;4;1; -1;-1;1;1; -1;1;0;5;-1;Blessé léger;2
202300005019;155 671 657;B01;7;0;2;8;16;1;203 839 336;1;1;1;2;1943.0;5;1;8;-1;12;7;2023;00:00;5;75;75120;2;2;1;3;48.851306;2.411119;4;1;2;0;1;1; -1;1;0;5;30;Indemne;2
202300005019;155 671 657;B01;7;0;2;8;16;1;203 839 336;1;1;1;2;1943.0;5;1;8;-1;12;7;2023;00:00;5;75;75120;2;2;1;3;48.851306;2.411119;4;1; -1;-1;1;1; -1;1;0;5;-1;Indemne;2
202300005023;155 671 648;A01;1;0;0;0;21;5;203 839 327;1;1;4;1;1958.0;9;8;0;-1;12;7;2023;11:15;1;75;75119;2;3;1;7;48.876424;2.376851;4;3;2;0;2;1; -1;1;0;1;30;Blessé léger;2
202300005023;155 671 648;A01;1;0;0;0;21;5;203 839 327;1;1;4;1;1958.0;9;8;0;-1;12;7;2023;11:15;1;75;75119;2;3;1;7;48.876424;2.376851;4;1;1;0;2;1; -1;1;0;1;30;Blessé léger;2
202300005029;155 671 644;B01;80;0;2;8;25;3;203 839 322;1;1;4;2;1992.0;1;8;0;-1;12;7;2023;18:55;1;75;75117;2;2;1;3;48.891826;2.301581;4;2;6;3;1;1; -1;1;0;4;30;Blessé léger;2
202300005029;155 671 644;B01;80;0;2;8;25;3;203 839 322;1;1;4;2;1992.0;1;8;0;-1;12;7;2023;18:55;1;75;75117;2;2;1;3;48.891826;2.301581;4;2; -1;-1;1;1; -1;1;0;4;-1;Blessé léger;2
202300005043;155 671 609;A01;80;0;1;7;7;3;203 839 280;1;1;1;1;1959.0;5;8;0;-1;11;7;2023;12:00;1;75;75113;2;4;1;6;48.839957;2.361729;4;1;2;3;1;1; -1;1;6;6;30;Indemne;1
202300005043;155 671 609;A01;80;0;1;7;7;3;203 839 280;1;1;1;1;1959.0;5;8;0;-1;11;7;2023;12:00;1;75;75113;2;4;1;6;48.839957;2.361729;4;-1; -1;3;1;1; -1;1;6;6;30;Indemne;1
202300005043;155 671 609;A01;80;0;1;7;7;3;203 839 282;10;3;4;2;1980.0;5;0;-1;-1;11;7;2023;12:00;1;75;75113;2;4;1;6;48.839957;2.361729;4;1;2;3;1;1; -1;1;6;6;30;Blessé léger;1
202300005043;155 671 609;A01;80;0;1;7;7;3;203 839 282;10;3;4;2;1980.0;5;0;-1;-1;11;7;2023;12:00;1;75;75113;2;4;1;6;48.839957;2.361729;4;-1; -1;3;1;1; -1;1;6;6;30;Blessé léger;1
202300005047;155 671 604;A01;1;0;0;0;21;5;203 839 275;1;1;4;2;1973.0;1;8;0;-1;11;7;2023;09:50;1;75;75110;2;2;1;7;48.879513;2.36804;4;1;1;1;2;1; -1;1;0;5;30;Blessé léger;1
202300005047;155 671 604;A01;1;0;0;0;21;5;203 839 275;1;1;4;2;1973.0;1;8;0;-1;11;7;2023;09:50;1;75;75110;2;2;1;7;48.879513;2.36804;4;1;1;0;1;1; -1;1;0;1;30;Blessé léger;1
202300005058;155 671 584;A01;7;0;2;1;1;1;203 839 246;1;1;1;1;2003.0;5;1;0;-1;30;9;2023;16:29;1;74;74281;2;1;1;2;46.38;6.491;4;2;2;0;2;1; -1;1;0;1;50;Indemne;5
202300005058;155 671 585;B01;1;12;0;0;1;5;203 839 247;1;1;3;1;2016.0;5;8;0;-1;30;9;2023;16:29;1;74;74281;2;1;1;2;46.38;6.491;4;2;2;0;2;1; -1;1;0;1;50;Blessé hospitalisé;5
202300005065;155 671 566;A01;1;0;0;0;26;5;203 839 225;1;1;4;1;1986.0;0;2;0;-1;12;7;2023;17:55;1;94;94018;1;1;1;7;48.82494;2.39264;4;2;0;1;1;1; -1;1;0;5;50;Blessé léger;2
202300005078;155 671 545;B01;1;0;2;0;1;5;203 839 198;1;1;4;2;1968.0;0;8;-1;-1;13;2;2023;08:45;1;44;44109;2;1;8;3;47.20673158;-1.55503788;4;2;2;2;1;1; -1;1;0;1;50;Blessé léger;0
202300005078;155 671 546;A01;10;0;2;0;15;1;203 839 199;1;1;1;1;1986.0;1;8;-1;-1;13;2;2023;08:45;1;44;44109;2;1;8;3;47.20673158;-1.55503788;4;2;2;2;1;1; -1;1;0;1;50;Indemne;0
202300005088;155 671 528;B01;1;0;2;1;1;5;203 839 179;1;1;4;2;1972.0;0;8;-1;-1;1;2;2023;08:35;1;44;44109;2;1;1;3;47.22603683;-1.57066015;4;2;2;2;1;1; -1;1;0;1;-1;Blessé léger;2
202300005088;155 671 529;A01;7;0;2;8;1;1;203 839 180;1;1;1;2;2001.0;0;8;-1;-1;1;2;2023;08:35;1;44;44109;2;1;1;3;47.22603683;-1.57066015;4;2;2;2;1;1; -1;1;0;1;-1;Indemne;2
202300005106;155 671 499;A01;1;0;0;0;0;5;203 839 141;1;1;4;1;1951.0;0;2;0;-1;12;7;2023;10:00;1;92;92051;2;9;1;2;48.87446785;2.25531265;4;1;0;0;1;2; -1;1;0;8;50;Blessé léger;2
202300005106;155 671 500;B01;7;0;0;0;0;1;203 839 142;1;1;1;1;1996.0;0;1;0;-1;12;7;2023;10:00;1;92;92051;2;9;1;2;48.87446785;2.25531265;4;1;0;0;1;2; -1;1;0;8;50;Indemne;2
202300005109;155 671 491;B01;1;0;2;1;25;5;203 839 133;1;1;3;1;1971.0;9;8;0;-1;5;6;2023;09:15;1;987;98735;2;1;1;4;-17.53663;-149.56028;4;1;1;0;1;1; -1;1;0;1;50;Blessé hospitalisé;0
202300005109;155 671 493;C01;7;0;2;0;0;6;203 839 135;1;1;1;1;1933.0;9;1;8;-1;5;6;2023;09:15;1;987;98735;2;1;1;4;-17.53663;-149.56028;4;1;1;0;1;1; -1;1;0;1;50;Indemne;0
202300005109;155 671 496;A01;7;0;2;2;16;0;203 839 138;1;1;1;1;1991.0;1;1;0;-1;5;6;2023;09:15;1;987;98735;2;1;1;4;-17.53663;-149.56028;4;1;1;0;1;1; -1;1;0;1;50;Indemne;0
202300005113;155 671 481;A01;10;0;2;7;1;1;203 839 121;1;1;1;1;1983.0;1;1;0;-1;11;7;2023;10:12;1;92;92049;2;1;1;3;48.812243;2.302807;4;2;1;1;1;1; -1;1;0;1;30;Indemne;1
202300005113;155 671 484;B01;1;0;2;2;0;5;203 839 124;1;1;4;1;1994.0;1;8;0;-1;11;7;2023;10:12;1;92;92049;2;1;1;3;48.812243;2.302807;4;2;1;1;1;1; -1;1;0;1;30;Blessé léger;1
202300005117;155 671 473;A01;7;0;2;3;9;1;203 839 108;1;1;1;1;1980.0;0;1;8;-1;5;6;2023;08:30;1;974;97416;1;3;1;3;-21.345;55.5029;4;2;2;0;2;1; -1;1;0;1;80;Indemne;0
202300005117;155 671 473;A01;7;0;2;3;9;1;203 839 108;1;1;1;1;1980.0;0;1;8;-1;5;6;2023;08:30;1;974;97416;1;3;1;3;-21.345;55.5029;4;2;2;0;2;1; -1;1;0;1;80;Indemne;0
202300005117;155 671 477;B01;1;0;2;1;1;5;203 839 112;1;1;4;2;1990.0;0;2;8;-1;5;6;2023;08:30;1;974;97416;1;3;1;3;-21.345;55.5029;4;2;2;0;2;1; -1;1;0;1;80;Blessé léger;0
202300005117;155 671 477;B01;1;0;2;1;1;5;203 839 112;1;1;4;2;1990.0;0;2;8;-1;5;6;2023;08:30;1;974;97416;1;3;1;3;-21.345;55.5029;4;2;2;0;2;1; -1;1;0;1;80;Blessé léger;0
202300005135;155 671 446;A01;7;0;9;7;17;1;203 839 068;1;1;1;2;1993.0;2;1;-1;-1;11;7;2023;07:00;1;49;49092;1;1;7;2;47.221958;-0.566525;3;2;2;0;2;1;5,5;1;0;1;80;Indemne;1
202300005135;155 671 449;B01;1;0;0;6;1;5;203 839 072;1;1;3;1;1945.0;5;2;-1;-1;11;7;2023;07:00;1;49;49092;1;1;7;2;47.221958;-0.566525;3;2;2;0;2;1;5,5;1;0;1;80;Blessé hospitalisé;1
202300005140;155 671 439;Z01;30;0;2;0;0;1;203 839 059;1;1;1;1;2000.0;9;2;0;-1;5;6;2023;19:20;4;973;97302;2;1;1;6;4.93149326;-52.32651758;3;2;2;0;1;1; -1;1;8;1;30;Indemne;0
202300005140;155 671 442;B01;1;0;2;0;0;5;203 839 063;1;1;4;1;2011.0;5;8;8;-1;5;6;2023;19:20;4;973;97302;2;1;1;6;4.93149326;-52.32651758;3;2;2;0;1;1; -1;1;8;1;30;Blessé léger;0
202300005141;155 671 437;B01;1;0;2;4;1;5;203 839 056;1;1;4;2;1965.0;1;2;4;-1;20;1;2023;08:35;1;44;44082;1;1;8;2;47.3855666;-1.36457511;3;2;2;-1;1;1; -1;1;0;1;80;Blessé léger;4
202300005141;155 671 440;A01;7;0;2;2;1;1;203 839 058;1;1;1;1;1946.0;0;8;-1;-1;20;1;2023;08:35;1;44;44082;1;1;8;2;47.3855666;-1.36457511;3;2;2;-1;1;1; -1;1;0;1;80;Indemne;4
202300005142;155 671 435;A01;1;0;0;0;1;5;203 839 054;1;1;4;1;1994.0;5;2;-1;-1;10;7;2023;09:50;1;05;05027;1;1;1;7;44.82645358;6.72801914;3;2;2;0;2;4;5,5;1;0;1;80;Blessé léger;0
202300005143;155 671 433;A01;1;0;0;0;1;5;203 839 051;1;1;4;1;1970.0;0;8;-1;-1;20;1;2023;08:25;1;44;44109;2;1;8;7;47.22717744;-1.55300997;4;2;2;-1;1;1; -1;1;-1;1;-1;Blessé léger;4
202300005160;155 671 405;A01;7;0;2;3;1;1;203 839 014;1;1;1;1;1983.0;0;8;-1;-1;19;1;2023;15:50;1;44;44143;2;6;8;1;47.16662524;-1.55185023;4;2;2;-1;1;1; -1;1;5;1;-1;Indemne;3
202300005160;155 671 406;B01;80;0;2;1;1;3;203 839 015;1;1;4;2;1991.0;0;8;-1;-1;19;1;2023;15:50;1;44;44143;2;6;8;1;47.16662524;-1.55185023;4;2;2;-1;1;1; -1;1;5;1;-1;Blessé léger;3
202300005161;155 671 404;A01;1;0;0;0;1;5;203 839 013;1;1;3;1;2010.0;5;0;-1;-1;20;8;2023;11:15;1;01;01444;2;1;1;7;45.847402;5.435588;3;2;2;0;1;1;4;1;0;1;50;Blessé hospitalisé;6
202300005169;155 671 388;A01;7;0;9;3;15;1;203 838 995;1;1;1;1;1947.0;5;1;-1;-1;22;8;2023;10:25;1;22;22070;2;9;7;3;48.560722;-3.153394;4;2;2;0;1;1; -1;1;0;1;50;Indemne;1
202300005169;155 671 391;B01;1;0;2;1;1;5;203 838 999;1;1;3;1;1958.0;5;2;-1;-1;22;8;2023;10:25;1;22;22070;2;9;7;3;48.560722;-3.153394;4;2;2;0;1;1; -1;1;0;1;50;Blessé hospitalisé;1
202300005170;155 671 387;B01;1;0;0;1;1;5;203 838 994;1;1;4;1;1987.0;5;8;-1;-1;11;11;2023;16:00;1;14;14118;2;2;1;3;49.203162;-0.391083;3;2;2;0;1;1; -1;1;5;1;50;Blessé léger;5
202300005170;155 671 387;B01;1;0;0;1;1;5;203 838 994;1;1;4;1;1987.0;5;8;-1;-1;11;11;2023;16:00;1;14;14118;2;2;1;3;49.203162;-0.391083;3;2;2;0;1;1; -1;1;5;1;50;Blessé léger;5
202300005170;155 671 390;A01;7;0;2;1;1;1;203 838 997;1;1;1;2;1944.0;5;1;-1;-1;11;11;2023;16:00;1;14;14118;2;2;1;3;49.203162;-0.391083;3;2;2;0;1;1; -1;1;5;1;50;Indemne;5
202300005170;155 671 390;A01;7;0;2;1;1;1;203 838 997;1;1;1;2;1944.0;5;1;-1;-1;11;11;2023;16:00;1;14;14118;2;2;1;3;49.203162;-0.391083;3;2;2;0;1;1; -1;1;5;1;50;Indemne;5
202300005208;155 671 321;A01;1;0;0;0;0;5;203 838 902;1;1;4;1;1963.0;1;8;-1;-1;3;1;2023;16:54;2;44;44109;2;3;1;7;47.24538481;-1.50831261;4;2;0;-1;1;1; -1;1;5;1;30;Blessé léger;1
202300005208;155 671 321;A01;1;0;0;0;0;5;203 838 902;1;1;4;1;1963.0;1;8;-1;-1;3;1;2023;16:54;2;44;44109;2;3;1;7;47.24538481;-1.50831261;4;2; -1;-1;1;3; -1;1;5;1;50;Blessé léger;1
202300005214;155 671 313;A01;1;0;2;1;0;5;203 838 891;1;1;3;1;1968.0;5;2;-1;-1;11;7;2023;14:00;1;84;84017;1;1;1;6;44.124583;5.261577;3;2;2;0;2;3;5,5;1;0;1;80;Blessé hospitalisé;1
202300005214;155 671 315;B01;20;0;0;5;15;1;203 838 893;1;1;1;1;1995.0;9;1;-1;-1;11;7;2023;14:00;1;84;84017;1;1;1;6;44.124583;5.261577;3;2;2;0;2;3;5,5;1;0;1;80;Indemne;1
202300005248;155 671 243;A01;80;0;0;9;1;3;203 838 792;1;1;3;1;1961.0;0;8;-1;-1;1;6;2023;13:30;1;73;73211;2;1;1;7;45.72001969;6.45743698;3;2;2;0;2;2; -1;1;0;1;30;Blessé hospitalisé;3
202300005255;155 671 229;A01;1;0;2;1;1;5;203 838 769;1;1;3;1;1960.0;5;2;-1;-1;13;7;2023;09:43;1;13;13050;1;1;1;2;43.64443;5.199827;3;2;2;0;1;1;7;1;0;5;80;Blessé hospitalisé;3
202300005255;155 671 231;B01;13;0;0;4;23;1;203 838 772;1;1;1;1;1965.0;4;9;-1;-1;13;7;2023;09:43;1;13;13050;1;1;1;2;43.64443;5.199827;3;2;2;0;1;1;7;1;0;5;80;Indemne;3
202300005272;155 671 194;B01;1;0;2;7;19;5;203 838 724;1;1;4;1;1986.0;9;8;0;-1;16;8;2023;17:15;3;976;97611;2;1;1;3;-12.81063;45.20273;4;2;2;0;1;1; -1;1;2;1;50;Blessé léger;2
202300005272;155 671 195;A01;30;0;9;1;17;1;203 838 725;1;1;4;1;1999.0;9;2;8;-1;16;8;2023;17:15;3;976;97611;2;1;1;3;-12.81063;45.20273;4;2;2;0;1;1; -1;1;2;1;50;Blessé léger;2
202300005283;155 671 177;A01;7;0;9;1;1;1;203 838 696;1;1;1;1;1995.0;9;1;8;-1;18;8;2023;16:30;1;973;97302;2;2;1;3;4.93367491;-52.33044237;4;2;2;0;1;1; -1;1;0;1;30;Indemne;4
202300005283;155 671 177;A01;7;0;9;1;1;1;203 838 696;1;1;1;1;1995.0;9;1;8;-1;18;8;2023;16:30;1;973;97302;2;2;1;3;4.93367491;-52.33044237;4;2;2;0;1;1; -1;1;0;6;50;Indemne;4
202300005283;155 671 178;B01;1;0;2;1;19;5;203 838 697;1;1;4;1;1961.0;9;2;0;-1;18;8;2023;16:30;1;973;97302;2;2;1;3;4.93367491;-52.33044237;4;2;2;0;1;1; -1;1;0;1;30;Blessé léger;4
202300005283;155 671 178;B01;1;0;2;1;19;5;203 838 697;1;1;4;1;1961.0;9;2;0;-1;18;8;2023;16:30;1;973;97302;2;2;1;3;4.93367491;-52.33044237;4;2;2;0;1;1; -1;1;0;6;50;Blessé léger;4
202300005302;155 671 141;A01;7;0;2;2;17;0;203 838 653;1;1;1;1;1989.0;9;8;8;-1;16;8;2023;05:15;5;971;97101;2;1;1;3;16.25164;-61.52691;2;2;2;0;1;1; -1;1;0;1;50;Indemne;2
202300005302;155 671 142;B01;1;0;2;2;14;5;203 838 654;1;1;4;1;1970.0;0;2;0;-1;16;8;2023;05:15;5;971;97101;2;1;1;3;16.25164;-61.52691;2;2;2;0;1;1; -1;1;0;1;50;Blessé léger;2
202300005307;155 671 131;A01;7;0;2;2;1;1;203 838 639;1;1;1;1;1936.0;5;1;0;-1;18;8;2023;11:10;1;95;95555;2;1;1;1;48.9654;2.283;3;3;4;0;1;1; -1;1;0;1;50;Indemne;4
202300005307;155 671 131;A01;7;0;2;2;1;1;203 838 640;2;2;1;2;1942.0;5;1;0;-1;18;8;2023;11:10;1;95;95555;2;1;1;1;48.9654;2.283;3;3;4;0;1;1; -1;1;0;1;50;Indemne;4
202300005307;155 671 132;B01;1;0;2;8;19;5;203 838 641;1;1;4;1;1963.0;3;2;0;-1;18;8;2023;11:10;1;95;95555;2;1;1;1;48.9654;2.283;3;3;4;0;1;1; -1;1;0;1;50;Blessé léger;4
202300005334;155 671 088;A01;7;0;2;0;0;1;203 838 583;1;1;1;2;1971.0;5;1;0;-1;18;8;2023;13:10;1;76;76545;2;6;8;3;49.91525;1.09436;4;-1;1;0;1;1; -1;1;0;1;50;Indemne;4
202300005334;155 671 088;A01;7;0;2;0;0;1;203 838 583;1;1;1;2;1971.0;5;1;0;-1;18;8;2023;13:10;1;76;76545;2;6;8;3;49.91525;1.09436;4;3;1;0;1;1; -1;2;0;1;50;Indemne;4
202300005334;155 671 089;B01;1;0;2;4;15;5;203 838 584;1;1;4;1;1968.0;5;2;0;-1;18;8;2023;13:10;1;76;76545;2;6;8;3;49.91525;1.09436;4;-1;1;0;1;1; -1;1;0;1;50;Blessé léger;4
202300005334;155 671 089;B01;1;0;2;4;15;5;203 838 584;1;1;4;1;1968.0;5;2;0;-1;18;8;2023;13:10;1;76;76545;2;6;8;3;49.91525;1.09436;4;3;1;0;1;1; -1;2;0;1;50;Blessé léger;4
202300005341;155 671 075;B01;1;1;2;4;1;5;203 838 567;1;1;4;1;1998.0;0;0;-1;-1;15;8;2023;21:30;5;69;69290;2;1;1;2;45.68586962;4.94417295;4;2;2;0;1;1; -1;1;0;1;50;Blessé léger;1
202300005341;155 671 076;A01;7;0;2;1;1;1;203 838 568;1;1;1;1;1991.0;5;8;-1;-1;15;8;2023;21:30;5;69;69290;2;1;1;2;45.68586962;4.94417295;4;2;2;0;1;1; -1;1;0;1;50;Indemne;1
202300005344;155 671 070;A01;7;0;2;3;1;1;203 838 560;1;1;1;2;1988.0;9;1;0;-1;16;8;2023;18:10;1;67;67482;2;1;1;1;48.54715;7.76398;4;1;1;1;1;2; -1;1;0;1;50;Indemne;2
202300005344;155 671 071;B01;80;0;2;1;1;3;203 838 561;1;1;4;1;1988.0;5;8;8;-1;16;8;2023;18:10;1;67;67482;2;1;1;1;48.54715;7.76398;4;1;1;1;1;2; -1;1;0;1;50;Blessé léger;2
202300005348;155 671 063;A01;1;0;2;1;2;5;203 838 549;1;1;4;1;1964.0;5;2;8;-1;16;8;2023;09:00;1;64;64545;2;1;8;2;43.3901;-1.68569;3;2;2;0;1;1;7;1;0;1;50;Blessé léger;2
202300005348;155 671 064;B01;7;0;2;4;23;1;203 838 550;1;1;1;1;1998.0;1;1;0;-1;16;8;2023;09:00;1;64;64545;2;1;8;2;43.3901;-1.68569;3;2;2;0;1;1;7;1;0;1;50;Indemne;2
202300005349;155 671 061;B01;80;0;2;8;1;3;203 838 547;1;1;4;1;1939.0;5;2;8;-1;17;8;2023;11:50;1;64;64445;2;3;1;3;43.29654;-0.3743;4;2;2;0;2;1; -1;1;0;1;50;Blessé léger;3
202300005349;155 671 061;B01;80;0;2;8;1;3;203 838 547;1;1;4;1;1939.0;5;2;8;-1;17;8;2023;11:50;1;64;64445;2;3;1;3;43.29654;-0.3743;4;2;2;0;2;1; -1;1;0;1;50;Blessé léger;3
202300005349;155 671 062;A01;7;0;2;2;15;1;203 838 548;1;1;1;1;1984.0;5;1;8;-1;17;8;2023;11:50;1;64;64445;2;3;1;3;43.29654;-0.3743;4;2;2;0;2;1; -1;1;0;1;50;Indemne;3
202300005349;155 671 062;A01;7;0;2;2;15;1;203 838 548;1;1;1;1;1984.0;5;1;8;-1;17;8;2023;11:50;1;64;64445;2;3;1;3;43.29654;-0.3743;4;2;2;0;2;1; -1;1;0;1;50;Indemne;3
202300005353;155 671 055;A01;80;12;0;1;14;3;203 838 538;1;1;4;1;2000.0;5;8;0;-1;15;8;2023;03:45;5;64;64102;2;1;1;6;43.49001;-1.46778;4;2;2;1;1;1; -1;1;0;5;50;Blessé léger;1
202300005355;155 671 052;A01;1;0;2;8;13;5;203 838 535;1;1;4;1;2002.0;5;8;0;-1;18;8;2023;05:20;2;62;62040;2;1;1;3;50.72569;2.30812;4;2;2;0;1;1; -1;1;0;1;50;Blessé léger;4
202300005369;155 671 027;B01;1;0;2;1;25;5;203 838 501;1;1;4;1;1984.0;5;0;0;0;14;8;2023;20:38;1;56;56083;2;3;1;3;47.80042;-3.2615;4;2;2;0;2;1; -1;1;0;4;30;Blessé léger;0
202300005369;155 671 027;B01;1;0;2;1;25;5;203 838 501;1;1;4;1;1984.0;5;0;0;0;14;8;2023;20:38;1;56;56083;2;3;1;3;47.80042;-3.2615;4;2;2;0;2;1; -1;1;0;4;50;Blessé léger;0
202300005369;155 671 029;A01;7;0;2;8;9;1;203 838 504;1;1;1;1;1978.0;5;1;-1;-1;14;8;2023;20:38;1;56;56083;2;3;1;3;47.80042;-3.2615;4;2;2;0;2;1; -1;1;0;4;30;Indemne;0
202300005369;155 671 029;A01;7;0;2;8;9;1;203 838 504;1;1;1;1;1978.0;5;1;-1;-1;14;8;2023;20:38;1;56;56083;2;3;1;3;47.80042;-3.2615;4;2;2;0;2;1; -1;1;0;4;50;Indemne;0
202300005377;155 671 016;A01;7;0;2;1;19;1;203 838 486;1;1;1;1;1954.0;5;1;0;-1;22;9;2023;10:40;1;64;64102;2;1;2;3;43.48913;-1.46622;4;2;2;1;1;1; -1;2;0;5;50;Indemne;4
202300005377;155 671 018;B01;1;0;2;8;1;5;203 838 488;1;1;4;2;1968.0;5;2;0;-1;22;9;2023;10:40;1;64;64102;2;1;2;3;43.48913;-1.46622;4;2;2;1;1;1; -1;2;0;5;50;Blessé léger;4
202300005384;155 671 006;A01;10;0;2;1;1;1;203 838 473;1;1;1;1;1962.0;1;8;0;-1;17;8;2023;18:51;1;49;49278;2;6;1;3;47.4447;-0.5767;4;2;2;2;1;1; -1;1;0;1;50;Indemne;3
202300005384;155 671 006;A01;10;0;2;1;1;1;203 838 473;1;1;1;1;1962.0;1;8;0;-1;17;8;2023;18:51;1;49;49278;2;6;1;3;47.4447;-0.5767;4;2;2;0;1;1; -1;1;0;1;50;Indemne;3
202300005384;155 671 007;B01;1;0;2;7;16;5;203 838 474;1;1;4;1;1980.0;5;8;0;-1;17;8;2023;18:51;1;49;49278;2;6;1;3;47.4447;-0.5767;4;2;2;2;1;1; -1;1;0;1;50;Blessé léger;3
202300005384;155 671 007;B01;1;0;2;7;16;5;203 838 474;1;1;4;1;1980.0;5;8;0;-1;17;8;2023;18:51;1;49;49278;2;6;1;3;47.4447;-0.5767;4;2;2;0;1;1; -1;1;0;1;50;Blessé léger;3
202300005388;155 671 000;A01;1;0;2;1;1;5;203 838 467;1;1;4;1;1944.0;5;0;0;-1;16;8;2023;15:00;1;49;49246;1;1;1;1;47.42127;-0.49112;4;2;2;0;1;1; -1;1;0;1;50;Blessé léger;2
202300005388;155 671 001;B01;1;0;2;1;1;5;203 838 468;1;1;1;1;1950.0;5;8;0;-1;16;8;2023;15:00;1;49;49246;1;1;1;1;47.42127;-0.49112;4;2;2;0;1;1; -1;1;0;1;50;Indemne;2
202300005393;155 670 990;A01;7;0;2;0;1;1;203 838 455;1;1;1;2;1980.0;0;1;0;-1;21;9;2023;08:15;1;54;54395;2;1;1;3;48.674748;6.173834;4;2;2;0;1;1; -1;1;0;4;30;Indemne;3
202300005393;155 670 991;B01;1;0;2;2;1;5;203 838 456;1;1;4;2;2010.0;0;2;0;-1;21;9;2023;08:15;1;54;54395;2;1;1;3;48.674748;6.173834;4;2;2;0;1;1; -1;1;0;4;30;Blessé léger;3
202300005404;155 670 972;A01;7;0;2;3;26;1;203 838 430;1;1;1;1;1997.0;5;1;0;-1;16;8;2023;18:18;1;36;36063;2;1;9;3;46.838751;1.696976;4;2;1;0;1;1; -1;1;0;1;50;Indemne;2