Num_Acc;id_vehicule;num_veh;catv;obs;obsm;choc;manv;motor;id_usager;place;catu;grav;sexe;an_nais;trajet;secu1;secu2;secu3;jour;mois;an;hrmn;lum;dep;com;agg;int;atm;col;lat;long;catr;circ;nbv;vosp;prof;plan;larrout;surf;infra;situ;vma;gravity;day_of_week
202300005404;155 670 973;B01;1;0;2;1;1;5;203 838 433;1;1;4;1;1955.0;5;2;0;-1;16;8;2023;18:18;1;36;36063;2;1;9;3;46.838751;1.696976;4;2;1;0;1;1; -1;1;0;1;50;Blessé léger;2
202300005420;155 670 947;A01;37;0;2;2;2;1;203 838 395;1;1;1;2;1964.0;4;1;-1;-1;19;8;2023;11:40;1;33;33063;2;1;1;2;44.85663189;-0.5483374;4;2;4;3;1;1; -1;1;0;1;50;Indemne;5
202300005420;155 670 949;B01;1;0;2;0;2;5;203 838 397;1;1;3;1;1945.0;5;0;-1;-1;19;8;2023;11:40;1;33;33063;2;1;1;2;44.85663189;-0.5483374;4;2;4;3;1;1; -1;1;0;1;50;Blessé hospitalisé;5
202300005421;155 670 946;B01;1;0;2;1;21;5;203 838 394;1;1;4;1;1984.0;0;8;-1;-1;22;9;2023;21:11;5;35;35238;2;3;1;3;48.10978332;-1.69850618;4;2;3;3;2;1; -1;1;0;1;50;Blessé léger;4
202300005421;155 670 946;B01;1;0;2;1;21;5;203 838 394;1;1;4;1;1984.0;0;8;-1;-1;22;9;2023;21:11;5;35;35238;2;3;1;3;48.10978332;-1.69850618;4;1;1;0;1;1; -1;1;0;6;20;Blessé léger;4
202300005421;155 670 948;A01;10;0;2;5;15;1;203 838 396;1;1;1;2;1994.0;0;1;-1;-1;22;9;2023;21:11;5;35;35238;2;3;1;3;48.10978332;-1.69850618;4;2;3;3;2;1; -1;1;0;1;50;Indemne;4
202300005421;155 670 948;A01;10;0;2;5;15;1;203 838 396;1;1;1;2;1994.0;0;1;-1;-1;22;9;2023;21:11;5;35;35238;2;3;1;3;48.10978332;-1.69850618;4;1;1;0;1;1; -1;1;0;6;20;Indemne;4
202300005424;155 670 940;A01;37;0;2;0;1;1;203 838 387;1;1;1;1;1982.0;4;0;-1;-1;22;9;2023;08:30;1;35;35238;2;1;2;3;48.08867831;-1.67496175;4;3;4;2;1;1; -1;2;0;1;30;Indemne;4
202300005424;155 670 941;B01;1;0;2;8;1;5;203 838 388;1;1;4;2;1981.0;9;2;-1;-1;22;9;2023;08:30;1;35;35238;2;1;2;3;48.08867831;-1.67496175;4;3;4;2;1;1; -1;2;0;1;30;Blessé léger;4
202300005428;155 670 935;B01;1;0;2;7;1;5;203 838 380;1;1;3;2;1958.0;1;8;0;-1;19;9;2023;16:50;1;34;34172;2;6;1;3;43.60614;3.89862;4;1;2;1;1;2; -1;1;9;5;50;Blessé hospitalisé;1
202300005428;155 670 935;B01;1;0;2;7;1;5;203 838 380;1;1;3;2;1958.0;1;8;0;-1;19;9;2023;16:50;1;34;34172;2;6;1;3;43.60614;3.89862;4;1;2;0;1;1; -1;1;0;5;50;Blessé hospitalisé;1
202300005429;155 670 932;A01;1;0;1;0;0;5;203 838 376;1;1;1;1;2016.0;5;2;0;-1;18;8;2023;12:00;1;32;32013;2;1;1;6;43.64688;0.58185;9;-1;0;0;1;3; -1;1;6;8;-1;Indemne;4
202300005429;155 670 932;A01;1;0;1;0;0;5;203 838 377;10;3;4;2;1935.0;5;0;-1;-1;18;8;2023;12:00;1;32;32013;2;1;1;6;43.64688;0.58185;9;-1;0;0;1;3; -1;1;6;8;-1;Blessé léger;4
202300005430;155 670 929;B01;1;0;2;1;1;5;203 838 372;1;1;3;1;1993.0;5;0;-1;-1;22;9;2023;02:40;5;33;33063;2;1;2;1;44.83411;-0.5511;4;2;2;0;1;1; -1;2;8;1;50;Blessé hospitalisé;4
202300005430;155 670 931;A01;7;0;2;1;5;1;203 838 375;1;1;1;2;1992.0;5;1;-1;-1;22;9;2023;02:40;5;33;33063;2;1;2;1;44.83411;-0.5511;4;2;2;0;1;1; -1;2;8;1;50;Indemne;4
202300005443;155 670 902;A01;7;0;2;5;12;1;203 838 338;1;1;1;1;1985.0;1;8;0;-1;18;6;2023;16:45;1;25;25056;2;6;1;3;47.24889;5.99648;4;2;2;2;1;1; -1;1;0;5;30;Indemne;6
202300005443;155 670 904;B01;1;0;2;8;1;5;203 838 340;1;1;4;1;1996.0;9;8;0;-1;18;6;2023;16:45;1;25;25056;2;6;1;3;47.24889;5.99648;4;2;2;2;1;1; -1;1;0;5;30;Blessé léger;6
202300005446;155 670 896;A01;1;0;0;1;1;5;203 838 330;1;1;4;2;2005.0;1;2;0;-1;15;8;2023;09:10;1;22;22278;2;1;1;7;48.51219;-2.7543;4;-1;2;0;1;1; -1;1;0;1;30;Blessé léger;1
202300005470;155 670 857;A01;7;0;2;2;12;1;203 838 282;1;1;1;1;1972.0;4;1;-1;-1;22;9;2023;15:00;1;75;75119;2;3;1;3;48.901899;2.37274;4;-1; -1;-1;1;1; -1;1;0;1;30;Indemne;4
202300005470;155 670 857;A01;7;0;2;2;12;1;203 838 282;1;1;1;1;1972.0;4;1;-1;-1;22;9;2023;15:00;1;75;75119;2;3;1;3;48.901899;2.37274;4;2;2;1;1;1; -1;1;-1;5;30;Indemne;4
202300005470;155 670 858;B01;1;0;2;3;1;5;203 838 283;1;1;4;1;1982.0;1;8;0;-1;22;9;2023;15:00;1;75;75119;2;3;1;3;48.901899;2.37274;4;-1; -1;-1;1;1; -1;1;0;1;30;Blessé léger;4
202300005470;155 670 858;B01;1;0;2;3;1;5;203 838 283;1;1;4;1;1982.0;1;8;0;-1;22;9;2023;15:00;1;75;75119;2;3;1;3;48.901899;2.37274;4;2;2;1;1;1; -1;1;-1;5;30;Blessé léger;4
202300005471;155 670 855;B01;80;0;2;1;1;3;203 838 280;1;1;3;1;1968.0;1;2;8;-1;22;9;2023;18:45;2;75;75118;2;1;1;1;48.89849;2.356093;4;1;2;1;2;1; -1;1;0;5;25;Blessé hospitalisé;4
202300005471;155 670 856;A01;50;0;2;1;13;3;203 838 281;1;1;3;1;1999.0;5;8;0;-1;22;9;2023;18:45;2;75;75118;2;1;1;1;48.89849;2.356093;4;1;2;1;2;1; -1;1;0;5;25;Blessé hospitalisé;4
202300005476;155 670 848;B01;50;0;2;1;17;3;203 838 268;1;1;4;1;2001.0;9;2;0;-1;22;9;2023;15:20;1;75;75112;2;3;1;3;48.844209;2.390275;4;2;2;3;1;1; -1;1;0;1;30;Blessé léger;4
202300005476;155 670 848;B01;50;0;2;1;17;3;203 838 268;1;1;4;1;2001.0;9;2;0;-1;22;9;2023;15:20;1;75;75112;2;3;1;3;48.844209;2.390275;4;1;2;0;1;1; -1;1;0;1;30;Blessé léger;4
202300005476;155 670 849;A01;80;0;2;1;15;3;203 838 269;1;1;1;1;1992.0;1;8;0;-1;22;9;2023;15:20;1;75;75112;2;3;1;3;48.844209;2.390275;4;2;2;3;1;1; -1;1;0;1;30;Indemne;4
202300005476;155 670 849;A01;80;0;2;1;15;3;203 838 269;1;1;1;1;1992.0;1;8;0;-1;22;9;2023;15:20;1;75;75112;2;3;1;3;48.844209;2.390275;4;1;2;0;1;1; -1;1;0;1;30;Indemne;4
202300005478;155 670 846;A01;1;0;0;0;15;5;203 838 265;1;1;4;2;1994.0;2;2;8;-1;22;9;2023;14:36;1;75;75110;2;2;1;7;48.868796;2.367629;4;1;2;1;1;1; -1;1;0;1;30;Blessé léger;4
202300005478;155 670 846;A01;1;0;0;0;15;5;203 838 265;1;1;4;2;1994.0;2;2;8;-1;22;9;2023;14:36;1;75;75110;2;2;1;7;48.868796;2.367629;4;1;2;1;1;1; -1;1;0;1;30;Blessé léger;4
202300005481;155 670 842;A01;1;0;0;1;1;5;203 838 260;1;1;4;1;2001.0;5;0;0;-1;22;9;2023;22:50;5;75;75104;2;3;1;7;48.851078;2.362217;4;2;3;3;1;1; -1;1;0;1;30;Blessé léger;4
202300005481;155 670 842;A01;1;0;0;1;1;5;203 838 260;1;1;4;1;2001.0;5;0;0;-1;22;9;2023;22:50;5;75;75104;2;3;1;7;48.851078;2.362217;4;1; -1;-1;1;3; -1;1;0;1;30;Blessé léger;4
202300005482;155 670 841;A01;1;0;0;8;13;5;203 838 259;1;1;4;2;1985.0;3;8;0;-1;22;9;2023;13:45;1;75;75104;2;2;8;7;48.857897;2.3502;4;1; -1;-1;1;1; -1;2;0;1;30;Blessé léger;4
202300005482;155 670 841;A01;1;0;0;8;13;5;203 838 259;1;1;4;2;1985.0;3;8;0;-1;22;9;2023;13:45;1;75;75104;2;2;8;7;48.857897;2.3502;4;3;3;1;1;1; -1;2;0;1;30;Blessé léger;4
202300005490;155 670 825;B01;1;0;2;1;9;5;203 838 236;1;1;4;1;1985.0;5;8;0;-1;22;8;2023;19:56;2;94;94022;2;2;1;3;48.7691894;2.42247677;3;1;2;0;1;1; -1;1;0;1;50;Blessé léger;1
202300005490;155 670 825;B01;1;0;2;1;9;5;203 838 236;1;1;4;1;1985.0;5;8;0;-1;22;8;2023;19:56;2;94;94022;2;2;1;3;48.7691894;2.42247677;3;-1;1;0;1;1; -1;1;0;1;50;Blessé léger;1
202300005490;155 670 826;A01;7;0;2;0;0;1;203 838 237;1;1;1;1;2003.0;5;1;0;-1;22;8;2023;19:56;2;94;94022;2;2;1;3;48.7691894;2.42247677;3;1;2;0;1;1; -1;1;0;1;50;Indemne;1
202300005490;155 670 826;A01;7;0;2;0;0;1;203 838 237;1;1;1;1;2003.0;5;1;0;-1;22;8;2023;19:56;2;94;94022;2;2;1;3;48.7691894;2.42247677;3;-1;1;0;1;1; -1;1;0;1;50;Indemne;1
202300005498;155 670 809;A01;7;0;2;3;9;1;203 838 216;1;1;1;1;1968.0;1;1;0;-1;21;9;2023;08:05;1;92;92033;2;1;3;3;48.85385199;2.19280243;4;1;1;0;1;1; -1;2;0;1;30;Indemne;3
202300005498;155 670 810;B01;1;0;2;1;1;5;203 838 217;1;1;4;2;2012.0;2;8;0;-1;21;9;2023;08:05;1;92;92033;2;1;3;3;48.85385199;2.19280243;4;1;1;0;1;1; -1;2;0;1;30;Blessé léger;3
202300005501;155 670 805;B01;32;0;9;3;1;1;203 838 211;1;1;4;2;1974.0;1;2;6;-1;21;9;2023;20:25;5;92;92035;2;1;1;3;48.90999453;2.25496281;3;2;2;0;1;1; -1;1;0;1;50;Blessé léger;3
202300005501;155 670 806;A01;80;0;2;1;19;3;203 838 212;1;1;1;1;1987.0;4;2;0;-1;21;9;2023;20:25;5;92;92035;2;1;1;3;48.90999453;2.25496281;3;2;2;0;1;1; -1;1;0;1;50;Indemne;3
202300005509;155 670 793;B01;80;0;2;8;0;3;203 838 196;1;1;3;2;2005.0;0;0;-1;-1;22;9;2023;10:15;1;974;97422;2;6;1;3;-21.274079;55.506459;4;-1;1;0;2;1; -1;1;0;1;50;Blessé hospitalisé;4
202300005509;155 670 794;A01;10;0;2;7;0;1;203 838 197;1;1;1;2;1965.0;0;1;-1;-1;22;9;2023;10:15;1;974;97422;2;6;1;3;-21.274079;55.506459;4;-1;1;0;2;1; -1;1;0;1;50;Indemne;4
202300005511;155 670 787;A01;1;0;2;1;5;5;203 838 189;1;1;4;1;1964.0;1;2;-1;-1;22;9;2023;13:40;1;30;30209;1;1;1;1;43.988905;4.782727;3;2;2;0;2;3;7;1;0;1;80;Blessé léger;4
202300005524;155 670 770;A01;7;0;2;2;1;1;203 838 169;1;1;1;1;2003.0;0;1;0;-1;23;10;2023;06:20;1;974;97407;1;1;1;3;-20.93029;55.30163;2;1;2;0;1;1; -1;1;9;6;50;Indemne;0
202300005524;155 670 774;B01;1;0;2;8;19;5;203 838 171;1;1;4;1;1953.0;0;2;4;-1;23;10;2023;06:20;1;974;97407;1;1;1;3;-20.93029;55.30163;2;1;2;0;1;1; -1;1;9;6;50;Blessé léger;0
202300005545;155 670 731;A01;7;0;2;6;1;1;203 838 109;2;2;1;2;2001.0;5;1;-1;-1;22;9;2023;18:10;1;17;17124;2;2;1;3;46.03882;-0.572571;3;2;2;0;1;1;7;1;0;1;50;Indemne;4
202300005545;155 670 731;A01;7;0;2;6;1;1;203 838 109;2;2;1;2;2001.0;5;1;-1;-1;22;9;2023;18:10;1;17;17124;2;2;1;3;46.03882;-0.572571;3;2;2;0;1;1;7;1;0;1;50;Indemne;4
202300005545;155 670 731;A01;7;0;2;6;1;1;203 838 110;1;1;1;1;1999.0;5;1;-1;-1;22;9;2023;18:10;1;17;17124;2;2;1;3;46.03882;-0.572571;3;2;2;0;1;1;7;1;0;1;50;Indemne;4
202300005545;155 670 731;A01;7;0;2;6;1;1;203 838 110;1;1;1;1;1999.0;5;1;-1;-1;22;9;2023;18:10;1;17;17124;2;2;1;3;46.03882;-0.572571;3;2;2;0;1;1;7;1;0;1;50;Indemne;4
202300005545;155 670 733;B01;1;0;2;1;1;5;203 838 112;1;1;4;1;1977.0;5;2;-1;-1;22;9;2023;18:10;1;17;17124;2;2;1;3;46.03882;-0.572571;3;2;2;0;1;1;7;1;0;1;50;Blessé léger;4
202300005545;155 670 733;B01;1;0;2;1;1;5;203 838 112;1;1;4;1;1977.0;5;2;-1;-1;22;9;2023;18:10;1;17;17124;2;2;1;3;46.03882;-0.572571;3;2;2;0;1;1;7;1;0;1;50;Blessé léger;4
202300005562;155 670 705;A01;10;0;2;2;17;1;203 838 072;1;1;1;1;1999.0;4;1;0;-1;21;10;2023;10:14;1;87;87075;1;1;1;3;45.80223;1.23193;2;2;2;0;1;1;7;1;0;1;50;Indemne;5
202300005562;155 670 707;B01;1;0;2;8;1;5;203 838 075;1;1;3;1;1974.0;5;2;0;-1;21;10;2023;10:14;1;87;87075;1;1;1;3;45.80223;1.23193;2;2;2;0;1;1;7;1;0;1;50;Blessé hospitalisé;5
202300005588;155 670 647;A01;1;0;1;0;0;5;203 837 992;10;3;3;2;2010.0;5;8;8;-1;16;4;2023;15:40;1;13;13028;2;1;1;6;43.183;5.601;4;2;2;0;1;1; -1;1;0;1;50;Blessé hospitalisé;6
202300005589;155 670 646;B01;1;0;2;8;1;5;203 837 989;1;1;4;2;1989.0;0;2;-1;-1;22;10;2023;18:20;1;76;76351;2;3;1;3;49.5081;0.1384;4;2;3;0;2;1; -1;1;0;1;50;Blessé léger;6
202300005589;155 670 646;B01;1;0;2;8;1;5;203 837 989;1;1;4;2;1989.0;0;2;-1;-1;22;10;2023;18:20;1;76;76351;2;3;1;3;49.5081;0.1384;4;2;2;0;4;1; -1;1;0;1;50;Blessé léger;6
202300005589;155 670 646;B01;1;0;2;8;1;5;203 837 990;2;2;3;1;2021.0;5;3;0;-1;22;10;2023;18:20;1;76;76351;2;3;1;3;49.5081;0.1384;4;2;3;0;2;1; -1;1;0;1;50;Blessé hospitalisé;6
202300005589;155 670 646;B01;1;0;2;8;1;5;203 837 990;2;2;3;1;2021.0;5;3;0;-1;22;10;2023;18:20;1;76;76351;2;3;1;3;49.5081;0.1384;4;2;2;0;4;1; -1;1;0;1;50;Blessé hospitalisé;6
202300005589;155 670 648;A01;7;0;2;1;15;1;203 837 993;1;1;1;2;1969.0;5;1;-1;-1;22;10;2023;18:20;1;76;76351;2;3;1;3;49.5081;0.1384;4;2;3;0;2;1; -1;1;0;1;50;Indemne;6
202300005589;155 670 648;A01;7;0;2;1;15;1;203 837 993;1;1;1;2;1969.0;5;1;-1;-1;22;10;2023;18:20;1;76;76351;2;3;1;3;49.5081;0.1384;4;2;2;0;4;1; -1;1;0;1;50;Indemne;6
202300005610;155 670 607;A01;7;0;2;8;24;1;203 837 938;1;1;1;2;1941.0;5;8;0;-1;21;9;2023;08:00;1;88;88413;2;1;1;2;48.28826;6.9517;3;2;2;0;2;1;7;1;0;1;50;Indemne;3
202300005610;155 670 608;B01;1;0;2;1;1;5;203 837 940;1;1;4;1;1965.0;0;8;0;-1;21;9;2023;08:00;1;88;88413;2;1;1;2;48.28826;6.9517;3;2;2;0;2;1;7;1;0;1;50;Blessé léger;3
202300005618;155 670 594;A01;7;16;0;0;0;1;203 837 919;1;1;1;2;2005.0;5;1;-1;-1;23;10;2023;14:48;1;40;40192;2;1;1;2;43.8875;-0.50992;3;2;2;0;1;1; -1;1;0;1;50;Indemne;0
202300005618;155 670 596;B01;1;1;0;2;14;5;203 837 922;1;1;2;1;2007.0;5;0;-1;-1;23;10;2023;14:48;1;40;40192;2;1;1;2;43.8875;-0.50992;3;2;2;0;1;1; -1;1;0;1;50;Tué;0
202300005620;155 670 593;A01;1;0;2;0;0;5;203 837 916;1;1;3;1;1997.0;1;8;0;-1;23;10;2023;19:55;5;38;38169;2;1;8;2;45.18988;5.68254;7;1;0;0;1;1;0;1;0;1;50;Blessé hospitalisé;0
202300005630;155 670 566;A01;80;0;0;1;1;3;203 837 884;1;1;4;1;1980.0;1;2;6;-1;23;10;2023;08:49;2;27;27681;2;1;8;6;49.098;1.4892;3;-1;2;1;1;1;7;1;0;4;30;Blessé léger;0
202300005634;155 670 560;A01;37;0;2;3;1;1;203 837 874;1;1;1;1;1977.0;4;1;-1;-1;21;9;2023;20:10;3;69;69266;2;1;3;1;45.75176402;4.91211802;4;1;1;2;1;1; -1;2;0;1;30;Indemne;3
202300005634;155 670 561;B01;1;0;2;0;5;5;203 837 876;1;1;4;1;1974.0;5;8;-1;-1;21;9;2023;20:10;3;69;69266;2;1;3;1;45.75176402;4.91211802;4;1;1;2;1;1; -1;2;0;1;30;Blessé léger;3
202300005637;155 670 556;A01;1;0;2;1;13;5;203 837 870;1;1;3;1;1949.0;0;2;8;-1;20;9;2023;18:00;1;67;67218;2;1;1;3;48.52877;7.710624;4;2;2;2;1;1; -1;1;0;1;50;Blessé hospitalisé;2
202300005637;155 670 557;B01;7;0;2;4;1;1;203 837 871;1;1;1;2;1956.0;0;1;7;-1;20;9;2023;18:00;1;67;67218;2;1;1;3;48.52877;7.710624;4;2;2;2;1;1; -1;1;0;1;50;Indemne;2
202300005657;155 670 522;A01;1;0;2;1;19;5;203 837 827;1;1;4;1;2002.0;9;8;0;-1;23;10;2023;01:20;5;75;75119;2;7;1;1;48.88324994;2.36913085;4;3;0;0;1;1; -1;1;0;1;30;Blessé léger;0
202300005657;155 670 523;B01;7;0;2;3;1;1;203 837 828;1;1;1;1;1963.0;9;1;0;-1;23;10;2023;01:20;5;75;75119;2;7;1;1;48.88324994;2.36913085;4;3;0;0;1;1; -1;1;0;1;30;Indemne;0
202300005662;155 670 516;B01;1;0;2;3;19;5;203 837 819;1;1;4;2;1977.0;9;8;8;-1;23;10;2023;11:30;1;75;75113;2;2;2;3;48.815747;2.36070335;4;1;1;0;2;1; -1;2;0;1;30;Blessé léger;0
202300005662;155 670 516;B01;1;0;2;3;19;5;203 837 819;1;1;4;2;1977.0;9;8;8;-1;23;10;2023;11:30;1;75;75113;2;2;2;3;48.815747;2.36070335;4;1;3;3;2;1; -1;2;0;1;30;Blessé léger;0
202300005662;155 670 517;A01;7;0;2;1;1;1;203 837 820;1;1;1;1;1963.0;9;8;8;-1;23;10;2023;11:30;1;75;75113;2;2;2;3;48.815747;2.36070335;4;1;1;0;2;1; -1;2;0;1;30;Indemne;0
202300005662;155 670 517;A01;7;0;2;1;1;1;203 837 820;1;1;1;1;1963.0;9;8;8;-1;23;10;2023;11:30;1;75;75113;2;2;2;3;48.815747;2.36070335;4;1;3;3;2;1; -1;2;0;1;30;Indemne;0
202300005666;155 670 510;A01;7;0;2;8;22;1;203 837 810;1;1;1;1;1978.0;5;1;8;-1;23;10;2023;08:50;1;75;75115;2;1;1;3;48.846298;2.311916;4;1;1;0;1;1; -1;1;0;1;30;Indemne;0
202300005666;155 670 511;B01;1;0;2;1;1;5;203 837 811;1;1;4;2;1990.0;1;2;8;-1;23;10;2023;08:50;1;75;75115;2;1;1;3;48.846298;2.311916;4;1;1;0;1;1; -1;1;0;1;30;Blessé léger;0
202300005680;155 670 487;B01;1;0;2;1;1;5;203 837 782;1;1;4;1;1996.0;9;8;8;-1;23;10;2023;01:00;5;93;93001;2;9;1;1;48.90789;2.38765;3;2;4;0;1;1; -1;1;9;1;50;Blessé léger;0
202300005680;155 670 488;A01;10;0;9;1;15;1;203 837 783;1;1;1;1;1969.0;0;1;8;-1;23;10;2023;01:00;5;93;93001;2;9;1;1;48.90789;2.38765;3;2;4;0;1;1; -1;1;9;1;50;Indemne;0
202300005682;155 670 483;A01;7;0;9;8;23;1;203 837 777;1;1;1;2;1957.0;0;1;0;0;23;10;2023;16:45;1;92;92051;2;1;2;3;48.88447154;2.26213628;4;1;1;0;1;1; -1;2;0;1;50;Indemne;0
202300005682;155 670 484;B01;1;1;0;2;17;5;203 837 778;1;1;4;2;1972.0;0;2;0;0;23;10;2023;16:45;1;92;92051;2;1;2;3;48.88447154;2.26213628;4;1;1;0;1;1; -1;2;0;1;50;Blessé léger;0
202300005684;155 670 479;B01;1;0;2;2;1;5;203 837 773;1;1;4;1;1993.0;1;2;0;-1;23;10;2023;17:50;1;92;92019;2;2;2;3;48.76387149;2.27182674;3;1;2;0;2;1;5;2;0;1;50;Blessé léger;0
202300005684;155 670 479;B01;1;0;2;2;1;5;203 837 773;1;1;4;1;1993.0;1;2;0;-1;23;10;2023;17:50;1;92;92019;2;2;2;3;48.76387149;2.27182674;3;3;2;1;2;1;5;2;0;1;30;Blessé léger;0
202300005684;155 670 480;A01;7;0;9;2;16;1;203 837 774;1;1;4;2;1988.0;1;1;0;-1;23;10;2023;17:50;1;92;92019;2;2;2;3;48.76387149;2.27182674;3;1;2;0;2;1;5;2;0;1;50;Blessé léger;0
202300005684;155 670 480;A01;7;0;9;2;16;1;203 837 774;1;1;4;2;1988.0;1;1;0;-1;23;10;2023;17:50;1;92;92019;2;2;2;3;48.76387149;2.27182674;3;3;2;1;2;1;5;2;0;1;30;Blessé léger;0
202300005685;155 670 477;B01;1;1;0;1;22;5;203 837 771;1;1;4;2;1986.0;0;8;0;-1;23;10;2023;20:00;5;92;92012;2;1;2;3;48.8510642;2.2344321;4;2;2;0;1;1; -1;2;0;8;50;Blessé léger;0
202300005685;155 670 478;A01;10;0;2;3;24;1;203 837 772;1;1;1;1;1977.0;0;1;0;-1;23;10;2023;20:00;5;92;92012;2;1;2;3;48.8510642;2.2344321;4;2;2;0;1;1; -1;2;0;8;50;Indemne;0
202300005695;155 670 463;A01;1;0;0;4;1;5;203 837 754;1;1;4;1;2009.0;5;0;-1;-1;24;10;2023;21:40;3;77;77236;1;1;1;2;48.412945;3.261899;3;2;2;0;1;1;5;1;0;1;80;Blessé léger;1
202300005712;155 670 434;A01;7;0;9;2;1;1;203 837 722;1;1;1;1;1964.0;5;1;-1;-1;22;10;2023;09:45;1;43;43199;1;1;7;2;45.078006;4.21434;3;2;2;0;3;1;5,5;1;0;1;80;Indemne;6
202300005712;155 670 435;B01;1;0;0;4;1;5;203 837 723;1;1;3;1;1961.0;5;2;-1;-1;22;10;2023;09:45;1;43;43199;1;1;7;2;45.078006;4.21434;3;2;2;0;3;1;5,5;1;0;1;80;Blessé hospitalisé;6
202300005732;155 670 398;B01;1;13;2;7;19;5;203 837 678;1;1;4;2;2001.0;9;0;-1;-1;23;10;2023;18:30;2;44;44026;1;3;2;3;47.28444;-1.507884;1;1;2;1;2;1;10,5;2;3;5;50;Blessé léger;0
202300005732;155 670 398;B01;1;13;2;7;19;5;203 837 678;1;1;4;2;2001.0;9;0;-1;-1;23;10;2023;18:30;2;44;44026;1;3;2;3;47.28444;-1.507884;1;2; -1;0;1;1; -1;2;5;1;50;Blessé léger;0
202300005732;155 670 399;A01;7;0;9;1;1;1;203 837 679;1;1;1;2;2001.0;9;1;-1;-1;23;10;2023;18:30;2;44;44026;1;3;2;3;47.28444;-1.507884;1;1;2;1;2;1;10,5;2;3;5;50;Indemne;0
202300005732;155 670 399;A01;7;0;9;1;1;1;203 837 679;1;1;1;2;2001.0;9;1;-1;-1;23;10;2023;18:30;2;44;44026;1;3;2;3;47.28444;-1.507884;1;2; -1;0;1;1; -1;2;5;1;50;Indemne;0
202300005750;155 670 359;A01;15;0;0;6;24;0;203 837 624;6;2;1;1;1977.0;4;0;-1;-1;9;7;2023;19:50;1;13;13081;2;1;1;2;43.483621;5.22386;3;3;2;0;1;1; -1;1;0;3;50;Indemne;6
202300005750;155 670 360;B01;80;1;0;1;0;3;203 837 625;1;1;3;1;1976.0;5;0;-1;-1;9;7;2023;19:50;1;13;13081;2;1;1;2;43.483621;5.22386;3;3;2;0;1;1; -1;1;0;3;50;Blessé hospitalisé;6
202300005751;155 670 357;A01;1;0;2;7;1;5;203 837 622;1;1;4;1;1968.0;5;2;-1;-1;31;7;2023;10:00;1;13;13100;2;6;1;3;43.790418;4.847159;3;1;2;0;1;2;7;1;0;1;50;Blessé léger;0
202300005751;155 670 358;B01;7;0;9;1;2;1;203 837 623;1;1;1;1;1941.0;5;1;-1;-1;31;7;2023;10:00;1;13;13100;2;6;1;3;43.790418;4.847159;3;1;2;0;1;2;7;1;0;1;50;Indemne;0
202300005772;155 670 315;B01;1;0;2;1;15;5;203 837 554;1;1;4;2;2006.0;0;2;8;-1;22;10;2023;09:30;1;64;64335;1;6;1;3;43.32302;-0.42073;4;-1;2;0;1;2; -1;1;0;1;50;Blessé léger;6
202300005772;155 670 315;B01;1;0;2;1;15;5;203 837 554;1;1;4;2;2006.0;0;2;8;-1;22;10;2023;09:30;1;64;64335;1;6;1;3;43.32302;-0.42073;4;-1;2;0;1;2; -1;1;0;1;50;Blessé léger;6
202300005772;155 670 316;A01;7;0;2;3;9;1;203 837 555;1;1;1;1;1952.0;3;1;8;-1;22;10;2023;09:30;1;64;64335;1;6;1;3;43.32302;-0.42073;4;-1;2;0;1;2; -1;1;0;1;50;Indemne;6
202300005772;155 670 316;A01;7;0;2;3;9;1;203 837 555;1;1;1;1;1952.0;3;1;8;-1;22;10;2023;09:30;1;64;64335;1;6;1;3;43.32302;-0.42073;4;-1;2;0;1;2; -1;1;0;1;50;Indemne;6
202300005776;155 670 310;A01;1;0;1;1;1;5;203 837 546;1;1;1;1;1997.0;5;2;0;-1;22;10;2023;11:10;1;51;51454;2;1;1;6;49.23051;4.05699;4;2;0;3;1;1; -1;1;6;6;-1;Indemne;6
202300005776;155 670 310;A01;1;0;1;1;1;5;203 837 547;10;3;4;2;1965.0;5;0;-1;-1;22;10;2023;11:10;1;51;51454;2;1;1;6;49.23051;4.05699;4;2;0;3;1;1; -1;1;6;6;-1;Blessé léger;6
202300005778;155 670 307;B01;1;0;2;2;1;5;203 837 541;1;1;4;1;1990.0;5;8;0;-1;22;10;2023;11:35;1;49;49328;2;6;1;3;47.2629;-0.09041;4;1;1;0;1;2; -1;1;0;1;50;Blessé léger;6
202300005778;155 670 307;B01;1;0;2;2;1;5;203 837 541;1;1;4;1;1990.0;5;8;0;-1;22;10;2023;11:35;1;49;49328;2;6;1;3;47.2629;-0.09041;4;2;4;0;1;1; -1;1;0;1;50;Blessé léger;6
202300005778;155 670 308;A01;7;0;2;3;9;1;203 837 542;1;1;1;1;1976.0;1;1;0;-1;22;10;2023;11:35;1;49;49328;2;6;1;3;47.2629;-0.09041;4;1;1;0;1;2; -1;1;0;1;50;Indemne;6
202300005778;155 670 308;A01;7;0;2;3;9;1;203 837 542;1;1;1;1;1976.0;1;1;0;-1;22;10;2023;11:35;1;49;49328;2;6;1;3;47.2629;-0.09041;4;2;4;0;1;1; -1;1;0;1;50;Indemne;6
202300005782;155 670 300;A01;1;0;2;1;16;5;203 837 532;1;1;4;1;2001.0;5;8;-1;-1;21;10;2023;18:10;2;35;35238;2;3;8;3;48.09892439;-1.67130187;4;1;1;0;1;1; -1;2;6;1;20;Blessé léger;5