Num_Acc;id_vehicule;num_veh;catv;obs;obsm;choc;manv;motor;id_usager;place;catu;grav;sexe;an_nais;trajet;secu1;secu2;secu3;jour;mois;an;hrmn;lum;dep;com;agg;int;atm;col;lat;long;catr;circ;nbv;vosp;prof;plan;larrout;surf;infra;situ;vma;gravity;day_of_week
202300005782;155 670 300;A01;1;0;2;1;16;5;203 837 532;1;1;4;1;2001.0;5;8;-1;-1;21;10;2023;18:10;2;35;35238;2;3;8;3;48.09892439;-1.67130187;4;2;2;0;1;1; -1;2;6;1;20;Blessé léger;5
202300005782;155 670 301;B01;7;0;2;3;1;1;203 837 533;1;1;1;2;1965.0;5;1;-1;-1;21;10;2023;18:10;2;35;35238;2;3;8;3;48.09892439;-1.67130187;4;1;1;0;1;1; -1;2;6;1;20;Indemne;5
202300005782;155 670 301;B01;7;0;2;3;1;1;203 837 533;1;1;1;2;1965.0;5;1;-1;-1;21;10;2023;18:10;2;35;35238;2;3;8;3;48.09892439;-1.67130187;4;2;2;0;1;1; -1;2;6;1;20;Indemne;5
202300005823;155 670 231;A01;1;0;2;1;1;5;203 837 440;1;1;4;2;1977.0;0;2;-1;-1;8;2;2023;09:00;1;63;63113;2;1;1;1;45.7794;3.0791;4;1;1;0;1;1; -1;1;0;1;30;Blessé léger;2
202300005823;155 670 232;B01;50;0;2;1;5;3;203 837 441;1;1;4;1;1976.0;0;8;-1;-1;8;2;2023;09:00;1;63;63113;2;1;1;1;45.7794;3.0791;4;1;1;0;1;1; -1;1;0;1;30;Blessé léger;2
202300005838;155 670 208;A01;37;0;2;1;1;1;203 837 408;1;1;1;2;1989.0;4;1;-1;-1;9;2;2023;09:15;1;35;35051;2;1;1;3;48.13616763;-1.62371546;4;2;0;3;1;1; -1;1;-1;1;50;Indemne;3
202300005838;155 670 208;A01;37;0;2;1;1;1;203 837 409;9;2;4;1;1975.0;0;1;-1;-1;9;2;2023;09:15;1;35;35051;2;1;1;3;48.13616763;-1.62371546;4;2;0;3;1;1; -1;1;-1;1;50;Blessé léger;3
202300005838;155 670 209;B01;1;0;2;7;19;5;203 837 410;1;1;1;2;1995.0;0;8;-1;-1;9;2;2023;09:15;1;35;35051;2;1;1;3;48.13616763;-1.62371546;4;2;0;3;1;1; -1;1;-1;1;50;Indemne;3
202300005839;155 670 207;B01;80;0;2;7;15;3;203 837 407;1;1;4;1;1975.0;3;0;-1;-1;4;2;2023;18:30;5;35;35115;2;3;1;3;48.35738;-1.19556;4;2;2;0;1;1; -1;1;0;1;30;Blessé léger;5
202300005839;155 670 207;B01;80;0;2;7;15;3;203 837 407;1;1;4;1;1975.0;3;0;-1;-1;4;2;2023;18:30;5;35;35115;2;3;1;3;48.35738;-1.19556;4;2;2;0;2;1; -1;1;0;1;30;Blessé léger;5
202300005847;155 670 191;B01;60;0;9;1;1;5;203 837 384;1;1;3;1;2000.0;0;8;0;-1;9;2;2023;22:35;5;31;31555;2;3;1;6;43.600463;1.451719;4;-1;2;0;1;1; -1;1;0;1;50;Blessé hospitalisé;3
202300005847;155 670 191;B01;60;0;9;1;1;5;203 837 384;1;1;3;1;2000.0;0;8;0;-1;9;2;2023;22:35;5;31;31555;2;3;1;6;43.600463;1.451719;4;2;3;0;1;1; -1;1;0;1;50;Blessé hospitalisé;3
202300005847;155 670 193;A01;1;0;9;8;19;5;203 837 385;1;1;1;1;1993.0;5;8;0;-1;9;2;2023;22:35;5;31;31555;2;3;1;6;43.600463;1.451719;4;-1;2;0;1;1; -1;1;0;1;50;Indemne;3
202300005847;155 670 193;A01;1;0;9;8;19;5;203 837 385;1;1;1;1;1993.0;5;8;0;-1;9;2;2023;22:35;5;31;31555;2;3;1;6;43.600463;1.451719;4;2;3;0;1;1; -1;1;0;1;50;Indemne;3
202300005848;155 670 190;A01;7;0;2;3;1;1;203 837 383;1;1;1;2;1995.0;3;1;-1;-1;4;5;2023;15:45;1;76;76075;2;1;1;2;49.769212;1.052842;3;2;2;0;1;1;5;1;0;1;50;Indemne;3
202300005848;155 670 192;B01;1;0;2;4;9;5;203 837 386;1;1;3;1;2010.0;5;0;-1;-1;4;5;2023;15:45;1;76;76075;2;1;1;2;49.769212;1.052842;3;2;2;0;1;1;5;1;0;1;50;Blessé hospitalisé;3
202300005859;155 670 175;A01;1;6;0;8;16;5;203 837 361;1;1;3;1;1965.0;5;2;-1;-1;3;5;2023;17:30;1;34;34216;1;9;1;7;43.627743;3.090109;3;4;2;0;2;3;5;1;2;8;80;Blessé hospitalisé;2
202300005880;155 670 139;A01;1;0;2;5;19;5;203 837 311;1;1;4;1;2004.0;3;8;0;-1;10;2;2023;11:25;1;75;75118;2;2;1;3;48.88656227;2.34956011;4;2;4;0;1;1; -1;1;0;1;30;Blessé léger;4
202300005880;155 670 139;A01;1;0;2;5;19;5;203 837 311;1;1;4;1;2004.0;3;8;0;-1;10;2;2023;11:25;1;75;75118;2;2;1;3;48.88656227;2.34956011;4;2;2;0;2;1; -1;1;0;1;30;Blessé léger;4
202300005882;155 670 135;B01;1;0;2;8;19;5;203 837 307;1;1;4;1;1961.0;9;8;0;-1;9;2;2023;21:20;5;75;75117;2;2;1;3;48.892275;2.301108;4;1;1;0;1;1; -1;1;0;1;30;Blessé léger;3
202300005882;155 670 135;B01;1;0;2;8;19;5;203 837 307;1;1;4;1;1961.0;9;8;0;-1;9;2;2023;21:20;5;75;75117;2;2;1;3;48.892275;2.301108;4;1;2;0;2;1; -1;1;0;1;30;Blessé léger;3
202300005882;155 670 136;A01;7;0;2;1;1;6;203 837 308;1;1;1;1;1971.0;9;1;0;-1;9;2;2023;21:20;5;75;75117;2;2;1;3;48.892275;2.301108;4;1;1;0;1;1; -1;1;0;1;30;Indemne;3
202300005882;155 670 136;A01;7;0;2;1;1;6;203 837 308;1;1;1;1;1971.0;9;1;0;-1;9;2;2023;21:20;5;75;75117;2;2;1;3;48.892275;2.301108;4;1;2;0;2;1; -1;1;0;1;30;Indemne;3
202300005884;155 670 132;B01;1;1;0;1;1;5;203 837 304;1;1;4;1;1986.0;5;8;0;-1;9;2;2023;18:00;5;75;75117;2;3;1;3;48.879738;2.289377;4;2;4;0;1;1; -1;1;0;1;30;Blessé léger;3
202300005884;155 670 132;B01;1;1;0;1;1;5;203 837 304;1;1;4;1;1986.0;5;8;0;-1;9;2;2023;18:00;5;75;75117;2;3;1;3;48.879738;2.289377;4;1;1;0;1;1; -1;1;0;1;30;Blessé léger;3
202300005884;155 670 133;A01;7;0;2;3;22;1;203 837 305;1;1;1;1;1986.0;5;8;0;-1;9;2;2023;18:00;5;75;75117;2;3;1;3;48.879738;2.289377;4;2;4;0;1;1; -1;1;0;1;30;Indemne;3
202300005884;155 670 133;A01;7;0;2;3;22;1;203 837 305;1;1;1;1;1986.0;5;8;0;-1;9;2;2023;18:00;5;75;75117;2;3;1;3;48.879738;2.289377;4;1;1;0;1;1; -1;1;0;1;30;Indemne;3
202300005886;155 670 130;A01;1;0;0;0;1;5;203 837 301;1;1;4;1;2005.0;2;8;0;-1;10;2;2023;08:50;1;75;75116;2;3;1;7;48.857943;2.281186;4;1;2;0;1;1; -1;1;0;1;30;Blessé léger;4
202300005886;155 670 130;A01;1;0;0;0;1;5;203 837 301;1;1;4;1;2005.0;2;8;0;-1;10;2;2023;08:50;1;75;75116;2;3;1;7;48.857943;2.281186;4;1;2;0;1;1; -1;1;0;1;30;Blessé léger;4
202300005891;155 670 117;A01;7;0;2;2;10;2;203 837 288;1;1;1;1;1951.0;5;1;0;-1;10;2;2023;08:04;1;75;75114;2;5;1;3;48.82649133;2.34159261;4;-1;2;0;1;1; -1;1;0;1;30;Indemne;4
202300005891;155 670 117;A01;7;0;2;2;10;2;203 837 288;1;1;1;1;1951.0;5;1;0;-1;10;2;2023;08:04;1;75;75114;2;5;1;3;48.82649133;2.34159261;4;1;2;0;1;1; -1;1;0;1;30;Indemne;4
202300005891;155 670 118;B01;1;0;2;8;1;5;203 837 289;1;1;4;1;1985.0;9;2;0;-1;10;2;2023;08:04;1;75;75114;2;5;1;3;48.82649133;2.34159261;4;-1;2;0;1;1; -1;1;0;1;30;Blessé léger;4
202300005891;155 670 118;B01;1;0;2;8;1;5;203 837 289;1;1;4;1;1985.0;9;2;0;-1;10;2;2023;08:04;1;75;75114;2;5;1;3;48.82649133;2.34159261;4;1;2;0;1;1; -1;1;0;1;30;Blessé léger;4
202300005893;155 670 113;B01;80;0;2;6;1;3;203 837 284;1;1;4;1;2001.0;9;2;0;-1;10;2;2023;21:45;5;75;75112;2;2;1;3;48.84111422;2.38895103;4;2;2;0;2;1; -1;1;0;1;30;Blessé léger;4
202300005893;155 670 113;B01;80;0;2;6;1;3;203 837 284;1;1;4;1;2001.0;9;2;0;-1;10;2;2023;21:45;5;75;75112;2;2;1;3;48.84111422;2.38895103;4;2;2;0;1;1; -1;1;0;1;30;Blessé léger;4
202300005893;155 670 114;A01;7;0;2;5;16;1;203 837 285;1;1;1;1;1969.0;5;1;8;-1;10;2;2023;21:45;5;75;75112;2;2;1;3;48.84111422;2.38895103;4;2;2;0;2;1; -1;1;0;1;30;Indemne;4
202300005893;155 670 114;A01;7;0;2;5;16;1;203 837 285;1;1;1;1;1969.0;5;1;8;-1;10;2;2023;21:45;5;75;75112;2;2;1;3;48.84111422;2.38895103;4;2;2;0;1;1; -1;1;0;1;30;Indemne;4
202300005903;155 670 095;A01;15;0;2;3;9;1;203 837 261;1;1;1;1;1995.0;4;1;8;-1;8;2;2023;14:05;1;94;94028;2;6;1;3;48.77413;2.43959;3;1;2;2;1;1; -1;1;0;1;30;Indemne;2
202300005903;155 670 096;B01;1;0;2;0;26;5;203 837 262;1;1;4;1;1962.0;0;0;-1;-1;8;2;2023;14:05;1;94;94028;2;6;1;3;48.77413;2.43959;3;1;2;2;1;1; -1;1;0;1;30;Blessé léger;2
202300005913;155 670 076;A01;1;0;2;1;1;5;203 837 238;1;1;4;1;1978.0;5;2;8;-1;10;2;2023;18:15;5;93;93051;2;1;1;2;48.85107;2.51666;4;1;1;1;1;1; -1;1;0;5;30;Blessé léger;4
202300005913;155 670 077;B01;1;0;2;4;1;5;203 837 239;1;1;1;1;1978.0;5;2;8;-1;10;2;2023;18:15;5;93;93051;2;1;1;2;48.85107;2.51666;4;1;1;1;1;1; -1;1;0;5;30;Indemne;4
202300005915;155 670 074;B01;1;0;2;1;1;5;203 837 236;1;1;4;2;1995.0;1;8;0;-1;10;2;2023;15:10;1;93;93048;2;1;1;3;48.85985106;2.43882403;3;2;2;0;1;1; -1;1;0;1;30;Blessé léger;4
202300005929;155 670 047;A01;7;0;9;3;1;1;203 837 200;1;1;1;2;1932.0;3;1;-1;-1;10;2;2023;12:50;1;31;31044;2;1;1;3;43.613593;1.488439;4;2;2;0;1;1;0;1;0;1;-1;Indemne;4
202300005929;155 670 048;B01;1;0;2;7;15;5;203 837 201;1;1;4;1;1980.0;3;0;-1;-1;10;2;2023;12:50;1;31;31044;2;1;1;3;43.613593;1.488439;4;2;2;0;1;1;0;1;0;1;-1;Blessé léger;4
202300005942;155 670 025;A01;7;0;2;1;16;1;203 837 171;1;1;1;1;1973.0;5;1;-1;-1;10;2;2023;16:35;1;71;71014;2;4;7;3;46.967531;4.314591;3;2;1;0;1;2;3;1;5;1;50;Indemne;4
202300005942;155 670 025;A01;7;0;2;1;16;1;203 837 171;1;1;1;1;1973.0;5;1;-1;-1;10;2;2023;16:35;1;71;71014;2;4;7;3;46.967531;4.314591;3;2;1;0;1;1;3;1;5;8;50;Indemne;4
202300005942;155 670 026;B01;1;0;2;7;1;5;203 837 172;1;1;3;2;1972.0;5;0;-1;-1;10;2;2023;16:35;1;71;71014;2;4;7;3;46.967531;4.314591;3;2;1;0;1;2;3;1;5;1;50;Blessé hospitalisé;4
202300005942;155 670 026;B01;1;0;2;7;1;5;203 837 172;1;1;3;2;1972.0;5;0;-1;-1;10;2;2023;16:35;1;71;71014;2;4;7;3;46.967531;4.314591;3;2;1;0;1;1;3;1;5;8;50;Blessé hospitalisé;4
202300005971;155 669 971;B01;1;0;0;0;1;5;203 837 096;1;1;3;1;1962.0;5;2;-1;-1;11;2;2023;10:30;1;83;83071;1;1;1;3;43.172795;6.215757;3;2;2;0;1;1; -1;1;0;1;70;Blessé hospitalisé;5
202300005971;155 669 973;A01;7;0;0;2;17;1;203 837 098;1;1;1;1;1950.0;5;8;-1;-1;11;2;2023;10:30;1;83;83071;1;1;1;3;43.172795;6.215757;3;2;2;0;1;1; -1;1;0;1;70;Indemne;5
202300005971;155 669 973;A01;7;0;0;2;17;1;203 837 099;2;2;1;2;1952.0;5;8;-1;-1;11;2;2023;10:30;1;83;83071;1;1;1;3;43.172795;6.215757;3;2;2;0;1;1; -1;1;0;1;70;Indemne;5
202300005975;155 669 962;B01;1;0;2;0;1;5;203 837 087;1;1;3;1;1999.0;5;2;6;-1;11;2;2023;10:00;1;13;13079;2;1;7;2;43.523176;5.677231;3;2;2;0;2;1; -1;1;0;1;30;Blessé hospitalisé;5
202300005975;155 669 964;A01;7;0;2;6;17;1;203 837 089;1;1;1;2;1988.0;2;8;-1;-1;11;2;2023;10:00;1;13;13079;2;1;7;2;43.523176;5.677231;3;2;2;0;2;1; -1;1;0;1;30;Indemne;5
202300005985;155 669 948;A01;1;0;2;1;1;5;203 837 066;1;1;4;1;1985.0;5;2;0;-1;28;4;2023;18:15;1;87;87085;2;1;1;2;45.83282;1.25934;4;2;2;0;2;1; -1;1;0;1;30;Blessé léger;4
202300005988;155 669 943;B01;1;0;9;2;1;5;203 837 060;1;1;4;1;2001.0;1;2;0;-1;2;5;2023;17:15;1;85;85194;2;1;1;3;46.5066;-1.77746;4;2;2;1;1;1; -1;1;0;4;50;Blessé léger;1
202300005988;155 669 945;A01;10;1;0;8;22;1;203 837 062;1;1;1;1;1976.0;5;8;0;-1;2;5;2023;17:15;1;85;85194;2;1;1;3;46.5066;-1.77746;4;2;2;1;1;1; -1;1;0;4;50;Indemne;1
202300006021;155 669 875;B01;10;0;9;1;0;1;203 836 965;1;1;1;2;1989.0;0;1;0;-1;1;5;2023;12:00;1;59;59507;2;1;1;3;50.60763;3.10761;7;2;2;0;3;2;5;1;0;5;50;Indemne;0
202300006021;155 669 877;A01;1;0;2;8;0;5;203 836 967;1;1;4;1;1959.0;0;8;4;-1;1;5;2023;12:00;1;59;59507;2;1;1;3;50.60763;3.10761;7;2;2;0;3;2;5;1;0;5;50;Blessé léger;0
202300006025;155 669 867;B01;1;0;2;3;1;5;203 836 957;1;1;3;2;1976.0;1;2;4;-1;9;2;2023;07:21;5;75;75110;2;2;1;3;48.881108;2.365166;4;2;4;0;1;1; -1;1;5;1;30;Blessé hospitalisé;3
202300006025;155 669 867;B01;1;0;2;3;1;5;203 836 957;1;1;3;2;1976.0;1;2;4;-1;9;2;2023;07:21;5;75;75110;2;2;1;3;48.881108;2.365166;4;1;2;1;1;1; -1;1;5;1;30;Blessé hospitalisé;3
202300006025;155 669 869;A01;15;0;2;2;16;1;203 836 959;1;1;1;1;1992.0;4;8;0;-1;9;2;2023;07:21;5;75;75110;2;2;1;3;48.881108;2.365166;4;2;4;0;1;1; -1;1;5;1;30;Indemne;3
202300006025;155 669 869;A01;15;0;2;2;16;1;203 836 959;1;1;1;1;1992.0;4;8;0;-1;9;2;2023;07:21;5;75;75110;2;2;1;3;48.881108;2.365166;4;1;2;1;1;1; -1;1;5;1;30;Indemne;3
202300006026;155 669 864;B01;7;0;2;3;9;1;203 836 954;1;1;1;1;1968.0;1;1;0;-1;9;2;2023;13:36;1;75;75119;2;1;1;3;48.894957;2.384091;4;1;1;0;1;1; -1;1;0;1;30;Indemne;3
202300006026;155 669 865;A01;1;0;2;1;5;5;203 836 955;1;1;4;1;1994.0;4;8;0;-1;9;2;2023;13:36;1;75;75119;2;1;1;3;48.894957;2.384091;4;1;1;0;1;1; -1;1;0;1;30;Blessé léger;3
202300006029;155 669 860;A01;1;0;0;0;1;5;203 836 949;1;1;4;2;1966.0;1;8;-1;-1;9;2;2023;08:20;1;75;75116;2;1;1;7;48.858052;2.265126;4;2;4;0;1;1; -1;7;0;1;50;Blessé léger;3
202300006031;155 669 858;A01;1;0;0;0;1;5;203 836 947;1;1;4;2;1964.0;9;2;8;-1;9;2;2023;08:15;1;75;75116;2;2;1;7;48.85735877;2.26465613;4;2;4;0;1;1; -1;7;0;1;50;Blessé léger;3
202300006031;155 669 858;A01;1;0;0;0;1;5;203 836 947;1;1;4;2;1964.0;9;2;8;-1;9;2;2023;08:15;1;75;75116;2;2;1;7;48.85735877;2.26465613;4;2;3;0;1;1; -1;7;0;1;50;Blessé léger;3
202300006033;155 669 855;B01;7;0;2;2;1;2;203 836 943;1;1;1;1;1978.0;4;1;0;-1;9;2;2023;16:50;1;75;75114;2;3;1;3;48.831572;2.341254;4;3; -1;0;1;1; -1;1;0;1;30;Indemne;3
202300006033;155 669 855;B01;7;0;2;2;1;2;203 836 943;1;1;1;1;1978.0;4;1;0;-1;9;2;2023;16:50;1;75;75114;2;3;1;3;48.831572;2.341254;4;1;1;0;1;1; -1;1;8;1;30;Indemne;3
202300006033;155 669 856;A01;1;0;2;8;19;5;203 836 944;1;1;4;1;2007.0;5;8;0;-1;9;2;2023;16:50;1;75;75114;2;3;1;3;48.831572;2.341254;4;3; -1;0;1;1; -1;1;0;1;30;Blessé léger;3
202300006033;155 669 856;A01;1;0;2;8;19;5;203 836 944;1;1;4;1;2007.0;5;8;0;-1;9;2;2023;16:50;1;75;75114;2;3;1;3;48.831572;2.341254;4;1;1;0;1;1; -1;1;8;1;30;Blessé léger;3
202300006037;155 669 848;B01;7;0;2;8;9;1;203 836 931;1;1;1;2;1992.0;9;8;0;-1;28;4;2023;18:45;2;49;49007;2;9;1;3;47.45835;-0.54501;4;3;4;2;1;1; -1;1;0;1;30;Indemne;4
202300006037;155 669 848;B01;7;0;2;8;9;1;203 836 931;1;1;1;2;1992.0;9;8;0;-1;28;4;2023;18:45;2;49;49007;2;9;1;3;47.45835;-0.54501;4;3;3;2;1;1; -1;1;0;1;30;Indemne;4
202300006037;155 669 850;A01;1;0;2;1;9;5;203 836 934;1;1;4;2;2001.0;0;8;0;-1;28;4;2023;18:45;2;49;49007;2;9;1;3;47.45835;-0.54501;4;3;4;2;1;1; -1;1;0;1;30;Blessé léger;4
202300006037;155 669 850;A01;1;0;2;1;9;5;203 836 934;1;1;4;2;2001.0;0;8;0;-1;28;4;2023;18:45;2;49;49007;2;9;1;3;47.45835;-0.54501;4;3;3;2;1;1; -1;1;0;1;30;Blessé léger;4
202300006038;155 669 847;A01;1;0;1;1;8;5;203 836 929;1;1;1;1;1985.0;1;2;8;-1;9;2;2023;08:55;1;75;75109;2;2;1;6;48.87654114;2.33095497;4;1;2;3;1;1; -1;1;0;6;50;Indemne;3
202300006038;155 669 847;A01;1;0;1;1;8;5;203 836 929;1;1;1;1;1985.0;1;2;8;-1;9;2;2023;08:55;1;75;75109;2;2;1;6;48.87654114;2.33095497;4;1;2;3;2;1; -1;1;0;1;30;Indemne;3
202300006038;155 669 847;A01;1;0;1;1;8;5;203 836 930;10;3;4;1;1970.0;1;0;-1;-1;9;2;2023;08:55;1;75;75109;2;2;1;6;48.87654114;2.33095497;4;1;2;3;1;1; -1;1;0;6;50;Blessé léger;3
202300006038;155 669 847;A01;1;0;1;1;8;5;203 836 930;10;3;4;1;1970.0;1;0;-1;-1;9;2;2023;08:55;1;75;75109;2;2;1;6;48.87654114;2.33095497;4;1;2;3;2;1; -1;1;0;1;30;Blessé léger;3
202300006040;155 669 843;A01;10;0;2;2;16;1;203 836 925;1;1;1;1;1988.0;4;1;0;-1;9;2;2023;08:55;1;75;75109;2;1;1;3;48.87659;2.345236;4;1;1;0;1;1; -1;1;0;1;30;Indemne;3
202300006040;155 669 844;B01;1;0;2;1;1;5;203 836 926;1;1;4;2;1986.0;1;8;0;-1;9;2;2023;08:55;1;75;75109;2;1;1;3;48.87659;2.345236;4;1;1;0;1;1; -1;1;0;1;30;Blessé léger;3
202300006041;155 669 841;B01;1;0;2;1;1;5;203 836 923;1;1;4;2;1973.0;3;0;0;-1;2;5;2023;16:30;1;45;45284;2;6;1;3;47.90512;1.94499;4;2;2;2;1;2; -1;1;0;1;50;Blessé léger;1
202300006041;155 669 842;A01;7;0;2;3;9;1;203 836 924;1;1;1;2;1943.0;3;1;0;-1;2;5;2023;16:30;1;45;45284;2;6;1;3;47.90512;1.94499;4;2;2;2;1;2; -1;1;0;1;50;Indemne;1
202300006051;155 669 823;B01;1;0;2;1;5;5;203 836 901;1;1;4;1;2007.0;5;8;0;-1;9;2;2023;11:20;1;93;93001;2;1;1;1;48.91468;2.3682;4;2;2;0;1;1; -1;1;0;1;30;Blessé léger;3
202300006051;155 669 824;A01;10;0;2;1;2;1;203 836 903;1;1;1;1;2002.0;4;1;8;-1;9;2;2023;11:20;1;93;93001;2;1;1;1;48.91468;2.3682;4;2;2;0;1;1; -1;1;0;1;30;Indemne;3
202300006060;155 669 808;A01;7;0;2;3;9;1;203 836 883;1;1;1;2;1939.0;5;1;-1;-1;2;5;2023;18:10;1;35;35238;2;6;1;3;48.09684;-1.63522;4;2;2;2;1;1; -1;1;0;1;50;Indemne;1
202300006060;155 669 808;A01;7;0;2;3;9;1;203 836 883;1;1;1;2;1939.0;5;1;-1;-1;2;5;2023;18:10;1;35;35238;2;6;1;3;48.09684;-1.63522;4;2;2;0;1;3; -1;1;0;1;50;Indemne;1
202300006060;155 669 811;B01;1;0;2;1;1;5;203 836 886;1;1;4;1;1994.0;0;8;-1;-1;2;5;2023;18:10;1;35;35238;2;6;1;3;48.09684;-1.63522;4;2;2;2;1;1; -1;1;0;1;50;Blessé léger;1
202300006060;155 669 811;B01;1;0;2;1;1;5;203 836 886;1;1;4;1;1994.0;0;8;-1;-1;2;5;2023;18:10;1;35;35238;2;6;1;3;48.09684;-1.63522;4;2;2;0;1;3; -1;1;0;1;50;Blessé léger;1
202300006065;155 669 799;A01;32;0;2;8;18;1;203 836 873;1;1;1;1;1997.0;1;2;6;-1;9;2;2023;12:15;1;92;92012;2;1;1;3;48.83105877;2.23262116;4;2;2;0;1;1; -1;1;0;1;50;Indemne;3
202300006065;155 669 800;B01;1;0;2;2;17;5;203 836 874;1;1;4;2;1980.0;1;8;0;-1;9;2;2023;12:15;1;92;92012;2;1;1;3;48.83105877;2.23262116;4;2;2;0;1;1; -1;1;0;1;50;Blessé léger;3
202300006076;155 669 773;B01;1;0;2;3;11;5;203 836 840;1;1;4;1;1971.0;1;2;9;-1;10;2;2023;12:15;1;26;26160;2;1;1;3;45.199114;4.814699;2;2;2;0;2;1; -1;1;0;1;-1;Blessé léger;4
202300006076;155 669 775;A01;7;0;2;2;1;1;203 836 843;1;1;1;1;1960.0;4;1;-1;-1;10;2;2023;12:15;1;26;26160;2;1;1;3;45.199114;4.814699;2;2;2;0;2;1; -1;1;0;1;-1;Indemne;4
202300006078;155 669 772;A01;1;8;0;1;1;5;203 836 839;1;1;4;1;2004.0;5;2;8;-1;4;4;2023;17:55;1;19;19031;2;1;1;7;45.15052;1.49789;3;2;2;0;1;1; -1;1;0;1;50;Blessé léger;1
202300006080;155 669 768;B01;1;0;2;1;1;5;203 836 833;1;1;3;1;2000.0;5;2;0;-1;20;4;2023;19:30;1;19;19031;2;1;1;3;45.16161;1.53273;4;1;1;2;1;1; -1;1;6;1;20;Blessé hospitalisé;3
202300006080;155 669 770;A01;50;0;2;8;19;3;203 836 835;1;1;1;1;1961.0;1;8;0;-1;20;4;2023;19:30;1;19;19031;2;1;1;3;45.16161;1.53273;4;1;1;2;1;1; -1;1;6;1;20;Indemne;3
202300006097;155 669 733;B01;1;0;2;1;1;5;203 836 788;1;1;4;1;1995.0;9;2;6;-1;2;5;2023;22:10;5;75;75118;2;2;1;3;48.890426;2.326589;4;2;3;1;2;1; -1;1;0;1;30;Blessé léger;1
202300006097;155 669 733;B01;1;0;2;1;1;5;203 836 788;1;1;4;1;1995.0;9;2;6;-1;2;5;2023;22:10;5;75;75118;2;2;1;3;48.890426;2.326589;4;1;1;0;1;1; -1;1;0;1;30;Blessé léger;1
202300006097;155 669 734;A01;7;0;2;2;16;2;203 836 789;1;1;1;2;1969.0;9;1;8;-1;2;5;2023;22:10;5;75;75118;2;2;1;3;48.890426;2.326589;4;2;3;1;2;1; -1;1;0;1;30;Indemne;1
202300006097;155 669 734;A01;7;0;2;2;16;2;203 836 789;1;1;1;2;1969.0;9;1;8;-1;2;5;2023;22:10;5;75;75118;2;2;1;3;48.890426;2.326589;4;1;1;0;1;1; -1;1;0;1;30;Indemne;1
202300006099;155 669 730;B01;1;0;2;7;19;5;203 836 784;1;1;4;2;1985.0;9;8;0;-1;2;5;2023;18:30;1;75;75111;2;3;1;3;48.866718;2.365162;4;2; -1;0;1;1; -1;1;0;1;30;Blessé léger;1
202300006099;155 669 730;B01;1;0;2;7;19;5;203 836 784;1;1;4;2;1985.0;9;8;0;-1;2;5;2023;18:30;1;75;75111;2;3;1;3;48.866718;2.365162;4;2;5;1;1;1; -1;1;0;1;30;Blessé léger;1
202300006099;155 669 731;A01;7;0;2;1;1;1;203 836 785;1;1;1;1;1956.0;4;8;0;-1;2;5;2023;18:30;1;75;75111;2;3;1;3;48.866718;2.365162;4;2; -1;0;1;1; -1;1;0;1;30;Indemne;1
202300006099;155 669 731;A01;7;0;2;1;1;1;203 836 785;1;1;1;1;1956.0;4;8;0;-1;2;5;2023;18:30;1;75;75111;2;3;1;3;48.866718;2.365162;4;2;5;1;1;1; -1;1;0;1;30;Indemne;1
202300006114;155 669 703;B01;80;0;2;1;2;3;203 836 752;1;1;4;1;1964.0;1;2;-1;-1;2;5;2023;18:45;1;93;93066;2;1;1;3;48.91484855;2.34915644;3;2;2;2;1;1;5;1;0;5;50;Blessé léger;1
202300006114;155 669 704;A01;10;0;2;2;16;1;203 836 753;1;1;1;1;2002.0;1;1;8;-1;2;5;2023;18:45;1;93;93066;2;1;1;3;48.91484855;2.34915644;3;2;2;2;1;1;5;1;0;5;50;Indemne;1
202300006116;155 669 699;A01;32;0;2;1;16;0;203 836 748;1;1;1;1;1981.0;0;2;0;-1;2;5;2023;18:47;1;93;93031;2;3;1;3;48.94964142;2.34137937;3;2;2;0;1;1; -1;1;0;1;50;Indemne;1
202300006116;155 669 699;A01;32;0;2;1;16;0;203 836 748;1;1;1;1;1981.0;0;2;0;-1;2;5;2023;18:47;1;93;93031;2;3;1;3;48.94964142;2.34137937;3;2;2;1;1;1; -1;1;0;1;50;Indemne;1
202300006116;155 669 700;B01;1;0;2;8;2;5;203 836 749;1;1;4;1;1978.0;0;8;0;-1;2;5;2023;18:47;1;93;93031;2;3;1;3;48.94964142;2.34137937;3;2;2;0;1;1; -1;1;0;1;50;Blessé léger;1
202300006116;155 669 700;B01;1;0;2;8;2;5;203 836 749;1;1;4;1;1978.0;0;8;0;-1;2;5;2023;18:47;1;93;93031;2;3;1;3;48.94964142;2.34137937;3;2;2;1;1;1; -1;1;0;1;50;Blessé léger;1
202300006124;155 669 685;B01;1;0;2;1;19;5;203 836 731;1;1;4;1;1994.0;0;2;0;-1;28;4;2023;14:45;1;92;92036;2;6;1;3;48.93350633;2.30243236;3;2;0;0;1;1;0;1;0;1;50;Blessé léger;4
202300006124;155 669 685;B01;1;0;2;1;19;5;203 836 731;1;1;4;1;1994.0;0;2;0;-1;28;4;2023;14:45;1;92;92036;2;6;1;3;48.93350633;2.30243236;3;1;2;0;1;1; -1;1;0;1;50;Blessé léger;4