Num_Acc;id_vehicule;num_veh;catv;obs;obsm;choc;manv;motor;id_usager;place;catu;grav;sexe;an_nais;trajet;secu1;secu2;secu3;jour;mois;an;hrmn;lum;dep;com;agg;int;atm;col;lat;long;catr;circ;nbv;vosp;prof;plan;larrout;surf;infra;situ;vma;gravity;day_of_week
202300006124;155 669 686;A01;7;0;2;3;9;1;203 836 732;1;1;1;1;1952.0;0;1;8;-1;28;4;2023;14:45;1;92;92036;2;6;1;3;48.93350633;2.30243236;3;2;0;0;1;1;0;1;0;1;50;Indemne;4
202300006124;155 669 686;A01;7;0;2;3;9;1;203 836 732;1;1;1;1;1952.0;0;1;8;-1;28;4;2023;14:45;1;92;92036;2;6;1;3;48.93350633;2.30243236;3;1;2;0;1;1; -1;1;0;1;50;Indemne;4
202300006136;155 669 663;A01;1;1;0;1;2;5;203 836 696;1;1;3;1;1983.0;5;2;-1;-1;2;5;2023;16:20;1;974;97410;1;1;1;2;-21.052523;55.720274;2;2;2;2;1;1;7;1;0;2;70;Blessé hospitalisé;1
202300006136;155 669 664;B01;7;0;9;4;24;1;203 836 697;1;1;1;2;1985.0;5;0;-1;-1;2;5;2023;16:20;1;974;97410;1;1;1;2;-21.052523;55.720274;2;2;2;2;1;1;7;1;0;2;70;Indemne;1
202300006136;155 669 664;B01;7;0;9;4;24;1;203 836 699;2;2;1;1;1982.0;5;0;-1;-1;2;5;2023;16:20;1;974;97410;1;1;1;2;-21.052523;55.720274;2;2;2;2;1;1;7;1;0;2;70;Indemne;1
202300006136;155 669 664;B01;7;0;9;4;24;1;203 836 702;9;2;1;2;2015.0;5;0;-1;-1;2;5;2023;16:20;1;974;97410;1;1;1;2;-21.052523;55.720274;2;2;2;2;1;1;7;1;0;2;70;Indemne;1
202300006136;155 669 664;B01;7;0;9;4;24;1;203 836 704;7;2;1;2;2017.0;5;0;-1;-1;2;5;2023;16:20;1;974;97410;1;1;1;2;-21.052523;55.720274;2;2;2;2;1;1;7;1;0;2;70;Indemne;1
202300006139;155 669 659;A01;33;0;2;1;1;1;203 836 689;1;1;3;1;1986.0;5;2;6;-1;3;5;2023;19:00;1;59;59487;1;2;1;3;50.635435;2.890939;7;2;2;0;1;1;5;1;5;1;70;Blessé hospitalisé;2
202300006139;155 669 659;A01;33;0;2;1;1;1;203 836 689;1;1;3;1;1986.0;5;2;6;-1;3;5;2023;19:00;1;59;59487;1;2;1;3;50.635435;2.890939;7;2;2;0;1;1;4;1;5;1;70;Blessé hospitalisé;2
202300006139;155 669 659;A01;33;0;2;1;1;1;203 836 690;2;2;4;1;2015.0;5;2;6;-1;3;5;2023;19:00;1;59;59487;1;2;1;3;50.635435;2.890939;7;2;2;0;1;1;5;1;5;1;70;Blessé léger;2
202300006139;155 669 659;A01;33;0;2;1;1;1;203 836 690;2;2;4;1;2015.0;5;2;6;-1;3;5;2023;19:00;1;59;59487;1;2;1;3;50.635435;2.890939;7;2;2;0;1;1;4;1;5;1;70;Blessé léger;2
202300006139;155 669 662;B01;1;0;2;8;15;5;203 836 693;1;1;3;1;1992.0;5;2;-1;-1;3;5;2023;19:00;1;59;59487;1;2;1;3;50.635435;2.890939;7;2;2;0;1;1;5;1;5;1;70;Blessé hospitalisé;2
202300006139;155 669 662;B01;1;0;2;8;15;5;203 836 693;1;1;3;1;1992.0;5;2;-1;-1;3;5;2023;19:00;1;59;59487;1;2;1;3;50.635435;2.890939;7;2;2;0;1;1;4;1;5;1;70;Blessé hospitalisé;2
202300006144;155 669 648;A01;1;17;0;1;1;5;203 836 676;1;1;3;1;2010.0;5;2;-1;-1;3;5;2023;15:30;1;62;62281;2;1;7;6;50.693909;1.671617;4;2;2;0;2;2; -1;1;0;3;80;Blessé hospitalisé;2
202300006148;155 669 639;B01;1;1;2;8;1;5;203 836 664;1;1;3;2;1950.0;0;2;-1;-1;2;5;2023;11:33;1;74;74208;2;3;1;3;45.923308;6.685599;3;2;2;0;2;1;5,5;1;5;1;50;Blessé hospitalisé;1
202300006148;155 669 639;B01;1;1;2;8;1;5;203 836 664;1;1;3;2;1950.0;0;2;-1;-1;2;5;2023;11:33;1;74;74208;2;3;1;3;45.923308;6.685599;3;2;2;0;2;1; -1;1;5;1;50;Blessé hospitalisé;1
202300006148;155 669 641;A01;7;0;9;2;19;3;203 836 668;1;1;1;1;1972.0;0;1;-1;-1;2;5;2023;11:33;1;74;74208;2;3;1;3;45.923308;6.685599;3;2;2;0;2;1;5,5;1;5;1;50;Indemne;1
202300006148;155 669 641;A01;7;0;9;2;19;3;203 836 668;1;1;1;1;1972.0;0;1;-1;-1;2;5;2023;11:33;1;74;74208;2;3;1;3;45.923308;6.685599;3;2;2;0;2;1; -1;1;5;1;50;Indemne;1
202300006165;155 669 613;A01;1;0;5;0;0;5;203 836 628;1;1;3;1;1979.0;5;0;-1;-1;6;7;2023;20:30;1;44;44045;1;1;1;6;47.276678;-1.855633;4;2;2;0;1;1; -1;1;0;1;50;Blessé hospitalisé;3
202300006190;155 669 571;B01;1;0;0;4;1;5;203 836 574;1;1;3;1;2005.0;5;0;-1;-1;2;5;2023;18:35;1;64;64133;1;6;1;2;43.225709;-0.250454;3;1;2;0;1;2;7;1;0;1;30;Blessé hospitalisé;1
202300006190;155 669 572;A01;7;0;0;2;9;1;203 836 575;1;1;1;2;1981.0;5;1;-1;-1;2;5;2023;18:35;1;64;64133;1;6;1;2;43.225709;-0.250454;3;1;2;0;1;2;7;1;0;1;30;Indemne;1
202300006206;155 669 535;A01;33;0;2;1;12;1;203 836 534;1;1;1;1;2004.0;5;2;6;-1;23;3;2023;16:23;1;75;75120;2;1;1;3;48.868091;2.381969;4;2;2;0;1;1; -1;1;-1;6;30;Indemne;3
202300006206;155 669 537;B01;1;0;2;4;1;5;203 836 536;1;1;4;1;2003.0;9;8;0;-1;23;3;2023;16:23;1;75;75120;2;1;1;3;48.868091;2.381969;4;2;2;0;1;1; -1;1;-1;6;30;Blessé léger;3
202300006210;155 669 529;A01;80;0;0;0;0;3;203 836 527;1;1;3;2;1959.0;5;2;-1;-1;3;5;2023;11:00;1;87;87117;1;1;1;7;45.848517;1.754766;3;2;2;0;2;1;7;1;0;1;90;Blessé hospitalisé;2
202300006214;155 669 523;A01;1;0;0;0;1;5;203 836 521;1;1;4;2;2000.0;1;8;0;-1;23;3;2023;08:20;1;75;75117;2;2;8;7;48.882154;2.29168;4;1;1;0;1;1; -1;2;0;1;30;Blessé léger;3
202300006214;155 669 523;A01;1;0;0;0;1;5;203 836 521;1;1;4;2;2000.0;1;8;0;-1;23;3;2023;08:20;1;75;75117;2;2;8;7;48.882154;2.29168;4;-1; -1;0;1;1; -1;2;0;1;30;Blessé léger;3
202300006217;155 669 517;A01;1;0;1;1;1;5;203 836 511;1;1;1;2;1995.0;5;8;0;-1;23;3;2023;08:00;1;75;75117;2;2;1;6;48.879643;2.294708;4;2;3;3;1;1; -1;1;-1;6;30;Indemne;3
202300006217;155 669 517;A01;1;0;1;1;1;5;203 836 511;1;1;1;2;1995.0;5;8;0;-1;23;3;2023;08:00;1;75;75117;2;2;1;6;48.879643;2.294708;4;-1; -1;-1;1;1; -1;1;-1;6;-1;Indemne;3
202300006217;155 669 517;A01;1;0;1;1;1;5;203 836 514;10;3;4;2;2013.0;5;0;-1;-1;23;3;2023;08:00;1;75;75117;2;2;1;6;48.879643;2.294708;4;2;3;3;1;1; -1;1;-1;6;30;Blessé léger;3
202300006217;155 669 517;A01;1;0;1;1;1;5;203 836 514;10;3;4;2;2013.0;5;0;-1;-1;23;3;2023;08:00;1;75;75117;2;2;1;6;48.879643;2.294708;4;-1; -1;-1;1;1; -1;1;-1;6;-1;Blessé léger;3
202300006221;155 669 510;B01;80;0;2;4;23;3;203 836 502;1;1;4;1;2005.0;5;8;0;-1;23;3;2023;15:05;1;75;75116;2;2;1;2;48.86411955;2.27759778;4;2; -1;0;1;1; -1;1;0;1;30;Blessé léger;3
202300006221;155 669 510;B01;80;0;2;4;23;3;203 836 502;1;1;4;1;2005.0;5;8;0;-1;23;3;2023;15:05;1;75;75116;2;2;1;2;48.86411955;2.27759778;4;2;2;0;1;1; -1;1;0;1;30;Blessé léger;3
202300006223;155 669 506;B01;1;0;2;0;2;5;203 836 498;1;1;4;2;1993.0;1;2;-1;-1;25;11;2023;12:35;1;35;35238;2;2;1;3;48.11021911;-1.67777941;4;1;1;2;1;1; -1;1;0;1;30;Blessé léger;5
202300006223;155 669 506;B01;1;0;2;0;2;5;203 836 498;1;1;4;2;1993.0;1;2;-1;-1;25;11;2023;12:35;1;35;35238;2;2;1;3;48.11021911;-1.67777941;4;1;1;2;1;1; -1;1;0;1;30;Blessé léger;5
202300006223;155 669 507;A01;7;0;2;7;16;1;203 836 499;1;1;1;1;1987.0;0;1;-1;-1;25;11;2023;12:35;1;35;35238;2;2;1;3;48.11021911;-1.67777941;4;1;1;2;1;1; -1;1;0;1;30;Indemne;5
202300006223;155 669 507;A01;7;0;2;7;16;1;203 836 499;1;1;1;1;1987.0;0;1;-1;-1;25;11;2023;12:35;1;35;35238;2;2;1;3;48.11021911;-1.67777941;4;1;1;2;1;1; -1;1;0;1;30;Indemne;5
202300006238;155 669 479;A01;80;12;0;2;14;3;203 836 465;1;1;4;1;1961.0;5;2;8;-1;23;3;2023;11:45;1;75;75104;2;3;1;6;48.855083;2.361663;4;2;3;1;1;1; -1;1;0;5;30;Blessé léger;3
202300006238;155 669 479;A01;80;12;0;2;14;3;203 836 465;1;1;4;1;1961.0;5;2;8;-1;23;3;2023;11:45;1;75;75104;2;3;1;6;48.855083;2.361663;4;1;1;3;1;1; -1;1;0;5;30;Blessé léger;3
202300006242;155 669 472;A01;7;0;2;2;9;1;203 836 456;1;1;1;2;1995.0;1;1;0;-1;23;3;2023;10:00;1;75;75109;2;2;1;3;48.878424;2.345115;4;1;2;3;2;1; -1;1;0;1;30;Indemne;3
202300006242;155 669 472;A01;7;0;2;2;9;1;203 836 456;1;1;1;2;1995.0;1;1;0;-1;23;3;2023;10:00;1;75;75109;2;2;1;3;48.878424;2.345115;4;1;2;2;2;1; -1;1;0;1;30;Indemne;3
202300006242;155 669 474;B01;1;0;2;1;1;5;203 836 457;1;1;4;1;1994.0;1;8;0;-1;23;3;2023;10:00;1;75;75109;2;2;1;3;48.878424;2.345115;4;1;2;3;2;1; -1;1;0;1;30;Blessé léger;3
202300006242;155 669 474;B01;1;0;2;1;1;5;203 836 457;1;1;4;1;1994.0;1;8;0;-1;23;3;2023;10:00;1;75;75109;2;2;1;3;48.878424;2.345115;4;1;2;2;2;1; -1;1;0;1;30;Blessé léger;3
202300006251;155 669 457;A01;7;0;2;1;2;2;203 836 442;1;1;4;1;1959.0;5;8;0;-1;25;11;2023;09:30;1;22;22278;2;1;7;2;48.50019;-2.75691;4;3;2;1;3;1; -1;1;0;1;50;Blessé léger;5
202300006251;155 669 459;B01;80;0;2;4;1;3;203 836 443;1;1;4;1;2004.0;1;2;0;-1;25;11;2023;09:30;1;22;22278;2;1;7;2;48.50019;-2.75691;4;3;2;1;3;1; -1;1;0;1;50;Blessé léger;5
202300006263;155 669 436;A01;7;0;2;3;15;1;203 836 410;1;1;1;1;1976.0;0;1;0;-1;19;10;2023;19:40;5;13;13056;2;1;2;3;43.41218;5.04337;7;2;0;0;1;1;0;2;0;1;50;Indemne;3
202300006263;155 669 439;B01;1;0;2;3;1;5;203 836 415;1;1;4;1;1981.0;1;2;0;-1;19;10;2023;19:40;5;13;13056;2;1;2;3;43.41218;5.04337;7;2;0;0;1;1;0;2;0;1;50;Blessé léger;3
202300006272;155 669 421;B01;1;0;2;4;15;5;203 836 389;1;1;1;2;1948.0;0;2;0;-1;23;3;2023;13:15;1;94;94069;2;6;1;2;48.81499;2.4615;3;1;1;0;1;1; -1;1;0;1;30;Indemne;3
202300006272;155 669 421;B01;1;0;2;4;15;5;203 836 389;1;1;1;2;1948.0;0;2;0;-1;23;3;2023;13:15;1;94;94069;2;6;1;2;48.81499;2.4615;3;1;1;0;1;2; -1;1;0;1;30;Indemne;3
202300006272;155 669 426;A01;1;0;2;1;17;5;203 836 394;1;1;3;2;1958.0;0;8;0;-1;23;3;2023;13:15;1;94;94069;2;6;1;2;48.81499;2.4615;3;1;1;0;1;1; -1;1;0;1;30;Blessé hospitalisé;3
202300006272;155 669 426;A01;1;0;2;1;17;5;203 836 394;1;1;3;2;1958.0;0;8;0;-1;23;3;2023;13:15;1;94;94069;2;6;1;2;48.81499;2.4615;3;1;1;0;1;2; -1;1;0;1;30;Blessé hospitalisé;3
202300006286;155 669 394;B01;1;0;2;1;1;5;203 836 349;1;1;4;1;2005.0;5;2;0;-1;6;7;2023;14:11;1;87;87085;2;3;1;3;45.82674;1.23806;4;2;2;0;1;1; -1;1;0;1;50;Blessé léger;3
202300006286;155 669 394;B01;1;0;2;1;1;5;203 836 349;1;1;4;1;2005.0;5;2;0;-1;6;7;2023;14:11;1;87;87085;2;3;1;3;45.82674;1.23806;4;2;2;0;1;1; -1;1;0;1;50;Blessé léger;3
202300006286;155 669 397;A01;7;0;2;5;15;1;203 836 352;1;1;1;2;1982.0;1;1;0;-1;6;7;2023;14:11;1;87;87085;2;3;1;3;45.82674;1.23806;4;2;2;0;1;1; -1;1;0;1;50;Indemne;3
202300006286;155 669 397;A01;7;0;2;5;15;1;203 836 352;1;1;1;2;1982.0;1;1;0;-1;6;7;2023;14:11;1;87;87085;2;3;1;3;45.82674;1.23806;4;2;2;0;1;1; -1;1;0;1;50;Indemne;3
202300006305;155 669 361;A01;1;0;1;1;1;5;203 836 305;1;1;4;1;1984.0;5;8;0;-1;25;11;2023;16:00;1;75;75105;2;2;8;6;48.850621;2.342812;4;2;4;3;2;1; -1;1;0;1;30;Blessé léger;5
202300006305;155 669 361;A01;1;0;1;1;1;5;203 836 305;1;1;4;1;1984.0;5;8;0;-1;25;11;2023;16:00;1;75;75105;2;2;8;6;48.850621;2.342812;4;1; -1;-1;1;1; -1;1;0;1;-1;Blessé léger;5
202300006305;155 669 361;A01;1;0;1;1;1;5;203 836 306;10;3;1;1;1972.0;5;0;-1;-1;25;11;2023;16:00;1;75;75105;2;2;8;6;48.850621;2.342812;4;2;4;3;2;1; -1;1;0;1;30;Indemne;5
202300006305;155 669 361;A01;1;0;1;1;1;5;203 836 306;10;3;1;1;1972.0;5;0;-1;-1;25;11;2023;16:00;1;75;75105;2;2;8;6;48.850621;2.342812;4;1; -1;-1;1;1; -1;1;0;1;-1;Indemne;5
202300006306;155 669 357;A01;1;0;2;1;1;5;203 836 301;1;1;4;2;1995.0;1;2;0;-1;23;3;2023;09:55;1;92;92040;2;1;1;3;48.83165;2.26239;3;2;2;1;1;1; -1;1;0;3;50;Blessé léger;3
202300006306;155 669 359;B01;7;0;2;1;9;2;203 836 304;1;1;1;2;1971.0;9;1;0;-1;23;3;2023;09:55;1;92;92040;2;1;1;3;48.83165;2.26239;3;2;2;1;1;1; -1;1;0;3;50;Indemne;3
202300006310;155 669 350;A01;1;0;1;0;0;5;203 836 291;1;1;1;1;1996.0;0;8;-1;-1;6;6;2023;08:30;1;83;83069;2;1;1;6;43.12183006;6.13105729;4;2;2;0;2;1; -1;1;0;1;30;Indemne;1
202300006310;155 669 350;A01;1;0;1;0;0;5;203 836 293;10;3;4;1;1956.0;0;0;-1;-1;6;6;2023;08:30;1;83;83069;2;1;1;6;43.12183006;6.13105729;4;2;2;0;2;1; -1;1;0;1;30;Blessé léger;1
202300006331;155 669 315;A01;7;0;2;3;13;1;203 836 243;1;1;1;1;1993.0;5;1;8;-1;25;11;2023;18:10;5;75;75113;2;3;1;3;48.820006;2.34709;4;2;6;1;1;1; -1;1;0;1;50;Indemne;5
202300006331;155 669 315;A01;7;0;2;3;13;1;203 836 243;1;1;1;1;1993.0;5;1;8;-1;25;11;2023;18:10;5;75;75113;2;3;1;3;48.820006;2.34709;4;-1; -1;0;1;1; -1;1;0;1;30;Indemne;5
202300006331;155 669 318;B01;80;0;2;7;5;3;203 836 246;1;1;4;1;1967.0;9;2;0;-1;25;11;2023;18:10;5;75;75113;2;3;1;3;48.820006;2.34709;4;2;6;1;1;1; -1;1;0;1;50;Blessé léger;5
202300006331;155 669 318;B01;80;0;2;7;5;3;203 836 246;1;1;4;1;1967.0;9;2;0;-1;25;11;2023;18:10;5;75;75113;2;3;1;3;48.820006;2.34709;4;-1; -1;0;1;1; -1;1;0;1;30;Blessé léger;5
202300006339;155 669 300;A01;7;0;2;3;15;1;203 836 226;1;1;1;2;1966.0;5;1;-1;-1;8;4;2023;10:00;1;74;74210;1;2;1;3;46.297122;6.453186;3;2;2;0;2;1; -1;1;0;1;80;Indemne;5
202300006339;155 669 300;A01;7;0;2;3;15;1;203 836 226;1;1;1;2;1966.0;5;1;-1;-1;8;4;2023;10:00;1;74;74210;1;2;1;3;46.297122;6.453186;3;2; -1;-1;1;1; -1;1;0;1;-1;Indemne;5
202300006339;155 669 303;B01;1;0;2;1;1;5;203 836 228;1;1;3;1;1956.0;5;2;-1;-1;8;4;2023;10:00;1;74;74210;1;2;1;3;46.297122;6.453186;3;2;2;0;2;1; -1;1;0;1;80;Blessé hospitalisé;5
202300006339;155 669 303;B01;1;0;2;1;1;5;203 836 228;1;1;3;1;1956.0;5;2;-1;-1;8;4;2023;10:00;1;74;74210;1;2;1;3;46.297122;6.453186;3;2; -1;-1;1;1; -1;1;0;1;-1;Blessé hospitalisé;5
202300006340;155 669 295;A01;7;0;2;3;1;1;203 836 219;1;1;1;1;1966.0;1;1;0;-1;11;7;2023;07:30;1;67;67204;2;6;7;3;48.6264;7.7697;4;2;2;0;1;1; -1;1;0;1;50;Indemne;1
202300006340;155 669 295;A01;7;0;2;3;1;1;203 836 219;1;1;1;1;1966.0;1;1;0;-1;11;7;2023;07:30;1;67;67204;2;6;7;3;48.6264;7.7697;4;2;2;0;1;1; -1;1;0;1;50;Indemne;1
202300006340;155 669 298;B01;1;0;2;4;19;5;203 836 223;1;1;4;1;2003.0;1;8;8;-1;11;7;2023;07:30;1;67;67204;2;6;7;3;48.6264;7.7697;4;2;2;0;1;1; -1;1;0;1;50;Blessé léger;1
202300006340;155 669 298;B01;1;0;2;4;19;5;203 836 223;1;1;4;1;2003.0;1;8;8;-1;11;7;2023;07:30;1;67;67204;2;6;7;3;48.6264;7.7697;4;2;2;0;1;1; -1;1;0;1;50;Blessé léger;1
202300006343;155 669 291;A01;7;0;9;3;15;1;203 836 216;1;1;1;2;1975.0;0;1;0;-1;6;6;2023;07:30;1;77;77014;2;1;1;3;48.4159;2.72571;4;2;2;0;2;1; -1;1;0;1;50;Indemne;1
202300006343;155 669 297;B01;1;14;2;1;17;5;203 836 221;1;1;4;1;1984.0;0;8;0;-1;6;6;2023;07:30;1;77;77014;2;1;1;3;48.4159;2.72571;4;2;2;0;2;1; -1;1;0;1;50;Blessé léger;1
202300006344;155 669 294;A01;7;0;2;1;16;1;203 836 218;1;1;1;1;1965.0;5;1;0;-1;25;11;2023;11:36;1;75;75113;2;5;1;3;48.825811;2.350362;4;2;3;1;1;1; -1;1;0;1;30;Indemne;5
202300006344;155 669 294;A01;7;0;2;1;16;1;203 836 218;1;1;1;1;1965.0;5;1;0;-1;25;11;2023;11:36;1;75;75113;2;5;1;3;48.825811;2.350362;4;2;3;0;1;1; -1;1;0;1;30;Indemne;5
202300006344;155 669 294;A01;7;0;2;1;16;1;203 836 222;2;2;1;2;1973.0;5;1;0;-1;25;11;2023;11:36;1;75;75113;2;5;1;3;48.825811;2.350362;4;2;3;1;1;1; -1;1;0;1;30;Indemne;5
202300006344;155 669 294;A01;7;0;2;1;16;1;203 836 222;2;2;1;2;1973.0;5;1;0;-1;25;11;2023;11:36;1;75;75113;2;5;1;3;48.825811;2.350362;4;2;3;0;1;1; -1;1;0;1;30;Indemne;5
202300006344;155 669 299;B01;1;0;2;8;13;5;203 836 224;1;1;4;2;1988.0;9;8;0;-1;25;11;2023;11:36;1;75;75113;2;5;1;3;48.825811;2.350362;4;2;3;1;1;1; -1;1;0;1;30;Blessé léger;5
202300006344;155 669 299;B01;1;0;2;8;13;5;203 836 224;1;1;4;2;1988.0;9;8;0;-1;25;11;2023;11:36;1;75;75113;2;5;1;3;48.825811;2.350362;4;2;3;0;1;1; -1;1;0;1;30;Blessé léger;5
202300006350;155 669 283;A01;7;0;2;3;15;2;203 836 206;1;1;1;1;1992.0;4;1;0;-1;25;11;2023;02:00;5;75;75112;2;4;1;1;48.834062;2.454936;4;2;3;1;1;1; -1;1;0;5;50;Indemne;5
202300006350;155 669 283;A01;7;0;2;3;15;2;203 836 206;1;1;1;1;1992.0;4;1;0;-1;25;11;2023;02:00;5;75;75112;2;4;1;1;48.834062;2.454936;4;-1; -1;-1;1;1; -1;1;0;5;50;Indemne;5
202300006350;155 669 285;B01;1;0;2;1;1;5;203 836 209;1;1;4;1;1984.0;9;0;-1;-1;25;11;2023;02:00;5;75;75112;2;4;1;1;48.834062;2.454936;4;2;3;1;1;1; -1;1;0;5;50;Blessé léger;5
202300006350;155 669 285;B01;1;0;2;1;1;5;203 836 209;1;1;4;1;1984.0;9;0;-1;-1;25;11;2023;02:00;5;75;75112;2;4;1;1;48.834062;2.454936;4;-1; -1;-1;1;1; -1;1;0;5;50;Blessé léger;5
202300006362;155 669 254;B01;1;0;0;1;5;5;203 836 174;1;1;4;1;2007.0;5;8;-1;-1;5;6;2023;18:30;1;76;76351;2;3;1;6;49.51712;0.09783;4;2;2;0;1;1; -1;1;0;1;50;Blessé léger;0
202300006362;155 669 254;B01;1;0;0;1;5;5;203 836 174;1;1;4;1;2007.0;5;8;-1;-1;5;6;2023;18:30;1;76;76351;2;3;1;6;49.51712;0.09783;4;2;2;0;1;1; -1;1;0;1;50;Blessé léger;0
202300006371;155 669 240;A01;80;0;1;1;1;3;203 836 155;1;1;4;1;1954.0;5;8;0;-1;25;11;2023;12:40;1;75;75103;2;4;1;6;48.869004;2.35562;4;-1;2;0;1;1; -1;1;0;1;30;Blessé léger;5
202300006371;155 669 240;A01;80;0;1;1;1;3;203 836 155;1;1;4;1;1954.0;5;8;0;-1;25;11;2023;12:40;1;75;75103;2;4;1;6;48.869004;2.35562;4;1;2;0;1;1; -1;1;0;1;30;Blessé léger;5
202300006371;155 669 240;A01;80;0;1;1;1;3;203 836 157;10;3;4;1;1998.0;5;0;-1;-1;25;11;2023;12:40;1;75;75103;2;4;1;6;48.869004;2.35562;4;-1;2;0;1;1; -1;1;0;1;30;Blessé léger;5
202300006371;155 669 240;A01;80;0;1;1;1;3;203 836 157;10;3;4;1;1998.0;5;0;-1;-1;25;11;2023;12:40;1;75;75103;2;4;1;6;48.869004;2.35562;4;1;2;0;1;1; -1;1;0;1;30;Blessé léger;5
202300006381;155 669 219;A01;7;0;2;3;22;0;203 836 125;1;1;1;1;1958.0;0;1;0;-1;25;11;2023;14:45;1;94;94042;2;1;1;3;48.820013;2.471466;4;1;2;1;1;1; -1;1;0;5;30;Indemne;5
202300006381;155 669 223;B01;1;0;2;1;1;5;203 836 130;1;1;4;1;1956.0;5;8;0;-1;25;11;2023;14:45;1;94;94042;2;1;1;3;48.820013;2.471466;4;1;2;1;1;1; -1;1;0;5;30;Blessé léger;5
202300006389;155 669 205;B01;7;0;2;3;1;1;203 836 106;1;1;1;1;1970.0;0;1;0;-1;20;9;2023;18:03;2;38;38544;2;3;1;3;45.50818;4.85966;4;2;2;0;1;1; -1;1;0;1;50;Indemne;2
202300006389;155 669 205;B01;7;0;2;3;1;1;203 836 106;1;1;1;1;1970.0;0;1;0;-1;20;9;2023;18:03;2;38;38544;2;3;1;3;45.50818;4.85966;4;2;2;0;1;1; -1;1;0;1;50;Indemne;2
202300006389;155 669 208;A01;1;0;2;1;19;5;203 836 110;1;1;4;1;2008.0;0;8;0;-1;20;9;2023;18:03;2;38;38544;2;3;1;3;45.50818;4.85966;4;2;2;0;1;1; -1;1;0;1;50;Blessé léger;2
202300006389;155 669 208;A01;1;0;2;1;19;5;203 836 110;1;1;4;1;2008.0;0;8;0;-1;20;9;2023;18:03;2;38;38544;2;3;1;3;45.50818;4.85966;4;2;2;0;1;1; -1;1;0;1;50;Blessé léger;2
202300006390;155 669 203;A01;7;0;0;0;0;0;203 836 104;1;1;1;2;1973.0;0;1;0;-1;11;7;2023;08:00;1;59;59328;2;6;1;3;50.65650308;3.014642;7;1;2;0;1;2;10;1;2;1;50;Indemne;1
202300006390;155 669 203;A01;7;0;0;0;0;0;203 836 104;1;1;1;2;1973.0;0;1;0;-1;11;7;2023;08:00;1;59;59328;2;6;1;3;50.65650308;3.014642;7;2;2;0;1;3;10;1;0;1;50;Indemne;1
202300006390;155 669 207;B01;1;0;0;0;0;5;203 836 109;1;1;4;2;1982.0;0;2;8;-1;11;7;2023;08:00;1;59;59328;2;6;1;3;50.65650308;3.014642;7;1;2;0;1;2;10;1;2;1;50;Blessé léger;1
202300006390;155 669 207;B01;1;0;0;0;0;5;203 836 109;1;1;4;2;1982.0;0;2;8;-1;11;7;2023;08:00;1;59;59328;2;6;1;3;50.65650308;3.014642;7;2;2;0;1;3;10;1;0;1;50;Blessé léger;1
202300006407;155 669 176;A01;80;8;0;1;17;3;203 836 065;1;1;4;1;1984.0;5;8;0;-1;25;11;2023;03:30;5;94;94018;2;1;1;6;48.822919;2.419804;3;1;1;1;2;1; -1;1;-1;5;30;Blessé léger;5
202300006414;155 669 162;B01;1;0;2;8;2;5;203 836 044;1;1;4;1;1967.0;1;8;0;-1;5;6;2023;12:40;1;71;71076;2;1;1;3;46.7937;4.8375;4;2;2;0;1;1; -1;1;0;1;50;Blessé léger;0
202300006415;155 669 161;A01;7;0;2;2;16;1;203 836 045;1;1;1;1;1998.0;4;1;0;-1;30;11;2023;18:20;5;56;56260;2;2;1;3;47.64623;-2.78005;4;2;3;-1;1;1; -1;1;0;1;30;Indemne;3
202300006415;155 669 161;A01;7;0;2;2;16;1;203 836 045;1;1;1;1;1998.0;4;1;0;-1;30;11;2023;18:20;5;56;56260;2;2;1;3;47.64623;-2.78005;4;3;2;3;2;1; -1;1;0;1;50;Indemne;3
202300006415;155 669 164;B01;1;0;2;8;1;5;203 836 047;1;1;4;1;1988.0;0;2;4;-1;30;11;2023;18:20;5;56;56260;2;2;1;3;47.64623;-2.78005;4;2;3;-1;1;1; -1;1;0;1;30;Blessé léger;3
202300006415;155 669 164;B01;1;0;2;8;1;5;203 836 047;1;1;4;1;1988.0;0;2;4;-1;30;11;2023;18:20;5;56;56260;2;2;1;3;47.64623;-2.78005;4;3;2;3;2;1; -1;1;0;1;50;Blessé léger;3
202300006429;155 669 136;A01;1;0;0;0;23;5;203 836 015;1;1;2;1;1954.0;5;2;-1;-1;6;7;2023;11:16;1;83;83019;1;1;1;7;43.15038105;6.30673447;3;2; -1;-1;1;1; -1;1;0;1;-1;Tué;3
202300006430;155 669 131;A01;1;0;0;0;26;5;203 836 009;1;1;2;1;1945.0;5;8;-1;-1;27;12;2023;15:55;1;65;65083;2;1;1;7;43.1651224;0.1101704;3;2;2;-1;1;1; -1;1;0;3;50;Tué;2
202300006433;155 669 126;A01;7;0;2;2;15;1;203 836 002;1;1;1;1;1960.0;0;1;8;-1;5;6;2023;08:15;1;67;67482;2;3;1;3;48.5822;7.7714;4;2;2;0;1;1; -1;1;0;5;30;Indemne;0
202300006433;155 669 126;A01;7;0;2;2;15;1;203 836 002;1;1;1;1;1960.0;0;1;8;-1;5;6;2023;08:15;1;67;67482;2;3;1;3;48.5822;7.7714;4;2;3;1;1;1; -1;1;0;5;50;Indemne;0