Num_Acc;id_vehicule;num_veh;catv;obs;obsm;choc;manv;motor;id_usager;place;catu;grav;sexe;an_nais;trajet;secu1;secu2;secu3;jour;mois;an;hrmn;lum;dep;com;agg;int;atm;col;lat;long;catr;circ;nbv;vosp;prof;plan;larrout;surf;infra;situ;vma;gravity;day_of_week
202300006433;155 669 129;B01;1;0;2;1;1;5;203 836 006;1;1;4;2;1998.0;0;8;0;-1;5;6;2023;08:15;1;67;67482;2;3;1;3;48.5822;7.7714;4;2;2;0;1;1; -1;1;0;5;30;Blessé léger;0
202300006433;155 669 129;B01;1;0;2;1;1;5;203 836 006;1;1;4;2;1998.0;0;8;0;-1;5;6;2023;08:15;1;67;67482;2;3;1;3;48.5822;7.7714;4;2;3;1;1;1; -1;1;0;5;50;Blessé léger;0
202300006435;155 669 124;A01;1;0;0;0;26;5;203 835 999;1;1;2;1;1959.0;5;8;-1;-1;16;9;2023;14:15;-1;65;65239;1;1;-1;7;43.03030481;0.34006161;3;2;1;-1;2;1; -1;1;0;3;80;Tué;5
202300006445;155 669 101;B01;1;0;2;1;16;5;203 835 971;1;1;1;1;1992.0;9;8;0;-1;24;10;2023;09:30;1;75;75107;2;4;8;3;48.856615;2.326864;4;1;2;1;2;2; -1;3;0;1;30;Indemne;1
202300006445;155 669 101;B01;1;0;2;1;16;5;203 835 971;1;1;1;1;1992.0;9;8;0;-1;24;10;2023;09:30;1;75;75107;2;4;8;3;48.856615;2.326864;4;1;2;1;2;2; -1;3;0;1;30;Indemne;1
202300006445;155 669 105;A01;2;0;2;2;1;1;203 835 976;1;1;4;1;1993.0;5;2;0;-1;24;10;2023;09:30;1;75;75107;2;4;8;3;48.856615;2.326864;4;1;2;1;2;2; -1;3;0;1;30;Blessé léger;1
202300006445;155 669 105;A01;2;0;2;2;1;1;203 835 976;1;1;4;1;1993.0;5;2;0;-1;24;10;2023;09:30;1;75;75107;2;4;8;3;48.856615;2.326864;4;1;2;1;2;2; -1;3;0;1;30;Blessé léger;1
202300006459;155 669 080;B01;1;0;2;0;0;5;203 835 945;1;1;4;2;1987.0;1;8;4;-1;25;11;2023;05:55;5;84;84035;1;1;1;2;43.81511;5.04447;4;-1;0;0;1;1; -1;1;0;1;50;Blessé léger;5
202300006460;155 669 079;B01;1;0;2;1;1;5;203 835 943;1;1;4;1;1982.0;5;2;-1;-1;10;7;2023;20:27;2;33;33522;2;3;7;3;44.79711424;-0.59859931;4;3;2;2;1;1; -1;1;0;1;50;Blessé léger;0
202300006460;155 669 079;B01;1;0;2;1;1;5;203 835 943;1;1;4;1;1982.0;5;2;-1;-1;10;7;2023;20:27;2;33;33522;2;3;7;3;44.79711424;-0.59859931;4;2;2;0;1;1; -1;1;0;1;50;Blessé léger;0
202300006460;155 669 081;A01;7;0;2;1;15;1;203 835 946;1;1;1;2;1967.0;0;1;-1;-1;10;7;2023;20:27;2;33;33522;2;3;7;3;44.79711424;-0.59859931;4;3;2;2;1;1; -1;1;0;1;50;Indemne;0
202300006460;155 669 081;A01;7;0;2;1;15;1;203 835 946;1;1;1;2;1967.0;0;1;-1;-1;10;7;2023;20:27;2;33;33522;2;3;7;3;44.79711424;-0.59859931;4;2;2;0;1;1; -1;1;0;1;50;Indemne;0
202300006463;155 669 073;A01;1;0;0;0;0;5;203 835 936;1;1;4;1;2000.0;0;8;0;-1;25;11;2023;03:56;5;92;92040;2;1;1;7;48.82245159;2.26729095;3;1;2;0;1;1; -1;1;0;1;30;Blessé léger;5
202300006464;155 669 069;A01;7;0;9;2;15;1;203 835 932;1;1;1;1;1938.0;0;1;-1;-1;27;12;2023;13:40;1;38;38301;1;2;7;3;44.797229;5.63574;3;2;2;2;1;1;7;1;5;5;80;Indemne;2
202300006464;155 669 069;A01;7;0;9;2;15;1;203 835 932;1;1;1;1;1938.0;0;1;-1;-1;27;12;2023;13:40;1;38;38301;1;2;7;3;44.797229;5.63574;3;2;2;0;1;1;7;1;0;1;80;Indemne;2
202300006464;155 669 071;B01;1;0;2;8;1;5;203 835 934;1;1;3;2;1967.0;0;2;-1;-1;27;12;2023;13:40;1;38;38301;1;2;7;3;44.797229;5.63574;3;2;2;2;1;1;7;1;5;5;80;Blessé hospitalisé;2
202300006464;155 669 071;B01;1;0;2;8;1;5;203 835 934;1;1;3;2;1967.0;0;2;-1;-1;27;12;2023;13:40;1;38;38301;1;2;7;3;44.797229;5.63574;3;2;2;0;1;1;7;1;0;1;80;Blessé hospitalisé;2
202300006467;155 669 064;A01;7;0;2;1;1;1;203 835 925;1;1;1;1;1948.0;0;1;0;-1;25;11;2023;12:25;1;92;92012;2;1;1;1;48.83153;2.25272;3;2;2;0;1;1; -1;1;0;1;50;Indemne;5
202300006467;155 669 068;B01;1;0;2;0;0;5;203 835 929;1;1;4;2;1974.0;0;8;0;-1;25;11;2023;12:25;1;92;92012;2;1;1;1;48.83153;2.25272;3;2;2;0;1;1; -1;1;0;1;50;Blessé léger;5
202300006485;155 669 035;A01;7;0;2;2;16;1;203 835 883;1;1;1;1;1947.0;0;8;0;-1;28;11;2023;17:40;5;74;74298;2;6;1;3;46.17716;6.24429;4;2;2;0;1;1; -1;1;0;1;30;Indemne;1
202300006485;155 669 035;A01;7;0;2;2;16;1;203 835 883;1;1;1;1;1947.0;0;8;0;-1;28;11;2023;17:40;5;74;74298;2;6;1;3;46.17716;6.24429;4;-1;2;0;1;1; -1;2;0;1;50;Indemne;1
202300006485;155 669 038;B01;1;0;2;8;0;5;203 835 886;1;1;4;1;1974.0;0;8;0;-1;28;11;2023;17:40;5;74;74298;2;6;1;3;46.17716;6.24429;4;2;2;0;1;1; -1;1;0;1;30;Blessé léger;1
202300006485;155 669 038;B01;1;0;2;8;0;5;203 835 886;1;1;4;1;1974.0;0;8;0;-1;28;11;2023;17:40;5;74;74298;2;6;1;3;46.17716;6.24429;4;-1;2;0;1;1; -1;2;0;1;50;Blessé léger;1
202300006487;155 669 030;B01;1;0;2;7;15;5;203 835 874;1;1;4;1;2006.0;0;2;0;-1;11;7;2023;13:00;1;28;28110;2;1;1;1;48.4206;1.48874;3;2;2;0;1;1;5,5;1;5;1;50;Blessé léger;1
202300006487;155 669 032;A01;10;0;2;1;9;1;203 835 877;1;1;1;1;1982.0;0;1;0;-1;11;7;2023;13:00;1;28;28110;2;1;1;1;48.4206;1.48874;3;2;2;0;1;1;5,5;1;5;1;50;Indemne;1
202300006492;155 669 023;A01;7;0;2;1;15;1;203 835 867;1;1;1;1;1999.0;5;1;0;-1;5;6;2023;18:00;1;59;59350;2;2;1;1;50.64002638;3.06931615;4;2;4;0;1;1; -1;1;0;1;50;Indemne;0
202300006492;155 669 023;A01;7;0;2;1;15;1;203 835 867;1;1;1;1;1999.0;5;1;0;-1;5;6;2023;18:00;1;59;59350;2;2;1;1;50.64002638;3.06931615;4;2; -1;-1;1;1; -1;1;0;1;50;Indemne;0
202300006492;155 669 027;B01;1;0;2;1;2;5;203 835 870;1;1;4;1;2001.0;5;0;0;-1;5;6;2023;18:00;1;59;59350;2;2;1;1;50.64002638;3.06931615;4;2;4;0;1;1; -1;1;0;1;50;Blessé léger;0
202300006492;155 669 027;B01;1;0;2;1;2;5;203 835 870;1;1;4;1;2001.0;5;0;0;-1;5;6;2023;18:00;1;59;59350;2;2;1;1;50.64002638;3.06931615;4;2; -1;-1;1;1; -1;1;0;1;50;Blessé léger;0
202300006501;155 669 009;B01;1;0;2;7;15;5;203 835 849;1;1;3;1;1948.0;5;2;-1;-1;22;3;2023;16:30;1;17;17095;1;3;8;3;45.29940447;-0.26218995;3;2;2;0;1;1; -1;2;0;1;80;Blessé hospitalisé;2
202300006501;155 669 009;B01;1;0;2;7;15;5;203 835 849;1;1;3;1;1948.0;5;2;-1;-1;22;3;2023;16:30;1;17;17095;1;3;8;3;45.29940447;-0.26218995;3;2;2;-1;1;1; -1;1;0;1;50;Blessé hospitalisé;2
202300006501;155 669 012;A01;7;0;2;2;1;0;203 835 853;1;1;1;2;1996.0;5;1;-1;-1;22;3;2023;16:30;1;17;17095;1;3;8;3;45.29940447;-0.26218995;3;2;2;0;1;1; -1;2;0;1;80;Indemne;2
202300006501;155 669 012;A01;7;0;2;2;1;0;203 835 853;1;1;1;2;1996.0;5;1;-1;-1;22;3;2023;16:30;1;17;17095;1;3;8;3;45.29940447;-0.26218995;3;2;2;-1;1;1; -1;1;0;1;50;Indemne;2
202300006504;155 669 003;A01;7;0;9;1;1;1;203 835 837;1;1;1;1;1975.0;1;1;0;-1;5;6;2023;06:24;1;57;57757;2;1;1;2;49.362564;6.198339;3;2;2;0;1;1; -1;1;0;1;50;Indemne;0
202300006504;155 669 004;B01;1;0;2;4;1;5;203 835 841;1;1;4;1;1963.0;5;2;0;-1;5;6;2023;06:24;1;57;57757;2;1;1;2;49.362564;6.198339;3;2;2;0;1;1; -1;1;0;1;50;Blessé léger;0
202300006512;155 668 989;A01;1;0;0;9;1;5;203 835 820;1;1;3;1;1979.0;5;0;-1;-1;25;11;2023;09:15;1;71;71263;2;1;8;7;46.65848;5.158688;4;2;2;0;1;1; -1;1;0;1;50;Blessé hospitalisé;5
202300006514;155 668 984;B01;80;0;2;1;1;3;203 835 815;1;1;4;1;1947.0;5;2;8;-1;1;6;2023;14:27;1;57;57591;2;2;1;3;49.25632;6.09806;4;2;2;0;1;1; -1;1;0;1;50;Blessé léger;3
202300006514;155 668 984;B01;80;0;2;1;1;3;203 835 815;1;1;4;1;1947.0;5;2;8;-1;1;6;2023;14:27;1;57;57591;2;2;1;3;49.25632;6.09806;4;2;2;0;1;1; -1;1;2;1;50;Blessé léger;3
202300006514;155 668 988;A01;7;0;2;3;15;1;203 835 819;1;1;1;1;2004.0;1;1;8;-1;1;6;2023;14:27;1;57;57591;2;2;1;3;49.25632;6.09806;4;2;2;0;1;1; -1;1;0;1;50;Indemne;3
202300006514;155 668 988;A01;7;0;2;3;15;1;203 835 819;1;1;1;1;2004.0;1;1;8;-1;1;6;2023;14:27;1;57;57591;2;2;1;3;49.25632;6.09806;4;2;2;0;1;1; -1;1;2;1;50;Indemne;3
202300006528;155 668 961;A01;7;0;9;1;17;1;203 835 784;1;1;1;1;2002.0;5;8;8;-1;10;7;2023;22:05;5;09;09225;2;3;1;3;43.12334;1.61082;3;2; -1;-1;1;1; -1;1;0;1;-1;Indemne;0
202300006528;155 668 961;A01;7;0;9;1;17;1;203 835 784;1;1;1;1;2002.0;5;8;8;-1;10;7;2023;22:05;5;09;09225;2;3;1;3;43.12334;1.61082;3;2;2;0;1;1;6;1;5;1;50;Indemne;0
202300006528;155 668 965;B01;1;0;2;7;15;5;203 835 789;1;1;3;1;1968.0;0;8;0;-1;10;7;2023;22:05;5;09;09225;2;3;1;3;43.12334;1.61082;3;2; -1;-1;1;1; -1;1;0;1;-1;Blessé hospitalisé;0
202300006528;155 668 965;B01;1;0;2;7;15;5;203 835 789;1;1;3;1;1968.0;0;8;0;-1;10;7;2023;22:05;5;09;09225;2;3;1;3;43.12334;1.61082;3;2;2;0;1;1;6;1;5;1;50;Blessé hospitalisé;0
202300006549;155 668 921;A01;7;0;2;2;1;2;203 835 727;1;1;1;2;1954.0;0;1;0;-1;5;6;2023;15:30;1;54;54274;2;2;1;3;48.66536779;6.19746655;4;2;2;0;1;1; -1;1;0;1;50;Indemne;0
202300006549;155 668 921;A01;7;0;2;2;1;2;203 835 727;1;1;1;2;1954.0;0;1;0;-1;5;6;2023;15:30;1;54;54274;2;2;1;3;48.66536779;6.19746655;4;2;2;0;1;1; -1;1;0;1;50;Indemne;0
202300006549;155 668 925;B01;1;0;2;2;1;5;203 835 731;1;1;4;1;1961.0;0;2;0;-1;5;6;2023;15:30;1;54;54274;2;2;1;3;48.66536779;6.19746655;4;2;2;0;1;1; -1;1;0;1;50;Blessé léger;0
202300006549;155 668 925;B01;1;0;2;2;1;5;203 835 731;1;1;4;1;1961.0;0;2;0;-1;5;6;2023;15:30;1;54;54274;2;2;1;3;48.66536779;6.19746655;4;2;2;0;1;1; -1;1;0;1;50;Blessé léger;0
202300006561;155 668 902;A01;1;0;1;1;1;5;203 835 702;1;1;1;1;1994.0;9;8;0;-1;10;7;2023;13:10;1;75;75106;2;2;1;6;48.850235;2.324156;4;2;3;2;1;1; -1;1;0;1;30;Indemne;0
202300006561;155 668 902;A01;1;0;1;1;1;5;203 835 702;1;1;1;1;1994.0;9;8;0;-1;10;7;2023;13:10;1;75;75106;2;2;1;6;48.850235;2.324156;4;2;2;0;1;1; -1;1;0;1;30;Indemne;0
202300006561;155 668 902;A01;1;0;1;1;1;5;203 835 703;10;3;4;1;1968.0;9;0;-1;-1;10;7;2023;13:10;1;75;75106;2;2;1;6;48.850235;2.324156;4;2;3;2;1;1; -1;1;0;1;30;Blessé léger;0
202300006561;155 668 902;A01;1;0;1;1;1;5;203 835 703;10;3;4;1;1968.0;9;0;-1;-1;10;7;2023;13:10;1;75;75106;2;2;1;6;48.850235;2.324156;4;2;2;0;1;1; -1;1;0;1;30;Blessé léger;0
202300006562;155 668 901;A01;7;0;2;1;19;1;203 835 697;1;1;1;2;1992.0;5;0;-1;-1;15;10;2023;18:20;1;51;51660;2;2;1;3;49.348056;4.219592;4;2;2;0;1;1; -1;1;0;1;50;Indemne;6
202300006562;155 668 903;B01;1;0;0;8;0;5;203 835 700;1;1;4;1;1986.0;5;0;-1;-1;15;10;2023;18:20;1;51;51660;2;2;1;3;49.348056;4.219592;4;2;2;0;1;1; -1;1;0;1;50;Blessé léger;6
202300006566;155 668 892;B01;1;0;2;1;1;5;203 835 686;1;1;4;1;2015.0;9;2;0;-1;4;6;2023;17:20;1;51;51454;2;1;1;1;49.24998;4.06341;4;-1;1;0;1;1; -1;1;0;1;30;Blessé léger;6
202300006566;155 668 895;A01;7;0;9;1;1;0;203 835 688;1;1;1;2;2001.0;0;1;0;-1;4;6;2023;17:20;1;51;51454;2;1;1;1;49.24998;4.06341;4;-1;1;0;1;1; -1;1;0;1;30;Indemne;6
202300006568;155 668 893;A01;10;0;2;2;16;1;203 835 687;1;1;1;1;1983.0;9;1;0;-1;11;7;2023;16:21;1;75;75118;2;7;1;3;48.895643;2.346335;4;2; -1;0;1;1; -1;1;0;1;30;Indemne;1
202300006568;155 668 893;A01;10;0;2;2;16;1;203 835 687;1;1;1;1;1983.0;9;1;0;-1;11;7;2023;16:21;1;75;75118;2;7;1;3;48.895643;2.346335;4;1;2;0;1;1; -1;1;0;1;30;Indemne;1
202300006568;155 668 896;Y01;1;0;2;1;16;5;203 835 691;1;1;4;1;1984.0;4;8;8;-1;11;7;2023;16:21;1;75;75118;2;7;1;3;48.895643;2.346335;4;2; -1;0;1;1; -1;1;0;1;30;Blessé léger;1
202300006568;155 668 896;Y01;1;0;2;1;16;5;203 835 691;1;1;4;1;1984.0;4;8;8;-1;11;7;2023;16:21;1;75;75118;2;7;1;3;48.895643;2.346335;4;1;2;0;1;1; -1;1;0;1;30;Blessé léger;1
202300006572;155 668 883;A01;10;0;2;8;1;1;203 835 675;1;1;1;1;1965.0;1;8;0;-1;4;6;2023;13:45;1;51;51454;2;2;1;3;49.26795;4.05403;4;2;0;0;1;1; -1;1;0;1;50;Indemne;6
202300006572;155 668 883;A01;10;0;2;8;1;1;203 835 675;1;1;1;1;1965.0;1;8;0;-1;4;6;2023;13:45;1;51;51454;2;2;1;3;49.26795;4.05403;4;2;2;0;1;1; -1;1;0;1;50;Indemne;6
202300006572;155 668 887;B01;1;0;2;1;1;5;203 835 680;1;1;4;1;1991.0;0;8;0;-1;4;6;2023;13:45;1;51;51454;2;2;1;3;49.26795;4.05403;4;2;0;0;1;1; -1;1;0;1;50;Blessé léger;6
202300006572;155 668 887;B01;1;0;2;1;1;5;203 835 680;1;1;4;1;1991.0;0;8;0;-1;4;6;2023;13:45;1;51;51454;2;2;1;3;49.26795;4.05403;4;2;2;0;1;1; -1;1;0;1;50;Blessé léger;6
202300006609;155 668 811;A01;7;0;2;1;1;1;203 835 584;1;1;1;1;1978.0;0;1;-1;-1;24;10;2023;18:20;1;73;73225;2;1;1;1;45.537571;5.950183;3;2;2;0;2;2;4;2;0;1;50;Indemne;1
202300006609;155 668 813;B01;1;0;2;1;1;5;203 835 586;1;1;3;1;2014.0;5;0;-1;-1;24;10;2023;18:20;1;73;73225;2;1;1;1;45.537571;5.950183;3;2;2;0;2;2;4;2;0;1;50;Blessé hospitalisé;1
202300006611;155 668 817;B01;1;0;2;8;1;5;203 835 593;1;1;4;1;1952.0;0;8;0;-1;5;6;2023;06:55;1;49;49007;2;6;1;3;47.44824;-0.5386;4;1;2;0;1;3; -1;1;0;1;30;Blessé léger;0
202300006611;155 668 817;B01;1;0;2;8;1;5;203 835 593;1;1;4;1;1952.0;0;8;0;-1;5;6;2023;06:55;1;49;49007;2;6;1;3;47.44824;-0.5386;4;2;4;0;1;3; -1;1;0;1;30;Blessé léger;0
202300006611;155 668 822;A01;7;0;2;7;16;1;203 835 605;1;1;1;1;1980.0;1;1;0;-1;5;6;2023;06:55;1;49;49007;2;6;1;3;47.44824;-0.5386;4;1;2;0;1;3; -1;1;0;1;30;Indemne;0
202300006611;155 668 822;A01;7;0;2;7;16;1;203 835 605;1;1;1;1;1980.0;1;1;0;-1;5;6;2023;06:55;1;49;49007;2;6;1;3;47.44824;-0.5386;4;2;4;0;1;3; -1;1;0;1;30;Indemne;0
202300006613;155 668 808;A01;1;0;0;-1;1;5;203 835 579;1;1;2;1;1962.0;5;8;-1;-1;20;2;2023;15:25;1;81;81311;2;1;1;7;43.74950504;2.19757944;3;2;2;-1;2;1; -1;1;0;1;50;Tué;0
202300006626;155 668 783;A01;1;0;2;4;16;5;203 835 552;1;1;4;2;1978.0;9;8;0;-1;11;7;2023;09:45;1;75;75101;2;2;1;2;48.862747;2.33538;4;1;4;3;1;1; -1;1;0;1;30;Blessé léger;1
202300006626;155 668 783;A01;1;0;2;4;16;5;203 835 552;1;1;4;2;1978.0;9;8;0;-1;11;7;2023;09:45;1;75;75101;2;2;1;2;48.862747;2.33538;4;2;3;3;1;1; -1;1;0;1;30;Blessé léger;1
202300006627;155 668 778;A01;1;12;0;7;26;5;203 835 548;1;1;4;2;1970.0;5;2;0;-1;5;6;2023;19:10;1;43;43157;2;1;8;7;45.040549;3.879175;4;1;1;0;2;1; -1;2;0;1;50;Blessé léger;0
202300006638;155 668 753;A01;7;0;2;3;15;1;203 835 516;1;1;1;2;1981.0;2;1;0;-1;5;6;2023;08:30;1;41;41018;2;3;1;1;47.58934;1.30808;4;2;2;0;1;1; -1;1;0;1;30;Indemne;0
202300006638;155 668 753;A01;7;0;2;3;15;1;203 835 516;1;1;1;2;1981.0;2;1;0;-1;5;6;2023;08:30;1;41;41018;2;3;1;1;47.58934;1.30808;4;2;2;0;1;1; -1;1;0;1;50;Indemne;0
202300006638;155 668 757;B01;1;0;2;0;19;5;203 835 520;1;1;3;1;1989.0;1;8;0;-1;5;6;2023;08:30;1;41;41018;2;3;1;1;47.58934;1.30808;4;2;2;0;1;1; -1;1;0;1;30;Blessé hospitalisé;0
202300006638;155 668 757;B01;1;0;2;0;19;5;203 835 520;1;1;3;1;1989.0;1;8;0;-1;5;6;2023;08:30;1;41;41018;2;3;1;1;47.58934;1.30808;4;2;2;0;1;1; -1;1;0;1;50;Blessé hospitalisé;0
202300006643;155 668 748;A01;7;0;9;3;9;1;203 835 510;1;1;1;2;1968.0;1;1;8;-1;5;6;2023;19:20;1;37;37233;2;1;7;3;47.38673;0.74512;4;1;1;0;1;3; -1;1;5;1;50;Indemne;0
202300006643;155 668 750;B01;80;0;2;1;0;3;203 835 512;1;1;4;2;1974.0;5;2;8;-1;5;6;2023;19:20;1;37;37233;2;1;7;3;47.38673;0.74512;4;1;1;0;1;3; -1;1;5;1;50;Blessé léger;0
202300006652;155 668 729;B01;1;0;9;7;19;5;203 835 487;1;1;3;1;1942.0;0;2;0;-1;19;8;2023;16:30;1;13;13208;2;9;1;3;43.26306988;5.39291533;4;1;3;0;1;1; -1;1;0;5;50;Blessé hospitalisé;5
202300006652;155 668 731;A01;7;0;9;1;1;1;203 835 489;1;1;1;2;1954.0;5;1;8;-1;19;8;2023;16:30;1;13;13208;2;9;1;3;43.26306988;5.39291533;4;1;3;0;1;1; -1;1;0;5;50;Indemne;5
202300006653;155 668 730;A01;80;0;2;8;1;3;203 835 488;1;1;3;2;1948.0;9;0;-1;-1;6;6;2023;12:05;1;35;35238;2;2;1;3;48.13062;-1.68455;4;2;3;0;1;1; -1;1;0;1;50;Blessé hospitalisé;1
202300006653;155 668 730;A01;80;0;2;8;1;3;203 835 488;1;1;3;2;1948.0;9;0;-1;-1;6;6;2023;12:05;1;35;35238;2;2;1;3;48.13062;-1.68455;4;3;4;2;1;1; -1;1;0;1;50;Blessé hospitalisé;1
202300006654;155 668 740;A01;7;0;2;2;1;1;203 835 498;1;1;1;1;1994.0;3;1;-1;-1;25;11;2023;16:19;2;37;37042;1;1;7;2;47.20431159;0.08477859;3;2;2;0;2;1;7;1;0;1;70;Indemne;5
202300006654;155 668 744;B01;1;0;0;4;1;5;203 835 504;1;1;3;1;1969.0;5;2;-1;-1;25;11;2023;16:19;2;37;37042;1;1;7;2;47.20431159;0.08477859;3;2;2;0;2;1;7;1;0;1;70;Blessé hospitalisé;5
202300006658;155 668 721;A01;7;0;2;1;1;1;203 835 478;1;1;1;2;1985.0;5;1;-1;-1;6;6;2023;08:50;1;35;35238;2;2;1;3;48.11571;-1.64838;4;2;2;0;1;1; -1;1;0;1;50;Indemne;1
202300006658;155 668 721;A01;7;0;2;1;1;1;203 835 478;1;1;1;2;1985.0;5;1;-1;-1;6;6;2023;08:50;1;35;35238;2;2;1;3;48.11571;-1.64838;4;3;3;2;1;1; -1;1;0;1;50;Indemne;1
202300006658;155 668 724;B01;1;0;2;2;15;5;203 835 481;1;1;4;1;2004.0;2;8;-1;-1;6;6;2023;08:50;1;35;35238;2;2;1;3;48.11571;-1.64838;4;2;2;0;1;1; -1;1;0;1;50;Blessé léger;1
202300006658;155 668 724;B01;1;0;2;2;15;5;203 835 481;1;1;4;1;2004.0;2;8;-1;-1;6;6;2023;08:50;1;35;35238;2;2;1;3;48.11571;-1.64838;4;3;3;2;1;1; -1;1;0;1;50;Blessé léger;1
202300006662;155 668 712;A01;7;0;2;8;22;1;203 835 468;1;1;1;1;1990.0;0;0;-1;-1;5;6;2023;17:20;1;35;35238;2;1;1;6;48.09122;-1.69223;3;2;2;2;1;1; -1;1;0;5;50;Indemne;0
202300006662;155 668 715;B01;80;1;0;1;1;3;203 835 470;1;1;3;1;1966.0;1;2;4;-1;5;6;2023;17:20;1;35;35238;2;1;1;6;48.09122;-1.69223;3;2;2;2;1;1; -1;1;0;5;50;Blessé hospitalisé;0
202300006665;155 668 709;A01;7;0;2;2;16;1;203 835 464;1;1;1;1;2000.0;1;1;0;-1;11;7;2023;08:00;1;93;93070;2;1;1;3;48.91659223;2.33424484;4;1;1;0;2;1; -1;1;0;4;50;Indemne;1
202300006665;155 668 714;B01;80;0;2;8;1;3;203 835 467;1;1;4;1;1992.0;0;8;0;-1;11;7;2023;08:00;1;93;93070;2;1;1;3;48.91659223;2.33424484;4;1;1;0;2;1; -1;1;0;4;50;Blessé léger;1
202300006668;155 668 702;A01;10;0;2;7;22;1;203 835 455;1;1;1;1;1987.0;4;1;0;-1;5;6;2023;09:00;1;34;34301;2;1;1;3;43.4065;3.69288;4;1;1;0;2;1; -1;1;0;1;50;Indemne;0
202300006668;155 668 706;B01;1;1;0;1;1;5;203 835 461;1;1;4;2;1999.0;0;8;0;-1;5;6;2023;09:00;1;34;34301;2;1;1;3;43.4065;3.69288;4;1;1;0;2;1; -1;1;0;1;50;Blessé léger;0
202300006675;155 668 685;B01;1;0;2;1;1;5;203 835 432;1;1;4;1;1993.0;9;8;8;-1;21;3;2023;09:24;1;973;97302;2;6;1;6;4.92722;-52.28985;3;1;2;0;1;1; -1;1;0;1;50;Blessé léger;1
202300006675;155 668 687;A01;7;0;2;7;16;1;203 835 437;1;1;1;2;1978.0;9;1;8;-1;21;3;2023;09:24;1;973;97302;2;6;1;6;4.92722;-52.28985;3;1;2;0;1;1; -1;1;0;1;50;Indemne;1
202300006677;155 668 684;B01;1;0;2;1;16;5;203 835 430;1;1;4;1;1984.0;1;2;8;-1;4;6;2023;16:55;1;34;34336;2;3;1;3;43.31751;3.28035;4;2;1;0;1;1; -1;1;0;1;50;Blessé léger;6
202300006677;155 668 684;B01;1;0;2;1;16;5;203 835 430;1;1;4;1;1984.0;1;2;8;-1;4;6;2023;16:55;1;34;34336;2;3;1;3;43.31751;3.28035;4;-1;1;0;1;1; -1;1;0;1;50;Blessé léger;6
202300006677;155 668 689;A01;7;0;2;1;13;1;203 835 438;1;1;1;1;1980.0;5;1;8;-1;4;6;2023;16:55;1;34;34336;2;3;1;3;43.31751;3.28035;4;2;1;0;1;1; -1;1;0;1;50;Indemne;6
202300006677;155 668 689;A01;7;0;2;1;13;1;203 835 438;1;1;1;1;1980.0;5;1;8;-1;4;6;2023;16:55;1;34;34336;2;3;1;3;43.31751;3.28035;4;-1;1;0;1;1; -1;1;0;1;50;Indemne;6
202300006681;155 668 676;A01;1;0;1;0;15;5;203 835 416;10;3;4;1;2006.0;0;0;-1;-1;22;3;2023;18:20;1;69;69383;2;2;1;6;45.7533;4.8564;4;1;1;0;1;1; -1;1;6;1;50;Blessé léger;2
202300006681;155 668 676;A01;1;0;1;0;15;5;203 835 416;10;3;4;1;2006.0;0;0;-1;-1;22;3;2023;18:20;1;69;69383;2;2;1;6;45.7533;4.8564;4;1;1;3;1;1; -1;1;0;1;50;Blessé léger;2
202300006681;155 668 676;A01;1;0;1;0;15;5;203 835 418;1;1;4;1;1975.0;9;8;-1;-1;22;3;2023;18:20;1;69;69383;2;2;1;6;45.7533;4.8564;4;1;1;0;1;1; -1;1;6;1;50;Blessé léger;2
202300006681;155 668 676;A01;1;0;1;0;15;5;203 835 418;1;1;4;1;1975.0;9;8;-1;-1;22;3;2023;18:20;1;69;69383;2;2;1;6;45.7533;4.8564;4;1;1;3;1;1; -1;1;0;1;50;Blessé léger;2
202300006715;155 668 626;B01;80;0;2;8;2;3;203 835 337;1;1;4;2;1966.0;0;0;-1;-1;5;6;2023;11:40;1;33;33529;2;1;1;3;44.64744;-1.15803;3;2;2;0;1;1;5;1;0;1;50;Blessé léger;0
202300006715;155 668 627;A01;7;0;2;1;1;1;203 835 339;1;1;1;1;1976.0;0;1;-1;-1;5;6;2023;11:40;1;33;33529;2;1;1;3;44.64744;-1.15803;3;2;2;0;1;1;5;1;0;1;50;Indemne;0
202300006719;155 668 616;B01;1;0;2;1;1;5;203 835 326;1;1;4;2;2006.0;0;8;0;-1;11;7;2023;19:10;1;92;92026;2;2;1;3;48.89883888;2.25665385;3;2;2;0;1;1; -1;1;0;1;50;Blessé léger;1
202300006719;155 668 616;B01;1;0;2;1;1;5;203 835 326;1;1;4;2;2006.0;0;8;0;-1;11;7;2023;19:10;1;92;92026;2;2;1;3;48.89883888;2.25665385;3;3;1;0;1;1; -1;1;9;1;50;Blessé léger;1
202300006719;155 668 619;A01;7;0;0;2;1;1;203 835 329;1;1;1;1;1973.0;1;1;0;-1;11;7;2023;19:10;1;92;92026;2;2;1;3;48.89883888;2.25665385;3;2;2;0;1;1; -1;1;0;1;50;Indemne;1
202300006719;155 668 619;A01;7;0;0;2;1;1;203 835 329;1;1;1;1;1973.0;1;1;0;-1;11;7;2023;19:10;1;92;92026;2;2;1;3;48.89883888;2.25665385;3;3;1;0;1;1; -1;1;9;1;50;Indemne;1