Num_Acc;id_vehicule;num_veh;catv;obs;obsm;choc;manv;motor;id_usager;place;catu;grav;sexe;an_nais;trajet;secu1;secu2;secu3;jour;mois;an;hrmn;lum;dep;com;agg;int;atm;col;lat;long;catr;circ;nbv;vosp;prof;plan;larrout;surf;infra;situ;vma;gravity;day_of_week
202300006723;155 668 612;A01;1;0;0;0;-1;5;203 835 322;1;1;2;1;1947.0;5;8;-1;-1;7;8;2023;09:00;1;10;10238;1;1;1;7;48.25684;4.338576;3;2; -1;0;1;1; -1;1;0;1;-1;Tué;0
202300006725;155 668 607;A01;1;0;0;0;0;5;203 835 316;1;1;2;1;1950.0;5;8;-1;-1;20;8;2023;09:00;1;44;44128;1;1;1;7;47.55680298;-1.94260729;4;2;2;0;1;1; -1;1;0;1;-1;Tué;6
202300006726;155 668 608;A01;1;12;0;0;25;5;203 835 317;1;1;4;2;1997.0;5;0;-1;-1;21;3;2023;15:08;1;87;87085;2;1;1;7;45.82139;1.24095;4;2;4;1;2;1; -1;1;0;4;50;Blessé léger;1
202300006729;155 668 603;B01;1;0;2;4;2;5;203 835 311;1;1;4;1;1968.0;5;2;-1;-1;6;6;2023;19:00;1;29;29232;1;1;1;3;47.985934;-4.04400587;3;2;2;0;4;2; -1;1;0;1;70;Blessé léger;1
202300006729;155 668 606;A01;7;0;2;2;2;0;203 835 315;1;1;1;2;1934.0;0;1;-1;-1;6;6;2023;19:00;1;29;29232;1;1;1;3;47.985934;-4.04400587;3;2;2;0;4;2; -1;1;0;1;70;Indemne;1
202300006730;155 668 601;A01;1;0;0;0;0;5;203 835 309;1;1;2;1;1971.0;5;8;-1;-1;21;12;2023;15:25;1;44;44069;2;1;-1;7;47.333217;-2.46855;4;2;2;0;1;1; -1;-1;0;1;-1;Tué;3
202300006732;155 668 598;B01;43;0;2;8;1;1;203 835 305;1;1;1;1;1992.0;0;2;6;-1;14;8;2023;17:00;1;13;13028;2;3;1;3;43.18678;5.60769;4;2;2;0;1;1; -1;1;0;1;50;Indemne;0
202300006732;155 668 598;B01;43;0;2;8;1;1;203 835 305;1;1;1;1;1992.0;0;2;6;-1;14;8;2023;17:00;1;13;13028;2;3;1;3;43.18678;5.60769;4;2;2;0;1;1; -1;1;0;1;50;Indemne;0
202300006732;155 668 602;A01;1;0;2;8;19;5;203 835 310;1;1;3;2;1965.0;1;8;0;-1;14;8;2023;17:00;1;13;13028;2;3;1;3;43.18678;5.60769;4;2;2;0;1;1; -1;1;0;1;50;Blessé hospitalisé;0
202300006732;155 668 602;A01;1;0;2;8;19;5;203 835 310;1;1;3;2;1965.0;1;8;0;-1;14;8;2023;17:00;1;13;13028;2;3;1;3;43.18678;5.60769;4;2;2;0;1;1; -1;1;0;1;50;Blessé hospitalisé;0
202300006735;155 668 595;A01;1;0;2;1;1;5;203 835 302;1;1;4;2;2008.0;5;2;0;-1;21;3;2023;13:31;1;87;87085;2;2;1;3;45.82817;1.28218;1;1;1;0;1;1; -1;1;5;1;50;Blessé léger;1
202300006735;155 668 595;A01;1;0;2;1;1;5;203 835 302;1;1;4;2;2008.0;5;2;0;-1;21;3;2023;13:31;1;87;87085;2;2;1;3;45.82817;1.28218;1;3;3;0;2;1; -1;2;5;1;50;Blessé léger;1
202300006735;155 668 600;B01;10;0;2;3;1;1;203 835 308;1;1;1;1;1979.0;4;1;0;-1;21;3;2023;13:31;1;87;87085;2;2;1;3;45.82817;1.28218;1;1;1;0;1;1; -1;1;5;1;50;Indemne;1
202300006735;155 668 600;B01;10;0;2;3;1;1;203 835 308;1;1;1;1;1979.0;4;1;0;-1;21;3;2023;13:31;1;87;87085;2;2;1;3;45.82817;1.28218;1;3;3;0;2;1; -1;2;5;1;50;Indemne;1
202300006746;155 668 566;B01;60;0;2;0;0;5;203 835 265;1;1;3;2;1994.0;0;8;0;-1;16;8;2023;19:42;1;10;10387;2;3;1;6;48.306;4.05;4;2;2;0;1;1; -1;1;0;1;50;Blessé hospitalisé;2
202300006746;155 668 566;B01;60;0;2;0;0;5;203 835 265;1;1;3;2;1994.0;0;8;0;-1;16;8;2023;19:42;1;10;10387;2;3;1;6;48.306;4.05;4;2;2;1;2;1; -1;1;0;1;50;Blessé hospitalisé;2
202300006746;155 668 571;A01;1;0;2;1;15;5;203 835 271;1;1;1;1;1965.0;0;8;0;-1;16;8;2023;19:42;1;10;10387;2;3;1;6;48.306;4.05;4;2;2;0;1;1; -1;1;0;1;50;Indemne;2
202300006746;155 668 571;A01;1;0;2;1;15;5;203 835 271;1;1;1;1;1965.0;0;8;0;-1;16;8;2023;19:42;1;10;10387;2;3;1;6;48.306;4.05;4;2;2;1;2;1; -1;1;0;1;50;Indemne;2
202300006766;155 668 531;A01;99;0;2;1;1;3;203 835 216;1;1;1;2;2003.0;1;2;6;-1;5;6;2023;16:20;1;26;26362;2;1;1;1;44.9214;4.90903;4;2;2;1;1;1; -1;1;0;1;50;Indemne;0
202300006766;155 668 534;B01;1;0;2;0;23;5;203 835 219;1;1;3;2;1995.0;1;2;0;-1;5;6;2023;16:20;1;26;26362;2;1;1;1;44.9214;4.90903;4;2;2;1;1;1; -1;1;0;1;50;Blessé hospitalisé;0
202300006771;155 668 519;A01;7;0;2;1;2;0;203 835 200;1;1;1;1;1986.0;0;1;0;-1;18;8;2023;19:20;1;06;06088;1;1;1;1;43.71885;7.18635;7;3;4;0;1;2;0;1;0;1;70;Indemne;4
202300006771;155 668 524;B01;1;0;2;1;5;5;203 835 204;1;1;3;1;1988.0;1;8;0;-1;18;8;2023;19:20;1;06;06088;1;1;1;1;43.71885;7.18635;7;3;4;0;1;2;0;1;0;1;70;Blessé hospitalisé;4
202300006772;155 668 521;B01;1;0;2;8;1;5;203 835 202;1;1;2;2;1985.0;0;8;-1;-1;1;12;2023;10:35;1;93;93001;2;3;1;3;48.91537288;2.36805677;3;1;1;-1;1;1; -1;1;0;1;50;Tué;4
202300006772;155 668 521;B01;1;0;2;8;1;5;203 835 202;1;1;2;2;1985.0;0;8;-1;-1;1;12;2023;10:35;1;93;93001;2;3;1;3;48.91537288;2.36805677;3;2;2;-1;1;1; -1;1;0;1;50;Tué;4
202300006772;155 668 525;A01;14;0;2;7;16;1;203 835 206;1;1;1;1;1995.0;4;1;-1;-1;1;12;2023;10:35;1;93;93001;2;3;1;3;48.91537288;2.36805677;3;1;1;-1;1;1; -1;1;0;1;50;Indemne;4
202300006772;155 668 525;A01;14;0;2;7;16;1;203 835 206;1;1;1;1;1995.0;4;1;-1;-1;1;12;2023;10:35;1;93;93001;2;3;1;3;48.91537288;2.36805677;3;2;2;-1;1;1; -1;1;0;1;50;Indemne;4
202300006773;155 668 518;A01;1;0;2;1;2;5;203 835 199;1;1;3;1;1954.0;5;2;0;-1;5;6;2023;17:25;1;26;26198;2;1;1;2;44.5329723;4.73633051;2;2;2;0;1;1; -1;1;0;1;50;Blessé hospitalisé;0
202300006773;155 668 523;B01;7;0;2;6;2;1;203 835 205;1;1;1;1;2003.0;0;1;0;-1;5;6;2023;17:25;1;26;26198;2;1;1;2;44.5329723;4.73633051;2;2;2;0;1;1; -1;1;0;1;50;Indemne;0
202300006793;155 668 487;A01;10;0;2;2;1;1;203 835 143;1;1;1;1;1966.0;1;1;8;-1;6;6;2023;08:33;1;18;18279;2;1;1;1;47.20836;2.05175;3;2;2;0;1;1; -1;1;0;3;50;Indemne;1
202300006793;155 668 488;B01;1;0;2;1;5;5;203 835 147;1;1;3;1;1991.0;5;8;0;-1;6;6;2023;08:33;1;18;18279;2;1;1;1;47.20836;2.05175;3;2;2;0;1;1; -1;1;0;3;50;Blessé hospitalisé;1
202300006805;155 668 461;A01;7;0;2;2;1;1;203 835 108;1;1;1;1;2002.0;5;1;0;-1;20;3;2023;22:11;5;52;52121;2;1;1;1;48.10079157;5.14476849;3;2;2;1;1;1; -1;1;0;1;50;Indemne;0
202300006805;155 668 463;B01;1;0;2;1;5;5;203 835 112;1;1;3;2;2002.0;1;0;0;-1;20;3;2023;22:11;5;52;52121;2;1;1;1;48.10079157;5.14476849;3;2;2;1;1;1; -1;1;0;1;50;Blessé hospitalisé;0
202300006807;155 668 459;A01;7;0;2;1;9;6;203 835 109;1;1;1;1;1982.0;5;1;0;-1;23;5;2023;19:30;1;15;15014;2;6;1;2;44.923319;2.44036;4;-1;1;0;1;2; -1;1;0;1;30;Indemne;1
202300006807;155 668 459;A01;7;0;2;1;9;6;203 835 109;1;1;1;1;1982.0;5;1;0;-1;23;5;2023;19:30;1;15;15014;2;6;1;2;44.923319;2.44036;4;2;2;0;2;3; -1;1;0;1;30;Indemne;1
202300006807;155 668 466;B01;1;0;2;4;1;5;203 835 116;1;1;4;1;2000.0;1;8;0;-1;23;5;2023;19:30;1;15;15014;2;6;1;2;44.923319;2.44036;4;-1;1;0;1;2; -1;1;0;1;30;Blessé léger;1
202300006807;155 668 466;B01;1;0;2;4;1;5;203 835 116;1;1;4;1;2000.0;1;8;0;-1;23;5;2023;19:30;1;15;15014;2;6;1;2;44.923319;2.44036;4;2;2;0;2;3; -1;1;0;1;30;Blessé léger;1
202300006809;155 668 456;A01;1;13;0;7;0;5;203 835 105;1;1;3;1;2000.0;5;2;6;-1;10;7;2023;20:20;2;65;65467;1;1;1;6;42.982714;-0.037036;3;2;2;0;2;2;6;1;0;3;80;Blessé hospitalisé;0
202300006837;155 668 403;A01;1;0;0;4;2;5;203 835 040;1;1;1;1;1984.0;1;2;0;-1;16;8;2023;18:22;1;75;75106;2;3;1;2;48.852285;2.338753;4;1;4;3;1;1; -1;1;0;1;30;Indemne;2
202300006837;155 668 403;A01;1;0;0;4;2;5;203 835 040;1;1;1;1;1984.0;1;2;0;-1;16;8;2023;18:22;1;75;75106;2;3;1;2;48.852285;2.338753;4;-1; -1;-1;1;1; -1;1;0;1;30;Indemne;2
202300006837;155 668 406;B01;50;0;0;4;2;3;203 835 044;1;1;4;1;2001.0;5;8;0;-1;16;8;2023;18:22;1;75;75106;2;3;1;2;48.852285;2.338753;4;1;4;3;1;1; -1;1;0;1;30;Blessé léger;2
202300006837;155 668 406;B01;50;0;0;4;2;3;203 835 044;1;1;4;1;2001.0;5;8;0;-1;16;8;2023;18:22;1;75;75106;2;3;1;2;48.852285;2.338753;4;-1; -1;-1;1;1; -1;1;0;1;30;Blessé léger;2
202300006844;155 668 391;B01;1;0;2;0;2;5;203 835 022;1;1;4;1;1988.0;-1;0;-1;-1;18;12;2023;17:45;3;59;59009;2;9;1;1;50.65574;3.13275;7;3;1;-1;1;1;4;1;-1;1;-1;Blessé léger;0
202300006844;155 668 394;A01;7;0;9;0;2;-1;203 835 028;1;1;1;1;1961.0;-1;0;-1;-1;18;12;2023;17:45;3;59;59009;2;9;1;1;50.65574;3.13275;7;3;1;-1;1;1;4;1;-1;1;-1;Indemne;0
202300006850;155 668 383;A01;1;0;2;1;26;5;203 835 009;1;1;4;1;1986.0;0;8;0;-1;19;1;2023;14:45;1;92;92048;2;1;1;2;48.8082154;2.2400672;4;2;2;0;1;1; -1;1;2;1;30;Blessé léger;3
202300006850;155 668 385;B01;7;0;2;4;26;1;203 835 011;1;1;1;1;1978.0;0;1;0;-1;19;1;2023;14:45;1;92;92048;2;1;1;2;48.8082154;2.2400672;4;2;2;0;1;1; -1;1;2;1;30;Indemne;3
202300006861;155 668 364;A01;1;0;2;7;2;5;203 834 983;1;1;4;2;1949.0;5;2;-1;-1;24;11;2023;18:35;5;69;69387;2;3;2;3;45.75211;4.84679;4;1;1;2;1;1; -1;2;8;1;30;Blessé léger;4
202300006861;155 668 364;A01;1;0;2;7;2;5;203 834 983;1;1;4;2;1949.0;5;2;-1;-1;24;11;2023;18:35;5;69;69387;2;3;2;3;45.75211;4.84679;4;1;1;2;1;1; -1;2;8;1;30;Blessé léger;4
202300006861;155 668 369;B01;7;0;2;1;2;3;203 834 989;1;1;1;1;1988.0;1;1;-1;-1;24;11;2023;18:35;5;69;69387;2;3;2;3;45.75211;4.84679;4;1;1;2;1;1; -1;2;8;1;30;Indemne;4
202300006861;155 668 369;B01;7;0;2;1;2;3;203 834 989;1;1;1;1;1988.0;1;1;-1;-1;24;11;2023;18:35;5;69;69387;2;3;2;3;45.75211;4.84679;4;1;1;2;1;1; -1;2;8;1;30;Indemne;4
202300006870;155 668 346;A01;7;0;2;2;15;3;203 834 959;1;1;1;2;1996.0;5;8;0;-1;18;8;2023;17:40;1;75;75115;2;2;1;3;48.838605;2.289425;4;2;2;0;1;1; -1;1;0;5;30;Indemne;4
202300006870;155 668 346;A01;7;0;2;2;15;3;203 834 959;1;1;1;2;1996.0;5;8;0;-1;18;8;2023;17:40;1;75;75115;2;2;1;3;48.838605;2.289425;4;2;2;1;1;1; -1;1;0;5;30;Indemne;4
202300006870;155 668 349;B01;1;0;2;1;1;5;203 834 962;1;1;4;1;1995.0;1;8;0;-1;18;8;2023;17:40;1;75;75115;2;2;1;3;48.838605;2.289425;4;2;2;0;1;1; -1;1;0;5;30;Blessé léger;4
202300006870;155 668 349;B01;1;0;2;1;1;5;203 834 962;1;1;4;1;1995.0;1;8;0;-1;18;8;2023;17:40;1;75;75115;2;2;1;3;48.838605;2.289425;4;2;2;1;1;1; -1;1;0;5;30;Blessé léger;4
202300006874;155 668 335;B01;7;0;2;1;1;2;203 834 944;1;1;1;1;1975.0;9;1;0;-1;16;8;2023;23:50;5;75;75114;2;2;1;3;48.832741;2.311509;4;1;3;1;1;1; -1;1;0;1;30;Indemne;2
202300006874;155 668 335;B01;7;0;2;1;1;2;203 834 944;1;1;1;1;1975.0;9;1;0;-1;16;8;2023;23:50;5;75;75114;2;2;1;3;48.832741;2.311509;4;1;3;0;1;1; -1;1;0;1;30;Indemne;2
202300006874;155 668 335;B01;7;0;2;1;1;2;203 834 946;2;2;1;2;1997.0;9;1;0;-1;16;8;2023;23:50;5;75;75114;2;2;1;3;48.832741;2.311509;4;1;3;1;1;1; -1;1;0;1;30;Indemne;2
202300006874;155 668 335;B01;7;0;2;1;1;2;203 834 946;2;2;1;2;1997.0;9;1;0;-1;16;8;2023;23:50;5;75;75114;2;2;1;3;48.832741;2.311509;4;1;3;0;1;1; -1;1;0;1;30;Indemne;2
202300006874;155 668 341;A01;1;0;2;4;1;5;203 834 953;1;1;4;1;1995.0;9;8;0;-1;16;8;2023;23:50;5;75;75114;2;2;1;3;48.832741;2.311509;4;1;3;1;1;1; -1;1;0;1;30;Blessé léger;2
202300006874;155 668 341;A01;1;0;2;4;1;5;203 834 953;1;1;4;1;1995.0;9;8;0;-1;16;8;2023;23:50;5;75;75114;2;2;1;3;48.832741;2.311509;4;1;3;0;1;1; -1;1;0;1;30;Blessé léger;2
202300006889;155 668 308;A01;7;0;2;2;1;1;203 834 910;1;1;1;1;2004.0;0;1;0;-1;2;6;2023;13:50;1;01;01053;2;3;1;3;46.19938;5.22599;4;2;2;0;1;1;5,5;1;0;1;50;Indemne;4
202300006889;155 668 308;A01;7;0;2;2;1;1;203 834 910;1;1;1;1;2004.0;0;1;0;-1;2;6;2023;13:50;1;01;01053;2;3;1;3;46.19938;5.22599;4;2;2;1;1;1;5,5;1;0;1;50;Indemne;4
202300006889;155 668 314;B01;1;0;2;3;15;5;203 834 918;1;1;4;1;2005.0;0;8;0;-1;2;6;2023;13:50;1;01;01053;2;3;1;3;46.19938;5.22599;4;2;2;0;1;1;5,5;1;0;1;50;Blessé léger;4
202300006889;155 668 314;B01;1;0;2;3;15;5;203 834 918;1;1;4;1;2005.0;0;8;0;-1;2;6;2023;13:50;1;01;01053;2;3;1;3;46.19938;5.22599;4;2;2;1;1;1;5,5;1;0;1;50;Blessé léger;4
202300006891;155 668 300;A01;1;0;2;4;16;5;203 834 899;1;1;4;1;1977.0;1;0;-1;-1;8;10;2023;17:50;3;84;84022;1;6;1;2;44.27824;4.998562;3;-1;2;0;1;2;5,5;1;0;1;80;Blessé léger;6
202300006905;155 668 281;A01;1;0;2;2;15;5;203 834 877;1;1;1;1;1984.0;9;8;0;-1;6;6;2023;00:15;5;75;75105;2;3;1;3;48.851432;2.350422;4;-1; -1;1;1;1; -1;1;0;5;30;Indemne;1
202300006905;155 668 281;A01;1;0;2;2;15;5;203 834 877;1;1;1;1;1984.0;9;8;0;-1;6;6;2023;00:15;5;75;75105;2;3;1;3;48.851432;2.350422;4;2;2;1;1;1; -1;1;0;5;30;Indemne;1
202300006905;155 668 285;B01;1;0;2;1;1;5;203 834 882;1;1;4;1;1993.0;9;8;0;-1;6;6;2023;00:15;5;75;75105;2;3;1;3;48.851432;2.350422;4;-1; -1;1;1;1; -1;1;0;5;30;Blessé léger;1
202300006905;155 668 285;B01;1;0;2;1;1;5;203 834 882;1;1;4;1;1993.0;9;8;0;-1;6;6;2023;00:15;5;75;75105;2;3;1;3;48.851432;2.350422;4;2;2;1;1;1; -1;1;0;5;30;Blessé léger;1
202300006908;155 668 272;A01;7;0;2;4;23;2;203 834 861;1;1;1;1;1979.0;4;1;0;-1;16;8;2023;19:05;1;75;75112;2;3;1;2;48.84581;2.372451;4;1;2;0;1;1; -1;1;0;1;30;Indemne;2
202300006908;155 668 272;A01;7;0;2;4;23;2;203 834 861;1;1;1;1;1979.0;4;1;0;-1;16;8;2023;19:05;1;75;75112;2;3;1;2;48.84581;2.372451;4;-1; -1;-1;1;1; -1;1;0;1;30;Indemne;2
202300006908;155 668 274;B01;1;1;0;1;1;5;203 834 863;1;1;3;1;1973.0;9;2;0;-1;16;8;2023;19:05;1;75;75112;2;3;1;2;48.84581;2.372451;4;1;2;0;1;1; -1;1;0;1;30;Blessé hospitalisé;2
202300006908;155 668 274;B01;1;1;0;1;1;5;203 834 863;1;1;3;1;1973.0;9;2;0;-1;16;8;2023;19:05;1;75;75112;2;3;1;2;48.84581;2.372451;4;-1; -1;-1;1;1; -1;1;0;1;30;Blessé hospitalisé;2
202300006913;155 668 266;A01;7;0;2;3;22;1;203 834 856;1;1;1;1;1976.0;4;8;0;-1;5;6;2023;12:15;1;75;75106;2;1;1;3;48.849222;2.342007;4;2;2;0;2;1; -1;1;0;1;30;Indemne;0
202300006913;155 668 269;B01;80;0;2;5;1;3;203 834 859;1;1;4;1;1975.0;5;2;0;-1;5;6;2023;12:15;1;75;75106;2;1;1;3;48.849222;2.342007;4;2;2;0;2;1; -1;1;0;1;30;Blessé léger;0
202300006915;155 668 265;A01;1;0;1;0;10;5;203 834 854;1;1;1;1;2001.0;5;8;0;-1;16;8;2023;17:50;1;75;75111;2;4;1;6;48.854776;2.369541;4;1; -1;0;1;1; -1;1;9;1;30;Indemne;2
202300006915;155 668 265;A01;1;0;1;0;10;5;203 834 854;1;1;1;1;2001.0;5;8;0;-1;16;8;2023;17:50;1;75;75111;2;4;1;6;48.854776;2.369541;4;-1; -1;-1;1;1; -1;1;0;1;30;Indemne;2
202300006915;155 668 265;A01;1;0;1;0;10;5;203 834 855;10;3;4;2;2014.0;5;0;-1;-1;16;8;2023;17:50;1;75;75111;2;4;1;6;48.854776;2.369541;4;1; -1;0;1;1; -1;1;9;1;30;Blessé léger;2
202300006915;155 668 265;A01;1;0;1;0;10;5;203 834 855;10;3;4;2;2014.0;5;0;-1;-1;16;8;2023;17:50;1;75;75111;2;4;1;6;48.854776;2.369541;4;-1; -1;-1;1;1; -1;1;0;1;30;Blessé léger;2
202300006921;155 668 254;A01;1;0;2;7;19;5;203 834 837;1;1;4;2;1997.0;5;8;0;-1;18;8;2023;06:30;1;75;75110;2;2;1;3;48.884271;2.364651;4;1;3;1;1;1; -1;1;0;5;30;Blessé léger;4
202300006921;155 668 254;A01;1;0;2;7;19;5;203 834 837;1;1;4;2;1997.0;5;8;0;-1;18;8;2023;06:30;1;75;75110;2;2;1;3;48.884271;2.364651;4;1; -1;-1;1;1; -1;1;0;5;-1;Blessé léger;4
202300006937;155 668 219;B01;1;0;2;1;1;5;203 834 792;1;1;4;2;1979.0;1;8;0;-1;24;11;2023;12:30;1;91;91432;2;1;1;7;48.70065;2.32467;4;2;2;0;1;1; -1;1;0;1;30;Blessé léger;4
202300006937;155 668 223;A01;10;1;2;3;24;0;203 834 796;1;1;1;1;1970.0;5;8;0;-1;24;11;2023;12:30;1;91;91432;2;1;1;7;48.70065;2.32467;4;2;2;0;1;1; -1;1;0;1;30;Indemne;4
202300006961;155 668 175;A01;1;0;2;0;15;5;203 834 730;1;1;4;1;1992.0;5;8;0;-1;18;8;2023;00:30;5;75;75101;2;4;1;3;48.863705;2.348202;4;1; -1;-1;1;1; -1;1;0;1;-1;Blessé léger;4
202300006961;155 668 175;A01;1;0;2;0;15;5;203 834 730;1;1;4;1;1992.0;5;8;0;-1;18;8;2023;00:30;5;75;75101;2;4;1;3;48.863705;2.348202;4;1;1;0;1;1; -1;1;0;1;30;Blessé léger;4
202300006968;155 668 163;B01;1;0;2;0;1;5;203 834 716;1;1;4;1;1997.0;5;2;0;-1;6;6;2023;07:55;1;75;75115;2;2;1;2;48.845123;2.311121;4;-1;2;1;1;1; -1;1;0;1;30;Blessé léger;1
202300006968;155 668 163;B01;1;0;2;0;1;5;203 834 716;1;1;4;1;1997.0;5;2;0;-1;6;6;2023;07:55;1;75;75115;2;2;1;2;48.845123;2.311121;4;-1;2;1;1;1; -1;1;0;1;30;Blessé léger;1
202300006968;155 668 168;A01;7;0;2;8;1;1;203 834 724;1;1;1;1;1965.0;5;1;0;-1;6;6;2023;07:55;1;75;75115;2;2;1;2;48.845123;2.311121;4;-1;2;1;1;1; -1;1;0;1;30;Indemne;1
202300006968;155 668 168;A01;7;0;2;8;1;1;203 834 724;1;1;1;1;1965.0;5;1;0;-1;6;6;2023;07:55;1;75;75115;2;2;1;2;48.845123;2.311121;4;-1;2;1;1;1; -1;1;0;1;30;Indemne;1
202300006969;155 668 161;A01;10;0;9;1;1;1;203 834 714;1;1;1;1;1987.0;4;1;-1;-1;12;7;2023;13:15;1;38;38349;1;2;1;3;45.328239;4.781606;4;2;2;0;1;1; -1;1;0;1;50;Indemne;2
202300006969;155 668 161;A01;10;0;9;1;1;1;203 834 714;1;1;1;1;1987.0;4;1;-1;-1;12;7;2023;13:15;1;38;38349;1;2;1;3;45.328239;4.781606;4;2;2;0;1;1; -1;1;0;1;70;Indemne;2
202300006969;155 668 167;B01;1;0;2;8;19;5;203 834 721;1;1;3;1;1989.0;5;2;6;-1;12;7;2023;13:15;1;38;38349;1;2;1;3;45.328239;4.781606;4;2;2;0;1;1; -1;1;0;1;50;Blessé hospitalisé;2
202300006969;155 668 167;B01;1;0;2;8;19;5;203 834 721;1;1;3;1;1989.0;5;2;6;-1;12;7;2023;13:15;1;38;38349;1;2;1;3;45.328239;4.781606;4;2;2;0;1;1; -1;1;0;1;70;Blessé hospitalisé;2
202300006975;155 668 152;A01;1;0;1;1;1;5;203 834 701;1;1;1;1;1991.0;5;2;0;-1;16;8;2023;10:08;1;75;75103;2;2;1;6;48.861222;2.353493;4;2; -1;1;1;1; -1;1;0;1;30;Indemne;2
202300006975;155 668 152;A01;1;0;1;1;1;5;203 834 701;1;1;1;1;1991.0;5;2;0;-1;16;8;2023;10:08;1;75;75103;2;2;1;6;48.861222;2.353493;4;-1; -1;0;1;1; -1;1;0;1;30;Indemne;2
202300006975;155 668 152;A01;1;0;1;1;1;5;203 834 703;10;3;4;2;1961.0;5;0;-1;-1;16;8;2023;10:08;1;75;75103;2;2;1;6;48.861222;2.353493;4;2; -1;1;1;1; -1;1;0;1;30;Blessé léger;2
202300006975;155 668 152;A01;1;0;1;1;1;5;203 834 703;10;3;4;2;1961.0;5;0;-1;-1;16;8;2023;10:08;1;75;75103;2;2;1;6;48.861222;2.353493;4;-1; -1;0;1;1; -1;1;0;1;30;Blessé léger;2
202300006987;155 668 128;Y01;1;0;2;1;17;5;203 834 671;1;1;4;1;1981.0;1;2;0;-1;20;6;2023;19:45;1;94;94080;2;2;1;3;48.848412;2.434538;3;2;2;0;1;1; -1;1;0;1;50;Blessé léger;1
202300006987;155 668 128;Y01;1;0;2;1;17;5;203 834 671;1;1;4;1;1981.0;1;2;0;-1;20;6;2023;19:45;1;94;94080;2;2;1;3;48.848412;2.434538;3;1; -1;1;1;1; -1;1;-1;1;-1;Blessé léger;1
202300006987;155 668 130;A01;7;0;2;3;15;1;203 834 673;1;1;1;1;1980.0;0;1;0;-1;20;6;2023;19:45;1;94;94080;2;2;1;3;48.848412;2.434538;3;2;2;0;1;1; -1;1;0;1;50;Indemne;1
202300006987;155 668 130;A01;7;0;2;3;15;1;203 834 673;1;1;1;1;1980.0;0;1;0;-1;20;6;2023;19:45;1;94;94080;2;2;1;3;48.848412;2.434538;3;1; -1;1;1;1; -1;1;-1;1;-1;Indemne;1
202300006995;155 668 112;B01;1;0;2;2;15;5;203 834 649;1;1;4;2;1974.0;1;8;8;-1;14;12;2023;08:10;5;89;89387;2;6;1;3;48.20546;3.27762;4;2;2;2;1;2; -1;1;0;5;50;Blessé léger;3
202300006995;155 668 118;A01;7;0;2;3;9;1;203 834 659;1;1;1;1;1944.0;3;1;0;-1;14;12;2023;08:10;5;89;89387;2;6;1;3;48.20546;3.27762;4;2;2;2;1;2; -1;1;0;5;50;Indemne;3
202300006996;155 668 111;A01;7;11;2;1;21;1;203 834 647;1;1;1;1;1945.0;5;1;-1;-1;12;7;2023;15:00;1;17;17121;1;9;1;4;46.198332;-1.426257;3;2;2;1;1;3; -1;1;9;5;50;Indemne;2
202300006996;155 668 115;B01;1;0;2;7;19;5;203 834 653;1;1;3;1;2012.0;5;2;-1;-1;12;7;2023;15:00;1;17;17121;1;9;1;4;46.198332;-1.426257;3;2;2;1;1;3; -1;1;9;5;50;Blessé hospitalisé;2
202300006996;155 668 117;C01;7;0;2;5;23;1;203 834 657;1;1;1;1;1963.0;5;1;-1;-1;12;7;2023;15:00;1;17;17121;1;9;1;4;46.198332;-1.426257;3;2;2;1;1;3; -1;1;9;5;50;Indemne;2
202300006996;155 668 117;C01;7;0;2;5;23;1;203 834 658;2;2;1;2;1956.0;5;1;-1;-1;12;7;2023;15:00;1;17;17121;1;9;1;4;46.198332;-1.426257;3;2;2;1;1;3; -1;1;9;5;50;Indemne;2
202300006998;155 668 110;A01;7;0;2;7;23;0;203 834 646;1;1;1;1;1989.0;5;1;0;-1;22;3;2023;19:45;5;94;94043;2;6;2;3;48.80969;2.36264;3;3;5;3;1;1; -1;2;6;1;50;Indemne;2
202300006998;155 668 116;B01;1;14;2;7;1;5;203 834 655;1;1;4;1;1996.0;5;8;0;-1;22;3;2023;19:45;5;94;94043;2;6;2;3;48.80969;2.36264;3;3;5;3;1;1; -1;2;6;1;50;Blessé léger;2
202300007014;155 668 084;A01;1;0;2;8;1;5;203 834 613;1;1;3;1;2000.0;0;8;0;-1;16;8;2023;19:50;1;94;94041;2;1;1;3;48.81857;2.37369;3;2;0;2;1;1; -1;1;0;5;50;Blessé hospitalisé;2
202300007029;155 668 052;Y01;1;0;2;6;15;5;203 834 572;1;1;4;1;2008.0;0;8;0;-1;5;6;2023;22:50;5;94;94080;2;1;1;3;48.84456034;2.4396476;3;2;0;2;1;1; -1;1;0;1;50;Blessé léger;0
202300007029;155 668 054;A01;33;0;2;5;1;0;203 834 575;1;1;1;2;2000.0;0;2;6;-1;5;6;2023;22:50;5;94;94080;2;1;1;3;48.84456034;2.4396476;3;2;0;2;1;1; -1;1;0;1;50;Indemne;0
202300007034;155 668 046;B01;1;0;2;0;0;5;203 834 567;1;1;4;1;1985.0;0;8;0;-1;11;8;2023;19:00;2;94;94079;2;6;2;3;48.83168764;2.53342983;3;1; -1;0;1;1; -1;2;9;1;-1;Blessé léger;4