Num_Acc;id_vehicule;num_veh;catv;obs;obsm;choc;manv;motor;id_usager;place;catu;grav;sexe;an_nais;trajet;secu1;secu2;secu3;jour;mois;an;hrmn;lum;dep;com;agg;int;atm;col;lat;long;catr;circ;nbv;vosp;prof;plan;larrout;surf;infra;situ;vma;gravity;day_of_week
202300007034;155 668 046;B01;1;0;2;0;0;5;203 834 567;1;1;4;1;1985.0;0;8;0;-1;11;8;2023;19:00;2;94;94079;2;6;2;3;48.83168764;2.53342983;3;1;1;0;1;1; -1;2;9;1;30;Blessé léger;4
202300007034;155 668 048;A01;7;0;2;0;0;1;203 834 569;1;1;1;1;1983.0;0;1;0;-1;11;8;2023;19:00;2;94;94079;2;6;2;3;48.83168764;2.53342983;3;1; -1;0;1;1; -1;2;9;1;-1;Indemne;4
202300007034;155 668 048;A01;7;0;2;0;0;1;203 834 569;1;1;1;1;1983.0;0;1;0;-1;11;8;2023;19:00;2;94;94079;2;6;2;3;48.83168764;2.53342983;3;1;1;0;1;1; -1;2;9;1;30;Indemne;4
202300007035;155 668 043;A01;7;0;2;1;1;1;203 834 559;1;1;1;1;1997.0;4;1;0;-1;6;6;2023;13:25;1;94;94046;2;1;1;3;48.802568;2.447094;3;1;3;2;1;1; -1;1;0;1;50;Indemne;1
202300007035;155 668 043;A01;7;0;2;1;1;1;203 834 562;2;2;1;1;1996.0;0;1;0;-1;6;6;2023;13:25;1;94;94046;2;1;1;3;48.802568;2.447094;3;1;3;2;1;1; -1;1;0;1;50;Indemne;1
202300007035;155 668 045;B01;1;0;2;7;26;5;203 834 566;1;1;3;2;1998.0;4;2;0;-1;6;6;2023;13:25;1;94;94046;2;1;1;3;48.802568;2.447094;3;1;3;2;1;1; -1;1;0;1;50;Blessé hospitalisé;1
202300007038;155 668 037;A01;7;0;2;8;22;1;203 834 553;1;1;1;1;1985.0;0;8;0;-1;24;11;2023;14:30;1;67;67482;2;1;1;3;48.55681;7.74766;4;3;8;3;1;1; -1;1;-1;5;50;Indemne;4
202300007038;155 668 040;B01;1;1;0;1;1;5;203 834 555;1;1;4;1;1988.0;1;8;8;-1;24;11;2023;14:30;1;67;67482;2;1;1;3;48.55681;7.74766;4;3;8;3;1;1; -1;1;-1;5;50;Blessé léger;4
202300007050;155 668 014;A01;33;0;2;1;1;1;203 834 516;1;1;1;1;1989.0;0;2;6;-1;5;6;2023;11:10;1;94;94011;2;3;1;3;48.76559422;2.47689195;3;-1;1;1;1;1; -1;1;0;5;50;Indemne;0
202300007050;155 668 014;A01;33;0;2;1;1;1;203 834 516;1;1;1;1;1989.0;0;2;6;-1;5;6;2023;11:10;1;94;94011;2;3;1;3;48.76559422;2.47689195;3;-1;2;0;2;1; -1;1;0;5;50;Indemne;0
202300007050;155 668 019;B01;1;0;2;8;1;5;203 834 521;1;1;4;1;1994.0;5;8;8;-1;5;6;2023;11:10;1;94;94011;2;3;1;3;48.76559422;2.47689195;3;-1;1;1;1;1; -1;1;0;5;50;Blessé léger;0
202300007050;155 668 019;B01;1;0;2;8;1;5;203 834 521;1;1;4;1;1994.0;5;8;8;-1;5;6;2023;11:10;1;94;94011;2;3;1;3;48.76559422;2.47689195;3;-1;2;0;2;1; -1;1;0;5;50;Blessé léger;0
202300007059;155 667 999;B01;1;0;2;3;16;5;203 834 500;1;1;4;1;1978.0;5;0;8;-1;6;6;2023;13:40;1;75;75112;2;2;1;3;48.844494;2.4395;4;1; -1;-1;1;1; -1;1;0;1;-1;Blessé léger;1
202300007059;155 667 999;B01;1;0;2;3;16;5;203 834 500;1;1;4;1;1978.0;5;0;8;-1;6;6;2023;13:40;1;75;75112;2;2;1;3;48.844494;2.4395;4;2;2;0;1;1; -1;1;0;1;50;Blessé léger;1
202300007059;155 668 001;A01;7;0;2;3;16;1;203 834 502;1;1;1;1;1944.0;5;1;0;-1;6;6;2023;13:40;1;75;75112;2;2;1;3;48.844494;2.4395;4;1; -1;-1;1;1; -1;1;0;1;-1;Indemne;1
202300007059;155 668 001;A01;7;0;2;3;16;1;203 834 502;1;1;1;1;1944.0;5;1;0;-1;6;6;2023;13:40;1;75;75112;2;2;1;3;48.844494;2.4395;4;2;2;0;1;1; -1;1;0;1;50;Indemne;1
202300007071;155 667 970;B01;1;0;2;4;17;5;203 834 467;1;1;4;1;1997.0;3;8;0;-1;19;8;2023;17:52;1;93;93055;2;3;7;1;48.89975;2.39611;3;1;1;2;1;1; -1;1;0;1;50;Blessé léger;5
202300007071;155 667 970;B01;1;0;2;4;17;5;203 834 467;1;1;4;1;1997.0;3;8;0;-1;19;8;2023;17:52;1;93;93055;2;3;7;1;48.89975;2.39611;3;2;2;2;1;1; -1;1;0;1;-1;Blessé léger;5
202300007071;155 667 974;A01;7;0;2;3;2;1;203 834 471;1;1;1;1;1999.0;5;1;0;-1;19;8;2023;17:52;1;93;93055;2;3;7;1;48.89975;2.39611;3;1;1;2;1;1; -1;1;0;1;50;Indemne;5
202300007071;155 667 974;A01;7;0;2;3;2;1;203 834 471;1;1;1;1;1999.0;5;1;0;-1;19;8;2023;17:52;1;93;93055;2;3;7;1;48.89975;2.39611;3;2;2;2;1;1; -1;1;0;1;-1;Indemne;5
202300007093;155 667 932;A01;1;0;1;3;1;5;203 834 413;1;1;4;1;1994.0;1;8;0;-1;22;3;2023;19:50;5;92;92062;2;1;1;6;48.88476571;2.2392945;4;1;1;2;1;1; -1;1;0;1;50;Blessé léger;2
202300007093;155 667 932;A01;1;0;1;3;1;5;203 834 415;10;3;4;2;1995.0;0;0;-1;-1;22;3;2023;19:50;5;92;92062;2;1;1;6;48.88476571;2.2392945;4;1;1;2;1;1; -1;1;0;1;50;Blessé léger;2
202300007105;155 667 913;A01;1;0;0;0;1;5;203 834 386;1;1;3;2;1991.0;1;8;0;-1;6;6;2023;09:10;1;93;93008;2;1;1;7;48.90426;2.45486;4;2;2;0;1;1; -1;1;0;1;50;Blessé hospitalisé;1
202300007109;155 667 907;A01;13;0;0;0;2;1;203 834 381;1;1;1;1;1980.0;4;1;0;-1;22;3;2023;13:35;1;92;92012;2;1;8;7;48.83226;2.25954;3;1;1;0;2;1; -1;1;0;1;50;Indemne;2
202300007109;155 667 914;B01;80;0;0;0;2;3;203 834 387;1;1;4;2;1983.0;4;8;0;-1;22;3;2023;13:35;1;92;92012;2;1;8;7;48.83226;2.25954;3;1;1;0;2;1; -1;1;0;1;50;Blessé léger;2
202300007117;155 667 895;A01;1;0;2;1;26;5;203 834 363;1;1;3;1;1973.0;5;2;0;-1;4;6;2023;18:40;1;92;92046;2;2;1;7;48.81179547;2.28074402;3;2;3;0;1;1;9;1;0;1;50;Blessé hospitalisé;6
202300007117;155 667 895;A01;1;0;2;1;26;5;203 834 363;1;1;3;1;1973.0;5;2;0;-1;4;6;2023;18:40;1;92;92046;2;2;1;7;48.81179547;2.28074402;3;1;1;0;2;1; -1;1;5;1;50;Blessé hospitalisé;6
202300007117;155 667 900;B01;7;0;2;3;15;1;203 834 367;1;1;1;2;1960.0;5;1;0;-1;4;6;2023;18:40;1;92;92046;2;2;1;7;48.81179547;2.28074402;3;2;3;0;1;1;9;1;0;1;50;Indemne;6
202300007117;155 667 900;B01;7;0;2;3;15;1;203 834 367;1;1;1;2;1960.0;5;1;0;-1;4;6;2023;18:40;1;92;92046;2;2;1;7;48.81179547;2.28074402;3;1;1;0;2;1; -1;1;5;1;50;Indemne;6
202300007178;155 667 801;A01;33;0;2;2;0;1;203 834 235;1;1;1;1;1990.0;5;2;6;-1;7;6;2023;22:00;5;974;97412;2;1;1;3;-21.380581;55.609725;2;2;2;0;1;1; -1;2;0;1;50;Indemne;2
202300007178;155 667 803;B01;1;0;0;6;0;5;203 834 237;1;1;3;1;2007.0;5;2;-1;-1;7;6;2023;22:00;5;974;97412;2;1;1;3;-21.380581;55.609725;2;2;2;0;1;1; -1;2;0;1;50;Blessé hospitalisé;2
202300007216;155 667 743;A01;7;0;9;2;19;1;203 834 155;1;1;1;2;1957.0;5;1;-1;-1;20;8;2023;11:15;1;24;24309;2;2;1;3;45.10065;0.444469;3;2;2;0;2;1;5;1;0;1;50;Indemne;6
202300007216;155 667 743;A01;7;0;9;2;19;1;203 834 155;1;1;1;2;1957.0;5;1;-1;-1;20;8;2023;11:15;1;24;24309;2;2;1;3;45.10065;0.444469;3;2; -1;-1;2;1; -1;1;0;1;-1;Indemne;6
202300007216;155 667 745;B01;1;0;0;8;1;5;203 834 158;1;1;3;1;1978.0;5;2;-1;-1;20;8;2023;11:15;1;24;24309;2;2;1;3;45.10065;0.444469;3;2;2;0;2;1;5;1;0;1;50;Blessé hospitalisé;6
202300007216;155 667 745;B01;1;0;0;8;1;5;203 834 158;1;1;3;1;1978.0;5;2;-1;-1;20;8;2023;11:15;1;24;24309;2;2;1;3;45.10065;0.444469;3;2; -1;-1;2;1; -1;1;0;1;-1;Blessé hospitalisé;6
202300007223;155 667 732;A01;1;0;2;4;1;5;203 834 143;1;1;3;1;1957.0;5;2;-1;-1;6;6;2023;16:00;1;42;42313;1;1;1;2;45.732816;4.010171;3;2;2;0;1;1;7;1;0;1;70;Blessé hospitalisé;1
202300007223;155 667 733;B01;7;0;2;2;1;1;203 834 144;1;1;1;1;1981.0;0;8;-1;-1;6;6;2023;16:00;1;42;42313;1;1;1;2;45.732816;4.010171;3;2;2;0;1;1;7;1;0;1;70;Indemne;1
202300007231;155 667 714;B01;1;0;0;7;1;5;203 834 114;1;1;3;2;1966.0;5;0;-1;-1;29;12;2023;10:05;1;44;44154;2;1;1;3;47.244593;-2.158036;4;2;2;1;1;1; -1;2;0;5;50;Blessé hospitalisé;4
202300007231;155 667 717;A01;7;0;9;2;1;1;203 834 117;1;1;1;1;1939.0;5;1;-1;-1;29;12;2023;10:05;1;44;44154;2;1;1;3;47.244593;-2.158036;4;2;2;1;1;1; -1;2;0;5;50;Indemne;4
202300007232;155 667 713;A01;1;0;2;9;1;5;203 834 113;1;1;3;2;2015.0;5;2;9;-1;21;8;2023;11:55;1;71;71047;1;1;1;3;46.63128;3.718869;3;4;2;0;4;3;5,5;1;2;1;50;Blessé hospitalisé;0
202300007232;155 667 715;B01;17;0;2;8;1;1;203 834 115;1;1;1;1;1963.0;4;1;-1;-1;21;8;2023;11:55;1;71;71047;1;1;1;3;46.63128;3.718869;3;4;2;0;4;3;5,5;1;2;1;50;Indemne;0
202300007242;155 667 699;B01;1;6;0;0;1;5;203 834 094;1;1;2;1;1995.0;5;0;-1;-1;17;12;2023;07:45;5;69;69387;2;1;1;6;45.74988;4.83535;4;1;1;1;1;1; -1;9;0;4;50;Tué;6
202300007246;155 667 692;A01;7;0;9;1;1;1;203 834 083;1;1;1;2;1980.0;1;0;-1;-1;18;8;2023;07:35;1;68;68026;1;2;1;6;48.141209;7.339436;4;2;2;0;1;1; -1;1;0;1;50;Indemne;4
202300007246;155 667 692;A01;7;0;9;1;1;1;203 834 083;1;1;1;2;1980.0;1;0;-1;-1;18;8;2023;07:35;1;68;68026;1;2;1;6;48.141209;7.339436;4;2; -1;-1;1;1; -1;1;0;1;-1;Indemne;4
202300007246;155 667 693;B01;1;0;2;8;1;5;203 834 084;1;1;3;1;1973.0;5;2;6;-1;18;8;2023;07:35;1;68;68026;1;2;1;6;48.141209;7.339436;4;2;2;0;1;1; -1;1;0;1;50;Blessé hospitalisé;4
202300007246;155 667 693;B01;1;0;2;8;1;5;203 834 084;1;1;3;1;1973.0;5;2;6;-1;18;8;2023;07:35;1;68;68026;1;2;1;6;48.141209;7.339436;4;2; -1;-1;1;1; -1;1;0;1;-1;Blessé hospitalisé;4
202300007256;155 667 677;B01;1;0;2;1;1;5;203 834 060;1;1;3;1;1945.0;5;4;-1;-1;15;8;2023;14:50;1;86;86191;1;2;1;3;46.486894;0.787234;3;2;2;0;1;1;5,5;1;5;1;90;Blessé hospitalisé;1
202300007256;155 667 677;B01;1;0;2;1;1;5;203 834 060;1;1;3;1;1945.0;5;4;-1;-1;15;8;2023;14:50;1;86;86191;1;2;1;3;46.486894;0.787234;3;2; -1;-1;2;1; -1;1;5;1;80;Blessé hospitalisé;1
202300007256;155 667 678;A01;7;0;9;2;19;0;203 834 061;1;1;1;1;1963.0;5;8;-1;-1;15;8;2023;14:50;1;86;86191;1;2;1;3;46.486894;0.787234;3;2;2;0;1;1;5,5;1;5;1;90;Indemne;1
202300007256;155 667 678;A01;7;0;9;2;19;0;203 834 061;1;1;1;1;1963.0;5;8;-1;-1;15;8;2023;14:50;1;86;86191;1;2;1;3;46.486894;0.787234;3;2; -1;-1;2;1; -1;1;5;1;80;Indemne;1
202300007283;155 667 632;B01;1;0;2;1;19;5;203 833 987;1;1;3;1;1938.0;0;2;-1;-1;10;8;2023;11:15;1;56;56102;1;2;1;3;47.965151;-2.617879;3;2;2;-1;1;1; -1;1;0;1;-1;Blessé hospitalisé;3
202300007283;155 667 632;B01;1;0;2;1;19;5;203 833 987;1;1;3;1;1938.0;0;2;-1;-1;10;8;2023;11:15;1;56;56102;1;2;1;3;47.965151;-2.617879;3;2;2;0;1;1; -1;1;0;1;80;Blessé hospitalisé;3
202300007283;155 667 633;A01;33;0;2;2;1;1;203 833 988;1;1;4;1;1961.0;0;2;6;-1;10;8;2023;11:15;1;56;56102;1;2;1;3;47.965151;-2.617879;3;2;2;-1;1;1; -1;1;0;1;-1;Blessé léger;3
202300007283;155 667 633;A01;33;0;2;2;1;1;203 833 988;1;1;4;1;1961.0;0;2;6;-1;10;8;2023;11:15;1;56;56102;1;2;1;3;47.965151;-2.617879;3;2;2;0;1;1; -1;1;0;1;80;Blessé léger;3
202300007316;155 667 576;A01;7;0;2;1;1;1;203 833 903;1;1;1;2;1973.0;5;1;0;-1;19;9;2023;12:10;1;49;49099;2;2;1;3;47.0474;-0.84767;4;2;2;0;1;1; -1;1;0;1;50;Indemne;1
202300007316;155 667 576;A01;7;0;2;1;1;1;203 833 903;1;1;1;2;1973.0;5;1;0;-1;19;9;2023;12:10;1;49;49099;2;2;1;3;47.0474;-0.84767;4;2;2;0;1;1; -1;1;0;5;50;Indemne;1
202300007316;155 667 579;B01;1;0;2;5;1;5;203 833 906;1;1;4;1;1975.0;1;8;0;-1;19;9;2023;12:10;1;49;49099;2;2;1;3;47.0474;-0.84767;4;2;2;0;1;1; -1;1;0;1;50;Blessé léger;1
202300007316;155 667 579;B01;1;0;2;5;1;5;203 833 906;1;1;4;1;1975.0;1;8;0;-1;19;9;2023;12:10;1;49;49099;2;2;1;3;47.0474;-0.84767;4;2;2;0;1;1; -1;1;0;5;50;Blessé léger;1
202300007317;155 667 575;A01;1;0;0;7;26;5;203 833 902;1;1;4;1;2006.0;5;2;-1;-1;18;8;2023;15:45;1;65;65195;1;1;1;7;42.8084;0.401223;3;2;2;0;2;1;5;1;0;1;90;Blessé léger;4
202300007319;155 667 571;B01;1;0;2;8;13;5;203 833 898;1;1;3;1;1985.0;5;2;9;-1;17;8;2023;09:30;1;65;65039;1;1;1;3;42.925593;0.34785;3;2;2;0;2;1;5,5;1;0;1;80;Blessé hospitalisé;3
202300007319;155 667 573;A01;10;0;2;2;17;1;203 833 900;1;1;1;1;1986.0;5;1;-1;-1;17;8;2023;09:30;1;65;65039;1;1;1;3;42.925593;0.34785;3;2;2;0;2;1;5,5;1;0;1;80;Indemne;3
202300007335;155 667 550;A01;1;0;1;1;1;5;203 833 869;1;1;1;1;1993.0;5;2;0;-1;20;9;2023;14:00;1;37;37261;2;1;1;6;47.39275;0.67867;4;2;2;0;1;1; -1;1;0;1;50;Indemne;2
202300007335;155 667 550;A01;1;0;1;1;1;5;203 833 870;10;3;4;2;1971.0;5;0;-1;-1;20;9;2023;14:00;1;37;37261;2;1;1;6;47.39275;0.67867;4;2;2;0;1;1; -1;1;0;1;50;Blessé léger;2
202300007338;155 667 546;A01;1;16;0;8;0;5;203 833 864;1;1;3;1;1944.0;5;2;-1;-1;20;8;2023;10:40;1;63;63097;1;1;1;7;45.49128896;3.06965785;3;2;2;0;1;1;4;1;0;3;90;Blessé hospitalisé;6
202300007346;155 667 527;A01;1;0;2;1;2;5;203 833 839;1;1;3;1;1969.0;1;2;0;-1;20;9;2023;17:20;1;13;13209;2;1;2;2;43.24652133;5.3956803;4;2;4;0;2;1; -1;2;0;2;50;Blessé hospitalisé;2
202300007346;155 667 528;B01;7;0;9;4;1;1;203 833 840;1;1;1;2;1982.0;1;1;0;-1;20;9;2023;17:20;1;13;13209;2;1;2;2;43.24652133;5.3956803;4;2;4;0;2;1; -1;2;0;2;50;Indemne;2
202300007347;155 667 525;B01;80;0;2;3;9;3;203 833 837;1;1;4;2;1946.0;0;8;0;-1;20;9;2023;17:50;1;11;11069;2;9;8;3;43.21193;2.33005;4;1;1;0;1;2; -1;1;9;8;50;Blessé léger;2
202300007347;155 667 526;A01;7;0;2;3;9;1;203 833 838;1;1;1;2;1947.0;0;1;0;-1;20;9;2023;17:50;1;11;11069;2;9;8;3;43.21193;2.33005;4;1;1;0;1;2; -1;1;9;8;50;Indemne;2
202300007349;155 667 523;A01;1;1;0;3;1;5;203 833 835;1;1;4;1;2005.0;2;2;0;-1;20;9;2023;17:28;1;10;10387;2;1;1;-1;48.27415;4.0835;4;2;4;1;1;1; -1;1;0;5;50;Blessé léger;2
202300007365;155 667 498;B01;1;0;2;1;1;5;203 833 806;1;1;4;1;1999.0;5;8;0;-1;21;9;2023;02:15;5;75;75117;2;3;2;3;48.889985;2.321249;4;2;0;1;2;1; -1;2;0;1;30;Blessé léger;3
202300007365;155 667 498;B01;1;0;2;1;1;5;203 833 806;1;1;4;1;1999.0;5;8;0;-1;21;9;2023;02:15;5;75;75117;2;3;2;3;48.889985;2.321249;4;1;1;0;1;1; -1;2;0;1;30;Blessé léger;3
202300007366;155 667 495;A01;7;0;2;8;22;3;203 833 803;1;1;1;1;1959.0;5;1;8;-1;21;9;2023;18:40;1;75;75116;2;1;1;3;48.87002;2.286183;4;2;2;0;1;1; -1;1;0;1;30;Indemne;3
202300007366;155 667 496;B01;80;0;2;7;1;3;203 833 804;1;1;4;2;1990.0;5;2;8;-1;21;9;2023;18:40;1;75;75116;2;1;1;3;48.87002;2.286183;4;2;2;0;1;1; -1;1;0;1;30;Blessé léger;3
202300007368;155 667 491;A01;7;0;2;2;15;1;203 833 799;1;1;1;1;1948.0;5;8;0;-1;21;9;2023;15:00;1;75;75115;2;2;2;3;48.836861;2.283584;4;2;2;1;1;1; -1;2;0;5;30;Indemne;3
202300007368;155 667 491;A01;7;0;2;2;15;1;203 833 799;1;1;1;1;1948.0;5;8;0;-1;21;9;2023;15:00;1;75;75115;2;2;2;3;48.836861;2.283584;4;1;1;0;2;1; -1;2;0;5;30;Indemne;3
202300007368;155 667 492;B01;80;0;2;1;1;3;203 833 800;1;1;4;1;2000.0;1;8;0;-1;21;9;2023;15:00;1;75;75115;2;2;2;3;48.836861;2.283584;4;2;2;1;1;1; -1;2;0;5;30;Blessé léger;3
202300007368;155 667 492;B01;80;0;2;1;1;3;203 833 800;1;1;4;1;2000.0;1;8;0;-1;21;9;2023;15:00;1;75;75115;2;2;2;3;48.836861;2.283584;4;1;1;0;2;1; -1;2;0;5;30;Blessé léger;3
202300007370;155 667 487;A01;10;0;2;3;22;1;203 833 795;1;1;1;1;1982.0;1;1;0;-1;21;9;2023;08:10;1;75;75115;2;1;2;3;48.839032;2.278283;4;2;2;0;1;1; -1;2;0;1;30;Indemne;3
202300007370;155 667 488;B01;1;0;2;5;1;5;203 833 796;1;1;4;2;1964.0;9;8;0;-1;21;9;2023;08:10;1;75;75115;2;1;2;3;48.839032;2.278283;4;2;2;0;1;1; -1;2;0;1;30;Blessé léger;3
202300007372;155 667 485;A01;1;0;1;0;7;5;203 833 793;10;3;4;2;1929.0;5;8;8;-1;20;9;2023;11:50;1;75;75114;2;2;1;6;48.826531;2.34159;4;2;2;3;1;1; -1;1;0;1;50;Blessé léger;2
202300007372;155 667 485;A01;1;0;1;0;7;5;203 833 793;10;3;4;2;1929.0;5;8;8;-1;20;9;2023;11:50;1;75;75114;2;2;1;6;48.826531;2.34159;4;1;1;0;1;1; -1;1;0;1;30;Blessé léger;2
202300007374;155 667 481;A01;7;0;2;7;22;2;203 833 786;3;2;1;2;1974.0;5;1;0;-1;21;9;2023;17:38;1;75;75107;2;1;1;3;48.859949;2.316205;4;1;1;0;1;1; -1;1;0;1;30;Indemne;3
202300007374;155 667 481;A01;7;0;2;7;22;2;203 833 787;1;1;1;1;1989.0;1;1;8;-1;21;9;2023;17:38;1;75;75107;2;1;1;3;48.859949;2.316205;4;1;1;0;1;1; -1;1;0;1;30;Indemne;3
202300007374;155 667 481;A01;7;0;2;7;22;2;203 833 788;4;2;1;2;1983.0;5;1;0;-1;21;9;2023;17:38;1;75;75107;2;1;1;3;48.859949;2.316205;4;1;1;0;1;1; -1;1;0;1;30;Indemne;3
202300007374;155 667 482;B01;1;0;2;1;1;5;203 833 789;1;1;4;1;1979.0;1;8;0;-1;21;9;2023;17:38;1;75;75107;2;1;1;3;48.859949;2.316205;4;1;1;0;1;1; -1;1;0;1;30;Blessé léger;3
202300007377;155 667 477;A01;1;0;0;3;1;5;203 833 782;1;1;4;2;1969.0;1;8;0;-1;21;9;2023;07:50;1;75;75101;2;2;2;7;48.861985;2.350163;4;2;4;1;1;1; -1;2;0;1;30;Blessé léger;3
202300007377;155 667 477;A01;1;0;0;3;1;5;203 833 782;1;1;4;2;1969.0;1;8;0;-1;21;9;2023;07:50;1;75;75101;2;2;2;7;48.861985;2.350163;4;1;2;0;1;1; -1;2;6;1;30;Blessé léger;3
202300007378;155 667 475;B01;1;-1;2;0;1;5;203 833 780;1;1;4;2;1991.0;1;8;4;-1;19;9;2023;17:45;1;75;75104;2;2;1;3;48.850802;2.361437;4;1;4;1;1;1; -1;1;0;1;30;Blessé léger;1
202300007378;155 667 475;B01;1;-1;2;0;1;5;203 833 780;1;1;4;2;1991.0;1;8;4;-1;19;9;2023;17:45;1;75;75104;2;2;1;3;48.850802;2.361437;4;1;4;0;1;1; -1;1;0;1;30;Blessé léger;1
202300007378;155 667 476;A01;7;0;0;0;1;1;203 833 781;1;1;1;1;1975.0;5;8;0;-1;19;9;2023;17:45;1;75;75104;2;2;1;3;48.850802;2.361437;4;1;4;1;1;1; -1;1;0;1;30;Indemne;1
202300007378;155 667 476;A01;7;0;0;0;1;1;203 833 781;1;1;1;1;1975.0;5;8;0;-1;19;9;2023;17:45;1;75;75104;2;2;1;3;48.850802;2.361437;4;1;4;0;1;1; -1;1;0;1;30;Indemne;1
202300007379;155 667 473;A01;1;0;2;1;2;5;203 833 778;1;1;4;1;2005.0;0;8;0;-1;21;9;2023;11:25;1;94;94068;2;1;2;2;48.79555;2.50881;3;2;2;0;1;1; -1;2;0;1;30;Blessé léger;3
202300007379;155 667 474;B01;7;0;2;5;2;1;203 833 779;1;1;1;2;1974.0;1;1;0;-1;21;9;2023;11:25;1;94;94068;2;1;2;2;48.79555;2.50881;3;2;2;0;1;1; -1;2;0;1;30;Indemne;3
202300007411;155 667 422;A01;7;0;2;3;9;0;203 833 710;1;1;1;1;1964.0;5;1;-1;-1;22;8;2023;19:40;1;91;91560;1;6;1;3;48.675012;2.168072;3;1;2;0;1;2;7;1;0;1;50;Indemne;1
202300007411;155 667 423;B01;1;0;2;0;1;5;203 833 711;1;1;3;1;1935.0;5;2;-1;-1;22;8;2023;19:40;1;91;91560;1;6;1;3;48.675012;2.168072;3;1;2;0;1;2;7;1;0;1;50;Blessé hospitalisé;1
202300007417;155 667 412;A01;7;0;9;8;13;1;203 833 698;1;1;1;1;1982.0;5;1;-1;-1;22;9;2023;14:30;1;63;63132;1;1;2;3;45.617504;3.550301;3;2;2;0;2;3;5,5;2;0;1;90;Indemne;4
202300007417;155 667 413;B01;80;0;2;3;1;3;203 833 699;1;1;3;1;1945.0;5;0;-1;-1;22;9;2023;14:30;1;63;63132;1;1;2;3;45.617504;3.550301;3;2;2;0;2;3;5,5;2;0;1;90;Blessé hospitalisé;4
202300007431;155 667 391;B01;1;0;2;1;0;5;203 833 670;1;1;3;1;1951.0;5;2;-1;-1;18;9;2023;15:00;1;43;43051;2;2;1;3;45.055667;4.313464;3;2;2;0;1;1;5,5;1;9;1;50;Blessé hospitalisé;0
202300007431;155 667 391;B01;1;0;2;1;0;5;203 833 670;1;1;3;1;1951.0;5;2;-1;-1;18;9;2023;15:00;1;43;43051;2;2;1;3;45.055667;4.313464;3;2; -1;-1;1;1; -1;1;0;1;-1;Blessé hospitalisé;0
202300007431;155 667 392;A01;7;0;9;8;26;0;203 833 671;1;1;1;2;1988.0;2;1;-1;-1;18;9;2023;15:00;1;43;43051;2;2;1;3;45.055667;4.313464;3;2;2;0;1;1;5,5;1;9;1;50;Indemne;0
202300007431;155 667 392;A01;7;0;9;8;26;0;203 833 671;1;1;1;2;1988.0;2;1;-1;-1;18;9;2023;15:00;1;43;43051;2;2;1;3;45.055667;4.313464;3;2; -1;-1;1;1; -1;1;0;1;-1;Indemne;0
202300007447;155 667 364;B01;1;0;2;1;17;5;203 833 633;1;1;4;1;1999.0;5;2;-1;-1;7;9;2023;16:20;1;01;01249;2;3;7;3;45.823231;4.966727;4;2; -1;-1;2;1; -1;1;0;1;-1;Blessé léger;3
202300007447;155 667 364;B01;1;0;2;1;17;5;203 833 633;1;1;4;1;1999.0;5;2;-1;-1;7;9;2023;16:20;1;01;01249;2;3;7;3;45.823231;4.966727;4;2;2;0;1;1; -1;1;0;1;50;Blessé léger;3
202300007447;155 667 365;A01;10;0;0;8;15;1;203 833 634;1;1;1;1;1985.0;4;1;-1;-1;7;9;2023;16:20;1;01;01249;2;3;7;3;45.823231;4.966727;4;2; -1;-1;2;1; -1;1;0;1;-1;Indemne;3
202300007447;155 667 365;A01;10;0;0;8;15;1;203 833 634;1;1;1;1;1985.0;4;1;-1;-1;7;9;2023;16:20;1;01;01249;2;3;7;3;45.823231;4.966727;4;2;2;0;1;1; -1;1;0;1;50;Indemne;3
202300007449;155 667 360;B01;1;0;2;7;9;5;203 833 627;1;1;4;1;1997.0;5;2;-1;-1;20;9;2023;19:15;1;33;33243;2;6;1;3;44.90319;-0.221947;3;2;2;0;1;1; -1;1;0;1;50;Blessé léger;2
202300007449;155 667 360;B01;1;0;2;7;9;5;203 833 627;1;1;4;1;1997.0;5;2;-1;-1;20;9;2023;19:15;1;33;33243;2;6;1;3;44.90319;-0.221947;3;2;2;-1;1;1; -1;1;0;1;50;Blessé léger;2
202300007449;155 667 361;A01;7;0;2;3;1;1;203 833 628;1;1;1;2;1971.0;1;1;-1;-1;20;9;2023;19:15;1;33;33243;2;6;1;3;44.90319;-0.221947;3;2;2;0;1;1; -1;1;0;1;50;Indemne;2
202300007449;155 667 361;A01;7;0;2;3;1;1;203 833 628;1;1;1;2;1971.0;1;1;-1;-1;20;9;2023;19:15;1;33;33243;2;6;1;3;44.90319;-0.221947;3;2;2;-1;1;1; -1;1;0;1;50;Indemne;2
202300007482;155 667 301;A01;1;0;4;8;1;5;203 833 558;1;1;4;2;1997.0;0;0;-1;-1;20;9;2023;14:33;1;69;69387;2;8;1;3;45.74781;4.8336;4;1;2;3;1;1; -1;1;4;6;50;Blessé léger;2
202300007482;155 667 301;A01;1;0;4;8;1;5;203 833 558;1;1;4;2;1997.0;0;0;-1;-1;20;9;2023;14:33;1;69;69387;2;8;1;3;45.74781;4.8336;4;2;1;1;1;1; -1;1;4;6;30;Blessé léger;2
202300007482;155 667 302;B01;40;0;2;1;1;3;203 833 559;1;1;1;1;1985.0;4;1;-1;-1;20;9;2023;14:33;1;69;69387;2;8;1;3;45.74781;4.8336;4;1;2;3;1;1; -1;1;4;6;50;Indemne;2