Num_Acc;id_vehicule;num_veh;catv;obs;obsm;choc;manv;motor;id_usager;place;catu;grav;sexe;an_nais;trajet;secu1;secu2;secu3;jour;mois;an;hrmn;lum;dep;com;agg;int;atm;col;lat;long;catr;circ;nbv;vosp;prof;plan;larrout;surf;infra;situ;vma;gravity;day_of_week
202300007482;155 667 302;B01;40;0;2;1;1;3;203 833 559;1;1;1;1;1985.0;4;1;-1;-1;20;9;2023;14:33;1;69;69387;2;8;1;3;45.74781;4.8336;4;2;1;1;1;1; -1;1;4;6;30;Indemne;2
202300007503;155 667 260;B01;1;0;2;3;1;0;203 833 508;1;1;4;1;1968.0;1;2;0;-1;19;9;2023;20:00;1;69;69259;2;2;1;3;45.71687668;4.85628833;4;1;2;0;1;3; -1;1;0;1;50;Blessé léger;1
202300007503;155 667 260;B01;1;0;2;3;1;0;203 833 508;1;1;4;1;1968.0;1;2;0;-1;19;9;2023;20:00;1;69;69259;2;2;1;3;45.71687668;4.85628833;4;2;6;2;1;1; -1;1;0;1;50;Blessé léger;1
202300007507;155 667 252;A01;14;0;2;7;2;1;203 833 499;1;1;1;1;1984.0;0;1;0;-1;20;9;2023;10:00;1;64;64284;1;1;1;6;43.29335129;-0.41141063;3;2;2;0;1;1; -1;1;0;1;70;Indemne;2
202300007507;155 667 253;B01;80;0;2;8;2;3;203 833 500;1;1;4;2;1956.0;0;2;0;-1;20;9;2023;10:00;1;64;64284;1;1;1;6;43.29335129;-0.41141063;3;2;2;0;1;1; -1;1;0;1;70;Blessé léger;2
202300007508;155 667 250;A01;7;0;2;2;1;1;203 833 497;1;1;1;2;1991.0;0;1;0;-1;20;9;2023;08:30;1;64;64445;2;1;7;3;43.31125;-0.3634;4;3;3;0;1;1; -1;1;0;5;50;Indemne;2
202300007508;155 667 251;B01;80;0;2;7;19;3;203 833 498;1;1;4;2;1971.0;0;2;0;-1;20;9;2023;08:30;1;64;64445;2;1;7;3;43.31125;-0.3634;4;3;3;0;1;1; -1;1;0;5;50;Blessé léger;2
202300007537;155 667 202;A01;1;0;2;1;1;5;203 833 430;1;1;1;1;1981.0;4;8;0;-1;22;10;2023;17:20;1;75;75102;2;2;1;3;48.864411;2.351528;4;1;3;1;1;1; -1;1;0;1;30;Indemne;6
202300007537;155 667 202;A01;1;0;2;1;1;5;203 833 430;1;1;1;1;1981.0;4;8;0;-1;22;10;2023;17:20;1;75;75102;2;2;1;3;48.864411;2.351528;4;1;3;1;1;1; -1;1;0;1;30;Indemne;6
202300007537;155 667 203;B01;34;0;2;3;1;1;203 833 431;1;1;4;1;1986.0;5;2;6;-1;22;10;2023;17:20;1;75;75102;2;2;1;3;48.864411;2.351528;4;1;3;1;1;1; -1;1;0;1;30;Blessé léger;6
202300007537;155 667 203;B01;34;0;2;3;1;1;203 833 431;1;1;4;1;1986.0;5;2;6;-1;22;10;2023;17:20;1;75;75102;2;2;1;3;48.864411;2.351528;4;1;3;1;1;1; -1;1;0;1;30;Blessé léger;6
202300007540;155 667 198;A01;7;0;2;3;1;2;203 833 424;1;1;1;1;1971.0;1;1;0;-1;21;10;2023;22:20;5;94;94033;2;1;3;3;48.85711;2.49183;3;3;0;0;1;1;0;2;0;1;50;Indemne;5
202300007540;155 667 199;B01;1;0;2;2;19;5;203 833 425;1;1;3;1;1958.0;5;8;0;-1;21;10;2023;22:20;5;94;94033;2;1;3;3;48.85711;2.49183;3;3;0;0;1;1;0;2;0;1;50;Blessé hospitalisé;5
202300007542;155 667 195;A01;1;0;2;1;19;5;203 833 419;1;1;3;2;2000.0;0;8;0;-1;22;10;2023;11:55;1;93;93055;2;1;1;3;48.899037;2.407865;3;2;2;1;2;1; -1;2;1;5;50;Blessé hospitalisé;6
202300007542;155 667 196;B01;32;0;2;1;1;1;203 833 420;2;2;4;2;2000.0;0;2;0;-1;22;10;2023;11:55;1;93;93055;2;1;1;3;48.899037;2.407865;3;2;2;1;2;1; -1;2;1;5;50;Blessé léger;6
202300007542;155 667 196;B01;32;0;2;1;1;1;203 833 421;1;1;4;1;2001.0;0;2;0;-1;22;10;2023;11:55;1;93;93055;2;1;1;3;48.899037;2.407865;3;2;2;1;2;1; -1;2;1;5;50;Blessé léger;6
202300007547;155 667 185;A01;7;0;2;3;2;1;203 833 406;1;1;1;1;1978.0;0;1;0;-1;22;10;2023;11:30;1;93;93008;2;6;8;3;48.90955;2.44572;3;3;3;0;1;1;7;2;0;1;50;Indemne;6
202300007547;155 667 186;B01;1;0;2;1;25;5;203 833 407;1;1;4;2;2007.0;0;2;0;-1;22;10;2023;11:30;1;93;93008;2;6;8;3;48.90955;2.44572;3;3;3;0;1;1;7;2;0;1;50;Blessé léger;6
202300007548;155 667 183;A01;7;0;2;2;1;1;203 833 404;1;1;1;1;1982.0;4;1;0;-1;22;10;2023;20:30;5;92;92036;2;1;1;3;48.93362127;2.30274975;4;-1;2;0;1;1; -1;1;0;1;50;Indemne;6
202300007548;155 667 184;B01;1;0;2;8;19;5;203 833 405;1;1;4;1;1971.0;1;8;0;-1;22;10;2023;20:30;5;92;92036;2;1;1;3;48.93362127;2.30274975;4;-1;2;0;1;1; -1;1;0;1;50;Blessé léger;6
202300007556;155 667 170;B01;1;0;2;1;19;5;203 833 387;1;1;1;1;2009.0;5;2;-1;-1;22;3;2023;18:30;2;19;19063;2;1;1;1;45.13837056;1.58181667;4;2;1;0;2;3; -1;1;0;1;50;Indemne;2
202300007556;155 667 171;A01;1;0;2;1;1;5;203 833 388;1;1;3;1;1980.0;3;0;-1;-1;22;3;2023;18:30;2;19;19063;2;1;1;1;45.13837056;1.58181667;4;2;1;0;2;3; -1;1;0;1;50;Blessé hospitalisé;2
202300007563;155 667 160;A01;2;0;9;1;1;1;203 833 373;1;1;1;1;2008.0;5;2;-1;-1;22;10;2023;13:15;1;68;68126;2;1;1;1;47.565429;7.527024;4;2;2;0;1;1; -1;1;0;1;30;Indemne;6
202300007563;155 667 161;B01;1;0;2;1;1;5;203 833 374;1;1;4;1;1960.0;5;2;-1;-1;22;10;2023;13:15;1;68;68126;2;1;1;1;47.565429;7.527024;4;2;2;0;1;1; -1;1;0;1;30;Blessé léger;6
202300007566;155 667 154;B01;1;0;2;4;2;5;203 833 367;1;1;4;1;1973.0;5;2;6;-1;20;10;2023;10:25;2;29;29174;1;1;2;2;47.89751099;-4.3090853;3;2;2;0;1;1;5;2;0;1;80;Blessé léger;4
202300007566;155 667 155;A01;10;0;2;2;2;1;203 833 368;1;1;1;1;1979.0;5;1;-1;-1;20;10;2023;10:25;2;29;29174;1;1;2;2;47.89751099;-4.3090853;3;2;2;0;1;1;5;2;0;1;80;Indemne;4
202300007574;155 667 142;B01;7;0;2;7;19;1;203 833 352;1;1;1;1;1999.0;5;1;-1;-1;22;10;2023;14:00;1;14;14057;1;3;1;3;49.115755;-0.259776;3;2;2;0;1;1;5,5;1;0;1;80;Indemne;6
202300007574;155 667 142;B01;7;0;2;7;19;1;203 833 352;1;1;1;1;1999.0;5;1;-1;-1;22;10;2023;14:00;1;14;14057;1;3;1;3;49.115755;-0.259776;3;2;2;0;1;1;5,5;1;0;8;80;Indemne;6
202300007574;155 667 143;A01;1;0;2;2;1;5;203 833 353;1;1;3;1;1948.0;5;2;-1;-1;22;10;2023;14:00;1;14;14057;1;3;1;3;49.115755;-0.259776;3;2;2;0;1;1;5,5;1;0;1;80;Blessé hospitalisé;6
202300007574;155 667 143;A01;1;0;2;2;1;5;203 833 353;1;1;3;1;1948.0;5;2;-1;-1;22;10;2023;14:00;1;14;14057;1;3;1;3;49.115755;-0.259776;3;2;2;0;1;1;5,5;1;0;8;80;Blessé hospitalisé;6
202300007586;155 667 125;A01;7;0;2;3;15;2;203 833 322;1;1;1;1;1952.0;5;1;-1;-1;12;10;2023;07:00;2;974;97415;2;3;7;3;-21.04478126;55.22984147;3;3;2;0;2;1; -1;1;5;1;50;Indemne;3
202300007586;155 667 125;A01;7;0;2;3;15;2;203 833 322;1;1;1;1;1952.0;5;1;-1;-1;12;10;2023;07:00;2;974;97415;2;3;7;3;-21.04478126;55.22984147;3;2; -1;-1;1;1; -1;1;5;1;-1;Indemne;3
202300007586;155 667 126;B01;1;0;2;3;1;5;203 833 323;1;1;3;2;1959.0;5;2;6;-1;12;10;2023;07:00;2;974;97415;2;3;7;3;-21.04478126;55.22984147;3;3;2;0;2;1; -1;1;5;1;50;Blessé hospitalisé;3
202300007586;155 667 126;B01;1;0;2;3;1;5;203 833 323;1;1;3;2;1959.0;5;2;6;-1;12;10;2023;07:00;2;974;97415;2;3;7;3;-21.04478126;55.22984147;3;2; -1;-1;1;1; -1;1;5;1;-1;Blessé hospitalisé;3
202300007593;155 667 113;A01;7;0;9;2;2;1;203 833 305;1;1;1;1;1943.0;5;1;-1;-1;22;10;2023;11:40;1;63;63247;1;1;1;2;45.566513;2.948649;3;2;2;0;2;1;7;2;0;1;90;Indemne;6
202300007593;155 667 114;B01;1;0;0;4;2;5;203 833 306;1;1;3;1;1956.0;5;2;4;-1;22;10;2023;11:40;1;63;63247;1;1;1;2;45.566513;2.948649;3;2;2;0;2;1;7;2;0;1;90;Blessé hospitalisé;6
202300007597;155 667 106;B01;1;0;0;0;26;5;203 833 297;1;1;3;1;2006.0;5;0;-1;-1;22;10;2023;11:45;1;59;59465;1;1;1;7;50.124007;3.592637;4;-1;2;0;1;1; -1;1;0;1;50;Blessé hospitalisé;6
202300007597;155 667 107;A01;36;0;0;0;26;1;203 833 298;1;1;1;1;1970.0;5;2;-1;-1;22;10;2023;11:45;1;59;59465;1;1;1;7;50.124007;3.592637;4;-1;2;0;1;1; -1;1;0;1;50;Indemne;6
202300007621;155 667 061;A01;7;0;2;1;1;1;203 833 225;1;1;1;1;1985.0;0;1;0;-1;20;10;2023;08:45;1;973;97302;2;1;1;3;4.93477;-52.30857;3;2;2;0;1;1; -1;1;0;1;50;Indemne;4
202300007621;155 667 062;B01;1;0;2;4;19;5;203 833 226;1;1;4;1;2010.0;2;8;0;-1;20;10;2023;08:45;1;973;97302;2;1;1;3;4.93477;-52.30857;3;2;2;0;1;1; -1;1;0;1;50;Blessé léger;4
202300007647;155 667 018;A01;1;0;2;4;2;5;203 833 168;1;1;4;2;1989.0;0;2;-1;-1;21;10;2023;12:03;1;51;51454;2;2;1;3;49.25097;4.04067;4;2; -1;-1;1;1; -1;1;0;1;-1;Blessé léger;5
202300007647;155 667 018;A01;1;0;2;4;2;5;203 833 168;1;1;4;2;1989.0;0;2;-1;-1;21;10;2023;12:03;1;51;51454;2;2;1;3;49.25097;4.04067;4;-1;1;0;1;1; -1;1;0;1;50;Blessé léger;5
202300007672;155 666 974;A01;7;0;2;7;22;1;203 833 108;3;2;1;2;2000.0;4;1;8;-1;21;10;2023;13:48;1;75;75119;2;2;2;2;48.886629;2.384844;4;4;4;1;1;1; -1;2;-1;5;30;Indemne;5
202300007672;155 666 974;A01;7;0;2;7;22;1;203 833 108;3;2;1;2;2000.0;4;1;8;-1;21;10;2023;13:48;1;75;75119;2;2;2;2;48.886629;2.384844;4;2; -1;-1;1;1; -1;2;-1;5;-1;Indemne;5
202300007672;155 666 974;A01;7;0;2;7;22;1;203 833 109;1;1;1;1;1993.0;5;1;8;-1;21;10;2023;13:48;1;75;75119;2;2;2;2;48.886629;2.384844;4;4;4;1;1;1; -1;2;-1;5;30;Indemne;5
202300007672;155 666 974;A01;7;0;2;7;22;1;203 833 109;1;1;1;1;1993.0;5;1;8;-1;21;10;2023;13:48;1;75;75119;2;2;2;2;48.886629;2.384844;4;2; -1;-1;1;1; -1;2;-1;5;-1;Indemne;5
202300007672;155 666 975;B01;1;0;2;1;1;5;203 833 110;1;1;4;2;1996.0;5;2;8;-1;21;10;2023;13:48;1;75;75119;2;2;2;2;48.886629;2.384844;4;4;4;1;1;1; -1;2;-1;5;30;Blessé léger;5
202300007672;155 666 975;B01;1;0;2;1;1;5;203 833 110;1;1;4;2;1996.0;5;2;8;-1;21;10;2023;13:48;1;75;75119;2;2;2;2;48.886629;2.384844;4;2; -1;-1;1;1; -1;2;-1;5;-1;Blessé léger;5
202300007676;155 666 967;B01;1;0;1;1;1;5;203 833 099;10;3;4;1;2001.0;5;0;-1;-1;20;10;2023;16:30;1;75;75114;2;4;2;6;48.83445;2.333449;4;2;4;1;1;1; -1;2;0;5;30;Blessé léger;4
202300007676;155 666 967;B01;1;0;1;1;1;5;203 833 099;10;3;4;1;2001.0;5;0;-1;-1;20;10;2023;16:30;1;75;75114;2;4;2;6;48.83445;2.333449;4;1; -1;0;1;3; -1;2;0;5;30;Blessé léger;4
202300007676;155 666 967;B01;1;0;1;1;1;5;203 833 100;1;1;4;2;2001.0;5;8;0;-1;20;10;2023;16:30;1;75;75114;2;4;2;6;48.83445;2.333449;4;2;4;1;1;1; -1;2;0;5;30;Blessé léger;4
202300007676;155 666 967;B01;1;0;1;1;1;5;203 833 100;1;1;4;2;2001.0;5;8;0;-1;20;10;2023;16:30;1;75;75114;2;4;2;6;48.83445;2.333449;4;1; -1;0;1;3; -1;2;0;5;30;Blessé léger;4
202300007683;155 666 957;A01;33;0;2;1;1;1;203 833 087;1;1;1;1;1973.0;1;2;6;-1;20;10;2023;21:04;5;75;75107;2;1;2;2;48.862898;2.317681;4;-1;2;1;1;1; -1;2;0;1;30;Indemne;4
202300007683;155 666 958;B01;1;0;2;4;1;5;203 833 088;1;1;4;1;1997.0;1;8;0;-1;20;10;2023;21:04;5;75;75107;2;1;2;2;48.862898;2.317681;4;-1;2;1;1;1; -1;2;0;1;30;Blessé léger;4
202300007684;155 666 955;A01;1;0;2;1;18;5;203 833 085;1;1;4;2;1993.0;5;8;0;-1;21;10;2023;19:45;5;75;75102;2;4;2;3;48.869125;2.343204;4;1; -1;0;1;1; -1;2;-1;6;30;Blessé léger;5
202300007684;155 666 955;A01;1;0;2;1;18;5;203 833 085;1;1;4;2;1993.0;5;8;0;-1;21;10;2023;19:45;5;75;75102;2;4;2;3;48.869125;2.343204;4;1; -1;1;1;1; -1;2;-1;6;30;Blessé léger;5
202300007684;155 666 956;B01;7;0;2;7;16;1;203 833 086;1;1;1;2;1989.0;5;1;0;-1;21;10;2023;19:45;5;75;75102;2;4;2;3;48.869125;2.343204;4;1; -1;0;1;1; -1;2;-1;6;30;Indemne;5
202300007684;155 666 956;B01;7;0;2;7;16;1;203 833 086;1;1;1;2;1989.0;5;1;0;-1;21;10;2023;19:45;5;75;75102;2;4;2;3;48.869125;2.343204;4;1; -1;1;1;1; -1;2;-1;6;30;Indemne;5
202300007693;155 666 940;A01;1;0;2;1;1;5;203 833 063;1;1;4;1;1993.0;9;2;8;-1;21;10;2023;01:55;5;92;92046;2;1;1;1;48.81933718;2.30435157;3;2;2;1;1;1; -1;2;0;1;50;Blessé léger;5
202300007693;155 666 941;B01;30;0;9;1;1;0;203 833 064;1;1;1;1;1997.0;9;2;6;-1;21;10;2023;01:55;5;92;92046;2;1;1;1;48.81933718;2.30435157;3;2;2;1;1;1; -1;2;0;1;50;Indemne;5
202300007714;155 666 902;A01;7;0;2;3;15;1;203 833 009;1;1;1;1;1958.0;5;1;-1;-1;9;2;2023;07:35;2;31;31224;2;2;1;3;43.082254;0.575259;3;2;2;0;1;1; -1;1;0;1;50;Indemne;3
202300007714;155 666 902;A01;7;0;2;3;15;1;203 833 009;1;1;1;1;1958.0;5;1;-1;-1;9;2;2023;07:35;2;31;31224;2;2;1;3;43.082254;0.575259;3;2;2;0;1;2; -1;1;0;1;50;Indemne;3
202300007714;155 666 903;B01;1;0;2;8;1;5;203 833 010;1;1;3;2;1973.0;1;0;-1;-1;9;2;2023;07:35;2;31;31224;2;2;1;3;43.082254;0.575259;3;2;2;0;1;1; -1;1;0;1;50;Blessé hospitalisé;3
202300007714;155 666 903;B01;1;0;2;8;1;5;203 833 010;1;1;3;2;1973.0;1;0;-1;-1;9;2;2023;07:35;2;31;31224;2;2;1;3;43.082254;0.575259;3;2;2;0;1;2; -1;1;0;1;50;Blessé hospitalisé;3
202300007717;155 666 898;B01;1;0;2;1;17;5;203 833 005;1;1;3;1;1969.0;1;2;4;-1;10;2;2023;07:30;1;06;06032;2;1;1;6;43.723126;7.396309;7;2;2;0;1;1; -1;1;0;1;-1;Blessé hospitalisé;4
202300007717;155 666 899;A01;7;0;9;3;15;0;203 833 006;1;1;1;1;1969.0;1;1;-1;-1;10;2;2023;07:30;1;06;06032;2;1;1;6;43.723126;7.396309;7;2;2;0;1;1; -1;1;0;1;-1;Indemne;4
202300007735;155 666 865;B01;1;0;0;8;1;5;203 832 964;1;1;2;1;1945.0;5;0;-1;-1;9;2;2023;17:20;2;81;81210;2;1;7;3;43.53234;1.986101;3;2;2;0;1;1; -1;1;0;1;50;Tué;3
202300007735;155 666 866;A01;10;0;9;2;1;1;203 832 965;1;1;1;1;1940.0;9;8;-1;-1;9;2;2023;17:20;2;81;81210;2;1;7;3;43.53234;1.986101;3;2;2;0;1;1; -1;1;0;1;50;Indemne;3
202300007762;155 666 806;Y01;60;0;9;8;15;5;203 832 890;1;1;3;1;1987.0;1;0;-1;-1;8;2;2023;07:30;1;974;97416;2;9;1;6;-21.33069;55.47751;4;2;2;1;2;1; -1;1;9;5;20;Blessé hospitalisé;2
202300007762;155 666 807;A01;80;0;2;2;1;3;203 832 891;1;1;4;1;1980.0;1;8;8;-1;8;2;2023;07:30;1;974;97416;2;9;1;6;-21.33069;55.47751;4;2;2;1;2;1; -1;1;9;5;20;Blessé léger;2
202300007765;155 666 800;A01;80;0;2;8;1;3;203 832 884;1;1;4;1;2009.0;0;8;0;-1;8;2;2023;15:45;1;973;97302;2;6;1;3;4.92433;-52.32421;3;1;2;0;1;3; -1;1;0;1;50;Blessé léger;2
202300007771;155 666 789;A01;7;0;2;5;1;1;203 832 870;1;1;1;2;1952.0;5;1;-1;-1;7;2;2023;18:20;5;87;87085;2;1;1;6;45.82206;1.21523;3;3;4;1;2;1; -1;1;0;1;50;Indemne;1
202300007771;155 666 790;B01;80;0;2;0;1;3;203 832 871;1;1;3;2;1986.0;4;2;-1;-1;7;2;2023;18:20;5;87;87085;2;1;1;6;45.82206;1.21523;3;3;4;1;2;1; -1;1;0;1;50;Blessé hospitalisé;1
202300007788;155 666 761;A01;7;0;9;3;1;1;203 832 828;1;1;1;1;1974.0;0;1;0;-1;7;2;2023;16:22;1;57;57491;2;1;7;3;49.2455;6.03574;4;2;2;0;2;1; -1;1;0;1;50;Indemne;1
202300007788;155 666 762;B01;1;0;2;7;19;5;203 832 829;1;1;3;1;2018.0;0;8;0;-1;7;2;2023;16:22;1;57;57491;2;1;7;3;49.2455;6.03574;4;2;2;0;2;1; -1;1;0;1;50;Blessé hospitalisé;1
202300007811;155 666 723;B01;1;1;0;1;1;5;203 832 779;1;1;4;1;1975.0;1;8;0;-1;8;2;2023;13:20;1;75;75113;2;3;1;3;48.8237154;2.36490101;4;1;2;1;1;1; -1;1;0;5;30;Blessé léger;2
202300007811;155 666 723;B01;1;1;0;1;1;5;203 832 779;1;1;4;1;1975.0;1;8;0;-1;8;2;2023;13:20;1;75;75113;2;3;1;3;48.8237154;2.36490101;4;1;1;1;1;1; -1;1;0;5;30;Blessé léger;2
202300007811;155 666 724;A01;7;0;2;8;22;1;203 832 780;1;1;1;1;1962.0;4;8;0;-1;8;2;2023;13:20;1;75;75113;2;3;1;3;48.8237154;2.36490101;4;1;2;1;1;1; -1;1;0;5;30;Indemne;2
202300007811;155 666 724;A01;7;0;2;8;22;1;203 832 780;1;1;1;1;1962.0;4;8;0;-1;8;2;2023;13:20;1;75;75113;2;3;1;3;48.8237154;2.36490101;4;1;1;1;1;1; -1;1;0;5;30;Indemne;2
202300007812;155 666 722;A01;1;0;1;3;1;5;203 832 777;10;3;4;1;1967.0;5;0;-1;-1;8;2;2023;15:20;1;75;75112;2;1;1;6;48.84422;2.411025;4;2;6;1;1;1; -1;1;0;5;30;Blessé léger;2
202300007812;155 666 722;A01;1;0;1;3;1;5;203 832 778;1;1;1;1;1989.0;1;2;8;-1;8;2;2023;15:20;1;75;75112;2;1;1;6;48.84422;2.411025;4;2;6;1;1;1; -1;1;0;5;30;Indemne;2
202300007815;155 666 717;A01;1;0;1;1;1;5;203 832 771;10;3;4;1;1992.0;9;-1;-1;-1;8;2;2023;08:00;2;75;75111;2;3;1;6;48.853266;2.387717;4;-1;1;1;1;1; -1;1;0;5;30;Blessé léger;2
202300007815;155 666 717;A01;1;0;1;1;1;5;203 832 771;10;3;4;1;1992.0;9;-1;-1;-1;8;2;2023;08:00;2;75;75111;2;3;1;6;48.853266;2.387717;4;2;2;1;1;1; -1;1;0;5;30;Blessé léger;2
202300007815;155 666 717;A01;1;0;1;1;1;5;203 832 772;1;1;4;2;1986.0;9;8;0;-1;8;2;2023;08:00;2;75;75111;2;3;1;6;48.853266;2.387717;4;-1;1;1;1;1; -1;1;0;5;30;Blessé léger;2
202300007815;155 666 717;A01;1;0;1;1;1;5;203 832 772;1;1;4;2;1986.0;9;8;0;-1;8;2;2023;08:00;2;75;75111;2;3;1;6;48.853266;2.387717;4;2;2;1;1;1; -1;1;0;5;30;Blessé léger;2
202300007816;155 666 716;A01;1;0;1;4;5;5;203 832 769;1;1;1;1;1985.0;1;2;0;-1;8;2;2023;13:00;1;75;75110;2;1;1;6;48.881112;2.353331;4;1;2;0;1;1; -1;1;0;1;30;Indemne;2
202300007816;155 666 716;A01;1;0;1;4;5;5;203 832 770;10;3;4;1;1985.0;9;-1;-1;-1;8;2;2023;13:00;1;75;75110;2;1;1;6;48.881112;2.353331;4;1;2;0;1;1; -1;1;0;1;30;Blessé léger;2
202300007817;155 666 714;A01;7;0;2;2;1;1;203 832 767;1;1;1;1;1973.0;5;1;8;-1;7;2;2023;12:20;1;75;75108;2;2;1;3;48.8777889;2.31628597;4;1;1;1;1;1; -1;1;0;1;30;Indemne;1
202300007817;155 666 714;A01;7;0;2;2;1;1;203 832 767;1;1;1;1;1973.0;5;1;8;-1;7;2;2023;12:20;1;75;75108;2;2;1;3;48.8777889;2.31628597;4;1; -1;-1;1;1; -1;1;0;1;-1;Indemne;1
202300007817;155 666 715;B01;1;0;2;3;19;5;203 832 768;1;1;4;2;2010.0;5;8;0;-1;7;2;2023;12:20;1;75;75108;2;2;1;3;48.8777889;2.31628597;4;1;1;1;1;1; -1;1;0;1;30;Blessé léger;1
202300007817;155 666 715;B01;1;0;2;3;19;5;203 832 768;1;1;4;2;2010.0;5;8;0;-1;7;2;2023;12:20;1;75;75108;2;2;1;3;48.8777889;2.31628597;4;1; -1;-1;1;1; -1;1;0;1;-1;Blessé léger;1
202300007818;155 666 712;A01;1;0;2;7;11;5;203 832 765;1;1;1;1;2004.0;9;8;0;-1;8;2;2023;19:28;5;75;75101;2;3;1;3;48.8624762;2.35042781;4;2;5;1;1;1; -1;1;5;5;30;Indemne;2
202300007818;155 666 712;A01;1;0;2;7;11;5;203 832 765;1;1;1;1;2004.0;9;8;0;-1;8;2;2023;19:28;5;75;75101;2;3;1;3;48.8624762;2.35042781;4;1;1;1;1;1; -1;1;6;5;20;Indemne;2
202300007818;155 666 713;B01;1;0;2;8;1;5;203 832 766;1;1;4;2;1979.0;1;2;8;-1;8;2;2023;19:28;5;75;75101;2;3;1;3;48.8624762;2.35042781;4;2;5;1;1;1; -1;1;5;5;30;Blessé léger;2
202300007818;155 666 713;B01;1;0;2;8;1;5;203 832 766;1;1;4;2;1979.0;1;2;8;-1;8;2;2023;19:28;5;75;75101;2;3;1;3;48.8624762;2.35042781;4;1;1;1;1;1; -1;1;6;5;20;Blessé léger;2
202300007826;155 666 697;B01;1;0;2;1;1;5;203 832 748;1;1;4;1;1975.0;0;2;0;-1;8;2;2023;09:10;1;93;93070;2;2;1;3;48.91314;2.32668;4;2;2;0;1;1; -1;1;0;1;50;Blessé léger;2
202300007826;155 666 698;A01;7;0;0;3;1;1;203 832 749;1;1;1;1;1992.0;1;1;0;-1;8;2;2023;09:10;1;93;93070;2;2;1;3;48.91314;2.32668;4;2;2;0;1;1; -1;1;0;1;50;Indemne;2
202300007839;155 666 676;A01;7;1;9;8;0;1;203 832 720;1;1;1;2;1944.0;0;8;0;-1;8;2;2023;17:31;1;92;92051;2;2;1;6;48.89002522;2.27379978;4;2;2;1;1;1; -1;1;0;1;30;Indemne;2
202300007839;155 666 677;B01;1;1;0;1;0;5;203 832 721;1;1;4;1;1963.0;0;8;0;-1;8;2;2023;17:31;1;92;92051;2;2;1;6;48.89002522;2.27379978;4;2;2;1;1;1; -1;1;0;1;30;Blessé léger;2
202300007873;155 666 625;A01;1;0;0;6;2;5;203 832 650;1;1;4;2;1994.0;1;2;-1;-1;9;2;2023;13:30;1;74;74010;2;1;1;7;45.885071;6.095133;4;2;2;0;1;1;4;1;0;1;50;Blessé léger;3
202300007903;155 666 572;B01;1;0;0;4;15;5;203 832 581;1;1;4;1;1974.0;0;0;-1;-1;3;5;2023;12:15;1;59;59129;1;3;1;3;50.503137;3.177667;3;2;2;1;1;1;7;1;0;1;80;Blessé léger;2
202300007903;155 666 572;B01;1;0;0;4;15;5;203 832 581;1;1;4;1;1974.0;0;0;-1;-1;3;5;2023;12:15;1;59;59129;1;3;1;3;50.503137;3.177667;3;2; -1;0;1;1; -1;1;0;1;50;Blessé léger;2
202300007903;155 666 573;A01;15;0;2;2;1;1;203 832 582;1;1;1;1;1976.0;4;1;-1;-1;3;5;2023;12:15;1;59;59129;1;3;1;3;50.503137;3.177667;3;2;2;1;1;1;7;1;0;1;80;Indemne;2
202300007903;155 666 573;A01;15;0;2;2;1;1;203 832 582;1;1;1;1;1976.0;4;1;-1;-1;3;5;2023;12:15;1;59;59129;1;3;1;3;50.503137;3.177667;3;2; -1;0;1;1; -1;1;0;1;50;Indemne;2
202300007912;155 666 551;B01;14;0;9;7;15;1;203 832 551;1;1;1;1;1988.0;4;1;-1;-1;28;2;2023;10:30;1;43;43040;2;3;1;3;45.297992;3.380769;3;1;1;0;1;1;3;1;0;1;50;Indemne;1
202300007912;155 666 551;B01;14;0;9;7;15;1;203 832 551;1;1;1;1;1988.0;4;1;-1;-1;28;2;2023;10:30;1;43;43040;2;3;1;3;45.297992;3.380769;3;2; -1;-1;1;1; -1;1;0;1;-1;Indemne;1
202300007912;155 666 552;A01;1;0;2;1;19;5;203 832 552;1;1;3;1;1940.0;5;0;-1;-1;28;2;2023;10:30;1;43;43040;2;3;1;3;45.297992;3.380769;3;1;1;0;1;1;3;1;0;1;50;Blessé hospitalisé;1
202300007912;155 666 552;A01;1;0;2;1;19;5;203 832 552;1;1;3;1;1940.0;5;0;-1;-1;28;2;2023;10:30;1;43;43040;2;3;1;3;45.297992;3.380769;3;2; -1;-1;1;1; -1;1;0;1;-1;Blessé hospitalisé;1
202300007922;155 666 534;B01;1;0;2;4;0;5;203 832 527;1;1;3;1;1938.0;5;2;8;-1;1;5;2023;09:20;1;83;83126;2;6;1;3;43.08415;5.86618;3;2;2;0;1;1; -1;1;0;1;50;Blessé hospitalisé;0
202300007922;155 666 534;B01;1;0;2;4;0;5;203 832 527;1;1;3;1;1938.0;5;2;8;-1;1;5;2023;09:20;1;83;83126;2;6;1;3;43.08415;5.86618;3;2;2;0;1;1; -1;1;0;1;50;Blessé hospitalisé;0
202300007922;155 666 535;A01;7;0;2;2;1;1;203 832 528;1;1;1;1;1941.0;3;1;-1;-1;1;5;2023;09:20;1;83;83126;2;6;1;3;43.08415;5.86618;3;2;2;0;1;1; -1;1;0;1;50;Indemne;0