Num_Acc;id_vehicule;num_veh;catv;obs;obsm;choc;manv;motor;id_usager;place;catu;grav;sexe;an_nais;trajet;secu1;secu2;secu3;jour;mois;an;hrmn;lum;dep;com;agg;int;atm;col;lat;long;catr;circ;nbv;vosp;prof;plan;larrout;surf;infra;situ;vma;gravity;day_of_week
202300007922;155 666 535;A01;7;0;2;2;1;1;203 832 528;1;1;1;1;1941.0;3;1;-1;-1;1;5;2023;09:20;1;83;83126;2;6;1;3;43.08415;5.86618;3;2;2;0;1;1; -1;1;0;1;50;Indemne;0
202300007929;155 666 522;B01;1;0;2;3;1;5;203 832 512;1;1;4;1;1969.0;5;2;0;-1;1;5;2023;10:50;1;54;54099;2;3;1;3;49.242447;5.938245;3;2;2;0;1;1;5,5;1;0;1;50;Blessé léger;0
202300007929;155 666 522;B01;1;0;2;3;1;5;203 832 512;1;1;4;1;1969.0;5;2;0;-1;1;5;2023;10:50;1;54;54099;2;3;1;3;49.242447;5.938245;3;2; -1;0;1;3; -1;1;0;1;50;Blessé léger;0
202300007929;155 666 523;A01;7;0;2;2;15;1;203 832 513;1;1;1;2;1977.0;5;1;0;-1;1;5;2023;10:50;1;54;54099;2;3;1;3;49.242447;5.938245;3;2;2;0;1;1;5,5;1;0;1;50;Indemne;0
202300007929;155 666 523;A01;7;0;2;2;15;1;203 832 513;1;1;1;2;1977.0;5;1;0;-1;1;5;2023;10:50;1;54;54099;2;3;1;3;49.242447;5.938245;3;2; -1;0;1;3; -1;1;0;1;50;Indemne;0
202300007941;155 666 503;B01;1;0;2;7;1;5;203 832 483;1;1;4;1;2013.0;5;8;0;-1;30;4;2023;14:00;1;75;75116;2;2;1;3;48.868997;2.291569;4;2;4;3;1;1; -1;1;0;6;30;Blessé léger;6
202300007941;155 666 503;B01;1;0;2;7;1;5;203 832 483;1;1;4;1;2013.0;5;8;0;-1;30;4;2023;14:00;1;75;75116;2;2;1;3;48.868997;2.291569;4;1;1;0;1;1; -1;1;0;6;30;Blessé léger;6
202300007941;155 666 504;A01;7;0;2;3;15;1;203 832 484;1;1;1;1;1961.0;4;1;8;-1;30;4;2023;14:00;1;75;75116;2;2;1;3;48.868997;2.291569;4;2;4;3;1;1; -1;1;0;6;30;Indemne;6
202300007941;155 666 504;A01;7;0;2;3;15;1;203 832 484;1;1;1;1;1961.0;4;1;8;-1;30;4;2023;14:00;1;75;75116;2;2;1;3;48.868997;2.291569;4;1;1;0;1;1; -1;1;0;6;30;Indemne;6
202300007943;155 666 499;A01;80;0;2;5;2;3;203 832 477;1;1;3;1;2004.0;5;8;0;-1;29;4;2023;03:30;5;75;75101;2;1;1;3;48.863672;2.321585;4;1;3;3;1;1; -1;1;1;1;30;Blessé hospitalisé;5
202300007943;155 666 500;B01;37;0;2;5;2;1;203 832 478;1;1;1;1;1985.0;4;1;0;-1;29;4;2023;03:30;5;75;75101;2;1;1;3;48.863672;2.321585;4;1;3;3;1;1; -1;1;1;1;30;Indemne;5
202300007959;155 666 465;A01;7;0;9;8;22;0;203 832 433;1;1;1;1;1969.0;5;1;0;-1;1;5;2023;17:10;1;92;92012;2;1;1;3;48.835751;2.242292;3;2;2;0;1;1; -1;1;0;1;50;Indemne;0
202300007959;155 666 466;B01;1;1;2;1;22;5;203 832 434;1;1;4;1;2005.0;4;8;0;-1;1;5;2023;17:10;1;92;92012;2;1;1;3;48.835751;2.242292;3;2;2;0;1;1; -1;1;0;1;50;Blessé léger;0
202300008001;155 666 396;A01;1;0;0;0;0;5;203 832 334;1;1;2;1;1948.0;5;2;9;-1;2;5;2023;14:15;1;81;81105;1;1;1;7;43.77831;1.985779;4;2;2;0;1;1;4;1;0;3;50;Tué;1
202300008005;155 666 391;A01;80;0;2;3;1;3;203 832 327;1;1;4;1;1946.0;5;0;-1;-1;1;5;2023;16:20;1;33;33019;2;1;1;3;44.69178931;-1.01953179;4;-1;2;1;1;1; -1;1;0;1;20;Blessé léger;0
202300008005;155 666 392;B01;7;0;2;2;1;1;203 832 328;1;1;1;1;1948.0;9;1;-1;-1;1;5;2023;16:20;1;33;33019;2;1;1;3;44.69178931;-1.01953179;4;-1;2;1;1;1; -1;1;0;1;20;Indemne;0
202300008019;155 666 372;B01;1;0;2;0;1;5;203 832 292;1;1;4;1;2006.0;0;8;0;-1;30;4;2023;13:20;1;974;97407;2;1;1;1;-20.9419;55.29444;4;-1;2;0;1;1; -1;1;0;1;50;Blessé léger;6
202300008019;155 666 373;A01;7;0;2;1;1;1;203 832 293;1;1;1;2;2001.0;0;1;0;-1;30;4;2023;13:20;1;974;97407;2;1;1;1;-20.9419;55.29444;4;-1;2;0;1;1; -1;1;0;1;50;Indemne;6
202300008038;155 666 343;A01;1;0;2;8;1;5;203 832 246;1;1;3;2;1989.0;5;0;-1;-1;7;6;2023;18:40;1;50;50111;1;1;1;3;49.035283;-1.278464;3;2;2;0;2;1;5,5;1;0;3;80;Blessé hospitalisé;2
202300008038;155 666 344;B01;1;0;2;7;17;5;203 832 247;1;1;1;1;1990.0;5;0;-1;-1;7;6;2023;18:40;1;50;50111;1;1;1;3;49.035283;-1.278464;3;2;2;0;2;1;5,5;1;0;3;80;Indemne;2
202300008071;155 666 278;A01;1;0;2;1;5;5;203 832 139;1;1;4;2;1971.0;1;8;4;-1;24;11;2023;07:10;5;37;37214;2;4;2;3;47.41814;0.66528;4;2;4;1;1;1; -1;2;0;5;50;Blessé léger;4
202300008071;155 666 278;A01;1;0;2;1;5;5;203 832 139;1;1;4;2;1971.0;1;8;4;-1;24;11;2023;07:10;5;37;37214;2;4;2;3;47.41814;0.66528;4;1;1;0;1;1; -1;2;0;5;50;Blessé léger;4
202300008071;155 666 281;B01;7;0;2;3;0;1;203 832 142;1;1;1;1;1964.0;1;1;0;-1;24;11;2023;07:10;5;37;37214;2;4;2;3;47.41814;0.66528;4;2;4;1;1;1; -1;2;0;5;50;Indemne;4
202300008071;155 666 281;B01;7;0;2;3;0;1;203 832 142;1;1;1;1;1964.0;1;1;0;-1;24;11;2023;07:10;5;37;37214;2;4;2;3;47.41814;0.66528;4;1;1;0;1;1; -1;2;0;5;50;Indemne;4
202300008074;155 666 270;B01;1;0;2;1;1;5;203 832 123;1;1;4;1;1980.0;0;8;-1;-1;24;11;2023;17:40;2;35;35238;2;2;1;3;48.0959;-1.6615;4;2;2;2;1;1; -1;1;0;1;30;Blessé léger;4
202300008074;155 666 270;B01;1;0;2;1;1;5;203 832 123;1;1;4;1;1980.0;0;8;-1;-1;24;11;2023;17:40;2;35;35238;2;2;1;3;48.0959;-1.6615;4;2;2;2;1;1; -1;1;0;1;30;Blessé léger;4
202300008074;155 666 274;A01;7;0;2;3;15;1;203 832 125;1;1;1;2;1942.0;9;1;-1;-1;24;11;2023;17:40;2;35;35238;2;2;1;3;48.0959;-1.6615;4;2;2;2;1;1; -1;1;0;1;30;Indemne;4
202300008074;155 666 274;A01;7;0;2;3;15;1;203 832 125;1;1;1;2;1942.0;9;1;-1;-1;24;11;2023;17:40;2;35;35238;2;2;1;3;48.0959;-1.6615;4;2;2;2;1;1; -1;1;0;1;30;Indemne;4
202300008092;155 666 231;B01;1;0;2;4;26;5;203 832 070;1;1;2;2;1970.0;1;-1;-1;-1;6;6;2023;17:45;1;91;91661;1;1;7;1;48.693874;2.237616;3;2;2;0;1;1;5;1;0;1;50;Tué;1
202300008092;155 666 233;A01;14;0;2;3;1;0;203 832 073;1;1;1;1;1986.0;4;1;-1;-1;6;6;2023;17:45;1;91;91661;1;1;7;1;48.693874;2.237616;3;2;2;0;1;1;5;1;0;1;50;Indemne;1
202300008120;155 666 183;A01;7;0;9;5;18;1;203 832 011;1;1;1;2;1959.0;0;1;0;-1;29;4;2023;11:40;1;22;22113;2;1;1;2;48.73455;-3.4443;4;4;1;2;1;3; -1;1;5;5;50;Indemne;5
202300008120;155 666 185;B01;1;0;2;8;2;5;203 832 015;1;1;3;1;1947.0;5;2;8;-1;29;4;2023;11:40;1;22;22113;2;1;1;2;48.73455;-3.4443;4;4;1;2;1;3; -1;1;5;5;50;Blessé hospitalisé;5
202300008144;155 666 142;B01;1;0;0;0;1;5;203 831 962;1;1;1;1;2004.0;1;0;-1;-1;7;6;2023;05:15;1;27;27599;1;1;1;7;49.150093;1.381059;3;2;2;0;1;1;7;1;0;1;70;Indemne;2
202300008144;155 666 144;C01;33;0;0;0;1;1;203 831 964;1;1;3;1;1994.0;1;2;-1;-1;7;6;2023;05:15;1;27;27599;1;1;1;7;49.150093;1.381059;3;2;2;0;1;1;7;1;0;1;70;Blessé hospitalisé;2
202300008148;155 666 129;A01;7;0;2;1;1;1;203 831 946;1;1;1;1;1971.0;1;1;8;-1;30;4;2023;07:35;1;75;75120;2;1;1;3;48.855152;2.406141;4;2;2;0;1;2; -1;1;0;1;30;Indemne;6
202300008148;155 666 132;B01;1;0;2;1;1;5;203 831 949;1;1;4;2;1950.0;9;2;8;-1;30;4;2023;07:35;1;75;75120;2;1;1;3;48.855152;2.406141;4;2;2;0;1;2; -1;1;0;1;30;Blessé léger;6
202300008153;155 666 122;A01;1;12;0;1;16;5;203 831 937;1;1;4;1;2001.0;5;8;0;-1;30;4;2023;05:43;5;75;75119;2;3;1;6;48.882956;2.370613;4;2;4;1;1;1; -1;1;0;5;30;Blessé léger;6
202300008153;155 666 122;A01;1;12;0;1;16;5;203 831 937;1;1;4;1;2001.0;5;8;0;-1;30;4;2023;05:43;5;75;75119;2;3;1;6;48.882956;2.370613;4;1;2;1;1;1; -1;1;0;5;30;Blessé léger;6
202300008165;155 666 101;B01;1;0;2;6;23;5;203 831 908;1;1;1;1;1994.0;5;2;6;-1;30;4;2023;16:05;1;75;75113;2;1;1;2;48.829388;2.35632;4;3;6;1;1;1; -1;1;0;5;30;Indemne;6
202300008165;155 666 102;A01;50;0;2;2;2;3;203 831 909;1;1;4;2;1996.0;5;8;0;-1;30;4;2023;16:05;1;75;75113;2;1;1;2;48.829388;2.35632;4;3;6;1;1;1; -1;1;0;5;30;Blessé léger;6
202300008165;155 666 102;A01;50;0;2;2;2;3;203 831 910;2;2;1;2;2003.0;5;8;0;-1;30;4;2023;16:05;1;75;75113;2;1;1;2;48.829388;2.35632;4;3;6;1;1;1; -1;1;0;5;30;Indemne;6
202300008168;155 666 095;B01;32;0;2;3;1;1;203 831 900;1;1;1;1;1989.0;5;2;6;-1;30;4;2023;18:45;1;75;75112;2;1;1;3;48.841276;2.373387;4;1;3;0;1;1; -1;1;0;1;50;Indemne;6
202300008168;155 666 096;A01;1;0;2;2;12;5;203 831 901;1;1;4;2;1998.0;5;8;0;-1;30;4;2023;18:45;1;75;75112;2;1;1;3;48.841276;2.373387;4;1;3;0;1;1; -1;1;0;1;50;Blessé léger;6
202300008192;155 666 044;A01;7;0;2;5;16;1;203 831 834;1;1;1;2;1985.0;0;8;0;-1;30;4;2023;20:45;5;93;93055;2;3;1;3;48.89176;2.40643;3;2;2;0;1;1; -1;1;0;8;30;Indemne;6
202300008192;155 666 044;A01;7;0;2;5;16;1;203 831 834;1;1;1;2;1985.0;0;8;0;-1;30;4;2023;20:45;5;93;93055;2;3;1;3;48.89176;2.40643;3;3;4;1;1;1; -1;1;0;5;30;Indemne;6
202300008192;155 666 046;B01;1;0;2;1;1;5;203 831 837;1;1;4;1;1973.0;0;2;0;-1;30;4;2023;20:45;5;93;93055;2;3;1;3;48.89176;2.40643;3;2;2;0;1;1; -1;1;0;8;30;Blessé léger;6
202300008192;155 666 046;B01;1;0;2;1;1;5;203 831 837;1;1;4;1;1973.0;0;2;0;-1;30;4;2023;20:45;5;93;93055;2;3;1;3;48.89176;2.40643;3;3;4;1;1;1; -1;1;0;5;30;Blessé léger;6
202300008204;155 666 021;A01;1;0;1;8;1;5;203 831 805;10;3;4;1;1948.0;5;8;8;-1;24;11;2023;11:30;1;75;75115;2;1;1;6;48.844665;2.318606;4;2;0;1;1;1; -1;1;0;5;30;Blessé léger;4
202300008210;155 666 006;B01;1;0;2;8;2;5;203 831 788;2;2;4;1;2014.0;5;2;3;-1;22;11;2023;17:40;3;75;75114;2;2;1;3;48.833695;2.33192;4;2;4;3;1;1; -1;1;0;1;30;Blessé léger;2
202300008210;155 666 006;B01;1;0;2;8;2;5;203 831 788;2;2;4;1;2014.0;5;2;3;-1;22;11;2023;17:40;3;75;75114;2;2;1;3;48.833695;2.33192;4;1;3;0;1;1; -1;1;0;1;30;Blessé léger;2
202300008210;155 666 006;B01;1;0;2;8;2;5;203 831 789;1;1;1;1;1976.0;5;2;-1;-1;22;11;2023;17:40;3;75;75114;2;2;1;3;48.833695;2.33192;4;2;4;3;1;1; -1;1;0;1;30;Indemne;2
202300008210;155 666 006;B01;1;0;2;8;2;5;203 831 789;1;1;1;1;1976.0;5;2;-1;-1;22;11;2023;17:40;3;75;75114;2;2;1;3;48.833695;2.33192;4;1;3;0;1;1; -1;1;0;1;30;Indemne;2
202300008210;155 666 010;A01;7;0;2;7;16;3;203 831 793;1;1;1;1;1982.0;1;1;-1;-1;22;11;2023;17:40;3;75;75114;2;2;1;3;48.833695;2.33192;4;2;4;3;1;1; -1;1;0;1;30;Indemne;2
202300008210;155 666 010;A01;7;0;2;7;16;3;203 831 793;1;1;1;1;1982.0;1;1;-1;-1;22;11;2023;17:40;3;75;75114;2;2;1;3;48.833695;2.33192;4;1;3;0;1;1; -1;1;0;1;30;Indemne;2
202300008226;155 665 983;A01;1;0;1;1;17;5;203 831 754;1;1;1;1;1987.0;1;2;0;-1;24;11;2023;08:50;1;75;75111;2;3;1;6;48.853591;2.380406;4;1; -1;-1;1;1; -1;1;0;1;30;Indemne;4
202300008226;155 665 983;A01;1;0;1;1;17;5;203 831 754;1;1;1;1;1987.0;1;2;0;-1;24;11;2023;08:50;1;75;75111;2;3;1;6;48.853591;2.380406;4;1;2;0;1;1; -1;1;0;1;30;Indemne;4
202300008226;155 665 983;A01;1;0;1;1;17;5;203 831 757;10;3;4;1;1987.0;9;0;0;0;24;11;2023;08:50;1;75;75111;2;3;1;6;48.853591;2.380406;4;1; -1;-1;1;1; -1;1;0;1;30;Blessé léger;4
202300008226;155 665 983;A01;1;0;1;1;17;5;203 831 757;10;3;4;1;1987.0;9;0;0;0;24;11;2023;08:50;1;75;75111;2;3;1;6;48.853591;2.380406;4;1;2;0;1;1; -1;1;0;1;30;Blessé léger;4
202300008233;155 665 966;A01;7;0;2;1;1;1;203 831 732;1;1;1;1;1966.0;9;1;0;-1;24;11;2023;17:20;2;75;75110;2;3;1;1;48.88064;2.362017;4;1; -1;-1;1;1; -1;2;0;5;30;Indemne;4
202300008233;155 665 966;A01;7;0;2;1;1;1;203 831 732;1;1;1;1;1966.0;9;1;0;-1;24;11;2023;17:20;2;75;75110;2;3;1;1;48.88064;2.362017;4;4;4;1;1;1; -1;2;0;5;30;Indemne;4
202300008233;155 665 969;B01;1;0;2;1;1;5;203 831 736;1;1;4;2;1978.0;5;8;0;-1;24;11;2023;17:20;2;75;75110;2;3;1;1;48.88064;2.362017;4;1; -1;-1;1;1; -1;2;0;5;30;Blessé léger;4
202300008233;155 665 969;B01;1;0;2;1;1;5;203 831 736;1;1;4;2;1978.0;5;8;0;-1;24;11;2023;17:20;2;75;75110;2;3;1;1;48.88064;2.362017;4;4;4;1;1;1; -1;2;0;5;30;Blessé léger;4
202300008239;155 665 953;B01;1;0;2;1;21;5;203 831 719;1;1;4;1;1956.0;5;2;0;-1;10;7;2023;08:38;1;87;87085;1;1;1;6;45.861092;1.172945;3;2;2;0;2;1; -1;1;0;1;80;Blessé léger;0
202300008239;155 665 956;A01;10;0;2;8;10;1;203 831 723;1;1;1;1;2000.0;4;1;0;-1;10;7;2023;08:38;1;87;87085;1;1;1;6;45.861092;1.172945;3;2;2;0;2;1; -1;1;0;1;80;Indemne;0
202300008254;155 665 927;B01;1;0;2;8;19;5;203 831 681;1;1;3;1;1969.0;5;0;-1;-1;13;3;2023;14:00;1;74;74010;2;1;1;3;45.889762;6.114927;4;2;2;0;1;1; -1;1;0;1;50;Blessé hospitalisé;0
202300008254;155 665 931;A01;7;0;9;3;1;1;203 831 684;1;1;1;1;1986.0;5;8;-1;-1;13;3;2023;14:00;1;74;74010;2;1;1;3;45.889762;6.114927;4;2;2;0;1;1; -1;1;0;1;50;Indemne;0
202300008258;155 665 919;B01;1;0;2;8;1;5;203 831 670;1;1;4;1;1997.0;9;8;0;-1;24;11;2023;19:05;5;94;94002;2;9;1;3;48.81452962;2.41119843;3;-1;1;0;1;1; -1;1;0;1;50;Blessé léger;4
202300008258;155 665 919;B01;1;0;2;8;1;5;203 831 670;1;1;4;1;1997.0;9;8;0;-1;24;11;2023;19:05;5;94;94002;2;9;1;3;48.81452962;2.41119843;3;2;1;0;1;1; -1;1;0;1;50;Blessé léger;4
202300008258;155 665 920;A01;7;0;2;2;16;1;203 831 672;1;1;1;2;1971.0;0;1;0;-1;24;11;2023;19:05;5;94;94002;2;9;1;3;48.81452962;2.41119843;3;-1;1;0;1;1; -1;1;0;1;50;Indemne;4
202300008258;155 665 920;A01;7;0;2;2;16;1;203 831 672;1;1;1;2;1971.0;0;1;0;-1;24;11;2023;19:05;5;94;94002;2;9;1;3;48.81452962;2.41119843;3;2;1;0;1;1; -1;1;0;1;50;Indemne;4
202300008279;155 665 888;B01;1;0;2;3;1;5;203 831 620;1;1;4;1;1976.0;5;8;0;-1;4;6;2023;16:15;1;75;75116;2;1;1;3;48.851203;2.253295;4;2;2;0;1;1; -1;1;0;1;30;Blessé léger;6
202300008282;155 665 878;B01;10;0;2;6;15;1;203 831 605;1;1;1;1;1992.0;1;1;0;-1;5;6;2023;11:40;1;75;75115;2;2;1;3;48.84811;2.290123;4;1;1;1;1;1; -1;1;0;1;30;Indemne;0
202300008282;155 665 878;B01;10;0;2;6;15;1;203 831 605;1;1;1;1;1992.0;1;1;0;-1;5;6;2023;11:40;1;75;75115;2;2;1;3;48.84811;2.290123;4;1;1;1;1;1; -1;1;0;1;30;Indemne;0
202300008282;155 665 881;A01;1;0;2;7;1;5;203 831 608;1;1;4;2;1992.0;1;8;0;-1;5;6;2023;11:40;1;75;75115;2;2;1;3;48.84811;2.290123;4;1;1;1;1;1; -1;1;0;1;30;Blessé léger;0
202300008282;155 665 881;A01;1;0;2;7;1;5;203 831 608;1;1;4;2;1992.0;1;8;0;-1;5;6;2023;11:40;1;75;75115;2;2;1;3;48.84811;2.290123;4;1;1;1;1;1; -1;1;0;1;30;Blessé léger;0
202300008290;155 665 865;A01;7;0;2;1;17;1;203 831 590;1;1;1;1;2000.0;0;1;0;-1;14;12;2023;18:55;5;92;92004;2;1;1;2;48.91637682;2.30807863;3;-1;1;0;1;1; -1;1;0;1;50;Indemne;3
202300008290;155 665 870;B01;1;0;2;4;1;5;203 831 596;1;1;4;1;2000.0;0;8;0;-1;14;12;2023;18:55;5;92;92004;2;1;1;2;48.91637682;2.30807863;3;-1;1;0;1;1; -1;1;0;1;50;Blessé léger;3
202300008295;155 665 856;A01;7;0;2;2;19;1;203 831 580;1;1;1;2;1992.0;4;1;-1;-1;21;3;2023;18:05;1;36;36123;2;2;1;3;46.82118999;1.20929539;3;2;2;0;1;2; -1;1;0;1;50;Indemne;1
202300008295;155 665 856;A01;7;0;2;2;19;1;203 831 580;1;1;1;2;1992.0;4;1;-1;-1;21;3;2023;18:05;1;36;36123;2;2;1;3;46.82118999;1.20929539;3;2;2;-1;1;1; -1;1;0;1;30;Indemne;1
202300008295;155 665 861;B01;1;0;2;1;1;5;203 831 587;1;1;3;2;1954.0;5;0;-1;-1;21;3;2023;18:05;1;36;36123;2;2;1;3;46.82118999;1.20929539;3;2;2;0;1;2; -1;1;0;1;50;Blessé hospitalisé;1
202300008295;155 665 861;B01;1;0;2;1;1;5;203 831 587;1;1;3;2;1954.0;5;0;-1;-1;21;3;2023;18:05;1;36;36123;2;2;1;3;46.82118999;1.20929539;3;2;2;-1;1;1; -1;1;0;1;30;Blessé hospitalisé;1
202300008298;155 665 849;A01;7;0;2;1;1;1;203 831 569;1;1;1;1;1946.0;5;1;8;-1;10;7;2023;14:00;1;64;64373;2;3;1;3;43.2768;-0.35693;4;2;3;1;1;1; -1;1;0;1;50;Indemne;0
202300008298;155 665 849;A01;7;0;2;1;1;1;203 831 569;1;1;1;1;1946.0;5;1;8;-1;10;7;2023;14:00;1;64;64373;2;3;1;3;43.2768;-0.35693;4;2;3;1;1;1; -1;1;0;1;50;Indemne;0
202300008298;155 665 852;B01;1;0;2;8;19;5;203 831 572;1;1;4;1;2013.0;5;2;8;-1;10;7;2023;14:00;1;64;64373;2;3;1;3;43.2768;-0.35693;4;2;3;1;1;1; -1;1;0;1;50;Blessé léger;0
202300008298;155 665 852;B01;1;0;2;8;19;5;203 831 572;1;1;4;1;2013.0;5;2;8;-1;10;7;2023;14:00;1;64;64373;2;3;1;3;43.2768;-0.35693;4;2;3;1;1;1; -1;1;0;1;50;Blessé léger;0
202300008305;155 665 836;B01;1;0;2;0;15;5;203 831 554;1;1;4;2;1995.0;9;8;0;-1;5;6;2023;12:15;1;75;75111;2;3;1;3;48.868641;2.372086;4;2;4;1;1;1; -1;1;0;1;30;Blessé léger;0
202300008305;155 665 836;B01;1;0;2;0;15;5;203 831 554;1;1;4;2;1995.0;9;8;0;-1;5;6;2023;12:15;1;75;75111;2;3;1;3;48.868641;2.372086;4;1;1;1;1;1; -1;1;0;1;30;Blessé léger;0
202300008305;155 665 840;A01;33;0;2;1;17;1;203 831 558;1;1;1;1;2001.0;9;2;0;-1;5;6;2023;12:15;1;75;75111;2;3;1;3;48.868641;2.372086;4;2;4;1;1;1; -1;1;0;1;30;Indemne;0
202300008305;155 665 840;A01;33;0;2;1;17;1;203 831 558;1;1;1;1;2001.0;9;2;0;-1;5;6;2023;12:15;1;75;75111;2;3;1;3;48.868641;2.372086;4;1;1;1;1;1; -1;1;0;1;30;Indemne;0
202300008308;155 665 832;A01;7;1;0;3;15;1;203 831 550;1;1;1;2;1997.0;1;1;-1;-1;10;7;2023;07:40;1;63;63075;2;1;1;3;45.77543;3.05692;4;2;2;0;2;1; -1;1;0;1;50;Indemne;0
202300008308;155 665 835;B01;1;0;2;1;1;5;203 831 553;1;1;4;1;1985.0;1;2;4;-1;10;7;2023;07:40;1;63;63075;2;1;1;3;45.77543;3.05692;4;2;2;0;2;1; -1;1;0;1;50;Blessé léger;0
202300008314;155 665 822;A01;33;0;2;1;0;1;203 831 538;1;1;4;1;1961.0;0;2;0;-1;22;12;2023;18:55;5;30;30189;2;1;1;3;43.8198;4.3555;4;1;2;0;1;1; -1;1;0;1;50;Blessé léger;4
202300008314;155 665 823;B01;1;0;2;0;0;5;203 831 540;1;1;4;1;1978.0;0;0;0;-1;22;12;2023;18:55;5;30;30189;2;1;1;3;43.8198;4.3555;4;1;2;0;1;1; -1;1;0;1;50;Blessé léger;4
202300008321;155 665 809;A01;1;12;0;3;6;5;203 831 520;1;1;4;1;1942.0;5;8;0;-1;5;6;2023;09:55;1;75;75104;2;5;1;7;48.855545;2.359691;4;1;1;0;1;1; -1;1;0;5;30;Blessé léger;0
202300008321;155 665 809;A01;1;12;0;3;6;5;203 831 520;1;1;4;1;1942.0;5;8;0;-1;5;6;2023;09:55;1;75;75104;2;5;1;7;48.855545;2.359691;4;4;4;1;1;1; -1;1;0;5;30;Blessé léger;0
202300008323;155 665 806;A01;7;0;2;2;19;1;203 831 516;1;1;1;2;1991.0;1;1;0;-1;10;7;2023;09:00;1;56;56121;2;2;1;3;47.75573;-3.35479;4;4;2;1;1;4; -1;1;0;5;30;Indemne;0
202300008323;155 665 806;A01;7;0;2;2;19;1;203 831 516;1;1;1;2;1991.0;1;1;0;-1;10;7;2023;09:00;1;56;56121;2;2;1;3;47.75573;-3.35479;4;2;2;3;1;1; -1;1;5;1;30;Indemne;0
202300008323;155 665 807;B01;1;0;2;8;1;5;203 831 518;1;1;4;1;1993.0;1;2;0;-1;10;7;2023;09:00;1;56;56121;2;2;1;3;47.75573;-3.35479;4;4;2;1;1;4; -1;1;0;5;30;Blessé léger;0
202300008323;155 665 807;B01;1;0;2;8;1;5;203 831 518;1;1;4;1;1993.0;1;2;0;-1;10;7;2023;09:00;1;56;56121;2;2;1;3;47.75573;-3.35479;4;2;2;3;1;1; -1;1;5;1;30;Blessé léger;0
202300008327;155 665 799;A01;80;0;2;6;11;3;203 831 508;1;1;1;2;1996.0;1;8;0;-1;5;6;2023;07:50;1;75;75101;2;2;1;3;48.86011;2.34361;4;2;1;2;1;1; -1;1;0;5;30;Indemne;0
202300008327;155 665 799;A01;80;0;2;6;11;3;203 831 508;1;1;1;2;1996.0;1;8;0;-1;5;6;2023;07:50;1;75;75101;2;2;1;3;48.86011;2.34361;4;2;3;1;1;1; -1;1;0;5;30;Indemne;0
202300008327;155 665 801;B01;80;0;2;2;1;3;203 831 510;1;1;4;1;1996.0;1;8;0;-1;5;6;2023;07:50;1;75;75101;2;2;1;3;48.86011;2.34361;4;2;1;2;1;1; -1;1;0;5;30;Blessé léger;0
202300008327;155 665 801;B01;80;0;2;2;1;3;203 831 510;1;1;4;1;1996.0;1;8;0;-1;5;6;2023;07:50;1;75;75101;2;2;1;3;48.86011;2.34361;4;2;3;1;1;1; -1;1;0;5;30;Blessé léger;0
202300008334;155 665 789;A01;1;0;2;1;1;5;203 831 496;1;1;3;1;1991.0;0;8;0;-1;10;7;2023;14:30;1;51;51454;2;2;1;1;49.245529;4.017895;4;2;3;0;2;1; -1;1;5;1;50;Blessé hospitalisé;0
202300008334;155 665 789;A01;1;0;2;1;1;5;203 831 496;1;1;3;1;1991.0;0;8;0;-1;10;7;2023;14:30;1;51;51454;2;2;1;1;49.245529;4.017895;4;2; -1;-1;1;1; -1;1;0;1;-1;Blessé hospitalisé;0
202300008334;155 665 790;B01;7;0;2;1;15;1;203 831 497;1;1;1;1;2004.0;0;1;8;-1;10;7;2023;14:30;1;51;51454;2;2;1;1;49.245529;4.017895;4;2;3;0;2;1; -1;1;5;1;50;Indemne;0
202300008334;155 665 790;B01;7;0;2;1;15;1;203 831 497;1;1;1;1;2004.0;0;1;8;-1;10;7;2023;14:30;1;51;51454;2;2;1;1;49.245529;4.017895;4;2; -1;-1;1;1; -1;1;0;1;-1;Indemne;0
202300008347;155 665 770;A01;80;0;2;7;1;3;203 831 464;1;1;4;2;1952.0;3;2;-1;-1;16;12;2023;11:30;1;01;01249;2;3;1;3;45.825039;4.954067;3;2;2;0;1;1;4;1;0;1;50;Blessé léger;5
202300008347;155 665 770;A01;80;0;2;7;1;3;203 831 464;1;1;4;2;1952.0;3;2;-1;-1;16;12;2023;11:30;1;01;01249;2;3;1;3;45.825039;4.954067;3;1; -1;-1;1;1; -1;1;0;1;-1;Blessé léger;5
202300008347;155 665 772;B01;7;0;2;1;9;2;203 831 465;1;1;1;1;1958.0;1;1;-1;-1;16;12;2023;11:30;1;01;01249;2;3;1;3;45.825039;4.954067;3;2;2;0;1;1;4;1;0;1;50;Indemne;5
202300008347;155 665 772;B01;7;0;2;1;9;2;203 831 465;1;1;1;1;1958.0;1;1;-1;-1;16;12;2023;11:30;1;01;01249;2;3;1;3;45.825039;4.954067;3;1; -1;-1;1;1; -1;1;0;1;-1;Indemne;5
202300008349;155 665 766;A01;7;0;9;5;16;6;203 831 459;1;1;1;2;1964.0;5;1;0;-1;10;7;2023;13:55;1;37;37214;2;2;1;3;47.41891;0.66879;4;2;2;0;1;1; -1;1;0;1;50;Indemne;0