Num_Acc;id_vehicule;num_veh;catv;obs;obsm;choc;manv;motor;id_usager;place;catu;grav;sexe;an_nais;trajet;secu1;secu2;secu3;jour;mois;an;hrmn;lum;dep;com;agg;int;atm;col;lat;long;catr;circ;nbv;vosp;prof;plan;larrout;surf;infra;situ;vma;gravity;day_of_week
202300008349;155 665 766;A01;7;0;9;5;16;6;203 831 459;1;1;1;2;1964.0;5;1;0;-1;10;7;2023;13:55;1;37;37214;2;2;1;3;47.41891;0.66879;4;2;2;0;1;1; -1;1;0;1;50;Indemne;0
202300008349;155 665 769;B01;80;0;2;3;1;3;203 831 461;1;1;4;2;1964.0;1;2;0;-1;10;7;2023;13:55;1;37;37214;2;2;1;3;47.41891;0.66879;4;2;2;0;1;1; -1;1;0;1;50;Blessé léger;0
202300008349;155 665 769;B01;80;0;2;3;1;3;203 831 461;1;1;4;2;1964.0;1;2;0;-1;10;7;2023;13:55;1;37;37214;2;2;1;3;47.41891;0.66879;4;2;2;0;1;1; -1;1;0;1;50;Blessé léger;0
202300008356;155 665 756;A01;10;0;2;2;1;1;203 831 447;1;1;1;1;1998.0;4;1;-1;-1;22;11;2023;16:45;2;56;56053;1;1;1;2;47.742606;-2.572437;3;2;2;0;4;1;5,5;1;0;1;80;Indemne;2
202300008356;155 665 761;B01;1;0;2;6;1;5;203 831 452;1;1;3;1;1941.0;5;4;-1;-1;22;11;2023;16:45;2;56;56053;1;1;1;2;47.742606;-2.572437;3;2;2;0;4;1;5,5;1;0;1;80;Blessé hospitalisé;2
202300008373;155 665 725;A01;80;0;0;0;1;3;203 831 405;1;1;3;1;1952.0;9;2;0;-1;7;7;2023;12:40;1;34;34032;2;1;1;7;43.34178;3.2438;4;2;2;0;2;1; -1;1;0;1;50;Blessé hospitalisé;4
202300008385;155 665 704;B01;1;0;0;1;0;5;203 831 377;1;1;4;2;1964.0;0;-1;0;-1;10;7;2023;09:00;1;27;27229;2;4;1;3;49.01889;1.1183;4;2;2;1;1;1; -1;1;0;1;50;Blessé léger;0
202300008385;155 665 704;B01;1;0;0;1;0;5;203 831 377;1;1;4;2;1964.0;0;-1;0;-1;10;7;2023;09:00;1;27;27229;2;4;1;3;49.01889;1.1183;4;2;2;0;1;1; -1;1;0;1;50;Blessé léger;0
202300008385;155 665 705;A01;7;0;9;2;16;1;203 831 381;1;1;1;2;1967.0;0;1;0;-1;10;7;2023;09:00;1;27;27229;2;4;1;3;49.01889;1.1183;4;2;2;1;1;1; -1;1;0;1;50;Indemne;0
202300008385;155 665 705;A01;7;0;9;2;16;1;203 831 381;1;1;1;2;1967.0;0;1;0;-1;10;7;2023;09:00;1;27;27229;2;4;1;3;49.01889;1.1183;4;2;2;0;1;1; -1;1;0;1;50;Indemne;0
202300008390;155 665 695;A01;10;1;2;2;14;1;203 831 365;1;1;1;1;1991.0;1;1;0;-1;5;6;2023;15:50;1;93;93048;2;1;1;3;48.85608425;2.42505742;3;2;2;0;1;1; -1;1;0;1;30;Indemne;0
202300008390;155 665 699;B01;1;0;2;0;0;5;203 831 371;1;1;4;2;1977.0;0;8;0;-1;5;6;2023;15:50;1;93;93048;2;1;1;3;48.85608425;2.42505742;3;2;2;0;1;1; -1;1;0;1;30;Blessé léger;0
202300008392;155 665 689;B01;1;0;2;0;1;5;203 831 357;1;1;4;2;1963.0;5;8;0;-1;10;7;2023;18:30;1;25;25056;2;1;1;3;47.219574;6.013228;4;2;2;0;1;1; -1;1;0;1;50;Blessé léger;0
202300008392;155 665 692;A01;7;8;2;0;17;1;203 831 358;1;1;1;1;2004.0;5;8;0;-1;10;7;2023;18:30;1;25;25056;2;1;1;3;47.219574;6.013228;4;2;2;0;1;1; -1;1;0;1;50;Indemne;0
202300008392;155 665 692;A01;7;8;2;0;17;1;203 831 360;2;2;4;2;2007.0;5;8;0;-1;10;7;2023;18:30;1;25;25056;2;1;1;3;47.219574;6.013228;4;2;2;0;1;1; -1;1;0;1;50;Blessé léger;0
202300008392;155 665 692;A01;7;8;2;0;17;1;203 831 362;3;2;1;2;2006.0;5;8;0;-1;10;7;2023;18:30;1;25;25056;2;1;1;3;47.219574;6.013228;4;2;2;0;1;1; -1;1;0;1;50;Indemne;0
202300008395;155 665 684;A01;7;0;2;4;2;1;203 831 351;1;1;1;2;1995.0;5;1;0;-1;10;7;2023;18:15;1;25;25056;2;1;1;2;47.232312;6.0140073;4;2;2;0;2;1; -1;1;0;1;50;Indemne;0
202300008395;155 665 686;B01;1;0;2;3;2;5;203 831 354;1;1;4;1;1999.0;5;0;-1;-1;10;7;2023;18:15;1;25;25056;2;1;1;2;47.232312;6.0140073;4;2;2;0;2;1; -1;1;0;1;50;Blessé léger;0
202300008430;155 665 621;A01;42;0;9;3;15;1;203 831 275;1;1;1;1;1970.0;1;2;6;-1;5;6;2023;20:00;1;92;92051;2;1;1;3;48.88435308;2.26939827;4;2;4;2;1;1; -1;1;0;1;50;Indemne;0
202300008430;155 665 624;B01;1;0;2;8;1;5;203 831 278;1;1;4;2;1998.0;1;8;8;-1;5;6;2023;20:00;1;92;92051;2;1;1;3;48.88435308;2.26939827;4;2;4;2;1;1; -1;1;0;1;50;Blessé léger;0
202300008431;155 665 616;A01;7;0;9;1;1;1;203 831 265;1;1;1;2;1994.0;5;1;-1;-1;25;12;2023;18:00;3;84;84017;1;1;1;1;44.10392;5.227432;3;2;2;0;1;1;4;1;0;1;80;Indemne;0
202300008431;155 665 619;B01;1;0;2;1;5;5;203 831 269;1;1;3;1;1962.0;5;0;-1;-1;25;12;2023;18:00;3;84;84017;1;1;1;1;44.10392;5.227432;3;2;2;0;1;1;4;1;0;1;80;Blessé hospitalisé;0
202300008439;155 665 604;B01;1;0;2;8;19;5;203 831 244;1;1;4;1;2017.0;5;0;-1;-1;18;8;2023;11:20;1;55;55010;2;3;1;3;48.634784;5.020602;4;1;1;0;1;1; -1;1;0;1;50;Blessé léger;4
202300008439;155 665 604;B01;1;0;2;8;19;5;203 831 244;1;1;4;1;2017.0;5;0;-1;-1;18;8;2023;11:20;1;55;55010;2;3;1;3;48.634784;5.020602;4;1;1;0;2;1; -1;1;0;1;50;Blessé léger;4
202300008439;155 665 606;A01;7;0;2;1;1;1;203 831 247;1;1;1;2;1979.0;1;1;-1;-1;18;8;2023;11:20;1;55;55010;2;3;1;3;48.634784;5.020602;4;1;1;0;1;1; -1;1;0;1;50;Indemne;4
202300008439;155 665 606;A01;7;0;2;1;1;1;203 831 247;1;1;1;2;1979.0;1;1;-1;-1;18;8;2023;11:20;1;55;55010;2;3;1;3;48.634784;5.020602;4;1;1;0;2;1; -1;1;0;1;50;Indemne;4
202300008443;155 665 596;A01;10;0;2;2;2;1;203 831 236;1;1;1;1;1998.0;4;1;8;-1;5;6;2023;18:00;1;92;92040;2;3;1;3;48.81954298;2.27892458;3;2;2;0;2;1;7;1;0;1;50;Indemne;0
202300008443;155 665 596;A01;10;0;2;2;2;1;203 831 236;1;1;1;1;1998.0;4;1;8;-1;5;6;2023;18:00;1;92;92040;2;3;1;3;48.81954298;2.27892458;3;2;2;0;2;1;7;1;0;8;50;Indemne;0
202300008443;155 665 599;B01;1;0;2;6;1;5;203 831 240;1;1;4;2;1965.0;1;2;0;-1;5;6;2023;18:00;1;92;92040;2;3;1;3;48.81954298;2.27892458;3;2;2;0;2;1;7;1;0;1;50;Blessé léger;0
202300008443;155 665 599;B01;1;0;2;6;1;5;203 831 240;1;1;4;2;1965.0;1;2;0;-1;5;6;2023;18:00;1;92;92040;2;3;1;3;48.81954298;2.27892458;3;2;2;0;2;1;7;1;0;8;50;Blessé léger;0
202300008464;155 665 560;A01;1;0;2;8;1;5;203 831 187;1;1;4;1;2011.0;0;2;0;-1;3;6;2023;18:25;1;92;92004;2;1;1;6;48.93101113;2.27704391;4;-1;1;0;1;1; -1;1;0;1;50;Blessé léger;5
202300008466;155 665 555;A01;33;0;2;1;1;1;203 831 180;1;1;1;1;2000.0;9;2;6;-1;28;11;2023;11:30;1;75;75116;2;7;1;2;48.873555;2.294149;4;1;8;0;1;2; -1;1;0;1;50;Indemne;1
202300008466;155 665 559;B01;1;0;2;4;23;5;203 831 184;1;1;4;1;1953.0;9;8;0;-1;28;11;2023;11:30;1;75;75116;2;7;1;2;48.873555;2.294149;4;1;8;0;1;2; -1;1;0;1;50;Blessé léger;1
202300008472;155 665 545;A01;7;0;2;1;19;1;203 831 166;1;1;1;1;2001.0;4;1;-1;-1;2;10;2023;15:20;1;44;44092;1;3;1;3;47.68872;-1.874907;3;2;2;0;1;1; -1;1;5;1;70;Indemne;0
202300008472;155 665 545;A01;7;0;2;1;19;1;203 831 166;1;1;1;1;2001.0;4;1;-1;-1;2;10;2023;15:20;1;44;44092;1;3;1;3;47.68872;-1.874907;3;2;2;0;1;1;5;1;0;1;80;Indemne;0
202300008472;155 665 546;B01;1;0;2;1;1;5;203 831 168;1;1;3;1;1970.0;5;2;-1;-1;2;10;2023;15:20;1;44;44092;1;3;1;3;47.68872;-1.874907;3;2;2;0;1;1; -1;1;5;1;70;Blessé hospitalisé;0
202300008472;155 665 546;B01;1;0;2;1;1;5;203 831 168;1;1;3;1;1970.0;5;2;-1;-1;2;10;2023;15:20;1;44;44092;1;3;1;3;47.68872;-1.874907;3;2;2;0;1;1;5;1;0;1;80;Blessé hospitalisé;0
202300008485;155 665 521;A01;1;0;2;1;19;5;203 831 137;1;1;4;1;1970.0;5;8;0;-1;9;7;2023;10:20;1;75;75114;2;3;1;1;48.830104;2.320417;4;1;1;0;1;1; -1;1;0;1;30;Blessé léger;6
202300008485;155 665 521;A01;1;0;2;1;19;5;203 831 137;1;1;4;1;1970.0;5;8;0;-1;9;7;2023;10:20;1;75;75114;2;3;1;1;48.830104;2.320417;4;2;3;0;1;1; -1;1;9;1;30;Blessé léger;6
202300008489;155 665 515;A01;2;0;2;2;1;3;203 831 131;1;1;1;1;1998.0;4;2;6;-1;25;11;2023;10:30;1;63;63284;2;1;2;1;45.788931;3.225469;9;2;2;0;4;3; -1;2;0;5;50;Indemne;5
202300008489;155 665 519;B01;1;0;2;1;1;5;203 831 134;1;1;4;1;1962.0;5;2;-1;-1;25;11;2023;10:30;1;63;63284;2;1;2;1;45.788931;3.225469;9;2;2;0;4;3; -1;2;0;5;50;Blessé léger;5
202300008490;155 665 513;A01;50;12;0;0;13;3;203 831 129;1;1;4;1;1991.0;0;0;-1;-1;21;3;2023;17:13;1;38;38185;2;1;1;1;45.18786;5.72508;7;1;3;1;1;1; -1;1;0;1;30;Blessé léger;1
202300008490;155 665 516;B01;80;12;0;8;0;3;203 831 133;1;1;1;1;1991.0;0;0;0;0;21;3;2023;17:13;1;38;38185;2;1;1;1;45.18786;5.72508;7;1;3;1;1;1; -1;1;0;1;30;Indemne;1
202300008491;155 665 509;A01;14;0;2;7;16;1;203 831 125;1;1;1;1;1993.0;1;1;0;-1;10;7;2023;08:25;1;75;75113;2;2;1;3;48.818883;2.359539;4;-1;1;0;1;1; -1;1;0;1;30;Indemne;0
202300008491;155 665 509;A01;14;0;2;7;16;1;203 831 125;1;1;1;1;1993.0;1;1;0;-1;10;7;2023;08:25;1;75;75113;2;2;1;3;48.818883;2.359539;4;1;1;1;1;1; -1;1;0;1;30;Indemne;0
202300008491;155 665 512;B01;80;0;2;8;1;3;203 831 127;1;1;4;2;1994.0;1;8;0;-1;10;7;2023;08:25;1;75;75113;2;2;1;3;48.818883;2.359539;4;-1;1;0;1;1; -1;1;0;1;30;Blessé léger;0
202300008491;155 665 512;B01;80;0;2;8;1;3;203 831 127;1;1;4;2;1994.0;1;8;0;-1;10;7;2023;08:25;1;75;75113;2;2;1;3;48.818883;2.359539;4;1;1;1;1;1; -1;1;0;1;30;Blessé léger;0
202300008492;155 665 508;A01;80;0;0;0;0;3;203 831 123;1;1;3;1;1959.0;5;0;-1;-1;6;6;2023;15:45;1;42;42166;2;1;1;7;45.991308;4.098415;3;2;2;0;2;1;4;1;0;1;30;Blessé hospitalisé;1
202300008510;155 665 475;A01;32;0;2;7;15;1;203 831 074;1;1;1;1;1999.0;5;2;6;-1;10;7;2023;08:50;1;75;75110;2;2;1;3;48.880616;2.362031;4;1;0;0;2;1; -1;1;0;1;30;Indemne;0
202300008510;155 665 475;A01;32;0;2;7;15;1;203 831 074;1;1;1;1;1999.0;5;2;6;-1;10;7;2023;08:50;1;75;75110;2;2;1;3;48.880616;2.362031;4;2;4;1;1;1; -1;1;0;1;30;Indemne;0
202300008510;155 665 479;B01;1;0;2;1;1;5;203 831 080;1;1;4;2;1993.0;1;2;0;-1;10;7;2023;08:50;1;75;75110;2;2;1;3;48.880616;2.362031;4;1;0;0;2;1; -1;1;0;1;30;Blessé léger;0
202300008510;155 665 479;B01;1;0;2;1;1;5;203 831 080;1;1;4;2;1993.0;1;2;0;-1;10;7;2023;08:50;1;75;75110;2;2;1;3;48.880616;2.362031;4;2;4;1;1;1; -1;1;0;1;30;Blessé léger;0
202300008514;155 665 466;A01;10;0;2;3;22;1;203 831 065;1;1;1;2;1983.0;4;8;0;-1;10;7;2023;09:20;1;75;75108;2;1;1;3;48.875789;2.299586;4;2;2;0;1;1; -1;1;0;1;30;Indemne;0
202300008514;155 665 471;B01;80;0;2;2;1;3;203 831 068;1;1;4;1;1989.0;9;8;0;-1;10;7;2023;09:20;1;75;75108;2;1;1;3;48.875789;2.299586;4;2;2;0;1;1; -1;1;0;1;30;Blessé léger;0
202300008515;155 665 468;B01;1;0;2;1;1;5;203 831 070;1;1;4;1;1991.0;0;8;-1;-1;21;3;2023;20:15;5;69;69383;2;2;1;3;45.76357133;4.84830739;4;1;1;2;1;1; -1;1;0;1;30;Blessé léger;1
202300008515;155 665 468;B01;1;0;2;1;1;5;203 831 070;1;1;4;1;1991.0;0;8;-1;-1;21;3;2023;20:15;5;69;69383;2;2;1;3;45.76357133;4.84830739;4;1;1;2;1;1; -1;1;0;1;50;Blessé léger;1
202300008515;155 665 474;A01;7;0;2;3;1;1;203 831 075;1;1;1;1;2000.0;0;8;-1;-1;21;3;2023;20:15;5;69;69383;2;2;1;3;45.76357133;4.84830739;4;1;1;2;1;1; -1;1;0;1;30;Indemne;1
202300008515;155 665 474;A01;7;0;2;3;1;1;203 831 075;1;1;1;1;2000.0;0;8;-1;-1;21;3;2023;20:15;5;69;69383;2;2;1;3;45.76357133;4.84830739;4;1;1;2;1;1; -1;1;0;1;50;Indemne;1
202300008519;155 665 460;A01;43;0;2;7;1;1;203 831 056;1;1;1;1;1993.0;0;2;6;-1;26;12;2023;18:15;5;92;92024;1;1;1;3;48.90746;2.30019;3;1;4;1;1;1;12;1;0;1;50;Indemne;1
202300008519;155 665 462;B01;1;0;2;7;11;5;203 831 060;1;1;4;1;1998.0;0;8;0;-1;26;12;2023;18:15;5;92;92024;1;1;1;3;48.90746;2.30019;3;1;4;1;1;1;12;1;0;1;50;Blessé léger;1
202300008521;155 665 455;A01;1;0;2;1;3;0;203 831 051;1;1;1;1;1998.0;4;8;-1;-1;21;3;2023;11:05;1;69;69383;2;1;1;2;45.75433;4.87716;4;1;3;1;1;1; -1;1;0;1;30;Indemne;1
202300008521;155 665 459;B01;7;0;2;5;23;1;203 831 055;1;1;1;1;1958.0;3;1;-1;-1;21;3;2023;11:05;1;69;69383;2;1;1;2;45.75433;4.87716;4;1;3;1;1;1; -1;1;0;1;30;Indemne;1
202300008521;155 665 459;B01;7;0;2;5;23;1;203 831 058;2;2;4;1;1956.0;3;1;-1;-1;21;3;2023;11:05;1;69;69383;2;1;1;2;45.75433;4.87716;4;1;3;1;1;1; -1;1;0;1;30;Blessé léger;1
202300008526;155 665 447;A01;7;0;2;3;22;0;203 831 035;1;1;1;1;1986.0;4;1;0;-1;10;7;2023;14:00;1;94;94043;2;1;1;3;48.814674;2.360912;3;1;4;3;1;1; -1;1;0;1;50;Indemne;0
202300008526;155 665 449;B01;1;1;2;2;17;5;203 831 039;1;1;4;1;1976.0;5;8;0;-1;10;7;2023;14:00;1;94;94043;2;1;1;3;48.814674;2.360912;3;1;4;3;1;1; -1;1;0;1;50;Blessé léger;0
202300008531;155 665 439;A01;1;0;2;8;2;5;203 831 027;1;1;3;1;2004.0;1;0;-1;-1;19;8;2023;05:45;2;25;25470;1;1;1;3;47.446977;6.613544;3;2;2;0;2;3; -1;1;0;1;90;Blessé hospitalisé;5
202300008531;155 665 441;B01;15;0;2;7;17;1;203 831 031;1;1;1;1;1972.0;4;8;-1;-1;19;8;2023;05:45;2;25;25470;1;1;1;3;47.446977;6.613544;3;2;2;0;2;3; -1;1;0;1;90;Indemne;5
202300008557;155 665 394;A01;7;0;2;1;1;1;203 830 971;1;1;1;2;1991.0;0;1;8;-1;10;7;2023;21:15;1;93;93007;2;1;1;1;48.94772882;2.4484019;4;2;2;0;1;1; -1;1;0;1;50;Indemne;0
202300008557;155 665 396;B01;80;0;2;2;15;3;203 830 973;1;1;4;2;1995.0;0;0;-1;-1;10;7;2023;21:15;1;93;93007;2;1;1;1;48.94772882;2.4484019;4;2;2;0;1;1; -1;1;0;1;50;Blessé léger;0
202300008559;155 665 387;A01;7;0;2;7;1;1;203 830 966;1;1;1;1;1930.0;5;1;-1;-1;5;6;2023;10:20;1;11;11358;1;1;1;3;42.829858;2.211825;3;2;3;0;1;2;10,5;1;1;1;50;Indemne;0
202300008559;155 665 391;B01;1;0;2;8;1;5;203 830 969;1;1;3;1;1953.0;5;2;-1;-1;5;6;2023;10:20;1;11;11358;1;1;1;3;42.829858;2.211825;3;2;3;0;1;2;10,5;1;1;1;50;Blessé hospitalisé;0
202300008563;155 665 382;A01;7;0;9;1;9;1;203 830 958;1;1;1;2;1961.0;5;1;-1;-1;17;8;2023;10:55;1;31;31107;2;6;1;3;43.29469;1.215971;3;1;2;0;1;1;6;1;0;1;50;Indemne;3
202300008563;155 665 383;B01;1;0;2;7;1;5;203 830 959;1;1;3;1;1961.0;5;2;9;-1;17;8;2023;10:55;1;31;31107;2;6;1;3;43.29469;1.215971;3;1;2;0;1;1;6;1;0;1;50;Blessé hospitalisé;3
202300008583;155 665 349;A01;1;12;0;1;21;5;203 830 907;1;1;2;1;1953.0;5;2;-1;-1;6;6;2023;14:45;1;68;68155;2;1;1;6;48.091879;7.296848;4;2;2;0;1;1; -1;1;0;1;30;Tué;1
202300008589;155 665 337;A01;1;0;9;1;1;5;203 830 892;1;1;3;1;1954.0;5;2;-1;-1;19;8;2023;10:00;1;38;38043;2;3;1;3;45.444969;5.534068;3;2;2;0;1;1;4;1;0;1;30;Blessé hospitalisé;5
202300008589;155 665 337;A01;1;0;9;1;1;5;203 830 892;1;1;3;1;1954.0;5;2;-1;-1;19;8;2023;10:00;1;38;38043;2;3;1;3;45.444969;5.534068;3;2;2;0;2;1;4;1;0;1;50;Blessé hospitalisé;5
202300008589;155 665 341;B01;1;0;9;8;15;5;203 830 896;1;1;1;1;2002.0;1;0;-1;-1;19;8;2023;10:00;1;38;38043;2;3;1;3;45.444969;5.534068;3;2;2;0;1;1;4;1;0;1;30;Indemne;5
202300008589;155 665 341;B01;1;0;9;8;15;5;203 830 896;1;1;1;1;2002.0;1;0;-1;-1;19;8;2023;10:00;1;38;38043;2;3;1;3;45.444969;5.534068;3;2;2;0;2;1;4;1;0;1;50;Indemne;5
202300008602;155 665 314;A01;1;12;0;1;0;5;203 830 866;1;1;3;1;2004.0;5;0;-1;-1;4;6;2023;17:15;1;02;02003;2;1;1;6;49.353014;3.420131;3;2;2;0;2;3; -1;1;0;3;-1;Blessé hospitalisé;6
202300008611;155 665 302;A01;80;0;0;0;2;3;203 830 853;1;1;4;2;1968.0;5;0;-1;-1;15;8;2023;12:10;1;01;01314;2;6;8;7;45.99707;5.281366;3;1;1;0;1;3;3,5;2;0;1;50;Blessé léger;1
202300008616;155 665 293;A01;21;0;2;5;17;1;203 830 841;1;1;1;1;1983.0;4;0;-1;-1;19;8;2023;11:15;1;70;70507;1;1;1;3;47.447561;6.032985;3;2;2;0;2;1;5,5;1;0;1;80;Indemne;5
202300008616;155 665 295;B01;1;0;2;3;1;5;203 830 845;1;1;2;1;1948.0;5;2;-1;-1;19;8;2023;11:15;1;70;70507;1;1;1;3;47.447561;6.032985;3;2;2;0;2;1;5,5;1;0;1;80;Tué;5
202300008617;155 665 290;B01;1;0;2;8;1;5;203 830 838;1;1;4;2;1980.0;0;2;8;-1;22;11;2023;18:10;1;974;97411;2;4;1;3;-20.89766;55.46254;3;2;2;0;2;3; -1;1;0;1;50;Blessé léger;2
202300008617;155 665 290;B01;1;0;2;8;1;5;203 830 838;1;1;4;2;1980.0;0;2;8;-1;22;11;2023;18:10;1;974;97411;2;4;1;3;-20.89766;55.46254;3;2;2;0;1;1; -1;1;0;1;50;Blessé léger;2
202300008617;155 665 290;B01;1;0;2;8;1;5;203 830 840;2;2;4;1;2020.0;0;2;8;-1;22;11;2023;18:10;1;974;97411;2;4;1;3;-20.89766;55.46254;3;2;2;0;2;3; -1;1;0;1;50;Blessé léger;2
202300008617;155 665 290;B01;1;0;2;8;1;5;203 830 840;2;2;4;1;2020.0;0;2;8;-1;22;11;2023;18:10;1;974;97411;2;4;1;3;-20.89766;55.46254;3;2;2;0;1;1; -1;1;0;1;50;Blessé léger;2
202300008617;155 665 297;A01;7;0;2;2;15;1;203 830 847;1;1;1;1;1972.0;5;1;8;-1;22;11;2023;18:10;1;974;97411;2;4;1;3;-20.89766;55.46254;3;2;2;0;2;3; -1;1;0;1;50;Indemne;2
202300008617;155 665 297;A01;7;0;2;2;15;1;203 830 847;1;1;1;1;1972.0;5;1;8;-1;22;11;2023;18:10;1;974;97411;2;4;1;3;-20.89766;55.46254;3;2;2;0;1;1; -1;1;0;1;50;Indemne;2
202300008626;155 665 279;A01;1;0;0;7;1;5;203 830 821;1;1;4;1;1954.0;0;2;8;-1;31;12;2023;06:43;5;76;76341;2;6;3;7;49.51192;0.19938;3;-1;2;0;1;1; -1;2;0;1;50;Blessé léger;6
202300008626;155 665 279;A01;1;0;0;7;1;5;203 830 821;1;1;4;1;1954.0;0;2;8;-1;31;12;2023;06:43;5;76;76341;2;6;3;7;49.51192;0.19938;3;2;2;0;1;1; -1;2;0;1;50;Blessé léger;6
202300008634;155 665 265;A01;7;0;2;1;16;1;203 830 793;1;1;1;1;1938.0;0;1;-1;-1;30;12;2023;08:00;2;76;76447;2;6;1;3;49.54715;0.18896;3;2;2;0;1;1; -1;1;0;1;50;Indemne;5
202300008634;155 665 265;A01;7;0;2;1;16;1;203 830 793;1;1;1;1;1938.0;0;1;-1;-1;30;12;2023;08:00;2;76;76447;2;6;1;3;49.54715;0.18896;3;-1;2;0;1;1; -1;1;0;1;50;Indemne;5
202300008634;155 665 269;B01;1;0;2;7;2;5;203 830 800;1;1;4;1;1965.0;0;2;0;-1;30;12;2023;08:00;2;76;76447;2;6;1;3;49.54715;0.18896;3;2;2;0;1;1; -1;1;0;1;50;Blessé léger;5
202300008634;155 665 269;B01;1;0;2;7;2;5;203 830 800;1;1;4;1;1965.0;0;2;0;-1;30;12;2023;08:00;2;76;76447;2;6;1;3;49.54715;0.18896;3;-1;2;0;1;1; -1;1;0;1;50;Blessé léger;5
202300008644;155 665 249;A01;1;0;2;7;16;5;203 830 771;1;1;3;1;1948.0;5;2;-1;-1;4;7;2023;09:20;1;19;19123;2;6;1;3;45.168996;1.560152;4;1;2;0;1;2; -1;1;0;1;50;Blessé hospitalisé;1
202300008644;155 665 252;B01;7;0;2;1;16;0;203 830 774;1;1;1;1;1956.0;3;1;-1;-1;4;7;2023;09:20;1;19;19123;2;6;1;3;45.168996;1.560152;4;1;2;0;1;2; -1;1;0;1;50;Indemne;1
202300008655;155 665 232;B01;7;0;2;1;1;1;203 830 745;1;1;1;1;2002.0;0;1;8;-1;20;3;2023;19:30;2;67;67447;2;3;1;3;48.60449;7.7474;7;2;4;0;2;1; -1;1;0;1;50;Indemne;0
202300008655;155 665 232;B01;7;0;2;1;1;1;203 830 745;1;1;1;1;2002.0;0;1;8;-1;20;3;2023;19:30;2;67;67447;2;3;1;3;48.60449;7.7474;7;2;4;0;1;1; -1;1;0;1;50;Indemne;0
202300008655;155 665 236;A01;1;0;2;1;1;5;203 830 749;1;1;4;1;1992.0;0;8;0;-1;20;3;2023;19:30;2;67;67447;2;3;1;3;48.60449;7.7474;7;2;4;0;2;1; -1;1;0;1;50;Blessé léger;0
202300008655;155 665 236;A01;1;0;2;1;1;5;203 830 749;1;1;4;1;1992.0;0;8;0;-1;20;3;2023;19:30;2;67;67447;2;3;1;3;48.60449;7.7474;7;2;4;0;1;1; -1;1;0;1;50;Blessé léger;0
202300008659;155 665 226;B01;1;0;0;3;1;5;203 830 737;1;1;4;1;1935.0;5;0;-1;-1;6;12;2023;11:55;1;57;57269;2;1;1;3;49.302398;6.214882;4;2;2;0;1;1; -1;1;0;1;50;Blessé léger;2
202300008659;155 665 233;A01;10;0;9;2;16;1;203 830 746;1;1;4;1;1984.0;4;1;-1;-1;6;12;2023;11:55;1;57;57269;2;1;1;3;49.302398;6.214882;4;2;2;0;1;1; -1;1;0;1;50;Blessé léger;2
202300008660;155 665 225;A01;7;0;9;2;0;1;203 830 735;1;1;1;2;1972.0;0;1;-1;-1;20;8;2023;11:30;1;58;58095;2;1;1;3;46.828094;3.460095;4;1;1;0;2;2; -1;1;0;1;20;Indemne;6
202300008660;155 665 227;B01;1;0;2;3;0;5;203 830 736;1;1;4;2;1955.0;0;2;6;-1;20;8;2023;11:30;1;58;58095;2;1;1;3;46.828094;3.460095;4;1;1;0;2;2; -1;1;0;1;20;Blessé léger;6
202300008664;155 665 220;B01;1;0;0;1;1;5;203 830 730;1;1;3;1;1980.0;1;2;9;-1;23;11;2023;06:50;5;69;69382;2;1;1;7;45.74498492;4.82721716;4;2;2;1;1;1; -1;1;8;5;30;Blessé hospitalisé;3
202300008669;155 665 211;A01;1;0;1;1;2;5;203 830 717;10;3;4;2;1954.0;0;8;8;-1;23;11;2023;13:00;1;971;97105;2;1;1;6;15.99609521;-61.73097074;4;1;1;0;1;1; -1;1;9;6;30;Blessé léger;3
202300008669;155 665 211;A01;1;0;1;1;2;5;203 830 719;1;1;1;1;1987.0;0;8;8;-1;23;11;2023;13:00;1;971;97105;2;1;1;6;15.99609521;-61.73097074;4;1;1;0;1;1; -1;1;9;6;30;Indemne;3
202300008684;155 665 189;A01;1;0;0;1;15;5;203 830 691;1;1;3;1;2008.0;5;0;-1;-1;10;7;2023;21:30;1;39;39432;2;3;1;3;47.223528;5.501779;3;2;2;0;1;2;5;1;0;1;50;Blessé hospitalisé;0
202300008684;155 665 189;A01;1;0;0;1;15;5;203 830 691;1;1;3;1;2008.0;5;0;-1;-1;10;7;2023;21:30;1;39;39432;2;3;1;3;47.223528;5.501779;3;2;2;-1;2;2; -1;1;0;1;-1;Blessé hospitalisé;0
202300008684;155 665 192;B01;7;0;0;7;1;1;203 830 695;1;1;1;2;1997.0;1;1;-1;-1;10;7;2023;21:30;1;39;39432;2;3;1;3;47.223528;5.501779;3;2;2;0;1;2;5;1;0;1;50;Indemne;0
202300008684;155 665 192;B01;7;0;0;7;1;1;203 830 695;1;1;1;2;1997.0;1;1;-1;-1;10;7;2023;21:30;1;39;39432;2;3;1;3;47.223528;5.501779;3;2;2;-1;2;2; -1;1;0;1;-1;Indemne;0
202300008693;155 665 172;B01;1;0;2;1;1;5;203 830 669;1;1;4;1;2009.0;5;8;0;-1;18;3;2023;09:35;1;60;60159;2;1;1;2;49.418;2.82955;4;1;1;0;1;1; -1;1;0;1;30;Blessé léger;5