Num_Acc;id_vehicule;num_veh;catv;obs;obsm;choc;manv;motor;id_usager;place;catu;grav;sexe;an_nais;trajet;secu1;secu2;secu3;jour;mois;an;hrmn;lum;dep;com;agg;int;atm;col;lat;long;catr;circ;nbv;vosp;prof;plan;larrout;surf;infra;situ;vma;gravity;day_of_week
202300008693;155 665 174;A01;10;0;2;3;4;1;203 830 673;1;1;1;1;1995.0;4;1;0;-1;18;3;2023;09:35;1;60;60159;2;1;1;2;49.418;2.82955;4;1;1;0;1;1; -1;1;0;1;30;Indemne;5
202300008712;155 665 135;A01;80;1;0;1;0;3;203 830 622;1;1;4;1;1972.0;5;0;-1;-1;19;8;2023;02:05;3;50;50003;2;1;1;7;49.045238;-1.590917;4;1;1;2;1;1; -1;2;0;3;30;Blessé léger;5
202300008715;155 665 128;A01;7;0;2;7;16;1;203 830 614;1;1;1;2;1964.0;0;1;-1;-1;8;7;2023;09:15;1;26;26146;1;3;1;3;44.419053;4.898003;3;2;2;0;1;3;7;1;5;1;80;Indemne;5
202300008715;155 665 128;A01;7;0;2;7;16;1;203 830 614;1;1;1;2;1964.0;0;1;-1;-1;8;7;2023;09:15;1;26;26146;1;3;1;3;44.419053;4.898003;3;3;1;0;1;3;3;1;5;1;80;Indemne;5
202300008715;155 665 133;B01;1;0;2;4;1;5;203 830 619;1;1;3;2;1963.0;5;2;-1;-1;8;7;2023;09:15;1;26;26146;1;3;1;3;44.419053;4.898003;3;2;2;0;1;3;7;1;5;1;80;Blessé hospitalisé;5
202300008715;155 665 133;B01;1;0;2;4;1;5;203 830 619;1;1;3;2;1963.0;5;2;-1;-1;8;7;2023;09:15;1;26;26146;1;3;1;3;44.419053;4.898003;3;3;1;0;1;3;3;1;5;1;80;Blessé hospitalisé;5
202300008751;155 665 064;A01;1;0;0;0;1;5;203 830 529;1;1;3;1;2007.0;5;0;-1;-1;10;7;2023;18:50;1;85;85025;1;1;1;7;46.948584;-1.175503;4;2;2;0;2;2; -1;1;2;1;80;Blessé hospitalisé;0
202300008771;155 665 027;B01;1;0;2;1;1;5;203 830 478;1;1;4;1;1997.0;1;2;8;-1;23;11;2023;08:45;1;67;67482;2;1;8;3;48.57754;7.72771;6;-1; -1;1;1;1; -1;1;0;5;30;Blessé léger;3
202300008771;155 665 028;A01;7;0;2;2;16;1;203 830 481;1;1;1;1;1991.0;5;1;8;-1;23;11;2023;08:45;1;67;67482;2;1;8;3;48.57754;7.72771;6;-1; -1;1;1;1; -1;1;0;5;30;Indemne;3
202300008773;155 665 021;B01;1;0;2;7;1;5;203 830 468;1;1;4;2;1998.0;1;0;-1;-1;21;3;2023;12:20;1;35;35238;2;6;1;3;48.09010445;-1.69091552;4;3;2;2;1;1; -1;1;0;5;50;Blessé léger;1
202300008773;155 665 024;A01;7;0;2;1;9;1;203 830 472;1;1;1;1;1975.0;4;1;-1;-1;21;3;2023;12:20;1;35;35238;2;6;1;3;48.09010445;-1.69091552;4;3;2;2;1;1; -1;1;0;5;50;Indemne;1
202300008786;155 664 997;A01;15;0;2;7;16;1;203 830 437;1;1;1;1;1989.0;5;1;-1;-1;10;7;2023;17:10;1;38;38027;2;6;1;3;45.434915;6.0014;3;1;1;0;1;3;3,5;1;0;1;50;Indemne;0
202300008786;155 665 000;B01;1;0;2;3;23;5;203 830 440;1;1;4;1;2015.0;5;2;-1;-1;10;7;2023;17:10;1;38;38027;2;6;1;3;45.434915;6.0014;3;1;1;0;1;3;3,5;1;0;1;50;Blessé léger;0
202300008790;155 664 988;A01;7;0;9;3;15;1;203 830 427;1;1;1;2;1987.0;5;1;-1;-1;23;11;2023;08:00;1;63;63300;2;3;1;1;45.89004795;3.11985165;4;2;2;0;1;1; -1;1;0;1;50;Indemne;3
202300008790;155 664 988;A01;7;0;9;3;15;1;203 830 427;1;1;1;2;1987.0;5;1;-1;-1;23;11;2023;08:00;1;63;63300;2;3;1;1;45.89004795;3.11985165;4;2;2;1;1;1; -1;1;0;1;50;Indemne;3
202300008790;155 664 994;B01;1;0;2;1;0;5;203 830 434;1;1;4;2;1983.0;1;8;-1;-1;23;11;2023;08:00;1;63;63300;2;3;1;1;45.89004795;3.11985165;4;2;2;0;1;1; -1;1;0;1;50;Blessé léger;3
202300008790;155 664 994;B01;1;0;2;1;0;5;203 830 434;1;1;4;2;1983.0;1;8;-1;-1;23;11;2023;08:00;1;63;63300;2;3;1;1;45.89004795;3.11985165;4;2;2;1;1;1; -1;1;0;1;50;Blessé léger;3
202300008797;155 664 975;A01;1;0;2;1;15;5;203 830 398;1;1;3;1;1971.0;3;0;-1;-1;19;8;2023;10:30;1;64;64371;2;1;1;1;43.225755;-0.878611;3;2;2;0;1;1;5,5;1;0;1;50;Blessé hospitalisé;5
202300008797;155 664 977;B01;7;0;9;3;1;1;203 830 403;1;1;1;1;1948.0;3;1;-1;-1;19;8;2023;10:30;1;64;64371;2;1;1;1;43.225755;-0.878611;3;2;2;0;1;1;5,5;1;0;1;50;Indemne;5
202300008810;155 664 956;C01;1;0;2;4;2;5;203 830 349;1;1;2;2;1950.0;5;2;-1;-1;17;8;2023;09:05;1;64;64516;1;1;1;4;43.32915;-0.173668;3;2;2;0;2;3;5;1;0;1;80;Tué;3
202300008810;155 664 959;A01;7;0;2;2;2;1;203 830 356;1;1;1;1;1982.0;4;1;-1;-1;17;8;2023;09:05;1;64;64516;1;1;1;4;43.32915;-0.173668;3;2;2;0;2;3;5;1;0;1;80;Indemne;3
202300008810;155 664 962;B01;1;0;2;4;2;5;203 830 361;1;1;3;1;1948.0;5;2;-1;-1;17;8;2023;09:05;1;64;64516;1;1;1;4;43.32915;-0.173668;3;2;2;0;2;3;5;1;0;1;80;Blessé hospitalisé;3
202300008811;155 664 949;A01;3;0;2;1;0;1;203 830 329;1;1;1;2;2007.0;5;1;0;-1;23;11;2023;11:40;1;62;62764;2;9;1;2;50.30153248;2.78227879;3;-1;1;0;1;1; -1;1;0;8;50;Indemne;3
202300008811;155 664 954;B01;1;0;2;4;1;5;203 830 337;1;1;4;1;2007.0;5;0;-1;-1;23;11;2023;11:40;1;62;62764;2;9;1;2;50.30153248;2.78227879;3;-1;1;0;1;1; -1;1;0;8;50;Blessé léger;3
202300008816;155 664 937;A01;1;0;2;1;1;5;203 830 303;1;1;3;1;1982.0;5;0;-1;-1;17;8;2023;07:55;1;73;73010;2;2;1;3;45.7851;5.94075;3;2;2;0;1;1;5,5;1;0;1;30;Blessé hospitalisé;3
202300008816;155 664 937;A01;1;0;2;1;1;5;203 830 303;1;1;3;1;1982.0;5;0;-1;-1;17;8;2023;07:55;1;73;73010;2;2;1;3;45.7851;5.94075;3;2;2;0;2;1;5,5;1;0;1;30;Blessé hospitalisé;3
202300008816;155 664 941;B01;7;0;2;6;1;1;203 830 310;1;1;1;1;1975.0;1;1;-1;-1;17;8;2023;07:55;1;73;73010;2;2;1;3;45.7851;5.94075;3;2;2;0;1;1;5,5;1;0;1;30;Indemne;3
202300008816;155 664 941;B01;7;0;2;6;1;1;203 830 310;1;1;1;1;1975.0;1;1;-1;-1;17;8;2023;07:55;1;73;73010;2;2;1;3;45.7851;5.94075;3;2;2;0;2;1;5,5;1;0;1;30;Indemne;3
202300008849;155 664 882;B01;7;0;2;2;15;2;203 830 236;1;1;1;2;1949.0;0;1;0;-1;22;11;2023;20:50;5;54;54304;2;4;1;1;48.6846;6.15398;4;2;3;0;1;2; -1;1;5;1;50;Indemne;2
202300008849;155 664 882;B01;7;0;2;2;15;2;203 830 236;1;1;1;2;1949.0;0;1;0;-1;22;11;2023;20:50;5;54;54304;2;4;1;1;48.6846;6.15398;4;2;5;0;1;1; -1;1;5;1;50;Indemne;2
202300008849;155 664 882;B01;7;0;2;2;15;2;203 830 236;1;1;1;2;1949.0;0;1;0;-1;22;11;2023;20:50;5;54;54304;2;4;1;1;48.6846;6.15398;4;2;2;0;1;1; -1;1;5;1;50;Indemne;2
202300008849;155 664 889;A01;1;0;2;2;1;5;203 830 242;1;1;4;1;2002.0;9;8;0;-1;22;11;2023;20:50;5;54;54304;2;4;1;1;48.6846;6.15398;4;2;3;0;1;2; -1;1;5;1;50;Blessé léger;2
202300008849;155 664 889;A01;1;0;2;2;1;5;203 830 242;1;1;4;1;2002.0;9;8;0;-1;22;11;2023;20:50;5;54;54304;2;4;1;1;48.6846;6.15398;4;2;5;0;1;1; -1;1;5;1;50;Blessé léger;2
202300008849;155 664 889;A01;1;0;2;2;1;5;203 830 242;1;1;4;1;2002.0;9;8;0;-1;22;11;2023;20:50;5;54;54304;2;4;1;1;48.6846;6.15398;4;2;2;0;1;1; -1;1;5;1;50;Blessé léger;2
202300008851;155 664 876;A01;1;0;2;1;2;5;203 830 224;1;1;4;1;1967.0;5;2;-1;-1;15;8;2023;18:20;1;36;36171;2;1;1;3;47.06424382;2.03303935;3;2;2;0;2;1;5,5;1;0;1;50;Blessé léger;1
202300008851;155 664 879;B01;7;0;2;5;23;1;203 830 229;2;2;1;1;1986.0;5;1;-1;-1;15;8;2023;18:20;1;36;36171;2;1;1;3;47.06424382;2.03303935;3;2;2;0;2;1;5,5;1;0;1;50;Indemne;1
202300008851;155 664 879;B01;7;0;2;5;23;1;203 830 231;1;1;1;2;1985.0;5;1;-1;-1;15;8;2023;18:20;1;36;36171;2;1;1;3;47.06424382;2.03303935;3;2;2;0;2;1;5,5;1;0;1;50;Indemne;1
202300008881;155 664 821;A01;1;0;0;8;1;5;203 830 159;1;1;2;1;1953.0;5;2;-1;-1;20;8;2023;10:30;1;21;21695;2;1;1;7;47.570612;4.580253;4;2;2;0;2;1; -1;1;0;1;50;Tué;6
202300008883;155 664 819;A01;7;0;9;3;1;2;203 830 156;1;1;1;1;1938.0;5;1;0;-1;4;6;2023;23:00;4;91;91687;2;1;1;1;48.64999;2.36865;3;3;2;0;1;1; -1;1;0;1;50;Indemne;6
202300008883;155 664 819;A01;7;0;9;3;1;2;203 830 160;2;2;1;2;1935.0;5;1;0;-1;4;6;2023;23:00;4;91;91687;2;1;1;1;48.64999;2.36865;3;3;2;0;1;1; -1;1;0;1;50;Indemne;6
202300008883;155 664 824;B01;1;0;2;1;5;5;203 830 162;1;1;4;1;1989.0;0;8;0;-1;4;6;2023;23:00;4;91;91687;2;1;1;1;48.64999;2.36865;3;3;2;0;1;1; -1;1;0;1;50;Blessé léger;6
202300008895;155 664 799;B01;1;0;2;2;1;5;203 830 122;1;1;4;2;1967.0;1;2;6;9;12;12;2023;12:00;1;67;67098;2;3;1;1;48.54258;7.427399;3;2;2;0;1;2;7;2;0;1;30;Blessé léger;1
202300008895;155 664 799;B01;1;0;2;2;1;5;203 830 122;1;1;4;2;1967.0;1;2;6;9;12;12;2023;12:00;1;67;67098;2;3;1;1;48.54258;7.427399;3;2;2;0;4;1;7;2;0;1;30;Blessé léger;1
202300008895;155 664 801;A01;7;0;9;3;15;1;203 830 127;1;1;1;1;1950.0;2;1;-1;-1;12;12;2023;12:00;1;67;67098;2;3;1;1;48.54258;7.427399;3;2;2;0;1;2;7;2;0;1;30;Indemne;1
202300008895;155 664 801;A01;7;0;9;3;15;1;203 830 127;1;1;1;1;1950.0;2;1;-1;-1;12;12;2023;12:00;1;67;67098;2;3;1;1;48.54258;7.427399;3;2;2;0;4;1;7;2;0;1;30;Indemne;1
202300008898;155 664 790;A01;7;0;2;3;5;1;203 830 111;1;1;1;1;1968.0;1;1;-1;-1;11;7;2023;07:15;1;63;63204;1;1;1;3;45.80429106;3.20082178;3;2;2;0;1;1; -1;1;0;1;90;Indemne;1
202300008898;155 664 793;B01;1;0;2;1;1;5;203 830 114;1;1;4;1;2007.0;5;2;-1;-1;11;7;2023;07:15;1;63;63204;1;1;1;3;45.80429106;3.20082178;3;2;2;0;1;1; -1;1;0;1;90;Blessé léger;1
202300008932;155 664 738;A01;10;0;2;5;17;1;203 830 039;1;1;1;1;1994.0;5;1;-1;-1;10;7;2023;14:45;1;17;17225;1;1;1;3;45.740005;-1.168499;3;2;2;0;1;3;5,5;1;0;1;70;Indemne;0
202300008932;155 664 740;B01;1;0;2;8;1;5;203 830 042;1;1;3;1;1963.0;5;2;-1;-1;10;7;2023;14:45;1;17;17225;1;1;1;3;45.740005;-1.168499;3;2;2;0;1;3;5,5;1;0;1;70;Blessé hospitalisé;0
202300008935;155 664 731;A01;1;0;2;1;15;5;203 830 025;1;1;2;1;1938.0;5;2;-1;-1;11;7;2023;08:20;1;17;17207;1;3;1;1;46.21659;-1.460495;3;2;2;1;1;1;5,5;1;0;1;80;Tué;1
202300008935;155 664 731;A01;1;0;2;1;15;5;203 830 025;1;1;2;1;1938.0;5;2;-1;-1;11;7;2023;08:20;1;17;17207;1;3;1;1;46.21659;-1.460495;3;2;2;-1;1;1; -1;1;5;1;50;Tué;1
202300008935;155 664 732;B01;33;0;2;1;1;1;203 830 029;1;1;3;1;1994.0;1;2;-1;-1;11;7;2023;08:20;1;17;17207;1;3;1;1;46.21659;-1.460495;3;2;2;1;1;1;5,5;1;0;1;80;Blessé hospitalisé;1
202300008935;155 664 732;B01;33;0;2;1;1;1;203 830 029;1;1;3;1;1994.0;1;2;-1;-1;11;7;2023;08:20;1;17;17207;1;3;1;1;46.21659;-1.460495;3;2;2;-1;1;1; -1;1;5;1;50;Blessé hospitalisé;1
202300008941;155 664 721;A01;1;0;2;0;21;5;203 830 011;1;1;1;1;1961.0;5;2;-1;-1;20;8;2023;11:20;1;17;17466;1;1;1;3;46.178404;-0.938194;3;2;2;0;1;1;5;1;0;1;80;Indemne;6
202300008941;155 664 725;B01;1;0;2;2;21;5;203 830 016;1;1;3;2;1965.0;5;2;-1;-1;20;8;2023;11:20;1;17;17466;1;1;1;3;46.178404;-0.938194;3;2;2;0;1;1;5;1;0;1;80;Blessé hospitalisé;6
202300008946;155 664 715;A01;1;0;9;0;14;5;203 830 002;1;1;4;1;1951.0;5;2;-1;-1;8;7;2023;10:40;1;85;85035;2;1;1;1;46.630478;-1.879476;4;2;2;1;2;4; -1;1;0;5;-1;Blessé léger;5
202300008946;155 664 716;B01;1;0;0;0;13;5;203 830 004;1;1;1;1;1985.0;5;2;-1;-1;8;7;2023;10:40;1;85;85035;2;1;1;1;46.630478;-1.879476;4;2;2;1;2;4; -1;1;0;5;-1;Indemne;5
202300008947;155 664 714;A01;80;0;0;0;1;3;203 830 003;1;1;3;1;1959.0;5;2;-1;-1;17;8;2023;16:50;1;87;87117;2;1;1;7;45.80182;1.84345;3;2;2;0;2;2;6;1;0;1;50;Blessé hospitalisé;3
202300008949;155 664 713;B01;1;0;2;0;0;5;203 830 001;1;1;4;1;1978.0;3;8;0;-1;4;6;2023;10:00;1;72;72003;2;1;1;1;47.95596;0.16667;4;2;3;1;1;1; -1;1;0;5;50;Blessé léger;6
202300008957;155 664 693;A01;1;12;0;0;0;5;203 829 976;1;1;2;2;1949.0;0;8;-1;-1;7;7;2023;14:00;1;22;22162;2;1;1;7;48.781741;-3.047671;4;1;1;0;3;1; -1;1;0;4;20;Tué;4
202300008969;155 664 673;A01;7;0;2;2;2;2;203 829 937;1;1;1;1;2000.0;0;1;0;-1;21;3;2023;18:20;1;93;93006;2;1;1;3;48.87188;2.419421;4;2;2;0;2;1; -1;1;0;1;50;Indemne;1
202300008969;155 664 678;B01;1;0;2;3;2;5;203 829 947;1;1;4;1;2015.0;0;2;0;-1;21;3;2023;18:20;1;93;93006;2;1;1;3;48.87188;2.419421;4;2;2;0;2;1; -1;1;0;1;50;Blessé léger;1
202300008980;155 664 655;A01;1;0;2;1;16;5;203 829 909;1;1;4;1;1962.0;5;8;0;-1;4;6;2023;12:00;1;54;54431;1;9;1;3;48.92157;6.04018;9;2;2;1;1;1; -1;1;0;5;50;Blessé léger;6
202300008980;155 664 659;B01;1;0;2;8;1;5;203 829 916;1;1;4;2;1965.0;5;8;0;-1;4;6;2023;12:00;1;54;54431;1;9;1;3;48.92157;6.04018;9;2;2;1;1;1; -1;1;0;5;50;Blessé léger;6
202300009018;155 664 591;B01;1;0;2;0;1;5;203 829 822;1;1;3;1;1973.0;5;8;0;-1;31;12;2023;07:55;2;78;78502;2;3;2;3;48.8774;2.10648;2;1;2;0;2;3; -1;2;0;1;50;Blessé hospitalisé;6
202300009018;155 664 591;B01;1;0;2;0;1;5;203 829 822;1;1;3;1;1973.0;5;8;0;-1;31;12;2023;07:55;2;78;78502;2;3;2;3;48.8774;2.10648;2;2;4;0;2;1; -1;2;0;1;70;Blessé hospitalisé;6
202300009018;155 664 596;A01;7;0;2;1;16;1;203 829 827;1;1;1;1;1969.0;1;8;8;-1;31;12;2023;07:55;2;78;78502;2;3;2;3;48.8774;2.10648;2;1;2;0;2;3; -1;2;0;1;50;Indemne;6
202300009018;155 664 596;A01;7;0;2;1;16;1;203 829 827;1;1;1;1;1969.0;1;8;8;-1;31;12;2023;07:55;2;78;78502;2;3;2;3;48.8774;2.10648;2;2;4;0;2;1; -1;2;0;1;70;Indemne;6
202300009039;155 664 551;B01;1;0;2;1;1;5;203 829 765;1;1;3;1;1973.0;5;2;-1;-1;19;8;2023;11:30;1;06;06152;1;1;1;3;43.643055;7.050176;3;2;2;0;2;1;6;1;0;1;50;Blessé hospitalisé;5
202300009039;155 664 553;A01;7;0;9;3;15;1;203 829 768;1;1;1;2;1969.0;5;1;-1;-1;19;8;2023;11:30;1;06;06152;1;1;1;3;43.643055;7.050176;3;2;2;0;2;1;6;1;0;1;50;Indemne;5
202300009056;155 664 520;A01;7;0;2;2;5;1;203 829 716;1;1;1;1;1975.0;5;1;-1;-1;22;3;2023;15:30;1;2B;2B123;2;3;1;3;42.01703;9.40419;3;2;2;0;1;1;7;1;0;1;50;Indemne;2
202300009056;155 664 520;A01;7;0;2;2;5;1;203 829 716;1;1;1;1;1975.0;5;1;-1;-1;22;3;2023;15:30;1;2B;2B123;2;3;1;3;42.01703;9.40419;3;2; -1;-1;-1;-1; -1;-1;-1;-1;-1;Indemne;2
202300009056;155 664 522;B01;1;0;2;3;1;5;203 829 718;1;1;3;2;1963.0;1;2;-1;-1;22;3;2023;15:30;1;2B;2B123;2;3;1;3;42.01703;9.40419;3;2;2;0;1;1;7;1;0;1;50;Blessé hospitalisé;2
202300009056;155 664 522;B01;1;0;2;3;1;5;203 829 718;1;1;3;2;1963.0;1;2;-1;-1;22;3;2023;15:30;1;2B;2B123;2;3;1;3;42.01703;9.40419;3;2; -1;-1;-1;-1; -1;-1;-1;-1;-1;Blessé hospitalisé;2
202300009062;155 664 509;A01;1;0;2;1;1;5;203 829 698;1;1;3;1;1985.0;5;2;9;-1;21;3;2023;15:10;1;12;12154;1;4;1;3;43.886987;2.812913;3;2;2;0;1;1; -1;1;5;1;90;Blessé hospitalisé;1
202300009062;155 664 509;A01;1;0;2;1;1;5;203 829 698;1;1;3;1;1985.0;5;2;9;-1;21;3;2023;15:10;1;12;12154;1;4;1;3;43.886987;2.812913;3;2;3;0;1;3; -1;1;5;1;90;Blessé hospitalisé;1
202300009062;155 664 511;B01;10;0;2;7;15;1;203 829 701;1;1;1;1;1934.0;5;1;-1;-1;21;3;2023;15:10;1;12;12154;1;4;1;3;43.886987;2.812913;3;2;2;0;1;1; -1;1;5;1;90;Indemne;1
202300009062;155 664 511;B01;10;0;2;7;15;1;203 829 701;1;1;1;1;1934.0;5;1;-1;-1;21;3;2023;15:10;1;12;12154;1;4;1;3;43.886987;2.812913;3;2;3;0;1;3; -1;1;5;1;90;Indemne;1
202300009067;155 664 502;A01;1;0;0;1;2;5;203 829 691;1;1;3;1;1955.0;5;2;6;-1;19;3;2023;10:00;1;86;86023;1;1;1;6;46.89977;0.257442;3;2;2;0;2;1; -1;1;0;1;80;Blessé hospitalisé;6
202300009069;155 664 497;A01;1;0;2;3;13;5;203 829 685;1;1;3;1;1952.0;5;0;-1;-1;21;3;2023;13:00;1;86;86160;2;1;1;1;46.7847;0.182413;4;2;2;0;1;1;4;1;0;1;50;Blessé hospitalisé;1
202300009069;155 664 499;B01;2;0;2;3;1;3;203 829 687;1;1;1;1;1978.0;4;2;-1;-1;21;3;2023;13:00;1;86;86160;2;1;1;1;46.7847;0.182413;4;2;2;0;1;1;4;1;0;1;50;Indemne;1
202300009070;155 664 496;B01;1;0;2;7;1;5;203 829 684;1;1;4;2;1996.0;1;2;0;-1;29;12;2023;13:30;1;22;22113;2;6;8;3;48.7278;-3.459;4;1;1;0;1;1; -1;1;5;1;30;Blessé léger;4
202300009070;155 664 496;B01;1;0;2;7;1;5;203 829 684;1;1;4;2;1996.0;1;2;0;-1;29;12;2023;13:30;1;22;22113;2;6;8;3;48.7278;-3.459;4;2;2;0;1;1; -1;1;5;1;30;Blessé léger;4
202300009070;155 664 498;A01;7;0;2;3;9;1;203 829 686;1;1;1;2;1991.0;5;1;0;-1;29;12;2023;13:30;1;22;22113;2;6;8;3;48.7278;-3.459;4;1;1;0;1;1; -1;1;5;1;30;Indemne;4
202300009070;155 664 498;A01;7;0;2;3;9;1;203 829 686;1;1;1;2;1991.0;5;1;0;-1;29;12;2023;13:30;1;22;22113;2;6;8;3;48.7278;-3.459;4;2;2;0;1;1; -1;1;5;1;30;Indemne;4
202300009073;155 664 487;B01;7;0;2;4;23;1;203 829 669;1;1;1;1;1951.0;5;8;8;-1;31;12;2023;15:00;1;75;75106;2;2;1;2;48.851609;2.331126;4;1; -1;-1;1;1; -1;1;0;1;30;Indemne;6
202300009073;155 664 487;B01;7;0;2;4;23;1;203 829 669;1;1;1;1;1951.0;5;8;8;-1;31;12;2023;15:00;1;75;75106;2;2;1;2;48.851609;2.331126;4;2;2;0;1;1; -1;1;0;1;30;Indemne;6
202300009073;155 664 488;A01;1;0;2;1;1;5;203 829 672;1;1;4;1;2003.0;5;8;0;-1;31;12;2023;15:00;1;75;75106;2;2;1;2;48.851609;2.331126;4;1; -1;-1;1;1; -1;1;0;1;30;Blessé léger;6
202300009073;155 664 488;A01;1;0;2;1;1;5;203 829 672;1;1;4;1;2003.0;5;8;0;-1;31;12;2023;15:00;1;75;75106;2;2;1;2;48.851609;2.331126;4;2;2;0;1;1; -1;1;0;1;30;Blessé léger;6
202300009074;155 664 491;A01;7;0;2;7;2;1;203 829 677;1;1;1;1;1965.0;1;1;-1;-1;14;3;2023;17:50;1;68;68126;1;1;1;3;47.561639;7.545767;3;2;2;0;1;1;4;1;0;1;50;Indemne;1
202300009074;155 664 493;B01;1;0;2;8;2;5;203 829 679;1;1;4;1;1975.0;1;0;-1;-1;14;3;2023;17:50;1;68;68126;1;1;1;3;47.561639;7.545767;3;2;2;0;1;1;4;1;0;1;50;Blessé léger;1
202300009096;155 664 456;B01;1;1;2;8;1;5;203 829 623;1;1;4;2;1998.0;5;8;0;-1;31;12;2023;14:30;1;75;75107;2;3;1;3;48.85881;2.328732;4;1; -1;-1;1;1; -1;1;0;1;30;Blessé léger;6
202300009096;155 664 456;B01;1;1;2;8;1;5;203 829 623;1;1;4;2;1998.0;5;8;0;-1;31;12;2023;14:30;1;75;75107;2;3;1;3;48.85881;2.328732;4;1;1;0;1;1; -1;1;0;1;30;Blessé léger;6
202300009096;155 664 458;A01;7;0;0;5;24;1;203 829 626;3;2;1;2;2010.0;5;8;0;-1;31;12;2023;14:30;1;75;75107;2;3;1;3;48.85881;2.328732;4;1; -1;-1;1;1; -1;1;0;1;30;Indemne;6
202300009096;155 664 458;A01;7;0;0;5;24;1;203 829 626;3;2;1;2;2010.0;5;8;0;-1;31;12;2023;14:30;1;75;75107;2;3;1;3;48.85881;2.328732;4;1;1;0;1;1; -1;1;0;1;30;Indemne;6
202300009096;155 664 458;A01;7;0;0;5;24;1;203 829 628;1;1;1;2;1979.0;5;8;0;-1;31;12;2023;14:30;1;75;75107;2;3;1;3;48.85881;2.328732;4;1; -1;-1;1;1; -1;1;0;1;30;Indemne;6
202300009096;155 664 458;A01;7;0;0;5;24;1;203 829 628;1;1;1;2;1979.0;5;8;0;-1;31;12;2023;14:30;1;75;75107;2;3;1;3;48.85881;2.328732;4;1;1;0;1;1; -1;1;0;1;30;Indemne;6
202300009098;155 664 454;A01;1;1;0;6;2;5;203 829 621;1;1;3;1;1966.0;5;0;-1;-1;22;3;2023;15:00;1;16;16070;2;1;1;6;45.868115;0.730036;4;2;2;0;2;1;3;1;0;1;-1;Blessé hospitalisé;2
202300009103;155 664 446;A01;7;0;2;1;1;1;203 829 610;1;1;1;2;1983.0;0;1;-1;-1;20;8;2023;12:45;1;33;33527;1;1;1;1;44.62768;-1.022704;3;2;2;1;1;1;5,5;1;0;1;80;Indemne;6
202300009103;155 664 448;B01;1;0;2;1;13;5;203 829 612;1;1;3;1;2011.0;5;0;-1;-1;20;8;2023;12:45;1;33;33527;1;1;1;1;44.62768;-1.022704;3;2;2;1;1;1;5,5;1;0;1;80;Blessé hospitalisé;6
202300009104;155 664 447;A01;7;0;9;7;2;1;203 829 611;1;1;1;1;1939.0;5;1;-1;-1;22;3;2023;11:00;1;68;68321;2;1;1;3;47.827377;7.250676;3;2;2;0;1;1;4;1;0;1;50;Indemne;2
202300009104;155 664 449;B01;1;0;2;8;1;5;203 829 613;1;1;3;1;1944.0;5;2;-1;-1;22;3;2023;11:00;1;68;68321;2;1;1;3;47.827377;7.250676;3;2;2;0;1;1;4;1;0;1;50;Blessé hospitalisé;2
202300009107;155 664 441;A01;7;0;2;4;4;1;203 829 604;1;1;1;2;1981.0;5;1;-1;-1;19;8;2023;09:00;1;33;33527;2;2;1;3;44.629959;-1.021562;3;2;2;1;1;1;5,5;1;0;5;50;Indemne;5
202300009107;155 664 441;A01;7;0;2;4;4;1;203 829 604;1;1;1;2;1981.0;5;1;-1;-1;19;8;2023;09:00;1;33;33527;2;2;1;3;44.629959;-1.021562;3;2;2;0;1;1; -1;1;0;1;50;Indemne;5
202300009107;155 664 443;B01;1;0;2;8;19;5;203 829 607;1;1;3;1;1947.0;5;2;6;-1;19;8;2023;09:00;1;33;33527;2;2;1;3;44.629959;-1.021562;3;2;2;1;1;1;5,5;1;0;5;50;Blessé hospitalisé;5
202300009107;155 664 443;B01;1;0;2;8;19;5;203 829 607;1;1;3;1;1947.0;5;2;6;-1;19;8;2023;09:00;1;33;33527;2;2;1;3;44.629959;-1.021562;3;2;2;0;1;1; -1;1;0;1;50;Blessé hospitalisé;5
202300009121;155 664 419;A01;7;0;2;2;16;1;203 829 574;1;1;1;2;1946.0;9;1;-1;-1;20;3;2023;15:20;1;33;33496;2;6;1;3;44.831526;-0.399671;3;2;2;0;1;2;7;1;0;1;50;Indemne;0
202300009121;155 664 421;B01;1;0;2;8;1;5;203 829 578;1;1;3;1;1954.0;5;2;-1;-1;20;3;2023;15:20;1;33;33496;2;6;1;3;44.831526;-0.399671;3;2;2;0;1;2;7;1;0;1;50;Blessé hospitalisé;0
202300009122;155 664 420;A01;1;0;0;1;0;5;203 829 576;1;1;3;1;1979.0;5;2;-1;-1;17;8;2023;11:30;1;77;77175;1;3;1;3;48.647392;2.671724;3;2;2;0;1;1;5;1;0;1;80;Blessé hospitalisé;3
202300009122;155 664 420;A01;1;0;0;1;0;5;203 829 576;1;1;3;1;1979.0;5;2;-1;-1;17;8;2023;11:30;1;77;77175;1;3;1;3;48.647392;2.671724;3;-1; -1;-1;1;-1; -1;-1;-1;-1;-1;Blessé hospitalisé;3
202300009156;155 664 355;A01;1;0;2;8;13;5;203 829 482;1;1;3;2;1994.0;5;2;-1;-1;19;8;2023;11:50;1;05;05177;1;1;1;1;44.583239;6.682885;3;2;2;0;2;3;5,5;1;0;1;80;Blessé hospitalisé;5
202300009156;155 664 356;B01;33;0;0;1;1;1;203 829 485;1;1;1;1;1974.0;5;2;6;-1;19;8;2023;11:50;1;05;05177;1;1;1;1;44.583239;6.682885;3;2;2;0;2;3;5,5;1;0;1;80;Indemne;5