Num_Acc;id_vehicule;num_veh;catv;obs;obsm;choc;manv;motor;id_usager;place;catu;grav;sexe;an_nais;trajet;secu1;secu2;secu3;jour;mois;an;hrmn;lum;dep;com;agg;int;atm;col;lat;long;catr;circ;nbv;vosp;prof;plan;larrout;surf;infra;situ;vma;gravity;day_of_week
202300009161;155 664 344;Z01;1;0;2;1;1;5;203 829 469;1;1;4;1;1979.0;5;0;-1;-1;30;12;2023;11:10;1;69;69383;2;3;1;5;45.75744;4.85465;4;2;1;0;1;1; -1;1;0;1;30;Blessé léger;5
202300009161;155 664 344;Z01;1;0;2;1;1;5;203 829 469;1;1;4;1;1979.0;5;0;-1;-1;30;12;2023;11:10;1;69;69383;2;3;1;5;45.75744;4.85465;4;2;1;1;1;1; -1;1;0;1;30;Blessé léger;5
202300009161;155 664 347;A01;7;0;2;3;15;1;203 829 472;1;1;1;1;1942.0;0;1;-1;-1;30;12;2023;11:10;1;69;69383;2;3;1;5;45.75744;4.85465;4;2;1;0;1;1; -1;1;0;1;30;Indemne;5
202300009161;155 664 347;A01;7;0;2;3;15;1;203 829 472;1;1;1;1;1942.0;0;1;-1;-1;30;12;2023;11:10;1;69;69383;2;3;1;5;45.75744;4.85465;4;2;1;1;1;1; -1;1;0;1;30;Indemne;5
202300009161;155 664 348;Y01;1;0;2;1;1;5;203 829 474;1;1;4;1;2015.0;5;0;-1;-1;30;12;2023;11:10;1;69;69383;2;3;1;5;45.75744;4.85465;4;2;1;0;1;1; -1;1;0;1;30;Blessé léger;5
202300009161;155 664 348;Y01;1;0;2;1;1;5;203 829 474;1;1;4;1;2015.0;5;0;-1;-1;30;12;2023;11:10;1;69;69383;2;3;1;5;45.75744;4.85465;4;2;1;1;1;1; -1;1;0;1;30;Blessé léger;5
202300009170;155 664 325;A01;7;0;2;3;15;1;203 829 441;1;1;1;2;1949.0;0;1;0;-1;20;9;2023;17:00;1;60;60057;2;3;1;3;49.41412;2.1061;4;2;2;0;1;1; -1;1;9;1;50;Indemne;2
202300009170;155 664 325;A01;7;0;2;3;15;1;203 829 441;1;1;1;2;1949.0;0;1;0;-1;20;9;2023;17:00;1;60;60057;2;3;1;3;49.41412;2.1061;4;2;2;0;1;1; -1;1;9;1;50;Indemne;2
202300009170;155 664 327;B01;1;0;2;1;26;5;203 829 444;1;1;4;1;1983.0;0;0;-1;-1;20;9;2023;17:00;1;60;60057;2;3;1;3;49.41412;2.1061;4;2;2;0;1;1; -1;1;9;1;50;Blessé léger;2
202300009170;155 664 327;B01;1;0;2;1;26;5;203 829 444;1;1;4;1;1983.0;0;0;-1;-1;20;9;2023;17:00;1;60;60057;2;3;1;3;49.41412;2.1061;4;2;2;0;1;1; -1;1;9;1;50;Blessé léger;2
202300009176;155 664 313;B01;7;0;2;6;1;1;203 829 428;1;1;1;2;1988.0;5;1;-1;-1;16;8;2023;16:30;1;13;13041;2;3;1;3;43.462794;5.483358;4;-1;2;0;1;1; -1;1;0;1;50;Indemne;2
202300009176;155 664 313;B01;7;0;2;6;1;1;203 829 428;1;1;1;2;1988.0;5;1;-1;-1;16;8;2023;16:30;1;13;13041;2;3;1;3;43.462794;5.483358;4;2;2;2;1;1; -1;1;0;1;50;Indemne;2
202300009176;155 664 316;A01;1;0;2;1;1;5;203 829 431;1;1;3;2;2009.0;5;2;-1;-1;16;8;2023;16:30;1;13;13041;2;3;1;3;43.462794;5.483358;4;-1;2;0;1;1; -1;1;0;1;50;Blessé hospitalisé;2
202300009176;155 664 316;A01;1;0;2;1;1;5;203 829 431;1;1;3;2;2009.0;5;2;-1;-1;16;8;2023;16:30;1;13;13041;2;3;1;3;43.462794;5.483358;4;2;2;2;1;1; -1;1;0;1;50;Blessé hospitalisé;2
202300009188;155 664 292;A01;1;0;2;1;1;5;203 829 400;1;1;4;1;1997.0;5;8;0;-1;18;9;2023;15:50;1;54;54395;2;2;3;3;48.68312;6.171458;4;1;1;2;1;1; -1;2;-1;1;30;Blessé léger;0
202300009188;155 664 292;A01;1;0;2;1;1;5;203 829 400;1;1;4;1;1997.0;5;8;0;-1;18;9;2023;15:50;1;54;54395;2;2;3;3;48.68312;6.171458;4;1;2;0;1;1; -1;2;0;1;30;Blessé léger;0
202300009188;155 664 294;B01;7;0;2;8;1;1;203 829 402;1;1;1;1;2002.0;1;1;0;-1;18;9;2023;15:50;1;54;54395;2;2;3;3;48.68312;6.171458;4;1;1;2;1;1; -1;2;-1;1;30;Indemne;0
202300009188;155 664 294;B01;7;0;2;8;1;1;203 829 402;1;1;1;1;2002.0;1;1;0;-1;18;9;2023;15:50;1;54;54395;2;2;3;3;48.68312;6.171458;4;1;2;0;1;1; -1;2;0;1;30;Indemne;0
202300009198;155 664 278;A01;7;0;2;2;15;1;203 829 382;1;1;1;2;1936.0;5;1;0;-1;19;9;2023;21:20;5;49;49007;2;2;1;3;47.46638;-0.54767;4;2;2;0;1;1; -1;1;0;1;30;Indemne;1
202300009198;155 664 278;A01;7;0;2;2;15;1;203 829 382;1;1;1;2;1936.0;5;1;0;-1;19;9;2023;21:20;5;49;49007;2;2;1;3;47.46638;-0.54767;4;2; -1;-1;1;1; -1;1;0;1;-1;Indemne;1
202300009198;155 664 282;B01;1;0;2;1;1;5;203 829 386;1;1;4;1;1966.0;1;8;0;-1;19;9;2023;21:20;5;49;49007;2;2;1;3;47.46638;-0.54767;4;2;2;0;1;1; -1;1;0;1;30;Blessé léger;1
202300009198;155 664 282;B01;1;0;2;1;1;5;203 829 386;1;1;4;1;1966.0;1;8;0;-1;19;9;2023;21:20;5;49;49007;2;2;1;3;47.46638;-0.54767;4;2; -1;-1;1;1; -1;1;0;1;-1;Blessé léger;1
202300009208;155 664 259;A01;1;0;2;3;13;5;203 829 359;1;1;1;1;1955.0;5;2;-1;-1;19;8;2023;18:48;1;03;03006;1;1;1;3;46.125694;3.705128;3;2;2;0;2;2;5,5;1;0;1;90;Indemne;5
202300009208;155 664 260;B01;33;0;9;3;1;1;203 829 361;1;1;3;1;1968.0;5;2;6;-1;19;8;2023;18:48;1;03;03006;1;1;1;3;46.125694;3.705128;3;2;2;0;2;2;5,5;1;0;1;90;Blessé hospitalisé;5
202300009228;155 664 227;A01;1;0;2;1;26;5;203 829 315;1;1;4;2;1997.0;4;8;8;-1;20;3;2023;11:10;1;93;93073;2;3;1;1;48.97796;2.56298;4;2;2;-1;1;1; -1;1;0;1;-1;Blessé léger;0
202300009228;155 664 227;A01;1;0;2;1;26;5;203 829 315;1;1;4;2;1997.0;4;8;8;-1;20;3;2023;11:10;1;93;93073;2;3;1;1;48.97796;2.56298;4;2;2;0;1;1; -1;1;0;1;50;Blessé léger;0
202300009233;155 664 218;A01;1;0;0;1;1;5;203 829 303;1;1;4;1;1973.0;5;2;9;-1;16;8;2023;08:35;1;65;65006;1;1;1;7;42.91018;0.286873;3;2;2;0;2;1;4;1;0;1;70;Blessé léger;2
202300009234;155 664 213;B01;1;0;2;7;9;5;203 829 297;1;1;4;2;1996.0;1;0;-1;-1;20;9;2023;12:10;1;33;33249;2;6;1;3;44.87135;-0.5164;4;2;2;1;2;1; -1;1;0;1;30;Blessé léger;2
202300009234;155 664 213;B01;1;0;2;7;9;5;203 829 297;1;1;4;2;1996.0;1;0;-1;-1;20;9;2023;12:10;1;33;33249;2;6;1;3;44.87135;-0.5164;4;2;2;0;1;1; -1;1;0;1;30;Blessé léger;2
202300009234;155 664 217;A01;7;0;2;3;16;1;203 829 302;1;1;1;2;1983.0;2;1;-1;-1;20;9;2023;12:10;1;33;33249;2;6;1;3;44.87135;-0.5164;4;2;2;1;2;1; -1;1;0;1;30;Indemne;2
202300009234;155 664 217;A01;7;0;2;3;16;1;203 829 302;1;1;1;2;1983.0;2;1;-1;-1;20;9;2023;12:10;1;33;33249;2;6;1;3;44.87135;-0.5164;4;2;2;0;1;1; -1;1;0;1;30;Indemne;2
202300009235;155 664 211;B01;1;0;2;6;1;5;203 829 295;1;1;3;1;1966.0;5;2;-1;-1;13;8;2023;12:20;1;65;65059;1;1;1;3;42.910533;0.175738;3;2;2;0;2;1;7;1;0;1;80;Blessé hospitalisé;6
202300009235;155 664 215;A01;1;0;2;2;1;5;203 829 298;1;1;1;1;1994.0;5;2;-1;-1;13;8;2023;12:20;1;65;65059;1;1;1;3;42.910533;0.175738;3;2;2;0;2;1;7;1;0;1;80;Indemne;6
202300009246;155 664 189;A01;33;0;2;7;23;1;203 829 260;1;1;4;1;1998.0;5;2;6;-1;17;8;2023;18:40;1;17;17452;2;1;7;4;45.792529;-1.178445;3;2;2;0;1;1;5,5;1;0;1;50;Blessé léger;3
202300009246;155 664 192;C01;1;0;0;3;19;5;203 829 262;1;1;4;1;1965.0;5;0;-1;-1;17;8;2023;18:40;1;17;17452;2;1;7;4;45.792529;-1.178445;3;2;2;0;1;1;5,5;1;0;1;50;Blessé léger;3
202300009246;155 664 195;B01;33;0;2;8;21;1;203 829 265;1;1;1;2;2002.0;5;2;6;-1;17;8;2023;18:40;1;17;17452;2;1;7;4;45.792529;-1.178445;3;2;2;0;1;1;5,5;1;0;1;50;Indemne;3
202300009250;155 664 182;B01;1;0;2;4;1;5;203 829 250;1;1;2;1;1939.0;5;2;-1;-1;20;8;2023;08:00;1;17;17240;1;1;7;2;45.273471;-0.402278;4;2;2;0;1;1; -1;1;5;1;50;Tué;6
202300009250;155 664 184;A01;7;0;2;2;1;1;203 829 252;1;1;1;1;1995.0;5;1;-1;-1;20;8;2023;08:00;1;17;17240;1;1;7;2;45.273471;-0.402278;4;2;2;0;1;1; -1;1;5;1;50;Indemne;6
202300009259;155 664 169;B01;7;0;9;3;9;1;203 829 232;1;1;1;1;1969.0;0;1;0;-1;20;9;2023;12:00;1;25;25056;2;4;1;3;47.23606;6.02997;4;1;1;2;1;1; -1;1;0;1;30;Indemne;2
202300009259;155 664 169;B01;7;0;9;3;9;1;203 829 232;1;1;1;1;1969.0;0;1;0;-1;20;9;2023;12:00;1;25;25056;2;4;1;3;47.23606;6.02997;4;2;2;0;1;1; -1;1;0;1;30;Indemne;2
202300009259;155 664 174;A01;1;0;2;0;0;5;203 829 237;1;1;4;2;1951.0;0;8;0;-1;20;9;2023;12:00;1;25;25056;2;4;1;3;47.23606;6.02997;4;1;1;2;1;1; -1;1;0;1;30;Blessé léger;2
202300009259;155 664 174;A01;1;0;2;0;0;5;203 829 237;1;1;4;2;1951.0;0;8;0;-1;20;9;2023;12:00;1;25;25056;2;4;1;3;47.23606;6.02997;4;2;2;0;1;1; -1;1;0;1;30;Blessé léger;2
202300009268;155 664 152;A01;1;0;1;8;19;5;203 829 212;10;3;4;2;1936.0;5;8;8;-1;20;9;2023;16:14;1;22;22278;2;9;2;6;48.51484;-2.7572;4;2;2;0;1;3; -1;2;9;1;30;Blessé léger;2
202300009268;155 664 152;A01;1;0;1;8;19;5;203 829 213;1;1;1;1;2007.0;5;8;0;-1;20;9;2023;16:14;1;22;22278;2;9;2;6;48.51484;-2.7572;4;2;2;0;1;3; -1;2;9;1;30;Indemne;2
202300009280;155 664 131;A01;7;0;9;2;16;1;203 829 185;1;1;1;2;1970.0;0;1;0;-1;20;3;2023;17:03;1;64;64445;2;6;1;3;43.31322;-0.36887;4;1;1;0;1;1; -1;1;0;1;50;Indemne;0
202300009280;155 664 131;A01;7;0;9;2;16;1;203 829 185;1;1;1;2;1970.0;0;1;0;-1;20;3;2023;17:03;1;64;64445;2;6;1;3;43.31322;-0.36887;4;1;6;0;1;2; -1;1;0;1;50;Indemne;0
202300009280;155 664 132;B01;1;0;2;1;15;5;203 829 186;1;1;4;2;1978.0;0;2;0;-1;20;3;2023;17:03;1;64;64445;2;6;1;3;43.31322;-0.36887;4;1;1;0;1;1; -1;1;0;1;50;Blessé léger;0
202300009280;155 664 132;B01;1;0;2;1;15;5;203 829 186;1;1;4;2;1978.0;0;2;0;-1;20;3;2023;17:03;1;64;64445;2;6;1;3;43.31322;-0.36887;4;1;6;0;1;2; -1;1;0;1;50;Blessé léger;0
202300009294;155 664 101;A01;80;0;1;1;1;3;203 829 152;1;1;4;1;1980.0;1;2;0;-1;19;9;2023;17:50;1;75;75120;2;1;1;6;48.872067;2.408485;4;1;4;1;2;1; -1;1;0;5;50;Blessé léger;1
202300009294;155 664 101;A01;80;0;1;1;1;3;203 829 153;10;3;4;1;2008.0;2;0;-1;-1;19;9;2023;17:50;1;75;75120;2;1;1;6;48.872067;2.408485;4;1;4;1;2;1; -1;1;0;5;50;Blessé léger;1
202300009297;155 664 097;A01;1;16;2;1;25;5;203 829 147;1;1;4;1;2002.0;5;8;0;-1;20;9;2023;13:20;1;75;75117;2;1;1;3;48.893217;2.302572;4;1;1;0;1;1; -1;1;0;4;30;Blessé léger;2
202300009297;155 664 098;B01;7;0;2;7;16;1;203 829 148;1;1;1;2;1973.0;1;1;8;-1;20;9;2023;13:20;1;75;75117;2;1;1;3;48.893217;2.302572;4;1;1;0;1;1; -1;1;0;4;30;Indemne;2
202300009299;155 664 093;A01;31;0;2;3;2;1;203 829 143;1;1;4;1;1998.0;1;2;8;-1;20;9;2023;14:45;1;75;75113;2;3;1;3;48.832705;2.362211;4;3;4;3;1;1; -1;1;0;1;30;Blessé léger;2
202300009299;155 664 093;A01;31;0;2;3;2;1;203 829 143;1;1;4;1;1998.0;1;2;8;-1;20;9;2023;14:45;1;75;75113;2;3;1;3;48.832705;2.362211;4;2;2;2;1;1; -1;1;0;1;30;Blessé léger;2
202300009299;155 664 094;B01;1;0;2;2;19;5;203 829 144;1;1;4;1;2000.0;2;8;0;-1;20;9;2023;14:45;1;75;75113;2;3;1;3;48.832705;2.362211;4;3;4;3;1;1; -1;1;0;1;30;Blessé léger;2
202300009299;155 664 094;B01;1;0;2;2;19;5;203 829 144;1;1;4;1;2000.0;2;8;0;-1;20;9;2023;14:45;1;75;75113;2;3;1;3;48.832705;2.362211;4;2;2;2;1;1; -1;1;0;1;30;Blessé léger;2
202300009303;155 664 086;A01;80;0;2;1;15;3;203 829 136;1;1;3;2;1994.0;5;8;0;-1;19;9;2023;20:50;5;75;75112;2;2;1;1;48.843396;2.370712;4;-1; -1;1;1;1; -1;1;0;5;30;Blessé hospitalisé;1
202300009303;155 664 086;A01;80;0;2;1;15;3;203 829 136;1;1;3;2;1994.0;5;8;0;-1;19;9;2023;20:50;5;75;75112;2;2;1;1;48.843396;2.370712;4;2;4;1;1;1; -1;1;0;5;30;Blessé hospitalisé;1
202300009303;155 664 087;B01;80;0;2;1;1;3;203 829 137;1;1;3;1;1990.0;4;8;0;-1;19;9;2023;20:50;5;75;75112;2;2;1;1;48.843396;2.370712;4;-1; -1;1;1;1; -1;1;0;5;30;Blessé hospitalisé;1
202300009303;155 664 087;B01;80;0;2;1;1;3;203 829 137;1;1;3;1;1990.0;4;8;0;-1;19;9;2023;20:50;5;75;75112;2;2;1;1;48.843396;2.370712;4;2;4;1;1;1; -1;1;0;5;30;Blessé hospitalisé;1
202300009310;155 664 075;Y01;1;0;2;8;19;5;203 829 121;1;1;4;1;1957.0;0;8;0;-1;10;10;2023;09:15;1;94;94046;2;1;1;3;48.80383;2.4331;3;2;4;0;1;1; -1;1;8;1;50;Blessé léger;1
202300009310;155 664 076;A01;34;14;2;1;1;1;203 829 122;1;1;1;1;1994.0;1;2;6;-1;10;10;2023;09:15;1;94;94046;2;1;1;3;48.80383;2.4331;3;2;4;0;1;1; -1;1;8;1;50;Indemne;1
202300009314;155 664 068;B01;1;0;2;8;19;5;203 829 111;1;1;4;2;1995.0;5;8;0;-1;20;9;2023;22:20;5;93;93071;2;5;1;3;48.93635;2.51532;3;2;4;0;1;3; -1;1;5;1;50;Blessé léger;2
202300009314;155 664 068;B01;1;0;2;8;19;5;203 829 111;1;1;4;2;1995.0;5;8;0;-1;20;9;2023;22:20;5;93;93071;2;5;1;3;48.93635;2.51532;3;3;2;1;1;1; -1;1;5;5;50;Blessé léger;2
202300009314;155 664 069;A01;7;0;2;8;1;3;203 829 112;1;1;1;2;1971.0;1;1;8;-1;20;9;2023;22:20;5;93;93071;2;5;1;3;48.93635;2.51532;3;2;4;0;1;3; -1;1;5;1;50;Indemne;2
202300009314;155 664 069;A01;7;0;2;8;1;3;203 829 112;1;1;1;2;1971.0;1;1;8;-1;20;9;2023;22:20;5;93;93071;2;5;1;3;48.93635;2.51532;3;3;2;1;1;1; -1;1;5;5;50;Indemne;2
202300009321;155 664 056;A01;1;15;0;0;26;5;203 829 098;1;1;4;1;1974.0;0;2;4;-1;20;9;2023;12:26;1;92;92064;2;1;1;7;48.85331907;2.21760454;4;-1;0;3;2;1; -1;1;2;5;-1;Blessé léger;2
202300009325;155 664 050;A01;1;0;0;0;25;5;203 829 090;1;1;4;2;1983.0;9;2;8;-1;20;9;2023;16:20;1;92;92040;2;1;1;7;48.82349949;2.2696774;4;1;1;2;1;1; -1;1;0;4;30;Blessé léger;2
202300009325;155 664 050;A01;1;0;0;0;25;5;203 829 091;2;2;1;2;2017.0;9;2;8;-1;20;9;2023;16:20;1;92;92040;2;1;1;7;48.82349949;2.2696774;4;1;1;2;1;1; -1;1;0;4;30;Indemne;2
202300009341;155 664 020;A01;7;0;2;7;14;0;203 829 049;2;2;1;1;1999.0;1;1;-1;-1;19;9;2023;18:00;1;55;55533;2;1;1;3;48.612711;5.669299;3;2;2;0;1;1;5,5;1;0;1;50;Indemne;1
202300009341;155 664 020;A01;7;0;2;7;14;0;203 829 050;1;1;1;1;1999.0;1;1;-1;-1;19;9;2023;18:00;1;55;55533;2;1;1;3;48.612711;5.669299;3;2;2;0;1;1;5,5;1;0;1;50;Indemne;1
202300009341;155 664 021;B01;1;0;2;3;21;5;203 829 051;1;1;3;1;2005.0;1;0;-1;-1;19;9;2023;18:00;1;55;55533;2;1;1;3;48.612711;5.669299;3;2;2;0;1;1;5,5;1;0;1;50;Blessé hospitalisé;1
202300009363;155 663 978;A01;7;0;9;2;1;3;203 828 993;1;1;1;1;1970.0;0;1;-1;-1;16;9;2023;21:45;3;91;91482;1;7;1;6;48.651255;2.032827;3;2;2;0;1;1; -1;1;0;5;80;Indemne;5
202300009363;155 663 978;A01;7;0;9;2;1;3;203 828 994;2;2;1;2;1964.0;0;1;-1;-1;16;9;2023;21:45;3;91;91482;1;7;1;6;48.651255;2.032827;3;2;2;0;1;1; -1;1;0;5;80;Indemne;5
202300009363;155 663 979;B01;1;0;9;4;1;5;203 828 995;1;1;4;1;2008.0;0;0;-1;-1;16;9;2023;21:45;3;91;91482;1;7;1;6;48.651255;2.032827;3;2;2;0;1;1; -1;1;0;5;80;Blessé léger;5
202300009363;155 663 980;C01;1;0;0;4;1;5;203 828 996;1;1;4;1;2008.0;0;0;-1;-1;16;9;2023;21:45;3;91;91482;1;7;1;6;48.651255;2.032827;3;2;2;0;1;1; -1;1;0;5;80;Blessé léger;5
202300009368;155 663 969;B01;7;0;2;8;2;1;203 828 983;1;1;1;2;1949.0;3;1;-1;-1;14;9;2023;18:00;2;69;69040;2;6;1;6;45.80151302;4.78500085;4;2;2;0;1;3; -1;1;0;1;50;Indemne;3
202300009368;155 663 970;A01;80;0;2;1;1;3;203 828 984;1;1;4;1;1981.0;1;2;6;-1;14;9;2023;18:00;2;69;69040;2;6;1;6;45.80151302;4.78500085;4;2;2;0;1;3; -1;1;0;1;50;Blessé léger;3
202300009369;155 663 967;A01;7;0;2;3;9;1;203 828 981;1;1;1;1;1955.0;0;1;-1;-1;21;9;2023;17:52;1;64;64422;2;6;3;3;43.184538;-0.622128;3;1;1;2;1;2;5;2;0;1;50;Indemne;3
202300009369;155 663 968;B01;1;0;2;1;26;5;203 828 982;1;1;4;1;1974.0;5;0;-1;-1;21;9;2023;17:52;1;64;64422;2;6;3;3;43.184538;-0.622128;3;1;1;2;1;2;5;2;0;1;50;Blessé léger;3
202300009405;155 663 904;A01;7;0;2;3;9;1;203 828 892;1;1;1;1;1950.0;0;1;0;-1;18;9;2023;17:40;1;71;71306;2;6;1;3;46.68117;4.37015;4;2;2;0;1;1; -1;1;5;1;50;Indemne;0
202300009405;155 663 905;B01;1;0;2;7;26;5;203 828 893;1;1;4;1;2002.0;0;8;-1;-1;18;9;2023;17:40;1;71;71306;2;6;1;3;46.68117;4.37015;4;2;2;0;1;1; -1;1;5;1;50;Blessé léger;0
202300009412;155 663 893;B01;80;0;2;5;1;3;203 828 876;1;1;4;2;2003.0;4;8;0;-1;19;9;2023;12:40;1;64;64445;2;3;1;3;43.3113;-0.35418;4;2;2;0;1;1; -1;1;0;1;50;Blessé léger;1
202300009412;155 663 893;B01;80;0;2;5;1;3;203 828 876;1;1;4;2;2003.0;4;8;0;-1;19;9;2023;12:40;1;64;64445;2;3;1;3;43.3113;-0.35418;4;2;2;0;1;1; -1;1;0;1;50;Blessé léger;1
202300009413;155 663 891;B01;1;0;2;2;1;5;203 828 874;1;1;4;1;1958.0;5;8;0;-1;18;9;2023;10:15;1;64;64122;2;6;1;3;43.48073;-1.54088;4;1;2;0;1;2; -1;1;9;1;50;Blessé léger;0
202300009413;155 663 892;A01;7;0;2;3;9;2;203 828 875;1;1;1;1;1955.0;5;1;0;-1;18;9;2023;10:15;1;64;64122;2;6;1;3;43.48073;-1.54088;4;1;2;0;1;2; -1;1;9;1;50;Indemne;0
202300009420;155 663 878;A01;7;0;2;3;9;1;203 828 857;1;1;1;2;1951.0;9;1;0;-1;18;9;2023;13:02;1;49;49007;2;6;1;3;47.46641;-0.55724;4;1;2;0;1;3; -1;1;0;1;30;Indemne;0
202300009420;155 663 879;B01;1;0;2;1;1;5;203 828 858;1;1;4;1;1972.0;1;8;0;-1;18;9;2023;13:02;1;49;49007;2;6;1;3;47.46641;-0.55724;4;1;2;0;1;3; -1;1;0;1;30;Blessé léger;0
202300009424;155 663 872;A01;1;0;1;1;19;5;203 828 848;10;3;4;1;1967.0;1;0;-1;-1;19;9;2023;17:55;1;35;35238;2;1;1;6;48.1095;-1.6739;4;2;2;2;1;1; -1;1;0;1;30;Blessé léger;1
202300009424;155 663 872;A01;1;0;1;1;19;5;203 828 849;1;1;1;1;1967.0;1;8;-1;-1;19;9;2023;17:55;1;35;35238;2;1;1;6;48.1095;-1.6739;4;2;2;2;1;1; -1;1;0;1;30;Indemne;1
202300009426;155 663 868;A01;33;0;2;8;18;1;203 828 843;1;1;1;1;2003.0;5;2;6;-1;19;9;2023;21:50;5;33;33063;2;1;1;3;44.84453;-0.57851;4;2;4;3;1;1; -1;1;0;1;50;Indemne;1
202300009426;155 663 869;B01;1;0;2;7;2;5;203 828 844;1;1;4;2;1987.0;5;0;-1;-1;19;9;2023;21:50;5;33;33063;2;1;1;3;44.84453;-0.57851;4;2;4;3;1;1; -1;1;0;1;50;Blessé léger;1
202300009426;155 663 869;B01;1;0;2;7;2;5;203 828 845;2;2;4;2;1984.0;5;0;-1;-1;19;9;2023;21:50;5;33;33063;2;1;1;3;44.84453;-0.57851;4;2;4;3;1;1; -1;1;0;1;50;Blessé léger;1
202300009427;155 663 866;A01;7;0;2;1;1;1;203 828 841;1;1;1;1;1991.0;1;1;0;-1;19;9;2023;08:50;1;31;31069;2;1;1;1;43.652438;1.374245;4;2;2;0;1;1; -1;1;0;1;50;Indemne;1
202300009427;155 663 867;B01;1;0;2;1;0;5;203 828 842;1;1;3;1;2011.0;0;2;0;-1;19;9;2023;08:50;1;31;31069;2;1;1;1;43.652438;1.374245;4;2;2;0;1;1; -1;1;0;1;50;Blessé hospitalisé;1
202300009454;155 663 822;A01;1;0;0;6;1;5;203 828 777;1;1;3;1;1965.0;5;2;-1;-1;16;10;2023;16:15;1;14;14475;2;2;1;3;49.121088;-0.566122;3;2;2;0;1;1;7;1;0;1;50;Blessé hospitalisé;0
202300009454;155 663 822;A01;1;0;0;6;1;5;203 828 777;1;1;3;1;1965.0;5;2;-1;-1;16;10;2023;16:15;1;14;14475;2;2;1;3;49.121088;-0.566122;3;2;2;0;1;1;7;1;0;1;50;Blessé hospitalisé;0
202300009454;155 663 823;B01;3;0;0;3;19;1;203 828 778;1;1;1;2;1951.0;5;1;-1;-1;16;10;2023;16:15;1;14;14475;2;2;1;3;49.121088;-0.566122;3;2;2;0;1;1;7;1;0;1;50;Indemne;0
202300009454;155 663 823;B01;3;0;0;3;19;1;203 828 778;1;1;1;2;1951.0;5;1;-1;-1;16;10;2023;16:15;1;14;14475;2;2;1;3;49.121088;-0.566122;3;2;2;0;1;1;7;1;0;1;50;Indemne;0
202300009475;155 663 785;B01;7;0;2;8;1;0;203 828 725;1;1;1;1;1967.0;5;1;-1;-1;22;10;2023;11:45;1;31;31291;2;3;1;3;43.604619;1.223109;3;2;2;1;1;1; -1;1;0;5;50;Indemne;6
202300009475;155 663 785;B01;7;0;2;8;1;0;203 828 725;1;1;1;1;1967.0;5;1;-1;-1;22;10;2023;11:45;1;31;31291;2;3;1;3;43.604619;1.223109;3;-1;2;0;1;1; -1;1;0;5;-1;Indemne;6
202300009475;155 663 786;A01;1;0;0;8;1;5;203 828 726;1;1;4;1;1938.0;5;2;-1;-1;22;10;2023;11:45;1;31;31291;2;3;1;3;43.604619;1.223109;3;2;2;1;1;1; -1;1;0;5;50;Blessé léger;6
202300009475;155 663 786;A01;1;0;0;8;1;5;203 828 726;1;1;4;1;1938.0;5;2;-1;-1;22;10;2023;11:45;1;31;31291;2;3;1;3;43.604619;1.223109;3;-1;2;0;1;1; -1;1;0;5;-1;Blessé léger;6
202300009490;155 663 757;A01;1;1;0;1;14;5;203 828 690;1;1;4;2;2005.0;1;2;0;-1;21;8;2023;08:38;1;87;87075;2;1;1;6;45.80841;1.2253;4;3;2;0;1;1; -1;1;0;1;50;Blessé léger;0
202300009493;155 663 752;A01;7;0;9;2;1;1;203 828 683;1;1;4;1;1994.0;0;8;0;-1;21;8;2023;01:41;5;13;13203;2;3;1;1;43.31281;5.37573;4;2; -1;-1;1;1; -1;1;0;1;-1;Blessé léger;0
202300009493;155 663 752;A01;7;0;9;2;1;1;203 828 683;1;1;4;1;1994.0;0;8;0;-1;21;8;2023;01:41;5;13;13203;2;3;1;1;43.31281;5.37573;4;1;2;0;1;1; -1;1;2;1;50;Blessé léger;0
202300009493;155 663 753;B01;80;0;2;8;15;3;203 828 684;1;1;3;1;1986.0;0;2;0;-1;21;8;2023;01:41;5;13;13203;2;3;1;1;43.31281;5.37573;4;2; -1;-1;1;1; -1;1;0;1;-1;Blessé hospitalisé;0
202300009493;155 663 753;B01;80;0;2;8;15;3;203 828 684;1;1;3;1;1986.0;0;2;0;-1;21;8;2023;01:41;5;13;13203;2;3;1;1;43.31281;5.37573;4;1;2;0;1;1; -1;1;2;1;50;Blessé hospitalisé;0
202300009493;155 663 753;B01;80;0;2;8;15;3;203 828 685;5;2;4;1;1997.0;0;8;0;-1;21;8;2023;01:41;5;13;13203;2;3;1;1;43.31281;5.37573;4;2; -1;-1;1;1; -1;1;0;1;-1;Blessé léger;0
202300009493;155 663 753;B01;80;0;2;8;15;3;203 828 685;5;2;4;1;1997.0;0;8;0;-1;21;8;2023;01:41;5;13;13203;2;3;1;1;43.31281;5.37573;4;1;2;0;1;1; -1;1;2;1;50;Blessé léger;0
202300009501;155 663 736;A01;1;0;2;1;21;5;203 828 666;1;1;4;1;2011.0;2;2;8;-1;19;10;2023;12:06;1;95;95555;2;1;1;1;48.96790978;2.28082216;4;1;1;0;1;1; -1;1;0;1;30;Blessé léger;3
202300009501;155 663 737;B01;2;0;2;1;1;1;203 828 667;1;1;1;1;2007.0;5;2;6;-1;19;10;2023;12:06;1;95;95555;2;1;1;1;48.96790978;2.28082216;4;1;1;0;1;1; -1;1;0;1;30;Indemne;3