Num_Acc;id_vehicule;num_veh;catv;obs;obsm;choc;manv;motor;id_usager;place;catu;grav;sexe;an_nais;trajet;secu1;secu2;secu3;jour;mois;an;hrmn;lum;dep;com;agg;int;atm;col;lat;long;catr;circ;nbv;vosp;prof;plan;larrout;surf;infra;situ;vma;gravity;day_of_week
202300009513;155 663 707;A01;1;0;1;1;1;5;203 828 630;1;1;1;2;1992.0;1;2;0;-1;19;10;2023;09:00;1;72;72181;2;1;1;6;47.99505;0.1878;4;-1;1;0;1;1; -1;2;0;4;30;Indemne;3
202300009513;155 663 707;A01;1;0;1;1;1;5;203 828 631;10;3;4;1;2000.0;1;0;-1;-1;19;10;2023;09:00;1;72;72181;2;1;1;6;47.99505;0.1878;4;-1;1;0;1;1; -1;2;0;4;30;Blessé léger;3
202300009521;155 663 694;B01;1;0;2;7;1;5;203 828 612;1;1;4;1;1961.0;5;0;-1;-1;20;10;2023;11:30;1;66;66136;1;6;1;3;42.69416;2.85022;2;1;2;0;1;2; -1;1;0;1;30;Blessé léger;4
202300009521;155 663 694;B01;1;0;2;7;1;5;203 828 612;1;1;4;1;1961.0;5;0;-1;-1;20;10;2023;11:30;1;66;66136;1;6;1;3;42.69416;2.85022;2;3;4;0;1;1; -1;1;0;1;50;Blessé léger;4
202300009521;155 663 695;A01;7;0;2;1;9;6;203 828 613;1;1;1;1;1961.0;0;1;-1;-1;20;10;2023;11:30;1;66;66136;1;6;1;3;42.69416;2.85022;2;1;2;0;1;2; -1;1;0;1;30;Indemne;4
202300009521;155 663 695;A01;7;0;2;1;9;6;203 828 613;1;1;1;1;1961.0;0;1;-1;-1;20;10;2023;11:30;1;66;66136;1;6;1;3;42.69416;2.85022;2;3;4;0;1;1; -1;1;0;1;50;Indemne;4
202300009522;155 663 692;B01;80;0;2;0;0;3;203 828 609;1;1;4;2;1992.0;5;8;0;-1;19;10;2023;18:25;2;64;64129;2;1;2;3;43.29841;-0.38672;4;2;2;0;2;1; -1;2;0;5;50;Blessé léger;3
202300009522;155 663 693;A01;7;0;2;7;15;1;203 828 610;1;1;1;2;1976.0;2;1;0;-1;19;10;2023;18:25;2;64;64129;2;1;2;3;43.29841;-0.38672;4;2;2;0;2;1; -1;2;0;5;50;Indemne;3
202300009522;155 663 693;A01;7;0;2;7;15;1;203 828 611;2;2;1;2;2014.0;2;1;0;-1;19;10;2023;18:25;2;64;64129;2;1;2;3;43.29841;-0.38672;4;2;2;0;2;1; -1;2;0;5;50;Indemne;3
202300009523;155 663 690;A01;7;0;2;2;15;1;203 828 607;1;1;1;1;1996.0;5;1;0;-1;10;10;2023;08:50;1;64;64445;2;2;1;3;43.31644;-0.33955;4;2;2;0;1;1; -1;1;0;1;50;Indemne;1
202300009523;155 663 690;A01;7;0;2;2;15;1;203 828 607;1;1;1;1;1996.0;5;1;0;-1;10;10;2023;08:50;1;64;64445;2;2;1;3;43.31644;-0.33955;4;2;2;0;1;1; -1;1;0;1;50;Indemne;1
202300009523;155 663 691;B01;1;0;2;1;1;5;203 828 608;1;1;4;1;1965.0;5;8;0;-1;10;10;2023;08:50;1;64;64445;2;2;1;3;43.31644;-0.33955;4;2;2;0;1;1; -1;1;0;1;50;Blessé léger;1
202300009523;155 663 691;B01;1;0;2;1;1;5;203 828 608;1;1;4;1;1965.0;5;8;0;-1;10;10;2023;08:50;1;64;64445;2;2;1;3;43.31644;-0.33955;4;2;2;0;1;1; -1;1;0;1;50;Blessé léger;1
202300009528;155 663 681;A01;7;0;2;2;15;1;203 828 594;1;1;1;1;1962.0;1;1;0;-1;20;10;2023;07:00;5;59;59350;2;1;2;6;50.63426;3.03057;4;2;2;1;1;1; -1;2;0;5;50;Indemne;4
202300009528;155 663 682;B01;1;0;2;1;1;5;203 828 595;1;1;4;1;1971.0;1;8;0;-1;20;10;2023;07:00;5;59;59350;2;1;2;6;50.63426;3.03057;4;2;2;1;1;1; -1;2;0;5;50;Blessé léger;4
202300009530;155 663 678;B01;1;0;2;6;19;5;203 828 590;1;1;3;1;2014.0;2;8;0;-1;19;10;2023;11:35;1;59;59390;2;3;1;3;50.33756;3.19095;4;1;1;0;1;1; -1;1;0;1;50;Blessé hospitalisé;3
202300009530;155 663 678;B01;1;0;2;6;19;5;203 828 590;1;1;3;1;2014.0;2;8;0;-1;19;10;2023;11:35;1;59;59390;2;3;1;3;50.33756;3.19095;4;1;1;0;1;1; -1;1;0;1;50;Blessé hospitalisé;3
202300009530;155 663 679;A01;10;0;2;1;1;1;203 828 591;1;1;1;1;1976.0;1;1;0;-1;19;10;2023;11:35;1;59;59390;2;3;1;3;50.33756;3.19095;4;1;1;0;1;1; -1;1;0;1;50;Indemne;3
202300009530;155 663 679;A01;10;0;2;1;1;1;203 828 591;1;1;1;1;1976.0;1;1;0;-1;19;10;2023;11:35;1;59;59390;2;3;1;3;50.33756;3.19095;4;1;1;0;1;1; -1;1;0;1;50;Indemne;3
202300009533;155 663 674;B01;1;0;2;2;15;5;203 828 585;1;1;3;1;1967.0;1;8;0;-1;16;10;2023;12:40;1;56;56260;2;6;1;3;47.659373;-2.794118;4;1;2;0;2;1; -1;1;5;1;30;Blessé hospitalisé;0
202300009533;155 663 675;A01;7;0;2;3;9;3;203 828 586;1;1;1;1;1986.0;4;1;8;-1;16;10;2023;12:40;1;56;56260;2;6;1;3;47.659373;-2.794118;4;1;2;0;2;1; -1;1;5;1;30;Indemne;0
202300009540;155 663 664;B01;1;8;2;4;1;5;203 828 572;1;1;3;1;2004.0;1;8;0;-1;20;10;2023;08:00;5;51;51454;2;4;3;3;49.2393;4.03873;4;1;1;0;1;2; -1;2;0;1;50;Blessé hospitalisé;4
202300009540;155 663 664;B01;1;8;2;4;1;5;203 828 572;1;1;3;1;2004.0;1;8;0;-1;20;10;2023;08:00;5;51;51454;2;4;3;3;49.2393;4.03873;4;1;1;1;1;1; -1;2;5;5;50;Blessé hospitalisé;4
202300009540;155 663 665;A01;10;0;2;2;1;1;203 828 573;1;1;1;1;1967.0;1;1;0;-1;20;10;2023;08:00;5;51;51454;2;4;3;3;49.2393;4.03873;4;1;1;0;1;2; -1;2;0;1;50;Indemne;4
202300009540;155 663 665;A01;10;0;2;2;1;1;203 828 573;1;1;1;1;1967.0;1;1;0;-1;20;10;2023;08:00;5;51;51454;2;4;3;3;49.2393;4.03873;4;1;1;1;1;1; -1;2;5;5;50;Indemne;4
202300009545;155 663 656;A01;7;0;2;1;1;1;203 828 561;1;1;1;2;1948.0;5;1;0;-1;19;10;2023;10:45;1;49;49099;2;6;8;3;47.0508;-0.87165;3;-1;0;0;1;2;0;1;0;5;50;Indemne;3
202300009545;155 663 657;B01;80;0;2;8;1;3;203 828 562;1;1;3;2;1952.0;3;2;4;-1;19;10;2023;10:45;1;49;49099;2;6;8;3;47.0508;-0.87165;3;-1;0;0;1;2;0;1;0;5;50;Blessé hospitalisé;3
202300009550;155 663 649;A01;10;0;2;7;16;1;203 828 552;1;1;1;1;1988.0;4;1;1;-1;6;2;2023;13:10;1;988;98818;2;3;1;3;-22.24128;166.45409;4;2;2;0;2;1; -1;1;0;1;50;Indemne;0
202300009550;155 663 649;A01;10;0;2;7;16;1;203 828 552;1;1;1;1;1988.0;4;1;1;-1;6;2;2023;13:10;1;988;98818;2;3;1;3;-22.24128;166.45409;4;2;2;0;3;1; -1;1;0;1;50;Indemne;0
202300009550;155 663 651;B01;1;0;2;1;1;5;203 828 554;1;1;4;2;1982.0;1;8;8;-1;6;2;2023;13:10;1;988;98818;2;3;1;3;-22.24128;166.45409;4;2;2;0;2;1; -1;1;0;1;50;Blessé léger;0
202300009550;155 663 651;B01;1;0;2;1;1;5;203 828 554;1;1;4;2;1982.0;1;8;8;-1;6;2;2023;13:10;1;988;98818;2;3;1;3;-22.24128;166.45409;4;2;2;0;3;1; -1;1;0;1;50;Blessé léger;0
202300009577;155 663 591;A01;30;0;9;1;26;3;203 828 482;1;1;1;1;1981.0;4;2;0;-1;20;10;2023;11:13;1;31;31555;2;1;2;1;43.64307606;1.46778524;7;-1;0;1;1;1; -1;2;0;5;50;Indemne;4
202300009577;155 663 592;B01;1;0;2;1;1;5;203 828 483;1;1;4;1;1986.0;9;8;0;-1;20;10;2023;11:13;1;31;31555;2;1;2;1;43.64307606;1.46778524;7;-1;0;1;1;1; -1;2;0;5;50;Blessé léger;4
202300009595;155 663 560;A01;7;0;2;3;15;1;203 828 440;1;1;1;1;1987.0;5;1;8;-1;13;1;2023;12:37;1;67;67482;2;4;1;3;48.5528;7.74869;4;2;2;0;1;1; -1;1;0;1;50;Indemne;4
202300009595;155 663 560;A01;7;0;2;3;15;1;203 828 440;1;1;1;1;1987.0;5;1;8;-1;13;1;2023;12:37;1;67;67482;2;4;1;3;48.5528;7.74869;4;2;2;0;1;1; -1;1;0;1;50;Indemne;4
202300009595;155 663 560;A01;7;0;2;3;15;1;203 828 440;1;1;1;1;1987.0;5;1;8;-1;13;1;2023;12:37;1;67;67482;2;4;1;3;48.5528;7.74869;4;2;2;0;1;1; -1;1;0;1;30;Indemne;4
202300009595;155 663 562;B01;1;0;2;1;15;5;203 828 441;1;1;4;1;1960.0;5;8;8;-1;13;1;2023;12:37;1;67;67482;2;4;1;3;48.5528;7.74869;4;2;2;0;1;1; -1;1;0;1;50;Blessé léger;4
202300009595;155 663 562;B01;1;0;2;1;15;5;203 828 441;1;1;4;1;1960.0;5;8;8;-1;13;1;2023;12:37;1;67;67482;2;4;1;3;48.5528;7.74869;4;2;2;0;1;1; -1;1;0;1;50;Blessé léger;4
202300009595;155 663 562;B01;1;0;2;1;15;5;203 828 441;1;1;4;1;1960.0;5;8;8;-1;13;1;2023;12:37;1;67;67482;2;4;1;3;48.5528;7.74869;4;2;2;0;1;1; -1;1;0;1;30;Blessé léger;4
202300009599;155 663 554;A01;1;0;2;0;0;5;203 828 433;1;1;4;1;1958.0;5;8;-1;-1;1;2;2023;12:25;1;65;65440;2;1;1;3;43.232673;0.06128;4;2;1;0;1;2; -1;1;0;1;50;Blessé léger;2
202300009609;155 663 533;B01;80;0;2;1;1;3;203 828 410;1;1;4;1;1992.0;0;2;-1;-1;6;2;2023;08:05;2;63;63113;2;3;1;3;45.78326;3.10239;4;2; -1;-1;1;1; -1;1;0;1;-1;Blessé léger;0
202300009609;155 663 533;B01;80;0;2;1;1;3;203 828 410;1;1;4;1;1992.0;0;2;-1;-1;6;2;2023;08:05;2;63;63113;2;3;1;3;45.78326;3.10239;4;2;2;0;1;1; -1;1;0;1;50;Blessé léger;0
202300009609;155 663 534;A01;7;0;2;6;15;1;203 828 411;1;1;1;1;1995.0;0;1;-1;-1;6;2;2023;08:05;2;63;63113;2;3;1;3;45.78326;3.10239;4;2; -1;-1;1;1; -1;1;0;1;-1;Indemne;0
202300009609;155 663 534;A01;7;0;2;6;15;1;203 828 411;1;1;1;1;1995.0;0;1;-1;-1;6;2;2023;08:05;2;63;63113;2;3;1;3;45.78326;3.10239;4;2;2;0;1;1; -1;1;0;1;50;Indemne;0
202300009618;155 663 516;A01;80;0;1;1;1;3;203 828 380;10;3;4;1;1938.0;9;0;-1;-1;20;10;2023;17:20;1;75;75106;2;2;2;6;48.854708;2.339314;4;1; -1;-1;1;1; -1;2;0;5;30;Blessé léger;4
202300009618;155 663 516;A01;80;0;1;1;1;3;203 828 380;10;3;4;1;1938.0;9;0;-1;-1;20;10;2023;17:20;1;75;75106;2;2;2;6;48.854708;2.339314;4;1;2;2;1;1; -1;2;0;5;30;Blessé léger;4
202300009618;155 663 516;A01;80;0;1;1;1;3;203 828 382;1;1;1;1;1967.0;9;8;0;-1;20;10;2023;17:20;1;75;75106;2;2;2;6;48.854708;2.339314;4;1; -1;-1;1;1; -1;2;0;5;30;Indemne;4
202300009618;155 663 516;A01;80;0;1;1;1;3;203 828 382;1;1;1;1;1967.0;9;8;0;-1;20;10;2023;17:20;1;75;75106;2;2;2;6;48.854708;2.339314;4;1;2;2;1;1; -1;2;0;5;30;Indemne;4
202300009620;155 663 512;A01;37;0;2;0;1;3;203 828 374;1;1;1;1;1993.0;4;1;8;-1;19;10;2023;20:35;5;75;75106;2;1;2;3;48.843491;2.325321;4;2;6;3;2;1; -1;2;1;1;30;Indemne;3
202300009620;155 663 514;B01;1;0;2;0;1;5;203 828 377;1;1;4;1;1966.0;1;2;0;-1;19;10;2023;20:35;5;75;75106;2;1;2;3;48.843491;2.325321;4;2;6;3;2;1; -1;2;1;1;30;Blessé léger;3
202300009625;155 663 505;A01;7;0;2;2;19;1;203 828 366;1;1;1;1;1979.0;1;1;8;-1;7;2;2023;07:45;2;56;56098;2;2;1;3;47.77192;-3.33878;4;2;2;0;2;1; -1;1;0;1;30;Indemne;1
202300009625;155 663 505;A01;7;0;2;2;19;1;203 828 366;1;1;1;1;1979.0;1;1;8;-1;7;2;2023;07:45;2;56;56098;2;2;1;3;47.77192;-3.33878;4;2;2;0;3;1; -1;1;0;1;30;Indemne;1
202300009625;155 663 508;B01;1;0;2;1;1;5;203 828 371;1;1;4;1;1990.0;1;2;4;-1;7;2;2023;07:45;2;56;56098;2;2;1;3;47.77192;-3.33878;4;2;2;0;2;1; -1;1;0;1;30;Blessé léger;1
202300009625;155 663 508;B01;1;0;2;1;1;5;203 828 371;1;1;4;1;1990.0;1;2;4;-1;7;2;2023;07:45;2;56;56098;2;2;1;3;47.77192;-3.33878;4;2;2;0;3;1; -1;1;0;1;30;Blessé léger;1
202300009628;155 663 498;B01;7;0;2;3;20;3;203 828 359;1;1;1;1;2000.0;9;1;0;-1;20;10;2023;10:15;1;75;75116;2;3;8;3;48.850906;2.271787;4;-1; -1;-1;1;1; -1;2;0;1;30;Indemne;4
202300009628;155 663 498;B01;7;0;2;3;20;3;203 828 359;1;1;1;1;2000.0;9;1;0;-1;20;10;2023;10:15;1;75;75116;2;3;8;3;48.850906;2.271787;4;1;1;0;1;1; -1;2;0;1;30;Indemne;4
202300009628;155 663 500;A01;1;0;2;1;5;5;203 828 360;1;1;4;2;1967.0;9;2;0;-1;20;10;2023;10:15;1;75;75116;2;3;8;3;48.850906;2.271787;4;-1; -1;-1;1;1; -1;2;0;1;30;Blessé léger;4
202300009628;155 663 500;A01;1;0;2;1;5;5;203 828 360;1;1;4;2;1967.0;9;2;0;-1;20;10;2023;10:15;1;75;75116;2;3;8;3;48.850906;2.271787;4;1;1;0;1;1; -1;2;0;1;30;Blessé léger;4
202300009629;155 663 499;A01;1;0;2;8;19;5;203 828 361;1;1;3;1;1984.0;4;2;0;-1;6;2;2023;16:22;1;56;56107;2;1;1;3;47.71846;-3.37396;4;2;3;0;1;1; -1;1;0;1;50;Blessé hospitalisé;0
202300009629;155 663 502;B01;7;0;2;2;1;1;203 828 363;1;1;1;2;1947.0;5;1;8;-1;6;2;2023;16:22;1;56;56107;2;1;1;3;47.71846;-3.37396;4;2;3;0;1;1; -1;1;0;1;50;Indemne;0
202300009631;155 663 496;A01;7;0;2;1;15;1;203 828 355;1;1;1;2;1971.0;1;1;0;-1;19;10;2023;21:10;5;75;75116;2;2;2;3;48.857357;2.264662;4;2;4;0;1;1; -1;2;0;1;50;Indemne;3
202300009631;155 663 496;A01;7;0;2;1;15;1;203 828 355;1;1;1;2;1971.0;1;1;0;-1;19;10;2023;21:10;5;75;75116;2;2;2;3;48.857357;2.264662;4;2;4;0;1;1; -1;2;0;1;50;Indemne;3
202300009631;155 663 497;B01;1;0;2;1;1;5;203 828 358;1;1;4;1;1994.0;1;2;8;-1;19;10;2023;21:10;5;75;75116;2;2;2;3;48.857357;2.264662;4;2;4;0;1;1; -1;2;0;1;50;Blessé léger;3
202300009631;155 663 497;B01;1;0;2;1;1;5;203 828 358;1;1;4;1;1994.0;1;2;8;-1;19;10;2023;21:10;5;75;75116;2;2;2;3;48.857357;2.264662;4;2;4;0;1;1; -1;2;0;1;50;Blessé léger;3
202300009635;155 663 489;A01;80;12;0;2;9;3;203 828 346;1;1;4;1;1970.0;9;8;0;-1;20;10;2023;07:45;2;75;75115;2;2;2;6;48.829013;2.298941;4;1;1;1;1;1; -1;2;0;5;30;Blessé léger;4
202300009635;155 663 489;A01;80;12;0;2;9;3;203 828 346;1;1;4;1;1970.0;9;8;0;-1;20;10;2023;07:45;2;75;75115;2;2;2;6;48.829013;2.298941;4;-1; -1;-1;1;1; -1;2;0;1;30;Blessé léger;4
202300009636;155 663 487;B01;1;0;2;1;0;5;203 828 344;1;1;4;1;2007.0;2;0;-1;-1;7;2;2023;09:40;1;50;50129;2;2;1;3;49.63818;-1.62529;4;2;2;0;1;1; -1;1;0;1;30;Blessé léger;1
202300009636;155 663 487;B01;1;0;2;1;0;5;203 828 344;1;1;4;1;2007.0;2;0;-1;-1;7;2;2023;09:40;1;50;50129;2;2;1;3;49.63818;-1.62529;4;2;2;0;1;1; -1;1;0;1;30;Blessé léger;1
202300009636;155 663 488;A01;7;0;2;7;15;1;203 828 345;1;1;1;1;1998.0;5;1;-1;-1;7;2;2023;09:40;1;50;50129;2;2;1;3;49.63818;-1.62529;4;2;2;0;1;1; -1;1;0;1;30;Indemne;1
202300009636;155 663 488;A01;7;0;2;7;15;1;203 828 345;1;1;1;1;1998.0;5;1;-1;-1;7;2;2023;09:40;1;50;50129;2;2;1;3;49.63818;-1.62529;4;2;2;0;1;1; -1;1;0;1;30;Indemne;1
202300009646;155 663 471;A01;7;1;2;3;22;1;203 828 320;1;1;1;1;1980.0;1;1;0;-1;19;10;2023;20:50;5;75;75110;2;3;2;3;48.880247;2.353655;4;1; -1;-1;1;1; -1;2;0;1;30;Indemne;3
202300009646;155 663 471;A01;7;1;2;3;22;1;203 828 320;1;1;1;1;1980.0;1;1;0;-1;19;10;2023;20:50;5;75;75110;2;3;2;3;48.880247;2.353655;4;2;2;3;1;1; -1;2;9;1;30;Indemne;3
202300009646;155 663 473;B01;1;1;2;1;1;5;203 828 322;1;1;4;2;1993.0;1;2;8;-1;19;10;2023;20:50;5;75;75110;2;3;2;3;48.880247;2.353655;4;1; -1;-1;1;1; -1;2;0;1;30;Blessé léger;3
202300009646;155 663 473;B01;1;1;2;1;1;5;203 828 322;1;1;4;2;1993.0;1;2;8;-1;19;10;2023;20:50;5;75;75110;2;3;2;3;48.880247;2.353655;4;2;2;3;1;1; -1;2;9;1;30;Blessé léger;3
202300009650;155 663 464;Z01;1;0;1;0;1;5;203 828 309;10;3;4;2;2009.0;2;0;-1;-1;7;2;2023;16:10;1;35;35238;2;1;1;6;48.11271;-1.6645;4;2;2;0;1;1; -1;1;0;1;30;Blessé léger;1
202300009656;155 663 449;A01;7;0;9;3;15;1;203 828 280;2;2;1;1;1998.0;4;1;8;-1;7;2;2023;08:15;1;31;31555;2;3;1;3;43.60173;1.45827;4;1;1;0;2;1; -1;1;6;1;50;Indemne;1
202300009656;155 663 449;A01;7;0;9;3;15;1;203 828 280;2;2;1;1;1998.0;4;1;8;-1;7;2;2023;08:15;1;31;31555;2;3;1;3;43.60173;1.45827;4;2;4;0;2;3; -1;1;5;6;50;Indemne;1
202300009656;155 663 449;A01;7;0;9;3;15;1;203 828 282;4;2;1;2;1988.0;4;1;8;-1;7;2;2023;08:15;1;31;31555;2;3;1;3;43.60173;1.45827;4;1;1;0;2;1; -1;1;6;1;50;Indemne;1
202300009656;155 663 449;A01;7;0;9;3;15;1;203 828 282;4;2;1;2;1988.0;4;1;8;-1;7;2;2023;08:15;1;31;31555;2;3;1;3;43.60173;1.45827;4;2;4;0;2;3; -1;1;5;6;50;Indemne;1
202300009656;155 663 449;A01;7;0;9;3;15;1;203 828 284;5;2;1;2;1988.0;4;1;8;-1;7;2;2023;08:15;1;31;31555;2;3;1;3;43.60173;1.45827;4;1;1;0;2;1; -1;1;6;1;50;Indemne;1
202300009656;155 663 449;A01;7;0;9;3;15;1;203 828 284;5;2;1;2;1988.0;4;1;8;-1;7;2;2023;08:15;1;31;31555;2;3;1;3;43.60173;1.45827;4;2;4;0;2;3; -1;1;5;6;50;Indemne;1
202300009656;155 663 449;A01;7;0;9;3;15;1;203 828 285;1;1;1;1;1997.0;4;1;8;-1;7;2;2023;08:15;1;31;31555;2;3;1;3;43.60173;1.45827;4;1;1;0;2;1; -1;1;6;1;50;Indemne;1
202300009656;155 663 449;A01;7;0;9;3;15;1;203 828 285;1;1;1;1;1997.0;4;1;8;-1;7;2;2023;08:15;1;31;31555;2;3;1;3;43.60173;1.45827;4;2;4;0;2;3; -1;1;5;6;50;Indemne;1
202300009656;155 663 451;B01;1;0;2;1;8;5;203 828 286;1;1;3;1;1985.0;1;2;4;-1;7;2;2023;08:15;1;31;31555;2;3;1;3;43.60173;1.45827;4;1;1;0;2;1; -1;1;6;1;50;Blessé hospitalisé;1
202300009656;155 663 451;B01;1;0;2;1;8;5;203 828 286;1;1;3;1;1985.0;1;2;4;-1;7;2;2023;08:15;1;31;31555;2;3;1;3;43.60173;1.45827;4;2;4;0;2;3; -1;1;5;6;50;Blessé hospitalisé;1
202300009661;155 663 441;A01;7;0;0;5;1;1;203 828 272;1;1;1;1;1986.0;1;8;0;-1;20;10;2023;13:55;1;93;93066;2;9;2;3;48.929669;2.341;3;2;4;2;2;3; -1;2;0;1;50;Indemne;4
202300009661;155 663 443;B01;1;0;2;1;1;5;203 828 274;1;1;4;1;2001.0;1;8;0;-1;20;10;2023;13:55;1;93;93066;2;9;2;3;48.929669;2.341;3;2;4;2;2;3; -1;2;0;1;50;Blessé léger;4
202300009700;155 663 370;B01;1;0;2;1;2;5;203 828 175;2;2;4;1;1991.0;1;2;0;-1;20;10;2023;18:40;2;92;92012;2;1;2;2;48.83769;2.24599;4;2;2;0;1;1; -1;2;0;1;50;Blessé léger;4
202300009700;155 663 370;B01;1;0;2;1;2;5;203 828 176;1;1;1;1;1997.0;0;0;0;0;20;10;2023;18:40;2;92;92012;2;1;2;2;48.83769;2.24599;4;2;2;0;1;1; -1;2;0;1;50;Indemne;4
202300009700;155 663 371;A01;7;0;2;5;23;2;203 828 178;1;1;1;1;1979.0;0;1;0;-1;20;10;2023;18:40;2;92;92012;2;1;2;2;48.83769;2.24599;4;2;2;0;1;1; -1;2;0;1;50;Indemne;4
202300009700;155 663 371;A01;7;0;2;5;23;2;203 828 179;3;2;1;1;1991.0;1;8;0;-1;20;10;2023;18:40;2;92;92012;2;1;2;2;48.83769;2.24599;4;2;2;0;1;1; -1;2;0;1;50;Indemne;4
202300009703;155 663 365;B01;2;0;2;1;1;1;203 828 164;2;2;4;2;1982.0;9;2;6;-1;6;2;2023;15:35;1;974;97416;1;1;1;3;-21.32111;55.4444;4;2;2;0;2;1; -1;1;0;1;50;Blessé léger;0
202300009703;155 663 365;B01;2;0;2;1;1;1;203 828 165;1;1;4;1;1963.0;0;2;0;-1;6;2;2023;15:35;1;974;97416;1;1;1;3;-21.32111;55.4444;4;2;2;0;2;1; -1;1;0;1;50;Blessé léger;0
202300009703;155 663 366;A01;80;0;2;6;15;3;203 828 166;1;1;4;2;1973.0;9;2;6;-1;6;2;2023;15:35;1;974;97416;1;1;1;3;-21.32111;55.4444;4;2;2;0;2;1; -1;1;0;1;50;Blessé léger;0
202300009706;155 663 358;B01;1;0;2;1;1;5;203 828 157;1;1;4;1;1944.0;9;8;0;-1;3;2;2023;10:10;1;973;97302;2;6;9;1;4.92850012;-52.32226914;4;2;2;0;2;2; -1;9;5;1;50;Blessé léger;4
202300009706;155 663 360;A01;2;0;9;1;1;1;203 828 159;1;1;1;1;2006.0;9;2;8;-1;3;2;2023;10:10;1;973;97302;2;6;9;1;4.92850012;-52.32226914;4;2;2;0;2;2; -1;9;5;1;50;Indemne;4
202300009719;155 663 332;A01;7;0;9;1;1;1;203 828 118;1;1;1;1;1959.0;5;1;-1;-1;21;10;2023;10:30;1;81;81217;2;3;1;3;43.94174489;1.71971353;3;2;2;0;1;1;5,5;1;0;1;50;Indemne;5
202300009719;155 663 332;A01;7;0;9;1;1;1;203 828 118;1;1;1;1;1959.0;5;1;-1;-1;21;10;2023;10:30;1;81;81217;2;3;1;3;43.94174489;1.71971353;3;2; -1;-1;1;1; -1;1;5;1;-1;Indemne;5
202300009719;155 663 334;B01;1;0;2;3;15;5;203 828 121;1;1;4;1;1977.0;5;0;-1;-1;21;10;2023;10:30;1;81;81217;2;3;1;3;43.94174489;1.71971353;3;2;2;0;1;1;5,5;1;0;1;50;Blessé léger;5
202300009719;155 663 334;B01;1;0;2;3;15;5;203 828 121;1;1;4;1;1977.0;5;0;-1;-1;21;10;2023;10:30;1;81;81217;2;3;1;3;43.94174489;1.71971353;3;2; -1;-1;1;1; -1;1;5;1;-1;Blessé léger;5
202300009722;155 663 325;B01;1;0;2;1;1;5;203 828 106;1;1;4;1;2008.0;5;8;0;-1;4;2;2023;18:39;5;87;87085;2;2;1;3;45.85174;1.26647;4;3;4;0;1;1; -1;1;5;1;50;Blessé léger;5
202300009722;155 663 325;B01;1;0;2;1;1;5;203 828 106;1;1;4;1;2008.0;5;8;0;-1;4;2;2023;18:39;5;87;87085;2;2;1;3;45.85174;1.26647;4;3;5;0;2;1; -1;1;5;1;50;Blessé léger;5
202300009722;155 663 327;A01;7;0;2;2;15;1;203 828 108;1;1;1;2;1981.0;1;1;0;-1;4;2;2023;18:39;5;87;87085;2;2;1;3;45.85174;1.26647;4;3;4;0;1;1; -1;1;5;1;50;Indemne;5
202300009722;155 663 327;A01;7;0;2;2;15;1;203 828 108;1;1;1;2;1981.0;1;1;0;-1;4;2;2023;18:39;5;87;87085;2;2;1;3;45.85174;1.26647;4;3;5;0;2;1; -1;1;5;1;50;Indemne;5
202300009744;155 663 286;A01;10;0;2;4;23;1;203 828 050;1;1;1;1;1973.0;4;1;-1;-1;6;2;2023;11:50;1;76;76114;2;1;1;2;49.57081;0.47046;3;1;1;0;1;1;6,32;1;0;1;50;Indemne;0
202300009744;155 663 287;B01;1;0;2;0;0;5;203 828 052;1;1;4;1;1959.0;3;8;-1;-1;6;2;2023;11:50;1;76;76114;2;1;1;2;49.57081;0.47046;3;1;1;0;1;1;6,32;1;0;1;50;Blessé léger;0
202300009766;155 663 251;A01;2;0;2;1;1;1;203 828 002;1;1;4;1;1992.0;0;2;0;-1;5;2;2023;17:45;5;54;54395;2;3;2;3;48.6998;6.1828;4;1;1;0;1;1; -1;2;2;1;30;Blessé léger;6
202300009766;155 663 251;A01;2;0;2;1;1;1;203 828 002;1;1;4;1;1992.0;0;2;0;-1;5;2;2023;17:45;5;54;54395;2;3;2;3;48.6998;6.1828;4;1; -1;2;1;1; -1;2;-1;1;30;Blessé léger;6
202300009766;155 663 252;B01;1;0;2;8;19;5;203 828 003;1;1;1;2;1981.0;0;2;0;-1;5;2;2023;17:45;5;54;54395;2;3;2;3;48.6998;6.1828;4;1;1;0;1;1; -1;2;2;1;30;Indemne;6
202300009766;155 663 252;B01;1;0;2;8;19;5;203 828 003;1;1;1;2;1981.0;0;2;0;-1;5;2;2023;17:45;5;54;54395;2;3;2;3;48.6998;6.1828;4;1; -1;2;1;1; -1;2;-1;1;30;Indemne;6
202300009766;155 663 252;B01;1;0;2;8;19;5;203 828 004;5;2;1;1;2019.0;0;2;0;-1;5;2;2023;17:45;5;54;54395;2;3;2;3;48.6998;6.1828;4;1;1;0;1;1; -1;2;2;1;30;Indemne;6
202300009766;155 663 252;B01;1;0;2;8;19;5;203 828 004;5;2;1;1;2019.0;0;2;0;-1;5;2;2023;17:45;5;54;54395;2;3;2;3;48.6998;6.1828;4;1; -1;2;1;1; -1;2;-1;1;30;Indemne;6
202300009801;155 663 194;A01;1;0;5;2;1;5;203 827 919;1;1;4;2;1987.0;1;8;0;-1;7;2;2023;09:05;1;75;75120;2;3;1;6;48.864126;2.392272;4;2;3;1;2;1; -1;1;-1;5;30;Blessé léger;1