Num_Acc;id_vehicule;num_veh;catv;obs;obsm;choc;manv;motor;id_usager;place;catu;grav;sexe;an_nais;trajet;secu1;secu2;secu3;jour;mois;an;hrmn;lum;dep;com;agg;int;atm;col;lat;long;catr;circ;nbv;vosp;prof;plan;larrout;surf;infra;situ;vma;gravity;day_of_week
202300009801;155 663 194;A01;1;0;5;2;1;5;203 827 919;1;1;4;2;1987.0;1;8;0;-1;7;2;2023;09:05;1;75;75120;2;3;1;6;48.864126;2.392272;4;1; -1;-1;1;1; -1;1;-1;5;-1;Blessé léger;1
202300009803;155 663 191;Z01;33;0;2;1;1;0;203 827 915;1;1;1;1;1993.0;9;8;0;-1;7;2;2023;22:30;5;75;75118;2;2;1;3;48.893372;2.338261;4;1;2;0;1;1; -1;1;0;1;30;Indemne;1
202300009803;155 663 191;Z01;33;0;2;1;1;0;203 827 915;1;1;1;1;1993.0;9;8;0;-1;7;2;2023;22:30;5;75;75118;2;2;1;3;48.893372;2.338261;4;2;2;0;1;1; -1;1;0;1;30;Indemne;1
202300009803;155 663 192;A01;1;0;2;7;1;5;203 827 916;1;1;4;1;1955.0;9;2;6;-1;7;2;2023;22:30;5;75;75118;2;2;1;3;48.893372;2.338261;4;1;2;0;1;1; -1;1;0;1;30;Blessé léger;1
202300009803;155 663 192;A01;1;0;2;7;1;5;203 827 916;1;1;4;1;1955.0;9;2;6;-1;7;2;2023;22:30;5;75;75118;2;2;1;3;48.893372;2.338261;4;2;2;0;1;1; -1;1;0;1;30;Blessé léger;1
202300009806;155 663 186;B01;7;0;2;2;16;2;203 827 909;1;1;1;2;1966.0;4;8;0;-1;6;2;2023;14:00;1;75;75114;2;2;1;3;48.831686;2.340878;4;3; -1;-1;1;1; -1;1;0;1;-1;Indemne;0
202300009806;155 663 186;B01;7;0;2;2;16;2;203 827 909;1;1;1;2;1966.0;4;8;0;-1;6;2;2023;14:00;1;75;75114;2;2;1;3;48.831686;2.340878;4;1;1;0;1;1; -1;1;0;1;30;Indemne;0
202300009806;155 663 187;A01;1;0;2;1;19;5;203 827 910;1;1;4;1;2000.0;4;2;0;-1;6;2;2023;14:00;1;75;75114;2;2;1;3;48.831686;2.340878;4;3; -1;-1;1;1; -1;1;0;1;-1;Blessé léger;0
202300009806;155 663 187;A01;1;0;2;1;19;5;203 827 910;1;1;4;1;2000.0;4;2;0;-1;6;2;2023;14:00;1;75;75114;2;2;1;3;48.831686;2.340878;4;1;1;0;1;1; -1;1;0;1;30;Blessé léger;0
202300009808;155 663 184;A01;1;0;1;1;1;5;203 827 905;10;3;1;1;2006.0;2;0;-1;-1;7;2;2023;10:20;1;75;75112;2;1;1;6;48.837662;2.390776;4;1;2;1;1;1; -1;1;-1;5;30;Indemne;1
202300009808;155 663 184;A01;1;0;1;1;1;5;203 827 906;1;1;4;1;1949.0;5;8;0;-1;7;2;2023;10:20;1;75;75112;2;1;1;6;48.837662;2.390776;4;1;2;1;1;1; -1;1;-1;5;30;Blessé léger;1
202300009809;155 663 182;B01;1;0;2;0;15;5;203 827 903;1;1;4;1;1938.0;5;2;0;-1;7;2;2023;15:50;1;75;75103;2;2;1;3;48.858156;2.364496;4;2;2;0;1;1; -1;1;0;1;30;Blessé léger;1
202300009809;155 663 182;B01;1;0;2;0;15;5;203 827 903;1;1;4;1;1938.0;5;2;0;-1;7;2;2023;15:50;1;75;75103;2;2;1;3;48.858156;2.364496;4;1;1;0;1;1; -1;1;0;1;30;Blessé léger;1
202300009809;155 663 183;A01;10;0;2;0;17;1;203 827 904;1;1;1;1;1994.0;4;1;0;-1;7;2;2023;15:50;1;75;75103;2;2;1;3;48.858156;2.364496;4;2;2;0;1;1; -1;1;0;1;30;Indemne;1
202300009809;155 663 183;A01;10;0;2;0;17;1;203 827 904;1;1;1;1;1994.0;4;1;0;-1;7;2;2023;15:50;1;75;75103;2;2;1;3;48.858156;2.364496;4;1;1;0;1;1; -1;1;0;1;30;Indemne;1
202300009847;155 663 117;B01;1;0;2;0;0;5;203 827 812;1;1;4;1;1950.0;0;2;0;-1;29;4;2023;10:20;1;83;83098;2;1;1;3;43.11019;6.021243;4;2;2;1;2;1; -1;1;9;5;50;Blessé léger;5
202300009847;155 663 118;A01;7;0;9;1;26;0;203 827 813;1;1;1;1;1987.0;0;1;-1;-1;29;4;2023;10:20;1;83;83098;2;1;1;3;43.11019;6.021243;4;2;2;1;2;1; -1;1;9;5;50;Indemne;5
202300009853;155 663 100;B01;1;0;2;2;1;5;203 827 790;1;1;4;2;2000.0;0;2;-1;-1;29;4;2023;18:15;1;76;76540;2;1;1;3;49.44173;1.10095;4;2;2;0;1;3; -1;1;0;1;50;Blessé léger;5
202300009853;155 663 101;A01;7;0;2;6;24;1;203 827 791;4;2;1;1;1976.0;5;1;0;-1;29;4;2023;18:15;1;76;76540;2;1;1;3;49.44173;1.10095;4;2;2;0;1;3; -1;1;0;1;50;Indemne;5
202300009864;155 663 080;A01;7;0;2;1;1;1;203 827 766;1;1;1;1;1999.0;0;1;-1;-1;29;4;2023;17:20;1;51;51454;2;1;1;3;49.25044;4.05512;4;2;1;0;1;1; -1;1;0;1;30;Indemne;5
202300009864;155 663 081;B01;1;0;2;3;1;5;203 827 767;1;1;4;2;2009.0;0;8;-1;-1;29;4;2023;17:20;1;51;51454;2;1;1;3;49.25044;4.05512;4;2;1;0;1;1; -1;1;0;1;30;Blessé léger;5
202300009874;155 663 062;B01;1;0;2;5;1;5;203 827 745;1;1;4;1;1982.0;1;2;-1;-1;28;4;2023;07:30;2;29;29019;2;6;1;2;48.386152;-4.475191;4;-1;1;0;1;1; -1;1;0;1;50;Blessé léger;4
202300009874;155 663 063;A01;7;0;2;1;9;1;203 827 746;1;1;1;2;1969.0;1;1;-1;-1;28;4;2023;07:30;2;29;29019;2;6;1;2;48.386152;-4.475191;4;-1;1;0;1;1; -1;1;0;1;50;Indemne;4
202300009882;155 663 048;A01;37;0;2;5;1;1;203 827 722;1;1;1;1;1970.0;4;1;0;-1;29;4;2023;18:30;1;75;75118;2;3;1;3;48.884787;2.359249;4;1; -1;0;1;1; -1;1;0;1;30;Indemne;5
202300009882;155 663 048;A01;37;0;2;5;1;1;203 827 722;1;1;1;1;1970.0;4;1;0;-1;29;4;2023;18:30;1;75;75118;2;3;1;3;48.884787;2.359249;4;-1;0;0;1;1; -1;1;0;1;30;Indemne;5
202300009882;155 663 049;B01;1;0;2;0;1;5;203 827 723;1;1;4;1;2003.0;1;8;0;-1;29;4;2023;18:30;1;75;75118;2;3;1;3;48.884787;2.359249;4;1; -1;0;1;1; -1;1;0;1;30;Blessé léger;5
202300009882;155 663 049;B01;1;0;2;0;1;5;203 827 723;1;1;4;1;2003.0;1;8;0;-1;29;4;2023;18:30;1;75;75118;2;3;1;3;48.884787;2.359249;4;-1;0;0;1;1; -1;1;0;1;30;Blessé léger;5
202300009886;155 663 041;A01;80;12;0;8;15;3;203 827 715;1;1;4;1;1944.0;5;8;0;-1;29;4;2023;16:45;1;75;75104;2;2;1;6;48.858069;2.349685;4;1;2;1;1;1; -1;1;5;5;30;Blessé léger;5
202300009886;155 663 041;A01;80;12;0;8;15;3;203 827 715;1;1;4;1;1944.0;5;8;0;-1;29;4;2023;16:45;1;75;75104;2;2;1;6;48.858069;2.349685;4;1;2;2;1;1; -1;1;5;5;30;Blessé léger;5
202300009913;155 662 991;A01;1;0;0;7;14;5;203 827 649;1;1;3;1;1979.0;0;0;-1;-1;29;4;2023;23:00;3;46;46183;1;1;3;7;44.54846;1.800385;3;2;2;0;1;1;4;2;0;3;80;Blessé hospitalisé;5
202300009915;155 662 986;A01;7;0;2;3;15;0;203 827 644;1;1;1;1;1944.0;5;1;-1;-1;30;4;2023;11:11;1;86;86290;2;3;1;3;46.456656;0.37476;4;2; -1;0;1;1; -1;1;0;1;50;Indemne;6
202300009915;155 662 986;A01;7;0;2;3;15;0;203 827 644;1;1;1;1;1944.0;5;1;-1;-1;30;4;2023;11:11;1;86;86290;2;3;1;3;46.456656;0.37476;4;2;2;0;1;1; -1;1;0;1;50;Indemne;6
202300009915;155 662 987;B01;1;0;2;8;15;5;203 827 645;1;1;3;1;1946.0;5;0;-1;-1;30;4;2023;11:11;1;86;86290;2;3;1;3;46.456656;0.37476;4;2; -1;0;1;1; -1;1;0;1;50;Blessé hospitalisé;6
202300009915;155 662 987;B01;1;0;2;8;15;5;203 827 645;1;1;3;1;1946.0;5;0;-1;-1;30;4;2023;11:11;1;86;86290;2;3;1;3;46.456656;0.37476;4;2;2;0;1;1; -1;1;0;1;50;Blessé hospitalisé;6
202300009937;155 662 947;A01;1;0;2;1;9;5;203 827 574;1;1;3;1;2009.0;5;0;-1;-1;1;5;2023;15:50;1;38;38467;1;4;1;1;45.673083;5.359869;3;-1;2;0;1;1; -1;1;0;1;80;Blessé hospitalisé;0
202300009937;155 662 947;A01;1;0;2;1;9;5;203 827 574;1;1;3;1;2009.0;5;0;-1;-1;1;5;2023;15:50;1;38;38467;1;4;1;1;45.673083;5.359869;3;-1;2;0;1;1; -1;1;0;1;50;Blessé hospitalisé;0
202300009937;155 662 948;B01;7;0;9;2;1;0;203 827 575;1;1;1;1;1965.0;5;1;-1;-1;1;5;2023;15:50;1;38;38467;1;4;1;1;45.673083;5.359869;3;-1;2;0;1;1; -1;1;0;1;80;Indemne;0
202300009937;155 662 948;B01;7;0;9;2;1;0;203 827 575;1;1;1;1;1965.0;5;1;-1;-1;1;5;2023;15:50;1;38;38467;1;4;1;1;45.673083;5.359869;3;-1;2;0;1;1; -1;1;0;1;50;Indemne;0
202300009939;155 662 944;A01;7;0;2;6;9;1;203 827 571;1;1;1;1;2000.0;5;1;-1;-1;19;4;2023;21:00;5;69;69157;1;6;1;3;45.879108;4.475089;2;1;2;0;1;1;10,5;1;0;1;70;Indemne;2
202300009939;155 662 945;B01;1;0;2;7;26;5;203 827 572;1;1;4;2;2005.0;5;9;-1;-1;19;4;2023;21:00;5;69;69157;1;6;1;3;45.879108;4.475089;2;1;2;0;1;1;10,5;1;0;1;70;Blessé léger;2
202300009962;155 662 902;B01;80;0;2;8;2;3;203 827 514;1;1;3;1;1963.0;1;2;6;-1;28;4;2023;12:25;1;69;69385;2;2;1;3;45.75175289;4.82148937;4;2;3;3;2;2; -1;9;0;6;30;Blessé hospitalisé;4
202300009962;155 662 902;B01;80;0;2;8;2;3;203 827 514;1;1;3;1;1963.0;1;2;6;-1;28;4;2023;12:25;1;69;69385;2;2;1;3;45.75175289;4.82148937;4;2;4;3;4;3; -1;1;1;6;30;Blessé hospitalisé;4
202300009962;155 662 903;A01;7;0;2;2;17;1;203 827 515;1;1;1;1;1970.0;4;1;-1;-1;28;4;2023;12:25;1;69;69385;2;2;1;3;45.75175289;4.82148937;4;2;3;3;2;2; -1;9;0;6;30;Indemne;4
202300009962;155 662 903;A01;7;0;2;2;17;1;203 827 515;1;1;1;1;1970.0;4;1;-1;-1;28;4;2023;12:25;1;69;69385;2;2;1;3;45.75175289;4.82148937;4;2;4;3;4;3; -1;1;1;6;30;Indemne;4
202300009968;155 662 893;B01;1;0;2;1;16;0;203 827 501;1;1;4;1;1965.0;1;8;-1;-1;26;4;2023;18:08;1;69;69034;2;5;1;3;45.79104803;4.8600472;7;1;2;2;2;1; -1;1;0;1;50;Blessé léger;2
202300009968;155 662 893;B01;1;0;2;1;16;0;203 827 501;1;1;4;1;1965.0;1;8;-1;-1;26;4;2023;18:08;1;69;69034;2;5;1;3;45.79104803;4.8600472;7;2;2;1;1;1; -1;1;0;1;50;Blessé léger;2
202300009968;155 662 894;A01;7;0;2;2;16;1;203 827 504;1;1;1;1;2000.0;1;1;-1;-1;26;4;2023;18:08;1;69;69034;2;5;1;3;45.79104803;4.8600472;7;1;2;2;2;1; -1;1;0;1;50;Indemne;2
202300009968;155 662 894;A01;7;0;2;2;16;1;203 827 504;1;1;1;1;2000.0;1;1;-1;-1;26;4;2023;18:08;1;69;69034;2;5;1;3;45.79104803;4.8600472;7;2;2;1;1;1; -1;1;0;1;50;Indemne;2
202300009979;155 662 871;A01;7;0;2;2;16;1;203 827 470;1;1;1;1;1945.0;5;1;0;-1;27;4;2023;17:27;1;87;87065;2;6;1;3;45.8183;1.29539;3;1;0;0;1;2;0;1;5;1;50;Indemne;3
202300009979;155 662 872;B01;1;0;2;8;15;5;203 827 471;1;1;4;2;1964.0;1;8;0;-1;27;4;2023;17:27;1;87;87065;2;6;1;3;45.8183;1.29539;3;1;0;0;1;2;0;1;5;1;50;Blessé léger;3
202300010000;155 662 831;A01;80;0;2;1;1;3;203 827 415;1;1;4;1;1991.0;9;8;-1;-1;27;4;2023;19:54;1;63;63113;2;2;1;2;45.76953;3.1121;4;1;1;0;1;1; -1;1;5;1;30;Blessé léger;3
202300010000;155 662 831;A01;80;0;2;1;1;3;203 827 415;1;1;4;1;1991.0;9;8;-1;-1;27;4;2023;19:54;1;63;63113;2;2;1;2;45.76953;3.1121;4;2;3;0;1;1; -1;1;5;1;30;Blessé léger;3
202300010000;155 662 832;B01;7;0;9;5;1;1;203 827 416;1;1;1;1;1972.0;0;1;-1;-1;27;4;2023;19:54;1;63;63113;2;2;1;2;45.76953;3.1121;4;1;1;0;1;1; -1;1;5;1;30;Indemne;3
202300010000;155 662 832;B01;7;0;9;5;1;1;203 827 416;1;1;1;1;1972.0;0;1;-1;-1;27;4;2023;19:54;1;63;63113;2;2;1;2;45.76953;3.1121;4;2;3;0;1;1; -1;1;5;1;30;Indemne;3
202300010006;155 662 822;A01;80;0;2;3;1;3;203 827 402;1;1;4;2;2001.0;5;8;0;-1;4;6;2023;12:04;1;75;75120;2;2;1;3;48.852707;2.406128;4;2;2;0;1;1; -1;1;0;1;30;Blessé léger;6
202300010006;155 662 822;A01;80;0;2;3;1;3;203 827 402;1;1;4;2;2001.0;5;8;0;-1;4;6;2023;12:04;1;75;75120;2;2;1;3;48.852707;2.406128;4;2;2;3;1;1; -1;1;0;1;30;Blessé léger;6
202300010007;155 662 819;B01;80;0;2;7;1;3;203 827 399;1;1;3;1;1954.0;5;2;8;-1;28;4;2023;10:25;1;49;49099;2;6;1;3;47.05813;-0.85646;3;2;2;0;3;1; -1;1;0;1;50;Blessé hospitalisé;4
202300010007;155 662 819;B01;80;0;2;7;1;3;203 827 399;1;1;3;1;1954.0;5;2;8;-1;28;4;2023;10:25;1;49;49099;2;6;1;3;47.05813;-0.85646;3;2;2;0;2;1;7;1;0;1;50;Blessé hospitalisé;4
202300010007;155 662 821;A01;7;0;2;3;9;1;203 827 401;1;1;1;1;1938.0;3;1;8;-1;28;4;2023;10:25;1;49;49099;2;6;1;3;47.05813;-0.85646;3;2;2;0;3;1; -1;1;0;1;50;Indemne;4
202300010007;155 662 821;A01;7;0;2;3;9;1;203 827 401;1;1;1;1;1938.0;3;1;8;-1;28;4;2023;10:25;1;49;49099;2;6;1;3;47.05813;-0.85646;3;2;2;0;2;1;7;1;0;1;50;Indemne;4
202300010016;155 662 804;B01;1;0;0;0;0;5;203 827 380;3;2;4;1;2021.0;0;3;8;-1;28;4;2023;20:10;1;44;44162;2;1;1;3;47.2335;-1.59;4;3;2;2;1;1; -1;1;0;1;50;Blessé léger;4
202300010016;155 662 804;B01;1;0;0;0;0;5;203 827 381;2;2;4;1;2019.0;0;2;8;-1;28;4;2023;20:10;1;44;44162;2;1;1;3;47.2335;-1.59;4;3;2;2;1;1; -1;1;0;1;50;Blessé léger;4
202300010016;155 662 804;B01;1;0;0;0;0;5;203 827 383;1;1;4;1;1984.0;0;2;8;-1;28;4;2023;20:10;1;44;44162;2;1;1;3;47.2335;-1.59;4;3;2;2;1;1; -1;1;0;1;50;Blessé léger;4
202300010016;155 662 806;A01;7;0;2;0;1;1;203 827 385;1;1;1;2;1991.0;0;1;8;-1;28;4;2023;20:10;1;44;44162;2;1;1;3;47.2335;-1.59;4;3;2;2;1;1; -1;1;0;1;50;Indemne;4
202300010018;155 662 801;A01;7;0;2;1;15;1;203 827 376;1;1;1;1;1981.0;1;1;0;-1;4;6;2023;20:30;2;75;75112;2;2;7;3;48.831825;2.39767;4;2;4;0;1;1; -1;1;0;1;30;Indemne;6
202300010018;155 662 801;A01;7;0;2;1;15;1;203 827 376;1;1;1;1;1981.0;1;1;0;-1;4;6;2023;20:30;2;75;75112;2;2;7;3;48.831825;2.39767;4;2;4;0;1;1; -1;1;0;1;30;Indemne;6
202300010018;155 662 803;B01;1;0;2;8;1;5;203 827 379;1;1;4;1;1989.0;4;8;0;-1;4;6;2023;20:30;2;75;75112;2;2;7;3;48.831825;2.39767;4;2;4;0;1;1; -1;1;0;1;30;Blessé léger;6
202300010018;155 662 803;B01;1;0;2;8;1;5;203 827 379;1;1;4;1;1989.0;4;8;0;-1;4;6;2023;20:30;2;75;75112;2;2;7;3;48.831825;2.39767;4;2;4;0;1;1; -1;1;0;1;30;Blessé léger;6
202300010020;155 662 797;A01;7;0;2;1;11;1;203 827 370;1;1;1;2;1979.0;5;1;0;-1;27;4;2023;08:10;1;38;38421;2;3;7;3;45.17284;5.75864;4;2;2;1;1;1; -1;1;0;5;30;Indemne;3
202300010020;155 662 797;A01;7;0;2;1;11;1;203 827 370;1;1;1;2;1979.0;5;1;0;-1;27;4;2023;08:10;1;38;38421;2;3;7;3;45.17284;5.75864;4;2;1;1;1;1; -1;1;0;5;30;Indemne;3
202300010020;155 662 800;B01;1;0;2;2;1;5;203 827 374;1;1;4;1;1971.0;0;2;0;-1;27;4;2023;08:10;1;38;38421;2;3;7;3;45.17284;5.75864;4;2;2;1;1;1; -1;1;0;5;30;Blessé léger;3
202300010020;155 662 800;B01;1;0;2;2;1;5;203 827 374;1;1;4;1;1971.0;0;2;0;-1;27;4;2023;08:10;1;38;38421;2;3;7;3;45.17284;5.75864;4;2;1;1;1;1; -1;1;0;5;30;Blessé léger;3
202300010023;155 662 792;B01;43;16;0;3;15;1;203 827 364;1;1;1;1;1981.0;5;2;6;-1;4;6;2023;01:00;5;75;75108;2;2;1;3;48.876544;2.31568;4;1;1;0;1;1; -1;1;0;1;30;Indemne;6
202300010023;155 662 792;B01;43;16;0;3;15;1;203 827 364;1;1;1;1;1981.0;5;2;6;-1;4;6;2023;01:00;5;75;75108;2;2;1;3;48.876544;2.31568;4;1;2;0;1;1; -1;1;0;1;30;Indemne;6
202300010023;155 662 794;A01;80;0;2;2;5;3;203 827 366;1;1;4;2;1961.0;5;8;0;-1;4;6;2023;01:00;5;75;75108;2;2;1;3;48.876544;2.31568;4;1;1;0;1;1; -1;1;0;1;30;Blessé léger;6
202300010023;155 662 794;A01;80;0;2;2;5;3;203 827 366;1;1;4;2;1961.0;5;8;0;-1;4;6;2023;01:00;5;75;75108;2;2;1;3;48.876544;2.31568;4;1;2;0;1;1; -1;1;0;1;30;Blessé léger;6
202300010024;155 662 791;B01;1;0;2;7;1;5;203 827 363;1;1;4;1;1996.0;5;8;0;-1;28;4;2023;18:25;1;37;37261;2;6;1;3;47.39484;0.70463;4;-1;4;0;1;3; -1;1;5;1;50;Blessé léger;4
202300010024;155 662 791;B01;1;0;2;7;1;5;203 827 363;1;1;4;1;1996.0;5;8;0;-1;28;4;2023;18:25;1;37;37261;2;6;1;3;47.39484;0.70463;4;-1;0;0;1;3; -1;1;5;1;50;Blessé léger;4
202300010024;155 662 793;A01;7;0;2;1;9;1;203 827 365;1;1;1;1;1961.0;5;1;0;-1;28;4;2023;18:25;1;37;37261;2;6;1;3;47.39484;0.70463;4;-1;4;0;1;3; -1;1;5;1;50;Indemne;4
202300010024;155 662 793;A01;7;0;2;1;9;1;203 827 365;1;1;1;1;1961.0;5;1;0;-1;28;4;2023;18:25;1;37;37261;2;6;1;3;47.39484;0.70463;4;-1;0;0;1;3; -1;1;5;1;50;Indemne;4
202300010032;155 662 776;B01;7;0;9;7;1;1;203 827 345;1;1;1;2;1970.0;5;1;8;-1;27;4;2023;18:00;1;27;27681;2;1;2;3;49.1013;1.48597;3;2;2;0;2;1; -1;2;0;1;50;Indemne;3
202300010032;155 662 777;A01;1;0;2;8;26;5;203 827 346;1;1;4;1;1960.0;5;2;0;-1;27;4;2023;18:00;1;27;27681;2;1;2;3;49.1013;1.48597;3;2;2;0;2;1; -1;2;0;1;50;Blessé léger;3
202300010034;155 662 774;A01;7;0;2;2;15;1;203 827 342;1;1;1;1;1998.0;1;1;8;-1;4;6;2023;09:15;1;94;94081;2;3;1;3;48.80242;2.39725;3;2;2;0;1;2; -1;1;5;8;50;Indemne;6
202300010034;155 662 774;A01;7;0;2;2;15;1;203 827 342;1;1;1;1;1998.0;1;1;8;-1;4;6;2023;09:15;1;94;94081;2;3;1;3;48.80242;2.39725;3;2; -1;-1;1;1; -1;1;5;1;-1;Indemne;6
202300010034;155 662 775;B01;80;0;2;1;19;3;203 827 344;1;1;4;1;1946.0;5;2;8;-1;4;6;2023;09:15;1;94;94081;2;3;1;3;48.80242;2.39725;3;2;2;0;1;2; -1;1;5;8;50;Blessé léger;6
202300010034;155 662 775;B01;80;0;2;1;19;3;203 827 344;1;1;4;1;1946.0;5;2;8;-1;4;6;2023;09:15;1;94;94081;2;3;1;3;48.80242;2.39725;3;2; -1;-1;1;1; -1;1;5;1;-1;Blessé léger;6
202300010054;155 662 741;A01;1;0;0;1;9;5;203 827 301;1;1;4;2;1948.0;5;8;0;-1;28;4;2023;09:30;1;75;75117;2;1;1;7;48.895368;2.307319;4;1;1;1;1;1; -1;2;0;4;30;Blessé léger;4
202300010058;155 662 735;A01;1;0;2;2;17;5;203 827 292;1;1;3;2;1956.0;5;2;0;-1;4;6;2023;17:45;1;93;93051;2;3;1;3;48.85384;2.54485;4;2;2;-1;1;1; -1;1;0;5;-1;Blessé hospitalisé;6
202300010058;155 662 735;A01;1;0;2;2;17;5;203 827 292;1;1;3;2;1956.0;5;2;0;-1;4;6;2023;17:45;1;93;93051;2;3;1;3;48.85384;2.54485;4;1;1;1;1;1; -1;1;6;5;30;Blessé hospitalisé;6
202300010058;155 662 736;B01;1;0;2;3;1;5;203 827 295;1;1;1;1;1981.0;5;2;0;-1;4;6;2023;17:45;1;93;93051;2;3;1;3;48.85384;2.54485;4;2;2;-1;1;1; -1;1;0;5;-1;Indemne;6
202300010058;155 662 736;B01;1;0;2;3;1;5;203 827 295;1;1;1;1;1981.0;5;2;0;-1;4;6;2023;17:45;1;93;93051;2;3;1;3;48.85384;2.54485;4;1;1;1;1;1; -1;1;6;5;30;Indemne;6
202300010062;155 662 726;C01;1;1;2;9;1;5;203 827 279;1;1;4;2;1998.0;9;8;0;-1;28;4;2023;14:40;1;75;75112;2;1;1;5;48.842108;2.401365;4;1;1;0;1;1; -1;1;0;1;30;Blessé léger;4
202300010062;155 662 727;A01;7;0;2;8;22;1;203 827 280;1;1;1;1;1964.0;4;8;0;-1;28;4;2023;14:40;1;75;75112;2;1;1;5;48.842108;2.401365;4;1;1;0;1;1; -1;1;0;1;30;Indemne;4
202300010062;155 662 728;B01;1;1;0;9;1;5;203 827 281;1;1;4;1;1954.0;9;2;6;-1;28;4;2023;14:40;1;75;75112;2;1;1;5;48.842108;2.401365;4;1;1;0;1;1; -1;1;0;1;30;Blessé léger;4
202300010063;155 662 724;A01;7;0;2;0;16;2;203 827 277;1;1;1;1;1971.0;5;1;0;-1;28;4;2023;12:05;1;75;75111;2;2;1;3;48.866166;2.369632;4;1;1;1;2;1; -1;1;0;1;30;Indemne;4
202300010063;155 662 724;A01;7;0;2;0;16;2;203 827 277;1;1;1;1;1971.0;5;1;0;-1;28;4;2023;12:05;1;75;75111;2;2;1;3;48.866166;2.369632;4;1; -1;0;1;1; -1;1;0;1;30;Indemne;4
202300010063;155 662 725;B01;1;0;2;1;1;5;203 827 278;1;1;4;2;1994.0;5;8;0;-1;28;4;2023;12:05;1;75;75111;2;2;1;3;48.866166;2.369632;4;1;1;1;2;1; -1;1;0;1;30;Blessé léger;4
202300010063;155 662 725;B01;1;0;2;1;1;5;203 827 278;1;1;4;2;1994.0;5;8;0;-1;28;4;2023;12:05;1;75;75111;2;2;1;3;48.866166;2.369632;4;1; -1;0;1;1; -1;1;0;1;30;Blessé léger;4
202300010066;155 662 719;A01;31;0;2;1;2;1;203 827 270;1;1;4;1;2000.0;9;2;6;-1;28;4;2023;02:55;5;75;75116;2;3;3;2;48.856615;2.266321;4;-1;1;0;1;1; -1;2;0;1;30;Blessé léger;4
202300010066;155 662 719;A01;31;0;2;1;2;1;203 827 270;1;1;4;1;2000.0;9;2;6;-1;28;4;2023;02:55;5;75;75116;2;3;3;2;48.856615;2.266321;4;1;2;0;2;1; -1;2;0;1;30;Blessé léger;4
202300010066;155 662 719;A01;31;0;2;1;2;1;203 827 271;2;2;4;1;2000.0;9;2;0;-1;28;4;2023;02:55;5;75;75116;2;3;3;2;48.856615;2.266321;4;-1;1;0;1;1; -1;2;0;1;30;Blessé léger;4
202300010066;155 662 719;A01;31;0;2;1;2;1;203 827 271;2;2;4;1;2000.0;9;2;0;-1;28;4;2023;02:55;5;75;75116;2;3;3;2;48.856615;2.266321;4;1;2;0;2;1; -1;2;0;1;30;Blessé léger;4
202300010066;155 662 720;B01;1;0;2;4;2;5;203 827 272;1;1;4;1;1975.0;9;2;0;-1;28;4;2023;02:55;5;75;75116;2;3;3;2;48.856615;2.266321;4;-1;1;0;1;1; -1;2;0;1;30;Blessé léger;4
202300010066;155 662 720;B01;1;0;2;4;2;5;203 827 272;1;1;4;1;1975.0;9;2;0;-1;28;4;2023;02:55;5;75;75116;2;3;3;2;48.856615;2.266321;4;1;2;0;2;1; -1;2;0;1;30;Blessé léger;4
202300010079;155 662 692;A01;15;0;2;2;16;1;203 827 240;1;1;1;1;1973.0;4;1;0;-1;23;11;2023;10:00;1;75;75119;2;5;2;2;48.882806;2.370305;4;2; -1;-1;1;1; -1;2;0;1;-1;Indemne;3
202300010079;155 662 692;A01;15;0;2;2;16;1;203 827 240;1;1;1;1;1973.0;4;1;0;-1;23;11;2023;10:00;1;75;75119;2;5;2;2;48.882806;2.370305;4;2;6;0;1;3; -1;2;0;1;30;Indemne;3
202300010079;155 662 693;C01;80;0;2;4;1;3;203 827 241;1;1;4;1;1984.0;9;2;0;-1;23;11;2023;10:00;1;75;75119;2;5;2;2;48.882806;2.370305;4;2; -1;-1;1;1; -1;2;0;1;-1;Blessé léger;3
202300010079;155 662 693;C01;80;0;2;4;1;3;203 827 241;1;1;4;1;1984.0;9;2;0;-1;23;11;2023;10:00;1;75;75119;2;5;2;2;48.882806;2.370305;4;2;6;0;1;3; -1;2;0;1;30;Blessé léger;3
202300010091;155 662 674;A01;1;0;0;1;1;5;203 827 220;1;1;4;1;2006.0;1;2;8;-1;22;11;2023;19:00;2;75;75115;2;1;1;7;48.838233;2.283693;4;-1;1;0;1;1; -1;1;0;1;30;Blessé léger;2
202300010096;155 662 663;A01;10;0;2;5;22;1;203 827 203;1;1;1;1;1989.0;4;8;0;-1;23;11;2023;15:35;1;75;75111;2;1;1;3;48.852825;2.371052;4;2;4;1;1;1; -1;1;0;1;30;Indemne;3
202300010096;155 662 665;B01;1;0;2;2;1;5;203 827 206;1;1;4;2;1955.0;5;8;0;-1;23;11;2023;15:35;1;75;75111;2;1;1;3;48.852825;2.371052;4;2;4;1;1;1; -1;1;0;1;30;Blessé léger;3
202300010098;155 662 660;B01;15;0;2;5;1;1;203 827 199;1;1;1;1;1994.0;4;1;8;-1;23;11;2023;06:40;5;75;75111;2;3;1;3;48.868618;2.372085;4;2;4;2;1;1; -1;1;0;5;30;Indemne;3