Num_Acc;id_vehicule;num_veh;catv;obs;obsm;choc;manv;motor;id_usager;place;catu;grav;sexe;an_nais;trajet;secu1;secu2;secu3;jour;mois;an;hrmn;lum;dep;com;agg;int;atm;col;lat;long;catr;circ;nbv;vosp;prof;plan;larrout;surf;infra;situ;vma;gravity;day_of_week
202300010098;155 662 660;B01;15;0;2;5;1;1;203 827 199;1;1;1;1;1994.0;4;1;8;-1;23;11;2023;06:40;5;75;75111;2;3;1;3;48.868618;2.372085;4;1;2;2;2;1; -1;1;0;5;30;Indemne;3
202300010098;155 662 661;A01;1;0;2;3;16;5;203 827 200;1;1;4;1;1964.0;1;8;0;-1;23;11;2023;06:40;5;75;75111;2;3;1;3;48.868618;2.372085;4;2;4;2;1;1; -1;1;0;5;30;Blessé léger;3
202300010098;155 662 661;A01;1;0;2;3;16;5;203 827 200;1;1;4;1;1964.0;1;8;0;-1;23;11;2023;06:40;5;75;75111;2;3;1;3;48.868618;2.372085;4;1;2;2;2;1; -1;1;0;5;30;Blessé léger;3
202300010120;155 662 620;A01;7;0;9;2;15;1;203 827 145;1;1;1;1;1957.0;3;1;-1;-1;22;4;2023;11:15;1;88;88075;2;3;1;1;48.006244;6.874303;3;1; -1;-1;1;1; -1;1;5;1;-1;Indemne;5
202300010120;155 662 620;A01;7;0;9;2;15;1;203 827 145;1;1;1;1;1957.0;3;1;-1;-1;22;4;2023;11:15;1;88;88075;2;3;1;1;48.006244;6.874303;3;2;3;0;1;1; -1;1;0;1;50;Indemne;5
202300010120;155 662 621;B01;1;0;2;1;1;5;203 827 148;1;1;4;1;1978.0;5;2;-1;-1;22;4;2023;11:15;1;88;88075;2;3;1;1;48.006244;6.874303;3;1; -1;-1;1;1; -1;1;5;1;-1;Blessé léger;5
202300010120;155 662 621;B01;1;0;2;1;1;5;203 827 148;1;1;4;1;1978.0;5;2;-1;-1;22;4;2023;11:15;1;88;88075;2;3;1;1;48.006244;6.874303;3;2;3;0;1;1; -1;1;0;1;50;Blessé léger;5
202300010123;155 662 615;A01;1;0;2;1;1;5;203 827 140;1;1;4;2;2002.0;5;8;0;-1;30;12;2023;16:10;1;75;75110;2;5;1;3;48.878524;2.354048;4;2;4;0;2;1; -1;1;0;5;30;Blessé léger;5
202300010123;155 662 615;A01;1;0;2;1;1;5;203 827 140;1;1;4;2;2002.0;5;8;0;-1;30;12;2023;16:10;1;75;75110;2;5;1;3;48.878524;2.354048;4;2;4;1;2;1; -1;1;0;5;30;Blessé léger;5
202300010136;155 662 588;B01;1;0;2;2;0;5;203 827 102;1;1;4;1;2014.0;0;2;0;-1;8;7;2023;16:15;1;974;97407;2;1;1;3;-20.94976;55.2979;4;2;2;0;1;1; -1;1;0;1;50;Blessé léger;5
202300010136;155 662 590;A01;10;0;2;2;21;1;203 827 104;1;1;1;2;1990.0;9;1;8;-1;8;7;2023;16:15;1;974;97407;2;1;1;3;-20.94976;55.2979;4;2;2;0;1;1; -1;1;0;1;50;Indemne;5
202300010136;155 662 590;A01;10;0;2;2;21;1;203 827 105;2;2;1;1;1982.0;4;1;8;-1;8;7;2023;16:15;1;974;97407;2;1;1;3;-20.94976;55.2979;4;2;2;0;1;1; -1;1;0;1;50;Indemne;5
202300010160;155 662 546;A01;1;0;0;1;13;5;203 827 042;1;1;4;1;1973.0;5;0;-1;-1;8;7;2023;23:30;5;971;97107;2;3;1;7;16.034376;-61.5783919;4;2;2;0;1;1; -1;1;0;1;50;Blessé léger;5
202300010160;155 662 546;A01;1;0;0;1;13;5;203 827 042;1;1;4;1;1973.0;5;0;-1;-1;8;7;2023;23:30;5;971;97107;2;3;1;7;16.034376;-61.5783919;4;2;2;0;4;1; -1;1;0;1;50;Blessé léger;5
202300010188;155 662 494;A01;1;0;2;1;5;5;203 826 976;1;1;4;1;1947.0;5;8;-1;-1;9;7;2023;10:30;1;63;63113;2;3;1;3;45.7857;3.1194;4;2;2;0;1;1; -1;1;0;1;50;Blessé léger;6
202300010188;155 662 494;A01;1;0;2;1;5;5;203 826 976;1;1;4;1;1947.0;5;8;-1;-1;9;7;2023;10:30;1;63;63113;2;3;1;3;45.7857;3.1194;4;1;3;0;1;1; -1;1;0;1;50;Blessé léger;6
202300010188;155 662 495;B01;7;0;9;2;16;1;203 826 977;1;1;1;1;1965.0;5;1;-1;-1;9;7;2023;10:30;1;63;63113;2;3;1;3;45.7857;3.1194;4;2;2;0;1;1; -1;1;0;1;50;Indemne;6
202300010188;155 662 495;B01;7;0;9;2;16;1;203 826 977;1;1;1;1;1965.0;5;1;-1;-1;9;7;2023;10:30;1;63;63113;2;3;1;3;45.7857;3.1194;4;1;3;0;1;1; -1;1;0;1;50;Indemne;6
202300010219;155 662 439;A01;7;0;2;1;19;1;203 826 890;1;1;1;2;1942.0;3;1;-1;-1;9;7;2023;09:25;1;33;33529;2;3;1;3;44.63301;-1.14902;4;2;2;0;1;2; -1;1;0;1;50;Indemne;6
202300010219;155 662 439;A01;7;0;2;1;19;1;203 826 890;1;1;1;2;1942.0;3;1;-1;-1;9;7;2023;09:25;1;33;33529;2;3;1;3;44.63301;-1.14902;4;2;2;0;1;3; -1;1;0;1;50;Indemne;6
202300010219;155 662 442;B01;80;0;2;8;15;3;203 826 893;1;1;3;1;1962.0;3;8;-1;-1;9;7;2023;09:25;1;33;33529;2;3;1;3;44.63301;-1.14902;4;2;2;0;1;2; -1;1;0;1;50;Blessé hospitalisé;6
202300010219;155 662 442;B01;80;0;2;8;15;3;203 826 893;1;1;3;1;1962.0;3;8;-1;-1;9;7;2023;09:25;1;33;33529;2;3;1;3;44.63301;-1.14902;4;2;2;0;1;3; -1;1;0;1;50;Blessé hospitalisé;6
202300010220;155 662 436;A01;80;0;0;7;14;3;203 826 887;1;1;2;2;1958.0;5;0;-1;-1;5;6;2023;17:40;1;56;56034;2;1;1;7;47.58601;-3.085629;3;3;2;0;1;1;5,5;1;0;4;50;Tué;0
202300010235;155 662 414;A01;7;0;2;3;20;1;203 826 856;1;1;1;2;1973.0;5;1;-1;-1;30;12;2023;13:35;1;41;41106;2;1;1;1;47.606695;2.025036;3;2;2;0;1;1;5,5;1;9;1;30;Indemne;5
202300010235;155 662 416;B01;80;0;2;1;13;3;203 826 862;1;1;4;1;1948.0;5;2;9;-1;30;12;2023;13:35;1;41;41106;2;1;1;1;47.606695;2.025036;3;2;2;0;1;1;5,5;1;9;1;30;Blessé léger;5
202300010243;155 662 400;A01;7;0;9;8;1;1;203 826 838;1;1;1;1;1938.0;0;8;-1;-1;23;11;2023;07:18;5;08;08302;2;2;8;3;49.885395;4.740493;3;2;2;0;4;1;5,5;2;0;1;30;Indemne;3
202300010243;155 662 400;A01;7;0;9;8;1;1;203 826 838;1;1;1;1;1938.0;0;8;-1;-1;23;11;2023;07:18;5;08;08302;2;2;8;3;49.885395;4.740493;3;2;2;0;1;1;5,5;2;5;1;50;Indemne;3
202300010243;155 662 402;B01;1;0;2;1;5;5;203 826 842;1;1;3;1;2001.0;0;0;-1;-1;23;11;2023;07:18;5;08;08302;2;2;8;3;49.885395;4.740493;3;2;2;0;4;1;5,5;2;0;1;30;Blessé hospitalisé;3
202300010243;155 662 402;B01;1;0;2;1;5;5;203 826 842;1;1;3;1;2001.0;0;0;-1;-1;23;11;2023;07:18;5;08;08302;2;2;8;3;49.885395;4.740493;3;2;2;0;1;1;5,5;2;5;1;50;Blessé hospitalisé;3
202300010272;155 662 352;B01;1;0;2;8;0;5;203 826 767;1;1;3;1;2013.0;5;0;-1;-1;3;6;2023;14:45;1;11;11259;2;4;1;1;43.279674;2.230418;3;2;2;0;1;3;5,5;1;0;1;30;Blessé hospitalisé;5
202300010272;155 662 352;B01;1;0;2;8;0;5;203 826 767;1;1;3;1;2013.0;5;0;-1;-1;3;6;2023;14:45;1;11;11259;2;4;1;1;43.279674;2.230418;3;2; -1;-1;2;1; -1;1;0;1;-1;Blessé hospitalisé;5
202300010272;155 662 358;A01;7;0;2;1;1;1;203 826 773;1;1;1;2;2000.0;1;1;-1;-1;3;6;2023;14:45;1;11;11259;2;4;1;1;43.279674;2.230418;3;2;2;0;1;3;5,5;1;0;1;30;Indemne;5
202300010272;155 662 358;A01;7;0;2;1;1;1;203 826 773;1;1;1;2;2000.0;1;1;-1;-1;3;6;2023;14:45;1;11;11259;2;4;1;1;43.279674;2.230418;3;2; -1;-1;2;1; -1;1;0;1;-1;Indemne;5
202300010274;155 662 345;A01;1;0;0;0;1;5;203 826 757;1;1;3;1;1956.0;5;2;6;9;30;12;2023;16:30;1;69;69051;2;4;1;7;45.634008;4.642764;3;2;2;0;2;4;5;1;0;1;50;Blessé hospitalisé;5
202300010274;155 662 345;A01;1;0;0;0;1;5;203 826 757;1;1;3;1;1956.0;5;2;6;9;30;12;2023;16:30;1;69;69051;2;4;1;7;45.634008;4.642764;3;2;2;0;2;2; -1;1;0;1;-1;Blessé hospitalisé;5
202300010293;155 662 315;A01;1;0;0;7;1;5;203 826 720;1;1;3;2;1985.0;5;0;-1;-1;20;8;2023;19:00;1;14;14409;2;3;1;6;49.281902;-0.209089;4;2; -1;0;1;1; -1;1;0;1;50;Blessé hospitalisé;6
202300010295;155 662 313;B01;1;0;2;0;15;5;203 826 717;1;1;3;1;1943.0;1;0;-1;-1;29;12;2023;16:47;1;22;22090;2;3;7;3;48.769783;-3.370123;3;2;2;0;1;1;4;1;0;1;50;Blessé hospitalisé;4
202300010295;155 662 313;B01;1;0;2;0;15;5;203 826 717;1;1;3;1;1943.0;1;0;-1;-1;29;12;2023;16:47;1;22;22090;2;3;7;3;48.769783;-3.370123;3;2; -1;-1;1;1; -1;1;0;1;-1;Blessé hospitalisé;4
202300010295;155 662 316;A01;7;0;2;3;15;1;203 826 719;1;1;1;1;2003.0;1;1;-1;-1;29;12;2023;16:47;1;22;22090;2;3;7;3;48.769783;-3.370123;3;2;2;0;1;1;4;1;0;1;50;Indemne;4
202300010295;155 662 316;A01;7;0;2;3;15;1;203 826 719;1;1;1;1;2003.0;1;1;-1;-1;29;12;2023;16:47;1;22;22090;2;3;7;3;48.769783;-3.370123;3;2; -1;-1;1;1; -1;1;0;1;-1;Indemne;4
202300010302;155 662 300;A01;80;8;0;0;2;3;203 826 697;2;2;4;2;2008.0;5;0;-1;-1;17;8;2023;20:00;1;29;29006;2;1;1;6;47.87217;-4.104282;4;2;2;0;2;1; -1;1;9;1;50;Blessé léger;3
202300010302;155 662 300;A01;80;8;0;0;2;3;203 826 699;1;1;3;2;2008.0;0;0;-1;-1;17;8;2023;20:00;1;29;29006;2;1;1;6;47.87217;-4.104282;4;2;2;0;2;1; -1;1;9;1;50;Blessé hospitalisé;3
202300010328;155 662 259;A01;7;0;2;1;1;0;203 826 647;1;1;1;1;1963.0;0;1;-1;-1;16;8;2023;21:45;5;76;76057;2;2;1;1;49.5506;0.957758;4;2;2;0;1;1; -1;1;0;1;50;Indemne;2
202300010328;155 662 259;A01;7;0;2;1;1;0;203 826 647;1;1;1;1;1963.0;0;1;-1;-1;16;8;2023;21:45;5;76;76057;2;2;1;1;49.5506;0.957758;4;2; -1;-1;1;1; -1;1;0;1;-1;Indemne;2
202300010328;155 662 261;B01;1;0;2;3;9;5;203 826 650;1;1;3;1;1974.0;0;0;-1;-1;16;8;2023;21:45;5;76;76057;2;2;1;1;49.5506;0.957758;4;2;2;0;1;1; -1;1;0;1;50;Blessé hospitalisé;2
202300010328;155 662 261;B01;1;0;2;3;9;5;203 826 650;1;1;3;1;1974.0;0;0;-1;-1;16;8;2023;21:45;5;76;76057;2;2;1;1;49.5506;0.957758;4;2; -1;-1;1;1; -1;1;0;1;-1;Blessé hospitalisé;2
202300010329;155 662 257;B01;1;0;2;1;13;5;203 826 643;1;1;4;1;1996.0;9;8;0;-1;9;6;2023;01:35;5;75;75119;2;3;1;3;48.88879;2.393106;4;2;4;1;1;1; -1;1;0;1;30;Blessé léger;4
202300010329;155 662 257;B01;1;0;2;1;13;5;203 826 643;1;1;4;1;1996.0;9;8;0;-1;9;6;2023;01:35;5;75;75119;2;3;1;3;48.88879;2.393106;4;-1; -1;0;1;1; -1;1;0;1;30;Blessé léger;4
202300010329;155 662 260;A01;7;0;2;3;1;1;203 826 648;1;1;1;1;2004.0;5;1;0;-1;9;6;2023;01:35;5;75;75119;2;3;1;3;48.88879;2.393106;4;2;4;1;1;1; -1;1;0;1;30;Indemne;4
202300010329;155 662 260;A01;7;0;2;3;1;1;203 826 648;1;1;1;1;2004.0;5;1;0;-1;9;6;2023;01:35;5;75;75119;2;3;1;3;48.88879;2.393106;4;-1; -1;0;1;1; -1;1;0;1;30;Indemne;4
202300010329;155 662 260;A01;7;0;2;3;1;1;203 826 649;2;2;1;1;2003.0;5;1;0;-1;9;6;2023;01:35;5;75;75119;2;3;1;3;48.88879;2.393106;4;2;4;1;1;1; -1;1;0;1;30;Indemne;4
202300010329;155 662 260;A01;7;0;2;3;1;1;203 826 649;2;2;1;1;2003.0;5;1;0;-1;9;6;2023;01:35;5;75;75119;2;3;1;3;48.88879;2.393106;4;-1; -1;0;1;1; -1;1;0;1;30;Indemne;4
202300010344;155 662 230;A01;1;0;2;1;1;5;203 826 607;1;1;3;1;1973.0;5;2;-1;-1;16;8;2023;18:42;1;60;60079;1;1;1;7;49.16818415;2.86958814;4;2;2;0;1;1; -1;1;0;1;50;Blessé hospitalisé;2
202300010344;155 662 232;B01;1;0;2;4;1;5;203 826 609;1;1;1;1;2002.0;5;2;-1;-1;16;8;2023;18:42;1;60;60079;1;1;1;7;49.16818415;2.86958814;4;2;2;0;1;1; -1;1;0;1;50;Indemne;2
202300010364;155 662 196;A01;7;0;9;1;1;1;203 826 559;1;1;1;2;1947.0;5;1;-1;-1;11;8;2023;09:30;1;62;62589;1;1;1;2;50.36071648;2.66888022;3;2;2;0;2;1;7;1;0;1;70;Indemne;4
202300010364;155 662 199;B01;1;0;2;4;2;5;203 826 565;1;1;3;1;1975.0;5;2;-1;-1;11;8;2023;09:30;1;62;62589;1;1;1;2;50.36071648;2.66888022;3;2;2;0;2;1;7;1;0;1;70;Blessé hospitalisé;4
202300010371;155 662 186;A01;7;0;2;1;15;1;203 826 547;1;1;1;2;1954.0;9;1;-1;-1;21;8;2023;09:15;1;59;59336;2;3;1;1;50.278151;3.038605;3;2;2;0;2;1; -1;1;0;1;50;Indemne;0
202300010371;155 662 186;A01;7;0;2;1;15;1;203 826 547;1;1;1;2;1954.0;9;1;-1;-1;21;8;2023;09:15;1;59;59336;2;3;1;1;50.278151;3.038605;3;2; -1;-1;1;1; -1;1;0;1;-1;Indemne;0
202300010371;155 662 189;B01;1;0;2;8;1;5;203 826 550;1;1;4;1;1989.0;5;2;-1;-1;21;8;2023;09:15;1;59;59336;2;3;1;1;50.278151;3.038605;3;2;2;0;2;1; -1;1;0;1;50;Blessé léger;0
202300010371;155 662 189;B01;1;0;2;8;1;5;203 826 550;1;1;4;1;1989.0;5;2;-1;-1;21;8;2023;09:15;1;59;59336;2;3;1;1;50.278151;3.038605;3;2; -1;-1;1;1; -1;1;0;1;-1;Blessé léger;0
202300010381;155 662 170;B01;1;0;9;8;1;5;203 826 527;1;1;3;1;1986.0;5;8;-1;-1;20;3;2023;19:15;1;51;51230;2;2;1;3;49.04053588;3.95682961;4;1;2;0;2;1; -1;1;5;1;50;Blessé hospitalisé;0
202300010381;155 662 170;B01;1;0;9;8;1;5;203 826 527;1;1;3;1;1986.0;5;8;-1;-1;20;3;2023;19:15;1;51;51230;2;2;1;3;49.04053588;3.95682961;4;1;2;0;1;1; -1;1;5;1;50;Blessé hospitalisé;0
202300010381;155 662 176;A01;7;0;9;8;1;1;203 826 533;1;1;1;2;1999.0;5;1;-1;-1;20;3;2023;19:15;1;51;51230;2;2;1;3;49.04053588;3.95682961;4;1;2;0;2;1; -1;1;5;1;50;Indemne;0
202300010381;155 662 176;A01;7;0;9;8;1;1;203 826 533;1;1;1;2;1999.0;5;1;-1;-1;20;3;2023;19:15;1;51;51230;2;2;1;3;49.04053588;3.95682961;4;1;2;0;1;1; -1;1;5;1;50;Indemne;0
202300010382;155 662 166;A01;7;0;2;7;1;1;203 826 521;1;1;1;1;1999.0;5;1;0;-1;9;7;2023;22:05;5;94;94078;2;3;1;3;48.72308169;2.44462189;4;1;1;0;1;1; -1;1;0;1;50;Indemne;6
202300010382;155 662 171;B01;1;0;2;1;1;5;203 826 528;1;1;3;1;2014.0;5;-1;0;-1;9;7;2023;22:05;5;94;94078;2;3;1;3;48.72308169;2.44462189;4;1;1;0;1;1; -1;1;0;1;50;Blessé hospitalisé;6
202300010404;155 662 120;A01;7;0;2;3;9;1;203 826 461;1;1;1;2;1994.0;0;1;0;-1;28;12;2023;22:35;5;72;72181;2;6;1;3;48.00389;0.20262;4;-1;2;1;2;3; -1;1;0;1;50;Indemne;3
202300010404;155 662 120;A01;7;0;2;3;9;1;203 826 461;1;1;1;2;1994.0;0;1;0;-1;28;12;2023;22:35;5;72;72181;2;6;1;3;48.00389;0.20262;4;-1;2;0;1;3; -1;1;0;1;50;Indemne;3
202300010404;155 662 123;B01;1;0;2;1;1;0;203 826 465;1;1;4;1;2001.0;0;8;0;-1;28;12;2023;22:35;5;72;72181;2;6;1;3;48.00389;0.20262;4;-1;2;1;2;3; -1;1;0;1;50;Blessé léger;3
202300010404;155 662 123;B01;1;0;2;1;1;0;203 826 465;1;1;4;1;2001.0;0;8;0;-1;28;12;2023;22:35;5;72;72181;2;6;1;3;48.00389;0.20262;4;-1;2;0;1;3; -1;1;0;1;50;Blessé léger;3
202300010439;155 662 049;B01;1;0;2;7;1;5;203 826 362;1;1;4;2;1994.0;5;8;0;-1;29;12;2023;19:30;5;62;62386;2;2;2;1;50.44711;2.74964;4;-1;2;0;1;1; -1;2;0;1;50;Blessé léger;4
202300010439;155 662 049;B01;1;0;2;7;1;5;203 826 362;1;1;4;2;1994.0;5;8;0;-1;29;12;2023;19:30;5;62;62386;2;2;2;1;50.44711;2.74964;4;2;1;0;1;1; -1;2;0;1;50;Blessé léger;4
202300010439;155 662 053;A01;10;0;2;1;15;1;203 826 366;1;1;1;1;1995.0;1;1;0;-1;29;12;2023;19:30;5;62;62386;2;2;2;1;50.44711;2.74964;4;-1;2;0;1;1; -1;2;0;1;50;Indemne;4
202300010439;155 662 053;A01;10;0;2;1;15;1;203 826 366;1;1;1;1;1995.0;1;1;0;-1;29;12;2023;19:30;5;62;62386;2;2;2;1;50.44711;2.74964;4;2;1;0;1;1; -1;2;0;1;50;Indemne;4
202300010459;155 662 014;A01;1;10;0;4;2;5;203 826 315;1;1;3;1;1974.0;5;2;6;-1;3;6;2023;13:35;1;06;06068;1;1;1;7;43.75217;6.990465;3;2;2;0;2;3;5;1;0;3;80;Blessé hospitalisé;5
202300010476;155 661 987;A01;80;0;2;1;1;3;203 826 282;1;1;4;1;1950.0;0;0;-1;-1;22;11;2023;15:45;1;69;69081;2;2;8;3;45.77175;4.77713;4;2;2;0;1;1; -1;1;0;1;30;Blessé léger;2
202300010476;155 661 987;A01;80;0;2;1;1;3;203 826 282;1;1;4;1;1950.0;0;0;-1;-1;22;11;2023;15:45;1;69;69081;2;2;8;3;45.77175;4.77713;4;1;1;0;1;1; -1;1;0;1;30;Blessé léger;2
202300010476;155 661 992;B01;7;0;2;8;1;1;203 826 289;1;1;1;1;2004.0;5;1;-1;-1;22;11;2023;15:45;1;69;69081;2;2;8;3;45.77175;4.77713;4;2;2;0;1;1; -1;1;0;1;30;Indemne;2
202300010476;155 661 992;B01;7;0;2;8;1;1;203 826 289;1;1;1;1;2004.0;5;1;-1;-1;22;11;2023;15:45;1;69;69081;2;2;8;3;45.77175;4.77713;4;1;1;0;1;1; -1;1;0;1;30;Indemne;2
202300010487;155 661 963;B01;1;14;2;7;26;5;203 826 253;1;1;4;2;1990.0;1;8;0;-1;29;12;2023;10:15;1;41;41269;2;9;1;3;47.79035;1.06368;4;-1;1;0;1;1; -1;1;9;1;30;Blessé léger;4
202300010487;155 661 968;A01;10;14;2;1;9;0;203 826 258;1;1;1;1;1990.0;0;1;0;-1;29;12;2023;10:15;1;41;41269;2;9;1;3;47.79035;1.06368;4;-1;1;0;1;1; -1;1;9;1;30;Indemne;4
202300010520;155 661 909;A01;7;0;2;5;15;0;203 826 182;1;1;1;1;1953.0;5;1;-1;-1;2;6;2023;07:50;2;40;40284;2;9;1;3;43.661725;-1.287525;4;2;1;0;1;1; -1;1;0;1;50;Indemne;4
202300010520;155 661 914;B01;1;0;2;1;1;5;203 826 191;1;1;3;1;1958.0;5;2;-1;-1;2;6;2023;07:50;2;40;40284;2;9;1;3;43.661725;-1.287525;4;2;1;0;1;1; -1;1;0;1;50;Blessé hospitalisé;4
202300010524;155 661 897;A01;1;0;6;5;26;5;203 826 169;1;1;3;1;1961.0;5;2;-1;-1;8;7;2023;20:45;2;65;65045;1;1;1;6;43.004569;-0.212667;3;2;2;0;2;1; -1;1;0;1;80;Blessé hospitalisé;5
202300010539;155 661 876;A01;1;0;2;4;15;5;203 826 140;1;1;4;2;1997.0;1;8;0;-1;20;3;2023;18:30;2;75;75115;2;7;1;2;48.848024;2.301549;4;1;2;0;1;2; -1;1;0;1;30;Blessé léger;0
202300010539;155 661 876;A01;1;0;2;4;15;5;203 826 140;1;1;4;2;1997.0;1;8;0;-1;20;3;2023;18:30;2;75;75115;2;7;1;2;48.848024;2.301549;4;1; -1;-1;1;1; -1;1;0;1;-1;Blessé léger;0
202300010553;155 661 849;A01;1;0;2;3;15;5;203 826 102;1;1;4;1;1995.0;4;8;0;-1;20;3;2023;13:45;1;75;75113;2;4;1;3;48.839898;2.361761;4;2;4;2;2;1; -1;1;0;1;30;Blessé léger;0
202300010553;155 661 849;A01;1;0;2;3;15;5;203 826 102;1;1;4;1;1995.0;4;8;0;-1;20;3;2023;13:45;1;75;75113;2;4;1;3;48.839898;2.361761;4;2;4;3;2;1; -1;1;0;1;30;Blessé léger;0
202300010553;155 661 851;B01;7;0;2;2;1;1;203 826 103;1;1;1;1;1950.0;5;1;0;-1;20;3;2023;13:45;1;75;75113;2;4;1;3;48.839898;2.361761;4;2;4;2;2;1; -1;1;0;1;30;Indemne;0
202300010553;155 661 851;B01;7;0;2;2;1;1;203 826 103;1;1;1;1;1950.0;5;1;0;-1;20;3;2023;13:45;1;75;75113;2;4;1;3;48.839898;2.361761;4;2;4;3;2;1; -1;1;0;1;30;Indemne;0
202300010555;155 661 846;B01;1;0;2;4;2;5;203 826 093;1;1;4;1;1992.0;0;8;0;-1;29;12;2023;23:30;5;13;13208;2;1;1;2;43.24543;5.37323;4;2;2;0;1;1; -1;1;0;1;50;Blessé léger;4
202300010562;155 661 828;A01;7;2;2;2;2;1;203 826 074;1;1;1;1;1992.0;5;1;-1;-1;9;7;2023;17:30;1;44;44088;1;1;1;2;47.114595;-1.396058;3;-1;2;0;1;1;4;1;0;1;80;Indemne;6
202300010562;155 661 830;B01;1;0;2;8;2;5;203 826 076;1;1;2;1;1988.0;5;2;-1;-1;9;7;2023;17:30;1;44;44088;1;1;1;2;47.114595;-1.396058;3;-1;2;0;1;1;4;1;0;1;80;Tué;6
202300010573;155 661 811;B01;7;0;2;3;15;1;203 826 051;1;1;1;1;1965.0;5;1;0;-1;19;3;2023;20:10;5;75;75108;2;4;1;3;48.880659;2.318324;4;1;1;0;1;1; -1;1;0;1;30;Indemne;6
202300010573;155 661 811;B01;7;0;2;3;15;1;203 826 051;1;1;1;1;1965.0;5;1;0;-1;19;3;2023;20:10;5;75;75108;2;4;1;3;48.880659;2.318324;4;1;1;0;1;1; -1;1;0;1;30;Indemne;6
202300010573;155 661 816;A01;1;0;2;2;5;5;203 826 059;1;1;4;2;2005.0;5;8;0;-1;19;3;2023;20:10;5;75;75108;2;4;1;3;48.880659;2.318324;4;1;1;0;1;1; -1;1;0;1;30;Blessé léger;6
202300010573;155 661 816;A01;1;0;2;2;5;5;203 826 059;1;1;4;2;2005.0;5;8;0;-1;19;3;2023;20:10;5;75;75108;2;4;1;3;48.880659;2.318324;4;1;1;0;1;1; -1;1;0;1;30;Blessé léger;6
202300010585;155 661 793;B01;80;0;2;3;1;3;203 826 032;1;1;4;2;1994.0;5;2;8;-1;29;12;2023;10:25;1;75;75118;2;3;1;3;48.897923;2.338361;4;1;2;1;1;1; -1;1;0;5;30;Blessé léger;4
202300010585;155 661 793;B01;80;0;2;3;1;3;203 826 032;1;1;4;2;1994.0;5;2;8;-1;29;12;2023;10:25;1;75;75118;2;3;1;3;48.897923;2.338361;4;1; -1;-1;1;1; -1;1;0;5;-1;Blessé léger;4
202300010605;155 661 754;A01;1;0;2;2;1;5;203 825 986;1;1;4;1;1971.0;5;2;0;-1;19;3;2023;11:30;1;94;94018;2;3;8;3;48.82835949;2.40497321;4;1;1;-1;1;1; -1;2;0;1;-1;Blessé léger;6
202300010605;155 661 754;A01;1;0;2;2;1;5;203 825 986;1;1;4;1;1971.0;5;2;0;-1;19;3;2023;11:30;1;94;94018;2;3;8;3;48.82835949;2.40497321;4;-1;1;0;1;1; -1;2;0;1;50;Blessé léger;6
202300010606;155 661 750;A01;17;0;0;2;2;1;203 825 980;1;1;1;1;1977.0;4;1;-1;-1;10;7;2023;08:30;1;85;85151;1;9;8;2;46.98365;-0.933639;3;2;2;0;2;1;7;1;0;1;70;Indemne;0
202300010606;155 661 751;B01;1;0;0;4;2;5;203 825 982;1;1;3;2;1978.0;0;2;-1;-1;10;7;2023;08:30;1;85;85151;1;9;8;2;46.98365;-0.933639;3;2;2;0;2;1;7;1;0;1;70;Blessé hospitalisé;0
202300010615;155 661 732;A01;7;0;2;6;15;1;203 825 958;1;1;1;2;1946.0;5;1;8;-1;26;5;2023;13:34;1;74;74010;2;3;1;2;45.89872232;6.11062802;4;2;2;0;2;1; -1;1;0;1;50;Indemne;4
202300010615;155 661 732;A01;7;0;2;6;15;1;203 825 958;1;1;1;2;1946.0;5;1;8;-1;26;5;2023;13:34;1;74;74010;2;3;1;2;45.89872232;6.11062802;4;-1;2;0;1;1; -1;1;0;1;50;Indemne;4
202300010615;155 661 737;B01;1;0;2;1;1;5;203 825 964;1;1;4;1;1971.0;1;2;0;-1;26;5;2023;13:34;1;74;74010;2;3;1;2;45.89872232;6.11062802;4;2;2;0;2;1; -1;1;0;1;50;Blessé léger;4
202300010615;155 661 737;B01;1;0;2;1;1;5;203 825 964;1;1;4;1;1971.0;1;2;0;-1;26;5;2023;13:34;1;74;74010;2;3;1;2;45.89872232;6.11062802;4;-1;2;0;1;1; -1;1;0;1;50;Blessé léger;4
202300010617;155 661 731;B01;1;0;2;0;1;5;203 825 956;1;1;4;1;1992.0;1;2;8;-1;29;12;2023;17:35;5;75;75101;2;1;1;3;48.867984;2.326659;4;1;1;0;1;1; -1;1;0;1;30;Blessé léger;4
202300010617;155 661 735;A01;7;0;2;8;22;1;203 825 961;1;1;1;1;1972.0;4;1;0;-1;29;12;2023;17:35;5;75;75101;2;1;1;3;48.867984;2.326659;4;1;1;0;1;1; -1;1;0;1;30;Indemne;4
202300010623;155 661 719;A01;7;0;2;5;22;1;203 825 939;1;1;1;1;1982.0;4;1;0;-1;20;3;2023;10:15;1;93;93048;2;1;1;3;48.86714492;2.45668083;3;2;2;1;1;1; -1;1;0;5;50;Indemne;0
202300010623;155 661 723;B01;1;1;0;1;1;5;203 825 944;1;1;3;1;1979.0;0;2;0;-1;20;3;2023;10:15;1;93;93048;2;1;1;3;48.86714492;2.45668083;3;2;2;1;1;1; -1;1;0;5;50;Blessé hospitalisé;0
202300010627;155 661 714;A01;7;0;9;1;1;0;203 825 930;1;1;1;1;1999.0;0;8;-1;-1;9;7;2023;05:20;2;72;72300;1;1;1;2;48.002385;0.40393;3;2;2;0;1;1;7;1;0;1;90;Indemne;6