Num_Acc;id_vehicule;num_veh;catv;obs;obsm;choc;manv;motor;id_usager;place;catu;grav;sexe;an_nais;trajet;secu1;secu2;secu3;jour;mois;an;hrmn;lum;dep;com;agg;int;atm;col;lat;long;catr;circ;nbv;vosp;prof;plan;larrout;surf;infra;situ;vma;gravity;day_of_week
202300010627;155 661 716;B01;1;0;0;4;1;5;203 825 934;1;1;3;1;1988.0;9;8;-1;-1;9;7;2023;05:20;2;72;72300;1;1;1;2;48.002385;0.40393;3;2;2;0;1;1;7;1;0;1;90;Blessé hospitalisé;6
202300010632;155 661 708;A01;7;0;2;5;16;1;203 825 924;1;1;1;2;1988.0;3;1;0;-1;19;11;2023;10:35;1;59;59017;2;9;2;6;50.68;2.8866;4;2;2;1;2;1; -1;2;2;1;30;Indemne;6
202300010632;155 661 709;B01;1;0;2;1;1;5;203 825 926;1;1;3;1;1974.0;5;2;0;-1;19;11;2023;10:35;1;59;59017;2;9;2;6;50.68;2.8866;4;2;2;1;2;1; -1;2;2;1;30;Blessé hospitalisé;6
202300010636;155 661 702;B01;1;0;2;0;0;5;203 825 913;1;1;4;2;2007.0;2;8;8;-1;22;11;2023;14:25;1;57;57463;2;1;1;1;49.116918;6.184973;4;3;0;1;1;2; -1;1;9;5;-1;Blessé léger;2
202300010639;155 661 694;B01;1;1;2;7;1;5;203 825 901;2;2;4;2;2017.0;5;3;8;-1;20;3;2023;18:20;1;92;92063;2;1;1;2;48.88237;2.19157;4;1;1;0;1;1; -1;1;0;1;50;Blessé léger;0
202300010639;155 661 694;B01;1;1;2;7;1;5;203 825 902;1;1;4;2;1977.0;5;2;0;-1;20;3;2023;18:20;1;92;92063;2;1;1;2;48.88237;2.19157;4;1;1;0;1;1; -1;1;0;1;50;Blessé léger;0
202300010639;155 661 698;A01;10;0;2;4;4;1;203 825 908;1;1;1;1;2003.0;4;8;0;-1;20;3;2023;18:20;1;92;92063;2;1;1;2;48.88237;2.19157;4;1;1;0;1;1; -1;1;0;1;50;Indemne;0
202300010643;155 661 688;B01;1;0;2;7;1;5;203 825 895;1;1;4;1;2001.0;4;2;0;-1;22;11;2023;09:30;1;51;51454;2;1;1;3;49.241722;4.017348;4;1;1;1;1;1; -1;1;0;1;50;Blessé léger;2
202300010643;155 661 691;A01;7;0;2;1;9;1;203 825 898;1;1;1;2;1969.0;5;1;0;-1;22;11;2023;09:30;1;51;51454;2;1;1;3;49.241722;4.017348;4;1;1;1;1;1; -1;1;0;1;50;Indemne;2
202300010648;155 661 676;B01;80;0;2;7;19;3;203 825 880;1;1;3;1;1938.0;5;2;-1;-1;4;4;2023;15:26;1;73;73084;1;2;1;3;45.5073482;6.0236147;3;2;2;2;1;1;7;1;0;1;80;Blessé hospitalisé;1
202300010648;155 661 676;B01;80;0;2;7;19;3;203 825 880;1;1;3;1;1938.0;5;2;-1;-1;4;4;2023;15:26;1;73;73084;1;2;1;3;45.5073482;6.0236147;3;2;2;0;2;3; -1;1;2;1;80;Blessé hospitalisé;1
202300010648;155 661 680;A01;7;0;2;3;1;1;203 825 885;1;1;1;2;1978.0;3;1;-1;-1;4;4;2023;15:26;1;73;73084;1;2;1;3;45.5073482;6.0236147;3;2;2;2;1;1;7;1;0;1;80;Indemne;1
202300010648;155 661 680;A01;7;0;2;3;1;1;203 825 885;1;1;1;2;1978.0;3;1;-1;-1;4;4;2023;15:26;1;73;73084;1;2;1;3;45.5073482;6.0236147;3;2;2;0;2;3; -1;1;2;1;80;Indemne;1
202300010652;155 661 668;B01;7;0;2;4;26;1;203 825 870;1;1;1;1;1981.0;4;1;0;-1;21;11;2023;17:41;2;41;41018;2;1;2;2;47.58738;1.32817;4;1;1;3;4;1; -1;2;0;1;50;Indemne;1
202300010652;155 661 670;A01;1;0;2;1;2;5;203 825 874;1;1;4;1;1981.0;1;2;0;-1;21;11;2023;17:41;2;41;41018;2;1;2;2;47.58738;1.32817;4;1;1;3;4;1; -1;2;0;1;50;Blessé léger;1
202300010660;155 661 655;B01;40;0;2;3;1;3;203 825 854;1;1;1;1;1975.0;4;8;0;-1;22;11;2023;18:00;5;38;38185;2;9;1;3;45.18857;5.71068;4;2;2;3;1;1; -1;1;4;6;30;Indemne;2
202300010660;155 661 659;A01;1;0;4;3;17;5;203 825 861;1;1;4;2;1983.0;0;8;8;-1;22;11;2023;18:00;5;38;38185;2;9;1;3;45.18857;5.71068;4;2;2;3;1;1; -1;1;4;6;30;Blessé léger;2
202300010669;155 661 638;A01;1;0;1;1;1;5;203 825 831;1;1;4;1;2009.0;2;8;0;-1;22;11;2023;12:15;1;37;37261;2;1;1;6;47.39355;0.693;4;2;1;0;1;1; -1;1;0;1;30;Blessé léger;2
202300010669;155 661 638;A01;1;0;1;1;1;5;203 825 834;10;3;4;2;1975.0;1;0;-1;-1;22;11;2023;12:15;1;37;37261;2;1;1;6;47.39355;0.693;4;2;1;0;1;1; -1;1;0;1;30;Blessé léger;2
202300010673;155 661 628;B01;1;0;0;8;26;5;203 825 819;1;1;4;1;1970.0;5;8;0;-1;29;12;2023;18:20;5;92;92046;2;3;8;3;48.81931737;2.30448537;3;2;2;0;1;1; -1;2;0;1;50;Blessé léger;4
202300010673;155 661 628;B01;1;0;0;8;26;5;203 825 819;1;1;4;1;1970.0;5;8;0;-1;29;12;2023;18:20;5;92;92046;2;3;8;3;48.81931737;2.30448537;3;1;1;0;1;1; -1;2;0;1;50;Blessé léger;4
202300010673;155 661 634;A01;30;0;0;1;1;1;203 825 826;1;1;1;1;2003.0;5;2;6;-1;29;12;2023;18:20;5;92;92046;2;3;8;3;48.81931737;2.30448537;3;2;2;0;1;1; -1;2;0;1;50;Indemne;4
202300010673;155 661 634;A01;30;0;0;1;1;1;203 825 826;1;1;1;1;2003.0;5;2;6;-1;29;12;2023;18:20;5;92;92046;2;3;8;3;48.81931737;2.30448537;3;1;1;0;1;1; -1;2;0;1;50;Indemne;4
202300010692;155 661 597;B01;80;0;2;1;1;3;203 825 775;1;1;4;1;1998.0;9;0;-1;-1;22;11;2023;17:30;1;33;33318;2;1;1;3;44.80152;-0.63122;4;2;2;0;1;1; -1;1;0;1;50;Blessé léger;2
202300010692;155 661 600;A01;7;0;2;7;20;1;203 825 779;1;1;1;1;1972.0;5;1;-1;-1;22;11;2023;17:30;1;33;33318;2;1;1;3;44.80152;-0.63122;4;2;2;0;1;1; -1;1;0;1;50;Indemne;2
202300010709;155 661 572;B01;1;0;2;1;9;5;203 825 744;1;1;4;1;1989.0;0;2;0;-1;15;8;2023;06:45;1;74;74298;2;6;1;3;46.186784;6.257519;4;2;2;0;2;1; -1;1;5;1;50;Blessé léger;1
202300010709;155 661 572;B01;1;0;2;1;9;5;203 825 744;1;1;4;1;1989.0;0;2;0;-1;15;8;2023;06:45;1;74;74298;2;6;1;3;46.186784;6.257519;4;2;2;0;2;1; -1;1;5;1;50;Blessé léger;1
202300010709;155 661 576;A01;7;0;2;8;9;0;203 825 747;1;1;1;2;1980.0;0;0;-1;-1;15;8;2023;06:45;1;74;74298;2;6;1;3;46.186784;6.257519;4;2;2;0;2;1; -1;1;5;1;50;Indemne;1
202300010709;155 661 576;A01;7;0;2;8;9;0;203 825 747;1;1;1;2;1980.0;0;0;-1;-1;15;8;2023;06:45;1;74;74298;2;6;1;3;46.186784;6.257519;4;2;2;0;2;1; -1;1;5;1;50;Indemne;1
202300010721;155 661 552;A01;7;0;2;3;16;1;203 825 716;1;1;1;1;1945.0;5;1;8;-1;15;8;2023;08:45;1;64;64445;2;2;8;3;43.33113;-0.3796;4;2;2;0;1;1; -1;1;0;1;50;Indemne;1
202300010721;155 661 552;A01;7;0;2;3;16;1;203 825 716;1;1;1;1;1945.0;5;1;8;-1;15;8;2023;08:45;1;64;64445;2;2;8;3;43.33113;-0.3796;4;3;2;0;1;1; -1;1;0;1;50;Indemne;1
202300010721;155 661 556;B01;1;0;2;7;1;5;203 825 720;1;1;4;1;2003.0;1;2;0;-1;15;8;2023;08:45;1;64;64445;2;2;8;3;43.33113;-0.3796;4;2;2;0;1;1; -1;1;0;1;50;Blessé léger;1
202300010721;155 661 556;B01;1;0;2;7;1;5;203 825 720;1;1;4;1;2003.0;1;2;0;-1;15;8;2023;08:45;1;64;64445;2;2;8;3;43.33113;-0.3796;4;3;2;0;1;1; -1;1;0;1;50;Blessé léger;1
202300010738;155 661 517;B01;1;0;2;1;1;5;203 825 669;1;1;4;2;1971.0;1;0;-1;-1;10;8;2023;07:35;1;62;62193;2;2;7;1;50.94707;1.84826;4;2;2;1;1;1; -1;1;0;1;50;Blessé léger;3
202300010738;155 661 517;B01;1;0;2;1;1;5;203 825 669;1;1;4;2;1971.0;1;0;-1;-1;10;8;2023;07:35;1;62;62193;2;2;7;1;50.94707;1.84826;4;1;1;0;1;1; -1;1;0;1;50;Blessé léger;3
202300010738;155 661 521;A01;7;0;2;1;15;1;203 825 674;1;1;1;2;1971.0;1;8;0;-1;10;8;2023;07:35;1;62;62193;2;2;7;1;50.94707;1.84826;4;2;2;1;1;1; -1;1;0;1;50;Indemne;3
202300010738;155 661 521;A01;7;0;2;1;15;1;203 825 674;1;1;1;2;1971.0;1;8;0;-1;10;8;2023;07:35;1;62;62193;2;2;7;1;50.94707;1.84826;4;1;1;0;1;1; -1;1;0;1;50;Indemne;3
202300010742;155 661 505;B01;1;0;2;3;1;5;203 825 648;1;1;3;1;1951.0;5;2;0;-1;15;8;2023;18:50;1;62;62160;2;3;7;3;50.71697;1.59291;3;2;2;1;1;1; -1;1;0;5;50;Blessé hospitalisé;1
202300010742;155 661 505;B01;1;0;2;3;1;5;203 825 648;1;1;3;1;1951.0;5;2;0;-1;15;8;2023;18:50;1;62;62160;2;3;7;3;50.71697;1.59291;3;2;3;0;4;1; -1;1;0;5;50;Blessé hospitalisé;1
202300010742;155 661 509;A01;7;0;9;3;15;1;203 825 653;2;2;1;2;1996.0;5;1;0;-1;15;8;2023;18:50;1;62;62160;2;3;7;3;50.71697;1.59291;3;2;2;1;1;1; -1;1;0;5;50;Indemne;1
202300010742;155 661 509;A01;7;0;9;3;15;1;203 825 653;2;2;1;2;1996.0;5;1;0;-1;15;8;2023;18:50;1;62;62160;2;3;7;3;50.71697;1.59291;3;2;3;0;4;1; -1;1;0;5;50;Indemne;1
202300010742;155 661 509;A01;7;0;9;3;15;1;203 825 658;3;2;1;2;1987.0;5;1;0;-1;15;8;2023;18:50;1;62;62160;2;3;7;3;50.71697;1.59291;3;2;2;1;1;1; -1;1;0;5;50;Indemne;1
202300010742;155 661 509;A01;7;0;9;3;15;1;203 825 658;3;2;1;2;1987.0;5;1;0;-1;15;8;2023;18:50;1;62;62160;2;3;7;3;50.71697;1.59291;3;2;3;0;4;1; -1;1;0;5;50;Indemne;1
202300010742;155 661 509;A01;7;0;9;3;15;1;203 825 660;1;1;1;2;1998.0;5;1;0;-1;15;8;2023;18:50;1;62;62160;2;3;7;3;50.71697;1.59291;3;2;2;1;1;1; -1;1;0;5;50;Indemne;1
202300010742;155 661 509;A01;7;0;9;3;15;1;203 825 660;1;1;1;2;1998.0;5;1;0;-1;15;8;2023;18:50;1;62;62160;2;3;7;3;50.71697;1.59291;3;2;3;0;4;1; -1;1;0;5;50;Indemne;1
202300010752;155 661 491;B01;1;0;2;3;1;5;203 825 625;1;1;4;1;1982.0;5;2;6;-1;14;8;2023;11:50;1;61;61169;2;2;1;3;48.731924;-0.58335;4;2;2;1;1;1; -1;1;0;1;50;Blessé léger;0
202300010752;155 661 491;B01;1;0;2;3;1;5;203 825 625;1;1;4;1;1982.0;5;2;6;-1;14;8;2023;11:50;1;61;61169;2;2;1;3;48.731924;-0.58335;4;2;2;1;2;1; -1;1;0;1;50;Blessé léger;0
202300010752;155 661 495;A01;7;0;2;2;19;1;203 825 629;1;1;1;1;1979.0;5;1;-1;-1;14;8;2023;11:50;1;61;61169;2;2;1;3;48.731924;-0.58335;4;2;2;1;1;1; -1;1;0;1;50;Indemne;0
202300010752;155 661 495;A01;7;0;2;2;19;1;203 825 629;1;1;1;1;1979.0;5;1;-1;-1;14;8;2023;11:50;1;61;61169;2;2;1;3;48.731924;-0.58335;4;2;2;1;2;1; -1;1;0;1;50;Indemne;0
202300010764;155 661 474;B01;1;0;2;8;19;5;203 825 598;1;1;3;1;1953.0;5;2;-1;-1;21;3;2023;16:20;1;38;38434;1;3;1;3;45.514625;5.525179;3;2;2;0;1;1; -1;1;0;1;80;Blessé hospitalisé;1
202300010764;155 661 474;B01;1;0;2;8;19;5;203 825 598;1;1;3;1;1953.0;5;2;-1;-1;21;3;2023;16:20;1;38;38434;1;3;1;3;45.514625;5.525179;3;2;2;0;1;1; -1;1;0;1;80;Blessé hospitalisé;1
202300010764;155 661 478;A01;10;0;9;3;1;1;203 825 603;1;1;1;1;1987.0;4;1;-1;-1;21;3;2023;16:20;1;38;38434;1;3;1;3;45.514625;5.525179;3;2;2;0;1;1; -1;1;0;1;80;Indemne;1
202300010764;155 661 478;A01;10;0;9;3;1;1;203 825 603;1;1;1;1;1987.0;4;1;-1;-1;21;3;2023;16:20;1;38;38434;1;3;1;3;45.514625;5.525179;3;2;2;0;1;1; -1;1;0;1;80;Indemne;1
202300010806;155 661 398;A01;7;0;9;2;2;0;203 825 483;1;1;1;1;1969.0;1;1;-1;-1;8;7;2023;07:42;1;13;13007;2;1;1;2;43.369392;5.657305;3;2;2;0;1;1;6,5;1;0;1;50;Indemne;5
202300010806;155 661 401;B01;1;0;0;4;2;5;203 825 489;1;1;3;1;1964.0;5;2;-1;-1;8;7;2023;07:42;1;13;13007;2;1;1;2;43.369392;5.657305;3;2;2;0;1;1;6,5;1;0;1;50;Blessé hospitalisé;5
202300010833;155 661 355;A01;7;0;9;1;9;1;203 825 422;1;1;4;1;1971.0;0;8;0;-1;27;7;2023;11:11;1;11;11262;2;6;1;2;43.175832;3.0262;4;-1;2;0;1;1; -1;1;5;1;50;Blessé léger;3
202300010833;155 661 358;B01;1;0;2;8;2;5;203 825 426;1;1;3;1;1955.0;5;2;0;-1;27;7;2023;11:11;1;11;11262;2;6;1;2;43.175832;3.0262;4;-1;2;0;1;1; -1;1;5;1;50;Blessé hospitalisé;3
202300010837;155 661 351;B01;7;0;2;5;1;2;203 825 418;1;1;1;2;1989.0;3;1;-1;-1;4;6;2023;12:00;1;54;54111;1;1;1;2;48.64390119;6.07972026;4;2;2;0;1;1; -1;1;0;1;70;Indemne;6
202300010837;155 661 354;A01;1;0;2;4;1;5;203 825 421;1;1;3;2;1960.0;5;2;-1;-1;4;6;2023;12:00;1;54;54111;1;1;1;2;48.64390119;6.07972026;4;2;2;0;1;1; -1;1;0;1;70;Blessé hospitalisé;6
202300010844;155 661 333;A01;7;0;9;2;16;1;203 825 390;1;1;1;2;1962.0;3;1;-1;-1;7;7;2023;09:40;1;38;38474;2;2;1;3;45.219683;5.66107;4;2;2;1;1;1; -1;1;0;1;50;Indemne;4
202300010844;155 661 333;A01;7;0;9;2;16;1;203 825 390;1;1;1;2;1962.0;3;1;-1;-1;7;7;2023;09:40;1;38;38474;2;2;1;3;45.219683;5.66107;4;2;2;1;1;1; -1;1;0;8;50;Indemne;4
202300010844;155 661 336;B01;1;0;0;7;17;5;203 825 395;1;1;4;2;1961.0;5;2;-1;-1;7;7;2023;09:40;1;38;38474;2;2;1;3;45.219683;5.66107;4;2;2;1;1;1; -1;1;0;1;50;Blessé léger;4
202300010844;155 661 336;B01;1;0;0;7;17;5;203 825 395;1;1;4;2;1961.0;5;2;-1;-1;7;7;2023;09:40;1;38;38474;2;2;1;3;45.219683;5.66107;4;2;2;1;1;1; -1;1;0;8;50;Blessé léger;4
202300010848;155 661 324;B01;1;0;2;1;1;5;203 825 377;1;1;1;1;2007.0;5;2;8;-1;15;8;2023;15:00;1;75;75105;2;3;1;1;48.853317;2.345905;4;-1; -1;-1;1;1; -1;1;0;5;30;Indemne;1
202300010848;155 661 324;B01;1;0;2;1;1;5;203 825 377;1;1;1;1;2007.0;5;2;8;-1;15;8;2023;15:00;1;75;75105;2;3;1;1;48.853317;2.345905;4;2;1;1;1;1; -1;1;0;5;20;Indemne;1
202300010848;155 661 329;A01;1;0;2;1;1;5;203 825 381;1;1;4;1;1961.0;9;2;8;-1;15;8;2023;15:00;1;75;75105;2;3;1;1;48.853317;2.345905;4;-1; -1;-1;1;1; -1;1;0;5;30;Blessé léger;1
202300010848;155 661 329;A01;1;0;2;1;1;5;203 825 381;1;1;4;1;1961.0;9;2;8;-1;15;8;2023;15:00;1;75;75105;2;3;1;1;48.853317;2.345905;4;2;1;1;1;1; -1;1;0;5;20;Blessé léger;1
202300010859;155 661 303;A01;7;0;9;2;15;1;203 825 355;1;1;1;2;1992.0;1;1;-1;-1;15;3;2023;16:30;1;06;06147;2;1;1;1;43.785554;7.271624;7;2;2;0;1;3;5,5;1;0;1;50;Indemne;2
202300010859;155 661 305;B01;1;0;2;1;1;5;203 825 357;1;1;4;1;1996.0;5;2;-1;-1;15;3;2023;16:30;1;06;06147;2;1;1;1;43.785554;7.271624;7;2;2;0;1;3;5,5;1;0;1;50;Blessé léger;2
202300010868;155 661 281;A01;7;0;0;2;9;1;203 825 324;2;2;1;2;1991.0;9;1;-1;-1;7;7;2023;17:00;1;59;59416;2;2;1;3;50.703807;2.524098;3;2;2;1;1;1;7;1;0;5;50;Indemne;4
202300010868;155 661 281;A01;7;0;0;2;9;1;203 825 324;2;2;1;2;1991.0;9;1;-1;-1;7;7;2023;17:00;1;59;59416;2;2;1;3;50.703807;2.524098;3;2;2;1;1;1; -1;1;0;5;50;Indemne;4
202300010868;155 661 281;A01;7;0;0;2;9;1;203 825 328;1;1;1;1;1990.0;9;1;-1;-1;7;7;2023;17:00;1;59;59416;2;2;1;3;50.703807;2.524098;3;2;2;1;1;1;7;1;0;5;50;Indemne;4
202300010868;155 661 281;A01;7;0;0;2;9;1;203 825 328;1;1;1;1;1990.0;9;1;-1;-1;7;7;2023;17:00;1;59;59416;2;2;1;3;50.703807;2.524098;3;2;2;1;1;1; -1;1;0;5;50;Indemne;4
202300010868;155 661 288;B01;1;0;0;1;1;5;203 825 336;1;1;3;2;1957.0;5;2;-1;-1;7;7;2023;17:00;1;59;59416;2;2;1;3;50.703807;2.524098;3;2;2;1;1;1;7;1;0;5;50;Blessé hospitalisé;4
202300010868;155 661 288;B01;1;0;0;1;1;5;203 825 336;1;1;3;2;1957.0;5;2;-1;-1;7;7;2023;17:00;1;59;59416;2;2;1;3;50.703807;2.524098;3;2;2;1;1;1; -1;1;0;5;50;Blessé hospitalisé;4
202300010869;155 661 279;A01;1;0;2;1;5;5;203 825 320;1;1;4;1;1985.0;5;2;8;-1;15;8;2023;18:30;1;92;92033;2;2;1;3;48.84268649;2.1864152;4;1;1;0;2;1; -1;1;0;1;50;Blessé léger;1
202300010869;155 661 283;B01;7;0;2;3;15;1;203 825 327;1;1;1;1;1967.0;3;1;0;-1;15;8;2023;18:30;1;92;92033;2;2;1;3;48.84268649;2.1864152;4;1;1;0;2;1; -1;1;0;1;50;Indemne;1
202300010871;155 661 277;A01;1;0;0;0;1;5;203 825 319;1;1;4;1;1972.0;1;8;0;-1;22;11;2023;18:30;5;75;75107;2;1;9;7;48.86276;2.2999;4;2;1;3;1;1; -1;1;0;1;-1;Blessé léger;2
202300010898;155 661 228;A01;7;0;9;1;15;1;203 825 248;1;1;1;1;1995.0;1;1;0;-1;22;11;2023;21:15;5;94;94016;2;9;1;1;48.79587;2.33535;3;2;2;0;2;1;7;1;5;1;30;Indemne;2
202300010898;155 661 228;A01;7;0;9;1;15;1;203 825 248;1;1;1;1;1995.0;1;1;0;-1;22;11;2023;21:15;5;94;94016;2;9;1;1;48.79587;2.33535;3;-1; -1;0;1;1; -1;1;5;1;-1;Indemne;2
202300010898;155 661 228;A01;7;0;9;1;15;1;203 825 249;2;2;1;2;1964.0;0;1;0;-1;22;11;2023;21:15;5;94;94016;2;9;1;1;48.79587;2.33535;3;2;2;0;2;1;7;1;5;1;30;Indemne;2
202300010898;155 661 228;A01;7;0;9;1;15;1;203 825 249;2;2;1;2;1964.0;0;1;0;-1;22;11;2023;21:15;5;94;94016;2;9;1;1;48.79587;2.33535;3;-1; -1;0;1;1; -1;1;5;1;-1;Indemne;2
202300010898;155 661 233;B01;1;0;2;1;2;5;203 825 256;1;1;4;1;1983.0;1;8;0;-1;22;11;2023;21:15;5;94;94016;2;9;1;1;48.79587;2.33535;3;2;2;0;2;1;7;1;5;1;30;Blessé léger;2
202300010898;155 661 233;B01;1;0;2;1;2;5;203 825 256;1;1;4;1;1983.0;1;8;0;-1;22;11;2023;21:15;5;94;94016;2;9;1;1;48.79587;2.33535;3;-1; -1;0;1;1; -1;1;5;1;-1;Blessé léger;2
202300010926;155 661 171;B01;1;0;2;0;1;5;203 825 180;1;1;4;1;1970.0;5;0;-1;-1;27;4;2023;17:20;1;43;43046;2;1;1;6;45.06681;3.90344;4;1;1;0;1;1; -1;1;0;1;50;Blessé léger;3
202300010926;155 661 175;A01;50;0;2;0;15;3;203 825 186;1;1;4;1;2011.0;5;0;-1;-1;27;4;2023;17:20;1;43;43046;2;1;1;6;45.06681;3.90344;4;1;1;0;1;1; -1;1;0;1;50;Blessé léger;3
202300010941;155 661 147;A01;1;0;2;3;19;5;203 825 151;1;1;4;2;2001.0;9;8;0;-1;8;7;2023;01:25;5;75;75107;2;2;1;3;48.851647;2.312532;4;1;1;0;1;1; -1;1;0;1;30;Blessé léger;5
202300010941;155 661 147;A01;1;0;2;3;19;5;203 825 151;1;1;4;2;2001.0;9;8;0;-1;8;7;2023;01:25;5;75;75107;2;2;1;3;48.851647;2.312532;4;1;2;0;1;1; -1;1;0;1;30;Blessé léger;5
202300010941;155 661 150;B01;7;0;2;1;1;2;203 825 154;1;1;1;1;1978.0;4;8;0;-1;8;7;2023;01:25;5;75;75107;2;2;1;3;48.851647;2.312532;4;1;1;0;1;1; -1;1;0;1;30;Indemne;5
202300010941;155 661 150;B01;7;0;2;1;1;2;203 825 154;1;1;1;1;1978.0;4;8;0;-1;8;7;2023;01:25;5;75;75107;2;2;1;3;48.851647;2.312532;4;1;2;0;1;1; -1;1;0;1;30;Indemne;5
202300010949;155 661 128;A01;1;0;2;1;1;5;203 825 124;1;1;4;1;1994.0;4;0;-1;-1;14;8;2023;12:15;1;69;69149;2;3;1;3;45.71508;4.80803;4;1;1;2;1;1; -1;1;0;1;30;Blessé léger;0
202300010949;155 661 128;A01;1;0;2;1;1;5;203 825 124;1;1;4;1;1994.0;4;0;-1;-1;14;8;2023;12:15;1;69;69149;2;3;1;3;45.71508;4.80803;4;2;2;0;2;1; -1;1;0;1;30;Blessé léger;0
202300010949;155 661 132;B01;7;0;2;3;1;3;203 825 132;1;1;1;1;1966.0;1;1;-1;-1;14;8;2023;12:15;1;69;69149;2;3;1;3;45.71508;4.80803;4;1;1;2;1;1; -1;1;0;1;30;Indemne;0
202300010949;155 661 132;B01;7;0;2;3;1;3;203 825 132;1;1;1;1;1966.0;1;1;-1;-1;14;8;2023;12:15;1;69;69149;2;3;1;3;45.71508;4.80803;4;2;2;0;2;1; -1;1;0;1;30;Indemne;0
202300010966;155 661 098;A01;7;0;2;2;26;1;203 825 083;2;2;1;1;2002.0;0;1;8;-1;7;7;2023;18:10;3;974;97411;2;2;1;3;-20.90614;55.50215;4;2;2;0;1;1; -1;1;5;1;50;Indemne;4
202300010966;155 661 098;A01;7;0;2;2;26;1;203 825 083;2;2;1;1;2002.0;0;1;8;-1;7;7;2023;18:10;3;974;97411;2;2;1;3;-20.90614;55.50215;4;1;1;0;2;1; -1;1;5;1;50;Indemne;4
202300010966;155 661 098;A01;7;0;2;2;26;1;203 825 085;1;1;1;1;2001.0;5;1;8;-1;7;7;2023;18:10;3;974;97411;2;2;1;3;-20.90614;55.50215;4;2;2;0;1;1; -1;1;5;1;50;Indemne;4
202300010966;155 661 098;A01;7;0;2;2;26;1;203 825 085;1;1;1;1;2001.0;5;1;8;-1;7;7;2023;18:10;3;974;97411;2;2;1;3;-20.90614;55.50215;4;1;1;0;2;1; -1;1;5;1;50;Indemne;4
202300010966;155 661 104;B01;1;0;2;1;1;5;203 825 097;1;1;4;1;1988.0;5;8;0;-1;7;7;2023;18:10;3;974;97411;2;2;1;3;-20.90614;55.50215;4;2;2;0;1;1; -1;1;5;1;50;Blessé léger;4
202300010966;155 661 104;B01;1;0;2;1;1;5;203 825 097;1;1;4;1;1988.0;5;8;0;-1;7;7;2023;18:10;3;974;97411;2;2;1;3;-20.90614;55.50215;4;1;1;0;2;1; -1;1;5;1;50;Blessé léger;4
202300010968;155 661 097;A01;1;0;1;7;1;5;203 825 082;1;1;4;2;1968.0;1;2;0;-1;19;9;2023;18:30;1;75;75110;2;2;1;6;48.872271;2.355908;4;1;5;1;1;1; -1;1;0;5;30;Blessé léger;1
202300010968;155 661 097;A01;1;0;1;7;1;5;203 825 082;1;1;4;2;1968.0;1;2;0;-1;19;9;2023;18:30;1;75;75110;2;2;1;6;48.872271;2.355908;4;-1; -1;1;1;1; -1;1;0;5;30;Blessé léger;1
202300010968;155 661 097;A01;1;0;1;7;1;5;203 825 087;10;3;4;1;2003.0;9;0;-1;-1;19;9;2023;18:30;1;75;75110;2;2;1;6;48.872271;2.355908;4;1;5;1;1;1; -1;1;0;5;30;Blessé léger;1
202300010968;155 661 097;A01;1;0;1;7;1;5;203 825 087;10;3;4;1;2003.0;9;0;-1;-1;19;9;2023;18:30;1;75;75110;2;2;1;6;48.872271;2.355908;4;-1; -1;1;1;1; -1;1;0;5;30;Blessé léger;1
202300010974;155 661 087;A01;1;0;1;1;21;5;203 825 069;1;1;1;1;2005.0;2;8;8;-1;19;9;2023;07:50;2;75;75109;2;2;1;6;48.875889;2.339872;4;-1; -1;2;1;1; -1;1;5;5;30;Indemne;1
202300010974;155 661 087;A01;1;0;1;1;21;5;203 825 069;1;1;1;1;2005.0;2;8;8;-1;19;9;2023;07:50;2;75;75109;2;2;1;6;48.875889;2.339872;4;2;4;2;1;1; -1;1;5;5;30;Indemne;1
202300010974;155 661 087;A01;1;0;1;1;21;5;203 825 071;10;3;4;2;1990.0;1;0;-1;-1;19;9;2023;07:50;2;75;75109;2;2;1;6;48.875889;2.339872;4;-1; -1;2;1;1; -1;1;5;5;30;Blessé léger;1
202300010974;155 661 087;A01;1;0;1;1;21;5;203 825 071;10;3;4;2;1990.0;1;0;-1;-1;19;9;2023;07:50;2;75;75109;2;2;1;6;48.875889;2.339872;4;2;4;2;1;1; -1;1;5;5;30;Blessé léger;1
202300010979;155 661 081;B01;1;9;2;0;25;5;203 825 061;1;1;4;1;1960.0;5;8;0;-1;28;12;2023;08:35;1;972;97209;2;1;1;1;14.60635;-61.07041;4;1;1;0;1;1; -1;1;0;4;30;Blessé léger;3
202300010987;155 661 068;A01;80;0;1;1;1;3;203 825 044;10;3;1;2;2011.0;2;0;-1;-1;19;9;2023;08:05;1;75;75107;2;3;1;6;48.859032;2.304255;4;1; -1;0;1;1; -1;1;0;1;30;Indemne;1
202300010987;155 661 068;A01;80;0;1;1;1;3;203 825 044;10;3;1;2;2011.0;2;0;-1;-1;19;9;2023;08:05;1;75;75107;2;3;1;6;48.859032;2.304255;4;1;1;0;1;1; -1;1;0;1;30;Indemne;1
202300010987;155 661 068;A01;80;0;1;1;1;3;203 825 046;1;1;4;1;1970.0;1;8;0;-1;19;9;2023;08:05;1;75;75107;2;3;1;6;48.859032;2.304255;4;1; -1;0;1;1; -1;1;0;1;30;Blessé léger;1