Num_Acc;id_vehicule;num_veh;catv;obs;obsm;choc;manv;motor;id_usager;place;catu;grav;sexe;an_nais;trajet;secu1;secu2;secu3;jour;mois;an;hrmn;lum;dep;com;agg;int;atm;col;lat;long;catr;circ;nbv;vosp;prof;plan;larrout;surf;infra;situ;vma;gravity;day_of_week
202300010987;155 661 068;A01;80;0;1;1;1;3;203 825 046;1;1;4;1;1970.0;1;8;0;-1;19;9;2023;08:05;1;75;75107;2;3;1;6;48.859032;2.304255;4;1;1;0;1;1; -1;1;0;1;30;Blessé léger;1
202300010993;155 661 056;A01;80;0;0;1;1;3;203 825 027;1;1;4;1;1993.0;5;8;0;-1;19;9;2023;20:00;5;75;75102;2;3;1;7;48.86977734;2.35227048;4;2;2;1;1;1; -1;1;0;5;30;Blessé léger;1
202300010993;155 661 056;A01;80;0;0;1;1;3;203 825 027;1;1;4;1;1993.0;5;8;0;-1;19;9;2023;20:00;5;75;75102;2;3;1;7;48.86977734;2.35227048;4;1;0;0;1;1; -1;1;0;5;30;Blessé léger;1
202300011006;155 661 031;B01;1;0;2;0;1;5;203 824 988;1;1;3;1;1943.0;9;8;0;-1;6;7;2023;11:30;1;971;97107;2;3;1;7;16.04107041;-61.56641722;3;-1;0;0;1;3; -1;1;0;1;50;Blessé hospitalisé;3
202300011006;155 661 031;B01;1;0;2;0;1;5;203 824 988;1;1;3;1;1943.0;9;8;0;-1;6;7;2023;11:30;1;971;97107;2;3;1;7;16.04107041;-61.56641722;3;2;0;0;1;1; -1;1;0;1;50;Blessé hospitalisé;3
202300011006;155 661 033;A01;7;0;0;0;13;1;203 824 992;1;1;1;2;1955.0;0;1;0;-1;6;7;2023;11:30;1;971;97107;2;3;1;7;16.04107041;-61.56641722;3;-1;0;0;1;3; -1;1;0;1;50;Indemne;3
202300011006;155 661 033;A01;7;0;0;0;13;1;203 824 992;1;1;1;2;1955.0;0;1;0;-1;6;7;2023;11:30;1;971;97107;2;3;1;7;16.04107041;-61.56641722;3;2;0;0;1;1; -1;1;0;1;50;Indemne;3
202300011024;155 661 003;B01;1;0;2;4;1;0;203 824 953;1;1;3;1;1991.0;5;8;-1;-1;14;8;2023;20:40;1;69;69266;2;1;1;2;45.78424123;4.86009508;4;2;4;0;1;1; -1;1;0;1;50;Blessé hospitalisé;0
202300011026;155 661 001;Y01;1;0;2;8;1;5;203 824 951;1;1;4;2;1981.0;5;8;0;-1;19;9;2023;12:50;1;94;94041;2;2;1;3;48.81669;2.39532;3;1;2;0;1;1; -1;1;0;1;50;Blessé léger;1
202300011026;155 661 001;Y01;1;0;2;8;1;5;203 824 951;1;1;4;2;1981.0;5;8;0;-1;19;9;2023;12:50;1;94;94041;2;2;1;3;48.81669;2.39532;3;2;2;1;1;1; -1;1;0;1;50;Blessé léger;1
202300011041;155 660 966;A01;1;0;1;1;21;5;203 824 890;10;3;4;1;2011.0;0;8;8;-1;19;9;2023;15:45;1;94;94002;2;1;1;6;48.8026;2.4215;4;1;1;0;1;1; -1;1;0;1;30;Blessé léger;1
202300011041;155 660 966;A01;1;0;1;1;21;5;203 824 891;1;1;4;1;2011.0;0;8;0;-1;19;9;2023;15:45;1;94;94002;2;1;1;6;48.8026;2.4215;4;1;1;0;1;1; -1;1;0;1;30;Blessé léger;1
202300011069;155 660 917;B01;1;0;2;4;9;5;203 824 829;1;1;4;1;1970.0;5;8;0;-1;14;8;2023;13:45;1;37;37208;2;1;1;2;47.36938;0.71877;4;2;4;2;1;1; -1;1;0;1;50;Blessé léger;0
202300011069;155 660 920;A01;7;0;2;1;1;1;203 824 830;1;1;1;1;1989.0;5;1;0;-1;14;8;2023;13:45;1;37;37208;2;1;1;2;47.36938;0.71877;4;2;4;2;1;1; -1;1;0;1;50;Indemne;0
202300011073;155 660 912;A01;32;1;2;1;1;1;203 824 822;1;1;1;1;1976.0;0;2;0;-1;19;9;2023;09:10;1;93;93048;2;3;1;3;48.85852826;2.43164485;3;2;2;2;1;1; -1;1;0;1;50;Indemne;1
202300011073;155 660 912;A01;32;1;2;1;1;1;203 824 822;1;1;1;1;1976.0;0;2;0;-1;19;9;2023;09:10;1;93;93048;2;3;1;3;48.85852826;2.43164485;3;1;1;2;1;1; -1;1;0;1;-1;Indemne;1
202300011073;155 660 914;B01;1;1;2;8;1;5;203 824 826;1;1;4;1;1994.0;0;8;0;-1;19;9;2023;09:10;1;93;93048;2;3;1;3;48.85852826;2.43164485;3;2;2;2;1;1; -1;1;0;1;50;Blessé léger;1
202300011073;155 660 914;B01;1;1;2;8;1;5;203 824 826;1;1;4;1;1994.0;0;8;0;-1;19;9;2023;09:10;1;93;93048;2;3;1;3;48.85852826;2.43164485;3;1;1;2;1;1; -1;1;0;1;-1;Blessé léger;1
202300011086;155 660 888;B01;7;0;2;2;5;1;203 824 792;1;1;1;1;1996.0;1;1;8;-1;19;9;2023;22:10;5;93;93070;2;1;1;6;48.91863;2.32884;3;2;2;2;1;1;9;1;2;1;50;Indemne;1
202300011086;155 660 891;A01;1;0;2;8;14;5;203 824 796;1;1;4;1;1999.0;1;8;8;-1;19;9;2023;22:10;5;93;93070;2;1;1;6;48.91863;2.32884;3;2;2;2;1;1;9;1;2;1;50;Blessé léger;1
202300011097;155 660 872;B01;1;0;2;8;1;5;203 824 768;1;1;4;1;1996.0;4;0;-1;-1;19;3;2023;21:00;2;03;03190;2;6;1;3;46.56934;3.32536;3;4;2;1;1;2; -1;1;0;5;50;Blessé léger;6
202300011097;155 660 874;A01;7;0;2;7;16;1;203 824 770;1;1;4;1;2002.0;3;1;0;-1;19;3;2023;21:00;2;03;03190;2;6;1;3;46.56934;3.32536;3;4;2;1;1;2; -1;1;0;5;50;Blessé léger;6
202300011106;155 660 855;A01;1;1;0;3;21;5;203 824 747;1;1;4;2;1994.0;4;2;8;-1;19;3;2023;09:50;1;75;75105;2;1;1;6;48.852294;2.34364;4;2;4;1;1;1; -1;1;-1;5;30;Blessé léger;6
202300011107;155 660 854;A01;1;0;1;1;1;5;203 824 744;1;1;4;1;1983.0;5;8;0;-1;14;8;2023;13:01;1;75;75111;2;4;1;6;48.856333;2.370893;4;3;6;1;1;1; -1;1;0;1;30;Blessé léger;0
202300011107;155 660 854;A01;1;0;1;1;1;5;203 824 744;1;1;4;1;1983.0;5;8;0;-1;14;8;2023;13:01;1;75;75111;2;4;1;6;48.856333;2.370893;4;2;1;2;1;1; -1;1;0;1;30;Blessé léger;0
202300011107;155 660 854;A01;1;0;1;1;1;5;203 824 746;10;3;1;1;1996.0;4;0;-1;-1;14;8;2023;13:01;1;75;75111;2;4;1;6;48.856333;2.370893;4;3;6;1;1;1; -1;1;0;1;30;Indemne;0
202300011107;155 660 854;A01;1;0;1;1;1;5;203 824 746;10;3;1;1;1996.0;4;0;-1;-1;14;8;2023;13:01;1;75;75111;2;4;1;6;48.856333;2.370893;4;2;1;2;1;1; -1;1;0;1;30;Indemne;0
202300011111;155 660 848;A01;50;0;2;1;13;3;203 824 738;1;1;4;1;1988.0;1;2;0;-1;14;8;2023;07:20;1;75;75105;2;3;1;1;48.846846;2.360984;4;1; -1;-1;1;1; -1;1;0;1;30;Blessé léger;0
202300011111;155 660 848;A01;50;0;2;1;13;3;203 824 738;1;1;4;1;1988.0;1;2;0;-1;14;8;2023;07:20;1;75;75105;2;3;1;1;48.846846;2.360984;4;2;2;1;1;1; -1;1;0;6;25;Blessé léger;0
202300011111;155 660 850;B01;80;0;2;1;1;3;203 824 740;1;1;4;2;1996.0;9;8;0;-1;14;8;2023;07:20;1;75;75105;2;3;1;1;48.846846;2.360984;4;1; -1;-1;1;1; -1;1;0;1;30;Blessé léger;0
202300011111;155 660 850;B01;80;0;2;1;1;3;203 824 740;1;1;4;2;1996.0;9;8;0;-1;14;8;2023;07:20;1;75;75105;2;3;1;1;48.846846;2.360984;4;2;2;1;1;1; -1;1;0;6;25;Blessé léger;0
202300011134;155 660 809;A01;37;0;9;2;17;0;203 824 689;1;1;1;1;1991.0;4;1;0;-1;19;9;2023;08:40;1;92;92026;2;1;1;2;48.9;2.24;3;2;0;0;1;1;0;1;0;1;50;Indemne;1
202300011134;155 660 811;B01;1;0;2;6;13;5;203 824 691;1;1;1;1;1980.0;0;2;0;-1;19;9;2023;08:40;1;92;92026;2;1;1;2;48.9;2.24;3;2;0;0;1;1;0;1;0;1;50;Indemne;1
202300011134;155 660 811;B01;1;0;2;6;13;5;203 824 693;2;2;4;1;2020.0;0;2;0;-1;19;9;2023;08:40;1;92;92026;2;1;1;2;48.9;2.24;3;2;0;0;1;1;0;1;0;1;50;Blessé léger;1
202300011137;155 660 803;A01;1;0;1;1;1;5;203 824 682;1;1;1;1;2000.0;0;8;0;-1;17;9;2023;21:00;5;92;92024;2;1;1;6;48.91004442;2.2992897;3;2;4;2;1;1;12;1;2;5;50;Indemne;6
202300011137;155 660 803;A01;1;0;1;1;1;5;203 824 684;10;3;4;1;1990.0;0;0;-1;-1;17;9;2023;21:00;5;92;92024;2;1;1;6;48.91004442;2.2992897;3;2;4;2;1;1;12;1;2;5;50;Blessé léger;6
202300011160;155 660 762;A01;7;0;2;2;1;1;203 824 631;1;1;1;2;1974.0;0;8;-1;-1;15;8;2023;20:20;1;86;86272;1;1;1;3;46.827346;0.471491;3;2;2;0;1;1;5,5;1;0;1;80;Indemne;1
202300011160;155 660 764;B01;1;0;2;8;1;5;203 824 634;1;1;4;1;1976.0;5;0;-1;-1;15;8;2023;20:20;1;86;86272;1;1;1;3;46.827346;0.471491;3;2;2;0;1;1;5,5;1;0;1;80;Blessé léger;1
202300011173;155 660 748;A01;7;0;9;1;1;1;203 824 611;1;1;1;1;1972.0;5;1;-1;-1;6;9;2023;08:20;1;67;67117;1;4;7;2;48.766995;7.316809;3;3;0;0;2;1;0;1;5;1;80;Indemne;2
202300011173;155 660 748;A01;7;0;9;1;1;1;203 824 611;1;1;1;1;1972.0;5;1;-1;-1;6;9;2023;08:20;1;67;67117;1;4;7;2;48.766995;7.316809;3;2; -1;-1;2;2; -1;1;5;1;80;Indemne;2
202300011173;155 660 750;B01;80;0;0;4;11;3;203 824 612;1;1;3;1;1957.0;5;2;-1;-1;6;9;2023;08:20;1;67;67117;1;4;7;2;48.766995;7.316809;3;3;0;0;2;1;0;1;5;1;80;Blessé hospitalisé;2
202300011173;155 660 750;B01;80;0;0;4;11;3;203 824 612;1;1;3;1;1957.0;5;2;-1;-1;6;9;2023;08:20;1;67;67117;1;4;7;2;48.766995;7.316809;3;2; -1;-1;2;2; -1;1;5;1;80;Blessé hospitalisé;2
202300011175;155 660 743;A01;7;3;2;1;1;1;203 824 605;1;1;1;2;2005.0;0;1;-1;-1;16;8;2023;09:30;1;35;35338;1;1;1;1;48.058678;-1.278845;4;2;2;0;3;2; -1;1;2;1;80;Indemne;2
202300011175;155 660 745;B01;1;3;2;0;0;5;203 824 608;1;1;2;1;2009.0;5;0;-1;-1;16;8;2023;09:30;1;35;35338;1;1;1;1;48.058678;-1.278845;4;2;2;0;3;2; -1;1;2;1;80;Tué;2
202300011177;155 660 741;B01;1;0;2;8;1;5;203 824 603;1;1;4;1;1959.0;5;2;-1;-1;20;3;2023;12:15;1;95;95116;1;1;8;3;49.161211;2.338602;3;2;2;0;1;1; -1;1;0;1;50;Blessé léger;0
202300011177;155 660 742;A01;7;0;2;7;1;1;203 824 604;1;1;1;2;1948.0;5;1;-1;-1;20;3;2023;12:15;1;95;95116;1;1;8;3;49.161211;2.338602;3;2;2;0;1;1; -1;1;0;1;50;Indemne;0
202300011192;155 660 718;B01;1;0;2;1;26;5;203 824 576;1;1;3;1;1978.0;0;2;-1;-1;15;8;2023;08:06;1;59;59528;2;4;7;3;50.205545;3.407425;3;2;2;0;2;2; -1;1;0;1;50;Blessé hospitalisé;1
202300011192;155 660 718;B01;1;0;2;1;26;5;203 824 576;1;1;3;1;1978.0;0;2;-1;-1;15;8;2023;08:06;1;59;59528;2;4;7;3;50.205545;3.407425;3;2;2;-1;1;2; -1;1;0;1;50;Blessé hospitalisé;1
202300011192;155 660 720;A01;7;0;2;2;26;1;203 824 578;1;1;1;1;1991.0;0;1;-1;-1;15;8;2023;08:06;1;59;59528;2;4;7;3;50.205545;3.407425;3;2;2;0;2;2; -1;1;0;1;50;Indemne;1
202300011192;155 660 720;A01;7;0;2;2;26;1;203 824 578;1;1;1;1;1991.0;0;1;-1;-1;15;8;2023;08:06;1;59;59528;2;4;7;3;50.205545;3.407425;3;2;2;-1;1;2; -1;1;0;1;50;Indemne;1
202300011195;155 660 712;A01;7;0;2;1;2;1;203 824 567;1;1;1;1;1982.0;5;1;-1;-1;15;8;2023;22:40;3;56;56214;1;1;1;2;47.525359;-2.844923;3;2;2;0;2;1;7;1;0;1;80;Indemne;1
202300011195;155 660 712;A01;7;0;2;1;2;1;203 824 569;2;2;1;2;1989.0;5;1;-1;-1;15;8;2023;22:40;3;56;56214;1;1;1;2;47.525359;-2.844923;3;2;2;0;2;1;7;1;0;1;80;Indemne;1
202300011195;155 660 713;B01;1;0;2;4;1;5;203 824 570;1;1;2;1;1971.0;1;0;-1;-1;15;8;2023;22:40;3;56;56214;1;1;1;2;47.525359;-2.844923;3;2;2;0;2;1;7;1;0;1;80;Tué;1
202300011212;155 660 683;B01;7;0;2;7;1;1;203 824 518;2;2;1;1;2002.0;5;1;-1;-1;19;3;2023;10:15;1;29;29074;2;6;1;3;48.486718;-3.995665;3;1;2;0;1;1;5;1;5;1;50;Indemne;6
202300011212;155 660 683;B01;7;0;2;7;1;1;203 824 518;2;2;1;1;2002.0;5;1;-1;-1;19;3;2023;10:15;1;29;29074;2;6;1;3;48.486718;-3.995665;3;1;2;0;1;1;5;1;5;1;50;Indemne;6
202300011212;155 660 683;B01;7;0;2;7;1;1;203 824 521;1;1;1;2;2000.0;5;1;-1;-1;19;3;2023;10:15;1;29;29074;2;6;1;3;48.486718;-3.995665;3;1;2;0;1;1;5;1;5;1;50;Indemne;6
202300011212;155 660 683;B01;7;0;2;7;1;1;203 824 521;1;1;1;2;2000.0;5;1;-1;-1;19;3;2023;10:15;1;29;29074;2;6;1;3;48.486718;-3.995665;3;1;2;0;1;1;5;1;5;1;50;Indemne;6
202300011212;155 660 684;A01;1;0;2;1;9;5;203 824 522;1;1;3;1;1947.0;5;2;-1;-1;19;3;2023;10:15;1;29;29074;2;6;1;3;48.486718;-3.995665;3;1;2;0;1;1;5;1;5;1;50;Blessé hospitalisé;6
202300011212;155 660 684;A01;1;0;2;1;9;5;203 824 522;1;1;3;1;1947.0;5;2;-1;-1;19;3;2023;10:15;1;29;29074;2;6;1;3;48.486718;-3.995665;3;1;2;0;1;1;5;1;5;1;50;Blessé hospitalisé;6
202300011256;155 660 607;A01;1;0;2;4;2;5;203 824 416;1;1;2;1;2003.0;5;9;-1;-1;19;3;2023;21:37;3;33;33196;1;1;1;2;44.800212;-0.210344;3;2;2;0;1;1;5;1;0;1;80;Tué;6
202300011256;155 660 608;B01;7;0;2;1;2;1;203 824 417;1;1;1;2;1984.0;5;1;-1;-1;19;3;2023;21:37;3;33;33196;1;1;1;2;44.800212;-0.210344;3;2;2;0;1;1;5;1;0;1;80;Indemne;6
202300011261;155 660 597;B01;80;0;2;1;0;3;203 824 403;1;1;4;2;1974.0;-1;0;-1;-1;20;9;2023;09:00;1;60;60107;2;1;1;3;49.374878;2.427367;4;2;2;0;1;1; -1;1;0;1;30;Blessé léger;2
202300011261;155 660 598;A01;7;0;2;1;0;1;203 824 404;1;1;1;2;1980.0;-1;1;-1;-1;20;9;2023;09:00;1;60;60107;2;1;1;3;49.374878;2.427367;4;2;2;0;1;1; -1;1;0;1;30;Indemne;2
202300011285;155 660 543;A01;10;0;2;3;15;1;203 824 336;1;1;1;1;1973.0;0;1;8;-1;18;9;2023;08:10;1;92;92024;2;3;1;3;48.89992162;2.31448352;3;2;1;0;1;1; -1;1;0;1;50;Indemne;0
202300011285;155 660 543;A01;10;0;2;3;15;1;203 824 336;1;1;1;1;1973.0;0;1;8;-1;18;9;2023;08:10;1;92;92024;2;3;1;3;48.89992162;2.31448352;3;1;1;0;1;1; -1;1;0;1;30;Indemne;0
202300011285;155 660 544;B01;1;0;2;2;13;5;203 824 337;1;1;4;1;1985.0;1;8;0;-1;18;9;2023;08:10;1;92;92024;2;3;1;3;48.89992162;2.31448352;3;2;1;0;1;1; -1;1;0;1;50;Blessé léger;0
202300011285;155 660 544;B01;1;0;2;2;13;5;203 824 337;1;1;4;1;1985.0;1;8;0;-1;18;9;2023;08:10;1;92;92024;2;3;1;3;48.89992162;2.31448352;3;1;1;0;1;1; -1;1;0;1;30;Blessé léger;0
202300011288;155 660 536;A01;80;0;2;1;1;3;203 824 323;1;1;4;1;1992.0;9;8;0;-1;18;6;2023;15:00;1;75;75119;2;3;1;1;48.894498;2.370603;4;1;2;0;1;1; -1;1;0;5;30;Blessé léger;6
202300011288;155 660 536;A01;80;0;2;1;1;3;203 824 323;1;1;4;1;1992.0;9;8;0;-1;18;6;2023;15:00;1;75;75119;2;3;1;1;48.894498;2.370603;4;2;4;1;1;1; -1;1;0;5;30;Blessé léger;6
202300011288;155 660 537;B01;1;0;2;1;1;5;203 824 324;1;1;4;1;1990.0;9;8;0;-1;18;6;2023;15:00;1;75;75119;2;3;1;1;48.894498;2.370603;4;1;2;0;1;1; -1;1;0;5;30;Blessé léger;6
202300011288;155 660 537;B01;1;0;2;1;1;5;203 824 324;1;1;4;1;1990.0;9;8;0;-1;18;6;2023;15:00;1;75;75119;2;3;1;1;48.894498;2.370603;4;2;4;1;1;1; -1;1;0;5;30;Blessé léger;6
202300011289;155 660 534;A01;80;0;2;1;21;3;203 824 321;1;1;3;1;1965.0;9;8;0;-1;17;6;2023;13:50;1;75;75119;2;9;1;2;48.878535;2.402512;4;1;4;1;2;1; -1;1;0;4;50;Blessé hospitalisé;5
202300011289;155 660 535;B01;7;0;0;5;23;1;203 824 322;1;1;1;1;1982.0;9;1;0;-1;17;6;2023;13:50;1;75;75119;2;9;1;2;48.878535;2.402512;4;1;4;1;2;1; -1;1;0;4;50;Indemne;5
202300011290;155 660 533;Y01;1;0;1;1;1;5;203 824 319;1;1;4;1;1978.0;9;8;0;-1;16;6;2023;19:45;1;75;75119;2;4;1;6;48.884211;2.384278;4;1;1;0;1;1; -1;1;0;5;30;Blessé léger;4
202300011290;155 660 533;Y01;1;0;1;1;1;5;203 824 319;1;1;4;1;1978.0;9;8;0;-1;16;6;2023;19:45;1;75;75119;2;4;1;6;48.884211;2.384278;4;3;2;1;2;1; -1;1;0;5;30;Blessé léger;4
202300011290;155 660 533;Y01;1;0;1;1;1;5;203 824 320;10;3;4;1;1964.0;9;0;-1;-1;16;6;2023;19:45;1;75;75119;2;4;1;6;48.884211;2.384278;4;1;1;0;1;1; -1;1;0;5;30;Blessé léger;4
202300011290;155 660 533;Y01;1;0;1;1;1;5;203 824 320;10;3;4;1;1964.0;9;0;-1;-1;16;6;2023;19:45;1;75;75119;2;4;1;6;48.884211;2.384278;4;3;2;1;2;1; -1;1;0;5;30;Blessé léger;4
202300011292;155 660 530;A01;1;0;2;1;2;5;203 824 316;1;1;4;1;1995.0;5;8;0;-1;16;6;2023;12:45;1;75;75119;2;2;1;2;48.882988;2.385609;4;2;2;0;1;1; -1;1;0;1;30;Blessé léger;4
202300011292;155 660 530;A01;1;0;2;1;2;5;203 824 316;1;1;4;1;1995.0;5;8;0;-1;16;6;2023;12:45;1;75;75119;2;2;1;2;48.882988;2.385609;4;2;2;0;1;1; -1;1;0;1;30;Blessé léger;4
202300011292;155 660 531;B01;7;0;2;4;1;2;203 824 317;1;1;1;1;1984.0;4;1;0;-1;16;6;2023;12:45;1;75;75119;2;2;1;2;48.882988;2.385609;4;2;2;0;1;1; -1;1;0;1;30;Indemne;4
202300011292;155 660 531;B01;7;0;2;4;1;2;203 824 317;1;1;1;1;1984.0;4;1;0;-1;16;6;2023;12:45;1;75;75119;2;2;1;2;48.882988;2.385609;4;2;2;0;1;1; -1;1;0;1;30;Indemne;4
202300011298;155 660 520;A01;50;0;2;4;2;3;203 824 301;1;1;4;2;1972.0;9;2;0;-1;16;6;2023;19:30;1;75;75118;2;1;1;2;48.882987;2.344095;4;1;4;1;1;1; -1;1;0;5;30;Blessé léger;4
202300011298;155 660 521;Z01;1;0;0;0;2;5;203 824 302;1;1;1;1;2001.0;-1;8;0;-1;16;6;2023;19:30;1;75;75118;2;1;1;2;48.882987;2.344095;4;1;4;1;1;1; -1;1;0;5;30;Indemne;4
202300011309;155 660 505;A01;33;0;2;0;13;1;203 824 279;1;1;1;1;1995.0;5;2;6;-1;16;6;2023;00:30;5;75;75115;2;3;1;1;48.853702;2.28768;4;1;1;0;1;1; -1;1;0;5;30;Indemne;4
202300011309;155 660 505;A01;33;0;2;0;13;1;203 824 279;1;1;1;1;1995.0;5;2;6;-1;16;6;2023;00:30;5;75;75115;2;3;1;1;48.853702;2.28768;4;2;2;1;1;1; -1;1;0;5;30;Indemne;4
202300011309;155 660 506;B01;1;0;2;0;1;5;203 824 280;1;1;4;1;1999.0;9;8;0;-1;16;6;2023;00:30;5;75;75115;2;3;1;1;48.853702;2.28768;4;1;1;0;1;1; -1;1;0;5;30;Blessé léger;4
202300011309;155 660 506;B01;1;0;2;0;1;5;203 824 280;1;1;4;1;1999.0;9;8;0;-1;16;6;2023;00:30;5;75;75115;2;3;1;1;48.853702;2.28768;4;2;2;1;1;1; -1;1;0;5;30;Blessé léger;4
202300011310;155 660 504;A01;80;0;1;1;1;3;203 824 277;1;1;4;2;1992.0;1;8;0;-1;15;6;2023;09:15;1;75;75115;2;2;1;6;48.834291;2.283909;4;1;3;1;1;1; -1;1;0;5;30;Blessé léger;3
202300011310;155 660 504;A01;80;0;1;1;1;3;203 824 277;1;1;4;2;1992.0;1;8;0;-1;15;6;2023;09:15;1;75;75115;2;2;1;6;48.834291;2.283909;4;1; -1;0;1;1; -1;1;0;5;-1;Blessé léger;3
202300011310;155 660 504;A01;80;0;1;1;1;3;203 824 278;10;3;4;1;1960.0;1;0;-1;-1;15;6;2023;09:15;1;75;75115;2;2;1;6;48.834291;2.283909;4;1;3;1;1;1; -1;1;0;5;30;Blessé léger;3
202300011310;155 660 504;A01;80;0;1;1;1;3;203 824 278;10;3;4;1;1960.0;1;0;-1;-1;15;6;2023;09:15;1;75;75115;2;2;1;6;48.834291;2.283909;4;1; -1;0;1;1; -1;1;0;5;-1;Blessé léger;3
202300011312;155 660 500;A01;1;0;0;1;1;5;203 824 273;1;1;4;1;1989.0;9;8;0;-1;16;6;2023;00:35;5;75;75113;2;3;1;1;48.833646;2.373606;4;2;1;0;1;1; -1;1;0;1;30;Blessé léger;4
202300011312;155 660 500;A01;1;0;0;1;1;5;203 824 273;1;1;4;1;1989.0;9;8;0;-1;16;6;2023;00:35;5;75;75113;2;3;1;1;48.833646;2.373606;4;-1; -1;0;1;1; -1;1;0;1;30;Blessé léger;4
202300011315;155 660 497;A01;1;0;0;0;9;5;203 824 268;1;1;4;2;1990.0;9;8;0;-1;14;6;2023;23:09;5;75;75110;2;2;1;7;48.86883;2.367648;4;1;2;0;1;1; -1;1;0;1;30;Blessé léger;2
202300011315;155 660 497;A01;1;0;0;0;9;5;203 824 268;1;1;4;2;1990.0;9;8;0;-1;14;6;2023;23:09;5;75;75110;2;2;1;7;48.86883;2.367648;4;2;2;1;1;1; -1;1;0;1;30;Blessé léger;2
202300011320;155 660 488;A01;1;0;0;0;1;5;203 824 256;1;1;4;2;2003.0;5;8;0;-1;17;6;2023;13:03;1;75;75107;2;2;1;7;48.847974;2.316146;4;2;5;1;1;1; -1;1;0;5;30;Blessé léger;5
202300011320;155 660 488;A01;1;0;0;0;1;5;203 824 256;1;1;4;2;2003.0;5;8;0;-1;17;6;2023;13:03;1;75;75107;2;2;1;7;48.847974;2.316146;4;-1; -1;-1;1;1; -1;1;0;5;-1;Blessé léger;5
202300011321;155 660 487;A01;1;0;1;7;1;5;203 824 254;1;1;1;2;1982.0;1;2;0;-1;16;6;2023;08:50;1;75;75114;2;1;1;6;48.828663;2.3147;4;1;1;1;1;1; -1;1;0;1;30;Indemne;4
202300011321;155 660 487;A01;1;0;1;7;1;5;203 824 255;10;3;4;1;1930.0;9;0;-1;-1;16;6;2023;08:50;1;75;75114;2;1;1;6;48.828663;2.3147;4;1;1;1;1;1; -1;1;0;1;30;Blessé léger;4
202300011322;155 660 485;A01;50;0;2;1;1;3;203 824 252;1;1;1;1;2001.0;5;8;0;-1;16;6;2023;09:00;1;75;75107;2;2;1;3;48.86113948;2.30547819;4;1;1;1;1;1; -1;1;0;5;30;Indemne;4
202300011322;155 660 485;A01;50;0;2;1;1;3;203 824 252;1;1;1;1;2001.0;5;8;0;-1;16;6;2023;09:00;1;75;75107;2;2;1;3;48.86113948;2.30547819;4;1;1;0;1;1; -1;1;0;5;30;Indemne;4
202300011322;155 660 486;B01;1;0;2;8;1;5;203 824 253;1;1;4;2;1970.0;1;2;0;-1;16;6;2023;09:00;1;75;75107;2;2;1;3;48.86113948;2.30547819;4;1;1;1;1;1; -1;1;0;5;30;Blessé léger;4
202300011322;155 660 486;B01;1;0;2;8;1;5;203 824 253;1;1;4;2;1970.0;1;2;0;-1;16;6;2023;09:00;1;75;75107;2;2;1;3;48.86113948;2.30547819;4;1;1;0;1;1; -1;1;0;5;30;Blessé léger;4
202300011323;155 660 482;A01;1;0;0;0;1;5;203 824 249;1;1;4;2;1973.0;1;2;8;-1;16;6;2023;10:15;1;75;75104;2;3;1;7;48.851357;2.362285;4;4;4;1;1;1; -1;1;0;5;30;Blessé léger;4
202300011323;155 660 482;A01;1;0;0;0;1;5;203 824 249;1;1;4;2;1973.0;1;2;8;-1;16;6;2023;10:15;1;75;75104;2;3;1;7;48.851357;2.362285;4;4;2;2;1;1; -1;1;0;1;30;Blessé léger;4
202300011326;155 660 477;A01;80;0;2;7;1;3;203 824 243;1;1;4;2;2006.0;5;8;0;-1;14;6;2023;11:22;1;75;75104;2;2;1;3;48.860581;2.349376;4;1;5;1;1;1; -1;1;0;1;30;Blessé léger;2
202300011326;155 660 477;A01;80;0;2;7;1;3;203 824 243;1;1;4;2;2006.0;5;8;0;-1;14;6;2023;11:22;1;75;75104;2;2;1;3;48.860581;2.349376;4;2;1;3;1;1; -1;1;6;1;30;Blessé léger;2
202300011326;155 660 478;B01;7;0;2;3;1;2;203 824 244;1;1;1;1;1961.0;4;1;0;-1;14;6;2023;11:22;1;75;75104;2;2;1;3;48.860581;2.349376;4;1;5;1;1;1; -1;1;0;1;30;Indemne;2
202300011326;155 660 478;B01;7;0;2;3;1;2;203 824 244;1;1;1;1;1961.0;4;1;0;-1;14;6;2023;11:22;1;75;75104;2;2;1;3;48.860581;2.349376;4;2;1;3;1;1; -1;1;6;1;30;Indemne;2
202300011328;155 660 474;A01;7;0;2;2;15;0;203 824 240;1;1;1;1;1970.0;0;1;-1;-1;26;4;2023;15:20;1;32;32156;1;3;1;3;43.525729;0.458143;3;2;2;0;1;1;5,5;1;0;1;80;Indemne;2
202300011328;155 660 474;A01;7;0;2;2;15;0;203 824 240;1;1;1;1;1970.0;0;1;-1;-1;26;4;2023;15:20;1;32;32156;1;3;1;3;43.525729;0.458143;3;2;2;0;2;1;5,5;1;0;1;-1;Indemne;2
202300011328;155 660 475;B01;1;0;2;8;15;5;203 824 241;1;1;3;1;2006.0;0;2;-1;-1;26;4;2023;15:20;1;32;32156;1;3;1;3;43.525729;0.458143;3;2;2;0;1;1;5,5;1;0;1;80;Blessé hospitalisé;2