Num_Acc;id_vehicule;num_veh;catv;obs;obsm;choc;manv;motor;id_usager;place;catu;grav;sexe;an_nais;trajet;secu1;secu2;secu3;jour;mois;an;hrmn;lum;dep;com;agg;int;atm;col;lat;long;catr;circ;nbv;vosp;prof;plan;larrout;surf;infra;situ;vma;gravity;day_of_week
202300011328;155 660 475;B01;1;0;2;8;15;5;203 824 241;1;1;3;1;2006.0;0;2;-1;-1;26;4;2023;15:20;1;32;32156;1;3;1;3;43.525729;0.458143;3;2;2;0;2;1;5,5;1;0;1;-1;Blessé hospitalisé;2
202300011331;155 660 470;B01;1;0;2;8;1;5;203 824 236;1;1;3;1;1995.0;1;0;-1;-1;18;9;2023;10:20;1;69;69386;2;2;3;3;45.76803;4.8454;4;1;1;0;1;1; -1;2;0;1;50;Blessé hospitalisé;0
202300011331;155 660 470;B01;1;0;2;8;1;5;203 824 236;1;1;3;1;1995.0;1;0;-1;-1;18;9;2023;10:20;1;69;69386;2;2;3;3;45.76803;4.8454;4;1;1;2;1;1; -1;2;0;5;50;Blessé hospitalisé;0
202300011331;155 660 471;A01;7;0;2;3;15;1;203 824 237;1;1;1;2;1995.0;9;1;-1;-1;18;9;2023;10:20;1;69;69386;2;2;3;3;45.76803;4.8454;4;1;1;0;1;1; -1;2;0;1;50;Indemne;0
202300011331;155 660 471;A01;7;0;2;3;15;1;203 824 237;1;1;1;2;1995.0;9;1;-1;-1;18;9;2023;10:20;1;69;69386;2;2;3;3;45.76803;4.8454;4;1;1;2;1;1; -1;2;0;5;50;Indemne;0
202300011341;155 660 454;B01;1;0;2;8;19;5;203 824 214;1;1;4;1;2009.0;2;2;0;-1;8;9;2023;13:25;1;89;89346;2;6;1;3;47.80338;3.53564;4;2;2;1;1;1; -1;1;0;5;50;Blessé léger;4
202300011341;155 660 454;B01;1;0;2;8;19;5;203 824 214;1;1;4;1;2009.0;2;2;0;-1;8;9;2023;13:25;1;89;89346;2;6;1;3;47.80338;3.53564;4;2;2;0;1;1; -1;1;0;1;50;Blessé léger;4
202300011341;155 660 455;A01;7;0;2;3;19;1;203 824 215;1;1;1;2;1959.0;5;1;0;-1;8;9;2023;13:25;1;89;89346;2;6;1;3;47.80338;3.53564;4;2;2;1;1;1; -1;1;0;5;50;Indemne;4
202300011341;155 660 455;A01;7;0;2;3;19;1;203 824 215;1;1;1;2;1959.0;5;1;0;-1;8;9;2023;13:25;1;89;89346;2;6;1;3;47.80338;3.53564;4;2;2;0;1;1; -1;1;0;1;50;Indemne;4
202300011353;155 660 432;B01;1;0;2;1;19;5;203 824 186;1;1;3;1;1948.0;5;8;0;-1;15;9;2023;09:34;1;67;67462;2;1;7;3;48.26098;7.45713;4;2;2;0;1;1; -1;1;0;1;40;Blessé hospitalisé;4
202300011353;155 660 433;A01;7;0;2;5;21;1;203 824 187;1;1;1;2;1974.0;5;1;0;-1;15;9;2023;09:34;1;67;67462;2;1;7;3;48.26098;7.45713;4;2;2;0;1;1; -1;1;0;1;40;Indemne;4
202300011365;155 660 415;A01;1;0;2;4;15;5;203 824 167;1;1;4;1;1993.0;1;8;0;-1;18;9;2023;14:17;1;37;37261;2;2;1;3;47.39759;0.69947;4;-1;0;0;1;1; -1;1;0;1;50;Blessé léger;0
202300011365;155 660 415;A01;1;0;2;4;15;5;203 824 167;1;1;4;1;1993.0;1;8;0;-1;18;9;2023;14:17;1;37;37261;2;2;1;3;47.39759;0.69947;4;2;3;0;1;1; -1;1;0;1;50;Blessé léger;0
202300011365;155 660 416;B01;7;0;2;1;1;1;203 824 168;1;1;1;1;1990.0;1;1;0;-1;18;9;2023;14:17;1;37;37261;2;2;1;3;47.39759;0.69947;4;-1;0;0;1;1; -1;1;0;1;50;Indemne;0
202300011365;155 660 416;B01;7;0;2;1;1;1;203 824 168;1;1;1;1;1990.0;1;1;0;-1;18;9;2023;14:17;1;37;37261;2;2;1;3;47.39759;0.69947;4;2;3;0;1;1; -1;1;0;1;50;Indemne;0
202300011368;155 660 410;A01;7;0;2;3;1;1;203 824 160;1;1;1;1;1934.0;5;1;-1;-1;18;9;2023;09:55;1;35;35238;2;6;1;3;48.09153055;-1.65824085;4;3;2;2;1;1; -1;1;0;1;50;Indemne;0
202300011368;155 660 410;A01;7;0;2;3;1;1;203 824 160;1;1;1;1;1934.0;5;1;-1;-1;18;9;2023;09:55;1;35;35238;2;6;1;3;48.09153055;-1.65824085;4;2;2;0;1;1; -1;1;0;1;30;Indemne;0
202300011368;155 660 411;B01;1;0;2;1;1;5;203 824 161;1;1;4;1;1939.0;5;8;-1;-1;18;9;2023;09:55;1;35;35238;2;6;1;3;48.09153055;-1.65824085;4;3;2;2;1;1; -1;1;0;1;50;Blessé léger;0
202300011368;155 660 411;B01;1;0;2;1;1;5;203 824 161;1;1;4;1;1939.0;5;8;-1;-1;18;9;2023;09:55;1;35;35238;2;6;1;3;48.09153055;-1.65824085;4;2;2;0;1;1; -1;1;0;1;30;Blessé léger;0
202300011411;155 660 335;A01;7;0;2;3;1;1;203 824 044;1;1;1;2;1974.0;2;1;-1;-1;20;10;2023;11:55;1;33;33449;2;6;3;6;44.893804;-0.74721;4;2;2;0;1;2; -1;2;5;1;50;Indemne;4
202300011411;155 660 335;A01;7;0;2;3;1;1;203 824 044;1;1;1;2;1974.0;2;1;-1;-1;20;10;2023;11:55;1;33;33449;2;6;3;6;44.893804;-0.74721;4;2;2;-1;1;1; -1;2;5;1;50;Indemne;4
202300011411;155 660 336;B01;1;0;2;7;9;5;203 824 045;1;1;3;1;1950.0;3;0;-1;-1;20;10;2023;11:55;1;33;33449;2;6;3;6;44.893804;-0.74721;4;2;2;0;1;2; -1;2;5;1;50;Blessé hospitalisé;4
202300011411;155 660 336;B01;1;0;2;7;9;5;203 824 045;1;1;3;1;1950.0;3;0;-1;-1;20;10;2023;11:55;1;33;33449;2;6;3;6;44.893804;-0.74721;4;2;2;-1;1;1; -1;2;5;1;50;Blessé hospitalisé;4
202300011438;155 660 290;A01;1;1;0;1;1;5;203 823 985;1;1;2;1;1946.0;5;0;0;0;8;2;2023;14:30;1;46;46028;1;1;1;6;44.931874;1.757469;3;2;2;0;3;1; -1;1;0;1;70;Tué;2
202300011482;155 660 199;B01;33;0;2;7;1;1;203 823 841;1;1;4;2;1962.0;5;2;-1;-1;19;8;2023;14:05;1;35;35238;2;2;1;3;48.10939;-1.67396;4;2;2;2;1;1; -1;1;0;1;50;Blessé léger;5
202300011482;155 660 199;B01;33;0;2;7;1;1;203 823 841;1;1;4;2;1962.0;5;2;-1;-1;19;8;2023;14:05;1;35;35238;2;2;1;3;48.10939;-1.67396;4;1;1;0;1;1; -1;1;6;1;20;Blessé léger;5
202300011482;155 660 201;A01;80;12;2;1;2;3;203 823 843;1;1;1;1;1999.0;4;8;-1;-1;19;8;2023;14:05;1;35;35238;2;2;1;3;48.10939;-1.67396;4;2;2;2;1;1; -1;1;0;1;50;Indemne;5
202300011482;155 660 201;A01;80;12;2;1;2;3;203 823 843;1;1;1;1;1999.0;4;8;-1;-1;19;8;2023;14:05;1;35;35238;2;2;1;3;48.10939;-1.67396;4;1;1;0;1;1; -1;1;6;1;20;Indemne;5
202300011494;155 660 176;A01;3;0;2;2;0;1;203 823 813;1;1;1;2;1974.0;1;1;-1;-1;19;10;2023;07:15;5;69;69386;2;2;3;1;45.76458;4.84689;4;1;1;2;1;1; -1;2;0;1;30;Indemne;3
202300011494;155 660 176;A01;3;0;2;2;0;1;203 823 813;1;1;1;2;1974.0;1;1;-1;-1;19;10;2023;07:15;5;69;69386;2;2;3;1;45.76458;4.84689;4;1;1;2;1;1; -1;2;0;1;30;Indemne;3
202300011494;155 660 180;B01;1;0;2;0;0;5;203 823 816;1;1;4;1;1966.0;1;8;-1;-1;19;10;2023;07:15;5;69;69386;2;2;3;1;45.76458;4.84689;4;1;1;2;1;1; -1;2;0;1;30;Blessé léger;3
202300011494;155 660 180;B01;1;0;2;0;0;5;203 823 816;1;1;4;1;1966.0;1;8;-1;-1;19;10;2023;07:15;5;69;69386;2;2;3;1;45.76458;4.84689;4;1;1;2;1;1; -1;2;0;1;30;Blessé léger;3
202300011503;155 660 159;A01;1;0;1;1;1;5;203 823 790;10;3;4;2;1963.0;9;0;-1;-1;6;2;2023;19:00;5;75;75120;2;1;1;6;48.859622;2.401553;4;2;1;0;2;1; -1;1;0;1;30;Blessé léger;0
202300011503;155 660 159;A01;1;0;1;1;1;5;203 823 791;1;1;1;1;2003.0;2;8;0;-1;6;2;2023;19:00;5;75;75120;2;1;1;6;48.859622;2.401553;4;2;1;0;2;1; -1;1;0;1;30;Indemne;0
202300011505;155 660 156;A01;7;0;2;7;22;2;203 823 784;1;1;1;2;1993.0;4;1;0;-1;6;2;2023;09:40;1;75;75117;2;1;1;3;48.876949;2.297244;4;2;6;1;2;1; -1;1;-1;5;30;Indemne;0
202300011505;155 660 156;A01;7;0;2;7;22;2;203 823 786;3;2;1;2;1985.0;5;1;0;-1;6;2;2023;09:40;1;75;75117;2;1;1;3;48.876949;2.297244;4;2;6;1;2;1; -1;1;-1;5;30;Indemne;0
202300011505;155 660 157;B01;80;0;2;1;1;3;203 823 787;1;1;4;2;1960.0;1;2;0;-1;6;2;2023;09:40;1;75;75117;2;1;1;3;48.876949;2.297244;4;2;6;1;2;1; -1;1;-1;5;30;Blessé léger;0
202300011523;155 660 124;A01;7;0;2;8;22;1;203 823 745;1;1;1;1;2000.0;4;8;0;-1;6;2;2023;16:50;1;75;75111;2;3;1;3;48.861148;2.377883;4;-1;2;0;1;1; -1;1;0;1;30;Indemne;0
202300011523;155 660 124;A01;7;0;2;8;22;1;203 823 745;1;1;1;1;2000.0;4;8;0;-1;6;2;2023;16:50;1;75;75111;2;3;1;3;48.861148;2.377883;4;2; -1;-1;1;1; -1;1;0;1;-1;Indemne;0
202300011523;155 660 125;B01;1;0;2;0;1;5;203 823 746;1;1;4;2;1983.0;1;2;8;-1;6;2;2023;16:50;1;75;75111;2;3;1;3;48.861148;2.377883;4;-1;2;0;1;1; -1;1;0;1;30;Blessé léger;0
202300011523;155 660 125;B01;1;0;2;0;1;5;203 823 746;1;1;4;2;1983.0;1;2;8;-1;6;2;2023;16:50;1;75;75111;2;3;1;3;48.861148;2.377883;4;2; -1;-1;1;1; -1;1;0;1;-1;Blessé léger;0
202300011524;155 660 121;B01;1;0;2;1;1;5;203 823 742;1;1;4;1;1990.0;1;2;8;-1;6;2;2023;08:03;2;75;75110;2;2;1;3;48.87852;2.354044;4;2;4;3;2;1; -1;1;0;1;30;Blessé léger;0
202300011524;155 660 121;B01;1;0;2;1;1;5;203 823 742;1;1;4;1;1990.0;1;2;8;-1;6;2;2023;08:03;2;75;75110;2;2;1;3;48.87852;2.354044;4;2;2;0;2;1; -1;1;0;1;30;Blessé léger;0
202300011524;155 660 122;A01;7;0;2;1;15;1;203 823 743;1;1;1;1;1966.0;1;1;8;-1;6;2;2023;08:03;2;75;75110;2;2;1;3;48.87852;2.354044;4;2;4;3;2;1; -1;1;0;1;30;Indemne;0
202300011524;155 660 122;A01;7;0;2;1;15;1;203 823 743;1;1;1;1;1966.0;1;1;8;-1;6;2;2023;08:03;2;75;75110;2;2;1;3;48.87852;2.354044;4;2;2;0;2;1; -1;1;0;1;30;Indemne;0
202300011531;155 660 111;A01;7;0;2;2;15;0;203 823 728;1;1;1;2;1967.0;1;1;0;-1;6;2;2023;08:10;2;94;94077;2;2;1;3;48.7325;2.41824;4;2;2;0;1;1; -1;-1;9;-1;-1;Indemne;0
202300011531;155 660 111;A01;7;0;2;2;15;0;203 823 728;1;1;1;2;1967.0;1;1;0;-1;6;2;2023;08:10;2;94;94077;2;2;1;3;48.7325;2.41824;4;2;2;0;1;1; -1;1;5;1;50;Indemne;0
202300011531;155 660 112;B01;1;0;2;0;0;5;203 823 730;1;1;4;1;1966.0;1;-1;0;-1;6;2;2023;08:10;2;94;94077;2;2;1;3;48.7325;2.41824;4;2;2;0;1;1; -1;-1;9;-1;-1;Blessé léger;0
202300011531;155 660 112;B01;1;0;2;0;0;5;203 823 730;1;1;4;1;1966.0;1;-1;0;-1;6;2;2023;08:10;2;94;94077;2;2;1;3;48.7325;2.41824;4;2;2;0;1;1; -1;1;5;1;50;Blessé léger;0
202300011536;155 660 104;A01;1;13;0;1;15;5;203 823 722;1;1;3;2;2004.0;5;2;0;-1;18;10;2023;12:19;1;87;87075;1;3;1;6;45.80365;1.18883;4;2;2;0;2;2; -1;2;0;1;70;Blessé hospitalisé;2
202300011536;155 660 104;A01;1;13;0;1;15;5;203 823 722;1;1;3;2;2004.0;5;2;0;-1;18;10;2023;12:19;1;87;87075;1;3;1;6;45.80365;1.18883;4;2;2;0;2;2; -1;2;0;1;70;Blessé hospitalisé;2
202300011540;155 660 095;B01;1;0;9;0;0;5;203 823 709;1;1;4;1;1982.0;0;2;0;-1;6;2;2023;09:45;1;92;92075;2;2;1;3;48.81871;2.29169;3;2;2;0;1;1; -1;1;0;1;30;Blessé léger;0
202300011540;155 660 095;B01;1;0;9;0;0;5;203 823 709;1;1;4;1;1982.0;0;2;0;-1;6;2;2023;09:45;1;92;92075;2;2;1;3;48.81871;2.29169;3;1;1;3;1;1; -1;1;0;1;30;Blessé léger;0
202300011540;155 660 097;A01;7;0;9;1;15;1;203 823 711;1;1;1;1;1999.0;0;1;8;-1;6;2;2023;09:45;1;92;92075;2;2;1;3;48.81871;2.29169;3;2;2;0;1;1; -1;1;0;1;30;Indemne;0
202300011540;155 660 097;A01;7;0;9;1;15;1;203 823 711;1;1;1;1;1999.0;0;1;8;-1;6;2;2023;09:45;1;92;92075;2;2;1;3;48.81871;2.29169;3;1;1;3;1;1; -1;1;0;1;30;Indemne;0
202300011543;155 660 091;B01;1;8;2;8;2;5;203 823 705;1;1;4;2;1977.0;1;2;8;-1;6;2;2023;20:37;5;92;92049;2;1;1;3;48.81186965;2.30385929;4;2;2;0;1;1; -1;1;0;1;30;Blessé léger;0
202300011544;155 660 088;B01;1;0;2;8;1;5;203 823 702;1;1;4;1;1965.0;0;8;0;-1;6;2;2023;16:50;1;92;92040;2;2;1;3;48.82985459;2.26079777;3;1;3;1;2;1; -1;1;2;5;30;Blessé léger;0
202300011544;155 660 088;B01;1;0;2;8;1;5;203 823 702;1;1;4;1;1965.0;0;8;0;-1;6;2;2023;16:50;1;92;92040;2;2;1;3;48.82985459;2.26079777;3;1;3;1;2;2; -1;1;2;1;30;Blessé léger;0
202300011544;155 660 089;A01;7;0;9;3;13;3;203 823 703;1;1;1;1;1957.0;5;1;0;-1;6;2;2023;16:50;1;92;92040;2;2;1;3;48.82985459;2.26079777;3;1;3;1;2;1; -1;1;2;5;30;Indemne;0
202300011544;155 660 089;A01;7;0;9;3;13;3;203 823 703;1;1;1;1;1957.0;5;1;0;-1;6;2;2023;16:50;1;92;92040;2;2;1;3;48.82985459;2.26079777;3;1;3;1;2;2; -1;1;2;1;30;Indemne;0
202300011549;155 660 078;B01;1;0;2;1;1;5;203 823 690;1;1;4;1;1936.0;0;2;0;-1;6;2;2023;10:30;1;92;92023;2;2;1;3;48.79213;2.25944;4;-1;2;0;1;1; -1;1;0;1;30;Blessé léger;0
202300011549;155 660 078;B01;1;0;2;1;1;5;203 823 690;1;1;4;1;1936.0;0;2;0;-1;6;2;2023;10:30;1;92;92023;2;2;1;3;48.79213;2.25944;4;1;2;2;1;1; -1;1;0;1;30;Blessé léger;0
202300011549;155 660 080;A01;7;0;9;2;15;1;203 823 692;1;1;1;1;1953.0;0;1;8;-1;6;2;2023;10:30;1;92;92023;2;2;1;3;48.79213;2.25944;4;-1;2;0;1;1; -1;1;0;1;30;Indemne;0
202300011549;155 660 080;A01;7;0;9;2;15;1;203 823 692;1;1;1;1;1953.0;0;1;8;-1;6;2;2023;10:30;1;92;92023;2;2;1;3;48.79213;2.25944;4;1;2;2;1;1; -1;1;0;1;30;Indemne;0
202300011551;155 660 076;A01;80;8;0;1;1;3;203 823 688;1;1;4;1;1996.0;4;8;0;-1;6;2;2023;19:20;2;92;92012;2;1;1;7;48.82970989;2.2357741;4;2;2;0;1;1; -1;1;0;4;50;Blessé léger;0
202300011568;155 660 045;A01;7;0;2;1;1;1;203 823 645;1;1;1;1;1946.0;0;8;0;-1;18;10;2023;14:00;1;71;71076;2;1;1;3;46.78974;4.84317;4;3;4;0;1;1; -1;1;0;1;50;Indemne;2
202300011568;155 660 047;B01;1;0;2;0;26;5;203 823 647;1;1;4;1;1984.0;0;8;0;-1;18;10;2023;14:00;1;71;71076;2;1;1;3;46.78974;4.84317;4;3;4;0;1;1; -1;1;0;1;50;Blessé léger;2
202300011584;155 660 017;B01;7;0;2;3;9;1;203 823 606;1;1;1;1;2004.0;5;1;8;-1;17;10;2023;20:10;5;67;67043;2;9;1;3;48.61443;7.76393;4;2;2;0;1;1; -1;1;9;1;50;Indemne;1
202300011584;155 660 019;A01;1;0;2;0;1;5;203 823 608;1;1;4;1;1994.0;5;8;0;-1;17;10;2023;20:10;5;67;67043;2;9;1;3;48.61443;7.76393;4;2;2;0;1;1; -1;1;9;1;50;Blessé léger;1
202300011587;155 660 012;B01;1;0;2;1;23;5;203 823 601;1;1;4;1;1965.0;5;2;8;-1;19;10;2023;20:50;5;62;62771;2;2;1;6;50.41797;2.86679;4;2;2;0;1;1; -1;2;5;1;50;Blessé léger;3
202300011587;155 660 012;B01;1;0;2;1;23;5;203 823 601;1;1;4;1;1965.0;5;2;8;-1;19;10;2023;20:50;5;62;62771;2;2;1;6;50.41797;2.86679;4;2;2;0;1;1; -1;2;5;1;50;Blessé léger;3
202300011587;155 660 015;A01;7;0;2;3;15;1;203 823 604;1;1;1;1;2001.0;5;1;8;-1;19;10;2023;20:50;5;62;62771;2;2;1;6;50.41797;2.86679;4;2;2;0;1;1; -1;2;5;1;50;Indemne;3
202300011587;155 660 015;A01;7;0;2;3;15;1;203 823 604;1;1;1;1;2001.0;5;1;8;-1;19;10;2023;20:50;5;62;62771;2;2;1;6;50.41797;2.86679;4;2;2;0;1;1; -1;2;5;1;50;Indemne;3
202300011588;155 660 009;B01;1;0;0;7;19;5;203 823 598;1;1;4;1;2012.0;2;2;4;-1;6;2;2023;16:40;1;85;85095;2;1;1;3;46.869177;-1.759272;3;2;2;0;1;1; -1;1;0;1;30;Blessé léger;0
202300011588;155 660 010;A01;7;0;9;1;1;0;203 823 599;1;1;1;1;1939.0;5;1;-1;-1;6;2;2023;16:40;1;85;85095;2;1;1;3;46.869177;-1.759272;3;2;2;0;1;1; -1;1;0;1;30;Indemne;0
202300011602;155 659 981;B01;1;0;2;1;1;5;203 823 557;1;1;3;1;1987.0;1;2;-1;-1;6;2;2023;09:10;1;69;69204;2;6;1;3;45.695985;4.807227;4;1;1;0;1;1;3;1;5;1;50;Blessé hospitalisé;0
202300011602;155 659 982;A01;7;0;2;3;16;1;203 823 558;1;1;1;1;1992.0;1;1;-1;-1;6;2;2023;09:10;1;69;69204;2;6;1;3;45.695985;4.807227;4;1;1;0;1;1;3;1;5;1;50;Indemne;0
202300011609;155 659 974;A01;1;0;1;1;1;5;203 823 545;10;3;4;2;1944.0;0;0;-1;-1;18;10;2023;13:40;1;54;54395;2;1;1;6;48.68894;6.17018;4;1;3;1;1;1; -1;1;0;4;50;Blessé léger;2
202300011609;155 659 974;A01;1;0;1;1;1;5;203 823 548;1;1;1;2;2000.0;0;8;0;-1;18;10;2023;13:40;1;54;54395;2;1;1;6;48.68894;6.17018;4;1;3;1;1;1; -1;1;0;4;50;Indemne;2
202300011629;155 659 935;A01;37;0;2;7;0;1;203 823 491;1;1;1;2;1996.0;4;8;0;-1;5;2;2023;16:30;1;974;97411;2;1;1;3;-20.89186;55.4706;4;2;2;0;2;1; -1;1;0;1;50;Indemne;6
202300011629;155 659 936;B01;1;0;2;7;0;5;203 823 493;1;1;4;1;1986.0;5;2;6;-1;5;2;2023;16:30;1;974;97411;2;1;1;3;-20.89186;55.4706;4;2;2;0;2;1; -1;1;0;1;50;Blessé léger;6
202300011631;155 659 932;B01;1;0;2;1;1;5;203 823 488;1;1;4;1;2006.0;5;8;0;-1;5;2;2023;14:45;1;974;97411;2;1;1;3;-20.89647;55.46698;4;2;2;0;2;4; -1;1;0;1;50;Blessé léger;6
202300011631;155 659 933;A01;7;0;2;3;17;1;203 823 489;1;1;1;2;1997.0;5;1;0;-1;5;2;2023;14:45;1;974;97411;2;1;1;3;-20.89647;55.46698;4;2;2;0;2;4; -1;1;0;1;50;Indemne;6
202300011634;155 659 928;A01;80;8;-1;1;21;3;203 823 486;1;1;4;1;1982.0;1;8;0;-1;5;2;2023;10:30;1;974;97411;2;1;1;6;-20.8901;55.46148;4;-1;0;2;1;1; -1;1;6;5;50;Blessé léger;6
202300011652;155 659 895;A01;7;0;2;2;16;1;203 823 441;1;1;1;1;1975.0;1;1;-1;-1;19;10;2023;17:35;2;33;33063;2;3;1;3;44.83771;-0.59909;4;3;4;1;1;1; -1;1;0;1;50;Indemne;3
202300011652;155 659 895;A01;7;0;2;2;16;1;203 823 441;1;1;1;1;1975.0;1;1;-1;-1;19;10;2023;17:35;2;33;33063;2;3;1;3;44.83771;-0.59909;4;1;1;0;1;1; -1;1;0;1;50;Indemne;3
202300011652;155 659 897;B01;1;0;2;3;1;5;203 823 443;1;1;3;1;2009.0;2;0;-1;-1;19;10;2023;17:35;2;33;33063;2;3;1;3;44.83771;-0.59909;4;3;4;1;1;1; -1;1;0;1;50;Blessé hospitalisé;3
202300011652;155 659 897;B01;1;0;2;3;1;5;203 823 443;1;1;3;1;2009.0;2;0;-1;-1;19;10;2023;17:35;2;33;33063;2;3;1;3;44.83771;-0.59909;4;1;1;0;1;1; -1;1;0;1;50;Blessé hospitalisé;3
202300011661;155 659 878;A01;1;0;1;1;25;5;203 823 417;1;1;4;1;1997.0;0;2;0;-1;4;2;2023;16:45;1;31;31483;2;1;1;6;43.10964;0.72945;3;2;0;1;1;1; -1;1;0;4;-1;Blessé léger;5
202300011661;155 659 878;A01;1;0;1;1;25;5;203 823 418;10;3;3;1;1942.0;5;0;-1;-1;4;2;2023;16:45;1;31;31483;2;1;1;6;43.10964;0.72945;3;2;0;1;1;1; -1;1;0;4;-1;Blessé hospitalisé;5
202300011674;155 659 855;A01;7;0;9;2;16;0;203 823 388;1;1;1;1;1957.0;0;1;0;-1;5;2;2023;11:50;1;13;13208;2;6;1;3;43.246161;5.39458622;4;1;2;0;1;3; -1;1;0;1;50;Indemne;6
202300011674;155 659 856;T01;1;0;0;0;0;5;203 823 389;1;1;4;1;1963.0;0;8;0;-1;5;2;2023;11:50;1;13;13208;2;6;1;3;43.246161;5.39458622;4;1;2;0;1;3; -1;1;0;1;50;Blessé léger;6
202300011678;155 659 847;A01;7;0;2;3;1;1;203 823 379;1;1;1;1;2000.0;5;1;-1;-1;5;2;2023;05:25;5;01;01053;2;1;1;1;46.20656;5.21972;4;2;3;0;1;1; -1;1;0;1;50;Indemne;6
202300011678;155 659 848;B01;1;0;0;0;0;5;203 823 380;1;1;2;1;1983.0;0;8;0;-1;5;2;2023;05:25;5;01;01053;2;1;1;1;46.20656;5.21972;4;2;3;0;1;1; -1;1;0;1;50;Tué;6
202300011715;155 659 774;A01;30;0;2;1;2;1;203 823 278;1;1;4;1;1971.0;9;2;6;-1;4;2;2023;18:00;5;33;33063;2;1;1;2;44.8321;-0.57843;4;2;2;2;1;1; -1;1;0;1;30;Blessé léger;5
202300011715;155 659 775;B01;1;0;2;4;1;5;203 823 279;1;1;4;1;1985.0;9;0;-1;-1;4;2;2023;18:00;5;33;33063;2;1;1;2;44.8321;-0.57843;4;2;2;2;1;1; -1;1;0;1;30;Blessé léger;5
202300011716;155 659 771;A01;80;0;2;1;1;2;203 823 273;1;1;3;1;2003.0;0;2;-1;-1;3;2;2023;15:05;1;33;33522;2;1;1;2;44.80952;-0.59129;4;2;2;2;1;1; -1;1;0;1;30;Blessé hospitalisé;4
202300011716;155 659 771;A01;80;0;2;1;1;2;203 823 274;2;2;4;2;2005.0;9;8;-1;-1;3;2;2023;15:05;1;33;33522;2;1;1;2;44.80952;-0.59129;4;2;2;2;1;1; -1;1;0;1;30;Blessé léger;4
202300011716;155 659 773;B01;7;0;2;4;23;1;203 823 276;1;1;1;1;1972.0;0;1;-1;-1;3;2;2023;15:05;1;33;33522;2;1;1;2;44.80952;-0.59129;4;2;2;2;1;1; -1;1;0;1;30;Indemne;4
202300011725;155 659 757;A01;13;0;2;8;22;1;203 823 255;1;1;1;1;1982.0;4;8;0;-1;19;10;2023;11:10;1;75;75111;2;3;1;3;48.85914;2.379469;4;2;2;0;1;1; -1;1;0;1;30;Indemne;3
202300011725;155 659 757;A01;13;0;2;8;22;1;203 823 255;1;1;1;1;1982.0;4;8;0;-1;19;10;2023;11:10;1;75;75111;2;3;1;3;48.85914;2.379469;4;1; -1;-1;1;1; -1;1;0;1;30;Indemne;3
202300011725;155 659 759;B01;1;0;2;1;1;5;203 823 257;1;1;4;1;1965.0;9;2;0;-1;19;10;2023;11:10;1;75;75111;2;3;1;3;48.85914;2.379469;4;2;2;0;1;1; -1;1;0;1;30;Blessé léger;3
202300011725;155 659 759;B01;1;0;2;1;1;5;203 823 257;1;1;4;1;1965.0;9;2;0;-1;19;10;2023;11:10;1;75;75111;2;3;1;3;48.85914;2.379469;4;1; -1;-1;1;1; -1;1;0;1;30;Blessé léger;3
202300011728;155 659 754;A01;10;0;2;3;22;1;203 823 252;1;1;1;1;1968.0;0;1;-1;-1;31;1;2023;16:50;1;16;16089;2;1;1;6;45.686866;-0.309052;3;2;2;0;1;1;7;1;9;1;50;Indemne;1
202300011728;155 659 756;B01;1;1;0;1;1;5;203 823 254;1;1;4;1;1999.0;0;0;-1;-1;31;1;2023;16:50;1;16;16089;2;1;1;6;45.686866;-0.309052;3;2;2;0;1;1;7;1;9;1;50;Blessé léger;1
202300011729;155 659 752;Z01;1;0;1;0;5;5;203 823 248;10;3;4;2;1960.0;5;0;-1;-1;19;10;2023;15:30;1;75;75108;2;3;1;6;48.874954;2.301047;4;1;1;0;1;1; -1;1;0;1;30;Blessé léger;3
202300011729;155 659 752;Z01;1;0;1;0;5;5;203 823 248;10;3;4;2;1960.0;5;0;-1;-1;19;10;2023;15:30;1;75;75108;2;3;1;6;48.874954;2.301047;4;2; -1;-1;1;1; -1;1;0;1;30;Blessé léger;3
202300011729;155 659 752;Z01;1;0;1;0;5;5;203 823 249;1;1;1;1;2000.0;-1;8;0;-1;19;10;2023;15:30;1;75;75108;2;3;1;6;48.874954;2.301047;4;1;1;0;1;1; -1;1;0;1;30;Indemne;3
202300011729;155 659 752;Z01;1;0;1;0;5;5;203 823 249;1;1;1;1;2000.0;-1;8;0;-1;19;10;2023;15:30;1;75;75108;2;3;1;6;48.874954;2.301047;4;2; -1;-1;1;1; -1;1;0;1;30;Indemne;3
202300011730;155 659 750;A01;1;0;2;0;19;5;203 823 246;1;1;1;2;2005.0;9;8;0;-1;19;10;2023;11:00;1;75;75108;2;3;8;3;48.86439;2.320311;4;1; -1;-1;1;1; -1;2;0;1;30;Indemne;3
202300011730;155 659 750;A01;1;0;2;0;19;5;203 823 246;1;1;1;2;2005.0;9;8;0;-1;19;10;2023;11:00;1;75;75108;2;3;8;3;48.86439;2.320311;4;2;0;0;1;1; -1;2;0;1;30;Indemne;3
202300011730;155 659 751;B01;33;0;2;1;1;1;203 823 247;1;1;4;1;1984.0;9;8;8;-1;19;10;2023;11:00;1;75;75108;2;3;8;3;48.86439;2.320311;4;1; -1;-1;1;1; -1;2;0;1;30;Blessé léger;3