Num_Acc;id_vehicule;num_veh;catv;obs;obsm;choc;manv;motor;id_usager;place;catu;grav;sexe;an_nais;trajet;secu1;secu2;secu3;jour;mois;an;hrmn;lum;dep;com;agg;int;atm;col;lat;long;catr;circ;nbv;vosp;prof;plan;larrout;surf;infra;situ;vma;gravity;day_of_week
202300011730;155 659 751;B01;33;0;2;1;1;1;203 823 247;1;1;4;1;1984.0;9;8;8;-1;19;10;2023;11:00;1;75;75108;2;3;8;3;48.86439;2.320311;4;2;0;0;1;1; -1;2;0;1;30;Blessé léger;3
202300011731;155 659 749;A01;80;0;0;0;7;3;203 823 245;1;1;4;1;1991.0;5;8;0;-1;18;10;2023;23:00;5;75;75108;2;1;2;7;48.867212;2.306804;4;1;3;3;1;1; -1;2;-1;6;30;Blessé léger;2
202300011732;155 659 748;A01;1;0;0;0;1;5;203 823 244;1;1;4;2;1963.0;5;8;0;-1;19;10;2023;15:00;1;75;75101;2;3;1;7;48.86631;2.324165;4;1;1;0;1;1; -1;1;0;5;30;Blessé léger;3
202300011732;155 659 748;A01;1;0;0;0;1;5;203 823 244;1;1;4;2;1963.0;5;8;0;-1;19;10;2023;15:00;1;75;75101;2;3;1;7;48.86631;2.324165;4;2;5;1;1;1; -1;1;0;5;30;Blessé léger;3
202300011734;155 659 746;A01;1;0;2;4;1;5;203 823 241;1;1;4;2;1985.0;5;8;0;-1;18;10;2023;13:50;1;75;75103;2;2;2;3;48.865463;2.356088;4;2;2;1;1;1; -1;2;-1;5;30;Blessé léger;2
202300011734;155 659 746;A01;1;0;2;4;1;5;203 823 241;1;1;4;2;1985.0;5;8;0;-1;18;10;2023;13:50;1;75;75103;2;2;2;3;48.865463;2.356088;4;1;1;0;1;1; -1;2;-1;5;30;Blessé léger;2
202300011740;155 659 730;A01;7;0;2;3;16;1;203 823 223;1;1;1;2;1948.0;0;1;0;-1;17;10;2023;10:40;1;94;94033;2;6;1;3;48.8527;2.4816;3;3;2;1;2;2; -1;1;9;1;50;Indemne;1
202300011740;155 659 730;A01;7;0;2;3;16;1;203 823 223;1;1;1;2;1948.0;0;1;0;-1;17;10;2023;10:40;1;94;94033;2;6;1;3;48.8527;2.4816;3;3;4;2;2;3; -1;1;9;1;-1;Indemne;1
202300011740;155 659 730;A01;7;0;2;3;16;1;203 823 223;1;1;1;2;1948.0;0;1;0;-1;17;10;2023;10:40;1;94;94033;2;6;1;3;48.8527;2.4816;3;3;4;2;1;3; -1;1;9;1;50;Indemne;1
202300011740;155 659 731;B01;80;0;2;1;1;3;203 823 224;1;1;4;1;1960.0;0;8;0;-1;17;10;2023;10:40;1;94;94033;2;6;1;3;48.8527;2.4816;3;3;2;1;2;2; -1;1;9;1;50;Blessé léger;1
202300011740;155 659 731;B01;80;0;2;1;1;3;203 823 224;1;1;4;1;1960.0;0;8;0;-1;17;10;2023;10:40;1;94;94033;2;6;1;3;48.8527;2.4816;3;3;4;2;2;3; -1;1;9;1;-1;Blessé léger;1
202300011740;155 659 731;B01;80;0;2;1;1;3;203 823 224;1;1;4;1;1960.0;0;8;0;-1;17;10;2023;10:40;1;94;94033;2;6;1;3;48.8527;2.4816;3;3;4;2;1;3; -1;1;9;1;50;Blessé léger;1
202300011754;155 659 705;A01;80;0;2;1;1;3;203 823 192;1;1;4;1;2003.0;1;8;0;-1;19;10;2023;06:55;5;92;92040;2;1;1;3;48.82750204;2.27680291;3;2;2;1;1;1; -1;1;0;1;30;Blessé léger;3
202300011754;155 659 706;B01;7;0;2;3;15;2;203 823 193;1;1;1;1;1987.0;4;1;0;-1;19;10;2023;06:55;5;92;92040;2;1;1;3;48.82750204;2.27680291;3;2;2;1;1;1; -1;1;0;1;30;Indemne;3
202300011756;155 659 702;A01;7;0;2;1;16;1;203 823 189;1;1;1;1;1953.0;1;1;0;-1;27;4;2023;20:18;5;75;75104;2;3;2;1;48.854303;2.363748;4;1;1;0;1;1; -1;2;0;1;30;Indemne;3
202300011756;155 659 702;A01;7;0;2;1;16;1;203 823 189;1;1;1;1;1953.0;1;1;0;-1;27;4;2023;20:18;5;75;75104;2;3;2;1;48.854303;2.363748;4;2;4;0;1;1; -1;2;0;1;30;Indemne;3
202300011756;155 659 703;B01;1;0;2;3;1;5;203 823 190;1;1;4;1;1989.0;1;8;0;-1;27;4;2023;20:18;5;75;75104;2;3;2;1;48.854303;2.363748;4;1;1;0;1;1; -1;2;0;1;30;Blessé léger;3
202300011756;155 659 703;B01;1;0;2;3;1;5;203 823 190;1;1;4;1;1989.0;1;8;0;-1;27;4;2023;20:18;5;75;75104;2;3;2;1;48.854303;2.363748;4;2;4;0;1;1; -1;2;0;1;30;Blessé léger;3
202300011760;155 659 692;B01;1;0;2;4;1;5;203 823 179;1;1;4;1;1961.0;0;2;0;-1;28;4;2023;15:50;1;94;94021;2;1;1;2;48.77323;2.367453;3;3;4;1;1;1; -1;1;0;5;50;Blessé léger;4
202300011760;155 659 693;A01;10;1;2;2;14;1;203 823 180;1;1;1;1;1960.0;0;1;0;-1;28;4;2023;15:50;1;94;94021;2;1;1;2;48.77323;2.367453;3;3;4;1;1;1; -1;1;0;5;50;Indemne;4
202300011761;155 659 690;A01;7;0;2;2;16;1;203 823 177;1;1;1;1;1958.0;1;1;0;-1;28;4;2023;09:00;1;94;94034;2;9;2;3;48.760557;2.31830809;3;3;4;1;2;1;7;2;3;1;50;Indemne;4
202300011761;155 659 690;A01;7;0;2;2;16;1;203 823 177;1;1;1;1;1958.0;1;1;0;-1;28;4;2023;09:00;1;94;94034;2;9;2;3;48.760557;2.31830809;3;2;2;-1;1;1; -1;2;0;1;-1;Indemne;4
202300011761;155 659 691;B01;1;0;2;7;26;5;203 823 178;1;1;4;1;1979.0;1;8;0;-1;28;4;2023;09:00;1;94;94034;2;9;2;3;48.760557;2.31830809;3;3;4;1;2;1;7;2;3;1;50;Blessé léger;4
202300011761;155 659 691;B01;1;0;2;7;26;5;203 823 178;1;1;4;1;1979.0;1;8;0;-1;28;4;2023;09:00;1;94;94034;2;9;2;3;48.760557;2.31830809;3;2;2;-1;1;1; -1;2;0;1;-1;Blessé léger;4
202300011763;155 659 685;A01;1;0;2;1;0;5;203 823 169;1;1;4;2;1986.0;1;8;0;-1;28;4;2023;12:15;1;94;94017;2;2;1;1;48.80632;2.530083;3;3;4;0;1;1; -1;1;9;1;50;Blessé léger;4
202300011763;155 659 685;A01;1;0;2;1;0;5;203 823 169;1;1;4;2;1986.0;1;8;0;-1;28;4;2023;12:15;1;94;94017;2;2;1;1;48.80632;2.530083;3;3;2;0;1;1; -1;1;9;1;50;Blessé léger;4
202300011763;155 659 686;B01;10;0;2;1;0;1;203 823 170;1;1;1;1;1967.0;1;1;0;-1;28;4;2023;12:15;1;94;94017;2;2;1;1;48.80632;2.530083;3;3;4;0;1;1; -1;1;9;1;50;Indemne;4
202300011763;155 659 686;B01;10;0;2;1;0;1;203 823 170;1;1;1;1;1967.0;1;1;0;-1;28;4;2023;12:15;1;94;94017;2;2;1;1;48.80632;2.530083;3;3;2;0;1;1; -1;1;9;1;50;Indemne;4
202300011766;155 659 679;A01;7;0;2;2;16;1;203 823 162;1;1;1;1;2000.0;0;1;0;-1;28;4;2023;18:13;1;93;93031;2;3;1;3;48.95824;2.29524;4;2;2;0;1;1; -1;1;5;1;50;Indemne;4
202300011766;155 659 679;A01;7;0;2;2;16;1;203 823 162;1;1;1;1;2000.0;0;1;0;-1;28;4;2023;18:13;1;93;93031;2;3;1;3;48.95824;2.29524;4;2;2;0;1;1; -1;1;0;1;50;Indemne;4
202300011766;155 659 680;B01;1;0;2;8;19;5;203 823 163;1;1;4;1;2013.0;5;8;0;-1;28;4;2023;18:13;1;93;93031;2;3;1;3;48.95824;2.29524;4;2;2;0;1;1; -1;1;5;1;50;Blessé léger;4
202300011766;155 659 680;B01;1;0;2;8;19;5;203 823 163;1;1;4;1;2013.0;5;8;0;-1;28;4;2023;18:13;1;93;93031;2;3;1;3;48.95824;2.29524;4;2;2;0;1;1; -1;1;0;1;50;Blessé léger;4
202300011767;155 659 678;A01;1;0;0;0;0;5;203 823 161;1;1;4;1;1996.0;1;8;8;-1;28;4;2023;09:25;1;93;93066;2;1;2;7;48.938919;2.370017;3;2;4;1;1;1; -1;2;0;5;30;Blessé léger;4
202300011771;155 659 671;A01;3;0;2;2;1;1;203 823 152;1;1;1;1;1942.0;9;1;0;-1;28;4;2023;09:00;1;92;92050;2;1;8;3;48.90643783;2.22437203;4;2;2;0;1;1; -1;2;2;1;50;Indemne;4
202300011771;155 659 672;B01;1;0;0;1;16;5;203 823 153;1;1;4;1;1987.0;0;8;0;-1;28;4;2023;09:00;1;92;92050;2;1;8;3;48.90643783;2.22437203;4;2;2;0;1;1; -1;2;2;1;50;Blessé léger;4
202300011772;155 659 670;A01;1;8;0;1;1;5;203 823 151;1;1;4;1;2003.0;1;8;0;-1;28;4;2023;08:20;1;92;92040;2;9;2;6;48.82456606;2.27094457;4;1;1;1;1;1; -1;2;0;5;30;Blessé léger;4
202300011789;155 659 641;A01;7;0;2;7;13;1;203 823 106;1;1;1;2;1994.0;5;1;-1;-1;28;4;2023;16:45;1;19;19013;1;1;1;3;45.17615674;1.67319037;3;2;2;0;2;1; -1;1;0;1;90;Indemne;4
202300011789;155 659 642;B01;1;0;2;1;1;5;203 823 107;1;1;4;1;1958.0;5;2;-1;-1;28;4;2023;16:45;1;19;19013;1;1;1;3;45.17615674;1.67319037;3;2;2;0;2;1; -1;1;0;1;90;Blessé léger;4
202300011841;155 659 546;A01;7;0;2;3;0;1;203 822 968;1;1;1;2;1988.0;1;1;0;-1;26;4;2023;17:10;1;971;97101;2;1;1;3;16.25748;-61.53064;4;2;2;0;1;3; -1;1;0;1;50;Indemne;2
202300011841;155 659 547;B01;1;0;2;0;0;5;203 822 969;1;1;4;1;1957.0;0;8;0;-1;26;4;2023;17:10;1;971;97101;2;1;1;3;16.25748;-61.53064;4;2;2;0;1;3; -1;1;0;1;50;Blessé léger;2
202300011857;155 659 519;A01;7;1;2;1;26;1;203 822 929;1;1;1;1;2002.0;5;8;-1;-1;27;4;2023;23:17;5;69;69266;2;1;1;4;45.7708;4.87238;4;2;2;2;1;1; -1;1;0;1;50;Indemne;3
202300011857;155 659 520;C01;1;0;2;1;1;5;203 822 930;1;1;4;1;1993.0;5;8;-1;-1;27;4;2023;23:17;5;69;69266;2;1;1;4;45.7708;4.87238;4;2;2;2;1;1; -1;1;0;1;50;Blessé léger;3
202300011857;155 659 521;D01;1;0;2;1;1;5;203 822 931;1;1;3;2;1994.0;5;8;-1;-1;27;4;2023;23:17;5;69;69266;2;1;1;4;45.7708;4.87238;4;2;2;2;1;1; -1;1;0;1;50;Blessé hospitalisé;3
202300011867;155 659 501;A01;7;0;2;1;19;1;203 822 906;1;1;1;2;1984.0;0;1;0;-1;27;4;2023;10:55;1;64;64335;1;2;1;3;43.34702;-0.43595;3;2;2;0;1;1; -1;1;0;1;30;Indemne;3
202300011867;155 659 501;A01;7;0;2;1;19;1;203 822 906;1;1;1;2;1984.0;0;1;0;-1;27;4;2023;10:55;1;64;64335;1;2;1;3;43.34702;-0.43595;3;2;2;0;1;1; -1;1;0;1;70;Indemne;3
202300011867;155 659 502;B01;1;0;2;8;1;5;203 822 907;1;1;4;1;1965.0;0;2;6;-1;27;4;2023;10:55;1;64;64335;1;2;1;3;43.34702;-0.43595;3;2;2;0;1;1; -1;1;0;1;30;Blessé léger;3
202300011867;155 659 502;B01;1;0;2;8;1;5;203 822 907;1;1;4;1;1965.0;0;2;6;-1;27;4;2023;10:55;1;64;64335;1;2;1;3;43.34702;-0.43595;3;2;2;0;1;1; -1;1;0;1;70;Blessé léger;3
202300011874;155 659 489;B01;1;0;2;8;1;5;203 822 893;1;1;4;1;2002.0;5;2;0;-1;13;4;2023;16:00;1;59;59328;2;3;1;3;50.6369;3.02521;7;2;1;0;1;1; -1;1;0;5;50;Blessé léger;3
202300011874;155 659 489;B01;1;0;2;8;1;5;203 822 893;1;1;4;1;2002.0;5;2;0;-1;13;4;2023;16:00;1;59;59328;2;3;1;3;50.6369;3.02521;7;1; -1;-1;1;1; -1;1;0;1;30;Blessé léger;3
202300011874;155 659 490;A01;7;0;9;2;14;1;203 822 894;1;1;1;2;1992.0;5;1;0;-1;13;4;2023;16:00;1;59;59328;2;3;1;3;50.6369;3.02521;7;2;1;0;1;1; -1;1;0;5;50;Indemne;3
202300011874;155 659 490;A01;7;0;9;2;14;1;203 822 894;1;1;1;2;1992.0;5;1;0;-1;13;4;2023;16:00;1;59;59328;2;3;1;3;50.6369;3.02521;7;1; -1;-1;1;1; -1;1;0;1;30;Indemne;3
202300011875;155 659 488;B01;1;0;0;8;15;5;203 822 892;1;1;4;1;1947.0;5;2;0;-1;26;4;2023;16:20;1;57;57566;2;9;1;7;48.74280931;7.08814859;3;1;1;0;1;2; -1;1;2;1;50;Blessé léger;2
202300011880;155 659 480;A01;7;0;2;4;4;1;203 822 881;1;1;4;1;2000.0;4;1;-1;-1;27;4;2023;10:40;1;51;51454;2;1;1;3;49.25168;4.02834;4;2;3;0;1;1; -1;1;0;1;50;Blessé léger;3
202300011880;155 659 480;A01;7;0;2;4;4;1;203 822 882;2;2;1;1;1996.0;4;1;-1;-1;27;4;2023;10:40;1;51;51454;2;1;1;3;49.25168;4.02834;4;2;3;0;1;1; -1;1;0;1;50;Indemne;3
202300011880;155 659 481;B01;80;0;2;5;1;3;203 822 883;1;1;4;1;1965.0;0;8;-1;-1;27;4;2023;10:40;1;51;51454;2;1;1;3;49.25168;4.02834;4;2;3;0;1;1; -1;1;0;1;50;Blessé léger;3
202300011884;155 659 471;A01;7;0;2;1;1;1;203 822 870;1;1;1;2;1986.0;0;1;0;-1;27;4;2023;22:53;5;37;37261;2;6;8;3;47.39465;0.70473;4;3;4;0;1;2; -1;1;5;1;50;Indemne;3
202300011884;155 659 471;A01;7;0;2;1;1;1;203 822 870;1;1;1;2;1986.0;0;1;0;-1;27;4;2023;22:53;5;37;37261;2;6;8;3;47.39465;0.70473;4;3;4;0;4;1; -1;1;5;1;50;Indemne;3
202300011884;155 659 472;B01;1;0;2;7;1;5;203 822 871;1;1;4;1;1987.0;0;8;0;-1;27;4;2023;22:53;5;37;37261;2;6;8;3;47.39465;0.70473;4;3;4;0;1;2; -1;1;5;1;50;Blessé léger;3
202300011884;155 659 472;B01;1;0;2;7;1;5;203 822 871;1;1;4;1;1987.0;0;8;0;-1;27;4;2023;22:53;5;37;37261;2;6;8;3;47.39465;0.70473;4;3;4;0;4;1; -1;1;5;1;50;Blessé léger;3
202300011885;155 659 469;B01;1;0;2;6;1;5;203 822 868;1;1;4;2;1994.0;0;8;4;-1;27;4;2023;19:35;1;35;35278;2;9;1;3;48.136703;-1.692329;7;1;1;0;1;2; -1;1;0;1;50;Blessé léger;3
202300011885;155 659 469;B01;1;0;2;6;1;5;203 822 868;1;1;4;2;1994.0;0;8;4;-1;27;4;2023;19:35;1;35;35278;2;9;1;3;48.136703;-1.692329;7;1;2;0;1;2; -1;2;0;5;50;Blessé léger;3
202300011885;155 659 470;A01;7;0;2;1;16;1;203 822 869;1;1;1;2;1973.0;0;8;0;-1;27;4;2023;19:35;1;35;35278;2;9;1;3;48.136703;-1.692329;7;1;1;0;1;2; -1;1;0;1;50;Indemne;3
202300011885;155 659 470;A01;7;0;2;1;16;1;203 822 869;1;1;1;2;1973.0;0;8;0;-1;27;4;2023;19:35;1;35;35278;2;9;1;3;48.136703;-1.692329;7;1;2;0;1;2; -1;2;0;5;50;Indemne;3
202300011915;155 659 410;A01;7;0;2;0;13;1;203 822 777;1;1;1;2;2000.0;5;1;8;-1;27;4;2023;16:25;1;75;75119;2;1;2;2;48.889508;2.369555;4;1;0;1;1;1; -1;2;0;5;30;Indemne;3
202300011915;155 659 410;A01;7;0;2;0;13;1;203 822 778;2;2;1;1;1998.0;5;1;8;-1;27;4;2023;16:25;1;75;75119;2;1;2;2;48.889508;2.369555;4;1;0;1;1;1; -1;2;0;5;30;Indemne;3
202300011915;155 659 411;B01;1;0;2;1;1;5;203 822 779;1;1;4;1;1971.0;5;8;0;-1;27;4;2023;16:25;1;75;75119;2;1;2;2;48.889508;2.369555;4;1;0;1;1;1; -1;2;0;5;30;Blessé léger;3
202300011917;155 659 406;A01;10;0;2;2;1;3;203 822 773;1;1;1;1;1983.0;9;1;0;-1;27;4;2023;20:34;5;75;75118;2;1;2;2;48.898612;2.363193;4;-1;2;0;1;1; -1;2;0;1;30;Indemne;3
202300011917;155 659 407;B01;1;0;2;0;13;5;203 822 774;1;1;4;1;2003.0;5;8;0;-1;27;4;2023;20:34;5;75;75118;2;1;2;2;48.898612;2.363193;4;-1;2;0;1;1; -1;2;0;1;30;Blessé léger;3
202300011919;155 659 403;A01;1;0;0;0;1;5;203 822 770;1;1;4;1;1997.0;9;8;0;-1;26;4;2023;13:35;1;75;75117;2;1;1;7;48.892065;2.307827;4;1;3;1;1;1; -1;1;0;5;50;Blessé léger;2
202300011920;155 659 401;B01;1;0;2;7;15;5;203 822 768;1;1;4;1;1989.0;4;8;0;-1;27;4;2023;09:35;1;75;75110;2;2;1;3;48.879739;2.358696;4;1;1;3;1;1; -1;1;0;6;30;Blessé léger;3
202300011920;155 659 401;B01;1;0;2;7;15;5;203 822 768;1;1;4;1;1989.0;4;8;0;-1;27;4;2023;09:35;1;75;75110;2;2;1;3;48.879739;2.358696;4;2;3;3;1;1; -1;1;0;6;30;Blessé léger;3
202300011920;155 659 402;A01;33;0;2;1;7;1;203 822 769;1;1;1;1;1967.0;1;2;0;-1;27;4;2023;09:35;1;75;75110;2;2;1;3;48.879739;2.358696;4;1;1;3;1;1; -1;1;0;6;30;Indemne;3
202300011920;155 659 402;A01;33;0;2;1;7;1;203 822 769;1;1;1;1;1967.0;1;2;0;-1;27;4;2023;09:35;1;75;75110;2;2;1;3;48.879739;2.358696;4;2;3;3;1;1; -1;1;0;6;30;Indemne;3
202300011922;155 659 397;A01;80;0;2;3;15;3;203 822 762;1;1;4;2;1977.0;1;2;0;-1;27;4;2023;09:30;1;75;75107;2;3;1;3;48.862608;2.319075;4;2;6;1;1;1; -1;1;0;1;30;Blessé léger;3
202300011922;155 659 397;A01;80;0;2;3;15;3;203 822 762;1;1;4;2;1977.0;1;2;0;-1;27;4;2023;09:30;1;75;75107;2;3;1;3;48.862608;2.319075;4;2;5;1;1;1; -1;1;0;1;30;Blessé léger;3
202300011922;155 659 398;B01;31;0;2;1;1;3;203 822 763;1;1;1;2;1994.0;1;2;6;-1;27;4;2023;09:30;1;75;75107;2;3;1;3;48.862608;2.319075;4;2;6;1;1;1; -1;1;0;1;30;Indemne;3
202300011922;155 659 398;B01;31;0;2;1;1;3;203 822 763;1;1;1;2;1994.0;1;2;6;-1;27;4;2023;09:30;1;75;75107;2;3;1;3;48.862608;2.319075;4;2;5;1;1;1; -1;1;0;1;30;Indemne;3
202300011923;155 659 396;Z01;1;0;1;1;1;5;203 822 761;10;3;4;2;1960.0;5;8;8;-1;27;4;2023;11:15;1;75;75101;2;3;1;6;48.861981;2.350191;4;2;5;1;1;1; -1;1;0;5;30;Blessé léger;3
202300011923;155 659 396;Z01;1;0;1;1;1;5;203 822 761;10;3;4;2;1960.0;5;8;8;-1;27;4;2023;11:15;1;75;75101;2;3;1;6;48.861981;2.350191;4;-1;1;1;1;1; -1;1;0;5;30;Blessé léger;3
202300011925;155 659 393;A01;1;0;1;1;1;5;203 822 756;1;1;1;1;1998.0;1;2;0;-1;26;4;2023;13:57;1;75;75104;2;1;1;6;48.847732;2.364261;4;2;2;0;2;1; -1;1;1;1;30;Indemne;2
202300011925;155 659 393;A01;1;0;1;1;1;5;203 822 757;10;3;3;1;1983.0;9;0;-1;-1;26;4;2023;13:57;1;75;75104;2;1;1;6;48.847732;2.364261;4;2;2;0;2;1; -1;1;1;1;30;Blessé hospitalisé;2
202300011926;155 659 391;B01;80;0;2;1;1;3;203 822 754;1;1;4;2;1987.0;1;8;0;-1;27;4;2023;09:45;1;94;94080;2;1;1;3;48.84226906;2.43324798;3;1;1;0;1;1; -1;1;0;1;50;Blessé léger;3
202300011926;155 659 392;A01;7;0;2;8;22;1;203 822 755;1;1;1;1;1962.0;1;1;0;-1;27;4;2023;09:45;1;94;94080;2;1;1;3;48.84226906;2.43324798;3;1;1;0;1;1; -1;1;0;1;50;Indemne;3
202300011948;155 659 355;A01;1;1;2;8;19;5;203 822 704;1;1;4;1;2013.0;5;0;-1;-1;16;8;2023;17:50;1;71;71391;2;1;1;3;46.824621;4.60019;3;2;2;0;4;1;4;1;0;1;50;Blessé léger;2
202300011948;155 659 356;B01;7;0;2;2;1;1;203 822 705;1;1;1;2;1969.0;1;1;-1;-1;16;8;2023;17:50;1;71;71391;2;1;1;3;46.824621;4.60019;3;2;2;0;4;1;4;1;0;1;50;Indemne;2
202300011964;155 659 328;A01;80;0;2;1;0;3;203 822 670;1;1;3;2;2010.0;5;0;-1;-1;16;8;2023;17:00;1;43;43224;1;3;1;1;45.243734;4.214791;4;-1; -1;-1;1;1; -1;1;0;1;-1;Blessé hospitalisé;2
202300011964;155 659 328;A01;80;0;2;1;0;3;203 822 670;1;1;3;2;2010.0;5;0;-1;-1;16;8;2023;17:00;1;43;43224;1;3;1;1;45.243734;4.214791;4;2;2;0;1;1; -1;1;0;1;50;Blessé hospitalisé;2
202300011964;155 659 329;B01;7;0;9;1;0;1;203 822 671;1;1;1;1;2002.0;5;1;-1;-1;16;8;2023;17:00;1;43;43224;1;3;1;1;45.243734;4.214791;4;-1; -1;-1;1;1; -1;1;0;1;-1;Indemne;2
202300011964;155 659 329;B01;7;0;9;1;0;1;203 822 671;1;1;1;1;2002.0;5;1;-1;-1;16;8;2023;17:00;1;43;43224;1;3;1;1;45.243734;4.214791;4;2;2;0;1;1; -1;1;0;1;50;Indemne;2
202300011981;155 659 296;A01;7;0;2;1;1;1;203 822 621;1;1;1;1;1982.0;5;8;0;-1;7;7;2023;18:05;1;44;44184;2;1;1;1;47.25883;-2.27763;4;3;2;1;1;1; -1;1;0;1;50;Indemne;4
202300011981;155 659 298;B01;1;0;2;7;19;5;203 822 623;1;1;2;1;2001.0;5;8;0;-1;7;7;2023;18:05;1;44;44184;2;1;1;1;47.25883;-2.27763;4;3;2;1;1;1; -1;1;0;1;50;Tué;4
202300011983;155 659 293;B01;1;0;2;8;0;5;203 822 618;1;1;3;1;1959.0;5;6;-1;-1;4;6;2023;11:10;1;79;79184;1;2;7;3;46.353496;-0.118484;3;2;2;0;2;2;7;1;0;1;80;Blessé hospitalisé;6
202300011983;155 659 293;B01;1;0;2;8;0;5;203 822 618;1;1;3;1;1959.0;5;6;-1;-1;4;6;2023;11:10;1;79;79184;1;2;7;3;46.353496;-0.118484;3;2; -1;-1;4;1; -1;1;0;1;-1;Blessé hospitalisé;6
202300011983;155 659 295;A01;7;0;0;3;0;1;203 822 620;1;1;1;1;1998.0;0;1;-1;-1;4;6;2023;11:10;1;79;79184;1;2;7;3;46.353496;-0.118484;3;2;2;0;2;2;7;1;0;1;80;Indemne;6
202300011983;155 659 295;A01;7;0;0;3;0;1;203 822 620;1;1;1;1;1998.0;0;1;-1;-1;4;6;2023;11:10;1;79;79184;1;2;7;3;46.353496;-0.118484;3;2; -1;-1;4;1; -1;1;0;1;-1;Indemne;6
202300011989;155 659 283;A01;7;0;2;2;1;1;203 822 604;1;1;1;2;1950.0;5;1;0;-1;8;7;2023;18:44;1;43;43002;2;1;1;3;45.05071192;3.8825891;3;2;2;1;1;3; -1;1;0;6;50;Indemne;5
202300011989;155 659 286;B01;1;0;2;1;19;5;203 822 609;1;1;3;2;1960.0;5;8;0;-1;8;7;2023;18:44;1;43;43002;2;1;1;3;45.05071192;3.8825891;3;2;2;1;1;3; -1;1;0;6;50;Blessé hospitalisé;5
202300012013;155 659 240;A01;7;0;2;2;9;1;203 822 540;2;1;1;1;1947.0;5;1;-1;-1;22;11;2023;09:15;1;29;29105;2;6;1;3;48.51581803;-4.05374394;3;1;2;0;1;1;8;1;5;1;50;Indemne;2
202300012013;155 659 240;A01;7;0;2;2;9;1;203 822 540;2;1;1;1;1947.0;5;1;-1;-1;22;11;2023;09:15;1;29;29105;2;6;1;3;48.51581803;-4.05374394;3;1;2;0;1;1;8;1;5;8;-1;Indemne;2
202300012013;155 659 242;B01;1;0;2;7;16;5;203 822 542;1;1;4;1;1960.0;5;0;-1;-1;22;11;2023;09:15;1;29;29105;2;6;1;3;48.51581803;-4.05374394;3;1;2;0;1;1;8;1;5;1;50;Blessé léger;2
202300012013;155 659 242;B01;1;0;2;7;16;5;203 822 542;1;1;4;1;1960.0;5;0;-1;-1;22;11;2023;09:15;1;29;29105;2;6;1;3;48.51581803;-4.05374394;3;1;2;0;1;1;8;1;5;8;-1;Blessé léger;2
202300012014;155 659 239;A01;1;0;2;1;0;5;203 822 539;1;1;4;2;1987.0;5;8;0;-1;8;7;2023;09:45;1;34;34172;2;1;1;3;43.599849;3.866673;4;2;2;0;1;1; -1;1;0;1;30;Blessé léger;5
202300012014;155 659 241;B01;7;0;2;7;1;1;203 822 541;1;1;1;2;1966.0;0;1;0;-1;8;7;2023;09:45;1;34;34172;2;1;1;3;43.599849;3.866673;4;2;2;0;1;1; -1;1;0;1;30;Indemne;5
202300012026;155 659 218;A01;7;0;2;3;1;1;203 822 511;1;1;1;2;1988.0;9;1;-1;-1;2;6;2023;10:00;1;62;62366;1;1;1;1;50.40908755;2.5688653;4;2;2;0;1;3; -1;1;0;1;80;Indemne;4
202300012026;155 659 220;B01;1;0;2;1;13;5;203 822 513;1;1;3;1;1981.0;5;2;-1;-1;2;6;2023;10:00;1;62;62366;1;1;1;1;50.40908755;2.5688653;4;2;2;0;1;3; -1;1;0;1;80;Blessé hospitalisé;4
202300012043;155 659 180;A01;1;0;2;1;13;5;203 822 459;1;1;4;1;1947.0;5;8;0;-1;3;7;2023;08:12;1;05;05061;2;1;1;1;44.54276221;6.05954736;4;2;2;1;2;1; -1;1;0;5;30;Blessé léger;0
202300012043;155 659 182;B01;80;0;2;1;13;3;203 822 461;1;1;4;2;1968.0;1;8;0;-1;3;7;2023;08:12;1;05;05061;2;1;1;1;44.54276221;6.05954736;4;2;2;1;2;1; -1;1;0;5;30;Blessé léger;0
202300012044;155 659 183;A01;7;0;2;3;1;1;203 822 462;1;1;1;2;1964.0;1;1;-1;-1;16;8;2023;06:45;1;68;68352;2;1;1;3;48.014401;7.537994;3;2;2;2;1;1;5,5;1;0;1;30;Indemne;2
202300012044;155 659 185;B01;1;0;2;6;26;5;203 822 464;1;1;4;1;1960.0;0;0;-1;-1;16;8;2023;06:45;1;68;68352;2;1;1;3;48.014401;7.537994;3;2;2;2;1;1;5,5;1;0;1;30;Blessé léger;2
202300012045;155 659 177;A01;7;0;2;2;2;2;203 822 456;1;1;1;1;1991.0;4;1;-1;-1;22;11;2023;17:45;3;27;27198;1;9;1;2;48.880652;1.057901;3;2;2;0;1;1;7;1;0;1;80;Indemne;2
202300012045;155 659 179;B01;1;0;2;4;1;5;203 822 458;1;1;2;1;2007.0;5;0;-1;-1;22;11;2023;17:45;3;27;27198;1;9;1;2;48.880652;1.057901;3;2;2;0;1;1;7;1;0;1;80;Tué;2
202300012066;155 659 135;A01;7;0;2;3;1;1;203 822 406;1;1;1;1;1972.0;5;1;0;-1;8;7;2023;17:00;1;75;75113;2;3;1;3;48.838179;2.372994;4;2; -1;1;1;1; -1;1;0;5;-1;Indemne;5
202300012066;155 659 135;A01;7;0;2;3;1;1;203 822 406;1;1;1;1;1972.0;5;1;0;-1;8;7;2023;17:00;1;75;75113;2;3;1;3;48.838179;2.372994;4;2;2;1;1;1; -1;1;0;5;30;Indemne;5