Num_Acc;id_vehicule;num_veh;catv;obs;obsm;choc;manv;motor;id_usager;place;catu;grav;sexe;an_nais;trajet;secu1;secu2;secu3;jour;mois;an;hrmn;lum;dep;com;agg;int;atm;col;lat;long;catr;circ;nbv;vosp;prof;plan;larrout;surf;infra;situ;vma;gravity;day_of_week
202300012066;155 659 137;B01;80;0;2;3;1;3;203 822 409;1;1;4;1;2002.0;1;8;0;-1;8;7;2023;17:00;1;75;75113;2;3;1;3;48.838179;2.372994;4;2; -1;1;1;1; -1;1;0;5;-1;Blessé léger;5
202300012066;155 659 137;B01;80;0;2;3;1;3;203 822 409;1;1;4;1;2002.0;1;8;0;-1;8;7;2023;17:00;1;75;75113;2;3;1;3;48.838179;2.372994;4;2;2;1;1;1; -1;1;0;5;30;Blessé léger;5
202300012074;155 659 123;A01;1;0;2;4;2;5;203 822 389;1;1;4;1;1988.0;1;0;-1;-1;21;11;2023;15:00;1;84;84119;2;1;9;2;43.955228;4.923543;3;2;2;0;2;1; -1;1;0;1;30;Blessé léger;1
202300012078;155 659 117;B01;1;0;2;8;1;5;203 822 382;1;1;4;2;1990.0;1;8;0;-1;7;7;2023;12:39;1;75;75101;2;2;1;3;48.86985;2.32806;4;2;6;3;1;1; -1;1;0;5;30;Blessé léger;4
202300012078;155 659 117;B01;1;0;2;8;1;5;203 822 382;1;1;4;2;1990.0;1;8;0;-1;7;7;2023;12:39;1;75;75101;2;2;1;3;48.86985;2.32806;4;1;1;0;1;1; -1;1;0;1;30;Blessé léger;4
202300012088;155 659 097;B01;1;0;2;7;13;5;203 822 359;1;1;4;2;1959.0;4;2;0;-1;8;7;2023;12:55;1;94;94068;2;2;1;3;48.789196;2.503619;4;1;1;0;1;1; -1;1;0;1;30;Blessé léger;5
202300012088;155 659 097;B01;1;0;2;7;13;5;203 822 359;1;1;4;2;1959.0;4;2;0;-1;8;7;2023;12:55;1;94;94068;2;2;1;3;48.789196;2.503619;4;2;2;0;1;1; -1;1;0;1;30;Blessé léger;5
202300012088;155 659 100;A01;14;0;2;2;16;1;203 822 361;1;1;1;1;1991.0;4;1;0;-1;8;7;2023;12:55;1;94;94068;2;2;1;3;48.789196;2.503619;4;1;1;0;1;1; -1;1;0;1;30;Indemne;5
202300012088;155 659 100;A01;14;0;2;2;16;1;203 822 361;1;1;1;1;1991.0;4;1;0;-1;8;7;2023;12:55;1;94;94068;2;2;1;3;48.789196;2.503619;4;2;2;0;1;1; -1;1;0;1;30;Indemne;5
202300012119;155 659 032;A01;1;0;0;0;2;5;203 822 272;1;1;4;2;1994.0;0;8;0;-1;8;7;2023;12:38;1;92;92075;2;9;1;7;48.8181927;2.28459567;3;-1;2;0;2;1; -1;1;0;1;50;Blessé léger;5
202300012123;155 659 020;A01;7;0;9;2;17;0;203 822 258;1;1;1;2;1953.0;5;1;0;-1;28;12;2023;17:18;2;43;43041;2;9;1;3;45.0508;3.90863;4;2;2;0;2;1; -1;1;0;1;-1;Indemne;3
202300012123;155 659 023;B01;1;0;2;8;19;5;203 822 261;1;1;4;1;1952.0;5;0;-1;-1;28;12;2023;17:18;2;43;43041;2;9;1;3;45.0508;3.90863;4;2;2;0;2;1; -1;1;0;1;-1;Blessé léger;3
202300012130;155 659 006;A01;1;0;2;1;5;5;203 822 240;1;1;4;2;2011.0;5;8;0;-1;3;6;2023;18:55;1;72;72181;2;1;1;3;47.96992;0.2086;4;2;0;0;1;1; -1;1;0;1;50;Blessé léger;5
202300012130;155 659 010;B01;7;0;2;2;1;1;203 822 245;1;1;1;2;1963.0;0;1;8;-1;3;6;2023;18:55;1;72;72181;2;1;1;3;47.96992;0.2086;4;2;0;0;1;1; -1;1;0;1;50;Indemne;5
202300012131;155 659 007;A01;7;0;9;1;15;2;203 822 241;1;1;1;1;1979.0;4;1;8;-1;8;7;2023;10:15;1;92;92040;2;2;1;1;48.82896352;2.26428616;3;2;4;1;1;1; -1;1;9;1;30;Indemne;5
202300012131;155 659 009;B01;1;0;2;1;1;5;203 822 244;1;1;4;1;1982.0;1;2;8;-1;8;7;2023;10:15;1;92;92040;2;2;1;1;48.82896352;2.26428616;3;2;4;1;1;1; -1;1;9;1;30;Blessé léger;5
202300012136;155 658 993;A01;7;0;9;2;1;1;203 822 219;1;1;1;1;1988.0;5;8;-1;-1;9;7;2023;10:45;1;40;40296;2;3;1;3;43.695927;-1.430566;3;-1; -1;1;1;1; -1;1;9;5;50;Indemne;6
202300012136;155 658 993;A01;7;0;9;2;1;1;203 822 219;1;1;1;1;1988.0;5;8;-1;-1;9;7;2023;10:45;1;40;40296;2;3;1;3;43.695927;-1.430566;3;2; -1;-1;1;1; -1;1;0;5;50;Indemne;6
202300012136;155 658 998;B01;1;0;2;1;1;5;203 822 225;1;1;4;2;1991.0;5;0;-1;-1;9;7;2023;10:45;1;40;40296;2;3;1;3;43.695927;-1.430566;3;-1; -1;1;1;1; -1;1;9;5;50;Blessé léger;6
202300012136;155 658 998;B01;1;0;2;1;1;5;203 822 225;1;1;4;2;1991.0;5;0;-1;-1;9;7;2023;10:45;1;40;40296;2;3;1;3;43.695927;-1.430566;3;2; -1;-1;1;1; -1;1;0;5;50;Blessé léger;6
202300012160;155 658 955;A01;1;15;0;1;1;5;203 822 170;1;1;3;1;1948.0;5;0;-1;-1;8;7;2023;17:40;1;62;62397;2;1;1;6;50.869763;1.873915;3;2;2;0;1;1;4;1;9;4;50;Blessé hospitalisé;5
202300012176;155 658 924;A01;7;0;2;7;16;1;203 822 131;1;1;1;1;2000.0;0;8;8;-1;2;6;2023;16:20;1;59;59527;2;3;1;3;50.66523;3.05966;7;2;2;0;1;1; -1;1;0;1;50;Indemne;4
202300012176;155 658 924;A01;7;0;2;7;16;1;203 822 131;1;1;1;1;2000.0;0;8;8;-1;2;6;2023;16:20;1;59;59527;2;3;1;3;50.66523;3.05966;7;2;2;0;1;1; -1;1;0;1;50;Indemne;4
202300012176;155 658 927;B01;1;0;2;8;1;5;203 822 135;1;1;4;2;1961.0;0;8;8;-1;2;6;2023;16:20;1;59;59527;2;3;1;3;50.66523;3.05966;7;2;2;0;1;1; -1;1;0;1;50;Blessé léger;4
202300012176;155 658 927;B01;1;0;2;8;1;5;203 822 135;1;1;4;2;1961.0;0;8;8;-1;2;6;2023;16:20;1;59;59527;2;3;1;3;50.66523;3.05966;7;2;2;0;1;1; -1;1;0;1;50;Blessé léger;4
202300012188;155 658 900;A01;7;0;2;1;15;0;203 822 098;1;1;1;1;2000.0;1;1;8;-1;28;12;2023;08:20;1;13;13208;2;1;1;1;43.277303;5.394606;4;1;1;1;2;1; -1;1;0;5;50;Indemne;3
202300012188;155 658 904;B01;80;0;2;7;1;3;203 822 101;1;1;3;1;1989.0;0;2;8;-1;28;12;2023;08:20;1;13;13208;2;1;1;1;43.277303;5.394606;4;1;1;1;2;1; -1;1;0;5;50;Blessé hospitalisé;3
202300012196;155 658 888;A01;7;0;2;1;15;1;203 822 083;1;1;1;1;1999.0;0;1;0;-1;2;6;2023;17:20;1;54;54149;1;3;1;3;49.44725;5.91864;3;2;2;0;1;2;4;1;0;1;80;Indemne;4
202300012196;155 658 888;A01;7;0;2;1;15;1;203 822 083;1;1;1;1;1999.0;0;1;0;-1;2;6;2023;17:20;1;54;54149;1;3;1;3;49.44725;5.91864;3;2;2;0;1;3;4;1;0;1;80;Indemne;4
202300012196;155 658 895;B01;1;0;2;8;1;5;203 822 091;1;1;4;1;1949.0;5;2;-1;-1;2;6;2023;17:20;1;54;54149;1;3;1;3;49.44725;5.91864;3;2;2;0;1;2;4;1;0;1;80;Blessé léger;4
202300012196;155 658 895;B01;1;0;2;8;1;5;203 822 091;1;1;4;1;1949.0;5;2;-1;-1;2;6;2023;17:20;1;54;54149;1;3;1;3;49.44725;5.91864;3;2;2;0;1;3;4;1;0;1;80;Blessé léger;4
202300012204;155 658 879;A01;7;0;2;3;1;1;203 822 072;1;1;1;2;1975.0;0;1;-1;-1;21;11;2023;20:22;5;69;69386;2;3;1;3;45.77125;4.84988;4;1;1;2;1;1; -1;1;0;1;30;Indemne;1
202300012204;155 658 879;A01;7;0;2;3;1;1;203 822 072;1;1;1;2;1975.0;0;1;-1;-1;21;11;2023;20:22;5;69;69386;2;3;1;3;45.77125;4.84988;4;2;4;3;1;1; -1;1;0;1;50;Indemne;1
202300012204;155 658 882;B01;1;0;2;1;0;5;203 822 075;1;1;4;1;2002.0;0;8;-1;-1;21;11;2023;20:22;5;69;69386;2;3;1;3;45.77125;4.84988;4;1;1;2;1;1; -1;1;0;1;30;Blessé léger;1
202300012204;155 658 882;B01;1;0;2;1;0;5;203 822 075;1;1;4;1;2002.0;0;8;-1;-1;21;11;2023;20:22;5;69;69386;2;3;1;3;45.77125;4.84988;4;2;4;3;1;1; -1;1;0;1;50;Blessé léger;1
202300012210;155 658 866;A01;1;0;2;4;1;5;203 822 053;1;1;4;1;1963.0;5;2;0;-1;13;8;2023;08:38;1;77;77237;1;1;1;2;48.843955;2.749072;3;2;2;0;1;1;5,5;1;0;1;70;Blessé léger;6
202300012212;155 658 863;B01;1;0;2;1;1;5;203 822 050;1;1;3;1;2008.0;0;8;0;-1;3;6;2023;19:05;1;49;49007;2;2;1;3;47.4784;-0.5646;4;1;2;3;1;1; -1;1;0;1;30;Blessé hospitalisé;5
202300012212;155 658 863;B01;1;0;2;1;1;5;203 822 050;1;1;3;1;2008.0;0;8;0;-1;3;6;2023;19:05;1;49;49007;2;2;1;3;47.4784;-0.5646;4;-1;1;0;1;1; -1;1;0;1;30;Blessé hospitalisé;5
202300012212;155 658 868;A01;10;0;2;7;16;1;203 822 054;1;1;1;1;1991.0;0;8;0;-1;3;6;2023;19:05;1;49;49007;2;2;1;3;47.4784;-0.5646;4;1;2;3;1;1; -1;1;0;1;30;Indemne;5
202300012212;155 658 868;A01;10;0;2;7;16;1;203 822 054;1;1;1;1;1991.0;0;8;0;-1;3;6;2023;19:05;1;49;49007;2;2;1;3;47.4784;-0.5646;4;-1;1;0;1;1; -1;1;0;1;30;Indemne;5
202300012213;155 658 864;B01;1;0;2;4;1;5;203 822 052;1;1;4;1;1944.0;0;8;0;-1;28;12;2023;17:05;5;06;06088;2;2;1;3;43.7004573;7.2865733;4;1;3;3;1;1; -1;1;0;1;50;Blessé léger;3
202300012213;155 658 864;B01;1;0;2;4;1;5;203 822 052;1;1;4;1;1944.0;0;8;0;-1;28;12;2023;17:05;5;06;06088;2;2;1;3;43.7004573;7.2865733;4;1;2;0;1;1; -1;1;0;1;50;Blessé léger;3
202300012213;155 658 869;A01;7;0;9;1;1;1;203 822 056;1;1;1;1;1991.0;0;1;0;-1;28;12;2023;17:05;5;06;06088;2;2;1;3;43.7004573;7.2865733;4;1;3;3;1;1; -1;1;0;1;50;Indemne;3
202300012213;155 658 869;A01;7;0;9;1;1;1;203 822 056;1;1;1;1;1991.0;0;1;0;-1;28;12;2023;17:05;5;06;06088;2;2;1;3;43.7004573;7.2865733;4;1;2;0;1;1; -1;1;0;1;50;Indemne;3
202300012216;155 658 854;A01;7;0;2;3;9;1;203 822 038;1;1;1;2;1971.0;1;1;0;-1;3;6;2023;07:50;1;49;49246;2;6;7;3;47.4337;-0.52967;3;1;1;0;1;1;3,5;1;0;1;30;Indemne;5
202300012216;155 658 854;A01;7;0;2;3;9;1;203 822 038;1;1;1;2;1971.0;1;1;0;-1;3;6;2023;07:50;1;49;49246;2;6;7;3;47.4337;-0.52967;3;2;1;2;1;3;3;1;0;1;30;Indemne;5
202300012216;155 658 858;B01;1;0;2;7;1;5;203 822 045;1;1;3;1;1983.0;1;8;0;-1;3;6;2023;07:50;1;49;49246;2;6;7;3;47.4337;-0.52967;3;1;1;0;1;1;3,5;1;0;1;30;Blessé hospitalisé;5
202300012216;155 658 858;B01;1;0;2;7;1;5;203 822 045;1;1;3;1;1983.0;1;8;0;-1;3;6;2023;07:50;1;49;49246;2;6;7;3;47.4337;-0.52967;3;2;1;2;1;3;3;1;0;1;30;Blessé hospitalisé;5
202300012223;155 658 842;A01;1;0;2;2;11;5;203 822 022;1;1;4;1;1990.0;4;8;0;-1;28;12;2023;11:40;1;75;75117;2;1;8;3;48.885204;2.305584;4;2;2;0;1;1; -1;1;0;1;30;Blessé léger;3
202300012223;155 658 845;B01;7;0;2;3;17;1;203 822 024;1;1;1;1;1998.0;5;1;0;-1;28;12;2023;11:40;1;75;75117;2;1;8;3;48.885204;2.305584;4;2;2;0;1;1; -1;1;0;1;30;Indemne;3
202300012223;155 658 845;B01;7;0;2;3;17;1;203 822 026;2;2;1;1;1998.0;5;1;0;-1;28;12;2023;11:40;1;75;75117;2;1;8;3;48.885204;2.305584;4;2;2;0;1;1; -1;1;0;1;30;Indemne;3
202300012233;155 658 828;A01;7;0;0;5;6;1;203 822 000;1;1;1;2;1989.0;1;1;-1;-1;5;7;2023;05:45;2;24;24311;2;9;1;3;45.53306;0.662667;3;2;2;0;2;1;5;1;0;1;50;Indemne;2
202300012233;155 658 830;B01;1;0;0;5;1;5;203 822 003;1;1;3;1;1999.0;1;0;-1;-1;5;7;2023;05:45;2;24;24311;2;9;1;3;45.53306;0.662667;3;2;2;0;2;1;5;1;0;1;50;Blessé hospitalisé;2
202300012242;155 658 812;A01;10;0;2;7;16;1;203 821 978;1;1;1;1;1988.0;4;1;8;-1;28;12;2023;15:15;1;75;75107;2;2;1;3;48.859945;2.314836;4;-1; -1;-1;1;1; -1;1;0;1;-1;Indemne;3
202300012242;155 658 812;A01;10;0;2;7;16;1;203 821 978;1;1;1;1;1988.0;4;1;8;-1;28;12;2023;15:15;1;75;75107;2;2;1;3;48.859945;2.314836;4;1;2;1;1;1; -1;1;0;1;30;Indemne;3
202300012242;155 658 814;Y01;1;0;2;8;1;5;203 821 980;1;1;4;2;2005.0;5;8;0;-1;28;12;2023;15:15;1;75;75107;2;2;1;3;48.859945;2.314836;4;-1; -1;-1;1;1; -1;1;0;1;-1;Blessé léger;3
202300012242;155 658 814;Y01;1;0;2;8;1;5;203 821 980;1;1;4;2;2005.0;5;8;0;-1;28;12;2023;15:15;1;75;75107;2;2;1;3;48.859945;2.314836;4;1;2;1;1;1; -1;1;0;1;30;Blessé léger;3
202300012248;155 658 799;A01;1;0;2;1;1;5;203 821 962;1;1;4;2;1999.0;5;8;0;-1;13;8;2023;17:55;1;51;51454;2;1;1;3;49.24042;4.00994;4;1;1;1;2;1; -1;1;0;1;50;Blessé léger;6
202300012248;155 658 802;B01;7;0;2;7;1;1;203 821 964;1;1;1;2;1973.0;4;1;0;-1;13;8;2023;17:55;1;51;51454;2;1;1;3;49.24042;4.00994;4;1;1;1;2;1; -1;1;0;1;50;Indemne;6
202300012249;155 658 798;A01;1;0;2;5;19;5;203 821 960;1;1;4;1;1974.0;5;8;-1;-1;3;6;2023;22:45;5;35;35238;2;2;1;3;48.10993018;-1.655505;4;1;2;2;1;1; -1;1;5;1;50;Blessé léger;5
202300012249;155 658 798;A01;1;0;2;5;19;5;203 821 960;1;1;4;1;1974.0;5;8;-1;-1;3;6;2023;22:45;5;35;35238;2;2;1;3;48.10993018;-1.655505;4;2;3;2;1;1; -1;1;5;1;50;Blessé léger;5
202300012249;155 658 803;B01;7;0;2;1;1;1;203 821 966;1;1;1;1;1999.0;5;1;-1;-1;3;6;2023;22:45;5;35;35238;2;2;1;3;48.10993018;-1.655505;4;1;2;2;1;1; -1;1;5;1;50;Indemne;5
202300012249;155 658 803;B01;7;0;2;1;1;1;203 821 966;1;1;1;1;1999.0;5;1;-1;-1;3;6;2023;22:45;5;35;35238;2;2;1;3;48.10993018;-1.655505;4;2;3;2;1;1; -1;1;5;1;50;Indemne;5
202300012255;155 658 788;A01;7;0;2;7;1;6;203 821 949;1;1;1;2;1987.0;0;1;-1;-1;8;7;2023;19:10;1;30;30062;2;2;1;3;43.7861;4.2022;4;2; -1;0;1;1; -1;1;0;1;-1;Indemne;5
202300012255;155 658 788;A01;7;0;2;7;1;6;203 821 949;1;1;1;2;1987.0;0;1;-1;-1;8;7;2023;19:10;1;30;30062;2;2;1;3;43.7861;4.2022;4;2;2;0;1;1; -1;1;0;1;30;Indemne;5
202300012255;155 658 790;B01;1;0;2;0;19;5;203 821 951;1;1;3;1;1954.0;5;2;6;-1;8;7;2023;19:10;1;30;30062;2;2;1;3;43.7861;4.2022;4;2; -1;0;1;1; -1;1;0;1;-1;Blessé hospitalisé;5
202300012255;155 658 790;B01;1;0;2;0;19;5;203 821 951;1;1;3;1;1954.0;5;2;6;-1;8;7;2023;19:10;1;30;30062;2;2;1;3;43.7861;4.2022;4;2;2;0;1;1; -1;1;0;1;30;Blessé hospitalisé;5
202300012259;155 658 782;B01;1;0;2;7;1;5;203 821 940;1;1;4;2;1993.0;0;8;0;-1;3;6;2023;20:00;1;34;34172;2;3;1;3;43.6054149;3.85372147;4;2; -1;0;1;3; -1;1;0;1;30;Blessé léger;5
202300012259;155 658 782;B01;1;0;2;7;1;5;203 821 940;1;1;4;2;1993.0;0;8;0;-1;3;6;2023;20:00;1;34;34172;2;3;1;3;43.6054149;3.85372147;4;2;2;0;1;1; -1;1;0;1;30;Blessé léger;5
202300012261;155 658 779;B01;7;0;2;3;15;1;203 821 935;1;1;1;2;1956.0;5;1;0;-1;13;8;2023;18:25;1;43;43157;2;3;1;1;45.03955;3.88046;4;1;1;0;1;1; -1;1;0;1;50;Indemne;6
202300012261;155 658 779;B01;7;0;2;3;15;1;203 821 935;1;1;1;2;1956.0;5;1;0;-1;13;8;2023;18:25;1;43;43157;2;3;1;1;45.03955;3.88046;4;3;2;0;1;1; -1;1;0;1;50;Indemne;6
202300012261;155 658 781;A01;1;0;2;1;1;5;203 821 939;1;1;4;1;1993.0;1;8;0;-1;13;8;2023;18:25;1;43;43157;2;3;1;1;45.03955;3.88046;4;1;1;0;1;1; -1;1;0;1;50;Blessé léger;6
202300012261;155 658 781;A01;1;0;2;1;1;5;203 821 939;1;1;4;1;1993.0;1;8;0;-1;13;8;2023;18:25;1;43;43157;2;3;1;1;45.03955;3.88046;4;3;2;0;1;1; -1;1;0;1;50;Blessé léger;6
202300012266;155 658 765;A01;7;0;2;2;20;1;203 821 917;1;1;1;2;1984.0;5;1;-1;-1;3;6;2023;12:15;1;33;33063;2;1;1;3;44.86725;-0.57251;4;3;4;3;1;1; -1;1;0;1;50;Indemne;5
202300012266;155 658 767;B01;1;0;2;8;1;5;203 821 922;1;1;4;1;1962.0;5;2;-1;-1;3;6;2023;12:15;1;33;33063;2;1;1;3;44.86725;-0.57251;4;3;4;3;1;1; -1;1;0;1;50;Blessé léger;5
202300012271;155 658 756;B01;7;16;2;1;2;1;203 821 898;1;1;1;1;2001.0;5;1;-1;-1;7;7;2023;22:10;4;91;91249;1;1;1;1;48.619612;2.080075;3;1;1;0;2;3; -1;1;0;1;80;Indemne;4
202300012271;155 658 758;A01;1;0;2;1;13;5;203 821 903;1;1;4;1;1980.0;1;9;-1;-1;7;7;2023;22:10;4;91;91249;1;1;1;1;48.619612;2.080075;3;1;1;0;2;3; -1;1;0;1;80;Blessé léger;4
202300012279;155 658 743;A01;1;0;2;0;15;5;203 821 881;1;1;4;1;1959.0;5;0;-1;-1;7;7;2023;19:10;1;66;66008;1;6;1;3;42.551382;2.997293;3;1;2;0;1;2; -1;1;0;1;50;Blessé léger;4
202300012279;155 658 746;B01;7;0;2;5;17;0;203 821 885;1;1;1;2;2004.0;5;1;-1;-1;7;7;2023;19:10;1;66;66008;1;6;1;3;42.551382;2.997293;3;1;2;0;1;2; -1;1;0;1;50;Indemne;4
202300012283;155 658 734;A01;7;0;2;3;15;1;203 821 865;1;1;1;1;1953.0;5;1;-1;-1;29;12;2023;11:15;1;22;22311;2;1;1;3;48.545489;-2.229635;3;2;2;0;1;1;6;1;0;1;30;Indemne;4
202300012283;155 658 738;B01;1;0;2;1;1;5;203 821 870;1;1;4;1;1954.0;5;2;9;-1;29;12;2023;11:15;1;22;22311;2;1;1;3;48.545489;-2.229635;3;2;2;0;1;1;6;1;0;1;30;Blessé léger;4
202300012309;155 658 688;A01;1;0;2;1;19;5;203 821 801;1;1;3;1;1948.0;5;2;-1;-1;8;7;2023;15:00;1;68;68296;1;2;1;3;48.22746;7.380672;3;2;2;0;1;1;5,5;1;0;1;80;Blessé hospitalisé;5
202300012309;155 658 688;A01;1;0;2;1;19;5;203 821 801;1;1;3;1;1948.0;5;2;-1;-1;8;7;2023;15:00;1;68;68296;1;2;1;3;48.22746;7.380672;3;2; -1;-1;1;1; -1;1;0;1;-1;Blessé hospitalisé;5
202300012309;155 658 690;B01;7;0;0;6;1;1;203 821 803;1;1;1;1;1984.0;5;8;-1;-1;8;7;2023;15:00;1;68;68296;1;2;1;3;48.22746;7.380672;3;2;2;0;1;1;5,5;1;0;1;80;Indemne;5
202300012309;155 658 690;B01;7;0;0;6;1;1;203 821 803;1;1;1;1;1984.0;5;8;-1;-1;8;7;2023;15:00;1;68;68296;1;2;1;3;48.22746;7.380672;3;2; -1;-1;1;1; -1;1;0;1;-1;Indemne;5
202300012316;155 658 675;A01;7;0;9;7;15;1;203 821 780;1;1;1;2;2000.0;1;1;-1;-1;8;7;2023;19:30;1;03;03165;2;1;1;6;46.072836;3.66835;4;2;2;0;2;1; -1;1;0;1;50;Indemne;5
202300012316;155 658 677;B01;1;0;2;1;1;5;203 821 786;1;1;4;1;1976.0;5;2;-1;-1;8;7;2023;19:30;1;03;03165;2;1;1;6;46.072836;3.66835;4;2;2;0;2;1; -1;1;0;1;50;Blessé léger;5
202300012320;155 658 669;A01;7;0;2;7;9;1;203 821 773;1;1;1;1;1949.0;0;1;0;-1;3;8;2023;21:15;2;03;03185;2;6;1;3;46.33695;2.58729;3;2;1;0;1;2; -1;1;5;1;50;Indemne;3
202300012320;155 658 669;A01;7;0;2;7;9;1;203 821 773;1;1;1;1;1949.0;0;1;0;-1;3;8;2023;21:15;2;03;03185;2;6;1;3;46.33695;2.58729;3;2;2;1;1;2; -1;1;5;1;50;Indemne;3
202300012320;155 658 671;B01;1;0;2;7;1;5;203 821 776;1;1;4;1;1952.0;5;0;0;-1;3;8;2023;21:15;2;03;03185;2;6;1;3;46.33695;2.58729;3;2;1;0;1;2; -1;1;5;1;50;Blessé léger;3
202300012320;155 658 671;B01;1;0;2;7;1;5;203 821 776;1;1;4;1;1952.0;5;0;0;-1;3;8;2023;21:15;2;03;03185;2;6;1;3;46.33695;2.58729;3;2;2;1;1;2; -1;1;5;1;50;Blessé léger;3
202300012339;155 658 641;A01;80;0;2;1;13;3;203 821 732;1;1;4;2;2008.0;0;0;-1;-1;7;7;2023;19:50;1;85;85113;2;1;1;1;46.725565;-2.368192;4;2;2;0;1;2; -1;1;0;1;-1;Blessé léger;4
202300012339;155 658 645;B01;7;0;9;1;1;3;203 821 736;1;1;1;1;1974.0;0;1;-1;-1;7;7;2023;19:50;1;85;85113;2;1;1;1;46.725565;-2.368192;4;2;2;0;1;2; -1;1;0;1;-1;Indemne;4
202300012342;155 658 632;A01;7;0;2;2;1;2;203 821 722;1;1;1;1;1977.0;9;1;0;-1;13;8;2023;03:30;5;75;75111;2;2;1;3;48.863062;2.379321;4;1;1;2;1;1; -1;1;0;1;30;Indemne;6
202300012342;155 658 632;A01;7;0;2;2;1;2;203 821 722;1;1;1;1;1977.0;9;1;0;-1;13;8;2023;03:30;5;75;75111;2;2;1;3;48.863062;2.379321;4;1;1;2;1;1; -1;1;0;1;30;Indemne;6
202300012342;155 658 638;B01;1;0;2;1;1;5;203 821 728;1;1;4;2;2003.0;5;8;0;-1;13;8;2023;03:30;5;75;75111;2;2;1;3;48.863062;2.379321;4;1;1;2;1;1; -1;1;0;1;30;Blessé léger;6
202300012342;155 658 638;B01;1;0;2;1;1;5;203 821 728;1;1;4;2;2003.0;5;8;0;-1;13;8;2023;03:30;5;75;75111;2;2;1;3;48.863062;2.379321;4;1;1;2;1;1; -1;1;0;1;30;Blessé léger;6
202300012354;155 658 615;A01;1;0;1;0;1;5;203 821 700;10;3;4;1;2009.0;5;0;-1;-1;28;6;2023;15:05;1;59;59249;2;1;1;6;50.016133;4.039113;3;2;2;0;1;3;5;1;0;1;50;Blessé léger;2
202300012379;155 658 567;B01;1;0;2;1;1;5;203 821 633;1;1;4;2;1993.0;5;8;8;-1;21;11;2023;10:10;1;67;67482;2;1;1;3;48.59608;7.74629;4;2;4;1;1;1; -1;1;9;5;50;Blessé léger;1
202300012379;155 658 570;A01;7;0;2;1;1;1;203 821 637;1;1;1;2;1983.0;5;1;8;-1;21;11;2023;10:10;1;67;67482;2;1;1;3;48.59608;7.74629;4;2;4;1;1;1; -1;1;9;5;50;Indemne;1
202300012383;155 658 560;A01;1;12;0;1;19;5;203 821 625;1;1;4;1;1989.0;5;8;0;-1;3;6;2023;04:07;5;75;75108;2;7;1;7;48.864089;2.320196;4;2;2;1;1;1; -1;1;5;1;30;Blessé léger;5
202300012383;155 658 560;A01;1;12;0;1;19;5;203 821 625;1;1;4;1;1989.0;5;8;0;-1;3;6;2023;04:07;5;75;75108;2;7;1;7;48.864089;2.320196;4;1;2;1;1;1; -1;1;5;1;30;Blessé léger;5
202300012384;155 658 559;A01;7;0;2;2;1;1;203 821 623;1;1;4;2;1968.0;5;1;0;-1;21;11;2023;10:21;1;66;66136;2;3;1;3;42.70835;2.89463;4;1;1;0;1;1; -1;1;0;1;50;Blessé léger;1
202300012384;155 658 559;A01;7;0;2;2;1;1;203 821 623;1;1;4;2;1968.0;5;1;0;-1;21;11;2023;10:21;1;66;66136;2;3;1;3;42.70835;2.89463;4;2;2;0;1;1; -1;1;0;1;50;Blessé léger;1
202300012384;155 658 561;B01;1;0;2;8;15;5;203 821 626;1;1;2;1;1937.0;5;8;0;-1;21;11;2023;10:21;1;66;66136;2;3;1;3;42.70835;2.89463;4;1;1;0;1;1; -1;1;0;1;50;Tué;1
202300012384;155 658 561;B01;1;0;2;8;15;5;203 821 626;1;1;2;1;1937.0;5;8;0;-1;21;11;2023;10:21;1;66;66136;2;3;1;3;42.70835;2.89463;4;2;2;0;1;1; -1;1;0;1;50;Tué;1
202300012400;155 658 530;A01;7;0;2;1;9;1;203 821 588;1;1;1;2;1997.0;1;1;0;-1;21;11;2023;06:05;5;64;64445;2;6;3;2;43.31826733;-0.37837923;4;1;2;0;1;2; -1;2;9;1;50;Indemne;1
202300012400;155 658 533;B01;1;0;2;4;1;5;203 821 591;1;1;4;1;1992.0;4;8;0;-1;21;11;2023;06:05;5;64;64445;2;6;3;2;43.31826733;-0.37837923;4;1;2;0;1;2; -1;2;9;1;50;Blessé léger;1
202300012404;155 658 523;A01;1;0;1;2;1;5;203 821 579;1;1;1;1;2000.0;5;8;0;-1;2;6;2023;19:30;2;75;75101;2;2;1;6;48.860964;2.340841;4;1;3;1;1;1; -1;1;0;5;30;Indemne;4
202300012404;155 658 523;A01;1;0;1;2;1;5;203 821 579;1;1;1;1;2000.0;5;8;0;-1;2;6;2023;19:30;2;75;75101;2;2;1;6;48.860964;2.340841;4;2;4;1;1;1; -1;1;0;5;30;Indemne;4
202300012404;155 658 523;A01;1;0;1;2;1;5;203 821 580;10;3;4;1;1974.0;9;0;-1;-1;2;6;2023;19:30;2;75;75101;2;2;1;6;48.860964;2.340841;4;1;3;1;1;1; -1;1;0;5;30;Blessé léger;4
202300012404;155 658 523;A01;1;0;1;2;1;5;203 821 580;10;3;4;1;1974.0;9;0;-1;-1;2;6;2023;19:30;2;75;75101;2;2;1;6;48.860964;2.340841;4;2;4;1;1;1; -1;1;0;5;30;Blessé léger;4