Num_Acc;id_vehicule;num_veh;catv;obs;obsm;choc;manv;motor;id_usager;place;catu;grav;sexe;an_nais;trajet;secu1;secu2;secu3;jour;mois;an;hrmn;lum;dep;com;agg;int;atm;col;lat;long;catr;circ;nbv;vosp;prof;plan;larrout;surf;infra;situ;vma;gravity;day_of_week
202300012417;155 658 500;B01;1;12;2;6;1;5;203 821 538;1;1;4;2;2001.0;9;8;0;-1;3;6;2023;20:42;1;94;94068;2;1;1;3;48.80696244;2.5089477;3;2;2;0;2;1; -1;1;0;1;30;Blessé léger;5
202300012417;155 658 503;A01;14;0;2;2;26;1;203 821 542;1;1;1;1;1961.0;4;1;0;-1;3;6;2023;20:42;1;94;94068;2;1;1;3;48.80696244;2.5089477;3;2;2;0;2;1; -1;1;0;1;30;Indemne;5
202300012450;155 658 450;A01;37;0;2;2;15;0;203 821 459;1;1;1;1;1973.0;4;1;8;-1;21;11;2023;08:33;1;53;53130;2;3;1;3;48.06185;-0.78097;4;2;2;0;2;3; -1;1;0;1;50;Indemne;1
202300012450;155 658 450;A01;37;0;2;2;15;0;203 821 459;1;1;1;1;1973.0;4;1;8;-1;21;11;2023;08:33;1;53;53130;2;3;1;3;48.06185;-0.78097;4;2;2;0;2;2; -1;1;0;1;50;Indemne;1
202300012450;155 658 453;B01;80;0;2;0;0;3;203 821 464;1;1;3;2;1972.0;9;2;8;-1;21;11;2023;08:33;1;53;53130;2;3;1;3;48.06185;-0.78097;4;2;2;0;2;3; -1;1;0;1;50;Blessé hospitalisé;1
202300012450;155 658 453;B01;80;0;2;0;0;3;203 821 464;1;1;3;2;1972.0;9;2;8;-1;21;11;2023;08:33;1;53;53130;2;3;1;3;48.06185;-0.78097;4;2;2;0;2;2; -1;1;0;1;50;Blessé hospitalisé;1
202300012477;155 658 395;B01;7;0;2;3;1;1;203 821 381;1;1;1;2;1960.0;0;1;-1;-1;7;7;2023;10:50;1;69;69149;2;3;1;3;45.71553;4.8074;4;1;1;2;2;1; -1;1;0;1;50;Indemne;4
202300012477;155 658 395;B01;7;0;2;3;1;1;203 821 381;1;1;1;2;1960.0;0;1;-1;-1;7;7;2023;10:50;1;69;69149;2;3;1;3;45.71553;4.8074;4;1;1;0;2;1; -1;1;0;1;30;Indemne;4
202300012477;155 658 399;A01;1;0;2;1;1;5;203 821 386;1;1;4;1;1963.0;0;8;-1;-1;7;7;2023;10:50;1;69;69149;2;3;1;3;45.71553;4.8074;4;1;1;2;2;1; -1;1;0;1;50;Blessé léger;4
202300012477;155 658 399;A01;1;0;2;1;1;5;203 821 386;1;1;4;1;1963.0;0;8;-1;-1;7;7;2023;10:50;1;69;69149;2;3;1;3;45.71553;4.8074;4;1;1;0;2;1; -1;1;0;1;30;Blessé léger;4
202300012478;155 658 393;A01;7;0;2;2;20;1;203 821 379;1;1;1;2;1991.0;5;1;0;-1;20;11;2023;16:15;1;45;45286;2;1;1;3;47.892334;1.918015;4;2;2;1;1;1; -1;1;0;5;50;Indemne;0
202300012478;155 658 396;B01;1;0;2;1;1;5;203 821 383;1;1;4;1;1996.0;1;8;0;-1;20;11;2023;16:15;1;45;45286;2;1;1;3;47.892334;1.918015;4;2;2;1;1;1; -1;1;0;5;50;Blessé léger;0
202300012485;155 658 382;A01;32;0;2;2;0;3;203 821 366;1;1;1;1;1976.0;1;2;6;-1;3;6;2023;12:40;1;92;92073;2;3;1;3;48.86751;2.22694;4;1;1;0;1;1; -1;1;0;1;30;Indemne;5
202300012485;155 658 382;A01;32;0;2;2;0;3;203 821 366;1;1;1;1;1976.0;1;2;6;-1;3;6;2023;12:40;1;92;92073;2;3;1;3;48.86751;2.22694;4;2;2;0;1;1; -1;1;0;1;30;Indemne;5
202300012485;155 658 385;B01;1;0;2;3;19;5;203 821 369;1;1;4;1;1977.0;0;8;0;-1;3;6;2023;12:40;1;92;92073;2;3;1;3;48.86751;2.22694;4;1;1;0;1;1; -1;1;0;1;30;Blessé léger;5
202300012485;155 658 385;B01;1;0;2;3;19;5;203 821 369;1;1;4;1;1977.0;0;8;0;-1;3;6;2023;12:40;1;92;92073;2;3;1;3;48.86751;2.22694;4;2;2;0;1;1; -1;1;0;1;30;Blessé léger;5
202300012495;155 658 361;B01;1;0;2;3;13;5;203 821 335;1;1;4;1;1997.0;5;2;6;-1;14;8;2023;11:00;1;50;50200;1;1;1;3;48.670545;-0.794481;3;2;2;0;4;2;5,5;1;0;1;80;Blessé léger;0
202300012495;155 658 362;A01;15;0;2;5;17;1;203 821 336;1;1;1;1;1969.0;4;1;-1;-1;14;8;2023;11:00;1;50;50200;1;1;1;3;48.670545;-0.794481;3;2;2;0;4;2;5,5;1;0;1;80;Indemne;0
202300012498;155 658 353;A01;7;0;2;3;15;1;203 821 326;1;1;1;1;1989.0;9;1;0;-1;7;7;2023;08:20;1;91;91657;2;3;1;3;48.72059;2.44055;4;1;1;0;1;1; -1;1;0;1;50;Indemne;4
202300012498;155 658 353;A01;7;0;2;3;15;1;203 821 326;1;1;1;1;1989.0;9;1;0;-1;7;7;2023;08:20;1;91;91657;2;3;1;3;48.72059;2.44055;4;2;0;0;1;1; -1;1;0;1;50;Indemne;4
202300012498;155 658 359;B01;1;0;2;1;1;5;203 821 332;1;1;4;2;1987.0;1;8;8;-1;7;7;2023;08:20;1;91;91657;2;3;1;3;48.72059;2.44055;4;1;1;0;1;1; -1;1;0;1;50;Blessé léger;4
202300012498;155 658 359;B01;1;0;2;1;1;5;203 821 332;1;1;4;2;1987.0;1;8;8;-1;7;7;2023;08:20;1;91;91657;2;3;1;3;48.72059;2.44055;4;2;0;0;1;1; -1;1;0;1;50;Blessé léger;4
202300012510;155 658 330;A01;10;0;2;0;0;1;203 821 300;1;1;1;2;2001.0;0;8;-1;-1;27;12;2023;20:00;5;69;69383;2;1;1;7;45.75266;4.87689;4;2;2;2;1;1; -1;1;0;5;30;Indemne;2
202300012510;155 658 332;B01;1;0;2;0;0;5;203 821 303;1;1;4;1;2000.0;0;8;-1;-1;27;12;2023;20:00;5;69;69383;2;1;1;7;45.75266;4.87689;4;2;2;2;1;1; -1;1;0;5;30;Blessé léger;2
202300012517;155 658 319;A01;1;9;0;7;16;5;203 821 285;1;1;2;1;1951.0;5;2;-1;-1;15;8;2023;12:15;1;85;85021;2;4;1;6;47.049253;-1.266622;3;2;1;0;1;3;5,5;1;5;1;50;Tué;1
202300012517;155 658 319;A01;1;9;0;7;16;5;203 821 285;1;1;2;1;1951.0;5;2;-1;-1;15;8;2023;12:15;1;85;85021;2;4;1;6;47.049253;-1.266622;3;2; -1;-1;1;2; -1;1;0;1;-1;Tué;1
202300012548;155 658 260;A01;20;0;2;2;1;1;203 821 206;1;1;1;1;1974.0;1;1;0;-1;7;7;2023;03:36;5;76;76540;2;2;1;3;49.43456065;1.07646865;7;2;3;0;1;1; -1;1;-1;1;50;Indemne;4
202300012548;155 658 260;A01;20;0;2;2;1;1;203 821 206;1;1;1;1;1974.0;1;1;0;-1;7;7;2023;03:36;5;76;76540;2;2;1;3;49.43456065;1.07646865;7;2;4;3;1;1; -1;1;-1;1;50;Indemne;4
202300012548;155 658 262;B01;80;0;2;0;1;3;203 821 208;1;1;2;1;2000.0;1;8;8;-1;7;7;2023;03:36;5;76;76540;2;2;1;3;49.43456065;1.07646865;7;2;3;0;1;1; -1;1;-1;1;50;Tué;4
202300012548;155 658 262;B01;80;0;2;0;1;3;203 821 208;1;1;2;1;2000.0;1;8;8;-1;7;7;2023;03:36;5;76;76540;2;2;1;3;49.43456065;1.07646865;7;2;4;3;1;1; -1;1;-1;1;50;Tué;4
202300012550;155 658 257;A01;1;3;0;1;1;5;203 821 203;1;1;3;1;1972.0;5;2;-1;-1;15;8;2023;13:10;1;38;38285;1;1;1;6;45.034988;5.974631;3;2;2;0;2;3;5,5;1;0;3;80;Blessé hospitalisé;1
202300012551;155 658 255;B01;1;0;2;4;2;5;203 821 201;1;1;1;1;1971.0;5;2;8;-1;21;11;2023;12:50;1;34;34129;2;6;1;2;43.56816;3.90339;4;1;2;0;1;2; -1;1;5;1;50;Indemne;1
202300012551;155 658 255;B01;1;0;2;4;2;5;203 821 201;1;1;1;1;1971.0;5;2;8;-1;21;11;2023;12:50;1;34;34129;2;6;1;2;43.56816;3.90339;4;2;2;0;1;3; -1;1;0;1;50;Indemne;1
202300012551;155 658 258;A01;1;0;2;1;2;5;203 821 204;1;1;4;1;1990.0;5;2;8;-1;21;11;2023;12:50;1;34;34129;2;6;1;2;43.56816;3.90339;4;1;2;0;1;2; -1;1;5;1;50;Blessé léger;1
202300012551;155 658 258;A01;1;0;2;1;2;5;203 821 204;1;1;4;1;1990.0;5;2;8;-1;21;11;2023;12:50;1;34;34129;2;6;1;2;43.56816;3.90339;4;2;2;0;1;3; -1;1;0;1;50;Blessé léger;1
202300012562;155 658 238;A01;7;0;2;2;17;1;203 821 178;1;1;1;1;1964.0;5;8;0;-1;7;7;2023;13:45;1;71;71153;2;2;1;3;46.80043;4.42097;4;2;2;0;2;1; -1;1;5;1;50;Indemne;4
202300012562;155 658 238;A01;7;0;2;2;17;1;203 821 178;1;1;1;1;1964.0;5;8;0;-1;7;7;2023;13:45;1;71;71153;2;2;1;3;46.80043;4.42097;4;1;2;0;1;1; -1;1;5;1;50;Indemne;4
202300012562;155 658 241;B01;1;0;2;3;11;5;203 821 181;1;1;4;1;2007.0;5;0;-1;-1;7;7;2023;13:45;1;71;71153;2;2;1;3;46.80043;4.42097;4;2;2;0;2;1; -1;1;5;1;50;Blessé léger;4
202300012562;155 658 241;B01;1;0;2;3;11;5;203 821 181;1;1;4;1;2007.0;5;0;-1;-1;7;7;2023;13:45;1;71;71153;2;2;1;3;46.80043;4.42097;4;1;2;0;1;1; -1;1;5;1;50;Blessé léger;4
202300012568;155 658 225;A01;7;0;2;1;9;1;203 821 163;1;1;1;2;1990.0;1;1;8;-1;27;12;2023;08:05;5;72;72181;2;6;1;3;48.0093;0.1955;4;2;0;0;1;1; -1;1;0;1;50;Indemne;2
202300012568;155 658 227;B01;1;0;2;7;0;5;203 821 165;1;1;4;1;1969.0;1;2;0;-1;27;12;2023;08:05;5;72;72181;2;6;1;3;48.0093;0.1955;4;2;0;0;1;1; -1;1;0;1;50;Blessé léger;2
202300012570;155 658 221;A01;7;0;2;2;19;1;203 821 159;1;1;1;2;2004.0;5;1;-1;-1;14;8;2023;14:20;1;37;37079;1;2;1;3;47.340789;1.036754;4;2;2;0;1;1; -1;1;0;1;50;Indemne;0
202300012570;155 658 226;B01;1;0;2;1;1;5;203 821 164;1;1;3;1;1971.0;5;2;-1;-1;14;8;2023;14:20;1;37;37079;1;2;1;3;47.340789;1.036754;4;2;2;0;1;1; -1;1;0;1;50;Blessé hospitalisé;0
202300012580;155 658 208;A01;1;0;2;1;12;5;203 821 141;1;1;4;2;1982.0;9;2;8;-1;1;6;2023;20:50;1;75;75120;2;3;1;1;48.873123;2.409459;4;-1; -1;1;1;1; -1;1;0;5;30;Blessé léger;3
202300012580;155 658 208;A01;1;0;2;1;12;5;203 821 141;1;1;4;2;1982.0;9;2;8;-1;1;6;2023;20:50;1;75;75120;2;3;1;1;48.873123;2.409459;4;1; -1;1;1;1; -1;1;0;5;30;Blessé léger;3
202300012592;155 658 183;A01;7;0;2;2;15;1;203 821 110;1;1;1;2;1986.0;9;1;8;-1;7;7;2023;11:00;1;67;67482;2;3;1;3;48.58401;7.77486;4;2;2;1;1;1; -1;1;0;5;50;Indemne;4
202300012592;155 658 183;A01;7;0;2;2;15;1;203 821 110;1;1;1;2;1986.0;9;1;8;-1;7;7;2023;11:00;1;67;67482;2;3;1;3;48.58401;7.77486;4;2;2;0;1;1; -1;1;0;5;50;Indemne;4
202300012592;155 658 184;B01;1;0;2;1;19;5;203 821 112;1;1;4;1;1944.0;9;2;8;-1;7;7;2023;11:00;1;67;67482;2;3;1;3;48.58401;7.77486;4;2;2;1;1;1; -1;1;0;5;50;Blessé léger;4
202300012592;155 658 184;B01;1;0;2;1;19;5;203 821 112;1;1;4;1;1944.0;9;2;8;-1;7;7;2023;11:00;1;67;67482;2;3;1;3;48.58401;7.77486;4;2;2;0;1;1; -1;1;0;5;50;Blessé léger;4
202300012597;155 658 173;A01;10;0;9;3;26;1;203 821 099;1;1;1;2;1967.0;0;1;0;-1;21;11;2023;08:30;1;26;26362;2;6;1;3;44.92444564;4.90370315;4;-1;2;0;1;1; -1;1;0;1;50;Indemne;1
202300012597;155 658 173;A01;10;0;9;3;26;1;203 821 099;1;1;1;2;1967.0;0;1;0;-1;21;11;2023;08:30;1;26;26362;2;6;1;3;44.92444564;4.90370315;4;-1;1;0;1;1; -1;1;0;1;50;Indemne;1
202300012597;155 658 175;B01;1;0;2;7;26;5;203 821 101;1;1;4;1;2006.0;0;8;0;-1;21;11;2023;08:30;1;26;26362;2;6;1;3;44.92444564;4.90370315;4;-1;2;0;1;1; -1;1;0;1;50;Blessé léger;1
202300012597;155 658 175;B01;1;0;2;7;26;5;203 821 101;1;1;4;1;2006.0;0;8;0;-1;21;11;2023;08:30;1;26;26362;2;6;1;3;44.92444564;4.90370315;4;-1;1;0;1;1; -1;1;0;1;50;Blessé léger;1
202300012613;155 658 149;A01;1;0;2;3;14;5;203 821 065;1;1;3;2;1970.0;0;2;-1;-1;7;7;2023;14:30;1;63;63113;1;1;1;3;45.77917;3.14836;7;2;2;2;1;1;5,5;1;0;1;50;Blessé hospitalisé;4
202300012613;155 658 151;B01;7;0;0;2;1;1;203 821 067;1;1;1;1;2003.0;0;1;-1;-1;7;7;2023;14:30;1;63;63113;1;1;1;3;45.77917;3.14836;7;2;2;2;1;1;5,5;1;0;1;50;Indemne;4
202300012621;155 658 135;A01;1;14;0;0;0;5;203 821 046;1;1;4;1;1952.0;5;0;-1;-1;15;8;2023;16:30;1;85;85019;2;1;1;6;46.807874;-1.4236266;4;2;2;0;2;1; -1;1;0;1;50;Blessé léger;1
202300012667;155 658 057;B01;1;0;2;1;1;5;203 820 937;1;1;4;1;1959.0;0;8;0;-1;6;7;2023;12:00;1;51;51454;2;6;1;3;49.25768;4.03886;4;-1;1;1;1;1; -1;1;0;1;30;Blessé léger;3
202300012667;155 658 057;B01;1;0;2;1;1;5;203 820 937;1;1;4;1;1959.0;0;8;0;-1;6;7;2023;12:00;1;51;51454;2;6;1;3;49.25768;4.03886;4;-1;3;0;1;1; -1;1;0;1;30;Blessé léger;3
202300012667;155 658 064;A01;7;0;9;3;1;1;203 820 944;1;1;1;1;1983.0;0;1;0;-1;6;7;2023;12:00;1;51;51454;2;6;1;3;49.25768;4.03886;4;-1;1;1;1;1; -1;1;0;1;30;Indemne;3
202300012667;155 658 064;A01;7;0;9;3;1;1;203 820 944;1;1;1;1;1983.0;0;1;0;-1;6;7;2023;12:00;1;51;51454;2;6;1;3;49.25768;4.03886;4;-1;3;0;1;1; -1;1;0;1;30;Indemne;3
202300012672;155 658 050;A01;1;0;2;1;13;5;203 820 928;1;1;1;1;2004.0;5;0;0;0;27;12;2023;00:05;5;75;75107;2;1;1;1;48.862201;2.299324;4;2;2;1;1;1; -1;1;0;5;30;Indemne;2
202300012672;155 658 053;B01;1;0;2;1;1;5;203 820 931;1;1;4;1;1986.0;1;8;0;-1;27;12;2023;00:05;5;75;75107;2;1;1;1;48.862201;2.299324;4;2;2;1;1;1; -1;1;0;5;30;Blessé léger;2
202300012677;155 658 040;B01;7;0;2;8;15;3;203 820 917;1;1;1;1;1973.0;9;1;0;-1;27;12;2023;06:00;5;75;75104;2;2;1;3;48.857538;2.351296;4;1;3;3;1;1; -1;1;0;5;30;Indemne;2
202300012677;155 658 040;B01;7;0;2;8;15;3;203 820 917;1;1;1;1;1973.0;9;1;0;-1;27;12;2023;06:00;5;75;75104;2;2;1;3;48.857538;2.351296;4;2;5;1;1;1; -1;1;0;5;30;Indemne;2
202300012677;155 658 044;A01;1;0;2;1;1;5;203 820 921;1;1;4;2;1999.0;9;8;0;-1;27;12;2023;06:00;5;75;75104;2;2;1;3;48.857538;2.351296;4;1;3;3;1;1; -1;1;0;5;30;Blessé léger;2
202300012677;155 658 044;A01;1;0;2;1;1;5;203 820 921;1;1;4;2;1999.0;9;8;0;-1;27;12;2023;06:00;5;75;75104;2;2;1;3;48.857538;2.351296;4;2;5;1;1;1; -1;1;0;5;30;Blessé léger;2
202300012686;155 658 024;A01;7;0;2;3;13;1;203 820 895;1;1;1;1;1964.0;4;1;0;-1;2;6;2023;18:15;1;78;78015;2;1;1;3;48.98929;2.05979;4;2;1;0;2;1; -1;1;0;1;50;Indemne;4
202300012686;155 658 025;B01;1;0;2;2;17;5;203 820 897;1;1;4;1;2009.0;5;8;0;-1;2;6;2023;18:15;1;78;78015;2;1;1;3;48.98929;2.05979;4;2;1;0;2;1; -1;1;0;1;50;Blessé léger;4
202300012687;155 658 021;A01;1;0;2;1;1;5;203 820 889;1;1;4;1;1952.0;5;0;-1;-1;7;7;2023;22:25;4;45;45298;2;1;1;1;47.89522605;1.87625885;4;2;1;1;1;1; -1;1;2;5;50;Blessé léger;4
202300012687;155 658 023;B01;1;0;2;1;13;5;203 820 893;1;1;4;2;1999.0;5;0;-1;-1;7;7;2023;22:25;4;45;45298;2;1;1;1;47.89522605;1.87625885;4;2;1;1;1;1; -1;1;2;5;50;Blessé léger;4
202300012705;155 657 991;B01;1;0;2;2;1;5;203 820 852;1;1;4;1;1969.0;1;8;0;-1;27;12;2023;19:20;5;93;93048;2;2;1;3;48.85182;2.4445;4;2;2;0;1;1; -1;1;0;1;30;Blessé léger;2
202300012705;155 657 991;B01;1;0;2;2;1;5;203 820 852;1;1;4;1;1969.0;1;8;0;-1;27;12;2023;19:20;5;93;93048;2;2;1;3;48.85182;2.4445;4;2;2;0;1;1; -1;1;0;1;50;Blessé léger;2
202300012705;155 657 995;A01;7;0;2;3;11;0;203 820 858;1;1;1;1;1998.0;1;1;0;-1;27;12;2023;19:20;5;93;93048;2;2;1;3;48.85182;2.4445;4;2;2;0;1;1; -1;1;0;1;30;Indemne;2
202300012705;155 657 995;A01;7;0;2;3;11;0;203 820 858;1;1;1;1;1998.0;1;1;0;-1;27;12;2023;19:20;5;93;93048;2;2;1;3;48.85182;2.4445;4;2;2;0;1;1; -1;1;0;1;50;Indemne;2
202300012708;155 657 990;A01;1;0;0;3;26;5;203 820 851;1;1;3;2;1966.0;0;8;0;-1;7;7;2023;18:00;1;44;44109;2;1;1;6;47.22211;-1.55429;4;1;1;2;1;1; -1;1;0;1;30;Blessé hospitalisé;4
202300012709;155 657 987;A01;7;0;2;3;9;3;203 820 847;1;1;1;1;1991.0;1;1;0;-1;21;11;2023;13:50;1;75;75120;2;1;1;3;48.856962;2.404452;4;2;2;0;1;1; -1;2;0;1;30;Indemne;1
202300012709;155 657 988;B01;1;0;2;1;1;5;203 820 848;1;1;4;1;1984.0;1;0;0;-1;21;11;2023;13:50;1;75;75120;2;1;1;3;48.856962;2.404452;4;2;2;0;1;1; -1;2;0;1;30;Blessé léger;1
202300012736;155 657 948;A01;1;1;0;1;1;5;203 820 796;1;1;4;2;1995.0;9;2;0;-1;21;11;2023;09:50;1;75;75116;2;3;2;6;48.845934;2.264789;4;-1; -1;0;1;1; -1;2;0;1;30;Blessé léger;1
202300012736;155 657 948;A01;1;1;0;1;1;5;203 820 796;1;1;4;2;1995.0;9;2;0;-1;21;11;2023;09:50;1;75;75116;2;3;2;6;48.845934;2.264789;4;1;1;0;1;1; -1;2;0;1;30;Blessé léger;1
202300012753;155 657 912;B01;1;0;2;1;1;5;203 820 744;1;1;4;1;1977.0;5;0;0;0;19;3;2023;10:20;1;988;98818;2;3;2;3;-22.29368;166.44642;4;2;2;0;1;1; -1;2;0;1;50;Blessé léger;6
202300012753;155 657 912;B01;1;0;2;1;1;5;203 820 744;1;1;4;1;1977.0;5;0;0;0;19;3;2023;10:20;1;988;98818;2;3;2;3;-22.29368;166.44642;4;2;2;0;1;1; -1;2;6;1;50;Blessé léger;6
202300012753;155 657 917;A01;7;0;2;3;15;1;203 820 749;2;2;1;2;1997.0;5;8;8;8;19;3;2023;10:20;1;988;98818;2;3;2;3;-22.29368;166.44642;4;2;2;0;1;1; -1;2;0;1;50;Indemne;6
202300012753;155 657 917;A01;7;0;2;3;15;1;203 820 749;2;2;1;2;1997.0;5;8;8;8;19;3;2023;10:20;1;988;98818;2;3;2;3;-22.29368;166.44642;4;2;2;0;1;1; -1;2;6;1;50;Indemne;6
202300012753;155 657 917;A01;7;0;2;3;15;1;203 820 754;1;1;1;2;1998.0;5;1;1;1;19;3;2023;10:20;1;988;98818;2;3;2;3;-22.29368;166.44642;4;2;2;0;1;1; -1;2;0;1;50;Indemne;6
202300012753;155 657 917;A01;7;0;2;3;15;1;203 820 754;1;1;1;2;1998.0;5;1;1;1;19;3;2023;10:20;1;988;98818;2;3;2;3;-22.29368;166.44642;4;2;2;0;1;1; -1;2;6;1;50;Indemne;6
202300012756;155 657 907;A01;7;0;9;1;16;0;203 820 740;1;1;1;1;1978.0;0;1;0;-1;7;7;2023;13:25;1;13;13103;2;1;1;3;43.64103882;5.10140569;4;1;1;0;1;1; -1;1;0;1;50;Indemne;4
202300012756;155 657 911;B01;1;0;2;8;1;5;203 820 743;1;1;4;1;1968.0;0;8;0;-1;7;7;2023;13:25;1;13;13103;2;1;1;3;43.64103882;5.10140569;4;1;1;0;1;1; -1;1;0;1;50;Blessé léger;4
202300012765;155 657 894;A01;7;0;2;6;22;1;203 820 720;1;1;1;1;1993.0;5;8;0;-1;21;11;2023;19:30;5;75;75114;2;3;1;2;48.822406;2.323901;4;-1;2;0;1;1; -1;2;0;1;30;Indemne;1
202300012765;155 657 894;A01;7;0;2;6;22;1;203 820 720;1;1;1;1;1993.0;5;8;0;-1;21;11;2023;19:30;5;75;75114;2;3;1;2;48.822406;2.323901;4;1; -1;0;1;1; -1;2;0;1;30;Indemne;1
202300012765;155 657 895;B01;1;1;0;1;22;5;203 820 722;1;1;4;2;1976.0;5;2;0;-1;21;11;2023;19:30;5;75;75114;2;3;1;2;48.822406;2.323901;4;-1;2;0;1;1; -1;2;0;1;30;Blessé léger;1
202300012765;155 657 895;B01;1;1;0;1;22;5;203 820 722;1;1;4;2;1976.0;5;2;0;-1;21;11;2023;19:30;5;75;75114;2;3;1;2;48.822406;2.323901;4;1; -1;0;1;1; -1;2;0;1;30;Blessé léger;1
202300012774;155 657 868;A01;7;16;2;7;16;6;203 820 687;1;1;1;1;1985.0;4;1;0;-1;21;11;2023;09:40;1;75;75113;2;1;2;3;48.83936;2.371432;4;2;5;1;1;1; -1;2;0;5;30;Indemne;1
202300012774;155 657 871;B01;1;0;2;1;1;5;203 820 691;1;1;4;1;1987.0;5;2;8;-1;21;11;2023;09:40;1;75;75113;2;1;2;3;48.83936;2.371432;4;2;5;1;1;1; -1;2;0;5;30;Blessé léger;1
202300012778;155 657 864;A01;7;14;9;7;16;1;203 820 680;1;1;1;1;1939.0;5;1;8;-1;2;6;2023;16:50;1;60;60057;2;3;1;3;49.440014;2.089459;4;2;2;0;2;1; -1;1;0;1;50;Indemne;4
202300012778;155 657 864;A01;7;14;9;7;16;1;203 820 680;1;1;1;1;1939.0;5;1;8;-1;2;6;2023;16:50;1;60;60057;2;3;1;3;49.440014;2.089459;4;2; -1;-1;1;1; -1;1;5;1;-1;Indemne;4
202300012778;155 657 866;B01;1;1;0;0;0;5;203 820 684;1;1;4;1;1987.0;1;8;0;-1;2;6;2023;16:50;1;60;60057;2;3;1;3;49.440014;2.089459;4;2;2;0;2;1; -1;1;0;1;50;Blessé léger;4
202300012778;155 657 866;B01;1;1;0;0;0;5;203 820 684;1;1;4;1;1987.0;1;8;0;-1;2;6;2023;16:50;1;60;60057;2;3;1;3;49.440014;2.089459;4;2; -1;-1;1;1; -1;1;5;1;-1;Blessé léger;4
202300012787;155 657 848;A01;1;0;2;0;2;5;203 820 661;1;1;3;1;1958.0;5;2;8;-1;1;6;2023;18:20;1;56;56162;1;1;1;6;47.72945;-3.41682;4;2;2;1;1;1; -1;1;0;5;30;Blessé hospitalisé;3
202300012787;155 657 849;B01;1;0;2;0;1;5;203 820 664;1;1;1;1;1950.0;5;2;8;-1;1;6;2023;18:20;1;56;56162;1;1;1;6;47.72945;-3.41682;4;2;2;1;1;1; -1;1;0;5;30;Indemne;3
202300012789;155 657 844;B01;1;0;2;1;1;5;203 820 657;1;1;4;1;2001.0;5;2;-1;-1;26;12;2023;11:00;1;38;38075;1;5;1;3;45.470535;5.990507;3;2;2;0;1;1; -1;1;5;1;80;Blessé léger;1
202300012789;155 657 844;B01;1;0;2;1;1;5;203 820 657;1;1;4;1;2001.0;5;2;-1;-1;26;12;2023;11:00;1;38;38075;1;5;1;3;45.470535;5.990507;3;2;2;0;1;1; -1;1;0;1;50;Blessé léger;1
202300012789;155 657 846;A01;7;0;9;7;19;1;203 820 660;1;1;1;1;1999.0;0;8;-1;-1;26;12;2023;11:00;1;38;38075;1;5;1;3;45.470535;5.990507;3;2;2;0;1;1; -1;1;5;1;80;Indemne;1
202300012789;155 657 846;A01;7;0;9;7;19;1;203 820 660;1;1;1;1;1999.0;0;8;-1;-1;26;12;2023;11:00;1;38;38075;1;5;1;3;45.470535;5.990507;3;2;2;0;1;1; -1;1;0;1;50;Indemne;1
202300012793;155 657 838;A01;21;0;2;5;0;1;203 820 650;1;1;1;1;1987.0;4;8;0;-1;11;8;2023;17:25;1;54;54167;1;1;7;2;48.671;5.93301;3;2;2;0;2;1; -1;1;0;1;80;Indemne;4
202300012793;155 657 840;B01;1;0;2;1;0;5;203 820 653;1;1;3;1;1957.0;5;2;8;-1;11;8;2023;17:25;1;54;54167;1;1;7;2;48.671;5.93301;3;2;2;0;2;1; -1;1;0;1;80;Blessé hospitalisé;4
202300012794;155 657 837;A01;1;0;1;1;1;5;203 820 646;1;1;1;1;1975.0;9;2;8;-1;20;11;2023;16:15;2;75;75104;2;1;1;6;48.856685;2.348897;4;-1;1;0;1;1; -1;1;6;5;30;Indemne;0
202300012794;155 657 837;A01;1;0;1;1;1;5;203 820 648;10;3;4;2;1980.0;9;0;-1;-1;20;11;2023;16:15;2;75;75104;2;1;1;6;48.856685;2.348897;4;-1;1;0;1;1; -1;1;6;5;30;Blessé léger;0
202300012798;155 657 829;A01;7;0;2;1;26;1;203 820 636;1;1;1;1;1945.0;5;1;0;-1;12;8;2023;16:00;1;51;51454;2;1;1;3;49.23123;4.00684;4;-1;2;0;2;1; -1;1;1;4;50;Indemne;5
202300012798;155 657 829;A01;7;0;2;1;26;1;203 820 637;2;2;1;2;1982.0;5;1;0;-1;12;8;2023;16:00;1;51;51454;2;1;1;3;49.23123;4.00684;4;-1;2;0;2;1; -1;1;1;4;50;Indemne;5
202300012798;155 657 835;B01;1;0;2;7;25;5;203 820 642;1;1;4;1;1989.0;5;8;0;-1;12;8;2023;16:00;1;51;51454;2;1;1;3;49.23123;4.00684;4;-1;2;0;2;1; -1;1;1;4;50;Blessé léger;5
202300012803;155 657 821;A01;7;0;2;3;15;1;203 820 625;1;1;1;1;2004.0;5;1;8;-1;12;8;2023;15:50;1;50;50147;2;1;1;3;49.05522;-1.44548;4;2;2;0;4;1; -1;1;0;1;50;Indemne;5
202300012803;155 657 825;B01;1;0;2;1;17;5;203 820 629;1;1;4;1;2008.0;5;2;8;-1;12;8;2023;15:50;1;50;50147;2;1;1;3;49.05522;-1.44548;4;2;2;0;4;1; -1;1;0;1;50;Blessé léger;5
202300012811;155 657 806;A01;7;0;2;1;15;1;203 820 606;1;1;1;2;1996.0;5;1;-1;-1;27;12;2023;15:20;1;15;15163;2;3;7;1;44.869565;2.376325;3;2;2;0;2;1;5;1;0;1;50;Indemne;2