Num_Acc;id_vehicule;num_veh;catv;obs;obsm;choc;manv;motor;id_usager;place;catu;grav;sexe;an_nais;trajet;secu1;secu2;secu3;jour;mois;an;hrmn;lum;dep;com;agg;int;atm;col;lat;long;catr;circ;nbv;vosp;prof;plan;larrout;surf;infra;situ;vma;gravity;day_of_week
202300012811;155 657 806;A01;7;0;2;1;15;1;203 820 606;1;1;1;2;1996.0;5;1;-1;-1;27;12;2023;15:20;1;15;15163;2;3;7;1;44.869565;2.376325;3;2;2;0;1;1;5;1;0;1;50;Indemne;2
202300012811;155 657 808;B01;1;0;2;1;1;5;203 820 610;1;1;3;1;1960.0;5;2;-1;-1;27;12;2023;15:20;1;15;15163;2;3;7;1;44.869565;2.376325;3;2;2;0;2;1;5;1;0;1;50;Blessé hospitalisé;2
202300012811;155 657 808;B01;1;0;2;1;1;5;203 820 610;1;1;3;1;1960.0;5;2;-1;-1;27;12;2023;15:20;1;15;15163;2;3;7;1;44.869565;2.376325;3;2;2;0;1;1;5;1;0;1;50;Blessé hospitalisé;2
202300012813;155 657 800;B01;1;0;2;0;0;5;203 820 600;1;1;3;2;2011.0;0;8;0;-1;12;8;2023;19:15;1;44;44109;2;1;1;3;47.23459;-1.52045;4;2;0;0;1;1; -1;1;0;8;50;Blessé hospitalisé;5
202300012813;155 657 804;A01;30;0;2;1;1;1;203 820 604;1;1;1;1;1988.0;0;2;8;-1;12;8;2023;19:15;1;44;44109;2;1;1;3;47.23459;-1.52045;4;2;0;0;1;1; -1;1;0;8;50;Indemne;5
202300012822;155 657 782;A01;15;0;2;5;17;1;203 820 578;1;1;1;1;1990.0;4;1;0;-1;31;5;2023;08:05;1;52;52125;2;1;1;3;48.0904;5.14565;3;2;2;0;1;1; -1;1;0;1;50;Indemne;2
202300012822;155 657 784;B01;1;0;2;3;1;5;203 820 579;1;1;4;2;1972.0;5;2;0;-1;31;5;2023;08:05;1;52;52125;2;1;1;3;48.0904;5.14565;3;2;2;0;1;1; -1;1;0;1;50;Blessé léger;2
202300012833;155 657 767;A01;7;0;2;8;22;1;203 820 557;1;1;1;1;1978.0;9;0;-1;-1;28;12;2023;16:00;1;08;08457;2;1;1;3;49.795187;4.638178;4;2;2;0;1;1; -1;1;0;1;50;Indemne;3
202300012833;155 657 771;B01;80;1;0;5;1;3;203 820 561;1;1;3;1;1949.0;5;0;-1;-1;28;12;2023;16:00;1;08;08457;2;1;1;3;49.795187;4.638178;4;2;2;0;1;1; -1;1;0;1;50;Blessé hospitalisé;3
202300012834;155 657 762;A01;7;0;2;3;1;1;203 820 551;1;1;1;2;1995.0;5;1;8;-1;2;6;2023;17:25;1;51;51454;2;1;1;3;49.21456;4.02507;4;2;2;0;2;3; -1;1;0;1;30;Indemne;4
202300012834;155 657 764;B01;1;0;2;6;26;5;203 820 554;1;1;4;1;2013.0;5;8;0;-1;2;6;2023;17:25;1;51;51454;2;1;1;3;49.21456;4.02507;4;2;2;0;2;3; -1;1;0;1;30;Blessé léger;4
202300012868;155 657 707;A01;7;0;2;1;1;1;203 820 478;1;1;1;1;2001.0;5;1;-1;-1;22;12;2023;21:15;5;971;97128;1;1;1;1;16.278036;-61.340045;4;2;2;0;2;1; -1;1;0;1;50;Indemne;4
202300012868;155 657 710;B01;1;0;2;7;1;5;203 820 481;1;1;3;1;1982.0;5;0;-1;-1;22;12;2023;21:15;5;971;97128;1;1;1;1;16.278036;-61.340045;4;2;2;0;2;1; -1;1;0;1;50;Blessé hospitalisé;4
202300012869;155 657 706;B01;1;0;2;5;0;5;203 820 477;1;1;4;1;1965.0;1;2;8;-1;21;11;2023;08:00;1;92;92075;2;6;2;3;48.82028378;2.29062492;3;2;12;0;3;2; -1;2;5;1;50;Blessé léger;1
202300012869;155 657 708;A01;3;0;9;3;15;1;203 820 479;1;1;1;1;1968.0;1;1;8;-1;21;11;2023;08:00;1;92;92075;2;6;2;3;48.82028378;2.29062492;3;2;12;0;3;2; -1;2;5;1;50;Indemne;1
202300012871;155 657 702;B01;1;0;2;0;0;5;203 820 472;1;1;3;1;1951.0;5;2;0;-1;10;8;2023;15:10;1;18;18033;2;3;1;3;47.07939;2.38957;4;2;1;1;1;1; -1;1;0;1;50;Blessé hospitalisé;3
202300012871;155 657 702;B01;1;0;2;0;0;5;203 820 472;1;1;3;1;1951.0;5;2;0;-1;10;8;2023;15:10;1;18;18033;2;3;1;3;47.07939;2.38957;4;1;2;0;1;1; -1;1;0;1;50;Blessé hospitalisé;3
202300012871;155 657 705;A01;7;0;2;3;1;1;203 820 476;1;1;1;1;1971.0;1;1;0;-1;10;8;2023;15:10;1;18;18033;2;3;1;3;47.07939;2.38957;4;2;1;1;1;1; -1;1;0;1;50;Indemne;3
202300012871;155 657 705;A01;7;0;2;3;1;1;203 820 476;1;1;1;1;1971.0;1;1;0;-1;10;8;2023;15:10;1;18;18033;2;3;1;3;47.07939;2.38957;4;1;2;0;1;1; -1;1;0;1;50;Indemne;3
202300012876;155 657 694;B01;1;0;2;7;1;5;203 820 463;1;1;4;2;1945.0;3;8;0;-1;12;8;2023;10:50;1;17;17415;2;6;2;3;45.74092;-0.62245;3;2;2;0;1;1; -1;2;5;1;50;Blessé léger;5
202300012876;155 657 694;B01;1;0;2;7;1;5;203 820 463;1;1;4;2;1945.0;3;8;0;-1;12;8;2023;10:50;1;17;17415;2;6;2;3;45.74092;-0.62245;3;1;1;0;1;1; -1;2;0;1;50;Blessé léger;5
202300012886;155 657 677;A01;7;8;0;5;19;1;203 820 437;1;1;1;1;2000.0;0;1;0;-1;2;6;2023;11:10;1;38;38516;2;9;1;2;45.20106;5.74195;7;2;6;1;1;2; -1;1;5;1;50;Indemne;4
202300012886;155 657 677;A01;7;8;0;5;19;1;203 820 437;1;1;1;1;2000.0;0;1;0;-1;2;6;2023;11:10;1;38;38516;2;9;1;2;45.20106;5.74195;7;2;4;1;1;1; -1;1;0;1;50;Indemne;4
202300012886;155 657 679;B01;1;8;0;1;19;5;203 820 439;1;1;3;2;1956.0;0;8;0;-1;2;6;2023;11:10;1;38;38516;2;9;1;2;45.20106;5.74195;7;2;6;1;1;2; -1;1;5;1;50;Blessé hospitalisé;4
202300012886;155 657 679;B01;1;8;0;1;19;5;203 820 439;1;1;3;2;1956.0;0;8;0;-1;2;6;2023;11:10;1;38;38516;2;9;1;2;45.20106;5.74195;7;2;4;1;1;1; -1;1;0;1;50;Blessé hospitalisé;4
202300012898;155 657 654;B01;1;0;0;4;1;5;203 820 399;1;1;3;1;1973.0;5;0;-1;-1;24;12;2023;13:15;1;22;22067;1;1;8;2;48.5542;-3.17639;3;2;2;0;2;1;5,5;1;0;1;70;Blessé hospitalisé;6
202300012898;155 657 657;A01;7;0;9;2;2;1;203 820 402;1;1;1;1;1955.0;5;1;-1;-1;24;12;2023;13:15;1;22;22067;1;1;8;2;48.5542;-3.17639;3;2;2;0;2;1;5,5;1;0;1;70;Indemne;6
202300012919;155 657 617;A01;1;0;2;1;1;5;203 820 357;1;1;4;1;1996.0;5;8;0;-1;18;3;2023;03:20;5;75;75111;2;2;1;3;48.850102;2.384715;4;2;2;0;1;1; -1;2;-1;5;30;Blessé léger;5
202300012919;155 657 617;A01;1;0;2;1;1;5;203 820 357;1;1;4;1;1996.0;5;8;0;-1;18;3;2023;03:20;5;75;75111;2;2;1;3;48.850102;2.384715;4;2;2;1;1;1; -1;2;-1;5;30;Blessé léger;5
202300012921;155 657 611;A01;1;0;1;1;1;5;203 820 349;10;3;4;1;1940.0;5;0;-1;-1;18;3;2023;10:20;1;75;75109;2;1;1;6;48.882652;2.343686;4;1;1;1;1;1; -1;1;-1;5;20;Blessé léger;5
202300012921;155 657 611;A01;1;0;1;1;1;5;203 820 351;1;1;1;1;1980.0;1;2;0;-1;18;3;2023;10:20;1;75;75109;2;1;1;6;48.882652;2.343686;4;1;1;1;1;1; -1;1;-1;5;20;Indemne;5
202300012938;155 657 580;A01;1;0;1;1;1;5;203 820 312;1;1;1;1;2003.0;2;2;8;-1;18;9;2023;08:40;1;75;75118;2;1;8;6;48.896612;2.3597574;4;2;4;0;1;1; -1;1;8;1;30;Indemne;0
202300012938;155 657 580;A01;1;0;1;1;1;5;203 820 313;10;3;4;2;1952.0;5;0;-1;-1;18;9;2023;08:40;1;75;75118;2;1;8;6;48.896612;2.3597574;4;2;4;0;1;1; -1;1;8;1;30;Blessé léger;0
202300012940;155 657 574;B01;1;0;2;7;1;5;203 820 305;1;1;4;2;1992.0;9;8;0;-1;18;9;2023;08:00;1;75;75118;2;2;1;3;48.883853;2.349473;4;2;4;3;1;1; -1;1;0;1;30;Blessé léger;0
202300012940;155 657 574;B01;1;0;2;7;1;5;203 820 305;1;1;4;2;1992.0;9;8;0;-1;18;9;2023;08:00;1;75;75118;2;2;1;3;48.883853;2.349473;4;1;2;1;1;1; -1;1;0;1;30;Blessé léger;0
202300012940;155 657 577;A01;7;0;2;1;1;1;203 820 308;3;2;1;2;1974.0;9;1;0;-1;18;9;2023;08:00;1;75;75118;2;2;1;3;48.883853;2.349473;4;2;4;3;1;1; -1;1;0;1;30;Indemne;0
202300012940;155 657 577;A01;7;0;2;1;1;1;203 820 308;3;2;1;2;1974.0;9;1;0;-1;18;9;2023;08:00;1;75;75118;2;2;1;3;48.883853;2.349473;4;1;2;1;1;1; -1;1;0;1;30;Indemne;0
202300012940;155 657 577;A01;7;0;2;1;1;1;203 820 310;1;1;1;1;1962.0;4;1;0;-1;18;9;2023;08:00;1;75;75118;2;2;1;3;48.883853;2.349473;4;2;4;3;1;1; -1;1;0;1;30;Indemne;0
202300012940;155 657 577;A01;7;0;2;1;1;1;203 820 310;1;1;1;1;1962.0;4;1;0;-1;18;9;2023;08:00;1;75;75118;2;2;1;3;48.883853;2.349473;4;1;2;1;1;1; -1;1;0;1;30;Indemne;0
202300012955;155 657 553;B01;1;0;2;8;15;5;203 820 272;1;1;4;1;1973.0;9;2;0;-1;18;9;2023;13:30;1;75;75111;2;2;1;3;48.858437;2.389436;4;3;4;1;1;2; -1;1;0;1;30;Blessé léger;0
202300012955;155 657 553;B01;1;0;2;8;15;5;203 820 272;1;1;4;1;1973.0;9;2;0;-1;18;9;2023;13:30;1;75;75111;2;2;1;3;48.858437;2.389436;4;1;1;1;2;1; -1;1;0;1;30;Blessé léger;0
202300012955;155 657 555;A01;7;0;2;1;1;1;203 820 274;1;1;1;1;1981.0;4;1;0;-1;18;9;2023;13:30;1;75;75111;2;2;1;3;48.858437;2.389436;4;3;4;1;1;2; -1;1;0;1;30;Indemne;0
202300012955;155 657 555;A01;7;0;2;1;1;1;203 820 274;1;1;1;1;1981.0;4;1;0;-1;18;9;2023;13:30;1;75;75111;2;2;1;3;48.858437;2.389436;4;1;1;1;2;1; -1;1;0;1;30;Indemne;0
202300012978;155 657 519;B01;1;0;0;8;26;5;203 820 222;1;1;3;1;2020.0;3;0;-1;-1;18;3;2023;16:20;1;76;76302;2;1;1;1;49.644402;0.373911;6;2;2;3;1;1;4;1;6;6;50;Blessé hospitalisé;5
202300012978;155 657 521;A01;7;0;9;1;15;1;203 820 224;1;1;1;1;1951.0;3;1;-1;-1;18;3;2023;16:20;1;76;76302;2;1;1;1;49.644402;0.373911;6;2;2;3;1;1;4;1;6;6;50;Indemne;5
202300012980;155 657 515;B01;32;0;2;1;1;1;203 820 215;1;1;1;1;2001.0;5;2;6;-1;17;9;2023;17:30;1;93;93051;2;1;1;3;48.85238029;2.56809925;4;1;1;0;1;3; -1;1;0;1;30;Indemne;6
202300012980;155 657 518;A01;1;0;2;8;26;5;203 820 220;1;1;4;1;1963.0;5;2;0;-1;17;9;2023;17:30;1;93;93051;2;1;1;3;48.85238029;2.56809925;4;1;1;0;1;3; -1;1;0;1;30;Blessé léger;6
202300012988;155 657 503;A01;1;0;1;7;13;5;203 820 201;10;3;1;2;1950.0;0;0;0;0;18;9;2023;11:05;1;92;92051;2;1;1;6;48.89105384;2.27024263;3;1;1;1;1;1; -1;1;0;5;50;Indemne;0
202300012988;155 657 503;A01;1;0;1;7;13;5;203 820 202;1;1;4;1;1966.0;0;8;0;-1;18;9;2023;11:05;1;92;92051;2;1;1;6;48.89105384;2.27024263;3;1;1;1;1;1; -1;1;0;5;50;Blessé léger;0
202300013004;155 657 475;A01;1;0;2;4;2;5;203 820 159;1;1;4;2;2003.0;1;0;-1;-1;18;9;2023;06:35;3;35;35136;1;1;1;2;47.96303845;-1.51493847;3;2;2;0;1;1;5;1;0;1;80;Blessé léger;0
202300013048;155 657 405;A01;80;0;2;2;0;6;203 820 056;1;1;4;1;1952.0;5;2;-1;-1;18;3;2023;10:00;1;72;72264;2;6;2;3;47.84262;-0.342583;3;2;1;0;1;1;8;2;0;1;-1;Blessé léger;5
202300013051;155 657 399;B01;1;0;2;8;16;5;203 820 048;1;1;4;1;1964.0;5;0;-1;-1;28;2;2023;14:30;1;60;60141;2;6;1;3;49.186107;2.460744;4;1;1;1;1;2; -1;1;0;5;50;Blessé léger;1
202300013051;155 657 401;A01;7;0;9;7;16;1;203 820 050;1;1;1;2;1936.0;5;1;-1;-1;28;2;2023;14:30;1;60;60141;2;6;1;3;49.186107;2.460744;4;1;1;1;1;2; -1;1;0;5;50;Indemne;1
202300013099;155 657 315;A01;7;0;2;1;23;1;203 819 935;1;1;1;1;1973.0;3;1;-1;-1;19;9;2023;16:30;1;69;69014;1;4;1;1;45.66808473;4.48505468;3;2;2;0;2;3;5;1;0;1;80;Indemne;1
202300013099;155 657 315;A01;7;0;2;1;23;1;203 819 935;1;1;1;1;1973.0;3;1;-1;-1;19;9;2023;16:30;1;69;69014;1;4;1;1;45.66808473;4.48505468;3;2;2;0;2;2; -1;1;0;1;-1;Indemne;1
202300013099;155 657 316;B01;1;0;2;1;9;5;203 819 936;1;1;3;1;1940.0;5;2;-1;-1;19;9;2023;16:30;1;69;69014;1;4;1;1;45.66808473;4.48505468;3;2;2;0;2;3;5;1;0;1;80;Blessé hospitalisé;1
202300013099;155 657 316;B01;1;0;2;1;9;5;203 819 936;1;1;3;1;1940.0;5;2;-1;-1;19;9;2023;16:30;1;69;69014;1;4;1;1;45.66808473;4.48505468;3;2;2;0;2;2; -1;1;0;1;-1;Blessé hospitalisé;1
202300013108;155 657 299;A01;1;0;0;0;0;5;203 819 918;1;1;3;1;1969.0;5;0;-1;-1;16;9;2023;21:45;5;22;22093;2;6;1;7;48.46314;-2.519941;4;2;2;0;1;1; -1;1;5;1;30;Blessé hospitalisé;5
202300013157;155 657 204;B01;1;0;2;1;9;5;203 819 789;1;1;4;2;1965.0;0;2;-1;-1;17;9;2023;17:10;1;69;69385;2;9;1;3;45.76533439;4.82906325;4;1;1;1;1;1; -1;1;0;5;30;Blessé léger;6
202300013157;155 657 205;A01;7;0;2;7;16;1;203 819 790;1;1;1;1;1975.0;1;1;-1;-1;17;9;2023;17:10;1;69;69385;2;9;1;3;45.76533439;4.82906325;4;1;1;1;1;1; -1;1;0;5;30;Indemne;6
202300013160;155 657 197;B01;1;0;2;1;1;5;203 819 781;1;1;4;1;1964.0;5;8;0;-1;17;3;2023;19:40;5;54;54395;2;2;1;3;48.67868;6.19733;4;1;1;0;1;1; -1;1;0;1;30;Blessé léger;4
202300013160;155 657 197;B01;1;0;2;1;1;5;203 819 781;1;1;4;1;1964.0;5;8;0;-1;17;3;2023;19:40;5;54;54395;2;2;1;3;48.67868;6.19733;4;2; -1;3;1;1; -1;1;0;1;50;Blessé léger;4
202300013160;155 657 199;A01;7;0;9;7;1;1;203 819 783;1;1;1;2;1986.0;0;1;0;-1;17;3;2023;19:40;5;54;54395;2;2;1;3;48.67868;6.19733;4;1;1;0;1;1; -1;1;0;1;30;Indemne;4
202300013160;155 657 199;A01;7;0;9;7;1;1;203 819 783;1;1;1;2;1986.0;0;1;0;-1;17;3;2023;19:40;5;54;54395;2;2;1;3;48.67868;6.19733;4;2; -1;3;1;1; -1;1;0;1;50;Indemne;4
202300013171;155 657 177;B01;1;0;0;0;16;5;203 819 748;1;1;1;1;1972.0;3;8;0;-1;15;9;2023;11:00;1;68;68376;2;1;1;6;47.81126;7.3372;6;-1; -1;0;1;1; -1;1;9;8;-1;Indemne;4
202300013171;155 657 177;B01;1;0;0;0;16;5;203 819 749;10;3;4;2;1987.0;3;0;-1;-1;15;9;2023;11:00;1;68;68376;2;1;1;6;47.81126;7.3372;6;-1; -1;0;1;1; -1;1;9;8;-1;Blessé léger;4
202300013180;155 657 163;B01;1;0;2;1;0;5;203 819 728;1;1;4;2;2005.0;4;8;0;-1;17;9;2023;18:50;1;62;62186;2;3;8;6;50.4542;2.72103;3;2;2;0;1;1; -1;1;0;1;50;Blessé léger;6
202300013180;155 657 163;B01;1;0;2;1;0;5;203 819 728;1;1;4;2;2005.0;4;8;0;-1;17;9;2023;18:50;1;62;62186;2;3;8;6;50.4542;2.72103;3;2;0;0;1;1; -1;1;0;1;50;Blessé léger;6
202300013182;155 657 158;A01;7;0;2;1;9;1;203 819 722;1;1;1;2;1948.0;5;1;8;-1;17;9;2023;10:55;1;62;62457;2;6;1;3;50.44757;2.52965;3;-1;2;0;1;1; -1;1;5;1;30;Indemne;6
202300013182;155 657 158;A01;7;0;2;1;9;1;203 819 722;1;1;1;2;1948.0;5;1;8;-1;17;9;2023;10:55;1;62;62457;2;6;1;3;50.44757;2.52965;3;2;2;0;2;1; -1;1;0;1;30;Indemne;6
202300013182;155 657 160;B01;1;0;2;7;1;5;203 819 724;1;1;4;1;1966.0;5;2;0;-1;17;9;2023;10:55;1;62;62457;2;6;1;3;50.44757;2.52965;3;-1;2;0;1;1; -1;1;5;1;30;Blessé léger;6
202300013182;155 657 160;B01;1;0;2;7;1;5;203 819 724;1;1;4;1;1966.0;5;2;0;-1;17;9;2023;10:55;1;62;62457;2;6;1;3;50.44757;2.52965;3;2;2;0;2;1; -1;1;0;1;30;Blessé léger;6
202300013186;155 657 150;B01;33;0;9;7;25;1;203 819 711;1;1;1;1;1981.0;1;2;0;-1;15;9;2023;15:30;1;60;60057;2;1;1;3;49.42506;2.07185;4;1;1;0;2;1; -1;1;9;4;50;Indemne;4
202300013186;155 657 152;A01;1;0;2;1;25;5;203 819 714;1;1;4;1;1971.0;1;2;8;-1;15;9;2023;15:30;1;60;60057;2;1;1;3;49.42506;2.07185;4;1;1;0;2;1; -1;1;9;4;50;Blessé léger;4
202300013190;155 657 143;B01;1;0;2;8;0;5;203 819 703;1;1;4;1;1982.0;3;8;0;-1;17;9;2023;17:15;1;58;58194;2;9;1;2;46.99315;3.14885;4;2;2;0;1;1; -1;1;0;1;50;Blessé léger;6
202300013190;155 657 145;A01;7;0;2;1;17;2;203 819 705;1;1;1;1;1933.0;5;1;0;-1;17;9;2023;17:15;1;58;58194;2;9;1;2;46.99315;3.14885;4;2;2;0;1;1; -1;1;0;1;50;Indemne;6
202300013202;155 657 122;A01;1;0;2;1;2;5;203 819 673;1;1;3;1;1991.0;0;8;0;-1;17;3;2023;16:40;1;17;17415;2;1;1;3;45.73714;-0.615243;3;2;2;0;1;1; -1;1;0;1;50;Blessé hospitalisé;4
202300013202;155 657 123;B01;7;16;0;3;15;1;203 819 674;1;1;1;2;1987.0;0;1;0;-1;17;3;2023;16:40;1;17;17415;2;1;1;3;45.73714;-0.615243;3;2;2;0;1;1; -1;1;0;1;50;Indemne;4
202300013206;155 657 114;A01;7;0;2;1;9;1;203 819 663;1;1;1;2;1955.0;5;1;8;-1;17;3;2023;17:21;1;14;14327;2;6;1;3;49.19798;-0.33333;4;4; -1;1;1;2; -1;2;5;1;50;Indemne;4
202300013206;155 657 114;A01;7;0;2;1;9;1;203 819 663;1;1;1;2;1955.0;5;1;8;-1;17;3;2023;17:21;1;14;14327;2;6;1;3;49.19798;-0.33333;4;4;2;1;1;2; -1;2;5;1;50;Indemne;4
202300013206;155 657 116;B01;80;0;2;7;1;3;203 819 665;1;1;3;2;1989.0;1;2;6;-1;17;3;2023;17:21;1;14;14327;2;6;1;3;49.19798;-0.33333;4;4; -1;1;1;2; -1;2;5;1;50;Blessé hospitalisé;4
202300013206;155 657 116;B01;80;0;2;7;1;3;203 819 665;1;1;3;2;1989.0;1;2;6;-1;17;3;2023;17:21;1;14;14327;2;6;1;3;49.19798;-0.33333;4;4;2;1;1;2; -1;2;5;1;50;Blessé hospitalisé;4
202300013221;155 657 087;B01;1;0;2;1;1;5;203 819 631;1;1;4;1;1988.0;9;8;0;-1;17;9;2023;01:20;5;75;75120;2;1;1;3;48.863478;2.389827;4;2;3;1;2;1; -1;1;0;5;30;Blessé léger;6
202300013226;155 657 078;B01;1;0;2;1;1;5;203 819 618;1;1;3;1;1964.0;1;2;0;-1;17;3;2023;13:58;1;10;10325;2;2;1;3;48.26076;4.06373;4;2;2;0;1;1; -1;1;0;1;50;Blessé hospitalisé;4
202300013226;155 657 078;B01;1;0;2;1;1;5;203 819 618;1;1;3;1;1964.0;1;2;0;-1;17;3;2023;13:58;1;10;10325;2;2;1;3;48.26076;4.06373;4;2;0;0;1;1; -1;1;0;1;50;Blessé hospitalisé;4
202300013226;155 657 079;A01;7;0;2;3;1;1;203 819 619;1;1;1;2;1982.0;0;1;0;-1;17;3;2023;13:58;1;10;10325;2;2;1;3;48.26076;4.06373;4;2;2;0;1;1; -1;1;0;1;50;Indemne;4
202300013226;155 657 079;A01;7;0;2;3;1;1;203 819 619;1;1;1;2;1982.0;0;1;0;-1;17;3;2023;13:58;1;10;10325;2;2;1;3;48.26076;4.06373;4;2;0;0;1;1; -1;1;0;1;50;Indemne;4
202300013227;155 657 076;A01;1;0;2;1;1;5;203 819 616;1;1;4;1;1968.0;5;2;0;-1;17;9;2023;09:30;1;75;75112;2;1;1;3;48.831044;2.448881;4;2;2;1;1;1; -1;1;0;5;30;Blessé léger;6
202300013227;155 657 077;B01;7;0;2;8;9;1;203 819 617;1;1;1;1;1961.0;9;8;0;-1;17;9;2023;09:30;1;75;75112;2;1;1;3;48.831044;2.448881;4;2;2;1;1;1; -1;1;0;5;30;Indemne;6
202300013233;155 657 067;A01;1;0;0;1;1;5;203 819 604;1;1;4;1;2008.0;5;8;0;-1;17;9;2023;16:45;1;75;75107;2;1;1;7;48.861022;2.29487;4;2;1;0;1;1; -1;1;0;1;30;Blessé léger;6
202300013236;155 657 063;B01;7;0;0;2;2;1;203 819 598;1;1;1;1;1976.0;0;1;-1;-1;17;3;2023;07:48;1;06;06069;2;1;1;3;43.654958;6.9274;3;2;1;0;2;1; -1;1;0;1;50;Indemne;4
202300013236;155 657 064;A01;1;8;2;2;18;5;203 819 599;1;1;4;1;1987.0;0;8;0;-1;17;3;2023;07:48;1;06;06069;2;1;1;3;43.654958;6.9274;3;2;1;0;2;1; -1;1;0;1;50;Blessé léger;4
202300013248;155 657 038;A01;7;0;2;3;15;0;203 819 565;1;1;1;2;1996.0;0;1;0;-1;16;9;2023;16:40;1;93;93007;2;2;1;3;48.94052587;2.4463436;4;2;2;1;1;1; -1;1;0;1;50;Indemne;5
202300013248;155 657 038;A01;7;0;2;3;15;0;203 819 565;1;1;1;2;1996.0;0;1;0;-1;16;9;2023;16:40;1;93;93007;2;2;1;3;48.94052587;2.4463436;4;2;2;0;1;1; -1;1;0;1;50;Indemne;5
202300013248;155 657 039;B01;1;0;2;0;0;5;203 819 567;1;1;4;1;2000.0;0;2;0;-1;16;9;2023;16:40;1;93;93007;2;2;1;3;48.94052587;2.4463436;4;2;2;1;1;1; -1;1;0;1;50;Blessé léger;5
202300013248;155 657 039;B01;1;0;2;0;0;5;203 819 567;1;1;4;1;2000.0;0;2;0;-1;16;9;2023;16:40;1;93;93007;2;2;1;3;48.94052587;2.4463436;4;2;2;0;1;1; -1;1;0;1;50;Blessé léger;5
202300013252;155 657 033;Z01;1;0;1;1;1;5;203 819 560;10;3;4;2;1947.0;5;8;8;-1;17;3;2023;13:45;1;75;75115;2;2;1;6;48.840502;2.295767;4;1; -1;-1;1;1; -1;1;0;1;-1;Blessé léger;4
202300013252;155 657 033;Z01;1;0;1;1;1;5;203 819 560;10;3;4;2;1947.0;5;8;8;-1;17;3;2023;13:45;1;75;75115;2;2;1;6;48.840502;2.295767;4;2;1;0;1;1; -1;1;0;1;30;Blessé léger;4
202300013254;155 657 029;A01;7;0;2;8;22;1;203 819 554;1;1;1;1;1980.0;0;8;0;-1;17;9;2023;09:50;1;92;92073;2;1;1;3;48.87786;2.2343;4;2;2;1;1;1; -1;1;0;1;50;Indemne;6
202300013254;155 657 030;B01;1;0;0;0;0;5;203 819 555;1;1;4;1;1999.0;0;8;0;-1;17;9;2023;09:50;1;92;92073;2;1;1;3;48.87786;2.2343;4;2;2;1;1;1; -1;1;0;1;50;Blessé léger;6
202300013312;155 656 936;A01;1;0;1;1;1;5;203 819 428;1;1;1;1;1999.0;5;2;0;-1;4;2;2023;11:20;1;75;75117;2;2;2;6;48.883813;2.304682;4;2;2;2;1;1; -1;2;-1;5;30;Indemne;5
202300013312;155 656 936;A01;1;0;1;1;1;5;203 819 428;1;1;1;1;1999.0;5;2;0;-1;4;2;2023;11:20;1;75;75117;2;2;2;6;48.883813;2.304682;4;2; -1;-1;1;1; -1;2;-1;5;-1;Indemne;5
202300013312;155 656 936;A01;1;0;1;1;1;5;203 819 429;10;3;4;2;1970.0;5;0;-1;-1;4;2;2023;11:20;1;75;75117;2;2;2;6;48.883813;2.304682;4;2;2;2;1;1; -1;2;-1;5;30;Blessé léger;5
202300013312;155 656 936;A01;1;0;1;1;1;5;203 819 429;10;3;4;2;1970.0;5;0;-1;-1;4;2;2023;11:20;1;75;75117;2;2;2;6;48.883813;2.304682;4;2; -1;-1;1;1; -1;2;-1;5;-1;Blessé léger;5
202300013332;155 656 905;A01;1;0;9;9;26;5;203 819 387;1;1;3;1;1987.0;5;0;-1;-1;5;2;2023;21:18;5;32;32162;2;3;1;7;43.75718;0.457335;4;-1;2;0;1;1; -1;1;0;1;-1;Blessé hospitalisé;6
202300013332;155 656 905;A01;1;0;9;9;26;5;203 819 387;1;1;3;1;1987.0;5;0;-1;-1;5;2;2023;21:18;5;32;32162;2;3;1;7;43.75718;0.457335;4;2;2;0;2;1; -1;1;0;1;50;Blessé hospitalisé;6
202300013344;155 656 885;B01;1;0;2;1;1;5;203 819 366;1;1;3;1;1973.0;5;2;-1;-1;5;2;2023;15:00;1;07;07069;1;4;1;1;45.054651;4.707886;3;2;1;0;2;1;3;1;0;1;80;Blessé hospitalisé;6
202300013344;155 656 885;B01;1;0;2;1;1;5;203 819 366;1;1;3;1;1973.0;5;2;-1;-1;5;2;2023;15:00;1;07;07069;1;4;1;1;45.054651;4.707886;3;2;1;0;3;1;3;1;0;1;70;Blessé hospitalisé;6
202300013344;155 656 886;A01;7;0;9;2;13;0;203 819 367;1;1;1;1;1957.0;0;1;-1;-1;5;2;2023;15:00;1;07;07069;1;4;1;1;45.054651;4.707886;3;2;1;0;2;1;3;1;0;1;80;Indemne;6
202300013344;155 656 886;A01;7;0;9;2;13;0;203 819 367;1;1;1;1;1957.0;0;1;-1;-1;5;2;2023;15:00;1;07;07069;1;4;1;1;45.054651;4.707886;3;2;1;0;3;1;3;1;0;1;70;Indemne;6
202300013367;155 656 843;B01;1;0;2;1;1;5;203 819 302;1;1;4;1;1989.0;1;8;0;-1;17;10;2023;08:45;1;92;92035;2;1;1;3;48.90665091;2.24627137;3;2;3;0;1;1;10,5;1;0;1;50;Blessé léger;1
202300013367;155 656 846;A01;10;0;9;8;24;1;203 819 304;1;1;1;1;1973.0;4;1;0;-1;17;10;2023;08:45;1;92;92035;2;1;1;3;48.90665091;2.24627137;3;2;3;0;1;1;10,5;1;0;1;50;Indemne;1