Num_Acc;id_vehicule;num_veh;catv;obs;obsm;choc;manv;motor;id_usager;place;catu;grav;sexe;an_nais;trajet;secu1;secu2;secu3;jour;mois;an;hrmn;lum;dep;com;agg;int;atm;col;lat;long;catr;circ;nbv;vosp;prof;plan;larrout;surf;infra;situ;vma;gravity;day_of_week
202300013381;155 656 817;A01;1;0;2;7;1;5;203 819 270;1;1;4;1;1988.0;5;8;8;-1;4;2;2023;00:40;5;75;75119;2;7;1;3;48.881999;2.393293;4;2; -1;-1;1;1; -1;1;0;1;-1;Blessé léger;5
202300013381;155 656 817;A01;1;0;2;7;1;5;203 819 270;1;1;4;1;1988.0;5;8;8;-1;4;2;2023;00:40;5;75;75119;2;7;1;3;48.881999;2.393293;4;-1;2;0;2;1; -1;1;0;1;30;Blessé léger;5
202300013382;155 656 813;A01;7;0;2;3;4;1;203 819 266;1;1;1;1;1962.0;9;1;0;-1;4;2;2023;18:15;5;75;75117;2;3;1;3;48.882355;2.320981;4;1;3;3;1;1; -1;1;0;1;30;Indemne;5
202300013382;155 656 813;A01;7;0;2;3;4;1;203 819 266;1;1;1;1;1962.0;9;1;0;-1;4;2;2023;18:15;5;75;75117;2;3;1;3;48.882355;2.320981;4;1;1;0;1;1; -1;1;0;1;30;Indemne;5
202300013382;155 656 815;B01;1;0;2;8;1;5;203 819 268;1;1;4;2;1993.0;5;8;0;-1;4;2;2023;18:15;5;75;75117;2;3;1;3;48.882355;2.320981;4;1;3;3;1;1; -1;1;0;1;30;Blessé léger;5
202300013382;155 656 815;B01;1;0;2;8;1;5;203 819 268;1;1;4;2;1993.0;5;8;0;-1;4;2;2023;18:15;5;75;75117;2;3;1;3;48.882355;2.320981;4;1;1;0;1;1; -1;1;0;1;30;Blessé léger;5
202300013391;155 656 797;B01;1;0;2;2;1;5;203 819 247;1;1;4;1;1976.0;0;8;0;-1;4;2;2023;09:35;1;93;93070;2;3;2;3;48.91256404;2.33464032;3;3;4;1;1;1; -1;2;0;1;50;Blessé léger;5
202300013391;155 656 799;A01;7;0;2;2;15;1;203 819 249;1;1;1;1;1965.0;0;1;8;-1;4;2;2023;09:35;1;93;93070;2;3;2;3;48.91256404;2.33464032;3;3;4;1;1;1; -1;2;0;1;50;Indemne;5
202300013421;155 656 756;A01;7;0;9;7;17;1;203 819 191;1;1;1;1;2002.0;0;1;-1;-1;6;10;2023;14:56;1;63;63003;1;9;1;3;45.549591;3.745486;3;2;2;0;1;1; -1;1;0;1;90;Indemne;4
202300013421;155 656 757;B01;80;0;2;8;15;3;203 819 195;1;1;4;1;1947.0;5;2;4;-1;6;10;2023;14:56;1;63;63003;1;9;1;3;45.549591;3.745486;3;2;2;0;1;1; -1;1;0;1;90;Blessé léger;4
202300013443;155 656 721;A01;1;0;0;4;1;5;203 819 138;1;1;2;1;1989.0;5;0;-1;-1;4;2;2023;22:30;3;68;68147;1;1;1;2;48.175416;7.32316;3;2;2;0;2;1;5,5;1;0;1;80;Tué;5
202300013443;155 656 722;B01;7;0;2;2;1;1;203 819 140;1;1;1;1;1994.0;5;1;-1;-1;4;2;2023;22:30;3;68;68147;1;1;1;2;48.175416;7.32316;3;2;2;0;2;1;5,5;1;0;1;80;Indemne;5
202300013446;155 656 716;A01;15;0;2;3;1;1;203 819 134;1;1;1;1;1994.0;4;1;-1;-1;20;10;2023;15:20;1;66;66049;2;1;1;1;42.501475;2.761306;4;2;2;0;1;1; -1;1;0;1;50;Indemne;4
202300013446;155 656 718;B01;1;0;2;1;11;5;203 819 137;1;1;4;1;1998.0;1;0;-1;-1;20;10;2023;15:20;1;66;66049;2;1;1;1;42.501475;2.761306;4;2;2;0;1;1; -1;1;0;1;50;Blessé léger;4
202300013458;155 656 696;B01;10;0;2;2;2;1;203 819 109;1;1;1;1;1978.0;4;1;-1;-1;20;10;2023;17:50;1;17;17292;1;2;3;2;45.963292;-0.749956;3;2;2;0;1;1;5;2;5;1;90;Indemne;4
202300013458;155 656 696;B01;10;0;2;2;2;1;203 819 109;1;1;1;1;1978.0;4;1;-1;-1;20;10;2023;17:50;1;17;17292;1;2;3;2;45.963292;-0.749956;3;2;2;-1;1;1; -1;2;5;1;80;Indemne;4
202300013458;155 656 697;A01;1;0;2;6;13;5;203 819 110;1;1;2;1;1961.0;5;4;-1;-1;20;10;2023;17:50;1;17;17292;1;2;3;2;45.963292;-0.749956;3;2;2;0;1;1;5;2;5;1;90;Tué;4
202300013458;155 656 697;A01;1;0;2;6;13;5;203 819 110;1;1;2;1;1961.0;5;4;-1;-1;20;10;2023;17:50;1;17;17292;1;2;3;2;45.963292;-0.749956;3;2;2;-1;1;1; -1;2;5;1;80;Tué;4
202300013488;155 656 633;A01;7;0;2;2;1;1;203 819 021;1;1;1;1;1977.0;9;1;-1;-1;19;10;2023;14:27;1;91;91111;2;2;1;3;48.62108;2.116992;3;3;2;2;1;1;7;1;0;1;80;Indemne;3
202300013488;155 656 633;A01;7;0;2;2;1;1;203 819 021;1;1;1;1;1977.0;9;1;-1;-1;19;10;2023;14:27;1;91;91111;2;2;1;3;48.62108;2.116992;3;-1; -1;-1;-1;-1; -1;-1;-1;-1;-1;Indemne;3
202300013488;155 656 635;B01;1;0;2;8;1;5;203 819 023;1;1;3;1;1972.0;5;2;-1;-1;19;10;2023;14:27;1;91;91111;2;2;1;3;48.62108;2.116992;3;3;2;2;1;1;7;1;0;1;80;Blessé hospitalisé;3
202300013488;155 656 635;B01;1;0;2;8;1;5;203 819 023;1;1;3;1;1972.0;5;2;-1;-1;19;10;2023;14:27;1;91;91111;2;2;1;3;48.62108;2.116992;3;-1; -1;-1;-1;-1; -1;-1;-1;-1;-1;Blessé hospitalisé;3
202300013494;155 656 620;C01;80;0;2;1;12;3;203 819 001;1;1;1;1;2001.0;4;2;-1;-1;3;2;2023;17:15;1;69;69386;2;2;1;4;45.77247;4.84311;4;2;2;2;1;1; -1;1;0;1;50;Indemne;4
202300013494;155 656 620;C01;80;0;2;1;12;3;203 819 001;1;1;1;1;2001.0;4;2;-1;-1;3;2;2023;17:15;1;69;69386;2;2;1;4;45.77247;4.84311;4;2;2;3;1;1; -1;1;0;1;50;Indemne;4
202300013494;155 656 621;A01;7;0;2;2;2;1;203 819 002;1;1;1;1;1993.0;4;1;-1;-1;3;2;2023;17:15;1;69;69386;2;2;1;4;45.77247;4.84311;4;2;2;2;1;1; -1;1;0;1;50;Indemne;4
202300013494;155 656 621;A01;7;0;2;2;2;1;203 819 002;1;1;1;1;1993.0;4;1;-1;-1;3;2;2023;17:15;1;69;69386;2;2;1;4;45.77247;4.84311;4;2;2;3;1;1; -1;1;0;1;50;Indemne;4
202300013494;155 656 623;B01;33;0;2;3;1;1;203 819 003;1;1;4;1;2002.0;0;2;-1;-1;3;2;2023;17:15;1;69;69386;2;2;1;4;45.77247;4.84311;4;2;2;2;1;1; -1;1;0;1;50;Blessé léger;4
202300013494;155 656 623;B01;33;0;2;3;1;1;203 819 003;1;1;4;1;2002.0;0;2;-1;-1;3;2;2023;17:15;1;69;69386;2;2;1;4;45.77247;4.84311;4;2;2;3;1;1; -1;1;0;1;50;Blessé léger;4
202300013494;155 656 623;B01;33;0;2;3;1;1;203 819 004;2;2;1;1;2001.0;0;2;-1;-1;3;2;2023;17:15;1;69;69386;2;2;1;4;45.77247;4.84311;4;2;2;2;1;1; -1;1;0;1;50;Indemne;4
202300013494;155 656 623;B01;33;0;2;3;1;1;203 819 004;2;2;1;1;2001.0;0;2;-1;-1;3;2;2023;17:15;1;69;69386;2;2;1;4;45.77247;4.84311;4;2;2;3;1;1; -1;1;0;1;50;Indemne;4
202300013505;155 656 600;A01;7;0;9;2;1;1;203 818 974;1;1;1;1;1987.0;5;8;-1;-1;18;10;2023;09:30;1;67;67300;2;3;1;2;48.537309;7.501334;4;2;2;0;1;1; -1;1;0;1;50;Indemne;2
202300013505;155 656 600;A01;7;0;9;2;1;1;203 818 974;1;1;1;1;1987.0;5;8;-1;-1;18;10;2023;09:30;1;67;67300;2;3;1;2;48.537309;7.501334;4;2; -1;-1;1;1; -1;1;0;1;50;Indemne;2
202300013505;155 656 602;B01;1;0;2;4;2;5;203 818 975;1;1;4;1;1938.0;5;0;-1;-1;18;10;2023;09:30;1;67;67300;2;3;1;2;48.537309;7.501334;4;2;2;0;1;1; -1;1;0;1;50;Blessé léger;2
202300013505;155 656 602;B01;1;0;2;4;2;5;203 818 975;1;1;4;1;1938.0;5;0;-1;-1;18;10;2023;09:30;1;67;67300;2;3;1;2;48.537309;7.501334;4;2; -1;-1;1;1; -1;1;0;1;50;Blessé léger;2
202300013533;155 656 552;A01;1;1;0;1;14;5;203 818 906;1;1;4;1;2004.0;2;8;0;-1;2;2;2023;07:45;2;64;64122;2;1;1;6;43.481768;-1.556359;4;2;2;0;2;1; -1;1;0;1;30;Blessé léger;3
202300013546;155 656 533;Z01;10;0;2;1;1;1;203 818 881;1;1;1;1;1989.0;0;1;0;-1;2;2;2023;22:30;5;54;54395;2;2;2;2;48.68955;6.19382;4;2;0;0;1;1; -1;2;0;1;50;Indemne;3
202300013546;155 656 533;Z01;10;0;2;1;1;1;203 818 881;1;1;1;1;1989.0;0;1;0;-1;2;2;2023;22:30;5;54;54395;2;2;2;2;48.68955;6.19382;4;2;3;0;1;1; -1;2;0;1;50;Indemne;3
202300013546;155 656 534;B01;1;0;2;4;15;5;203 818 883;1;1;4;1;2001.0;5;8;0;-1;2;2;2023;22:30;5;54;54395;2;2;2;2;48.68955;6.19382;4;2;0;0;1;1; -1;2;0;1;50;Blessé léger;3
202300013546;155 656 534;B01;1;0;2;4;15;5;203 818 883;1;1;4;1;2001.0;5;8;0;-1;2;2;2023;22:30;5;54;54395;2;2;2;2;48.68955;6.19382;4;2;3;0;1;1; -1;2;0;1;50;Blessé léger;3
202300013573;155 656 480;A01;7;0;2;8;15;1;203 818 817;1;1;1;1;1966.0;9;1;8;-1;18;10;2023;07:15;1;974;97416;1;1;1;3;-21.32384;55.4453;4;2;2;0;1;1; -1;1;9;1;50;Indemne;2
202300013573;155 656 481;B01;1;0;2;1;1;5;203 818 818;1;1;4;1;1966.0;9;2;8;-1;18;10;2023;07:15;1;974;97416;1;1;1;3;-21.32384;55.4453;4;2;2;0;1;1; -1;1;9;1;50;Blessé léger;2
202300013581;155 656 469;A01;1;0;2;4;1;5;203 818 803;1;1;4;1;1954.0;0;8;0;-1;15;10;2023;04:20;3;971;97101;1;1;1;2;16.30518;-61.49221;2;3;2;0;1;1; -1;1;0;1;90;Blessé léger;6
202300013590;155 656 451;A01;1;0;0;0;1;5;203 818 783;1;1;4;2;1989.0;5;2;0;-1;18;10;2023;09:15;1;76;76351;2;2;2;7;49.49853;0.10079;4;2;2;0;2;1; -1;2;0;1;50;Blessé léger;2
202300013590;155 656 451;A01;1;0;0;0;1;5;203 818 783;1;1;4;2;1989.0;5;2;0;-1;18;10;2023;09:15;1;76;76351;2;2;2;7;49.49853;0.10079;4;1;3;0;2;1; -1;2;0;1;50;Blessé léger;2
202300013590;155 656 451;A01;1;0;0;0;1;5;203 818 784;2;2;4;2;2021.0;0;2;-1;-1;18;10;2023;09:15;1;76;76351;2;2;2;7;49.49853;0.10079;4;2;2;0;2;1; -1;2;0;1;50;Blessé léger;2
202300013590;155 656 451;A01;1;0;0;0;1;5;203 818 784;2;2;4;2;2021.0;0;2;-1;-1;18;10;2023;09:15;1;76;76351;2;2;2;7;49.49853;0.10079;4;1;3;0;2;1; -1;2;0;1;50;Blessé léger;2
202300013598;155 656 437;B01;1;0;2;2;19;0;203 818 766;1;1;4;1;2005.0;0;8;-1;-1;18;10;2023;20:20;5;69;69266;2;3;3;2;45.77915134;4.87902508;4;1;1;2;1;1; -1;2;0;1;50;Blessé léger;2
202300013598;155 656 437;B01;1;0;2;2;19;0;203 818 766;1;1;4;1;2005.0;0;8;-1;-1;18;10;2023;20:20;5;69;69266;2;3;3;2;45.77915134;4.87902508;4;2;2;0;1;1; -1;2;0;1;50;Blessé léger;2
202300013598;155 656 438;A01;7;0;2;2;2;1;203 818 767;1;1;1;2;1999.0;0;0;-1;-1;18;10;2023;20:20;5;69;69266;2;3;3;2;45.77915134;4.87902508;4;1;1;2;1;1; -1;2;0;1;50;Indemne;2
202300013598;155 656 438;A01;7;0;2;2;2;1;203 818 767;1;1;1;2;1999.0;0;0;-1;-1;18;10;2023;20:20;5;69;69266;2;3;3;2;45.77915134;4.87902508;4;2;2;0;1;1; -1;2;0;1;50;Indemne;2
202300013599;155 656 435;A01;7;0;9;2;26;1;203 818 764;1;1;1;1;1971.0;5;1;8;-1;18;10;2023;14:50;1;68;68224;2;3;8;3;47.73781;7.31784;4;2;2;0;1;1; -1;2;0;1;50;Indemne;2
202300013599;155 656 435;A01;7;0;9;2;26;1;203 818 764;1;1;1;1;1971.0;5;1;8;-1;18;10;2023;14:50;1;68;68224;2;3;8;3;47.73781;7.31784;4;2;2;0;1;1; -1;2;0;1;30;Indemne;2
202300013599;155 656 436;B01;1;0;2;4;15;5;203 818 765;1;1;4;1;2010.0;5;2;8;-1;18;10;2023;14:50;1;68;68224;2;3;8;3;47.73781;7.31784;4;2;2;0;1;1; -1;2;0;1;50;Blessé léger;2
202300013599;155 656 436;B01;1;0;2;4;15;5;203 818 765;1;1;4;1;2010.0;5;2;8;-1;18;10;2023;14:50;1;68;68224;2;3;8;3;47.73781;7.31784;4;2;2;0;1;1; -1;2;0;1;30;Blessé léger;2
202300013606;155 656 425;B01;80;0;2;1;15;3;203 818 749;1;1;4;1;1963.0;1;2;4;-1;17;10;2023;07:05;5;56;56098;2;6;2;3;47.76301;-3.32863;3;2;2;0;1;2;3;2;5;1;50;Blessé léger;1
202300013606;155 656 426;A01;7;0;2;3;9;1;203 818 750;1;1;1;1;2001.0;1;1;8;-1;17;10;2023;07:05;5;56;56098;2;6;2;3;47.76301;-3.32863;3;2;2;0;1;2;3;2;5;1;50;Indemne;1
202300013620;155 656 397;B01;10;0;2;1;1;1;203 818 715;1;1;1;1;1980.0;1;1;-1;-1;18;10;2023;06:43;5;33;33249;2;1;2;3;44.86356005;-0.53715698;4;2;2;1;1;1; -1;2;5;1;30;Indemne;2
202300013620;155 656 398;A01;1;12;2;9;1;5;203 818 716;1;1;4;1;1979.0;1;2;4;-1;18;10;2023;06:43;5;33;33249;2;1;2;3;44.86356005;-0.53715698;4;2;2;1;1;1; -1;2;5;1;30;Blessé léger;2
202300013621;155 656 395;A01;37;0;9;1;15;1;203 818 713;1;1;1;1;1981.0;4;1;0;-1;18;10;2023;07:45;2;25;25462;2;3;8;1;46.89416;6.3645;2;2;2;0;1;1;7;1;0;8;50;Indemne;2
202300013621;155 656 395;A01;37;0;9;1;15;1;203 818 713;1;1;1;1;1981.0;4;1;0;-1;18;10;2023;07:45;2;25;25462;2;3;8;1;46.89416;6.3645;2;2;2;0;1;1;7;1;5;1;50;Indemne;2
202300013621;155 656 396;B01;1;0;2;1;1;5;203 818 714;1;1;4;1;1990.0;1;2;0;-1;18;10;2023;07:45;2;25;25462;2;3;8;1;46.89416;6.3645;2;2;2;0;1;1;7;1;0;8;50;Blessé léger;2
202300013621;155 656 396;B01;1;0;2;1;1;5;203 818 714;1;1;4;1;1990.0;1;2;0;-1;18;10;2023;07:45;2;25;25462;2;3;8;1;46.89416;6.3645;2;2;2;0;1;1;7;1;5;1;50;Blessé léger;2
202300013629;155 656 382;B01;1;0;2;8;1;5;203 818 696;1;1;3;2;1965.0;3;8;0;-1;18;10;2023;11:10;1;04;04070;2;1;1;6;44.087;6.22831;4;-1;2;0;1;1; -1;1;0;1;50;Blessé hospitalisé;2
202300013631;155 656 378;A01;1;0;1;8;1;5;203 818 690;10;3;4;1;1966.0;9;0;-1;-1;18;10;2023;09:50;1;75;75119;2;1;1;6;48.886466;2.371428;4;1;0;1;1;1; -1;1;-1;5;30;Blessé léger;2
202300013631;155 656 378;A01;1;0;1;8;1;5;203 818 691;1;1;1;1;1998.0;9;2;8;-1;18;10;2023;09:50;1;75;75119;2;1;1;6;48.886466;2.371428;4;1;0;1;1;1; -1;1;-1;5;30;Indemne;2
202300013632;155 656 376;A01;7;0;2;3;4;2;203 818 688;1;1;1;1;1956.0;4;1;0;-1;18;10;2023;18:50;5;75;75116;2;3;2;3;48.83879398;2.26132751;4;1; -1;-1;1;1; -1;2;0;1;-1;Indemne;2
202300013632;155 656 376;A01;7;0;2;3;4;2;203 818 688;1;1;1;1;1956.0;4;1;0;-1;18;10;2023;18:50;5;75;75116;2;3;2;3;48.83879398;2.26132751;4;1;1;0;1;1; -1;2;0;1;30;Indemne;2
202300013632;155 656 377;B01;1;0;2;8;19;5;203 818 689;1;1;4;1;1961.0;5;8;0;-1;18;10;2023;18:50;5;75;75116;2;3;2;3;48.83879398;2.26132751;4;1; -1;-1;1;1; -1;2;0;1;-1;Blessé léger;2
202300013632;155 656 377;B01;1;0;2;8;19;5;203 818 689;1;1;4;1;1961.0;5;8;0;-1;18;10;2023;18:50;5;75;75116;2;3;2;3;48.83879398;2.26132751;4;1;1;0;1;1; -1;2;0;1;30;Blessé léger;2
202300013634;155 656 373;Z01;1;0;1;1;25;5;203 818 685;10;3;4;2;1945.0;5;0;-1;-1;18;10;2023;15:00;1;75;75113;2;2;3;6;48.821013;2.350756;4;2;4;0;2;1; -1;2;0;4;50;Blessé léger;2
202300013634;155 656 373;Z01;1;0;1;1;25;5;203 818 685;10;3;4;2;1945.0;5;0;-1;-1;18;10;2023;15:00;1;75;75113;2;2;3;6;48.821013;2.350756;4;2; -1;-1;1;1; -1;2;0;4;-1;Blessé léger;2
202300013635;155 656 372;A01;1;0;1;2;16;5;203 818 682;10;3;4;1;1978.0;9;0;-1;-1;18;10;2023;20:25;5;75;75111;2;2;1;6;48.857792;2.370931;4;2;4;1;1;1; -1;2;0;1;30;Blessé léger;2
202300013635;155 656 372;A01;1;0;1;2;16;5;203 818 682;10;3;4;1;1978.0;9;0;-1;-1;18;10;2023;20:25;5;75;75111;2;2;1;6;48.857792;2.370931;4;1;1;0;2;1; -1;2;0;1;30;Blessé léger;2
202300013635;155 656 372;A01;1;0;1;2;16;5;203 818 683;1;1;1;1;1999.0;5;8;0;-1;18;10;2023;20:25;5;75;75111;2;2;1;6;48.857792;2.370931;4;2;4;1;1;1; -1;2;0;1;30;Indemne;2
202300013635;155 656 372;A01;1;0;1;2;16;5;203 818 683;1;1;1;1;1999.0;5;8;0;-1;18;10;2023;20:25;5;75;75111;2;2;1;6;48.857792;2.370931;4;1;1;0;2;1; -1;2;0;1;30;Indemne;2
202300013637;155 656 370;Z01;1;0;1;1;1;5;203 818 679;10;3;4;2;1999.0;9;8;8;-1;18;10;2023;17:30;1;75;75110;2;3;2;6;48.870612;2.355016;4;1;4;1;1;1; -1;2;-1;5;30;Blessé léger;2
202300013637;155 656 370;Z01;1;0;1;1;1;5;203 818 679;10;3;4;2;1999.0;9;8;8;-1;18;10;2023;17:30;1;75;75110;2;3;2;6;48.870612;2.355016;4;-1; -1;-1;1;1; -1;2;-1;5;-1;Blessé léger;2
202300013638;155 656 368;A01;7;0;2;5;22;1;203 818 675;1;1;1;1;1967.0;4;1;0;-1;18;10;2023;17:10;2;75;75110;2;7;2;2;48.868495;2.362983;4;2;7;2;1;1; -1;2;-1;5;30;Indemne;2
202300013638;155 656 368;A01;7;0;2;5;22;1;203 818 675;1;1;1;1;1967.0;4;1;0;-1;18;10;2023;17:10;2;75;75110;2;7;2;2;48.868495;2.362983;4;2; -1;-1;1;1; -1;2;-1;5;-1;Indemne;2
202300013638;155 656 368;A01;7;0;2;5;22;1;203 818 676;3;2;1;2;1980.0;9;1;0;-1;18;10;2023;17:10;2;75;75110;2;7;2;2;48.868495;2.362983;4;2;7;2;1;1; -1;2;-1;5;30;Indemne;2
202300013638;155 656 368;A01;7;0;2;5;22;1;203 818 676;3;2;1;2;1980.0;9;1;0;-1;18;10;2023;17:10;2;75;75110;2;7;2;2;48.868495;2.362983;4;2; -1;-1;1;1; -1;2;-1;5;-1;Indemne;2
202300013638;155 656 369;B01;1;0;2;1;1;5;203 818 677;1;1;4;1;1978.0;5;8;0;-1;18;10;2023;17:10;2;75;75110;2;7;2;2;48.868495;2.362983;4;2;7;2;1;1; -1;2;-1;5;30;Blessé léger;2
202300013638;155 656 369;B01;1;0;2;1;1;5;203 818 677;1;1;4;1;1978.0;5;8;0;-1;18;10;2023;17:10;2;75;75110;2;7;2;2;48.868495;2.362983;4;2; -1;-1;1;1; -1;2;-1;5;-1;Blessé léger;2
202300013639;155 656 366;B01;1;0;2;1;1;5;203 818 673;1;1;4;1;1993.0;5;8;0;-1;18;10;2023;13:10;1;75;75110;2;3;2;3;48.870605;2.355001;4;1;3;1;1;1; -1;2;-1;5;30;Blessé léger;2
202300013639;155 656 366;B01;1;0;2;1;1;5;203 818 673;1;1;4;1;1993.0;5;8;0;-1;18;10;2023;13:10;1;75;75110;2;3;2;3;48.870605;2.355001;4;1;2;1;1;1; -1;2;-1;5;30;Blessé léger;2
202300013639;155 656 367;A01;7;0;2;3;15;2;203 818 674;1;1;1;1;1990.0;5;1;0;-1;18;10;2023;13:10;1;75;75110;2;3;2;3;48.870605;2.355001;4;1;3;1;1;1; -1;2;-1;5;30;Indemne;2
202300013639;155 656 367;A01;7;0;2;3;15;2;203 818 674;1;1;1;1;1990.0;5;1;0;-1;18;10;2023;13:10;1;75;75110;2;3;2;3;48.870605;2.355001;4;1;2;1;1;1; -1;2;-1;5;30;Indemne;2
202300013647;155 656 353;A01;1;0;1;1;13;5;203 818 656;1;1;1;1;2006.0;0;8;0;-1;18;10;2023;19:00;5;94;94033;2;1;2;6;48.85333;2.47588;3;3;2;0;2;1;7;2;0;1;30;Indemne;2
202300013647;155 656 353;A01;1;0;1;1;13;5;203 818 657;10;3;4;2;1955.0;0;0;-1;-1;18;10;2023;19:00;5;94;94033;2;1;2;6;48.85333;2.47588;3;3;2;0;2;1;7;2;0;1;30;Blessé léger;2
202300013658;155 656 332;A01;33;0;9;3;9;1;203 818 629;1;1;4;2;1999.0;1;2;8;-1;18;10;2023;19:18;5;93;93031;2;1;2;3;48.96007;2.29869;3;1;2;0;1;1; -1;2;0;4;50;Blessé léger;2
202300013658;155 656 334;Z01;1;0;2;1;25;5;203 818 630;1;1;1;1;2010.0;5;8;0;-1;18;10;2023;19:18;5;93;93031;2;1;2;3;48.96007;2.29869;3;1;2;0;1;1; -1;2;0;4;50;Indemne;2
202300013660;155 656 329;A01;7;0;2;1;1;1;203 818 624;1;1;1;1;1965.0;0;1;0;-1;18;10;2023;07:10;5;93;93029;2;1;2;1;48.91722;2.419676;3;1;2;0;1;1; -1;2;0;1;50;Indemne;2
202300013660;155 656 330;B01;1;0;2;1;1;5;203 818 625;1;1;4;1;1956.0;0;8;0;-1;18;10;2023;07:10;5;93;93029;2;1;2;1;48.91722;2.419676;3;1;2;0;1;1; -1;2;0;1;50;Blessé léger;2
202300013666;155 656 319;B01;1;0;2;3;1;5;203 818 611;1;1;4;1;1988.0;0;8;0;-1;18;10;2023;11:20;1;92;92063;2;1;1;6;48.86959032;2.1854724;3;-1;2;0;1;1; -1;1;0;1;50;Blessé léger;2
202300013672;155 656 308;A01;1;13;0;1;16;5;203 818 595;1;1;4;1;1974.0;5;2;-1;-1;29;4;2023;13:25;1;46;46317;1;1;2;7;44.81034293;1.74710408;3;2;2;0;2;3;4;2;0;3;80;Blessé léger;5
202300013674;155 656 304;A01;7;0;2;1;17;1;203 818 591;1;1;1;1;1997.0;5;1;-1;-1;29;4;2023;13:40;1;29;29273;1;9;1;3;48.694374;-4.0346;3;2;2;0;2;1;6;1;0;1;50;Indemne;5
202300013674;155 656 305;B01;1;0;2;6;15;5;203 818 592;1;1;3;1;1986.0;1;2;-1;-1;29;4;2023;13:40;1;29;29273;1;9;1;3;48.694374;-4.0346;3;2;2;0;2;1;6;1;0;1;50;Blessé hospitalisé;5
202300013689;155 656 271;B01;1;0;2;1;1;5;203 818 551;1;1;4;1;2007.0;5;2;-1;-1;24;4;2023;16:15;1;14;14716;1;2;1;1;49.18206924;-0.72347546;3;2;2;0;1;1;5,5;1;0;1;80;Blessé léger;0
202300013689;155 656 271;B01;1;0;2;1;1;5;203 818 551;1;1;4;1;2007.0;5;2;-1;-1;24;4;2023;16:15;1;14;14716;1;2;1;1;49.18206924;-0.72347546;3;2;2;0;1;1;5,5;1;0;1;80;Blessé léger;0
202300013689;155 656 273;A01;7;0;2;3;9;3;203 818 554;1;1;1;1;1989.0;5;1;-1;-1;24;4;2023;16:15;1;14;14716;1;2;1;1;49.18206924;-0.72347546;3;2;2;0;1;1;5,5;1;0;1;80;Indemne;0
202300013689;155 656 273;A01;7;0;2;3;9;3;203 818 554;1;1;1;1;1989.0;5;1;-1;-1;24;4;2023;16:15;1;14;14716;1;2;1;1;49.18206924;-0.72347546;3;2;2;0;1;1;5,5;1;0;1;80;Indemne;0
202300013694;155 656 262;B01;1;0;2;2;1;5;203 818 542;1;1;3;1;1962.0;5;2;-1;-1;18;10;2023;16:25;1;64;64410;2;3;1;5;43.378458;-0.602692;3;2;2;2;1;2;7;1;0;5;50;Blessé hospitalisé;2
202300013694;155 656 262;B01;1;0;2;2;1;5;203 818 542;1;1;3;1;1962.0;5;2;-1;-1;18;10;2023;16:25;1;64;64410;2;3;1;5;43.378458;-0.602692;3;1; -1;-1;1;2; -1;1;0;1;-1;Blessé hospitalisé;2
202300013694;155 656 263;D01;1;0;0;0;21;5;203 818 543;1;1;4;1;1950.0;5;2;-1;-1;18;10;2023;16:25;1;64;64410;2;3;1;5;43.378458;-0.602692;3;2;2;2;1;2;7;1;0;5;50;Blessé léger;2
202300013694;155 656 263;D01;1;0;0;0;21;5;203 818 543;1;1;4;1;1950.0;5;2;-1;-1;18;10;2023;16:25;1;64;64410;2;3;1;5;43.378458;-0.602692;3;1; -1;-1;1;2; -1;1;0;1;-1;Blessé léger;2
202300013694;155 656 264;C01;1;0;2;2;21;5;203 818 544;1;1;4;1;1991.0;5;2;-1;-1;18;10;2023;16:25;1;64;64410;2;3;1;5;43.378458;-0.602692;3;2;2;2;1;2;7;1;0;5;50;Blessé léger;2
202300013694;155 656 264;C01;1;0;2;2;21;5;203 818 544;1;1;4;1;1991.0;5;2;-1;-1;18;10;2023;16:25;1;64;64410;2;3;1;5;43.378458;-0.602692;3;1; -1;-1;1;2; -1;1;0;1;-1;Blessé léger;2
202300013694;155 656 266;A01;10;0;9;3;15;1;203 818 546;1;1;1;2;2001.0;1;1;-1;-1;18;10;2023;16:25;1;64;64410;2;3;1;5;43.378458;-0.602692;3;2;2;2;1;2;7;1;0;5;50;Indemne;2
202300013694;155 656 266;A01;10;0;9;3;15;1;203 818 546;1;1;1;2;2001.0;1;1;-1;-1;18;10;2023;16:25;1;64;64410;2;3;1;5;43.378458;-0.602692;3;1; -1;-1;1;2; -1;1;0;1;-1;Indemne;2
202300013700;155 656 251;A01;7;0;2;7;17;1;203 818 525;1;1;1;1;1940.0;5;1;-1;-1;28;4;2023;15:20;1;30;30106;1;1;1;3;43.979406;3.927999;3;2;2;0;2;1;7;1;0;1;80;Indemne;4
202300013700;155 656 252;B01;1;0;0;8;1;5;203 818 526;1;1;4;1;1953.0;5;2;-1;-1;28;4;2023;15:20;1;30;30106;1;1;1;3;43.979406;3.927999;3;2;2;0;2;1;7;1;0;1;80;Blessé léger;4
202300013767;155 656 137;A01;7;0;2;2;1;1;203 818 379;1;1;1;1;2000.0;5;8;-1;-1;27;4;2023;22:45;5;69;69168;2;3;1;1;45.84481;4.835197;7;2;5;1;1;1;6;1;8;1;50;Indemne;3