Num_Acc;id_vehicule;num_veh;catv;obs;obsm;choc;manv;motor;id_usager;place;catu;grav;sexe;an_nais;trajet;secu1;secu2;secu3;jour;mois;an;hrmn;lum;dep;com;agg;int;atm;col;lat;long;catr;circ;nbv;vosp;prof;plan;larrout;surf;infra;situ;vma;gravity;day_of_week
202300013767;155 656 137;A01;7;0;2;2;1;1;203 818 379;1;1;1;1;2000.0;5;8;-1;-1;27;4;2023;22:45;5;69;69168;2;3;1;1;45.84481;4.835197;7;4;2;0;1;1; -1;1;2;1;20;Indemne;3
202300013767;155 656 138;B01;1;0;2;8;19;5;203 818 380;1;1;2;1;1956.0;5;2;4;-1;27;4;2023;22:45;5;69;69168;2;3;1;1;45.84481;4.835197;7;2;5;1;1;1;6;1;8;1;50;Tué;3
202300013767;155 656 138;B01;1;0;2;8;19;5;203 818 380;1;1;2;1;1956.0;5;2;4;-1;27;4;2023;22:45;5;69;69168;2;3;1;1;45.84481;4.835197;7;4;2;0;1;1; -1;1;2;1;20;Tué;3
202300013774;155 656 124;A01;7;0;2;2;17;1;203 818 364;1;1;1;1;1949.0;3;1;-1;-1;26;4;2023;09:30;1;15;15138;1;1;8;3;45.13358;2.832853;3;2;2;0;2;1;7;1;0;1;90;Indemne;2
202300013774;155 656 125;B01;1;0;2;3;1;5;203 818 365;1;1;4;1;1979.0;5;0;-1;-1;26;4;2023;09:30;1;15;15138;1;1;8;3;45.13358;2.832853;3;2;2;0;2;1;7;1;0;1;90;Blessé léger;2
202300013775;155 656 123;A01;1;0;0;7;1;5;203 818 363;1;1;4;1;1955.0;5;2;6;-1;28;4;2023;11:55;1;58;58283;1;1;1;7;47.309434;3.503437;3;2;2;0;2;1;5;1;0;3;80;Blessé léger;4
202300013778;155 656 118;A01;1;0;2;0;16;5;203 818 358;1;1;3;1;2003.0;5;2;-1;-1;28;4;2023;13:35;1;06;06067;1;1;1;3;43.785694;7.45119;3;2;2;0;2;3; -1;1;0;1;80;Blessé hospitalisé;4
202300013778;155 656 119;B01;13;0;2;8;1;1;203 818 359;1;1;1;1;1984.0;4;1;-1;-1;28;4;2023;13:35;1;06;06067;1;1;1;3;43.785694;7.45119;3;2;2;0;2;3; -1;1;0;1;80;Indemne;4
202300013799;155 656 080;B01;1;0;2;2;1;5;203 818 303;1;1;4;2;1982.0;1;0;-1;-1;27;4;2023;20:25;2;26;26004;2;6;1;3;44.9885;4.978255;4;-1;1;0;1;1; -1;1;0;1;50;Blessé léger;3
202300013799;155 656 081;A01;3;0;2;3;1;1;203 818 304;1;1;1;1;1952.0;3;1;-1;-1;27;4;2023;20:25;2;26;26004;2;6;1;3;44.9885;4.978255;4;-1;1;0;1;1; -1;1;0;1;50;Indemne;3
202300013805;155 656 063;E01;1;0;2;8;1;5;203 818 284;1;1;4;1;1968.0;5;2;-1;-1;27;4;2023;18:55;1;59;59435;1;1;1;5;50.516877;3.228243;4;2;2;0;1;1; -1;1;0;1;50;Blessé léger;3
202300013805;155 656 064;A01;7;0;0;3;1;1;203 818 285;1;1;1;1;1943.0;3;1;-1;-1;27;4;2023;18:55;1;59;59435;1;1;1;5;50.516877;3.228243;4;2;2;0;1;1; -1;1;0;1;50;Indemne;3
202300013805;155 656 065;B01;1;0;2;8;1;5;203 818 286;1;1;2;1;1970.0;5;2;-1;-1;27;4;2023;18:55;1;59;59435;1;1;1;5;50.516877;3.228243;4;2;2;0;1;1; -1;1;0;1;50;Tué;3
202300013805;155 656 066;C01;1;0;2;8;1;5;203 818 287;1;1;3;1;1995.0;5;2;-1;-1;27;4;2023;18:55;1;59;59435;1;1;1;5;50.516877;3.228243;4;2;2;0;1;1; -1;1;0;1;50;Blessé hospitalisé;3
202300013805;155 656 067;D01;1;0;2;8;1;5;203 818 288;1;1;3;1;2006.0;5;2;-1;-1;27;4;2023;18:55;1;59;59435;1;1;1;5;50.516877;3.228243;4;2;2;0;1;1; -1;1;0;1;50;Blessé hospitalisé;3
202300013805;155 656 068;F01;1;0;2;8;1;5;203 818 289;1;1;4;1;1991.0;5;2;-1;-1;27;4;2023;18:55;1;59;59435;1;1;1;5;50.516877;3.228243;4;2;2;0;1;1; -1;1;0;1;50;Blessé léger;3
202300013805;155 656 069;G01;1;0;2;8;1;5;203 818 290;1;1;4;1;1977.0;5;2;-1;-1;27;4;2023;18:55;1;59;59435;1;1;1;5;50.516877;3.228243;4;2;2;0;1;1; -1;1;0;1;50;Blessé léger;3
202300013805;155 656 070;H01;1;0;2;8;1;5;203 818 291;1;1;4;1;1971.0;5;2;-1;-1;27;4;2023;18:55;1;59;59435;1;1;1;5;50.516877;3.228243;4;2;2;0;1;1; -1;1;0;1;50;Blessé léger;3
202300013838;155 656 009;B01;1;0;2;3;1;5;203 818 204;1;1;4;1;1978.0;0;2;-1;-1;26;4;2023;08:30;1;69;69276;1;4;1;3;45.66889;4.84659;7;2;2;2;1;1; -1;1;0;5;80;Blessé léger;2
202300013838;155 656 009;B01;1;0;2;3;1;5;203 818 204;1;1;4;1;1978.0;0;2;-1;-1;26;4;2023;08:30;1;69;69276;1;4;1;3;45.66889;4.84659;7;2;2;0;1;1; -1;1;0;1;50;Blessé léger;2
202300013838;155 656 010;A01;7;0;2;2;12;1;203 818 205;2;2;1;1;1989.0;1;1;-1;-1;26;4;2023;08:30;1;69;69276;1;4;1;3;45.66889;4.84659;7;2;2;2;1;1; -1;1;0;5;80;Indemne;2
202300013838;155 656 010;A01;7;0;2;2;12;1;203 818 205;2;2;1;1;1989.0;1;1;-1;-1;26;4;2023;08:30;1;69;69276;1;4;1;3;45.66889;4.84659;7;2;2;0;1;1; -1;1;0;1;50;Indemne;2
202300013838;155 656 010;A01;7;0;2;2;12;1;203 818 206;1;1;1;1;1979.0;1;1;-1;-1;26;4;2023;08:30;1;69;69276;1;4;1;3;45.66889;4.84659;7;2;2;2;1;1; -1;1;0;5;80;Indemne;2
202300013838;155 656 010;A01;7;0;2;2;12;1;203 818 206;1;1;1;1;1979.0;1;1;-1;-1;26;4;2023;08:30;1;69;69276;1;4;1;3;45.66889;4.84659;7;2;2;0;1;1; -1;1;0;1;50;Indemne;2
202300013842;155 656 003;A01;80;1;0;1;14;3;203 818 197;1;1;3;1;1964.0;1;2;8;-1;23;4;2023;07:40;1;64;64122;2;1;1;6;43.4901;-1.54662;4;2;2;0;2;2; -1;1;0;1;30;Blessé hospitalisé;6
202300013845;155 655 998;B01;1;0;2;8;1;5;203 818 192;1;1;4;1;1987.0;0;2;0;-1;26;4;2023;10:00;1;59;59512;2;3;1;3;50.68555;3.18167;4;1;1;2;1;1; -1;1;0;5;50;Blessé léger;2
202300013845;155 655 998;B01;1;0;2;8;1;5;203 818 192;1;1;4;1;1987.0;0;2;0;-1;26;4;2023;10:00;1;59;59512;2;3;1;3;50.68555;3.18167;4;1;1;0;1;1; -1;1;0;5;50;Blessé léger;2
202300013845;155 655 999;A01;7;0;2;2;15;0;203 818 193;1;1;1;1;2003.0;9;1;0;-1;26;4;2023;10:00;1;59;59512;2;3;1;3;50.68555;3.18167;4;1;1;2;1;1; -1;1;0;5;50;Indemne;2
202300013845;155 655 999;A01;7;0;2;2;15;0;203 818 193;1;1;1;1;2003.0;9;1;0;-1;26;4;2023;10:00;1;59;59512;2;3;1;3;50.68555;3.18167;4;1;1;0;1;1; -1;1;0;5;50;Indemne;2
202300013850;155 655 987;B01;80;0;2;1;1;3;203 818 175;1;1;4;1;2007.0;5;0;0;-1;26;4;2023;14:00;1;35;35150;2;2;8;3;48.36775;-1.2188;3;2;2;0;2;1; -1;1;0;1;50;Blessé léger;2
202300013850;155 655 987;B01;80;0;2;1;1;3;203 818 175;1;1;4;1;2007.0;5;0;0;-1;26;4;2023;14:00;1;35;35150;2;2;8;3;48.36775;-1.2188;3;2;2;0;2;1; -1;1;5;1;50;Blessé léger;2
202300013850;155 655 988;A01;7;0;2;7;1;1;203 818 176;1;1;1;2;1984.0;5;1;0;-1;26;4;2023;14:00;1;35;35150;2;2;8;3;48.36775;-1.2188;3;2;2;0;2;1; -1;1;0;1;50;Indemne;2
202300013850;155 655 988;A01;7;0;2;7;1;1;203 818 176;1;1;1;2;1984.0;5;1;0;-1;26;4;2023;14:00;1;35;35150;2;2;8;3;48.36775;-1.2188;3;2;2;0;2;1; -1;1;5;1;50;Indemne;2
202300013862;155 655 963;A01;10;0;2;3;1;1;203 818 139;3;2;4;1;1995.0;4;8;0;-1;26;4;2023;11:41;1;75;75112;2;2;1;5;48.831843;2.397727;4;2;4;0;1;1; -1;1;0;1;30;Blessé léger;2
202300013862;155 655 963;A01;10;0;2;3;1;1;203 818 139;3;2;4;1;1995.0;4;8;0;-1;26;4;2023;11:41;1;75;75112;2;2;1;5;48.831843;2.397727;4;2;4;0;1;1; -1;1;0;1;30;Blessé léger;2
202300013862;155 655 963;A01;10;0;2;3;1;1;203 818 140;4;2;1;1;1989.0;4;8;0;-1;26;4;2023;11:41;1;75;75112;2;2;1;5;48.831843;2.397727;4;2;4;0;1;1; -1;1;0;1;30;Indemne;2
202300013862;155 655 963;A01;10;0;2;3;1;1;203 818 140;4;2;1;1;1989.0;4;8;0;-1;26;4;2023;11:41;1;75;75112;2;2;1;5;48.831843;2.397727;4;2;4;0;1;1; -1;1;0;1;30;Indemne;2
202300013862;155 655 963;A01;10;0;2;3;1;1;203 818 141;1;1;1;1;1997.0;4;8;0;-1;26;4;2023;11:41;1;75;75112;2;2;1;5;48.831843;2.397727;4;2;4;0;1;1; -1;1;0;1;30;Indemne;2
202300013862;155 655 963;A01;10;0;2;3;1;1;203 818 141;1;1;1;1;1997.0;4;8;0;-1;26;4;2023;11:41;1;75;75112;2;2;1;5;48.831843;2.397727;4;2;4;0;1;1; -1;1;0;1;30;Indemne;2
202300013862;155 655 963;A01;10;0;2;3;1;1;203 818 142;2;2;4;1;2001.0;4;8;0;-1;26;4;2023;11:41;1;75;75112;2;2;1;5;48.831843;2.397727;4;2;4;0;1;1; -1;1;0;1;30;Blessé léger;2
202300013862;155 655 963;A01;10;0;2;3;1;1;203 818 142;2;2;4;1;2001.0;4;8;0;-1;26;4;2023;11:41;1;75;75112;2;2;1;5;48.831843;2.397727;4;2;4;0;1;1; -1;1;0;1;30;Blessé léger;2
202300013862;155 655 963;A01;10;0;2;3;1;1;203 818 143;4;2;1;2;1994.0;4;8;0;-1;26;4;2023;11:41;1;75;75112;2;2;1;5;48.831843;2.397727;4;2;4;0;1;1; -1;1;0;1;30;Indemne;2
202300013862;155 655 963;A01;10;0;2;3;1;1;203 818 143;4;2;1;2;1994.0;4;8;0;-1;26;4;2023;11:41;1;75;75112;2;2;1;5;48.831843;2.397727;4;2;4;0;1;1; -1;1;0;1;30;Indemne;2
202300013862;155 655 963;A01;10;0;2;3;1;1;203 818 144;7;2;1;1;1991.0;4;8;0;-1;26;4;2023;11:41;1;75;75112;2;2;1;5;48.831843;2.397727;4;2;4;0;1;1; -1;1;0;1;30;Indemne;2
202300013862;155 655 963;A01;10;0;2;3;1;1;203 818 144;7;2;1;1;1991.0;4;8;0;-1;26;4;2023;11:41;1;75;75112;2;2;1;5;48.831843;2.397727;4;2;4;0;1;1; -1;1;0;1;30;Indemne;2
202300013862;155 655 964;C01;1;0;2;8;1;5;203 818 145;1;1;1;1;1979.0;9;8;0;-1;26;4;2023;11:41;1;75;75112;2;2;1;5;48.831843;2.397727;4;2;4;0;1;1; -1;1;0;1;30;Indemne;2
202300013862;155 655 964;C01;1;0;2;8;1;5;203 818 145;1;1;1;1;1979.0;9;8;0;-1;26;4;2023;11:41;1;75;75112;2;2;1;5;48.831843;2.397727;4;2;4;0;1;1; -1;1;0;1;30;Indemne;2
202300013862;155 655 965;B01;7;0;2;2;15;1;203 818 146;1;1;4;2;1969.0;5;1;0;-1;26;4;2023;11:41;1;75;75112;2;2;1;5;48.831843;2.397727;4;2;4;0;1;1; -1;1;0;1;30;Blessé léger;2
202300013862;155 655 965;B01;7;0;2;2;15;1;203 818 146;1;1;4;2;1969.0;5;1;0;-1;26;4;2023;11:41;1;75;75112;2;2;1;5;48.831843;2.397727;4;2;4;0;1;1; -1;1;0;1;30;Blessé léger;2
202300013862;155 655 965;B01;7;0;2;2;15;1;203 818 147;2;2;4;1;1965.0;5;1;0;-1;26;4;2023;11:41;1;75;75112;2;2;1;5;48.831843;2.397727;4;2;4;0;1;1; -1;1;0;1;30;Blessé léger;2
202300013862;155 655 965;B01;7;0;2;2;15;1;203 818 147;2;2;4;1;1965.0;5;1;0;-1;26;4;2023;11:41;1;75;75112;2;2;1;5;48.831843;2.397727;4;2;4;0;1;1; -1;1;0;1;30;Blessé léger;2
202300013864;155 655 961;A01;1;0;0;0;2;5;203 818 136;1;1;4;1;1994.0;5;8;0;-1;26;4;2023;19:15;1;75;75120;2;1;1;7;48.863474;2.389843;4;2;2;1;2;1; -1;1;0;5;30;Blessé léger;2
202300013865;155 655 959;A01;7;0;0;7;16;1;203 818 134;1;1;1;1;1986.0;9;1;0;-1;26;4;2023;08:20;1;75;75119;2;3;1;3;48.878353;2.403427;4;1;1;1;1;1; -1;1;0;1;30;Indemne;2
202300013865;155 655 959;A01;7;0;0;7;16;1;203 818 134;1;1;1;1;1986.0;9;1;0;-1;26;4;2023;08:20;1;75;75119;2;3;1;3;48.878353;2.403427;4;2;2;1;2;1; -1;1;0;5;30;Indemne;2
202300013865;155 655 960;Y01;1;0;2;1;1;5;203 818 135;1;1;4;1;1998.0;9;2;8;-1;26;4;2023;08:20;1;75;75119;2;3;1;3;48.878353;2.403427;4;1;1;1;1;1; -1;1;0;1;30;Blessé léger;2
202300013865;155 655 960;Y01;1;0;2;1;1;5;203 818 135;1;1;4;1;1998.0;9;2;8;-1;26;4;2023;08:20;1;75;75119;2;3;1;3;48.878353;2.403427;4;2;2;1;2;1; -1;1;0;5;30;Blessé léger;2
202300013866;155 655 957;B01;1;0;2;8;1;5;203 818 132;1;1;1;2;1997.0;9;8;8;-1;26;4;2023;12:30;1;75;75118;2;1;1;3;48.884516;2.363692;4;1;3;1;1;1; -1;1;0;5;30;Indemne;2
202300013866;155 655 958;A01;80;0;2;7;17;3;203 818 133;1;1;4;2;1986.0;9;2;8;-1;26;4;2023;12:30;1;75;75118;2;1;1;3;48.884516;2.363692;4;1;3;1;1;1; -1;1;0;5;30;Blessé léger;2
202300013870;155 655 951;A01;1;0;2;8;11;5;203 818 123;1;1;4;1;1995.0;1;8;0;-1;26;4;2023;08:55;1;75;75114;2;3;1;3;48.838389;2.342093;4;1;5;3;1;1; -1;1;0;6;30;Blessé léger;2
202300013870;155 655 951;A01;1;0;2;8;11;5;203 818 123;1;1;4;1;1995.0;1;8;0;-1;26;4;2023;08:55;1;75;75114;2;3;1;3;48.838389;2.342093;4;-1; -1;3;1;1; -1;1;0;1;30;Blessé léger;2
202300013870;155 655 952;B01;37;0;2;7;7;1;203 818 124;1;1;1;2;1999.0;4;1;0;-1;26;4;2023;08:55;1;75;75114;2;3;1;3;48.838389;2.342093;4;1;5;3;1;1; -1;1;0;6;30;Indemne;2
202300013870;155 655 952;B01;37;0;2;7;7;1;203 818 124;1;1;1;2;1999.0;4;1;0;-1;26;4;2023;08:55;1;75;75114;2;3;1;3;48.838389;2.342093;4;-1; -1;3;1;1; -1;1;0;1;30;Indemne;2
202300013871;155 655 949;A01;7;0;2;2;16;3;203 818 121;1;1;1;1;1968.0;1;1;0;-1;26;4;2023;16:30;1;75;75111;2;3;1;3;48.865826;2.371559;4;2;4;1;1;1; -1;1;0;5;30;Indemne;2
202300013871;155 655 949;A01;7;0;2;2;16;3;203 818 121;1;1;1;1;1968.0;1;1;0;-1;26;4;2023;16:30;1;75;75111;2;3;1;3;48.865826;2.371559;4;2; -1;1;1;1; -1;1;0;5;30;Indemne;2
202300013871;155 655 950;B01;1;0;2;1;1;5;203 818 122;1;1;4;2;1989.0;9;2;0;-1;26;4;2023;16:30;1;75;75111;2;3;1;3;48.865826;2.371559;4;2;4;1;1;1; -1;1;0;5;30;Blessé léger;2
202300013871;155 655 950;B01;1;0;2;1;1;5;203 818 122;1;1;4;2;1989.0;9;2;0;-1;26;4;2023;16:30;1;75;75111;2;3;1;3;48.865826;2.371559;4;2; -1;1;1;1; -1;1;0;5;30;Blessé léger;2
202300013879;155 655 934;Y01;1;0;2;7;3;5;203 818 100;1;1;3;1;1965.0;0;0;-1;-1;7;4;2023;11:55;1;93;93066;2;1;1;5;48.91021;2.3577;3;1;2;3;1;1; -1;1;0;1;50;Blessé hospitalisé;4
202300013879;155 655 935;A01;10;0;0;5;1;1;203 818 101;1;1;1;1;1957.0;0;8;0;-1;7;4;2023;11:55;1;93;93066;2;1;1;5;48.91021;2.3577;3;1;2;3;1;1; -1;1;0;1;50;Indemne;4
202300013879;155 655 936;B01;7;0;0;3;1;0;203 818 102;1;1;1;1;1959.0;0;8;0;-1;7;4;2023;11:55;1;93;93066;2;1;1;5;48.91021;2.3577;3;1;2;3;1;1; -1;1;0;1;50;Indemne;4
202300013882;155 655 928;TB01;80;0;0;8;1;3;203 818 093;1;1;4;2;1978.0;1;2;0;-1;26;4;2023;07:40;2;93;93048;2;5;1;3;48.878;2.45714;3;2;2;2;1;3;5;1;5;1;50;Blessé léger;2
202300013882;155 655 928;TB01;80;0;0;8;1;3;203 818 093;1;1;4;2;1978.0;1;2;0;-1;26;4;2023;07:40;2;93;93048;2;5;1;3;48.878;2.45714;3;2;2;-1;1;1; -1;1;0;1;-1;Blessé léger;2
202300013882;155 655 929;A01;7;0;2;2;26;3;203 818 094;1;1;1;2;1968.0;0;8;0;-1;26;4;2023;07:40;2;93;93048;2;5;1;3;48.878;2.45714;3;2;2;2;1;3;5;1;5;1;50;Indemne;2
202300013882;155 655 929;A01;7;0;2;2;26;3;203 818 094;1;1;1;2;1968.0;0;8;0;-1;26;4;2023;07:40;2;93;93048;2;5;1;3;48.878;2.45714;3;2;2;-1;1;1; -1;1;0;1;-1;Indemne;2
202300013883;155 655 926;A01;7;0;2;5;9;1;203 818 091;1;1;1;2;1953.0;5;1;0;-1;12;8;2023;08:20;1;17;17333;2;6;8;3;45.60214;-0.99342;4;1;1;0;1;1; -1;1;0;1;30;Indemne;5
202300013883;155 655 926;A01;7;0;2;5;9;1;203 818 091;1;1;1;2;1953.0;5;1;0;-1;12;8;2023;08:20;1;17;17333;2;6;8;3;45.60214;-0.99342;4;2;2;0;1;1; -1;1;0;1;30;Indemne;5
202300013883;155 655 927;B01;1;0;2;7;1;5;203 818 092;1;1;4;2;1953.0;5;8;0;-1;12;8;2023;08:20;1;17;17333;2;6;8;3;45.60214;-0.99342;4;1;1;0;1;1; -1;1;0;1;30;Blessé léger;5
202300013883;155 655 927;B01;1;0;2;7;1;5;203 818 092;1;1;4;2;1953.0;5;8;0;-1;12;8;2023;08:20;1;17;17333;2;6;8;3;45.60214;-0.99342;4;2;2;0;1;1; -1;1;0;1;30;Blessé léger;5
202300013896;155 655 902;A01;10;0;2;6;4;1;203 818 057;1;1;1;1;2004.0;9;1;0;-1;2;8;2023;21:20;2;75;75108;2;1;1;2;48.870101;2.310055;4;1;1;1;1;1; -1;1;0;1;30;Indemne;2
202300013896;155 655 903;B01;1;0;2;1;23;5;203 818 058;1;1;4;2;1994.0;9;2;0;-1;2;8;2023;21:20;2;75;75108;2;1;1;2;48.870101;2.310055;4;1;1;1;1;1; -1;1;0;1;30;Blessé léger;2
202300013904;155 655 892;A01;80;0;1;1;1;3;203 818 042;1;1;4;1;1993.0;1;8;0;-1;7;7;2023;11:55;1;75;75106;2;2;1;6;48.85023;2.32718;4;1; -1;-1;1;1; -1;1;0;1;-1;Blessé léger;4
202300013904;155 655 892;A01;80;0;1;1;1;3;203 818 042;1;1;4;1;1993.0;1;8;0;-1;7;7;2023;11:55;1;75;75106;2;2;1;6;48.85023;2.32718;4;1;2;2;1;1; -1;1;0;1;30;Blessé léger;4
202300013904;155 655 892;A01;80;0;1;1;1;3;203 818 043;10;3;4;1;1952.0;5;0;-1;-1;7;7;2023;11:55;1;75;75106;2;2;1;6;48.85023;2.32718;4;1; -1;-1;1;1; -1;1;0;1;-1;Blessé léger;4
202300013904;155 655 892;A01;80;0;1;1;1;3;203 818 043;10;3;4;1;1952.0;5;0;-1;-1;7;7;2023;11:55;1;75;75106;2;2;1;6;48.85023;2.32718;4;1;2;2;1;1; -1;1;0;1;30;Blessé léger;4
202300013910;155 655 878;B01;1;0;2;4;11;5;203 818 024;1;1;4;1;1994.0;5;2;0;-1;7;7;2023;20:40;1;75;75112;2;1;1;2;48.830033;2.439532;4;-1;1;1;1;1; -1;1;0;5;30;Blessé léger;4
202300013910;155 655 880;A01;1;0;2;1;17;5;203 818 027;1;1;4;1;1993.0;5;2;0;-1;7;7;2023;20:40;1;75;75112;2;1;1;2;48.830033;2.439532;4;-1;1;1;1;1; -1;1;0;5;30;Blessé léger;4
202300013917;155 655 866;A01;50;0;2;1;1;3;203 818 010;1;1;4;2;1997.0;1;8;0;-1;7;7;2023;08:45;1;75;75110;2;9;7;3;48.880617;2.362027;4;2; -1;-1;2;1; -1;1;0;1;-1;Blessé léger;4
202300013917;155 655 866;A01;50;0;2;1;1;3;203 818 010;1;1;4;2;1997.0;1;8;0;-1;7;7;2023;08:45;1;75;75110;2;9;7;3;48.880617;2.362027;4;2;5;1;2;1; -1;1;0;5;30;Blessé léger;4
202300013917;155 655 867;B01;1;0;2;2;15;5;203 818 011;1;1;1;1;1991.0;1;2;0;-1;7;7;2023;08:45;1;75;75110;2;9;7;3;48.880617;2.362027;4;2; -1;-1;2;1; -1;1;0;1;-1;Indemne;4
202300013917;155 655 867;B01;1;0;2;2;15;5;203 818 011;1;1;1;1;1991.0;1;2;0;-1;7;7;2023;08:45;1;75;75110;2;9;7;3;48.880617;2.362027;4;2;5;1;2;1; -1;1;0;5;30;Indemne;4
202300013922;155 655 857;A01;1;6;0;2;1;5;203 817 997;1;1;4;1;2000.0;5;2;-1;-1;14;8;2023;08:20;1;65;65388;1;1;1;6;42.82789043;0.28753281;3;2;2;0;2;3;5,5;9;0;3;80;Blessé léger;0
202300013924;155 655 854;A01;1;0;2;1;13;5;203 817 994;1;1;4;1;1992.0;1;8;0;-1;7;7;2023;17:21;1;75;75102;2;2;1;1;48.864447;2.351547;4;2;5;1;1;1; -1;1;0;1;30;Blessé léger;4
202300013924;155 655 854;A01;1;0;2;1;13;5;203 817 994;1;1;4;1;1992.0;1;8;0;-1;7;7;2023;17:21;1;75;75102;2;2;1;1;48.864447;2.351547;4;2;4;1;1;1; -1;1;0;1;30;Blessé léger;4
202300013924;155 655 856;B01;1;0;2;1;1;5;203 817 996;1;1;4;1;1951.0;1;2;8;-1;7;7;2023;17:21;1;75;75102;2;2;1;1;48.864447;2.351547;4;2;5;1;1;1; -1;1;0;1;30;Blessé léger;4
202300013924;155 655 856;B01;1;0;2;1;1;5;203 817 996;1;1;4;1;1951.0;1;2;8;-1;7;7;2023;17:21;1;75;75102;2;2;1;1;48.864447;2.351547;4;2;4;1;1;1; -1;1;0;1;30;Blessé léger;4
202300013926;155 655 851;A01;10;0;2;0;14;1;203 817 990;1;1;1;1;1964.0;1;8;0;-1;7;7;2023;11:40;1;75;75101;2;3;1;3;48.869685;2.326639;4;2;5;0;1;1; -1;1;0;6;30;Indemne;4
202300013926;155 655 851;A01;10;0;2;0;14;1;203 817 990;1;1;1;1;1964.0;1;8;0;-1;7;7;2023;11:40;1;75;75101;2;3;1;3;48.869685;2.326639;4;1;1;0;1;1; -1;1;0;1;30;Indemne;4
202300013926;155 655 853;B01;80;0;2;0;1;3;203 817 991;1;1;4;1;1950.0;5;8;0;-1;7;7;2023;11:40;1;75;75101;2;3;1;3;48.869685;2.326639;4;2;5;0;1;1; -1;1;0;6;30;Blessé léger;4
202300013926;155 655 853;B01;80;0;2;0;1;3;203 817 991;1;1;4;1;1950.0;5;8;0;-1;7;7;2023;11:40;1;75;75101;2;3;1;3;48.869685;2.326639;4;1;1;0;1;1; -1;1;0;1;30;Blessé léger;4
202300013942;155 655 820;A01;1;0;2;0;1;5;203 817 952;1;1;1;2;1996.0;0;2;0;-1;7;7;2023;13:35;1;94;94011;2;1;1;1;48.77569;2.4899;3;2;2;1;2;1; -1;1;0;1;30;Indemne;4
202300013942;155 655 821;B01;1;0;2;0;0;5;203 817 953;1;1;4;1;1989.0;0;8;0;-1;7;7;2023;13:35;1;94;94011;2;1;1;1;48.77569;2.4899;3;2;2;1;2;1; -1;1;0;1;30;Blessé léger;4
202300013945;155 655 814;A01;10;0;2;4;20;1;203 817 944;1;1;1;1;1990.0;4;1;-1;-1;14;8;2023;10:40;1;66;66009;2;1;1;2;42.455549;2.634693;3;1;1;0;2;2;3;1;0;1;50;Indemne;0
202300013945;155 655 815;B01;1;0;2;1;2;5;203 817 945;1;1;4;1;1967.0;5;2;-1;-1;14;8;2023;10:40;1;66;66009;2;1;1;2;42.455549;2.634693;3;1;1;0;2;2;3;1;0;1;50;Blessé léger;0
202300013955;155 655 800;A01;7;8;2;3;15;1;203 817 925;1;1;1;1;2002.0;0;1;0;-1;7;7;2023;19:40;1;93;93048;2;1;1;3;48.87268364;2.43594231;3;2;2;0;1;1; -1;1;0;1;30;Indemne;4
202300013955;155 655 801;Y01;1;8;2;1;16;5;203 817 926;1;1;4;1;1963.0;0;2;8;-1;7;7;2023;19:40;1;93;93048;2;1;1;3;48.87268364;2.43594231;3;2;2;0;1;1; -1;1;0;1;30;Blessé léger;4
202300013957;155 655 796;A01;13;0;2;2;1;1;203 817 921;1;1;1;1;1993.0;4;1;0;-1;6;7;2023;22:30;5;93;93074;2;1;1;3;48.94265;2.56922;4;2;2;0;1;1; -1;1;0;1;50;Indemne;3
202300013957;155 655 797;B01;1;0;2;8;10;5;203 817 922;1;1;4;1;1989.0;0;8;0;-1;6;7;2023;22:30;5;93;93074;2;1;1;3;48.94265;2.56922;4;2;2;0;1;1; -1;1;0;1;50;Blessé léger;3
202300013963;155 655 785;A01;1;0;0;0;15;5;203 817 902;1;1;1;1;1978.0;0;8;0;-1;7;7;2023;13:42;1;92;92075;2;1;1;7;48.82323;2.29625;3;2;1;0;1;1; -1;1;0;1;30;Indemne;4
202300013963;155 655 787;B01;50;0;0;0;2;3;203 817 905;1;1;4;1;1989.0;0;8;0;-1;7;7;2023;13:42;1;92;92075;2;1;1;7;48.82323;2.29625;3;2;1;0;1;1; -1;1;0;1;30;Blessé léger;4
202300013979;155 655 760;A01;7;0;2;8;1;1;203 817 865;1;1;1;1;1953.0;5;1;-1;-1;9;8;2023;18:40;1;08;08487;1;1;1;3;50.044284;4.726009;9;2;2;1;1;1; -1;1;0;1;-1;Indemne;2
202300013979;155 655 761;B01;1;0;2;3;1;5;203 817 866;1;1;3;1;2010.0;5;0;-1;-1;9;8;2023;18:40;1;08;08487;1;1;1;3;50.044284;4.726009;9;2;2;1;1;1; -1;1;0;1;-1;Blessé hospitalisé;2
202300013988;155 655 747;A01;1;5;0;2;1;5;203 817 850;1;1;4;1;2010.0;5;2;-1;-1;13;8;2023;10:15;1;65;65123;1;1;1;6;42.936222;0.208719;3;2;2;0;2;2;5,5;1;0;8;80;Blessé léger;6
202300014008;155 655 715;A01;7;0;2;3;5;1;203 817 806;1;1;1;2;1935.0;5;1;-1;-1;8;7;2023;08:50;1;83;83049;1;1;1;1;43.25533426;6.07224255;3;2;2;0;2;4;4;1;0;1;80;Indemne;5
202300014008;155 655 716;B01;1;0;2;1;1;5;203 817 807;1;1;3;2;1984.0;5;2;6;-1;8;7;2023;08:50;1;83;83049;1;1;1;1;43.25533426;6.07224255;3;2;2;0;2;4;4;1;0;1;80;Blessé hospitalisé;5