Num_Acc;id_vehicule;num_veh;catv;obs;obsm;choc;manv;motor;id_usager;place;catu;grav;sexe;an_nais;trajet;secu1;secu2;secu3;jour;mois;an;hrmn;lum;dep;com;agg;int;atm;col;lat;long;catr;circ;nbv;vosp;prof;plan;larrout;surf;infra;situ;vma;gravity;day_of_week
202300014024;155 655 684;A01;7;0;2;1;16;1;203 817 766;1;1;1;1;1936.0;5;1;-1;-1;2;6;2023;09:40;1;29;29019;2;6;1;3;48.38669;-4.47086756;4;-1;1;1;1;2; -1;1;5;5;50;Indemne;4
202300014024;155 655 686;B01;80;0;2;8;1;3;203 817 768;1;1;4;2;1994.0;0;2;-1;-1;2;6;2023;09:40;1;29;29019;2;6;1;3;48.38669;-4.47086756;4;-1;1;1;1;2; -1;1;5;5;50;Blessé léger;4
202300014113;155 655 539;B01;80;0;2;1;1;3;203 817 573;1;1;2;2;1964.0;9;8;0;-1;1;6;2023;07:40;1;75;75110;2;3;1;3;48.8706;2.354953;4;1;5;1;1;1; -1;1;-1;5;30;Tué;3
202300014113;155 655 539;B01;80;0;2;1;1;3;203 817 573;1;1;2;2;1964.0;9;8;0;-1;1;6;2023;07:40;1;75;75110;2;3;1;3;48.8706;2.354953;4;1;1;0;1;1; -1;1;-1;5;30;Tué;3
202300014113;155 655 543;A01;14;0;2;3;15;6;203 817 577;1;1;1;1;1975.0;4;1;0;-1;1;6;2023;07:40;1;75;75110;2;3;1;3;48.8706;2.354953;4;1;5;1;1;1; -1;1;-1;5;30;Indemne;3
202300014113;155 655 543;A01;14;0;2;3;15;6;203 817 577;1;1;1;1;1975.0;4;1;0;-1;1;6;2023;07:40;1;75;75110;2;3;1;3;48.8706;2.354953;4;1;1;0;1;1; -1;1;-1;5;30;Indemne;3
202300014114;155 655 536;A01;1;13;0;0;1;5;203 817 570;1;1;3;1;1983.0;5;2;-1;-1;12;8;2023;15:55;1;65;65116;1;1;1;6;42.894045;0.324397;3;2;2;0;2;3;4;1;0;3;80;Blessé hospitalisé;5
202300014116;155 655 533;A01;7;0;2;1;19;1;203 817 566;1;1;1;1;1987.0;2;1;-1;-1;6;7;2023;08:25;1;36;36154;2;2;7;3;46.58251643;1.53226286;3;2;2;0;1;1;4;1;0;1;30;Indemne;3
202300014116;155 655 533;A01;7;0;2;1;19;1;203 817 566;1;1;1;1;1987.0;2;1;-1;-1;6;7;2023;08:25;1;36;36154;2;2;7;3;46.58251643;1.53226286;3;2;2;-1;1;1; -1;1;0;1;30;Indemne;3
202300014116;155 655 535;B01;1;0;2;6;1;5;203 817 569;1;1;4;1;1977.0;5;0;-1;-1;6;7;2023;08:25;1;36;36154;2;2;7;3;46.58251643;1.53226286;3;2;2;0;1;1;4;1;0;1;30;Blessé léger;3
202300014116;155 655 535;B01;1;0;2;6;1;5;203 817 569;1;1;4;1;1977.0;5;0;-1;-1;6;7;2023;08:25;1;36;36154;2;2;7;3;46.58251643;1.53226286;3;2;2;-1;1;1; -1;1;0;1;30;Blessé léger;3
202300014121;155 655 527;B01;1;0;0;8;2;5;203 817 560;1;1;3;1;1951.0;5;2;6;9;4;7;2023;13:57;1;21;21317;1;4;1;3;47.54652443;5.12240291;3;2;2;0;1;1;5,5;1;0;1;90;Blessé hospitalisé;1
202300014121;155 655 527;B01;1;0;0;8;2;5;203 817 560;1;1;3;1;1951.0;5;2;6;9;4;7;2023;13:57;1;21;21317;1;4;1;3;47.54652443;5.12240291;3;2;2;-1;1;1; -1;1;0;1;-1;Blessé hospitalisé;1
202300014121;155 655 529;A01;7;0;9;2;2;1;203 817 562;1;1;1;2;2004.0;9;1;-1;-1;4;7;2023;13:57;1;21;21317;1;4;1;3;47.54652443;5.12240291;3;2;2;0;1;1;5,5;1;0;1;90;Indemne;1
202300014121;155 655 529;A01;7;0;9;2;2;1;203 817 562;1;1;1;2;2004.0;9;1;-1;-1;4;7;2023;13:57;1;21;21317;1;4;1;3;47.54652443;5.12240291;3;2;2;-1;1;1; -1;1;0;1;-1;Indemne;1
202300014131;155 655 509;A01;7;0;2;1;15;1;203 817 537;1;1;1;1;1975.0;1;1;0;-1;1;6;2023;08:30;1;75;75120;2;2;1;1;48.874086;2.413048;4;1;2;0;1;1; -1;1;0;1;30;Indemne;3
202300014131;155 655 509;A01;7;0;2;1;15;1;203 817 537;1;1;1;1;1975.0;1;1;0;-1;1;6;2023;08:30;1;75;75120;2;2;1;1;48.874086;2.413048;4;1;5;1;1;1; -1;1;0;1;30;Indemne;3
202300014131;155 655 512;B01;80;0;2;2;1;3;203 817 540;1;1;3;2;1980.0;9;8;0;-1;1;6;2023;08:30;1;75;75120;2;2;1;1;48.874086;2.413048;4;1;2;0;1;1; -1;1;0;1;30;Blessé hospitalisé;3
202300014131;155 655 512;B01;80;0;2;2;1;3;203 817 540;1;1;3;2;1980.0;9;8;0;-1;1;6;2023;08:30;1;75;75120;2;2;1;1;48.874086;2.413048;4;1;5;1;1;1; -1;1;0;1;30;Blessé hospitalisé;3
202300014137;155 655 501;A01;7;0;9;1;1;1;203 817 526;1;1;1;2;1987.0;0;1;-1;-1;21;11;2023;15:00;1;34;34057;2;1;1;3;43.637566;3.929586;3;3;2;0;1;1; -1;1;0;1;50;Indemne;1
202300014137;155 655 502;B01;1;0;2;5;19;5;203 817 528;1;1;4;2;1990.0;0;0;-1;-1;21;11;2023;15:00;1;34;34057;2;1;1;3;43.637566;3.929586;3;3;2;0;1;1; -1;1;0;1;50;Blessé léger;1
202300014144;155 655 489;A01;7;0;2;2;1;0;203 817 506;1;1;1;1;2001.0;1;1;-1;-1;7;7;2023;10:30;1;30;30003;2;2;1;3;43.558325;4.182933;3;2;2;0;1;1;7;1;0;1;50;Indemne;4
202300014144;155 655 489;A01;7;0;2;2;1;0;203 817 506;1;1;1;1;2001.0;1;1;-1;-1;7;7;2023;10:30;1;30;30003;2;2;1;3;43.558325;4.182933;3;2; -1;0;1;2; -1;1;0;1;-1;Indemne;4
202300014144;155 655 491;B01;1;0;2;8;1;5;203 817 509;1;1;4;1;1967.0;5;2;-1;-1;7;7;2023;10:30;1;30;30003;2;2;1;3;43.558325;4.182933;3;2;2;0;1;1;7;1;0;1;50;Blessé léger;4
202300014144;155 655 491;B01;1;0;2;8;1;5;203 817 509;1;1;4;1;1967.0;5;2;-1;-1;7;7;2023;10:30;1;30;30003;2;2;1;3;43.558325;4.182933;3;2; -1;0;1;2; -1;1;0;1;-1;Blessé léger;4
202300014146;155 655 485;B01;1;0;2;1;1;5;203 817 502;1;1;4;2;1976.0;5;2;8;-1;2;6;2023;16:00;1;75;75116;2;2;1;3;48.86826;2.277377;4;-1; -1;0;1;1; -1;1;0;1;30;Blessé léger;4
202300014146;155 655 485;B01;1;0;2;1;1;5;203 817 502;1;1;4;2;1976.0;5;2;8;-1;2;6;2023;16:00;1;75;75116;2;2;1;3;48.86826;2.277377;4;1;1;0;1;1; -1;1;0;1;30;Blessé léger;4
202300014146;155 655 487;A01;7;0;2;2;9;3;203 817 504;1;1;1;2;1986.0;9;1;8;-1;2;6;2023;16:00;1;75;75116;2;2;1;3;48.86826;2.277377;4;-1; -1;0;1;1; -1;1;0;1;30;Indemne;4
202300014146;155 655 487;A01;7;0;2;2;9;3;203 817 504;1;1;1;2;1986.0;9;1;8;-1;2;6;2023;16:00;1;75;75116;2;2;1;3;48.86826;2.277377;4;1;1;0;1;1; -1;1;0;1;30;Indemne;4
202300014147;155 655 482;B01;7;0;9;3;9;1;203 817 498;1;1;1;2;1964.0;5;1;-1;-1;12;8;2023;16:00;1;31;31391;2;6;1;3;43.112658;0.934069;3;1;1;0;1;2;3,5;1;5;1;-1;Indemne;5
202300014147;155 655 482;B01;7;0;9;3;9;1;203 817 498;1;1;1;2;1964.0;5;1;-1;-1;12;8;2023;16:00;1;31;31391;2;6;1;3;43.112658;0.934069;3;2;1;0;1;3;3,5;1;5;1;50;Indemne;5
202300014147;155 655 486;A01;1;0;2;7;0;5;203 817 503;1;1;3;1;1972.0;5;2;-1;-1;12;8;2023;16:00;1;31;31391;2;6;1;3;43.112658;0.934069;3;1;1;0;1;2;3,5;1;5;1;-1;Blessé hospitalisé;5
202300014147;155 655 486;A01;1;0;2;7;0;5;203 817 503;1;1;3;1;1972.0;5;2;-1;-1;12;8;2023;16:00;1;31;31391;2;6;1;3;43.112658;0.934069;3;2;1;0;1;3;3,5;1;5;1;50;Blessé hospitalisé;5
202300014159;155 655 463;A01;1;8;2;4;2;5;203 817 474;1;1;4;1;1993.0;5;2;0;-1;31;5;2023;07:35;1;75;75116;2;1;1;2;48.861806;2.230303;4;2;2;1;1;1; -1;1;0;5;30;Blessé léger;2
202300014159;155 655 464;B01;1;0;2;1;2;5;203 817 475;1;1;4;1;1980.0;5;2;0;-1;31;5;2023;07:35;1;75;75116;2;1;1;2;48.861806;2.230303;4;2;2;1;1;1; -1;1;0;5;30;Blessé léger;2
202300014174;155 655 436;A01;1;0;0;0;1;5;203 817 437;1;1;4;2;1974.0;1;2;0;-1;2;6;2023;13:50;1;75;75115;2;1;1;7;48.834973;2.277581;4;2;4;1;1;1; -1;1;0;1;30;Blessé léger;4
202300014177;155 655 432;Y01;1;0;0;0;19;5;203 817 432;1;1;4;1;2017.0;5;8;0;-1;1;6;2023;18:30;1;75;75114;2;1;1;7;48.821542;2.327935;4;2;4;0;1;1; -1;1;0;1;30;Blessé léger;3
202300014181;155 655 427;A01;1;13;0;0;1;5;203 817 424;1;1;3;1;1952.0;5;2;-1;-1;11;8;2023;09:20;1;87;87176;1;1;1;7;45.656738;1.314733;3;2;2;0;2;2;4;1;0;8;80;Blessé hospitalisé;4
202300014182;155 655 424;A01;50;0;2;1;13;3;203 817 422;1;1;4;1;2000.0;5;8;0;-1;2;6;2023;21:10;2;75;75112;2;7;1;1;48.844815;2.402028;4;-1;2;1;1;1; -1;1;0;5;30;Blessé léger;4
202300014182;155 655 424;A01;50;0;2;1;13;3;203 817 422;1;1;4;1;2000.0;5;8;0;-1;2;6;2023;21:10;2;75;75112;2;7;1;1;48.844815;2.402028;4;-1; -1;1;1;1; -1;1;0;1;30;Blessé léger;4
202300014182;155 655 426;B01;1;0;2;1;1;5;203 817 425;1;1;1;1;1990.0;9;2;8;-1;2;6;2023;21:10;2;75;75112;2;7;1;1;48.844815;2.402028;4;-1;2;1;1;1; -1;1;0;5;30;Indemne;4
202300014182;155 655 426;B01;1;0;2;1;1;5;203 817 425;1;1;1;1;1990.0;9;2;8;-1;2;6;2023;21:10;2;75;75112;2;7;1;1;48.844815;2.402028;4;-1; -1;1;1;1; -1;1;0;1;30;Indemne;4
202300014185;155 655 419;A01;1;0;2;1;13;5;203 817 415;1;1;3;1;1998.0;5;2;-1;-1;13;8;2023;11:50;1;30;30140;1;1;1;1;44.03479;3.823199;3;2;2;0;2;3;4;1;0;1;80;Blessé hospitalisé;6
202300014185;155 655 421;B01;7;0;9;3;1;2;203 817 417;2;2;1;1;1942.0;5;1;-1;-1;13;8;2023;11:50;1;30;30140;1;1;1;1;44.03479;3.823199;3;2;2;0;2;3;4;1;0;1;80;Indemne;6
202300014185;155 655 421;B01;7;0;9;3;1;2;203 817 418;1;1;1;2;1974.0;5;1;-1;-1;13;8;2023;11:50;1;30;30140;1;1;1;1;44.03479;3.823199;3;2;2;0;2;3;4;1;0;1;80;Indemne;6
202300014185;155 655 421;B01;7;0;9;3;1;2;203 817 420;4;2;1;2;1943.0;5;1;-1;-1;13;8;2023;11:50;1;30;30140;1;1;1;1;44.03479;3.823199;3;2;2;0;2;3;4;1;0;1;80;Indemne;6
202300014201;155 655 380;A01;1;0;2;1;15;5;203 817 349;1;1;4;2;1996.0;5;8;0;-1;1;6;2023;16:55;1;75;75101;2;2;1;3;48.858537;2.34823;4;1;4;1;1;1; -1;1;0;5;30;Blessé léger;3
202300014201;155 655 380;A01;1;0;2;1;15;5;203 817 349;1;1;4;2;1996.0;5;8;0;-1;1;6;2023;16:55;1;75;75101;2;2;1;3;48.858537;2.34823;4;1;2;1;1;1; -1;1;0;5;30;Blessé léger;3
202300014205;155 655 373;A01;1;0;1;1;1;5;203 817 340;1;1;1;1;1996.0;1;8;0;-1;1;6;2023;09:13;1;75;75104;2;2;1;6;48.851832;2.356547;4;-1; -1;1;1;1; -1;1;0;5;30;Indemne;3
202300014205;155 655 373;A01;1;0;1;1;1;5;203 817 340;1;1;1;1;1996.0;1;8;0;-1;1;6;2023;09:13;1;75;75104;2;2;1;6;48.851832;2.356547;4;1;1;1;1;1; -1;1;0;5;30;Indemne;3
202300014205;155 655 373;A01;1;0;1;1;1;5;203 817 343;10;3;4;1;1964.0;9;0;-1;-1;1;6;2023;09:13;1;75;75104;2;2;1;6;48.851832;2.356547;4;-1; -1;1;1;1; -1;1;0;5;30;Blessé léger;3
202300014205;155 655 373;A01;1;0;1;1;1;5;203 817 343;10;3;4;1;1964.0;9;0;-1;-1;1;6;2023;09:13;1;75;75104;2;2;1;6;48.851832;2.356547;4;1;1;1;1;1; -1;1;0;5;30;Blessé léger;3
202300014207;155 655 370;A01;7;0;2;4;23;1;203 817 335;1;1;1;2;1968.0;0;1;-1;-1;8;7;2023;08:50;1;83;83068;1;1;1;2;43.26905;6.53753;3;2;1;0;1;1; -1;1;0;1;70;Indemne;5
202300014207;155 655 372;B01;1;0;2;1;2;5;203 817 338;1;1;3;1;1961.0;5;2;-1;-1;8;7;2023;08:50;1;83;83068;1;1;1;2;43.26905;6.53753;3;2;1;0;1;1; -1;1;0;1;70;Blessé hospitalisé;5
202300014229;155 655 331;D01;1;0;2;4;1;5;203 817 287;1;1;4;1;2000.0;5;2;-1;-1;13;8;2023;10:29;1;77;77470;2;1;1;5;48.739018;2.767493;4;2;2;0;2;1; -1;1;0;1;50;Blessé léger;6
202300014229;155 655 332;E01;1;0;2;4;1;5;203 817 288;1;1;4;1;1957.0;5;2;-1;-1;13;8;2023;10:29;1;77;77470;2;1;1;5;48.739018;2.767493;4;2;2;0;2;1; -1;1;0;1;50;Blessé léger;6
202300014229;155 655 334;A01;7;1;9;1;1;1;203 817 290;1;1;4;1;1987.0;3;8;-1;-1;13;8;2023;10:29;1;77;77470;2;1;1;5;48.739018;2.767493;4;2;2;0;2;1; -1;1;0;1;50;Blessé léger;6
202300014229;155 655 337;B01;1;0;2;4;1;5;203 817 293;1;1;3;1;1962.0;5;8;-1;-1;13;8;2023;10:29;1;77;77470;2;1;1;5;48.739018;2.767493;4;2;2;0;2;1; -1;1;0;1;50;Blessé hospitalisé;6
202300014229;155 655 339;C01;1;0;2;4;1;5;203 817 297;1;1;3;1;1995.0;5;2;-1;-1;13;8;2023;10:29;1;77;77470;2;1;1;5;48.739018;2.767493;4;2;2;0;2;1; -1;1;0;1;50;Blessé hospitalisé;6
202300014233;155 655 325;A01;80;0;0;0;0;3;203 817 278;1;1;3;1;1954.0;5;0;-1;-1;8;7;2023;11:30;1;31;31318;1;1;1;7;43.217926;0.96618;3;2;2;0;2;4;5;1;0;1;80;Blessé hospitalisé;5
202300014255;155 655 284;A01;1;0;2;1;1;5;203 817 224;1;1;4;1;1962.0;5;2;-1;-1;11;8;2023;14:25;1;65;65295;2;1;1;3;42.873149;-0.003508;3;-1;2;0;2;1;5,5;1;0;1;50;Blessé léger;4
202300014255;155 655 287;B01;1;0;0;4;5;5;203 817 227;1;1;1;1;1971.0;5;2;-1;-1;11;8;2023;14:25;1;65;65295;2;1;1;3;42.873149;-0.003508;3;-1;2;0;2;1;5,5;1;0;1;50;Indemne;4
202300014261;155 655 274;A01;1;0;2;1;15;5;203 817 216;1;1;1;1;1995.0;1;0;-1;-1;12;8;2023;15:50;1;85;85113;2;1;1;3;46.719887;-2.349257;4;2;2;0;1;1; -1;1;0;1;50;Indemne;5
202300014261;155 655 279;B01;32;0;2;1;17;1;203 817 220;1;1;4;2;1974.0;1;2;6;-1;12;8;2023;15:50;1;85;85113;2;1;1;3;46.719887;-2.349257;4;2;2;0;1;1; -1;1;0;1;50;Blessé léger;5
202300014262;155 655 270;B01;1;0;2;1;1;5;203 817 209;1;1;4;2;1974.0;1;2;0;-1;2;6;2023;19:10;1;93;93057;2;1;1;1;48.91287706;2.50048726;4;2;1;1;1;1; -1;1;0;5;30;Blessé léger;4
202300014268;155 655 262;B01;1;0;2;3;15;5;203 817 198;1;1;3;2;2011.0;5;2;-1;-1;16;6;2023;18:00;1;74;74042;2;1;7;3;46.064527;6.437379;4;2;2;0;1;3; -1;1;0;1;50;Blessé hospitalisé;4
202300014268;155 655 265;A01;7;0;2;2;1;1;203 817 200;1;1;1;1;1983.0;1;1;-1;-1;16;6;2023;18:00;1;74;74042;2;1;7;3;46.064527;6.437379;4;2;2;0;1;3; -1;1;0;1;50;Indemne;4
202300014277;155 655 246;B01;1;0;2;8;9;5;203 817 173;1;1;4;2;1969.0;1;2;0;-1;2;6;2023;19:20;1;92;92020;2;6;1;6;48.798125;2.28296;4;2;2;0;2;1; -1;1;0;1;50;Blessé léger;4
202300014282;155 655 237;A01;10;0;0;0;0;-1;203 817 163;1;1;1;1;1989.0;4;8;0;-1;27;2;2023;13:30;1;38;38421;2;2;1;3;45.18381;5.75435;7;2;1;1;1;3; -1;1;0;5;50;Indemne;0
202300014282;155 655 237;A01;10;0;0;0;0;-1;203 817 163;1;1;1;1;1989.0;4;8;0;-1;27;2;2023;13:30;1;38;38421;2;2;1;3;45.18381;5.75435;7;-1;1;0;1;3; -1;1;0;1;50;Indemne;0
202300014282;155 655 241;B01;1;0;0;0;26;5;203 817 167;1;1;4;1;1987.0;1;0;0;-1;27;2;2023;13:30;1;38;38421;2;2;1;3;45.18381;5.75435;7;2;1;1;1;3; -1;1;0;5;50;Blessé léger;0
202300014282;155 655 241;B01;1;0;0;0;26;5;203 817 167;1;1;4;1;1987.0;1;0;0;-1;27;2;2023;13:30;1;38;38421;2;2;1;3;45.18381;5.75435;7;-1;1;0;1;3; -1;1;0;1;50;Blessé léger;0
202300014283;155 655 242;A01;1;0;2;0;0;5;203 817 168;1;1;4;2;1990.0;0;8;0;-1;2;6;2023;12:00;1;92;92044;2;4;1;2;48.89061272;2.29173392;4;2; -1;-1;1;1; -1;1;5;1;-1;Blessé léger;4
202300014283;155 655 242;A01;1;0;2;0;0;5;203 817 168;1;1;4;2;1990.0;0;8;0;-1;2;6;2023;12:00;1;92;92044;2;4;1;2;48.89061272;2.29173392;4;2;2;0;1;1; -1;1;0;1;50;Blessé léger;4
202300014315;155 655 186;A01;10;0;2;6;4;1;203 817 096;1;1;1;1;1988.0;4;1;0;-1;17;3;2023;12:23;1;75;75107;2;2;1;2;48.852722;2.329378;4;1; -1;-1;1;1; -1;1;0;1;-1;Indemne;4
202300014315;155 655 186;A01;10;0;2;6;4;1;203 817 096;1;1;1;1;1988.0;4;1;0;-1;17;3;2023;12:23;1;75;75107;2;2;1;2;48.852722;2.329378;4;1;1;0;1;1; -1;1;0;1;30;Indemne;4
202300014315;155 655 187;B01;1;0;2;1;1;5;203 817 098;1;1;4;2;1969.0;9;8;0;-1;17;3;2023;12:23;1;75;75107;2;2;1;2;48.852722;2.329378;4;1; -1;-1;1;1; -1;1;0;1;-1;Blessé léger;4
202300014315;155 655 187;B01;1;0;2;1;1;5;203 817 098;1;1;4;2;1969.0;9;8;0;-1;17;3;2023;12:23;1;75;75107;2;2;1;2;48.852722;2.329378;4;1;1;0;1;1; -1;1;0;1;30;Blessé léger;4
202300014334;155 655 154;A01;1;14;0;0;1;5;203 817 050;1;1;3;1;1947.0;5;2;0;-1;17;11;2023;18:20;5;87;87114;2;1;2;7;45.84298;1.3201;4;2;2;0;1;1; -1;2;0;1;50;Blessé hospitalisé;4
202300014340;155 655 142;A01;80;0;2;1;1;3;203 817 027;1;1;4;1;1977.0;0;2;0;-1;6;7;2023;07:45;1;974;97411;2;1;1;2;-20.8894;55.45508;4;1;2;0;1;1; -1;1;0;1;50;Blessé léger;3
202300014340;155 655 145;B01;7;0;2;4;1;1;203 817 033;1;1;1;2;1993.0;0;1;0;-1;6;7;2023;07:45;1;974;97411;2;1;1;2;-20.8894;55.45508;4;1;2;0;1;1; -1;1;0;1;50;Indemne;3
202300014356;155 655 117;B01;1;0;2;7;1;5;203 816 998;1;1;3;1;1948.0;5;8;0;-1;10;8;2023;19:34;1;77;77487;1;3;1;3;48.53637;2.7034;3;2;2;0;1;1;7;1;0;1;90;Blessé hospitalisé;3
202300014356;155 655 117;B01;1;0;2;7;1;5;203 816 998;1;1;3;1;1948.0;5;8;0;-1;10;8;2023;19:34;1;77;77487;1;3;1;3;48.53637;2.7034;3;2;2;0;1;1;7;1;0;1;50;Blessé hospitalisé;3
202300014356;155 655 122;A01;7;0;2;2;1;1;203 817 003;1;1;1;2;1986.0;9;1;0;-1;10;8;2023;19:34;1;77;77487;1;3;1;3;48.53637;2.7034;3;2;2;0;1;1;7;1;0;1;90;Indemne;3
202300014356;155 655 122;A01;7;0;2;2;1;1;203 817 003;1;1;1;2;1986.0;9;1;0;-1;10;8;2023;19:34;1;77;77487;1;3;1;3;48.53637;2.7034;3;2;2;0;1;1;7;1;0;1;50;Indemne;3
202300014373;155 655 092;A01;1;0;2;7;25;5;203 816 954;1;1;3;2;1990.0;1;8;0;-1;9;8;2023;14:25;1;71;71270;2;1;1;7;46.30377;4.81994;4;2;2;0;2;1; -1;1;0;1;50;Blessé hospitalisé;2
202300014379;155 655 082;A01;1;0;0;9;1;5;203 816 942;1;1;2;1;1954.0;5;0;-1;-1;2;6;2023;14:45;1;01;01130;2;1;1;7;46.313148;5.195361;4;2;2;0;1;4; -1;1;0;1;50;Tué;4
202300014381;155 655 079;B01;1;0;2;0;1;5;203 816 937;1;1;3;1;1948.0;5;2;8;-1;5;7;2023;16:50;1;971;97101;1;3;1;3;16.29367;-61.51119;3;2;0;0;1;1; -1;1;0;8;50;Blessé hospitalisé;2
202300014381;155 655 079;B01;1;0;2;0;1;5;203 816 937;1;1;3;1;1948.0;5;2;8;-1;5;7;2023;16:50;1;971;97101;1;3;1;3;16.29367;-61.51119;3;2;2;0;1;1; -1;1;0;1;50;Blessé hospitalisé;2
202300014381;155 655 081;A01;7;0;2;2;12;1;203 816 940;1;1;1;2;1998.0;4;1;0;-1;5;7;2023;16:50;1;971;97101;1;3;1;3;16.29367;-61.51119;3;2;0;0;1;1; -1;1;0;8;50;Indemne;2
202300014381;155 655 081;A01;7;0;2;2;12;1;203 816 940;1;1;1;2;1998.0;4;1;0;-1;5;7;2023;16:50;1;971;97101;1;3;1;3;16.29367;-61.51119;3;2;2;0;1;1; -1;1;0;1;50;Indemne;2
202300014392;155 655 062;A01;1;0;0;0;10;5;203 816 908;1;1;4;1;2006.0;0;8;0;-1;17;3;2023;15:45;1;92;92049;2;1;1;7;48.81434236;2.3210831;3;2;2;0;1;1; -1;1;0;1;30;Blessé léger;4
202300014399;155 655 048;A01;7;0;2;1;2;1;203 816 894;1;1;1;1;1976.0;0;1;8;-1;19;11;2023;16:04;1;72;72181;2;9;1;3;47.998;0.189;4;1;2;0;1;2; -1;1;5;1;50;Indemne;6
202300014399;155 655 051;B01;1;0;2;8;2;5;203 816 896;1;1;4;2;2007.0;0;8;0;-1;19;11;2023;16:04;1;72;72181;2;9;1;3;47.998;0.189;4;1;2;0;1;2; -1;1;5;1;50;Blessé léger;6
202300014405;155 655 037;A01;15;0;2;7;17;1;203 816 882;1;1;1;1;1985.0;4;1;-1;-1;20;11;2023;09:35;2;69;69271;2;1;5;3;45.72996423;4.96370385;4;2;2;2;1;1; -1;1;0;5;50;Indemne;0
202300014405;155 655 039;B01;1;0;2;8;1;5;203 816 884;1;1;4;1;1981.0;4;8;-1;-1;20;11;2023;09:35;2;69;69271;2;1;5;3;45.72996423;4.96370385;4;2;2;2;1;1; -1;1;0;5;50;Blessé léger;0
202300014406;155 655 034;A01;7;0;2;0;0;1;203 816 877;1;1;1;2;2002.0;5;8;0;-1;11;8;2023;14:55;1;67;67180;2;9;1;3;48.79633;7.77023;4;2;2;0;1;1; -1;1;0;1;50;Indemne;4
202300014406;155 655 035;B01;1;0;2;0;19;5;203 816 880;1;1;3;1;2007.0;5;8;0;-1;11;8;2023;14:55;1;67;67180;2;9;1;3;48.79633;7.77023;4;2;2;0;1;1; -1;1;0;1;50;Blessé hospitalisé;4
202300014411;155 655 022;B01;1;0;2;1;1;5;203 816 867;1;1;1;1;1988.0;1;2;0;-1;17;3;2023;10:25;1;92;92012;2;1;1;1;48.8316;2.25824;3;-1;1;2;2;1; -1;1;0;1;50;Indemne;4
202300014411;155 655 023;A01;80;0;2;1;1;3;203 816 868;1;1;4;1;1965.0;1;2;0;-1;17;3;2023;10:25;1;92;92012;2;1;1;1;48.8316;2.25824;3;-1;1;2;2;1; -1;1;0;1;50;Blessé léger;4
202300014413;155 655 020;A01;33;0;2;1;21;1;203 816 865;1;1;4;1;1999.0;5;2;6;-1;11;8;2023;15:15;1;64;64102;2;1;1;2;43.49502;-1.45746;4;2;2;1;1;1; -1;1;0;1;30;Blessé léger;4
202300014413;155 655 021;B01;80;0;2;0;13;3;203 816 866;1;1;4;1;1961.0;5;8;0;-1;11;8;2023;15:15;1;64;64102;2;1;1;2;43.49502;-1.45746;4;2;2;1;1;1; -1;1;0;1;30;Blessé léger;4
202300014415;155 655 018;A01;1;13;0;0;13;5;203 816 862;1;1;2;2;1965.0;5;8;0;-1;1;7;2023;02:38;3;83;83098;1;1;1;6;43.113991;6.036872;4;2;1;0;1;1; -1;1;0;3;50;Tué;5
202300014430;155 654 989;A01;1;12;0;1;1;5;203 816 828;1;1;4;2;2009.0;9;2;-1;-1;9;3;2023;11:44;1;86;86153;2;1;1;7;46.404827;0.695781;3;2;2;0;4;1; -1;1;0;4;50;Blessé léger;3
202300014434;155 654 981;A01;7;0;2;3;20;1;203 816 819;1;1;1;2;1963.0;1;8;0;-1;10;8;2023;08:40;1;56;56121;2;1;1;5;47.74164;-3.38179;4;1;1;0;1;1; -1;1;0;1;30;Indemne;3
202300014434;155 654 982;B01;10;0;2;7;2;1;203 816 820;1;1;1;1;1975.0;1;1;0;-1;10;8;2023;08:40;1;56;56121;2;1;1;5;47.74164;-3.38179;4;1;1;0;1;1; -1;1;0;1;30;Indemne;3
202300014434;155 654 984;C01;1;1;0;1;2;5;203 816 822;1;1;4;1;1994.0;5;8;0;-1;10;8;2023;08:40;1;56;56121;2;1;1;5;47.74164;-3.38179;4;1;1;0;1;1; -1;1;0;1;30;Blessé léger;3
202300014436;155 654 980;B01;1;0;2;7;1;5;203 816 817;1;1;3;1;2000.0;0;2;-1;-1;15;5;2023;14:00;1;73;73255;1;3;1;3;45.346958;6.303084;4;2;3;0;2;2; -1;1;5;1;-1;Blessé hospitalisé;0
202300014436;155 654 980;B01;1;0;2;7;1;5;203 816 817;1;1;3;1;2000.0;0;2;-1;-1;15;5;2023;14:00;1;73;73255;1;3;1;3;45.346958;6.303084;4;2;2;0;1;1; -1;1;0;1;-1;Blessé hospitalisé;0
202300014436;155 654 987;A01;7;0;2;1;9;1;203 816 826;1;1;1;1;1967.0;1;1;-1;-1;15;5;2023;14:00;1;73;73255;1;3;1;3;45.346958;6.303084;4;2;3;0;2;2; -1;1;5;1;-1;Indemne;0
202300014436;155 654 987;A01;7;0;2;1;9;1;203 816 826;1;1;1;1;1967.0;1;1;-1;-1;15;5;2023;14:00;1;73;73255;1;3;1;3;45.346958;6.303084;4;2;2;0;1;1; -1;1;0;1;-1;Indemne;0
202300014442;155 654 968;A01;10;0;2;1;1;0;203 816 796;1;1;1;1;2003.0;1;1;0;-1;20;11;2023;08:00;1;62;62193;2;1;3;1;50.95335;1.88857;4;1;2;1;1;1; -1;2;6;1;30;Indemne;0