Num_Acc;id_vehicule;num_veh;catv;obs;obsm;choc;manv;motor;id_usager;place;catu;grav;sexe;an_nais;trajet;secu1;secu2;secu3;jour;mois;an;hrmn;lum;dep;com;agg;int;atm;col;lat;long;catr;circ;nbv;vosp;prof;plan;larrout;surf;infra;situ;vma;gravity;day_of_week
202300014442;155 654 971;B01;1;0;2;2;19;5;203 816 803;1;1;4;1;2011.0;5;0;-1;-1;20;11;2023;08:00;1;62;62193;2;1;3;1;50.95335;1.88857;4;1;2;1;1;1; -1;2;6;1;30;Blessé léger;0
202300014452;155 654 951;A01;10;0;0;0;22;1;203 816 777;1;1;1;1;1978.0;0;8;0;-1;10;8;2023;15:35;1;49;49353;2;1;1;7;47.452371;-0.514011;4;2;2;0;1;1; -1;1;0;1;50;Indemne;3
202300014452;155 654 953;B01;1;0;0;0;1;5;203 816 780;1;1;4;2;1985.0;0;8;0;-1;10;8;2023;15:35;1;49;49353;2;1;1;7;47.452371;-0.514011;4;2;2;0;1;1; -1;1;0;1;50;Blessé léger;3
202300014456;155 654 944;A01;15;0;0;0;1;1;203 816 770;1;1;1;1;1966.0;4;1;0;-1;10;8;2023;13:39;1;49;49007;2;1;1;7;47.47604;-0.51525;4;2;2;0;1;1; -1;1;0;1;50;Indemne;3
202300014456;155 654 948;B01;1;0;0;0;1;5;203 816 774;1;1;4;2;2003.0;1;8;0;-1;10;8;2023;13:39;1;49;49007;2;1;1;7;47.47604;-0.51525;4;2;2;0;1;1; -1;1;0;1;50;Blessé léger;3
202300014499;155 654 875;A01;1;0;2;1;13;5;203 816 683;1;1;4;1;2011.0;2;8;0;-1;20;11;2023;17:00;1;49;49015;2;1;1;3;47.503;-0.59192;4;2;2;2;1;2; -1;1;0;1;50;Blessé léger;0
202300014499;155 654 879;B01;10;0;2;1;1;1;203 816 687;1;1;1;1;1971.0;4;8;0;-1;20;11;2023;17:00;1;49;49015;2;1;1;3;47.503;-0.59192;4;2;2;2;1;2; -1;1;0;1;50;Indemne;0
202300014544;155 654 797;A01;7;0;2;5;16;1;203 816 584;1;1;1;2;1983.0;1;1;-1;-1;6;7;2023;08:00;1;47;47001;2;3;1;3;44.19499;0.6425;3;2;4;1;1;1; -1;1;5;1;50;Indemne;3
202300014544;155 654 797;A01;7;0;2;5;16;1;203 816 584;1;1;1;2;1983.0;1;1;-1;-1;6;7;2023;08:00;1;47;47001;2;3;1;3;44.19499;0.6425;3;2;2;2;1;1; -1;1;5;1;50;Indemne;3
202300014544;155 654 799;B01;80;0;2;1;1;3;203 816 586;1;1;4;1;1968.0;0;2;-1;-1;6;7;2023;08:00;1;47;47001;2;3;1;3;44.19499;0.6425;3;2;4;1;1;1; -1;1;5;1;50;Blessé léger;3
202300014544;155 654 799;B01;80;0;2;1;1;3;203 816 586;1;1;4;1;1968.0;0;2;-1;-1;6;7;2023;08:00;1;47;47001;2;3;1;3;44.19499;0.6425;3;2;2;2;1;1; -1;1;5;1;50;Blessé léger;3
202300014547;155 654 795;B01;1;0;2;6;19;5;203 816 581;1;1;4;1;2002.0;2;8;-1;-1;20;11;2023;16:05;1;35;35238;2;3;8;3;48.13061;-1.67641;4;3;4;1;1;1; -1;1;0;1;50;Blessé léger;0
202300014547;155 654 795;B01;1;0;2;6;19;5;203 816 581;1;1;4;1;2002.0;2;8;-1;-1;20;11;2023;16:05;1;35;35238;2;3;8;3;48.13061;-1.67641;4;2;2;0;1;1; -1;1;0;1;30;Blessé léger;0
202300014549;155 654 787;A01;40;0;2;2;1;3;203 816 571;1;1;1;1;1984.0;4;8;0;-1;6;7;2023;18:50;1;45;45234;2;8;1;1;47.89634;1.90437;4;2;2;3;1;1; -1;1;4;6;30;Indemne;3
202300014549;155 654 790;B01;1;0;4;1;14;5;203 816 574;1;1;2;1;1972.0;0;8;0;-1;6;7;2023;18:50;1;45;45234;2;8;1;1;47.89634;1.90437;4;2;2;3;1;1; -1;1;4;6;30;Tué;3
202300014555;155 654 775;B01;7;0;2;2;0;1;203 816 549;1;1;1;2;1992.0;2;1;0;-1;20;11;2023;17:42;5;32;32013;2;1;2;3;43.65961;0.58933;4;2;2;0;1;2; -1;2;0;1;30;Indemne;0
202300014555;155 654 778;A01;80;0;2;1;5;3;203 816 552;1;1;3;1;1997.0;5;2;0;-1;20;11;2023;17:42;5;32;32013;2;1;2;3;43.65961;0.58933;4;2;2;0;1;2; -1;2;0;1;30;Blessé hospitalisé;0
202300014563;155 654 760;A01;7;0;2;3;9;1;203 816 528;1;1;1;2;1947.0;5;1;-1;-1;2;6;2023;15:00;1;56;56152;2;4;1;3;47.349204;-3.160694;3;2;2;0;2;2;5,5;1;5;1;50;Indemne;4
202300014563;155 654 760;A01;7;0;2;3;9;1;203 816 528;1;1;1;2;1947.0;5;1;-1;-1;2;6;2023;15:00;1;56;56152;2;4;1;3;47.349204;-3.160694;3;1;1;-1;2;2; -1;1;0;1;50;Indemne;4
202300014563;155 654 765;B01;80;0;2;7;1;3;203 816 535;1;1;3;1;1973.0;0;0;-1;-1;2;6;2023;15:00;1;56;56152;2;4;1;3;47.349204;-3.160694;3;2;2;0;2;2;5,5;1;5;1;50;Blessé hospitalisé;4
202300014563;155 654 765;B01;80;0;2;7;1;3;203 816 535;1;1;3;1;1973.0;0;0;-1;-1;2;6;2023;15:00;1;56;56152;2;4;1;3;47.349204;-3.160694;3;1;1;-1;2;2; -1;1;0;1;50;Blessé hospitalisé;4
202300014600;155 654 700;A01;80;0;0;7;2;3;203 816 442;1;1;4;1;1999.0;4;2;8;-1;6;7;2023;10:15;1;32;32013;2;1;1;7;43.64745;0.59764;4;2;1;0;1;1; -1;1;0;4;50;Blessé léger;3
202300014617;155 654 664;A01;1;0;2;8;18;5;203 816 396;1;1;4;2;1974.0;1;2;4;-1;26;12;2023;15:35;1;75;75113;2;1;1;3;48.836467;2.374614;4;2;2;1;1;1; -1;1;0;1;30;Blessé léger;1
202300014617;155 654 665;B01;14;0;2;7;1;1;203 816 398;1;1;1;1;1979.0;4;1;0;-1;26;12;2023;15:35;1;75;75113;2;1;1;3;48.836467;2.374614;4;2;2;1;1;1; -1;1;0;1;30;Indemne;1
202300014636;155 654 623;A01;1;0;1;1;1;5;203 816 348;1;1;4;1;1951.0;5;2;8;-1;26;12;2023;13:50;1;75;75104;2;1;1;6;48.848546;2.362762;4;2;2;0;1;2; -1;1;6;1;30;Blessé léger;1
202300014636;155 654 623;A01;1;0;1;1;1;5;203 816 350;10;3;1;2;1998.0;5;0;-1;-1;26;12;2023;13:50;1;75;75104;2;1;1;6;48.848546;2.362762;4;2;2;0;1;2; -1;1;6;1;30;Indemne;1
202300014658;155 654 585;A01;33;0;2;3;19;1;203 816 301;1;1;4;1;1993.0;1;2;6;-1;20;11;2023;07:40;2;75;75116;2;4;1;2;48.872786;2.280393;4;2;4;2;1;1; -1;1;0;1;30;Blessé léger;0
202300014658;155 654 585;A01;33;0;2;3;19;1;203 816 301;1;1;4;1;1993.0;1;2;6;-1;20;11;2023;07:40;2;75;75116;2;4;1;2;48.872786;2.280393;4;-1; -1;-1;1;1; -1;1;0;1;30;Blessé léger;0
202300014658;155 654 587;B01;1;0;2;0;19;5;203 816 304;1;1;4;1;1966.0;1;8;0;-1;20;11;2023;07:40;2;75;75116;2;4;1;2;48.872786;2.280393;4;2;4;2;1;1; -1;1;0;1;30;Blessé léger;0
202300014658;155 654 587;B01;1;0;2;0;19;5;203 816 304;1;1;4;1;1966.0;1;8;0;-1;20;11;2023;07:40;2;75;75116;2;4;1;2;48.872786;2.280393;4;-1; -1;-1;1;1; -1;1;0;1;30;Blessé léger;0
202300014670;155 654 566;A01;1;0;1;1;1;5;203 816 270;1;1;4;2;1969.0;1;2;8;-1;20;11;2023;07:40;2;94;94011;2;1;8;6;48.76604;2.49055;3;2;2;1;1;1; -1;1;0;5;-1;Blessé léger;0
202300014670;155 654 566;A01;1;0;1;1;1;5;203 816 273;10;3;4;1;1965.0;1;0;-1;-1;20;11;2023;07:40;2;94;94011;2;1;8;6;48.76604;2.49055;3;2;2;1;1;1; -1;1;0;5;-1;Blessé léger;0
202300014678;155 654 551;B01;1;0;2;1;26;5;203 816 253;1;1;4;1;1986.0;1;8;8;-1;20;11;2023;07:45;1;93;93066;2;1;1;3;48.92608417;2.35999452;4;2;2;0;1;2; -1;1;0;1;30;Blessé léger;0
202300014700;155 654 517;A01;7;0;2;6;15;1;203 816 205;1;1;1;2;1978.0;4;1;-1;-1;16;3;2023;07:55;1;69;69383;2;3;1;3;45.74979;4.88985;4;1;1;2;1;1; -1;1;0;1;30;Indemne;3
202300014700;155 654 519;B01;80;0;2;1;2;3;203 816 209;1;1;4;1;1995.0;4;8;-1;-1;16;3;2023;07:55;1;69;69383;2;3;1;3;45.74979;4.88985;4;1;1;2;1;1; -1;1;0;1;30;Blessé léger;3
202300014708;155 654 500;B01;1;0;2;1;13;5;203 816 184;1;1;3;1;1954.0;5;2;6;-1;17;9;2023;10:50;1;57;57443;2;1;1;3;49.209737;6.126772;2;3;0;0;1;1;0;1;0;1;90;Blessé hospitalisé;6
202300014708;155 654 504;A01;10;0;2;2;2;1;203 816 189;2;2;1;1;1999.0;4;1;-1;-1;17;9;2023;10:50;1;57;57443;2;1;1;3;49.209737;6.126772;2;3;0;0;1;1;0;1;0;1;90;Indemne;6
202300014708;155 654 504;A01;10;0;2;2;2;1;203 816 193;1;1;1;1;1982.0;4;1;-1;-1;17;9;2023;10:50;1;57;57443;2;1;1;3;49.209737;6.126772;2;3;0;0;1;1;0;1;0;1;90;Indemne;6
202300014719;155 654 485;A01;7;0;2;2;17;1;203 816 163;1;1;1;2;1952.0;0;1;-1;-1;1;6;2023;17:41;1;69;69034;2;1;1;3;45.81152;4.84602;7;2;2;2;1;3;5,5;1;0;1;50;Indemne;3
202300014719;155 654 487;B01;80;0;2;8;13;3;203 816 168;1;1;4;2;2007.0;2;8;-1;-1;1;6;2023;17:41;1;69;69034;2;1;1;3;45.81152;4.84602;7;2;2;2;1;3;5,5;1;0;1;50;Blessé léger;3
202300014722;155 654 480;A01;7;0;2;2;2;0;203 816 160;1;1;1;1;1950.0;0;8;-1;-1;26;12;2023;16:40;1;41;41010;2;9;1;3;47.854163;1.002803;4;2;2;0;1;3; -1;1;0;1;-1;Indemne;1
202300014722;155 654 484;B01;1;0;0;1;2;5;203 816 166;1;1;4;1;2010.0;5;0;-1;-1;26;12;2023;16:40;1;41;41010;2;9;1;3;47.854163;1.002803;4;2;2;0;1;3; -1;1;0;1;-1;Blessé léger;1
202300014723;155 654 475;A01;1;0;2;2;1;5;203 816 150;1;1;3;1;1996.0;0;2;-1;-1;1;6;2023;10:10;1;69;69385;2;2;1;3;45.75444;4.78216;4;2;4;2;2;1; -1;1;0;1;30;Blessé hospitalisé;3
202300014723;155 654 475;A01;1;0;2;2;1;5;203 816 150;1;1;3;1;1996.0;0;2;-1;-1;1;6;2023;10:10;1;69;69385;2;2;1;3;45.75444;4.78216;4;2;3;0;2;1; -1;1;5;1;30;Blessé hospitalisé;3
202300014723;155 654 477;B01;7;0;2;2;15;1;203 816 155;1;1;1;1;2000.0;0;1;-1;-1;1;6;2023;10:10;1;69;69385;2;2;1;3;45.75444;4.78216;4;2;4;2;2;1; -1;1;0;1;30;Indemne;3
202300014723;155 654 477;B01;7;0;2;2;15;1;203 816 155;1;1;1;1;2000.0;0;1;-1;-1;1;6;2023;10:10;1;69;69385;2;2;1;3;45.75444;4.78216;4;2;3;0;2;1; -1;1;5;1;30;Indemne;3
202300014731;155 654 462;A01;1;0;0;0;1;5;203 816 138;1;1;2;1;1952.0;5;0;-1;-1;14;9;2023;17:00;1;85;85112;1;1;7;7;46.554112;-1.765299;3;2;2;0;3;1;5,5;1;0;8;80;Tué;3
202300014737;155 654 448;A01;7;0;9;3;15;1;203 816 121;1;1;1;1;1966.0;0;1;0;-1;7;11;2023;21:50;5;92;92036;2;2;1;3;48.92926369;2.28446531;3;2;2;0;1;1; -1;1;0;1;50;Indemne;1
202300014737;155 654 448;A01;7;0;9;3;15;1;203 816 121;1;1;1;1;1966.0;0;1;0;-1;7;11;2023;21:50;5;92;92036;2;2;1;3;48.92926369;2.28446531;3;2;4;0;1;1; -1;1;0;1;50;Indemne;1
202300014737;155 654 450;B01;80;0;2;1;1;3;203 816 124;1;1;4;1;1991.0;0;8;0;-1;7;11;2023;21:50;5;92;92036;2;2;1;3;48.92926369;2.28446531;3;2;2;0;1;1; -1;1;0;1;50;Blessé léger;1
202300014737;155 654 450;B01;80;0;2;1;1;3;203 816 124;1;1;4;1;1991.0;0;8;0;-1;7;11;2023;21:50;5;92;92036;2;2;1;3;48.92926369;2.28446531;3;2;4;0;1;1; -1;1;0;1;50;Blessé léger;1
202300014743;155 654 435;A01;1;0;2;1;1;5;203 816 107;1;1;4;1;2001.0;5;8;4;-1;15;3;2023;07:45;1;76;76351;2;2;2;3;49.49262;0.1375;4;2;2;0;1;1; -1;2;0;1;50;Blessé léger;2
202300014743;155 654 435;A01;1;0;2;1;1;5;203 816 107;1;1;4;1;2001.0;5;8;4;-1;15;3;2023;07:45;1;76;76351;2;2;2;3;49.49262;0.1375;4;2;2;0;1;1; -1;2;0;1;50;Blessé léger;2
202300014743;155 654 437;B01;7;0;2;8;1;1;203 816 109;1;1;1;2;1987.0;0;1;-1;-1;15;3;2023;07:45;1;76;76351;2;2;2;3;49.49262;0.1375;4;2;2;0;1;1; -1;2;0;1;50;Indemne;2
202300014743;155 654 437;B01;7;0;2;8;1;1;203 816 109;1;1;1;2;1987.0;0;1;-1;-1;15;3;2023;07:45;1;76;76351;2;2;2;3;49.49262;0.1375;4;2;2;0;1;1; -1;2;0;1;50;Indemne;2
202300014749;155 654 424;A01;31;0;2;1;1;1;203 816 092;1;1;3;1;1992.0;9;2;6;-1;27;12;2023;12:45;1;61;61293;1;3;1;3;48.520118;0.562191;3;2;2;0;2;1;5,5;1;0;1;70;Blessé hospitalisé;2
202300014749;155 654 424;A01;31;0;2;1;1;1;203 816 092;1;1;3;1;1992.0;9;2;6;-1;27;12;2023;12:45;1;61;61293;1;3;1;3;48.520118;0.562191;3;2;2;0;4;3;5,5;1;0;1;50;Blessé hospitalisé;2
202300014749;155 654 427;B01;80;0;2;6;15;3;203 816 095;1;1;3;2;2000.0;5;0;-1;-1;27;12;2023;12:45;1;61;61293;1;3;1;3;48.520118;0.562191;3;2;2;0;2;1;5,5;1;0;1;70;Blessé hospitalisé;2
202300014749;155 654 427;B01;80;0;2;6;15;3;203 816 095;1;1;3;2;2000.0;5;0;-1;-1;27;12;2023;12:45;1;61;61293;1;3;1;3;48.520118;0.562191;3;2;2;0;4;3;5,5;1;0;1;50;Blessé hospitalisé;2
202300014756;155 654 410;A01;7;0;2;1;1;1;203 816 078;1;1;1;1;1969.0;1;1;0;-1;26;5;2023;17:03;1;87;87085;2;1;1;6;45.81098;1.25688;4;3;4;0;1;1; -1;1;0;1;50;Indemne;4
202300014756;155 654 416;B01;80;0;2;0;19;3;203 816 083;1;1;4;2;1989.0;0;2;0;-1;26;5;2023;17:03;1;87;87085;2;1;1;6;45.81098;1.25688;4;3;4;0;1;1; -1;1;0;1;50;Blessé léger;4
202300014773;155 654 386;B01;1;0;2;4;1;5;203 816 042;1;1;3;2;1974.0;1;2;-1;-1;16;3;2023;08:10;1;69;69264;2;3;1;6;45.9929;4.70726;3;2;2;0;1;1; -1;1;0;1;50;Blessé hospitalisé;3
202300014773;155 654 386;B01;1;0;2;4;1;5;203 816 042;1;1;3;2;1974.0;1;2;-1;-1;16;3;2023;08:10;1;69;69264;2;3;1;6;45.9929;4.70726;3;2;2;0;1;1; -1;1;0;1;50;Blessé hospitalisé;3
202300014773;155 654 387;A01;7;0;2;4;15;1;203 816 043;1;1;1;2;1975.0;2;1;-1;-1;16;3;2023;08:10;1;69;69264;2;3;1;6;45.9929;4.70726;3;2;2;0;1;1; -1;1;0;1;50;Indemne;3
202300014773;155 654 387;A01;7;0;2;4;15;1;203 816 043;1;1;1;2;1975.0;2;1;-1;-1;16;3;2023;08:10;1;69;69264;2;3;1;6;45.9929;4.70726;3;2;2;0;1;1; -1;1;0;1;50;Indemne;3
202300014782;155 654 370;B01;1;0;0;1;2;5;203 816 013;1;1;4;1;1979.0;5;2;-1;-1;27;12;2023;10:45;1;14;14478;2;1;1;2;49.022128;0.40507;4;1;1;0;1;1; -1;1;0;1;30;Blessé léger;2
202300014782;155 654 374;A01;7;0;2;4;4;1;203 816 017;1;1;1;1;1977.0;5;1;-1;-1;27;12;2023;10:45;1;14;14478;2;1;1;2;49.022128;0.40507;4;1;1;0;1;1; -1;1;0;1;30;Indemne;2
202300014792;155 654 347;B01;1;0;2;1;1;5;203 815 984;1;1;4;1;1956.0;5;2;-1;-1;24;12;2023;11:00;1;64;64059;1;1;7;3;43.281392;-0.241849;3;2;2;0;1;1; -1;1;0;1;90;Blessé léger;6
202300014792;155 654 351;A01;10;0;2;2;1;1;203 815 990;1;1;1;1;1978.0;4;1;-1;-1;24;12;2023;11:00;1;64;64059;1;1;7;3;43.281392;-0.241849;3;2;2;0;1;1; -1;1;0;1;90;Indemne;6
202300014793;155 654 346;B01;1;0;2;1;16;5;203 815 981;1;1;3;1;1963.0;5;8;0;-1;30;5;2023;08:20;1;80;80489;2;2;1;3;49.86904;2.35563;4;2;2;0;1;1; -1;1;0;1;50;Blessé hospitalisé;1
202300014793;155 654 346;B01;1;0;2;1;16;5;203 815 981;1;1;3;1;1963.0;5;8;0;-1;30;5;2023;08:20;1;80;80489;2;2;1;3;49.86904;2.35563;4;2;2;0;1;1; -1;1;0;1;50;Blessé hospitalisé;1
202300014793;155 654 353;A01;7;0;2;2;15;1;203 815 991;1;1;1;1;1998.0;0;1;0;-1;30;5;2023;08:20;1;80;80489;2;2;1;3;49.86904;2.35563;4;2;2;0;1;1; -1;1;0;1;50;Indemne;1
202300014793;155 654 353;A01;7;0;2;2;15;1;203 815 991;1;1;1;1;1998.0;0;1;0;-1;30;5;2023;08:20;1;80;80489;2;2;1;3;49.86904;2.35563;4;2;2;0;1;1; -1;1;0;1;50;Indemne;1
202300014804;155 654 330;A01;7;0;2;2;15;1;203 815 958;1;1;1;2;1981.0;4;1;-1;-1;21;11;2023;19:18;3;71;71182;1;3;2;3;46.800985;4.752177;3;2;2;0;4;1;7;2;0;1;80;Indemne;1
202300014804;155 654 330;A01;7;0;2;2;15;1;203 815 958;1;1;1;2;1981.0;4;1;-1;-1;21;11;2023;19:18;3;71;71182;1;3;2;3;46.800985;4.752177;3;2;2;0;1;1;7;2;0;8;50;Indemne;1
202300014804;155 654 332;B01;1;0;2;1;1;5;203 815 961;1;1;4;1;2001.0;1;0;-1;-1;21;11;2023;19:18;3;71;71182;1;3;2;3;46.800985;4.752177;3;2;2;0;4;1;7;2;0;1;80;Blessé léger;1
202300014804;155 654 332;B01;1;0;2;1;1;5;203 815 961;1;1;4;1;2001.0;1;0;-1;-1;21;11;2023;19:18;3;71;71182;1;3;2;3;46.800985;4.752177;3;2;2;0;1;1;7;2;0;8;50;Blessé léger;1
202300014835;155 654 275;A01;1;0;2;1;26;5;203 815 887;1;1;4;1;2004.0;1;8;0;-1;30;5;2023;07:50;1;72;72181;2;3;1;3;47.96981;0.2061;4;2;2;0;1;1; -1;1;0;1;50;Blessé léger;1
202300014835;155 654 275;A01;1;0;2;1;26;5;203 815 887;1;1;4;1;2004.0;1;8;0;-1;30;5;2023;07:50;1;72;72181;2;3;1;3;47.96981;0.2061;4;2;2;0;1;1; -1;1;0;1;50;Blessé léger;1
202300014835;155 654 278;B01;33;0;2;0;1;1;203 815 890;1;1;4;1;1988.0;1;2;8;-1;30;5;2023;07:50;1;72;72181;2;3;1;3;47.96981;0.2061;4;2;2;0;1;1; -1;1;0;1;50;Blessé léger;1
202300014835;155 654 278;B01;33;0;2;0;1;1;203 815 890;1;1;4;1;1988.0;1;2;8;-1;30;5;2023;07:50;1;72;72181;2;3;1;3;47.96981;0.2061;4;2;2;0;1;1; -1;1;0;1;50;Blessé léger;1
202300014852;155 654 246;A01;1;0;2;4;15;5;203 815 850;1;1;3;2;2002.0;9;2;-1;-1;16;3;2023;12:20;1;35;35238;2;1;1;3;48.121349;-1.701835;4;2;2;2;1;1; -1;1;0;1;50;Blessé hospitalisé;3
202300014852;155 654 248;B01;33;0;2;7;1;1;203 815 852;1;1;1;1;1967.0;1;2;6;-1;16;3;2023;12:20;1;35;35238;2;1;1;3;48.121349;-1.701835;4;2;2;2;1;1; -1;1;0;1;50;Indemne;3
202300014857;155 654 239;A01;1;0;0;0;-1;5;203 815 841;1;1;3;1;1979.0;0;0;-1;-1;1;6;2023;16:36;1;68;68224;2;6;7;7;47.74227;7.3313;4;-1;1;-1;1;3;3,5;-1;0;1;-1;Blessé hospitalisé;3
202300014887;155 654 178;A01;7;0;2;3;2;1;203 815 760;1;1;1;1;2000.0;5;1;-1;-1;16;9;2023;06:15;5;76;76540;2;1;1;6;49.42747;1.07007;7;2;2;3;1;1; -1;1;-1;1;50;Indemne;5
202300014887;155 654 178;A01;7;0;2;3;2;1;203 815 762;2;2;1;1;1999.0;5;1;-1;-1;16;9;2023;06:15;5;76;76540;2;1;1;6;49.42747;1.07007;7;2;2;3;1;1; -1;1;-1;1;50;Indemne;5
202300014887;155 654 178;A01;7;0;2;3;2;1;203 815 764;4;2;1;1;2000.0;5;1;-1;-1;16;9;2023;06:15;5;76;76540;2;1;1;6;49.42747;1.07007;7;2;2;3;1;1; -1;1;-1;1;50;Indemne;5
202300014887;155 654 181;B01;1;0;2;0;9;5;203 815 765;1;1;4;1;2005.0;1;8;0;-1;16;9;2023;06:15;5;76;76540;2;1;1;6;49.42747;1.07007;7;2;2;3;1;1; -1;1;-1;1;50;Blessé léger;5
202300014888;155 654 177;B01;1;0;2;1;1;5;203 815 759;1;1;4;1;1982.0;1;8;0;-1;16;3;2023;07:47;1;17;17300;2;1;1;3;46.17117;-1.20844;4;-1;2;0;1;1; -1;1;0;1;50;Blessé léger;3
202300014888;155 654 180;A01;10;0;2;8;15;1;203 815 763;1;1;1;1;1967.0;1;1;8;-1;16;3;2023;07:47;1;17;17300;2;1;1;3;46.17117;-1.20844;4;-1;2;0;1;1; -1;1;0;1;50;Indemne;3
202300014890;155 654 175;A01;7;0;2;1;0;1;203 815 757;1;1;1;1;1990.0;1;0;-1;-1;31;5;2023;07:10;1;61;61001;2;3;1;3;48.43551;0.09696;3;2;3;2;1;1; -1;1;5;1;50;Indemne;2
202300014890;155 654 175;A01;7;0;2;1;0;1;203 815 757;1;1;1;1;1990.0;1;0;-1;-1;31;5;2023;07:10;1;61;61001;2;3;1;3;48.43551;0.09696;3;2;2;0;1;1; -1;1;5;1;30;Indemne;2
202300014890;155 654 179;B01;1;0;2;0;0;5;203 815 761;1;1;4;2;1954.0;0;8;0;-1;31;5;2023;07:10;1;61;61001;2;3;1;3;48.43551;0.09696;3;2;3;2;1;1; -1;1;5;1;50;Blessé léger;2
202300014890;155 654 179;B01;1;0;2;0;0;5;203 815 761;1;1;4;2;1954.0;0;8;0;-1;31;5;2023;07:10;1;61;61001;2;3;1;3;48.43551;0.09696;3;2;2;0;1;1; -1;1;5;1;30;Blessé léger;2
202300014896;155 654 164;A01;7;0;2;2;1;1;203 815 744;1;1;1;1;1969.0;0;1;0;-1;16;9;2023;20:09;2;64;64122;2;2;1;3;43.4802;-1.54654;4;4;1;0;2;1; -1;1;0;1;30;Indemne;5
202300014896;155 654 164;A01;7;0;2;2;1;1;203 815 744;1;1;1;1;1969.0;0;1;0;-1;16;9;2023;20:09;2;64;64122;2;2;1;3;43.4802;-1.54654;4;-1;1;0;2;1; -1;1;0;1;30;Indemne;5
202300014896;155 654 167;B01;1;0;2;1;1;5;203 815 747;1;1;4;2;1963.0;0;8;0;-1;16;9;2023;20:09;2;64;64122;2;2;1;3;43.4802;-1.54654;4;4;1;0;2;1; -1;1;0;1;30;Blessé léger;5
202300014896;155 654 167;B01;1;0;2;1;1;5;203 815 747;1;1;4;2;1963.0;0;8;0;-1;16;9;2023;20:09;2;64;64122;2;2;1;3;43.4802;-1.54654;4;-1;1;0;2;1; -1;1;0;1;30;Blessé léger;5
202300014910;155 654 145;B01;1;0;2;4;1;5;203 815 717;1;1;4;2;1952.0;5;2;8;-1;15;9;2023;16:50;1;56;56121;2;1;1;2;47.7473877;-3.36237;4;1;1;0;1;1; -1;1;0;1;30;Blessé léger;4
202300014910;155 654 148;A01;33;0;2;1;21;1;203 815 720;1;1;1;1;2004.0;1;2;6;-1;15;9;2023;16:50;1;56;56121;2;1;1;2;47.7473877;-3.36237;4;1;1;0;1;1; -1;1;0;1;30;Indemne;4
202300014927;155 654 119;A01;7;0;2;4;20;0;203 815 688;1;1;1;1;1945.0;5;1;0;-1;1;6;2023;07:55;1;59;59350;2;1;1;2;50.63314;3.047526;4;2;4;3;1;1; -1;1;0;1;30;Indemne;3
202300014927;155 654 122;B01;1;0;2;7;1;5;203 815 689;1;1;3;2;2000.0;0;8;0;-1;1;6;2023;07:55;1;59;59350;2;1;1;2;50.63314;3.047526;4;2;4;3;1;1; -1;1;0;1;30;Blessé hospitalisé;3
202300014941;155 654 085;B01;1;0;2;7;19;5;203 815 641;1;1;3;2;1990.0;5;0;-1;-1;16;9;2023;12:50;1;33;33075;2;1;1;3;44.88303555;-0.58474034;4;2;2;0;1;1; -1;1;0;1;50;Blessé hospitalisé;5
202300014941;155 654 086;A01;10;0;2;2;1;1;203 815 642;1;1;1;1;1975.0;4;1;-1;-1;16;9;2023;12:50;1;33;33075;2;1;1;3;44.88303555;-0.58474034;4;2;2;0;1;1; -1;1;0;1;50;Indemne;5
202300014970;155 654 042;A01;7;0;2;2;16;1;203 815 583;1;1;1;1;1951.0;0;1;0;-1;15;3;2023;13:50;1;91;91477;2;6;1;3;48.7236;2.24803;4;1;1;1;1;2; -1;1;0;5;50;Indemne;2
202300014970;155 654 042;A01;7;0;2;2;16;1;203 815 583;1;1;1;1;1951.0;0;1;0;-1;15;3;2023;13:50;1;91;91477;2;6;1;3;48.7236;2.24803;4;-1;1;1;1;2; -1;1;0;5;50;Indemne;2
202300014970;155 654 044;B01;1;0;2;6;1;5;203 815 585;1;1;3;2;1994.0;1;8;0;-1;15;3;2023;13:50;1;91;91477;2;6;1;3;48.7236;2.24803;4;1;1;1;1;2; -1;1;0;5;50;Blessé hospitalisé;2
202300014970;155 654 044;B01;1;0;2;6;1;5;203 815 585;1;1;3;2;1994.0;1;8;0;-1;15;3;2023;13:50;1;91;91477;2;6;1;3;48.7236;2.24803;4;-1;1;1;1;2; -1;1;0;5;50;Blessé hospitalisé;2
202300014973;155 654 037;A01;80;0;2;2;14;3;203 815 575;1;1;2;1;1930.0;5;2;6;-1;24;9;2023;10:25;1;13;13111;1;1;1;3;43.555126;5.700896;3;2;2;0;1;1;5;1;0;1;80;Tué;6
202300014973;155 654 039;B01;7;0;2;3;1;2;203 815 578;2;2;1;2;1947.0;5;1;-1;-1;24;9;2023;10:25;1;13;13111;1;1;1;3;43.555126;5.700896;3;2;2;0;1;1;5;1;0;1;80;Indemne;6
202300014973;155 654 039;B01;7;0;2;3;1;2;203 815 581;1;1;1;1;1946.0;5;1;-1;-1;24;9;2023;10:25;1;13;13111;1;1;1;3;43.555126;5.700896;3;2;2;0;1;1;5;1;0;1;80;Indemne;6
202300014998;155 653 997;A01;1;0;2;1;1;5;203 815 508;1;1;4;1;2005.0;2;0;-1;-1;16;9;2023;13:25;1;75;75106;2;3;1;3;48.847546;2.329981;4;2;2;0;1;1; -1;1;0;1;30;Blessé léger;5