Num_Acc;id_vehicule;num_veh;catv;obs;obsm;choc;manv;motor;id_usager;place;catu;grav;sexe;an_nais;trajet;secu1;secu2;secu3;jour;mois;an;hrmn;lum;dep;com;agg;int;atm;col;lat;long;catr;circ;nbv;vosp;prof;plan;larrout;surf;infra;situ;vma;gravity;day_of_week
202300014998;155 653 997;A01;1;0;2;1;1;5;203 815 508;1;1;4;1;2005.0;2;0;-1;-1;16;9;2023;13:25;1;75;75106;2;3;1;3;48.847546;2.329981;4;-1;2;0;1;1; -1;1;0;1;30;Blessé léger;5
202300014998;155 653 998;B01;7;0;2;8;15;0;203 815 510;1;1;1;2;1972.0;9;1;0;-1;16;9;2023;13:25;1;75;75106;2;3;1;3;48.847546;2.329981;4;2;2;0;1;1; -1;1;0;1;30;Indemne;5
202300014998;155 653 998;B01;7;0;2;8;15;0;203 815 510;1;1;1;2;1972.0;9;1;0;-1;16;9;2023;13:25;1;75;75106;2;3;1;3;48.847546;2.329981;4;-1;2;0;1;1; -1;1;0;1;30;Indemne;5
202300015000;155 653 993;A01;1;0;2;1;2;5;203 815 504;1;1;4;1;1969.0;9;8;0;-1;16;9;2023;02:40;5;75;75106;2;3;1;2;48.854395;2.340719;4;1; -1;-1;1;1; -1;1;0;5;-1;Blessé léger;5
202300015000;155 653 993;A01;1;0;2;1;2;5;203 815 504;1;1;4;1;1969.0;9;8;0;-1;16;9;2023;02:40;5;75;75106;2;3;1;2;48.854395;2.340719;4;2; -1;1;1;1; -1;1;0;5;30;Blessé léger;5
202300015000;155 653 994;B01;1;0;2;4;2;5;203 815 505;1;1;1;1;1999.0;9;8;0;-1;16;9;2023;02:40;5;75;75106;2;3;1;2;48.854395;2.340719;4;1; -1;-1;1;1; -1;1;0;5;-1;Indemne;5
202300015000;155 653 994;B01;1;0;2;4;2;5;203 815 505;1;1;1;1;1999.0;9;8;0;-1;16;9;2023;02:40;5;75;75106;2;3;1;2;48.854395;2.340719;4;2; -1;1;1;1; -1;1;0;5;30;Indemne;5
202300015003;155 653 987;Y01;1;0;2;1;19;5;203 815 497;1;1;4;2;1997.0;9;0;-1;-1;16;9;2023;11:15;1;75;75119;2;3;1;1;48.8944236;2.38149941;4;1;2;0;1;1; -1;1;0;1;30;Blessé léger;5
202300015003;155 653 987;Y01;1;0;2;1;19;5;203 815 497;1;1;4;2;1997.0;9;0;-1;-1;16;9;2023;11:15;1;75;75119;2;3;1;1;48.8944236;2.38149941;4;1; -1;-1;1;1; -1;1;0;1;-1;Blessé léger;5
202300015003;155 653 990;A01;7;0;2;2;1;1;203 815 499;1;1;1;1;1965.0;9;1;0;-1;16;9;2023;11:15;1;75;75119;2;3;1;1;48.8944236;2.38149941;4;1;2;0;1;1; -1;1;0;1;30;Indemne;5
202300015003;155 653 990;A01;7;0;2;2;1;1;203 815 499;1;1;1;1;1965.0;9;1;0;-1;16;9;2023;11:15;1;75;75119;2;3;1;1;48.8944236;2.38149941;4;1; -1;-1;1;1; -1;1;0;1;-1;Indemne;5
202300015006;155 653 982;B01;80;0;2;8;1;3;203 815 490;1;1;3;1;1965.0;9;8;0;-1;16;9;2023;14:15;1;75;75118;2;1;1;3;48.896152;2.352902;4;2;2;0;1;1; -1;1;0;1;30;Blessé hospitalisé;5
202300015006;155 653 984;A01;37;0;2;5;1;6;203 815 492;1;1;1;1;1974.0;4;1;0;-1;16;9;2023;14:15;1;75;75118;2;1;1;3;48.896152;2.352902;4;2;2;0;1;1; -1;1;0;1;30;Indemne;5
202300015018;155 653 962;B01;1;0;2;1;1;5;203 815 464;1;1;4;2;1969.0;5;2;0;-1;15;9;2023;09:25;1;75;75116;2;1;1;3;48.871187;2.284962;4;2;2;0;1;1; -1;1;0;1;30;Blessé léger;4
202300015018;155 653 965;A01;7;0;2;7;22;1;203 815 468;1;1;1;1;1973.0;4;8;0;-1;15;9;2023;09:25;1;75;75116;2;1;1;3;48.871187;2.284962;4;2;2;0;1;1; -1;1;0;1;30;Indemne;4
202300015028;155 653 949;B01;1;1;0;8;1;5;203 815 445;1;1;4;1;1975.0;5;8;0;-1;16;9;2023;22:02;5;75;75114;2;1;1;3;48.834505;2.334647;4;2;4;1;1;1; -1;1;0;5;30;Blessé léger;5
202300015028;155 653 952;A01;7;0;0;5;24;1;203 815 448;1;1;1;1;1980.0;5;8;0;-1;16;9;2023;22:02;5;75;75114;2;1;1;3;48.834505;2.334647;4;2;4;1;1;1; -1;1;0;5;30;Indemne;5
202300015030;155 653 945;B01;50;0;2;1;1;3;203 815 439;1;1;4;1;1982.0;5;8;0;-1;16;9;2023;14:45;1;75;75114;2;1;1;3;48.819606;2.341906;4;2;8;1;2;1; -1;1;0;1;50;Blessé léger;5
202300015030;155 653 946;A01;1;0;2;8;9;5;203 815 441;1;1;1;2;1996.0;5;8;0;-1;16;9;2023;14:45;1;75;75114;2;1;1;3;48.819606;2.341906;4;2;8;1;2;1; -1;1;0;1;50;Indemne;5
202300015033;155 653 942;A01;1;12;0;8;1;5;203 815 436;1;1;4;2;1958.0;5;2;0;-1;16;9;2023;14:30;1;75;75114;2;1;1;7;48.831813;2.314166;4;1;1;0;1;1; -1;1;0;4;30;Blessé léger;5
202300015035;155 653 937;B01;1;0;2;7;19;5;203 815 429;1;1;4;2;1991.0;2;8;-1;-1;15;3;2023;08:00;1;47;47001;2;2;1;3;44.19411354;0.62398948;4;3;2;1;1;1; -1;2;5;1;50;Blessé léger;2
202300015035;155 653 937;B01;1;0;2;7;19;5;203 815 429;1;1;4;2;1991.0;2;8;-1;-1;15;3;2023;08:00;1;47;47001;2;2;1;3;44.19411354;0.62398948;4;3;2;0;1;1; -1;2;5;1;50;Blessé léger;2
202300015035;155 653 940;A01;7;0;2;1;15;2;203 815 432;1;1;1;2;1957.0;4;1;-1;-1;15;3;2023;08:00;1;47;47001;2;2;1;3;44.19411354;0.62398948;4;3;2;1;1;1; -1;2;5;1;50;Indemne;2
202300015035;155 653 940;A01;7;0;2;1;15;2;203 815 432;1;1;1;2;1957.0;4;1;-1;-1;15;3;2023;08:00;1;47;47001;2;2;1;3;44.19411354;0.62398948;4;3;2;0;1;1; -1;2;5;1;50;Indemne;2
202300015036;155 653 936;A01;1;0;2;0;1;5;203 815 428;1;1;4;2;1965.0;9;2;0;-1;16;9;2023;18:30;1;75;75113;2;2;1;3;48.827893;2.345647;4;2; -1;-1;1;1; -1;1;0;1;-1;Blessé léger;5
202300015036;155 653 936;A01;1;0;2;0;1;5;203 815 428;1;1;4;2;1965.0;9;2;0;-1;16;9;2023;18:30;1;75;75113;2;2;1;3;48.827893;2.345647;4;2;1;0;1;1; -1;1;0;1;30;Blessé léger;5
202300015036;155 653 939;B01;7;0;2;3;22;2;203 815 431;1;1;1;1;1965.0;4;1;0;-1;16;9;2023;18:30;1;75;75113;2;2;1;3;48.827893;2.345647;4;2; -1;-1;1;1; -1;1;0;1;-1;Indemne;5
202300015036;155 653 939;B01;7;0;2;3;22;2;203 815 431;1;1;1;1;1965.0;4;1;0;-1;16;9;2023;18:30;1;75;75113;2;2;1;3;48.827893;2.345647;4;2;1;0;1;1; -1;1;0;1;30;Indemne;5
202300015042;155 653 927;A01;7;0;2;1;1;1;203 815 416;1;1;1;2;1980.0;0;1;-1;-1;15;3;2023;20:00;5;35;35238;2;3;1;3;48.11362;-1.68723;4;1;1;1;1;1; -1;1;0;5;50;Indemne;2
202300015042;155 653 927;A01;7;0;2;1;1;1;203 815 416;1;1;1;2;1980.0;0;1;-1;-1;15;3;2023;20:00;5;35;35238;2;3;1;3;48.11362;-1.68723;4;2;2;0;1;1; -1;1;6;6;20;Indemne;2
202300015042;155 653 931;B01;1;1;2;8;0;5;203 815 421;1;1;4;2;1978.0;0;2;-1;-1;15;3;2023;20:00;5;35;35238;2;3;1;3;48.11362;-1.68723;4;1;1;1;1;1; -1;1;0;5;50;Blessé léger;2
202300015042;155 653 931;B01;1;1;2;8;0;5;203 815 421;1;1;4;2;1978.0;0;2;-1;-1;15;3;2023;20:00;5;35;35238;2;3;1;3;48.11362;-1.68723;4;2;2;0;1;1; -1;1;6;6;20;Blessé léger;2
202300015045;155 653 923;A01;7;0;2;3;16;1;203 815 409;1;1;1;1;1999.0;0;1;-1;-1;15;3;2023;18:15;1;35;35238;2;7;1;3;48.10993;-1.68384;4;-1; -1;0;1;1; -1;1;0;1;20;Indemne;2
202300015045;155 653 923;A01;7;0;2;3;16;1;203 815 409;1;1;1;1;1999.0;0;1;-1;-1;15;3;2023;18:15;1;35;35238;2;7;1;3;48.10993;-1.68384;4;2;0;3;1;1; -1;1;0;6;20;Indemne;2
202300015045;155 653 924;B01;1;0;2;1;15;5;203 815 411;1;1;4;1;1976.0;0;8;-1;-1;15;3;2023;18:15;1;35;35238;2;7;1;3;48.10993;-1.68384;4;-1; -1;0;1;1; -1;1;0;1;20;Blessé léger;2
202300015045;155 653 924;B01;1;0;2;1;15;5;203 815 411;1;1;4;1;1976.0;0;8;-1;-1;15;3;2023;18:15;1;35;35238;2;7;1;3;48.10993;-1.68384;4;2;0;3;1;1; -1;1;0;6;20;Blessé léger;2
202300015051;155 653 912;A01;1;0;2;1;1;5;203 815 391;1;1;4;1;1999.0;9;8;0;-1;16;9;2023;23:00;3;75;75104;2;3;1;2;48.855327;2.352743;4;1; -1;-1;1;1; -1;1;0;1;30;Blessé léger;5
202300015051;155 653 912;A01;1;0;2;1;1;5;203 815 391;1;1;4;1;1999.0;9;8;0;-1;16;9;2023;23:00;3;75;75104;2;3;1;2;48.855327;2.352743;4;1;2;0;1;1; -1;1;0;1;30;Blessé léger;5
202300015051;155 653 913;B01;7;0;2;4;23;1;203 815 392;2;2;1;1;1996.0;9;1;0;-1;16;9;2023;23:00;3;75;75104;2;3;1;2;48.855327;2.352743;4;1; -1;-1;1;1; -1;1;0;1;30;Indemne;5
202300015051;155 653 913;B01;7;0;2;4;23;1;203 815 392;2;2;1;1;1996.0;9;1;0;-1;16;9;2023;23:00;3;75;75104;2;3;1;2;48.855327;2.352743;4;1;2;0;1;1; -1;1;0;1;30;Indemne;5
202300015051;155 653 913;B01;7;0;2;4;23;1;203 815 395;1;1;1;1;1995.0;9;1;0;-1;16;9;2023;23:00;3;75;75104;2;3;1;2;48.855327;2.352743;4;1; -1;-1;1;1; -1;1;0;1;30;Indemne;5
202300015051;155 653 913;B01;7;0;2;4;23;1;203 815 395;1;1;1;1;1995.0;9;1;0;-1;16;9;2023;23:00;3;75;75104;2;3;1;2;48.855327;2.352743;4;1;2;0;1;1; -1;1;0;1;30;Indemne;5
202300015053;155 653 910;A01;1;0;0;1;1;5;203 815 389;1;1;4;2;1981.0;5;8;0;-1;16;9;2023;21:55;5;75;75103;2;2;1;7;48.859246;2.367645;4;2;4;2;1;1; -1;1;0;1;30;Blessé léger;5
202300015053;155 653 910;A01;1;0;0;1;1;5;203 815 389;1;1;4;2;1981.0;5;8;0;-1;16;9;2023;21:55;5;75;75103;2;2;1;7;48.859246;2.367645;4;1;1;0;1;1; -1;1;0;1;30;Blessé léger;5
202300015055;155 653 907;A01;1;9;0;3;2;5;203 815 386;1;1;4;1;1970.0;1;8;0;-1;16;9;2023;20:25;5;75;75104;2;2;1;6;48.857732;2.350772;4;2;3;1;1;1; -1;1;5;5;30;Blessé léger;5
202300015055;155 653 907;A01;1;9;0;3;2;5;203 815 386;1;1;4;1;1970.0;1;8;0;-1;16;9;2023;20:25;5;75;75104;2;2;1;6;48.857732;2.350772;4;1;2;3;1;1; -1;1;0;1;30;Blessé léger;5
202300015069;155 653 885;A01;7;0;2;5;15;1;203 815 356;1;1;1;2;1990.0;0;1;0;-1;16;9;2023;14:50;1;93;93031;2;3;1;3;48.95103511;2.33939347;3;1;1;0;1;1; -1;1;0;1;-1;Indemne;5
202300015069;155 653 885;A01;7;0;2;5;15;1;203 815 356;1;1;1;2;1990.0;0;1;0;-1;16;9;2023;14:50;1;93;93031;2;3;1;3;48.95103511;2.33939347;3;2;2;1;1;1; -1;1;0;1;50;Indemne;5
202300015069;155 653 886;B01;80;0;2;1;1;3;203 815 358;1;1;4;1;1990.0;0;8;0;-1;16;9;2023;14:50;1;93;93031;2;3;1;3;48.95103511;2.33939347;3;1;1;0;1;1; -1;1;0;1;-1;Blessé léger;5
202300015069;155 653 886;B01;80;0;2;1;1;3;203 815 358;1;1;4;1;1990.0;0;8;0;-1;16;9;2023;14:50;1;93;93031;2;3;1;3;48.95103511;2.33939347;3;2;2;1;1;1; -1;1;0;1;50;Blessé léger;5
202300015111;155 653 816;A01;7;0;2;1;2;1;203 815 259;1;1;1;1;1971.0;3;1;-1;-1;23;12;2023;16:02;1;14;14369;1;1;7;2;49.166395;-0.883327;3;2;2;0;1;1;4;1;0;5;80;Indemne;5
202300015111;155 653 818;B01;1;0;2;4;1;5;203 815 262;1;1;3;1;1956.0;5;4;2;-1;23;12;2023;16:02;1;14;14369;1;1;7;2;49.166395;-0.883327;3;2;2;0;1;1;4;1;0;5;80;Blessé hospitalisé;5
202300015145;155 653 765;A01;1;13;0;1;1;5;203 815 180;1;1;2;1;1951.0;5;2;-1;-1;17;9;2023;10:30;1;03;03044;1;1;1;6;46.055487;3.356162;3;2;2;0;2;3;4;1;0;3;90;Tué;6
202300015147;155 653 762;A01;1;0;0;0;1;5;203 815 177;1;1;3;1;1954.0;5;2;-1;-1;16;9;2023;11:30;1;03;03136;1;6;2;7;46.30751;2.446346;3;2;2;0;2;3;7;2;0;1;90;Blessé hospitalisé;5
202300015148;155 653 760;A01;7;6;9;1;15;1;203 815 174;1;1;4;2;1941.0;5;1;-1;-1;26;12;2023;09:00;1;66;66164;2;1;7;3;42.768151;2.876626;4;-1;2;0;1;1; -1;1;9;1;50;Blessé léger;1
202300015148;155 653 761;B01;1;0;0;8;1;5;203 815 176;1;1;2;1;1937.0;5;0;-1;-1;26;12;2023;09:00;1;66;66164;2;1;7;3;42.768151;2.876626;4;-1;2;0;1;1; -1;1;9;1;50;Tué;1
202300015153;155 653 753;A01;1;14;1;1;1;5;203 815 163;1;1;3;1;1979.0;0;2;-1;-1;14;9;2023;17:40;2;36;36248;2;1;1;6;46.819999;1.924337;3;2;2;0;1;1;5,5;1;0;1;50;Blessé hospitalisé;3
202300015153;155 653 753;A01;1;14;1;1;1;5;203 815 165;10;3;1;1;1990.0;4;4;-1;-1;14;9;2023;17:40;2;36;36248;2;1;1;6;46.819999;1.924337;3;2;2;0;1;1;5,5;1;0;1;50;Indemne;3
202300015166;155 653 728;A01;3;0;9;8;1;0;203 815 130;1;1;1;1;1980.0;0;1;-1;-1;16;9;2023;15:00;1;08;08071;1;1;1;6;49.81168667;4.46076157;3;2;1;0;1;4;3;1;0;1;80;Indemne;5
202300015166;155 653 729;B01;1;0;2;8;1;5;203 815 131;1;1;3;1;2005.0;5;2;-1;-1;16;9;2023;15:00;1;08;08071;1;1;1;6;49.81168667;4.46076157;3;2;1;0;1;4;3;1;0;1;80;Blessé hospitalisé;5
202300015166;155 653 731;C01;1;0;2;8;1;5;203 815 133;1;1;4;1;1991.0;5;2;-1;-1;16;9;2023;15:00;1;08;08071;1;1;1;6;49.81168667;4.46076157;3;2;1;0;1;4;3;1;0;1;80;Blessé léger;5
202300015177;155 653 708;A01;1;0;2;1;1;5;203 815 103;1;1;4;1;1978.0;5;2;-1;-1;16;9;2023;12:50;1;33;33199;2;3;1;3;44.625282;-1.05531;3;2;2;1;1;1;4;1;0;1;50;Blessé léger;5
202300015177;155 653 708;A01;1;0;2;1;1;5;203 815 103;1;1;4;1;1978.0;5;2;-1;-1;16;9;2023;12:50;1;33;33199;2;3;1;3;44.625282;-1.05531;3;2;2;-1;1;1; -1;1;0;1;50;Blessé léger;5
202300015177;155 653 709;B01;7;0;2;7;15;1;203 815 104;1;1;1;1;2002.0;5;1;-1;-1;16;9;2023;12:50;1;33;33199;2;3;1;3;44.625282;-1.05531;3;2;2;1;1;1;4;1;0;1;50;Indemne;5
202300015177;155 653 709;B01;7;0;2;7;15;1;203 815 104;1;1;1;1;2002.0;5;1;-1;-1;16;9;2023;12:50;1;33;33199;2;3;1;3;44.625282;-1.05531;3;2;2;-1;1;1; -1;1;0;1;50;Indemne;5
202300015190;155 653 685;A01;7;0;2;3;2;1;203 815 071;1;1;1;1;1989.0;5;8;-1;-1;17;9;2023;09:30;1;01;01403;1;1;1;2;45.817001;5.449262;3;2;2;0;1;1;5,5;1;0;1;80;Indemne;6
202300015190;155 653 686;B01;80;0;0;4;1;3;203 815 072;1;1;4;2;1950.0;5;2;-1;-1;17;9;2023;09:30;1;01;01403;1;1;1;2;45.817001;5.449262;3;2;2;0;1;1;5,5;1;0;1;80;Blessé léger;6
202300015204;155 653 662;A01;7;0;2;2;1;1;203 815 032;1;1;1;1;2004.0;5;1;-1;-1;17;9;2023;02:30;3;62;62684;2;1;1;2;50.696806;2.355632;4;2;2;0;1;1; -1;1;0;1;50;Indemne;6
202300015204;155 653 664;B01;1;0;0;4;1;5;203 815 035;1;1;3;1;1985.0;5;0;-1;-1;17;9;2023;02:30;3;62;62684;2;1;1;2;50.696806;2.355632;4;2;2;0;1;1; -1;1;0;1;50;Blessé hospitalisé;6
202300015219;155 653 638;B01;1;0;2;1;2;5;203 814 995;1;1;3;1;2005.0;5;8;0;-1;10;6;2023;14:00;1;75;75118;2;1;1;2;48.886026;2.349542;4;2;4;1;1;1; -1;1;0;1;30;Blessé hospitalisé;5
202300015219;155 653 640;A01;1;0;2;4;2;5;203 814 996;1;1;1;2;1975.0;9;8;0;-1;10;6;2023;14:00;1;75;75118;2;1;1;2;48.886026;2.349542;4;2;4;1;1;1; -1;1;0;1;30;Indemne;5
202300015230;155 653 621;A01;1;0;1;1;1;5;203 814 968;1;1;1;2;1989.0;3;8;0;-1;10;6;2023;12:00;1;75;75110;2;1;1;6;48.869848;2.366828;4;1;1;1;1;1; -1;1;0;5;30;Indemne;5
202300015230;155 653 621;A01;1;0;1;1;1;5;203 814 969;10;3;4;1;1946.0;5;0;-1;-1;10;6;2023;12:00;1;75;75110;2;1;1;6;48.869848;2.366828;4;1;1;1;1;1; -1;1;0;5;30;Blessé léger;5
202300015232;155 653 618;A01;1;0;2;1;2;5;203 814 965;1;1;4;1;1969.0;5;2;8;-1;10;6;2023;11:00;1;75;75116;2;1;1;2;48.864088;2.235287;4;1;2;1;1;3; -1;1;0;5;30;Blessé léger;5
202300015232;155 653 619;B01;1;0;0;4;2;5;203 814 966;1;1;4;1;2014.0;5;2;8;-1;10;6;2023;11:00;1;75;75116;2;1;1;2;48.864088;2.235287;4;1;2;1;1;3; -1;1;0;5;30;Blessé léger;5
202300015255;155 653 576;A01;1;0;1;1;1;5;203 814 908;10;3;4;2;2013.0;2;0;-1;-1;3;2;2023;15:15;1;75;75120;2;3;1;6;48.867948;2.386604;4;1; -1;-1;1;1; -1;1;0;1;-1;Blessé léger;4
202300015255;155 653 576;A01;1;0;1;1;1;5;203 814 908;10;3;4;2;2013.0;2;0;-1;-1;3;2;2023;15:15;1;75;75120;2;3;1;6;48.867948;2.386604;4;2;2;3;2;1; -1;1;0;1;30;Blessé léger;4
202300015255;155 653 576;A01;1;0;1;1;1;5;203 814 909;1;1;1;1;1974.0;3;8;8;-1;3;2;2023;15:15;1;75;75120;2;3;1;6;48.867948;2.386604;4;1; -1;-1;1;1; -1;1;0;1;-1;Indemne;4
202300015255;155 653 576;A01;1;0;1;1;1;5;203 814 909;1;1;1;1;1974.0;3;8;8;-1;3;2;2023;15:15;1;75;75120;2;3;1;6;48.867948;2.386604;4;2;2;3;2;1; -1;1;0;1;30;Indemne;4
202300015258;155 653 571;B01;80;0;2;8;1;3;203 814 901;1;1;4;1;1962.0;9;2;0;-1;3;2;2023;10:08;1;75;75117;2;2;1;3;48.890046;2.30386;4;2;4;3;1;1; -1;1;0;1;30;Blessé léger;4
202300015258;155 653 571;B01;80;0;2;8;1;3;203 814 901;1;1;4;1;1962.0;9;2;0;-1;3;2;2023;10:08;1;75;75117;2;2;1;3;48.890046;2.30386;4;-1;2;0;1;1; -1;1;0;1;30;Blessé léger;4
202300015258;155 653 572;A01;7;0;2;1;1;1;203 814 902;1;1;1;2;1982.0;9;1;0;-1;3;2;2023;10:08;1;75;75117;2;2;1;3;48.890046;2.30386;4;2;4;3;1;1; -1;1;0;1;30;Indemne;4
202300015258;155 653 572;A01;7;0;2;1;1;1;203 814 902;1;1;1;2;1982.0;9;1;0;-1;3;2;2023;10:08;1;75;75117;2;2;1;3;48.890046;2.30386;4;-1;2;0;1;1; -1;1;0;1;30;Indemne;4
202300015262;155 653 564;A01;80;0;2;1;1;3;203 814 893;1;1;4;2;1979.0;9;2;8;-1;3;2;2023;16:48;1;75;75111;2;1;1;3;48.851553;2.390558;4;1;0;1;1;1; -1;1;-1;5;30;Blessé léger;4
202300015262;155 653 565;B01;7;0;2;3;15;1;203 814 894;1;1;1;1;1982.0;9;1;8;-1;3;2;2023;16:48;1;75;75111;2;1;1;3;48.851553;2.390558;4;1;0;1;1;1; -1;1;-1;5;30;Indemne;4
202300015264;155 653 561;A01;1;4;0;8;15;5;203 814 890;1;1;4;1;1970.0;1;2;8;-1;3;2;2023;18:50;5;75;75104;2;3;1;6;48.855496;2.360087;4;2;2;1;1;1; -1;1;-1;5;30;Blessé léger;4
202300015264;155 653 561;A01;1;4;0;8;15;5;203 814 890;1;1;4;1;1970.0;1;2;8;-1;3;2;2023;18:50;5;75;75104;2;3;1;6;48.855496;2.360087;4;1;1;0;1;1; -1;1;-1;6;30;Blessé léger;4
202300015279;155 653 536;B01;1;0;2;5;19;5;203 814 859;1;1;4;1;1980.0;1;8;0;-1;3;2;2023;21:05;5;92;92040;2;2;1;3;48.83156;2.2672;3;2;2;0;1;1; -1;1;0;1;50;Blessé léger;4
202300015279;155 653 536;B01;1;0;2;5;19;5;203 814 859;1;1;4;1;1980.0;1;8;0;-1;3;2;2023;21:05;5;92;92040;2;2;1;3;48.83156;2.2672;3;2;2;0;1;1; -1;1;0;1;50;Blessé léger;4
202300015279;155 653 537;A01;32;0;9;1;19;0;203 814 860;1;1;1;1;1977.0;1;2;8;-1;3;2;2023;21:05;5;92;92040;2;2;1;3;48.83156;2.2672;3;2;2;0;1;1; -1;1;0;1;50;Indemne;4
202300015279;155 653 537;A01;32;0;9;1;19;0;203 814 860;1;1;1;1;1977.0;1;2;8;-1;3;2;2023;21:05;5;92;92040;2;2;1;3;48.83156;2.2672;3;2;2;0;1;1; -1;1;0;1;50;Indemne;4
202300015282;155 653 531;B01;1;0;2;0;1;5;203 814 852;1;1;4;2;1979.0;1;2;0;-1;3;2;2023;08:45;1;92;92024;2;1;2;7;48.91108459;2.31004313;4;1;1;0;1;1; -1;2;0;1;30;Blessé léger;4
202300015294;155 653 509;B01;1;12;0;8;1;5;203 814 821;1;1;4;1;2010.0;9;0;-1;-1;3;2;2023;16:40;1;58;58086;2;1;8;3;47.418839;2.932309;3;2;2;0;1;1; -1;1;0;1;50;Blessé léger;4
202300015299;155 653 502;A01;7;0;9;1;9;1;203 814 813;1;1;1;2;1945.0;0;1;-1;-1;2;2;2023;16:20;1;63;63050;2;6;1;3;45.408834;3.326948;3;1;1;0;1;2; -1;1;0;1;50;Indemne;3
202300015299;155 653 502;A01;7;0;9;1;9;1;203 814 813;1;1;1;2;1945.0;0;1;-1;-1;2;2;2023;16:20;1;63;63050;2;6;1;3;45.408834;3.326948;3;2;2;-1;1;1; -1;1;0;1;-1;Indemne;3
202300015299;155 653 503;B01;1;0;0;7;1;5;203 814 814;1;1;3;1;1953.0;5;2;-1;-1;2;2;2023;16:20;1;63;63050;2;6;1;3;45.408834;3.326948;3;1;1;0;1;2; -1;1;0;1;50;Blessé hospitalisé;3
202300015299;155 653 503;B01;1;0;0;7;1;5;203 814 814;1;1;3;1;1953.0;5;2;-1;-1;2;2;2023;16:20;1;63;63050;2;6;1;3;45.408834;3.326948;3;2;2;-1;1;1; -1;1;0;1;-1;Blessé hospitalisé;3
202300015312;155 653 480;B01;1;0;2;1;1;5;203 814 774;1;1;4;1;2008.0;2;0;-1;-1;31;1;2023;17:15;1;85;85047;2;9;1;6;46.854459;-1.895765;4;2;2;2;1;1; -1;1;0;5;50;Blessé léger;1
202300015312;155 653 481;A01;7;0;9;7;16;0;203 814 775;1;1;1;1;1956.0;5;1;-1;-1;31;1;2023;17:15;1;85;85047;2;9;1;6;46.854459;-1.895765;4;2;2;2;1;1; -1;1;0;5;50;Indemne;1
202300015333;155 653 442;A01;7;0;2;3;2;1;203 814 724;2;2;1;1;2011.0;5;1;-1;-1;4;2;2023;11:20;1;27;27070;1;1;1;2;49.303468;1.497746;3;2;2;0;1;1; -1;1;0;1;80;Indemne;5
202300015333;155 653 442;A01;7;0;2;3;2;1;203 814 725;1;1;1;1;2004.0;5;1;-1;-1;4;2;2023;11:20;1;27;27070;1;1;1;2;49.303468;1.497746;3;2;2;0;1;1; -1;1;0;1;80;Indemne;5
202300015333;155 653 443;B01;1;0;2;5;2;5;203 814 726;1;1;2;1;1954.0;5;2;-1;-1;4;2;2023;11:20;1;27;27070;1;1;1;2;49.303468;1.497746;3;2;2;0;1;1; -1;1;0;1;80;Tué;5
202300015348;155 653 406;A01;1;0;2;3;0;5;203 814 676;1;1;4;1;1982.0;1;2;-1;-1;2;2;2023;17:50;1;69;69387;2;1;1;6;45.72777;4.83158;4;2;2;2;1;1; -1;1;0;1;50;Blessé léger;3
202300015348;155 653 407;B01;60;0;2;1;0;5;203 814 677;1;1;4;2;1989.0;0;2;-1;-1;2;2;2023;17:50;1;69;69387;2;1;1;6;45.72777;4.83158;4;2;2;2;1;1; -1;1;0;1;50;Blessé léger;3
202300015355;155 653 394;A01;32;0;2;1;1;1;203 814 661;1;1;1;2;1991.0;1;2;6;-1;1;2;2023;08:35;1;69;69381;2;3;1;3;45.76811;4.8321;4;1;1;2;1;1; -1;1;0;1;30;Indemne;2
202300015355;155 653 394;A01;32;0;2;1;1;1;203 814 661;1;1;1;2;1991.0;1;2;6;-1;1;2;2023;08:35;1;69;69381;2;3;1;3;45.76811;4.8321;4;2;2;0;1;1; -1;1;0;1;30;Indemne;2
202300015355;155 653 395;B01;80;0;2;7;15;3;203 814 662;1;1;3;1;1960.0;1;0;-1;-1;1;2;2023;08:35;1;69;69381;2;3;1;3;45.76811;4.8321;4;1;1;2;1;1; -1;1;0;1;30;Blessé hospitalisé;2
202300015355;155 653 395;B01;80;0;2;7;15;3;203 814 662;1;1;3;1;1960.0;1;0;-1;-1;1;2;2023;08:35;1;69;69381;2;3;1;3;45.76811;4.8321;4;2;2;0;1;1; -1;1;0;1;30;Blessé hospitalisé;2
202300015390;155 653 324;B01;7;0;2;3;9;1;203 814 569;1;1;1;1;1967.0;1;1;0;-1;1;2;2023;08:54;1;49;49007;2;3;1;3;47.46716;-0.54942;4;1;2;2;1;1; -1;1;0;5;30;Indemne;2
202300015390;155 653 324;B01;7;0;2;3;9;1;203 814 569;1;1;1;1;1967.0;1;1;0;-1;1;2;2023;08:54;1;49;49007;2;3;1;3;47.46716;-0.54942;4;1;1;0;1;1; -1;1;0;5;30;Indemne;2
202300015390;155 653 325;A01;1;0;2;2;1;5;203 814 570;1;1;4;1;1986.0;1;2;0;-1;1;2;2023;08:54;1;49;49007;2;3;1;3;47.46716;-0.54942;4;1;2;2;1;1; -1;1;0;5;30;Blessé léger;2
202300015390;155 653 325;A01;1;0;2;2;1;5;203 814 570;1;1;4;1;1986.0;1;2;0;-1;1;2;2023;08:54;1;49;49007;2;3;1;3;47.46716;-0.54942;4;1;1;0;1;1; -1;1;0;5;30;Blessé léger;2