Num_Acc;id_vehicule;num_veh;catv;obs;obsm;choc;manv;motor;id_usager;place;catu;grav;sexe;an_nais;trajet;secu1;secu2;secu3;jour;mois;an;hrmn;lum;dep;com;agg;int;atm;col;lat;long;catr;circ;nbv;vosp;prof;plan;larrout;surf;infra;situ;vma;gravity;day_of_week
202300015433;155 653 247;A01;7;0;2;2;1;1;203 814 470;1;1;1;2;1948.0;5;1;-1;-1;2;2;2023;09:45;1;06;06123;2;4;1;3;43.6566;7.17968;4;1;1;0;1;1; -1;1;0;1;50;Indemne;3
202300015433;155 653 247;A01;7;0;2;2;1;1;203 814 470;1;1;1;2;1948.0;5;1;-1;-1;2;2;2023;09:45;1;06;06123;2;4;1;3;43.6566;7.17968;4;2;2;1;1;2; -1;1;0;1;20;Indemne;3
202300015433;155 653 250;B01;1;0;2;6;19;5;203 814 473;1;1;3;1;1956.0;0;2;0;-1;2;2;2023;09:45;1;06;06123;2;4;1;3;43.6566;7.17968;4;1;1;0;1;1; -1;1;0;1;50;Blessé hospitalisé;3
202300015433;155 653 250;B01;1;0;2;6;19;5;203 814 473;1;1;3;1;1956.0;0;2;0;-1;2;2;2023;09:45;1;06;06123;2;4;1;3;43.6566;7.17968;4;2;2;1;1;2; -1;1;0;1;20;Blessé hospitalisé;3
202300015442;155 653 229;B01;80;0;2;8;1;3;203 814 449;1;1;4;2;1959.0;5;8;0;-1;2;2;2023;12:00;1;75;75119;2;2;1;3;48.898299;2.386144;4;1;1;0;1;3; -1;1;-1;5;30;Blessé léger;3
202300015442;155 653 229;B01;80;0;2;8;1;3;203 814 449;1;1;4;2;1959.0;5;8;0;-1;2;2;2023;12:00;1;75;75119;2;2;1;3;48.898299;2.386144;4;2; -1;-1;1;1; -1;1;-1;5;-1;Blessé léger;3
202300015442;155 653 231;A01;7;0;2;1;16;1;203 814 450;1;1;1;1;1983.0;9;1;0;-1;2;2;2023;12:00;1;75;75119;2;2;1;3;48.898299;2.386144;4;1;1;0;1;3; -1;1;-1;5;30;Indemne;3
202300015442;155 653 231;A01;7;0;2;1;16;1;203 814 450;1;1;1;1;1983.0;9;1;0;-1;2;2;2023;12:00;1;75;75119;2;2;1;3;48.898299;2.386144;4;2; -1;-1;1;1; -1;1;-1;5;-1;Indemne;3
202300015474;155 653 172;A01;1;1;0;1;15;5;203 814 373;1;1;4;1;2007.0;0;8;0;-1;17;10;2023;17:50;1;974;97411;2;1;1;6;-20.91399;55.47749;4;2;2;0;2;2; -1;1;0;8;50;Blessé léger;1
202300015497;155 653 126;B01;7;0;9;1;1;1;203 814 317;1;1;1;1;1978.0;0;1;0;-1;13;10;2023;18:37;2;80;80021;2;1;1;1;49.89043;2.30627;4;3;2;0;1;1; -1;1;0;5;50;Indemne;4
202300015497;155 653 127;A01;1;0;2;1;19;5;203 814 318;1;1;4;1;2001.0;0;8;0;-1;13;10;2023;18:37;2;80;80021;2;1;1;1;49.89043;2.30627;4;3;2;0;1;1; -1;1;0;5;50;Blessé léger;4
202300015505;155 653 109;A01;1;0;2;1;1;5;203 814 297;1;1;4;1;2009.0;0;8;0;-1;16;10;2023;16:15;1;76;76351;2;2;1;3;49.492517;0.148463;4;2;4;2;1;1; -1;1;0;1;50;Blessé léger;0
202300015505;155 653 109;A01;1;0;2;1;1;5;203 814 297;1;1;4;1;2009.0;0;8;0;-1;16;10;2023;16:15;1;76;76351;2;2;1;3;49.492517;0.148463;4;2;5;2;1;1; -1;1;0;1;50;Blessé léger;0
202300015505;155 653 110;B01;7;0;2;3;1;1;203 814 298;1;1;1;1;1956.0;0;1;-1;-1;16;10;2023;16:15;1;76;76351;2;2;1;3;49.492517;0.148463;4;2;4;2;1;1; -1;1;0;1;50;Indemne;0
202300015505;155 653 110;B01;7;0;2;3;1;1;203 814 298;1;1;1;1;1956.0;0;1;-1;-1;16;10;2023;16:15;1;76;76351;2;2;1;3;49.492517;0.148463;4;2;5;2;1;1; -1;1;0;1;50;Indemne;0
202300015515;155 653 093;A01;7;0;2;1;9;1;203 814 276;1;1;1;1;1965.0;5;1;0;-1;16;10;2023;08:40;1;66;66136;2;6;1;3;42.69246;2.87966;4;1;1;1;1;2; -1;1;0;1;50;Indemne;0
202300015515;155 653 093;A01;7;0;2;1;9;1;203 814 276;1;1;1;1;1965.0;5;1;0;-1;16;10;2023;08:40;1;66;66136;2;6;1;3;42.69246;2.87966;4;2;2;0;1;1; -1;1;0;1;50;Indemne;0
202300015515;155 653 094;B01;80;0;2;1;1;3;203 814 277;1;1;4;2;1980.0;5;4;-1;-1;16;10;2023;08:40;1;66;66136;2;6;1;3;42.69246;2.87966;4;1;1;1;1;2; -1;1;0;1;50;Blessé léger;0
202300015515;155 653 094;B01;80;0;2;1;1;3;203 814 277;1;1;4;2;1980.0;5;4;-1;-1;16;10;2023;08:40;1;66;66136;2;6;1;3;42.69246;2.87966;4;2;2;0;1;1; -1;1;0;1;50;Blessé léger;0
202300015518;155 653 088;B01;80;0;2;7;2;3;203 814 270;1;1;3;2;1962.0;5;2;8;-1;16;10;2023;13:40;1;64;64335;2;6;1;3;43.32305;-0.42058;4;1;2;0;1;2; -1;1;5;8;50;Blessé hospitalisé;0
202300015518;155 653 088;B01;80;0;2;7;2;3;203 814 270;1;1;3;2;1962.0;5;2;8;-1;16;10;2023;13:40;1;64;64335;2;6;1;3;43.32305;-0.42058;4;2;4;0;1;3; -1;1;9;1;50;Blessé hospitalisé;0
202300015518;155 653 089;A01;7;0;2;3;2;1;203 814 271;1;1;1;1;1950.0;5;1;8;-1;16;10;2023;13:40;1;64;64335;2;6;1;3;43.32305;-0.42058;4;1;2;0;1;2; -1;1;5;8;50;Indemne;0
202300015518;155 653 089;A01;7;0;2;3;2;1;203 814 271;1;1;1;1;1950.0;5;1;8;-1;16;10;2023;13:40;1;64;64335;2;6;1;3;43.32305;-0.42058;4;2;4;0;1;3; -1;1;9;1;50;Indemne;0
202300015520;155 653 084;A01;7;0;2;1;1;1;203 814 265;1;1;1;1;1942.0;9;1;0;-1;17;10;2023;11:00;1;64;64102;2;6;1;3;43.49367;-1.49162;4;1;2;0;1;2; -1;1;0;1;50;Indemne;1
202300015520;155 653 085;B01;1;0;2;1;1;5;203 814 266;1;1;4;1;1946.0;9;2;0;-1;17;10;2023;11:00;1;64;64102;2;6;1;3;43.49367;-1.49162;4;1;2;0;1;2; -1;1;0;1;50;Blessé léger;1
202300015523;155 653 078;B01;7;0;2;7;16;1;203 814 259;1;1;1;1;1977.0;0;1;0;-1;16;10;2023;17:28;1;64;64024;2;3;1;3;43.48031;-1.52622;4;2;2;0;1;1; -1;1;0;5;50;Indemne;0
202300015523;155 653 078;B01;7;0;2;7;16;1;203 814 259;1;1;1;1;1977.0;0;1;0;-1;16;10;2023;17:28;1;64;64024;2;3;1;3;43.48031;-1.52622;4;2;2;0;1;1; -1;1;0;1;50;Indemne;0
202300015523;155 653 079;A01;1;0;2;8;1;5;203 814 260;1;1;4;2;1958.0;0;2;0;-1;16;10;2023;17:28;1;64;64024;2;3;1;3;43.48031;-1.52622;4;2;2;0;1;1; -1;1;0;5;50;Blessé léger;0
202300015523;155 653 079;A01;1;0;2;8;1;5;203 814 260;1;1;4;2;1958.0;0;2;0;-1;16;10;2023;17:28;1;64;64024;2;3;1;3;43.48031;-1.52622;4;2;2;0;1;1; -1;1;0;1;50;Blessé léger;0
202300015531;155 653 066;A01;7;0;2;2;1;0;203 814 238;1;1;1;1;1975.0;0;1;0;-1;6;10;2023;15:55;1;55;55545;2;1;1;7;49.1482;5.40209;4;2;2;0;1;1; -1;1;6;1;50;Indemne;4
202300015531;155 653 067;B01;1;0;2;3;19;5;203 814 239;1;1;4;1;2006.0;2;8;0;-1;6;10;2023;15:55;1;55;55545;2;1;1;7;49.1482;5.40209;4;2;2;0;1;1; -1;1;6;1;50;Blessé léger;4
202300015543;155 653 044;B01;1;0;2;7;14;5;203 814 211;1;1;4;1;1957.0;1;8;0;-1;16;10;2023;17:15;1;32;32013;2;1;1;3;43.6292;0.57999;2;2;2;0;1;1;5,5;1;0;1;50;Blessé léger;0
202300015543;155 653 045;A01;7;0;2;8;1;1;203 814 212;1;1;1;1;1993.0;5;1;0;-1;16;10;2023;17:15;1;32;32013;2;1;1;3;43.6292;0.57999;2;2;2;0;1;1;5,5;1;0;1;50;Indemne;0
202300015552;155 653 024;A01;7;0;2;3;15;1;203 814 179;1;1;1;2;1980.0;5;1;0;-1;10;10;2023;09:40;1;15;15014;2;2;1;1;44.91334;2.43317;2;3;4;0;1;1; -1;1;5;1;50;Indemne;1
202300015552;155 653 024;A01;7;0;2;3;15;1;203 814 179;1;1;1;2;1980.0;5;1;0;-1;10;10;2023;09:40;1;15;15014;2;2;1;1;44.91334;2.43317;2;-1;2;0;1;1; -1;1;5;1;50;Indemne;1
202300015552;155 653 025;B01;1;0;2;1;1;5;203 814 180;1;1;4;1;1997.0;0;2;0;-1;10;10;2023;09:40;1;15;15014;2;2;1;1;44.91334;2.43317;2;3;4;0;1;1; -1;1;5;1;50;Blessé léger;1
202300015552;155 653 025;B01;1;0;2;1;1;5;203 814 180;1;1;4;1;1997.0;0;2;0;-1;10;10;2023;09:40;1;15;15014;2;2;1;1;44.91334;2.43317;2;-1;2;0;1;1; -1;1;5;1;50;Blessé léger;1
202300015566;155 652 999;A01;1;0;1;1;1;5;203 814 143;10;3;4;2;1947.0;5;8;8;-1;17;10;2023;15:25;1;75;75105;2;3;1;6;48.838494;2.357064;4;2; -1;-1;1;1; -1;1;0;1;30;Blessé léger;1
202300015566;155 652 999;A01;1;0;1;1;1;5;203 814 143;10;3;4;2;1947.0;5;8;8;-1;17;10;2023;15:25;1;75;75105;2;3;1;6;48.838494;2.357064;4;1;1;0;1;1; -1;1;0;1;30;Blessé léger;1
202300015566;155 652 999;A01;1;0;1;1;1;5;203 814 144;1;1;1;2;2005.0;5;8;0;-1;17;10;2023;15:25;1;75;75105;2;3;1;6;48.838494;2.357064;4;2; -1;-1;1;1; -1;1;0;1;30;Indemne;1
202300015566;155 652 999;A01;1;0;1;1;1;5;203 814 144;1;1;1;2;2005.0;5;8;0;-1;17;10;2023;15:25;1;75;75105;2;3;1;6;48.838494;2.357064;4;1;1;0;1;1; -1;1;0;1;30;Indemne;1
202300015569;155 652 994;B01;7;0;2;3;1;1;203 814 136;1;1;1;1;1974.0;9;1;0;-1;17;10;2023;22:05;5;75;75117;2;3;1;3;48.88811;2.32103;4;1;1;0;1;1; -1;1;0;1;30;Indemne;1
202300015569;155 652 994;B01;7;0;2;3;1;1;203 814 136;1;1;1;1;1974.0;9;1;0;-1;17;10;2023;22:05;5;75;75117;2;3;1;3;48.88811;2.32103;4;1;1;0;1;1; -1;1;0;1;30;Indemne;1
202300015569;155 652 995;A01;1;0;2;7;1;5;203 814 137;1;1;4;1;2000.0;5;8;0;-1;17;10;2023;22:05;5;75;75117;2;3;1;3;48.88811;2.32103;4;1;1;0;1;1; -1;1;0;1;30;Blessé léger;1
202300015569;155 652 995;A01;1;0;2;7;1;5;203 814 137;1;1;4;1;2000.0;5;8;0;-1;17;10;2023;22:05;5;75;75117;2;3;1;3;48.88811;2.32103;4;1;1;0;1;1; -1;1;0;1;30;Blessé léger;1
202300015570;155 652 992;A01;7;0;2;7;22;1;203 814 133;1;1;1;1;1947.0;5;8;0;-1;16;10;2023;17:00;1;75;75116;2;1;1;3;48.841871;2.262435;4;1;1;1;1;1; -1;1;0;5;30;Indemne;0
202300015570;155 652 992;A01;7;0;2;7;22;1;203 814 134;2;2;1;2;1947.0;5;8;0;-1;16;10;2023;17:00;1;75;75116;2;1;1;3;48.841871;2.262435;4;1;1;1;1;1; -1;1;0;5;30;Indemne;0
202300015570;155 652 993;B01;1;0;2;1;1;5;203 814 135;1;1;4;1;1968.0;1;2;0;-1;16;10;2023;17:00;1;75;75116;2;1;1;3;48.841871;2.262435;4;1;1;1;1;1; -1;1;0;5;30;Blessé léger;0
202300015572;155 652 987;C01;7;0;2;8;1;1;203 814 128;1;1;1;1;1954.0;5;1;0;-1;17;10;2023;19:30;5;75;75113;2;2;1;5;48.821561;2.372528;4;2;4;2;1;1; -1;1;5;1;30;Indemne;1
202300015572;155 652 987;C01;7;0;2;8;1;1;203 814 128;1;1;1;1;1954.0;5;1;0;-1;17;10;2023;19:30;5;75;75113;2;2;1;5;48.821561;2.372528;4;2;2;2;1;1; -1;1;5;1;30;Indemne;1
202300015572;155 652 988;B01;7;0;2;3;1;1;203 814 129;1;1;1;1;1971.0;5;1;0;-1;17;10;2023;19:30;5;75;75113;2;2;1;5;48.821561;2.372528;4;2;4;2;1;1; -1;1;5;1;30;Indemne;1
202300015572;155 652 988;B01;7;0;2;3;1;1;203 814 129;1;1;1;1;1971.0;5;1;0;-1;17;10;2023;19:30;5;75;75113;2;2;1;5;48.821561;2.372528;4;2;2;2;1;1; -1;1;5;1;30;Indemne;1
202300015572;155 652 989;A01;1;0;2;3;21;5;203 814 130;1;1;4;1;1999.0;5;8;0;-1;17;10;2023;19:30;5;75;75113;2;2;1;5;48.821561;2.372528;4;2;4;2;1;1; -1;1;5;1;30;Blessé léger;1
202300015572;155 652 989;A01;1;0;2;3;21;5;203 814 130;1;1;4;1;1999.0;5;8;0;-1;17;10;2023;19:30;5;75;75113;2;2;1;5;48.821561;2.372528;4;2;2;2;1;1; -1;1;5;1;30;Blessé léger;1
202300015573;155 652 985;B01;1;0;2;8;13;5;203 814 126;1;1;4;1;1989.0;9;8;0;-1;17;10;2023;22:40;5;75;75112;2;1;1;3;48.831754;2.388339;4;1;2;0;1;1; -1;1;0;1;30;Blessé léger;1
202300015573;155 652 986;A01;7;0;2;2;23;3;203 814 127;1;1;1;1;1975.0;9;1;8;-1;17;10;2023;22:40;5;75;75112;2;1;1;3;48.831754;2.388339;4;1;2;0;1;1; -1;1;0;1;30;Indemne;1
202300015575;155 652 981;A01;7;0;0;3;22;1;203 814 122;1;1;1;1;1962.0;9;8;0;-1;17;10;2023;16:15;1;75;75111;2;2;1;3;48.85364;2.39322;4;1; -1;-1;1;1; -1;1;0;1;30;Indemne;1
202300015575;155 652 981;A01;7;0;0;3;22;1;203 814 122;1;1;1;1;1962.0;9;8;0;-1;17;10;2023;16:15;1;75;75111;2;2;1;3;48.85364;2.39322;4;1;1;0;2;1; -1;1;0;1;30;Indemne;1
202300015575;155 652 982;B01;1;1;0;1;1;5;203 814 123;1;1;4;2;1982.0;9;8;0;-1;17;10;2023;16:15;1;75;75111;2;2;1;3;48.85364;2.39322;4;1; -1;-1;1;1; -1;1;0;1;30;Blessé léger;1
202300015575;155 652 982;B01;1;1;0;1;1;5;203 814 123;1;1;4;2;1982.0;9;8;0;-1;17;10;2023;16:15;1;75;75111;2;2;1;3;48.85364;2.39322;4;1;1;0;2;1; -1;1;0;1;30;Blessé léger;1
202300015584;155 652 965;A01;1;0;9;1;2;5;203 814 103;1;1;1;1;1983.0;0;8;0;-1;14;10;2023;12:32;1;94;94042;2;1;1;2;48.81903204;2.46788891;3;1;1;1;1;1;3;1;0;5;50;Indemne;5
202300015584;155 652 966;B01;1;0;0;4;2;5;203 814 104;1;1;4;1;1966.0;0;8;0;-1;14;10;2023;12:32;1;94;94042;2;1;1;2;48.81903204;2.46788891;3;1;1;1;1;1;3;1;0;5;50;Blessé léger;5
202300015589;155 652 956;A01;80;0;2;6;1;3;203 814 092;1;1;4;1;1997.0;4;8;0;-1;17;10;2023;20:46;5;93;93031;2;3;1;3;48.94803;2.33853;3;2;2;0;1;1; -1;1;0;1;-1;Blessé léger;1
202300015589;155 652 956;A01;80;0;2;6;1;3;203 814 092;1;1;4;1;1997.0;4;8;0;-1;17;10;2023;20:46;5;93;93031;2;3;1;3;48.94803;2.33853;3;3;4;3;1;1; -1;1;0;1;50;Blessé léger;1
202300015605;155 652 932;A01;1;0;0;0;1;5;203 814 063;1;1;3;1;1947.0;5;2;-1;-1;17;10;2023;15:30;1;46;46177;1;1;1;7;44.866728;1.813002;3;2;2;0;2;1;4;1;0;1;80;Blessé hospitalisé;1
202300015671;155 652 817;A01;1;1;0;1;0;5;203 813 914;1;1;2;1;1948.0;5;2;-1;-1;27;4;2023;13:20;1;36;36018;2;1;1;6;46.635268;1.071982;4;1;1;0;2;1; -1;1;0;1;50;Tué;3
202300015679;155 652 804;A01;7;0;2;7;1;1;203 813 898;1;1;1;1;1951.0;5;1;-1;-1;17;4;2023;14:15;1;30;30245;1;3;1;3;43.857;4.1883;3;2;2;0;1;1;7;1;0;1;-1;Indemne;0
202300015679;155 652 804;A01;7;0;2;7;1;1;203 813 898;1;1;1;1;1951.0;5;1;-1;-1;17;4;2023;14:15;1;30;30245;1;3;1;3;43.857;4.1883;3;2; -1;0;1;1; -1;1;0;1;80;Indemne;0
202300015679;155 652 805;B01;80;0;2;8;15;3;203 813 899;1;1;2;1;1937.0;5;0;-1;-1;17;4;2023;14:15;1;30;30245;1;3;1;3;43.857;4.1883;3;2;2;0;1;1;7;1;0;1;-1;Tué;0
202300015679;155 652 805;B01;80;0;2;8;15;3;203 813 899;1;1;2;1;1937.0;5;0;-1;-1;17;4;2023;14:15;1;30;30245;1;3;1;3;43.857;4.1883;3;2; -1;0;1;1; -1;1;0;1;80;Tué;0
202300015682;155 652 797;B01;15;0;9;8;1;1;203 813 889;1;1;1;1;1982.0;4;1;-1;-1;25;4;2023;17:10;1;31;31028;2;2;1;3;43.216651;0.880634;3;1;1;0;1;1;4;1;0;1;50;Indemne;1
202300015682;155 652 797;B01;15;0;9;8;1;1;203 813 889;1;1;1;1;1982.0;4;1;-1;-1;25;4;2023;17:10;1;31;31028;2;2;1;3;43.216651;0.880634;3;1;1;0;1;1;4;1;0;1;-1;Indemne;1
202300015682;155 652 798;A01;1;0;2;1;19;5;203 813 890;1;1;4;1;2008.0;5;0;-1;-1;25;4;2023;17:10;1;31;31028;2;2;1;3;43.216651;0.880634;3;1;1;0;1;1;4;1;0;1;50;Blessé léger;1
202300015682;155 652 798;A01;1;0;2;1;19;5;203 813 890;1;1;4;1;2008.0;5;0;-1;-1;25;4;2023;17:10;1;31;31028;2;2;1;3;43.216651;0.880634;3;1;1;0;1;1;4;1;0;1;-1;Blessé léger;1
202300015767;155 652 630;A01;7;0;2;2;20;1;203 813 673;1;1;1;1;1965.0;5;8;0;-1;14;4;2023;21:20;5;05;05061;2;1;1;3;44.56303;6.08315;4;3;2;0;1;1; -1;1;0;1;50;Indemne;4
202300015767;155 652 631;B01;1;0;2;2;1;5;203 813 674;1;1;4;1;1977.0;5;8;0;-1;14;4;2023;21:20;5;05;05061;2;1;1;3;44.56303;6.08315;4;3;2;0;1;1; -1;1;0;1;50;Blessé léger;4
202300015775;155 652 616;B01;1;0;2;5;0;5;203 813 654;1;1;4;1;2005.0;5;8;-1;-1;28;1;2023;19:30;3;74;74010;1;4;1;3;45.963076;6.08031;4;2;2;0;2;2;4;1;0;1;80;Blessé léger;5
202300015775;155 652 616;B01;1;0;2;5;0;5;203 813 654;1;1;4;1;2005.0;5;8;-1;-1;28;1;2023;19:30;3;74;74010;1;4;1;3;45.963076;6.08031;4;2; -1;-1;2;2; -1;1;0;1;-1;Blessé léger;5
202300015775;155 652 617;A01;7;0;9;3;1;1;203 813 655;1;1;1;1;1983.0;5;1;-1;-1;28;1;2023;19:30;3;74;74010;1;4;1;3;45.963076;6.08031;4;2;2;0;2;2;4;1;0;1;80;Indemne;5
202300015775;155 652 617;A01;7;0;9;3;1;1;203 813 655;1;1;1;1;1983.0;5;1;-1;-1;28;1;2023;19:30;3;74;74010;1;4;1;3;45.963076;6.08031;4;2; -1;-1;2;2; -1;1;0;1;-1;Indemne;5
202300015787;155 652 596;A01;7;0;2;8;22;1;203 813 628;1;1;1;1;1983.0;3;8;0;-1;25;4;2023;00:20;5;75;75110;2;2;2;3;48.883849;2.36859;4;2; -1;0;1;1; -1;2;0;1;30;Indemne;1
202300015787;155 652 596;A01;7;0;2;8;22;1;203 813 628;1;1;1;1;1983.0;3;8;0;-1;25;4;2023;00:20;5;75;75110;2;2;2;3;48.883849;2.36859;4;2;2;0;1;1; -1;2;0;1;30;Indemne;1
202300015787;155 652 597;B01;1;1;0;1;1;5;203 813 629;1;1;4;1;1996.0;9;8;0;-1;25;4;2023;00:20;5;75;75110;2;2;2;3;48.883849;2.36859;4;2; -1;0;1;1; -1;2;0;1;30;Blessé léger;1
202300015787;155 652 597;B01;1;1;0;1;1;5;203 813 629;1;1;4;1;1996.0;9;8;0;-1;25;4;2023;00:20;5;75;75110;2;2;2;3;48.883849;2.36859;4;2;2;0;1;1; -1;2;0;1;30;Blessé léger;1
202300015788;155 652 594;B01;1;0;2;1;1;5;203 813 625;1;1;4;1;1974.0;1;2;0;-1;24;4;2023;13:07;1;75;75107;2;3;1;3;48.860637;2.295471;4;2;0;1;1;1; -1;1;0;1;30;Blessé léger;0
202300015788;155 652 594;B01;1;0;2;1;1;5;203 813 625;1;1;4;1;1974.0;1;2;0;-1;24;4;2023;13:07;1;75;75107;2;3;1;3;48.860637;2.295471;4;2;2;1;1;1; -1;1;0;1;30;Blessé léger;0
202300015788;155 652 595;A01;99;0;2;6;15;1;203 813 626;1;1;1;2;1968.0;4;1;0;-1;24;4;2023;13:07;1;75;75107;2;3;1;3;48.860637;2.295471;4;2;0;1;1;1; -1;1;0;1;30;Indemne;0
202300015788;155 652 595;A01;99;0;2;6;15;1;203 813 626;1;1;1;2;1968.0;4;1;0;-1;24;4;2023;13:07;1;75;75107;2;3;1;3;48.860637;2.295471;4;2;2;1;1;1; -1;1;0;1;30;Indemne;0
202300015788;155 652 595;A01;99;0;2;6;15;1;203 813 627;2;2;1;2;1982.0;4;1;0;-1;24;4;2023;13:07;1;75;75107;2;3;1;3;48.860637;2.295471;4;2;0;1;1;1; -1;1;0;1;30;Indemne;0
202300015788;155 652 595;A01;99;0;2;6;15;1;203 813 627;2;2;1;2;1982.0;4;1;0;-1;24;4;2023;13:07;1;75;75107;2;3;1;3;48.860637;2.295471;4;2;2;1;1;1; -1;1;0;1;30;Indemne;0
202300015789;155 652 593;A01;1;0;1;1;1;5;203 813 623;1;1;1;1;1993.0;1;8;0;-1;25;4;2023;09:23;1;75;75101;2;2;1;6;48.861987;2.35018;4;2;4;1;1;1; -1;1;0;5;30;Indemne;1
202300015789;155 652 593;A01;1;0;1;1;1;5;203 813 623;1;1;1;1;1993.0;1;8;0;-1;25;4;2023;09:23;1;75;75101;2;2;1;6;48.861987;2.35018;4;-1;1;1;1;1; -1;1;0;5;30;Indemne;1
202300015789;155 652 593;A01;1;0;1;1;1;5;203 813 624;10;3;4;2;1936.0;5;0;-1;-1;25;4;2023;09:23;1;75;75101;2;2;1;6;48.861987;2.35018;4;2;4;1;1;1; -1;1;0;5;30;Blessé léger;1
202300015789;155 652 593;A01;1;0;1;1;1;5;203 813 624;10;3;4;2;1936.0;5;0;-1;-1;25;4;2023;09:23;1;75;75101;2;2;1;6;48.861987;2.35018;4;-1;1;1;1;1; -1;1;0;5;30;Blessé léger;1
202300015793;155 652 587;B01;80;8;2;1;1;3;203 813 617;1;1;4;1;1994.0;4;8;0;-1;24;4;2023;19:20;1;94;94041;2;1;1;1;48.81851627;2.39568204;3;1;2;1;1;1; -1;1;9;4;30;Blessé léger;0
202300015793;155 652 588;A01;7;0;2;1;9;1;203 813 618;1;1;1;2;1965.0;3;1;0;-1;24;4;2023;19:20;1;94;94041;2;1;1;1;48.81851627;2.39568204;3;1;2;1;1;1; -1;1;9;4;30;Indemne;0
202300015802;155 652 569;A01;7;0;9;4;23;1;203 813 597;1;1;1;1;1943.0;0;1;0;-1;15;6;2023;16:04;1;15;15014;2;1;1;2;44.927291;2.448217;4;-1;2;0;1;1; -1;1;0;1;30;Indemne;3
202300015802;155 652 571;B01;1;0;2;1;2;5;203 813 600;1;1;4;1;1943.0;0;2;6;-1;15;6;2023;16:04;1;15;15014;2;1;1;2;44.927291;2.448217;4;-1;2;0;1;1; -1;1;0;1;30;Blessé léger;3
202300015826;155 652 521;A01;80;0;2;1;1;3;203 813 534;1;1;1;1;1997.0;4;8;0;-1;6;7;2023;13:40;1;75;75101;2;2;1;1;48.8584475;2.342505;4;2;4;2;1;1; -1;1;0;1;30;Indemne;3
202300015826;155 652 521;A01;80;0;2;1;1;3;203 813 534;1;1;1;1;1997.0;4;8;0;-1;6;7;2023;13:40;1;75;75101;2;2;1;1;48.8584475;2.342505;4;1;4;3;1;1; -1;1;0;1;30;Indemne;3
202300015826;155 652 523;B01;1;0;2;1;1;5;203 813 535;1;1;3;1;1979.0;-1;8;0;-1;6;7;2023;13:40;1;75;75101;2;2;1;1;48.8584475;2.342505;4;2;4;2;1;1; -1;1;0;1;30;Blessé hospitalisé;3
202300015826;155 652 523;B01;1;0;2;1;1;5;203 813 535;1;1;3;1;1979.0;-1;8;0;-1;6;7;2023;13:40;1;75;75101;2;2;1;1;48.8584475;2.342505;4;1;4;3;1;1; -1;1;0;1;30;Blessé hospitalisé;3
202300015836;155 652 504;B01;1;1;0;1;1;5;203 813 507;1;1;4;1;1990.0;1;8;0;-1;11;8;2023;15:20;1;75;75119;2;3;1;3;48.888789;2.393107;4;2;4;1;2;1; -1;1;0;5;30;Blessé léger;4
202300015836;155 652 504;B01;1;1;0;1;1;5;203 813 507;1;1;4;1;1990.0;1;8;0;-1;11;8;2023;15:20;1;75;75119;2;3;1;3;48.888789;2.393107;4;-1; -1;-1;1;1; -1;1;0;5;30;Blessé léger;4
202300015836;155 652 505;A01;7;0;2;2;22;1;203 813 508;1;1;1;1;1980.0;5;1;0;-1;11;8;2023;15:20;1;75;75119;2;3;1;3;48.888789;2.393107;4;2;4;1;2;1; -1;1;0;5;30;Indemne;4
202300015836;155 652 505;A01;7;0;2;2;22;1;203 813 508;1;1;1;1;1980.0;5;1;0;-1;11;8;2023;15:20;1;75;75119;2;3;1;3;48.888789;2.393107;4;-1; -1;-1;1;1; -1;1;0;5;30;Indemne;4
202300015836;155 652 505;A01;7;0;2;2;22;1;203 813 510;2;2;1;1;1983.0;5;1;0;-1;11;8;2023;15:20;1;75;75119;2;3;1;3;48.888789;2.393107;4;2;4;1;2;1; -1;1;0;5;30;Indemne;4
202300015836;155 652 505;A01;7;0;2;2;22;1;203 813 510;2;2;1;1;1983.0;5;1;0;-1;11;8;2023;15:20;1;75;75119;2;3;1;3;48.888789;2.393107;4;-1; -1;-1;1;1; -1;1;0;5;30;Indemne;4
202300015842;155 652 496;Y01;1;1;0;1;1;5;203 813 496;1;1;4;2;1993.0;1;2;8;-1;11;8;2023;09:50;1;75;75119;2;3;1;3;48.88172;2.373793;4;-1; -1;-1;1;1; -1;1;0;1;30;Blessé léger;4
202300015842;155 652 496;Y01;1;1;0;1;1;5;203 813 496;1;1;4;2;1993.0;1;2;8;-1;11;8;2023;09:50;1;75;75119;2;3;1;3;48.88172;2.373793;4;1;0;0;2;1; -1;1;0;1;30;Blessé léger;4
202300015842;155 652 497;A01;10;0;2;3;24;1;203 813 497;1;1;1;1;1972.0;4;8;0;-1;11;8;2023;09:50;1;75;75119;2;3;1;3;48.88172;2.373793;4;-1; -1;-1;1;1; -1;1;0;1;30;Indemne;4
202300015842;155 652 497;A01;10;0;2;3;24;1;203 813 497;1;1;1;1;1972.0;4;8;0;-1;11;8;2023;09:50;1;75;75119;2;3;1;3;48.88172;2.373793;4;1;0;0;2;1; -1;1;0;1;30;Indemne;4
202300015844;155 652 492;B01;7;0;2;2;1;2;203 813 490;1;1;1;1;1981.0;9;1;8;-1;11;8;2023;22:25;5;75;75116;2;2;2;3;48.847163;2.274442;4;-1; -1;-1;1;1; -1;2;0;1;30;Indemne;4