Num_Acc;id_vehicule;num_veh;catv;obs;obsm;choc;manv;motor;id_usager;place;catu;grav;sexe;an_nais;trajet;secu1;secu2;secu3;jour;mois;an;hrmn;lum;dep;com;agg;int;atm;col;lat;long;catr;circ;nbv;vosp;prof;plan;larrout;surf;infra;situ;vma;gravity;day_of_week
202300016154;155 651 929;A01;7;0;2;3;15;3;203 812 760;2;2;1;2;2003.0;9;1;0;-1;1;6;2023;17:45;1;75;75115;2;2;1;3;48.843778;2.286348;4;-1;1;1;1;1; -1;1;0;1;30;Indemne;3
202300016164;155 651 909;Y01;1;0;2;1;0;5;203 812 730;1;1;4;1;2013.0;0;8;0;-1;19;11;2023;17:35;5;94;94018;2;1;1;2;48.82799;2.40351;3;2;2;2;1;1; -1;1;0;5;50;Blessé léger;6
202300016164;155 651 911;A01;7;0;2;5;24;1;203 812 734;1;1;1;1;1979.0;0;1;0;-1;19;11;2023;17:35;5;94;94018;2;1;1;2;48.82799;2.40351;3;2;2;2;1;1; -1;1;0;5;50;Indemne;6
202300016165;155 651 908;A01;1;0;1;1;1;5;203 812 729;1;1;1;2;2004.0;5;0;-1;-1;1;6;2023;20:25;1;75;75113;2;1;1;6;48.840153;2.370349;4;2;5;1;1;1; -1;1;0;5;30;Indemne;3
202300016165;155 651 908;A01;1;0;1;1;1;5;203 812 731;10;3;4;2;1984.0;5;0;-1;-1;1;6;2023;20:25;1;75;75113;2;1;1;6;48.840153;2.370349;4;2;5;1;1;1; -1;1;0;5;30;Blessé léger;3
202300016170;155 651 898;A01;80;0;2;1;1;3;203 812 715;1;1;4;2;1960.0;1;8;0;-1;1;6;2023;18:30;1;75;75112;2;1;1;2;48.84733;2.370261;4;1;4;1;1;1; -1;1;0;5;30;Blessé léger;3
202300016170;155 651 899;B01;80;0;2;4;20;3;203 812 718;1;1;4;2;1992.0;5;2;8;-1;1;6;2023;18:30;1;75;75112;2;1;1;2;48.84733;2.370261;4;1;4;1;1;1; -1;1;0;5;30;Blessé léger;3
202300016172;155 651 906;A01;1;14;0;0;23;5;203 812 727;1;1;4;2;1965.0;4;2;-1;-1;9;8;2023;17:54;1;76;76351;2;5;1;7;49.49644167;0.11013454;4;1;2;0;1;1; -1;1;0;8;50;Blessé léger;2
202300016172;155 651 906;A01;1;14;0;0;23;5;203 812 727;1;1;4;2;1965.0;4;2;-1;-1;9;8;2023;17:54;1;76;76351;2;5;1;7;49.49644167;0.11013454;4;2;2;0;1;1; -1;1;0;8;50;Blessé léger;2
202300016172;155 651 906;A01;1;14;0;0;23;5;203 812 727;1;1;4;2;1965.0;4;2;-1;-1;9;8;2023;17:54;1;76;76351;2;5;1;7;49.49644167;0.11013454;4;1;2;0;1;1; -1;1;0;1;50;Blessé léger;2
202300016172;155 651 906;A01;1;14;0;0;23;5;203 812 727;1;1;4;2;1965.0;4;2;-1;-1;9;8;2023;17:54;1;76;76351;2;5;1;7;49.49644167;0.11013454;4;-1;4;0;1;1; -1;1;0;8;50;Blessé léger;2
202300016186;155 651 873;A01;1;0;2;1;2;5;203 812 677;1;1;1;1;1979.0;5;8;8;-1;31;5;2023;20:05;1;75;75104;2;3;1;3;48.853955;2.364765;4;1;1;0;1;1; -1;1;0;5;30;Indemne;2
202300016186;155 651 873;A01;1;0;2;1;2;5;203 812 677;1;1;1;1;1979.0;5;8;8;-1;31;5;2023;20:05;1;75;75104;2;3;1;3;48.853955;2.364765;4;1;1;1;1;1; -1;1;0;5;30;Indemne;2
202300016186;155 651 874;B01;1;0;2;4;15;5;203 812 678;1;1;4;1;1955.0;5;8;0;-1;31;5;2023;20:05;1;75;75104;2;3;1;3;48.853955;2.364765;4;1;1;0;1;1; -1;1;0;5;30;Blessé léger;2
202300016186;155 651 874;B01;1;0;2;4;15;5;203 812 678;1;1;4;1;1955.0;5;8;0;-1;31;5;2023;20:05;1;75;75104;2;3;1;3;48.853955;2.364765;4;1;1;1;1;1; -1;1;0;5;30;Blessé léger;2
202300016196;155 651 851;B01;1;0;2;8;0;5;203 812 645;1;1;4;1;1974.0;5;8;0;-1;19;11;2023;20:42;5;92;92046;2;2;9;3;48.81723929;2.29470205;3;2;4;1;1;1; -1;2;0;1;50;Blessé léger;6
202300016196;155 651 851;B01;1;0;2;8;0;5;203 812 645;1;1;4;1;1974.0;5;8;0;-1;19;11;2023;20:42;5;92;92046;2;2;9;3;48.81723929;2.29470205;3;2;4;1;1;1; -1;2;0;1;50;Blessé léger;6
202300016196;155 651 858;A01;33;0;9;1;21;1;203 812 653;1;1;1;1;1997.0;5;2;6;-1;19;11;2023;20:42;5;92;92046;2;2;9;3;48.81723929;2.29470205;3;2;4;1;1;1; -1;2;0;1;50;Indemne;6
202300016196;155 651 858;A01;33;0;9;1;21;1;203 812 653;1;1;1;1;1997.0;5;2;6;-1;19;11;2023;20:42;5;92;92046;2;2;9;3;48.81723929;2.29470205;3;2;4;1;1;1; -1;2;0;1;50;Indemne;6
202300016201;155 651 841;A01;1;0;2;8;1;5;203 812 634;1;1;4;1;1998.0;0;2;0;-1;19;11;2023;15:20;1;92;92051;2;1;1;3;48.88975386;2.27633339;4;2;2;0;1;1; -1;1;0;1;50;Blessé léger;6
202300016201;155 651 844;B01;10;0;2;1;1;3;203 812 637;1;1;1;1;1965.0;0;1;0;0;19;11;2023;15:20;1;92;92051;2;1;1;3;48.88975386;2.27633339;4;2;2;0;1;1; -1;1;0;1;50;Indemne;6
202300016201;155 651 844;B01;10;0;2;1;1;3;203 812 639;2;2;1;1;1963.0;0;1;0;0;19;11;2023;15:20;1;92;92051;2;1;1;3;48.88975386;2.27633339;4;2;2;0;1;1; -1;1;0;1;50;Indemne;6
202300016203;155 651 835;A01;1;0;2;1;0;5;203 812 627;1;1;4;1;1993.0;5;2;6;-1;30;5;2023;19:40;1;94;94079;2;6;1;3;48.82446632;2.54415706;4;1;1;0;2;2; -1;1;9;1;30;Blessé léger;1
202300016203;155 651 838;B01;7;0;2;3;9;1;203 812 631;1;1;1;1;1989.0;1;1;8;-1;30;5;2023;19:40;1;94;94079;2;6;1;3;48.82446632;2.54415706;4;1;1;0;2;2; -1;1;9;1;30;Indemne;1
202300016212;155 651 818;A01;7;0;2;2;9;1;203 812 609;1;1;1;1;1979.0;4;1;0;-1;1;6;2023;17:40;1;93;93066;2;3;1;3;48.93129;2.364;4;1;1;0;1;1; -1;1;0;1;30;Indemne;3
202300016212;155 651 818;A01;7;0;2;2;9;1;203 812 609;1;1;1;1;1979.0;4;1;0;-1;1;6;2023;17:40;1;93;93066;2;3;1;3;48.93129;2.364;4;2;2;1;1;1; -1;1;0;1;50;Indemne;3
202300016212;155 651 822;B01;1;0;2;8;1;5;203 812 613;1;1;4;1;1971.0;1;2;0;-1;1;6;2023;17:40;1;93;93066;2;3;1;3;48.93129;2.364;4;1;1;0;1;1; -1;1;0;1;30;Blessé léger;3
202300016212;155 651 822;B01;1;0;2;8;1;5;203 812 613;1;1;4;1;1971.0;1;2;0;-1;1;6;2023;17:40;1;93;93066;2;3;1;3;48.93129;2.364;4;2;2;1;1;1; -1;1;0;1;50;Blessé léger;3
202300016240;155 651 766;B01;1;0;2;8;9;5;203 812 514;1;1;3;2;2008.0;2;0;0;0;15;3;2023;12:10;1;33;33063;2;3;1;3;44.820505;-0.573457;4;1;1;2;1;1; -1;1;-1;1;30;Blessé hospitalisé;2
202300016240;155 651 766;B01;1;0;2;8;9;5;203 812 514;1;1;3;2;2008.0;2;0;0;0;15;3;2023;12:10;1;33;33063;2;3;1;3;44.820505;-0.573457;4;1;1;2;1;1; -1;1;-1;1;30;Blessé hospitalisé;2
202300016240;155 651 770;A01;7;0;9;1;26;1;203 812 521;1;1;1;1;1964.0;1;1;-1;-1;15;3;2023;12:10;1;33;33063;2;3;1;3;44.820505;-0.573457;4;1;1;2;1;1; -1;1;-1;1;30;Indemne;2
202300016240;155 651 770;A01;7;0;9;1;26;1;203 812 521;1;1;1;1;1964.0;1;1;-1;-1;15;3;2023;12:10;1;33;33063;2;3;1;3;44.820505;-0.573457;4;1;1;2;1;1; -1;1;-1;1;30;Indemne;2
202300016252;155 651 748;A01;7;0;9;3;15;1;203 812 487;1;1;1;1;1968.0;1;1;0;-1;1;6;2023;08:45;1;92;92051;2;3;7;3;48.87484;2.25231;4;2; -1;0;1;1; -1;1;0;1;50;Indemne;3
202300016252;155 651 749;B01;1;0;2;3;1;5;203 812 488;1;1;4;2;1970.0;9;8;0;-1;1;6;2023;08:45;1;92;92051;2;3;7;3;48.87484;2.25231;4;2; -1;0;1;1; -1;1;0;1;50;Blessé léger;3
202300016291;155 651 680;A01;7;0;2;1;9;1;203 812 400;1;1;1;1;1977.0;1;1;8;-1;15;3;2023;07:05;1;26;26198;2;6;1;3;44.54594;4.75567;4;2;2;0;1;1; -1;1;0;1;-1;Indemne;2
202300016291;155 651 680;A01;7;0;2;1;9;1;203 812 400;1;1;1;1;1977.0;1;1;8;-1;15;3;2023;07:05;1;26;26198;2;6;1;3;44.54594;4.75567;4;2;2;0;2;1; -1;1;0;1;50;Indemne;2
202300016291;155 651 685;B01;1;0;2;1;1;5;203 812 408;1;1;3;1;2004.0;1;2;8;-1;15;3;2023;07:05;1;26;26198;2;6;1;3;44.54594;4.75567;4;2;2;0;1;1; -1;1;0;1;-1;Blessé hospitalisé;2
202300016291;155 651 685;B01;1;0;2;1;1;5;203 812 408;1;1;3;1;2004.0;1;2;8;-1;15;3;2023;07:05;1;26;26198;2;6;1;3;44.54594;4.75567;4;2;2;0;2;1; -1;1;0;1;50;Blessé hospitalisé;2
202300016295;155 651 671;A01;1;0;0;1;0;5;203 812 390;1;1;4;1;1982.0;1;2;0;-1;1;6;2023;16:00;1;92;92019;2;1;1;7;48.76215142;2.28573024;3;1;2;1;1;1;7;1;0;8;30;Blessé léger;3
202300016300;155 651 664;A01;1;0;2;1;9;5;203 812 381;1;1;4;1;1990.0;1;8;0;-1;10;8;2023;16:00;1;75;75117;2;1;1;3;48.8921;2.327114;4;4;3;2;1;1; -1;1;0;1;30;Blessé léger;3
202300016300;155 651 667;B01;7;0;2;3;1;2;203 812 383;1;1;1;1;1972.0;4;8;8;-1;10;8;2023;16:00;1;75;75117;2;1;1;3;48.8921;2.327114;4;4;3;2;1;1; -1;1;0;1;30;Indemne;3
202300016303;155 651 662;B01;1;0;2;3;19;5;203 812 379;1;1;4;1;2017.0;0;8;0;-1;15;3;2023;19:15;2;17;17300;2;1;1;7;46.15199;-1.12275;4;-1;2;0;1;4; -1;1;0;1;30;Blessé léger;2
202300016309;155 651 654;A01;1;0;0;0;0;5;203 812 368;1;1;2;1;1968.0;0;0;-1;-1;17;11;2023;15:00;1;04;04088;1;1;1;7;43.965824;5.806661;4;2;2;0;2;1; -1;1;0;8;80;Tué;4
202300016312;155 651 650;A01;7;0;0;2;1;2;203 812 362;1;1;1;1;1952.0;9;1;0;-1;10;8;2023;18:40;1;75;75115;2;2;1;3;48.84299;2.312807;4;-1;1;1;1;1; -1;1;0;1;30;Indemne;3
202300016312;155 651 650;A01;7;0;0;2;1;2;203 812 362;1;1;1;1;1952.0;9;1;0;-1;10;8;2023;18:40;1;75;75115;2;2;1;3;48.84299;2.312807;4;2;2;-1;1;1; -1;1;0;1;-1;Indemne;3
202300016312;155 651 653;B01;1;0;0;1;2;5;203 812 365;1;1;4;1;1998.0;4;2;6;-1;10;8;2023;18:40;1;75;75115;2;2;1;3;48.84299;2.312807;4;-1;1;1;1;1; -1;1;0;1;30;Blessé léger;3
202300016312;155 651 653;B01;1;0;0;1;2;5;203 812 365;1;1;4;1;1998.0;4;2;6;-1;10;8;2023;18:40;1;75;75115;2;2;1;3;48.84299;2.312807;4;2;2;-1;1;1; -1;1;0;1;-1;Blessé léger;3
202300016332;155 651 620;A01;7;16;2;0;0;1;203 812 323;1;1;1;1;1965.0;0;0;-1;-1;1;7;2023;10:20;1;85;85194;2;6;1;3;46.49541;-1.752005;4;1;2;2;1;2; -1;1;0;5;50;Indemne;5
202300016332;155 651 620;A01;7;16;2;0;0;1;203 812 323;1;1;1;1;1965.0;0;0;-1;-1;1;7;2023;10:20;1;85;85194;2;6;1;3;46.49541;-1.752005;4;2;2;0;1;1; -1;1;0;5;50;Indemne;5
202300016332;155 651 625;B01;1;16;2;0;0;5;203 812 328;1;1;3;1;1950.0;0;2;0;-1;1;7;2023;10:20;1;85;85194;2;6;1;3;46.49541;-1.752005;4;1;2;2;1;2; -1;1;0;5;50;Blessé hospitalisé;5
202300016332;155 651 625;B01;1;16;2;0;0;5;203 812 328;1;1;3;1;1950.0;0;2;0;-1;1;7;2023;10:20;1;85;85194;2;6;1;3;46.49541;-1.752005;4;2;2;0;1;1; -1;1;0;5;50;Blessé hospitalisé;5
202300016339;155 651 606;B01;80;0;2;7;1;3;203 812 307;1;1;4;2;1952.0;0;8;0;-1;14;3;2023;13:29;1;10;10387;2;6;2;3;48.28842;4.08083;4;-1;2;1;1;1; -1;2;9;5;50;Blessé léger;1
202300016339;155 651 606;B01;80;0;2;7;1;3;203 812 307;1;1;4;2;1952.0;0;8;0;-1;14;3;2023;13:29;1;10;10387;2;6;2;3;48.28842;4.08083;4;-1;2;0;1;1; -1;2;0;5;50;Blessé léger;1
202300016339;155 651 609;A01;7;0;2;3;16;1;203 812 310;1;1;1;1;1963.0;3;1;0;-1;14;3;2023;13:29;1;10;10387;2;6;2;3;48.28842;4.08083;4;-1;2;1;1;1; -1;2;9;5;50;Indemne;1
202300016339;155 651 609;A01;7;0;2;3;16;1;203 812 310;1;1;1;1;1963.0;3;1;0;-1;14;3;2023;13:29;1;10;10387;2;6;2;3;48.28842;4.08083;4;-1;2;0;1;1; -1;2;0;5;50;Indemne;1
202300016345;155 651 591;A01;1;0;2;7;1;5;203 812 287;1;1;3;1;1978.0;5;2;-1;-1;1;6;2023;08:19;1;01;01143;2;6;1;3;46.348505;6.137018;3;2;1;0;1;2;3;1;0;1;50;Blessé hospitalisé;3
202300016345;155 651 595;B01;7;0;2;1;9;1;203 812 291;1;1;1;2;1956.0;3;1;-1;-1;1;6;2023;08:19;1;01;01143;2;6;1;3;46.348505;6.137018;3;2;1;0;1;2;3;1;0;1;50;Indemne;3
202300016350;155 651 579;B01;1;0;2;1;1;5;203 812 273;1;1;3;2;2013.0;0;8;0;-1;10;8;2023;15:10;1;93;93055;2;1;1;3;48.889296;2.403407;4;2;2;3;1;1; -1;1;0;1;30;Blessé hospitalisé;3
202300016350;155 651 583;A01;37;0;2;6;1;1;203 812 277;1;1;1;1;1990.0;4;8;0;-1;10;8;2023;15:10;1;93;93055;2;1;1;3;48.889296;2.403407;4;2;2;3;1;1; -1;1;0;1;30;Indemne;3
202300016351;155 651 582;B01;10;0;2;2;16;1;203 812 276;1;1;1;1;1962.0;9;1;0;-1;15;3;2023;11:38;1;75;75118;2;2;1;3;48.891333;2.326889;4;2;4;1;2;1; -1;1;0;5;30;Indemne;2
202300016351;155 651 582;B01;10;0;2;2;16;1;203 812 276;1;1;1;1;1962.0;9;1;0;-1;15;3;2023;11:38;1;75;75118;2;2;1;3;48.891333;2.326889;4;1; -1;-1;1;1; -1;1;0;5;-1;Indemne;2
202300016351;155 651 586;A01;1;0;2;0;1;5;203 812 280;1;1;4;1;1992.0;4;2;6;-1;15;3;2023;11:38;1;75;75118;2;2;1;3;48.891333;2.326889;4;2;4;1;2;1; -1;1;0;5;30;Blessé léger;2
202300016351;155 651 586;A01;1;0;2;0;1;5;203 812 280;1;1;4;1;1992.0;4;2;6;-1;15;3;2023;11:38;1;75;75118;2;2;1;3;48.891333;2.326889;4;1; -1;-1;1;1; -1;1;0;5;-1;Blessé léger;2
202300016358;155 651 571;A01;80;0;2;1;5;3;203 812 263;1;1;4;2;1969.0;9;8;0;-1;15;3;2023;20:25;3;75;75106;2;3;1;1;48.85785869;2.33623624;4;1; -1;-1;1;1; -1;1;0;1;-1;Blessé léger;2
202300016358;155 651 571;A01;80;0;2;1;5;3;203 812 263;1;1;4;2;1969.0;9;8;0;-1;15;3;2023;20:25;3;75;75106;2;3;1;1;48.85785869;2.33623624;4;1;2;0;1;1; -1;1;0;1;30;Blessé léger;2
202300016358;155 651 575;B01;7;0;2;3;15;1;203 812 269;1;1;1;1;1944.0;9;1;0;-1;15;3;2023;20:25;3;75;75106;2;3;1;1;48.85785869;2.33623624;4;1; -1;-1;1;1; -1;1;0;1;-1;Indemne;2
202300016358;155 651 575;B01;7;0;2;3;15;1;203 812 269;1;1;1;1;1944.0;9;1;0;-1;15;3;2023;20:25;3;75;75106;2;3;1;1;48.85785869;2.33623624;4;1;2;0;1;1; -1;1;0;1;30;Indemne;2
202300016361;155 651 567;B01;1;0;2;8;19;5;203 812 258;1;1;3;2;1985.0;1;2;-1;-1;2;6;2023;08:05;1;01;01354;2;6;1;3;46.240307;6.033758;4;1;1;1;1;1;3,5;1;0;5;80;Blessé hospitalisé;4
202300016363;155 651 563;A01;1;0;0;1;14;5;203 812 254;1;1;4;1;1992.0;9;8;0;-1;15;3;2023;12:15;1;75;75114;2;1;1;7;48.825768;2.314409;4;1;4;1;1;1; -1;1;0;5;30;Blessé léger;2
202300016374;155 651 546;A01;10;0;2;1;1;1;203 812 231;1;1;1;1;1971.0;1;8;0;-1;16;3;2023;16:20;1;75;75112;2;1;1;2;48.84291;2.423275;4;2;2;0;2;1; -1;1;0;1;30;Indemne;3
202300016374;155 651 549;B01;1;0;2;4;1;5;203 812 234;1;1;4;1;1969.0;5;8;0;-1;16;3;2023;16:20;1;75;75112;2;1;1;2;48.84291;2.423275;4;2;2;0;2;1; -1;1;0;1;30;Blessé léger;3
202300016376;155 651 539;B01;1;0;2;8;1;5;203 812 223;1;1;4;1;1977.0;1;8;0;-1;10;8;2023;19:10;1;93;93001;2;1;1;3;48.91451171;2.38959195;4;2;2;0;1;1; -1;1;0;1;50;Blessé léger;3
202300016376;155 651 542;A01;7;0;2;1;15;1;203 812 227;1;1;1;1;1958.0;5;8;8;-1;10;8;2023;19:10;1;93;93001;2;1;1;3;48.91451171;2.38959195;4;2;2;0;1;1; -1;1;0;1;50;Indemne;3
202300016378;155 651 540;A01;10;0;2;1;9;1;203 812 224;1;1;1;1;1995.0;4;1;-1;-1;5;7;2023;13:30;1;63;63113;2;6;1;2;45.77354;3.07539;4;1;2;0;1;1;4;1;0;1;30;Indemne;2
202300016378;155 651 540;A01;10;0;2;1;9;1;203 812 224;1;1;1;1;1995.0;4;1;-1;-1;5;7;2023;13:30;1;63;63113;2;6;1;2;45.77354;3.07539;4;1;2;0;1;1;4;1;9;1;30;Indemne;2
202300016378;155 651 543;B01;80;0;2;4;1;3;203 812 228;1;1;4;1;1979.0;5;2;-1;-1;5;7;2023;13:30;1;63;63113;2;6;1;2;45.77354;3.07539;4;1;2;0;1;1;4;1;0;1;30;Blessé léger;2
202300016378;155 651 543;B01;80;0;2;4;1;3;203 812 228;1;1;4;1;1979.0;5;2;-1;-1;5;7;2023;13:30;1;63;63113;2;6;1;2;45.77354;3.07539;4;1;2;0;1;1;4;1;9;1;30;Blessé léger;2
202300016379;155 651 535;A01;1;1;0;2;1;5;203 812 219;1;1;2;1;1961.0;5;2;0;-1;19;11;2023;10:18;1;83;83035;1;1;1;2;43.260206;5.756814;3;2;2;0;1;1;5,5;1;0;3;90;Tué;6
202300016379;155 651 537;B01;1;0;0;8;23;5;203 812 221;1;1;1;1;1959.0;5;2;0;-1;19;11;2023;10:18;1;83;83035;1;1;1;2;43.260206;5.756814;3;2;2;0;1;1;5,5;1;0;3;90;Indemne;6
202300016380;155 651 536;B01;1;0;2;7;1;5;203 812 220;1;1;4;1;1984.0;1;2;0;-1;16;3;2023;06:31;2;75;75110;2;2;1;3;48.874637;2.357391;4;1;6;1;1;1; -1;1;-1;5;35;Blessé léger;3
202300016380;155 651 536;B01;1;0;2;7;1;5;203 812 220;1;1;4;1;1984.0;1;2;0;-1;16;3;2023;06:31;2;75;75110;2;2;1;3;48.874637;2.357391;4;1;3;1;1;1; -1;1;-1;5;35;Blessé léger;3
202300016380;155 651 541;A01;50;0;2;8;1;3;203 812 225;1;1;1;1;1998.0;1;2;0;-1;16;3;2023;06:31;2;75;75110;2;2;1;3;48.874637;2.357391;4;1;6;1;1;1; -1;1;-1;5;35;Indemne;3
202300016380;155 651 541;A01;50;0;2;8;1;3;203 812 225;1;1;1;1;1998.0;1;2;0;-1;16;3;2023;06:31;2;75;75110;2;2;1;3;48.874637;2.357391;4;1;3;1;1;1; -1;1;-1;5;35;Indemne;3
202300016385;155 651 526;A01;1;0;1;7;1;5;203 812 207;1;1;1;2;1958.0;3;8;0;-1;16;3;2023;06:20;2;75;75110;2;2;1;6;48.880618;2.362028;4;1; -1;-1;1;1; -1;1;0;1;-1;Indemne;3
202300016385;155 651 526;A01;1;0;1;7;1;5;203 812 207;1;1;1;2;1958.0;3;8;0;-1;16;3;2023;06:20;2;75;75110;2;2;1;6;48.880618;2.362028;4;2;1;0;1;1; -1;1;0;1;30;Indemne;3
202300016385;155 651 526;A01;1;0;1;7;1;5;203 812 211;10;3;4;1;1956.0;5;0;-1;-1;16;3;2023;06:20;2;75;75110;2;2;1;6;48.880618;2.362028;4;1; -1;-1;1;1; -1;1;0;1;-1;Blessé léger;3
202300016385;155 651 526;A01;1;0;1;7;1;5;203 812 211;10;3;4;1;1956.0;5;0;-1;-1;16;3;2023;06:20;2;75;75110;2;2;1;6;48.880618;2.362028;4;2;1;0;1;1; -1;1;0;1;30;Blessé léger;3
202300016389;155 651 515;A01;7;0;2;4;2;1;203 812 192;1;1;1;1;1946.0;5;1;0;-1;10;8;2023;10:00;1;92;92072;2;1;1;2;48.82691;2.22132;3;2;4;0;1;1;12;1;0;1;50;Indemne;3
202300016389;155 651 515;A01;7;0;2;4;2;1;203 812 196;2;2;1;2;1953.0;0;1;0;-1;10;8;2023;10:00;1;92;92072;2;1;1;2;48.82691;2.22132;3;2;4;0;1;1;12;1;0;1;50;Indemne;3
202300016389;155 651 515;A01;7;0;2;4;2;1;203 812 198;4;2;1;2;1951.0;0;1;0;-1;10;8;2023;10:00;1;92;92072;2;1;1;2;48.82691;2.22132;3;2;4;0;1;1;12;1;0;1;50;Indemne;3
202300016389;155 651 519;B01;1;0;2;1;2;5;203 812 200;1;1;4;1;1998.0;1;8;0;-1;10;8;2023;10:00;1;92;92072;2;1;1;2;48.82691;2.22132;3;2;4;0;1;1;12;1;0;1;50;Blessé léger;3
202300016406;155 651 489;B01;7;0;9;3;15;1;203 812 153;1;1;1;1;1969.0;5;1;-1;-1;6;8;2023;07:05;2;40;40304;2;9;1;3;43.656649;-1.44187;4;-1; -1;0;1;1; -1;1;0;1;50;Indemne;6
202300016406;155 651 489;B01;7;0;9;3;15;1;203 812 153;1;1;1;1;1969.0;5;1;-1;-1;6;8;2023;07:05;2;40;40304;2;9;1;3;43.656649;-1.44187;4;1;2;0;2;1; -1;1;0;1;50;Indemne;6
202300016406;155 651 491;A01;80;0;2;2;1;3;203 812 155;1;1;3;1;1983.0;5;0;-1;-1;6;8;2023;07:05;2;40;40304;2;9;1;3;43.656649;-1.44187;4;-1; -1;0;1;1; -1;1;0;1;50;Blessé hospitalisé;6
202300016406;155 651 491;A01;80;0;2;2;1;3;203 812 155;1;1;3;1;1983.0;5;0;-1;-1;6;8;2023;07:05;2;40;40304;2;9;1;3;43.656649;-1.44187;4;1;2;0;2;1; -1;1;0;1;50;Blessé hospitalisé;6
202300016407;155 651 488;A01;80;0;0;7;1;3;203 812 152;1;1;4;2;1965.0;5;0;-1;-1;2;6;2023;11:00;1;65;65095;1;1;1;7;43.244859;0.363504;3;2;2;0;2;1;7;1;0;1;80;Blessé léger;4
202300016413;155 651 472;B01;7;1;9;1;2;1;203 812 135;1;1;1;2;2002.0;1;1;8;-1;15;3;2023;17:09;1;94;94068;2;3;1;3;48.79186;2.49802;4;2;1;0;1;1; -1;1;0;1;30;Indemne;2
202300016413;155 651 478;A01;1;1;2;7;2;5;203 812 140;1;1;4;2;2007.0;2;8;0;-1;15;3;2023;17:09;1;94;94068;2;3;1;3;48.79186;2.49802;4;2;1;0;1;1; -1;1;0;1;30;Blessé léger;2
202300016420;155 651 458;A01;7;0;2;7;13;1;203 812 119;1;1;1;1;1979.0;1;1;0;-1;16;3;2023;08:45;1;94;94046;2;1;1;3;48.804632;2.438254;3;2;2;0;1;1; -1;1;0;1;50;Indemne;3
202300016420;155 651 460;B01;80;0;2;0;0;3;203 812 121;1;1;4;1;1977.0;1;2;8;-1;16;3;2023;08:45;1;94;94046;2;1;1;3;48.804632;2.438254;3;2;2;0;1;1; -1;1;0;1;50;Blessé léger;3
202300016427;155 651 446;A01;15;0;2;2;2;1;203 812 105;1;1;1;1;1969.0;4;1;-1;-1;2;6;2023;16:00;1;61;61116;1;1;7;3;48.361595;0.87338;3;2;3;0;1;1;10,5;1;0;1;90;Indemne;4
202300016427;155 651 448;B01;1;0;2;8;2;5;203 812 112;1;1;2;1;1956.0;5;4;-1;-1;2;6;2023;16:00;1;61;61116;1;1;7;3;48.361595;0.87338;3;2;3;0;1;1;10,5;1;0;1;90;Tué;4
202300016437;155 651 426;A01;7;0;2;8;13;1;203 812 073;1;1;1;1;1992.0;0;1;-1;-1;1;6;2023;09:50;1;34;34317;1;1;1;3;43.793712;3.489318;3;2;2;0;2;3;4;1;0;1;-1;Indemne;3
202300016437;155 651 430;B01;1;13;2;8;1;5;203 812 079;1;1;4;1;1952.0;5;2;-1;-1;1;6;2023;09:50;1;34;34317;1;1;1;3;43.793712;3.489318;3;2;2;0;2;3;4;1;0;1;-1;Blessé léger;3
202300016451;155 651 406;A01;1;0;0;0;1;5;203 812 045;1;1;3;1;1942.0;5;2;-1;-1;25;5;2023;16:41;1;39;39436;1;1;1;7;46.86234;5.899685;3;2;2;0;2;1;5,5;1;0;1;80;Blessé hospitalisé;3
202300016473;155 651 372;A01;7;0;2;5;20;1;203 811 996;1;1;1;1;1989.0;1;1;0;-1;16;3;2023;15:25;1;93;93029;2;1;1;2;48.928886;2.4397;4;1;1;0;1;1; -1;1;0;1;50;Indemne;3
202300016473;155 651 376;B01;1;0;2;2;18;5;203 811 999;1;1;4;1;1953.0;1;2;-1;-1;16;3;2023;15:25;1;93;93029;2;1;1;2;48.928886;2.4397;4;1;1;0;1;1; -1;1;0;1;50;Blessé léger;3
202300016483;155 651 357;A01;80;0;0;4;1;3;203 811 978;1;1;4;1;1977.0;1;2;-1;-1;2;6;2023;08:15;1;26;26198;1;1;1;2;44.573457;4.788467;3;2;2;0;1;1;4;1;0;1;80;Blessé léger;4
202300016483;155 651 358;B01;7;0;2;1;1;1;203 811 979;1;1;1;2;1949.0;3;1;-1;-1;2;6;2023;08:15;1;26;26198;1;1;1;2;44.573457;4.788467;3;2;2;0;1;1;4;1;0;1;80;Indemne;4
202300016487;155 651 351;A01;7;0;2;8;22;1;203 811 971;1;1;1;2;1995.0;1;8;-1;-1;1;6;2023;12:30;1;26;26108;2;1;1;6;44.728585;5.018824;4;1;1;0;1;1; -1;1;0;1;30;Indemne;3
202300016487;155 651 353;B01;1;1;0;1;2;5;203 811 973;1;1;4;1;1965.0;4;2;-1;-1;1;6;2023;12:30;1;26;26108;2;1;1;6;44.728585;5.018824;4;1;1;0;1;1; -1;1;0;1;30;Blessé léger;3
202300016490;155 651 346;A01;14;0;9;1;13;1;203 811 967;1;1;1;1;1981.0;4;1;-1;-1;2;6;2023;14:10;1;26;26144;1;1;1;1;44.728222;4.924938;3;2;2;0;2;2;5,5;1;0;1;80;Indemne;4