Num_Acc;id_vehicule;num_veh;catv;obs;obsm;choc;manv;motor;id_usager;place;catu;grav;sexe;an_nais;trajet;secu1;secu2;secu3;jour;mois;an;hrmn;lum;dep;com;agg;int;atm;col;lat;long;catr;circ;nbv;vosp;prof;plan;larrout;surf;infra;situ;vma;gravity;day_of_week
202300016490;155 651 348;B01;1;0;2;1;1;5;203 811 969;1;1;2;1;1958.0;5;2;-1;-1;2;6;2023;14:10;1;26;26144;1;1;1;1;44.728222;4.924938;3;2;2;0;2;2;5,5;1;0;1;80;Tué;4
202300016505;155 651 323;A01;1;0;1;1;15;5;203 811 936;1;1;1;2;2004.0;1;2;8;-1;16;3;2023;17:50;1;92;92026;2;3;1;6;48.88879;2.24782;4;-1;0;0;2;1; -1;1;6;6;20;Indemne;3
202300016505;155 651 323;A01;1;0;1;1;15;5;203 811 936;1;1;1;2;2004.0;1;2;8;-1;16;3;2023;17:50;1;92;92026;2;3;1;6;48.88879;2.24782;4;-1; -1;-1;2;1; -1;1;6;1;-1;Indemne;3
202300016505;155 651 323;A01;1;0;1;1;15;5;203 811 938;10;3;4;2;1994.0;9;0;-1;-1;16;3;2023;17:50;1;92;92026;2;3;1;6;48.88879;2.24782;4;-1;0;0;2;1; -1;1;6;6;20;Blessé léger;3
202300016505;155 651 323;A01;1;0;1;1;15;5;203 811 938;10;3;4;2;1994.0;9;0;-1;-1;16;3;2023;17:50;1;92;92026;2;3;1;6;48.88879;2.24782;4;-1; -1;-1;2;1; -1;1;6;1;-1;Blessé léger;3
202300016520;155 651 300;B01;1;0;2;2;1;5;203 811 906;1;1;4;1;1954.0;5;0;-1;-1;8;3;2023;10:25;1;84;84142;2;2;1;1;43.95691;5.030588;4;2; -1;-1;1;1; -1;1;0;1;-1;Blessé léger;2
202300016520;155 651 300;B01;1;0;2;2;1;5;203 811 906;1;1;4;1;1954.0;5;0;-1;-1;8;3;2023;10:25;1;84;84142;2;2;1;1;43.95691;5.030588;4;2;2;0;3;1;4;1;0;1;30;Blessé léger;2
202300016520;155 651 302;A01;7;0;2;3;16;1;203 811 908;1;1;1;2;1972.0;5;8;-1;-1;8;3;2023;10:25;1;84;84142;2;2;1;1;43.95691;5.030588;4;2; -1;-1;1;1; -1;1;0;1;-1;Indemne;2
202300016520;155 651 302;A01;7;0;2;3;16;1;203 811 908;1;1;1;2;1972.0;5;8;-1;-1;8;3;2023;10:25;1;84;84142;2;2;1;1;43.95691;5.030588;4;2;2;0;3;1;4;1;0;1;30;Indemne;2
202300016549;155 651 247;A01;1;0;0;0;1;5;203 811 835;1;1;3;1;1974.0;5;0;-1;-1;1;6;2023;14:20;1;06;06017;1;1;1;7;43.801774;7.101618;3;2;2;0;1;1;5;1;0;1;80;Blessé hospitalisé;3
202300016558;155 651 232;A01;1;0;1;1;1;5;203 811 818;10;3;3;2;1964.0;0;0;-1;-1;18;11;2023;17:18;2;69;69382;2;1;1;6;45.7563;4.83339;4;2;2;2;1;1; -1;1;0;5;30;Blessé hospitalisé;5
202300016558;155 651 232;A01;1;0;1;1;1;5;203 811 820;1;1;1;1;1996.0;1;0;-1;-1;18;11;2023;17:18;2;69;69382;2;1;1;6;45.7563;4.83339;4;2;2;2;1;1; -1;1;0;5;30;Indemne;5
202300016561;155 651 228;B01;1;0;2;1;2;5;203 811 813;1;1;3;1;2009.0;0;2;-1;-1;16;3;2023;16:40;1;25;25411;2;9;1;3;47.061054;6.606131;3;2;2;0;1;3; -1;1;5;1;50;Blessé hospitalisé;3
202300016561;155 651 231;A01;14;0;2;5;2;1;203 811 817;1;1;1;1;1979.0;0;8;-1;-1;16;3;2023;16:40;1;25;25411;2;9;1;3;47.061054;6.606131;3;2;2;0;1;3; -1;1;5;1;50;Indemne;3
202300016563;155 651 226;A01;7;0;2;2;21;1;203 811 810;1;1;1;1;2001.0;5;1;-1;-1;2;6;2023;16:50;1;71;71235;2;4;1;3;46.354563;4.796802;4;2;2;0;2;1; -1;1;0;1;50;Indemne;4
202300016563;155 651 226;A01;7;0;2;2;21;1;203 811 810;1;1;1;1;2001.0;5;1;-1;-1;2;6;2023;16:50;1;71;71235;2;4;1;3;46.354563;4.796802;4;-1;2;0;2;1; -1;1;0;1;50;Indemne;4
202300016563;155 651 229;B01;1;0;2;1;9;5;203 811 814;1;1;4;1;2012.0;5;2;-1;-1;2;6;2023;16:50;1;71;71235;2;4;1;3;46.354563;4.796802;4;2;2;0;2;1; -1;1;0;1;50;Blessé léger;4
202300016563;155 651 229;B01;1;0;2;1;9;5;203 811 814;1;1;4;1;2012.0;5;2;-1;-1;2;6;2023;16:50;1;71;71235;2;4;1;3;46.354563;4.796802;4;-1;2;0;2;1; -1;1;0;1;50;Blessé léger;4
202300016587;155 651 187;A01;1;1;0;1;1;5;203 811 745;1;1;3;1;2002.0;5;2;-1;-1;16;3;2023;14:45;1;73;73300;1;1;1;2;45.670872;5.893564;3;3;2;2;1;3; -1;1;8;5;70;Blessé hospitalisé;3
202300016617;155 651 127;A01;7;1;0;3;0;1;203 811 672;1;1;1;1;1980.0;3;0;-1;-1;17;3;2023;09:00;1;77;77382;2;1;1;6;48.901124;2.876942;4;2;2;0;1;1; -1;1;9;1;50;Indemne;4
202300016617;155 651 130;B01;1;1;0;2;1;5;203 811 676;1;1;4;1;1949.0;5;2;-1;-1;17;3;2023;09:00;1;77;77382;2;1;1;6;48.901124;2.876942;4;2;2;0;1;1; -1;1;9;1;50;Blessé léger;4
202300016632;155 651 101;B01;7;0;2;2;0;1;203 811 644;1;1;1;1;1980.0;1;8;-1;-1;17;3;2023;07:50;1;83;83107;1;1;7;2;43.465434;6.619579;3;2;2;0;2;1; -1;1;0;1;80;Indemne;4
202300016632;155 651 103;A01;1;0;2;0;0;5;203 811 645;1;1;3;1;1983.0;1;2;-1;-1;17;3;2023;07:50;1;83;83107;1;1;7;2;43.465434;6.619579;3;2;2;0;2;1; -1;1;0;1;80;Blessé hospitalisé;4
202300016639;155 651 087;A01;80;0;2;8;1;3;203 811 629;1;1;4;2;1975.0;1;0;-1;-1;16;3;2023;11:00;1;01;01276;1;6;1;3;45.838564;5.050087;3;1;1;0;1;2;3,5;1;0;1;80;Blessé léger;3
202300016642;155 651 080;A01;3;0;2;1;9;2;203 811 622;1;1;1;2;1977.0;5;1;0;-1;18;11;2023;12:40;1;49;49015;2;6;1;1;47.49927;-0.58299;4;3;4;3;1;1; -1;2;0;1;50;Indemne;5
202300016642;155 651 080;A01;3;0;2;1;9;2;203 811 622;1;1;1;2;1977.0;5;1;0;-1;18;11;2023;12:40;1;49;49015;2;6;1;1;47.49927;-0.58299;4;1;1;2;1;1; -1;2;0;1;30;Indemne;5
202300016642;155 651 080;A01;3;0;2;1;9;2;203 811 622;1;1;1;2;1977.0;5;1;0;-1;18;11;2023;12:40;1;49;49015;2;6;1;1;47.49927;-0.58299;4;1;1;2;1;1; -1;2;0;1;50;Indemne;5
202300016642;155 651 085;B01;1;0;2;0;16;5;203 811 627;1;1;4;1;2000.0;1;8;0;-1;18;11;2023;12:40;1;49;49015;2;6;1;1;47.49927;-0.58299;4;3;4;3;1;1; -1;2;0;1;50;Blessé léger;5
202300016642;155 651 085;B01;1;0;2;0;16;5;203 811 627;1;1;4;1;2000.0;1;8;0;-1;18;11;2023;12:40;1;49;49015;2;6;1;1;47.49927;-0.58299;4;1;1;2;1;1; -1;2;0;1;30;Blessé léger;5
202300016642;155 651 085;B01;1;0;2;0;16;5;203 811 627;1;1;4;1;2000.0;1;8;0;-1;18;11;2023;12:40;1;49;49015;2;6;1;1;47.49927;-0.58299;4;1;1;2;1;1; -1;2;0;1;50;Blessé léger;5
202300016644;155 651 075;A01;1;0;0;1;1;5;203 811 616;1;1;4;1;1990.0;5;2;0;-1;18;11;2023;14:15;1;43;43041;2;1;1;7;45.05103;3.90832;9;-1;1;1;2;4; -1;1;9;5;-1;Blessé léger;5
202300016667;155 651 033;A01;7;0;2;3;15;1;203 811 563;1;1;1;1;1977.0;5;1;8;-1;15;9;2023;18:45;2;974;97411;2;2;1;3;-20.89302;55.48217;4;1;2;3;2;1; -1;1;9;1;50;Indemne;4
202300016667;155 651 033;A01;7;0;2;3;15;1;203 811 563;1;1;1;1;1977.0;5;1;8;-1;15;9;2023;18:45;2;974;97411;2;2;1;3;-20.89302;55.48217;4;2;2;0;1;1; -1;1;0;1;30;Indemne;4
202300016667;155 651 037;B01;1;0;2;3;25;5;203 811 568;1;1;4;1;1976.0;5;2;8;-1;15;9;2023;18:45;2;974;97411;2;2;1;3;-20.89302;55.48217;4;1;2;3;2;1; -1;1;9;1;50;Blessé léger;4
202300016667;155 651 037;B01;1;0;2;3;25;5;203 811 568;1;1;4;1;1976.0;5;2;8;-1;15;9;2023;18:45;2;974;97411;2;2;1;3;-20.89302;55.48217;4;2;2;0;1;1; -1;1;0;1;30;Blessé léger;4
202300016670;155 651 031;A01;7;0;2;3;10;2;203 811 561;1;1;1;1;1983.0;5;1;0;-1;24;12;2023;11:30;1;75;75118;2;5;1;3;48.887416;2.349681;4;1;0;0;1;1; -1;1;0;1;30;Indemne;6
202300016670;155 651 031;A01;7;0;2;3;10;2;203 811 561;1;1;1;1;1983.0;5;1;0;-1;24;12;2023;11:30;1;75;75118;2;5;1;3;48.887416;2.349681;4;1; -1;-1;1;1; -1;1;0;1;-1;Indemne;6
202300016670;155 651 036;B01;1;0;2;7;5;5;203 811 567;1;1;4;1;1998.0;5;8;0;-1;24;12;2023;11:30;1;75;75118;2;5;1;3;48.887416;2.349681;4;1;0;0;1;1; -1;1;0;1;30;Blessé léger;6
202300016670;155 651 036;B01;1;0;2;7;5;5;203 811 567;1;1;4;1;1998.0;5;8;0;-1;24;12;2023;11:30;1;75;75118;2;5;1;3;48.887416;2.349681;4;1; -1;-1;1;1; -1;1;0;1;-1;Blessé léger;6
202300016697;155 650 982;A01;7;0;2;3;15;1;203 811 499;1;1;1;1;1982.0;1;8;-1;-1;15;9;2023;08:25;1;69;69387;2;3;1;3;45.73389;4.84272;4;2;2;0;1;1; -1;1;0;1;30;Indemne;4
202300016697;155 650 982;A01;7;0;2;3;15;1;203 811 499;1;1;1;1;1982.0;1;8;-1;-1;15;9;2023;08:25;1;69;69387;2;3;1;3;45.73389;4.84272;4;2;2;0;1;1; -1;1;0;1;30;Indemne;4
202300016697;155 650 985;B01;1;0;2;1;1;0;203 811 503;1;1;4;2;1961.0;1;8;-1;-1;15;9;2023;08:25;1;69;69387;2;3;1;3;45.73389;4.84272;4;2;2;0;1;1; -1;1;0;1;30;Blessé léger;4
202300016697;155 650 985;B01;1;0;2;1;1;0;203 811 503;1;1;4;2;1961.0;1;8;-1;-1;15;9;2023;08:25;1;69;69387;2;3;1;3;45.73389;4.84272;4;2;2;0;1;1; -1;1;0;1;30;Blessé léger;4
202300016719;155 650 947;A01;1;0;2;0;0;5;203 811 450;1;1;4;1;1984.0;0;8;0;-1;31;5;2023;20:30;2;85;85191;2;1;1;2;46.65933;-1.43643;4;2;2;0;1;1; -1;1;0;1;30;Blessé léger;2
202300016722;155 650 940;A01;1;0;2;3;15;5;203 811 443;1;1;1;1;2003.0;9;8;0;-1;15;3;2023;18:30;2;75;75106;2;2;1;3;48.84734826;2.32792407;4;2;2;0;1;1; -1;1;0;1;30;Indemne;2
202300016722;155 650 940;A01;1;0;2;3;15;5;203 811 443;1;1;1;1;2003.0;9;8;0;-1;15;3;2023;18:30;2;75;75106;2;2;1;3;48.84734826;2.32792407;4;2;2;0;1;1; -1;1;0;1;30;Indemne;2
202300016722;155 650 942;B01;43;0;2;2;1;1;203 811 445;1;1;4;2;1978.0;9;2;6;-1;15;3;2023;18:30;2;75;75106;2;2;1;3;48.84734826;2.32792407;4;2;2;0;1;1; -1;1;0;1;30;Blessé léger;2
202300016722;155 650 942;B01;43;0;2;2;1;1;203 811 445;1;1;4;2;1978.0;9;2;6;-1;15;3;2023;18:30;2;75;75106;2;2;1;3;48.84734826;2.32792407;4;2;2;0;1;1; -1;1;0;1;30;Blessé léger;2
202300016727;155 650 933;A01;1;0;2;7;14;5;203 811 435;1;1;1;1;1965.0;9;8;0;-1;15;3;2023;09:30;1;75;75120;2;2;1;3;48.846883;2.413873;4;1; -1;-1;1;1; -1;1;0;5;-1;Indemne;2
202300016727;155 650 933;A01;1;0;2;7;14;5;203 811 435;1;1;1;1;1965.0;9;8;0;-1;15;3;2023;09:30;1;75;75120;2;2;1;3;48.846883;2.413873;4;1;1;1;1;3; -1;1;0;5;30;Indemne;2
202300016727;155 650 935;B01;1;0;2;8;1;5;203 811 437;1;1;4;2;1967.0;5;8;0;-1;15;3;2023;09:30;1;75;75120;2;2;1;3;48.846883;2.413873;4;1; -1;-1;1;1; -1;1;0;5;-1;Blessé léger;2
202300016727;155 650 935;B01;1;0;2;8;1;5;203 811 437;1;1;4;2;1967.0;5;8;0;-1;15;3;2023;09:30;1;75;75120;2;2;1;3;48.846883;2.413873;4;1;1;1;1;3; -1;1;0;5;30;Blessé léger;2
202300016740;155 650 910;A01;1;6;0;7;9;5;203 811 404;1;1;4;1;1982.0;5;2;0;-1;31;5;2023;12:20;1;78;78029;1;3;1;3;48.947946;1.846398;4;2;2;0;1;1; -1;1;0;1;50;Blessé léger;2
202300016740;155 650 910;A01;1;6;0;7;9;5;203 811 404;1;1;4;1;1982.0;5;2;0;-1;31;5;2023;12:20;1;78;78029;1;3;1;3;48.947946;1.846398;4;2; -1;-1;1;1; -1;1;0;1;-1;Blessé léger;2
202300016740;155 650 913;B01;7;6;0;1;1;1;203 811 408;1;1;1;2;1956.0;0;1;0;-1;31;5;2023;12:20;1;78;78029;1;3;1;3;48.947946;1.846398;4;2;2;0;1;1; -1;1;0;1;50;Indemne;2
202300016740;155 650 913;B01;7;6;0;1;1;1;203 811 408;1;1;1;2;1956.0;0;1;0;-1;31;5;2023;12:20;1;78;78029;1;3;1;3;48.947946;1.846398;4;2; -1;-1;1;1; -1;1;0;1;-1;Indemne;2
202300016745;155 650 899;A01;80;0;2;5;2;3;203 811 391;1;1;4;2;1990.0;0;2;0;-1;14;9;2023;17:20;1;86;86194;2;1;1;3;46.57256;0.33845;4;3;2;0;1;1; -1;1;0;1;30;Blessé léger;3
202300016745;155 650 901;B01;7;0;9;5;1;1;203 811 392;1;1;1;1;1995.0;0;1;0;-1;14;9;2023;17:20;1;86;86194;2;1;1;3;46.57256;0.33845;4;3;2;0;1;1; -1;1;0;1;30;Indemne;3
202300016751;155 650 887;A01;1;0;2;1;1;5;203 811 376;1;1;4;1;1976.0;4;2;8;-1;15;3;2023;10:50;1;94;94058;2;1;1;2;48.82985;2.51174;4;1;1;0;1;1; -1;1;0;1;30;Blessé léger;2
202300016751;155 650 889;B01;7;0;2;4;1;0;203 811 380;1;1;1;2;1980.0;5;1;0;-1;15;3;2023;10:50;1;94;94058;2;1;1;2;48.82985;2.51174;4;1;1;0;1;1; -1;1;0;1;30;Indemne;2
202300016782;155 650 831;A01;1;1;2;1;5;5;203 811 305;1;1;4;2;1991.0;1;2;0;-1;15;3;2023;09:05;1;92;92024;2;1;1;3;48.89760773;2.30061516;3;1;1;0;1;1; -1;1;0;1;50;Blessé léger;2
202300016792;155 650 812;B01;1;0;2;1;1;5;203 811 283;1;1;4;2;1967.0;0;8;0;-1;14;3;2023;09:30;1;92;92004;2;1;1;6;48.91246;2.27612;4;1;1;0;1;1; -1;2;0;1;50;Blessé léger;1
202300016792;155 650 813;A01;7;0;2;3;22;1;203 811 284;1;1;1;2;1972.0;0;8;0;-1;14;3;2023;09:30;1;92;92004;2;1;1;6;48.91246;2.27612;4;1;1;0;1;1; -1;2;0;1;50;Indemne;1
202300016805;155 650 792;A01;15;0;9;2;16;1;203 811 260;1;1;1;1;1979.0;1;1;-1;-1;15;9;2023;08:55;1;64;64445;2;6;1;3;43.319183;-0.307461;3;1;3;0;1;3; -1;1;0;5;30;Indemne;4
202300016805;155 650 793;B01;1;0;9;3;1;5;203 811 262;1;1;2;1;1984.0;1;2;-1;-1;15;9;2023;08:55;1;64;64445;2;6;1;3;43.319183;-0.307461;3;1;3;0;1;3; -1;1;0;5;30;Tué;4
202300016822;155 650 760;A01;7;0;2;3;9;0;203 811 221;1;1;1;1;1999.0;4;1;-1;-1;16;3;2023;12:05;1;68;68179;2;6;1;3;47.756936;7.018306;3;2;2;0;1;3;5,5;1;0;1;50;Indemne;3
202300016822;155 650 762;B01;80;0;2;7;26;3;203 811 223;1;1;3;1;1954.0;5;0;-1;-1;16;3;2023;12:05;1;68;68179;2;6;1;3;47.756936;7.018306;3;2;2;0;1;3;5,5;1;0;1;50;Blessé hospitalisé;3
202300016826;155 650 755;A01;1;0;2;0;1;5;203 811 214;1;1;4;2;1984.0;0;2;0;-1;14;9;2023;13:00;1;54;54265;2;1;1;1;48.63717;6.18355;4;2;1;1;1;1;7;1;0;5;30;Blessé léger;3
202300016826;155 650 756;B01;50;0;2;1;1;3;203 811 215;1;1;1;1;2001.0;0;2;0;-1;14;9;2023;13:00;1;54;54265;2;1;1;1;48.63717;6.18355;4;2;1;1;1;1;7;1;0;5;30;Indemne;3
202300016833;155 650 743;A01;14;0;2;1;15;1;203 811 193;1;1;1;1;1985.0;4;8;0;-1;15;9;2023;11:01;1;49;49007;2;2;1;3;47.46553;-0.55437;4;2;3;2;1;1; -1;1;0;1;50;Indemne;4
202300016833;155 650 743;A01;14;0;2;1;15;1;203 811 193;1;1;1;1;1985.0;4;8;0;-1;15;9;2023;11:01;1;49;49007;2;2;1;3;47.46553;-0.55437;4;2;4;3;1;1; -1;1;0;1;50;Indemne;4
202300016833;155 650 744;B01;1;0;2;0;0;5;203 811 195;1;1;2;2;1976.0;0;8;0;-1;15;9;2023;11:01;1;49;49007;2;2;1;3;47.46553;-0.55437;4;2;3;2;1;1; -1;1;0;1;50;Tué;4
202300016833;155 650 744;B01;1;0;2;0;0;5;203 811 195;1;1;2;2;1976.0;0;8;0;-1;15;9;2023;11:01;1;49;49007;2;2;1;3;47.46553;-0.55437;4;2;4;3;1;1; -1;1;0;1;50;Tué;4
202300016845;155 650 719;A01;7;0;2;2;15;1;203 811 166;1;1;1;1;1974.0;0;1;-1;-1;23;12;2023;19:05;2;69;69383;2;2;1;1;45.75401;4.86161;4;2;2;3;1;1; -1;1;0;6;30;Indemne;5
202300016845;155 650 719;A01;7;0;2;2;15;1;203 811 166;1;1;1;1;1974.0;0;1;-1;-1;23;12;2023;19:05;2;69;69383;2;2;1;1;45.75401;4.86161;4;2;3;3;1;1; -1;1;0;6;30;Indemne;5
202300016845;155 650 723;B01;1;0;2;0;0;5;203 811 172;1;1;4;1;1990.0;4;0;-1;-1;23;12;2023;19:05;2;69;69383;2;2;1;1;45.75401;4.86161;4;2;2;3;1;1; -1;1;0;6;30;Blessé léger;5
202300016845;155 650 723;B01;1;0;2;0;0;5;203 811 172;1;1;4;1;1990.0;4;0;-1;-1;23;12;2023;19:05;2;69;69383;2;2;1;1;45.75401;4.86161;4;2;3;3;1;1; -1;1;0;6;30;Blessé léger;5
202300016852;155 650 705;B01;7;0;2;3;1;1;203 811 148;1;1;1;2;1963.0;0;1;-1;-1;15;9;2023;18:15;1;35;35238;2;2;1;3;48.12605907;-1.69280112;4;2;2;1;1;1; -1;1;-1;1;50;Indemne;4
202300016852;155 650 705;B01;7;0;2;3;1;1;203 811 148;1;1;1;2;1963.0;0;1;-1;-1;15;9;2023;18:15;1;35;35238;2;2;1;3;48.12605907;-1.69280112;4;3;4;1;1;1; -1;1;5;1;50;Indemne;4
202300016852;155 650 706;A01;1;0;2;1;1;5;203 811 149;1;1;4;1;1996.0;0;8;-1;-1;15;9;2023;18:15;1;35;35238;2;2;1;3;48.12605907;-1.69280112;4;2;2;1;1;1; -1;1;-1;1;50;Blessé léger;4
202300016852;155 650 706;A01;1;0;2;1;1;5;203 811 149;1;1;4;1;1996.0;0;8;-1;-1;15;9;2023;18:15;1;35;35238;2;2;1;3;48.12605907;-1.69280112;4;3;4;1;1;1; -1;1;5;1;50;Blessé léger;4
202300016858;155 650 696;A01;80;0;2;6;13;3;203 811 136;1;1;4;1;1943.0;3;2;-1;-1;15;3;2023;10:40;1;69;69244;2;3;1;2;45.763892;4.779262;4;1;1;0;1;1; -1;1;0;1;50;Blessé léger;2
202300016858;155 650 696;A01;80;0;2;6;13;3;203 811 136;1;1;4;1;1943.0;3;2;-1;-1;15;3;2023;10:40;1;69;69244;2;3;1;2;45.763892;4.779262;4;2;2;3;1;1;12;1;0;1;50;Blessé léger;2
202300016858;155 650 698;B01;7;0;2;1;17;1;203 811 139;1;1;1;1;1937.0;0;8;-1;-1;15;3;2023;10:40;1;69;69244;2;3;1;2;45.763892;4.779262;4;1;1;0;1;1; -1;1;0;1;50;Indemne;2
202300016858;155 650 698;B01;7;0;2;1;17;1;203 811 139;1;1;1;1;1937.0;0;8;-1;-1;15;3;2023;10:40;1;69;69244;2;3;1;2;45.763892;4.779262;4;2;2;3;1;1;12;1;0;1;50;Indemne;2
202300016860;155 650 691;B01;1;0;2;4;1;5;203 811 132;1;1;4;1;2004.0;5;0;-1;-1;15;9;2023;19:10;1;33;33522;2;3;1;2;44.80434011;-0.5867359;4;2;2;0;1;1; -1;1;0;5;50;Blessé léger;4
202300016860;155 650 691;B01;1;0;2;4;1;5;203 811 132;1;1;4;1;2004.0;5;0;-1;-1;15;9;2023;19:10;1;33;33522;2;3;1;2;44.80434011;-0.5867359;4;2;2;2;1;1; -1;1;0;5;50;Blessé léger;4
202300016860;155 650 694;A01;7;0;2;1;16;1;203 811 135;1;1;1;1;1997.0;3;1;-1;-1;15;9;2023;19:10;1;33;33522;2;3;1;2;44.80434011;-0.5867359;4;2;2;0;1;1; -1;1;0;5;50;Indemne;4
202300016860;155 650 694;A01;7;0;2;1;16;1;203 811 135;1;1;1;1;1997.0;3;1;-1;-1;15;9;2023;19:10;1;33;33522;2;3;1;2;44.80434011;-0.5867359;4;2;2;2;1;1; -1;1;0;5;50;Indemne;4
202300016863;155 650 689;A01;1;1;0;9;26;5;203 811 129;1;1;4;1;1997.0;5;0;-1;-1;15;9;2023;02:15;3;33;33281;2;1;1;6;44.85468741;-0.64427599;4;2;2;2;1;1; -1;1;0;1;50;Blessé léger;4
202300016924;155 650 574;A01;7;0;9;3;1;1;203 810 986;1;1;1;1;1953.0;5;8;0;-1;14;9;2023;07:48;1;10;10387;2;6;1;3;48.27644;4.08015;4;2;2;0;1;1; -1;1;0;1;50;Indemne;3
202300016924;155 650 574;A01;7;0;9;3;1;1;203 810 986;1;1;1;1;1953.0;5;8;0;-1;14;9;2023;07:48;1;10;10387;2;6;1;3;48.27644;4.08015;4;2;2;0;1;1; -1;1;0;1;50;Indemne;3
202300016924;155 650 575;B01;1;0;2;2;1;5;203 810 987;1;1;4;2;2005.0;2;8;0;-1;14;9;2023;07:48;1;10;10387;2;6;1;3;48.27644;4.08015;4;2;2;0;1;1; -1;1;0;1;50;Blessé léger;3
202300016924;155 650 575;B01;1;0;2;2;1;5;203 810 987;1;1;4;2;2005.0;2;8;0;-1;14;9;2023;07:48;1;10;10387;2;6;1;3;48.27644;4.08015;4;2;2;0;1;1; -1;1;0;1;50;Blessé léger;3
202300016944;155 650 542;AB01;80;0;2;7;19;3;203 810 943;1;1;4;2;1982.0;9;0;0;0;15;9;2023;09:50;1;75;75117;2;1;1;3;48.885647;2.30669;4;2;4;1;1;1; -1;1;0;5;30;Blessé léger;4
202300016944;155 650 544;A01;43;0;2;1;1;1;203 810 945;1;1;1;1;1988.0;1;2;6;-1;15;9;2023;09:50;1;75;75117;2;1;1;3;48.885647;2.30669;4;2;4;1;1;1; -1;1;0;5;30;Indemne;4
202300016947;155 650 537;A01;1;0;0;1;1;5;203 810 936;1;1;4;1;2003.0;2;8;0;-1;15;9;2023;12:03;1;75;75115;2;1;1;7;48.837206;2.273879;4;1;2;1;4;1; -1;1;0;5;30;Blessé léger;4
202300016953;155 650 527;A01;1;0;2;1;15;5;203 810 923;1;1;4;2;1999.0;9;8;0;-1;15;9;2023;00:24;5;75;75111;2;2;1;1;48.8547;2.385324;4;2;2;2;1;1; -1;1;0;1;30;Blessé léger;4
202300016953;155 650 527;A01;1;0;2;1;15;5;203 810 923;1;1;4;2;1999.0;9;8;0;-1;15;9;2023;00:24;5;75;75111;2;2;1;1;48.8547;2.385324;4;2;2;0;1;1; -1;1;0;1;30;Blessé léger;4
202300016953;155 650 528;B01;7;0;2;2;16;1;203 810 924;1;1;1;1;1981.0;9;8;0;-1;15;9;2023;00:24;5;75;75111;2;2;1;1;48.8547;2.385324;4;2;2;2;1;1; -1;1;0;1;30;Indemne;4
202300016953;155 650 528;B01;7;0;2;2;16;1;203 810 924;1;1;1;1;1981.0;9;8;0;-1;15;9;2023;00:24;5;75;75111;2;2;1;1;48.8547;2.385324;4;2;2;0;1;1; -1;1;0;1;30;Indemne;4
202300016956;155 650 525;A01;1;12;0;2;16;5;203 810 920;1;1;4;1;1991.0;5;8;0;-1;15;9;2023;01:50;5;75;75109;2;2;1;6;48.875895;2.339896;4;1; -1;-1;1;1; -1;1;0;1;-1;Blessé léger;4
202300016956;155 650 525;A01;1;12;0;2;16;5;203 810 920;1;1;4;1;1991.0;5;8;0;-1;15;9;2023;01:50;5;75;75109;2;2;1;6;48.875895;2.339896;4;1;1;1;1;1; -1;1;0;1;30;Blessé léger;4
202300016960;155 650 518;A01;80;0;1;1;1;3;203 810 910;1;1;1;1;2001.0;2;8;0;-1;15;9;2023;12:10;1;75;75107;2;2;1;6;48.857964;2.315212;4;2; -1;-1;1;1; -1;1;0;1;-1;Indemne;4
202300016960;155 650 518;A01;80;0;1;1;1;3;203 810 910;1;1;1;1;2001.0;2;8;0;-1;15;9;2023;12:10;1;75;75107;2;2;1;6;48.857964;2.315212;4;1;1;0;1;1; -1;1;0;1;30;Indemne;4
202300016960;155 650 518;A01;80;0;1;1;1;3;203 810 911;10;3;4;2;1965.0;1;0;-1;-1;15;9;2023;12:10;1;75;75107;2;2;1;6;48.857964;2.315212;4;2; -1;-1;1;1; -1;1;0;1;-1;Blessé léger;4
202300016960;155 650 518;A01;80;0;1;1;1;3;203 810 911;10;3;4;2;1965.0;1;0;-1;-1;15;9;2023;12:10;1;75;75107;2;2;1;6;48.857964;2.315212;4;1;1;0;1;1; -1;1;0;1;30;Blessé léger;4
202300016982;155 650 479;A01;7;0;2;3;2;1;203 810 857;1;1;1;1;1952.0;9;1;0;-1;15;9;2023;09:25;1;93;93046;2;2;1;3;48.92129;2.51913;4;1;1;2;1;1; -1;1;0;1;50;Indemne;4
202300016982;155 650 479;A01;7;0;2;3;2;1;203 810 857;1;1;1;1;1952.0;9;1;0;-1;15;9;2023;09:25;1;93;93046;2;2;1;3;48.92129;2.51913;4;2;2;0;1;1; -1;1;0;1;50;Indemne;4
202300016982;155 650 481;B01;1;0;2;1;19;5;203 810 859;1;1;4;1;2009.0;2;8;0;-1;15;9;2023;09:25;1;93;93046;2;2;1;3;48.92129;2.51913;4;1;1;2;1;1; -1;1;0;1;50;Blessé léger;4
202300016982;155 650 481;B01;1;0;2;1;19;5;203 810 859;1;1;4;1;2009.0;2;8;0;-1;15;9;2023;09:25;1;93;93046;2;2;1;3;48.92129;2.51913;4;2;2;0;1;1; -1;1;0;1;50;Blessé léger;4
202300016983;155 650 475;A01;7;0;9;3;15;1;203 810 852;1;1;1;1;1966.0;1;1;8;-1;23;12;2023;06:20;5;27;27701;2;3;2;3;49.25208;1.17674;4;2;2;1;2;1; -1;2;0;5;50;Indemne;5
202300016983;155 650 475;A01;7;0;9;3;15;1;203 810 852;1;1;1;1;1966.0;1;1;8;-1;23;12;2023;06:20;5;27;27701;2;3;2;3;49.25208;1.17674;4;2;2;0;2;1; -1;2;0;1;50;Indemne;5