Num_Acc;id_vehicule;num_veh;catv;obs;obsm;choc;manv;motor;id_usager;place;catu;grav;sexe;an_nais;trajet;secu1;secu2;secu3;jour;mois;an;hrmn;lum;dep;com;agg;int;atm;col;lat;long;catr;circ;nbv;vosp;prof;plan;larrout;surf;infra;situ;vma;gravity;day_of_week
202300016983;155 650 477;B01;1;0;2;1;1;5;203 810 854;1;1;4;1;2005.0;1;8;0;-1;23;12;2023;06:20;5;27;27701;2;3;2;3;49.25208;1.17674;4;2;2;1;2;1; -1;2;0;5;50;Blessé léger;5
202300016983;155 650 477;B01;1;0;2;1;1;5;203 810 854;1;1;4;1;2005.0;1;8;0;-1;23;12;2023;06:20;5;27;27701;2;3;2;3;49.25208;1.17674;4;2;2;0;2;1; -1;2;0;1;50;Blessé léger;5
202300017006;155 650 439;A01;10;0;2;3;1;1;203 810 807;1;1;1;1;1956.0;5;1;0;-1;23;12;2023;03:30;5;75;75119;2;3;1;1;48.892484;2.374716;4;1; -1;0;1;1; -1;1;0;1;30;Indemne;5
202300017006;155 650 439;A01;10;0;2;3;1;1;203 810 807;1;1;1;1;1956.0;5;1;0;-1;23;12;2023;03:30;5;75;75119;2;3;1;1;48.892484;2.374716;4;1;2;3;1;1; -1;1;0;1;30;Indemne;5
202300017006;155 650 440;B01;1;0;2;1;5;5;203 810 808;1;1;4;1;1999.0;9;8;0;-1;23;12;2023;03:30;5;75;75119;2;3;1;1;48.892484;2.374716;4;1; -1;0;1;1; -1;1;0;1;30;Blessé léger;5
202300017006;155 650 440;B01;1;0;2;1;5;5;203 810 808;1;1;4;1;1999.0;9;8;0;-1;23;12;2023;03:30;5;75;75119;2;3;1;1;48.892484;2.374716;4;1;2;3;1;1; -1;1;0;1;30;Blessé léger;5
202300017016;155 650 426;A01;1;0;6;0;0;5;203 810 788;1;1;3;1;1953.0;5;2;-1;-1;15;9;2023;13:40;1;88;88492;1;1;1;6;48.062617;7.019545;3;3;2;0;2;2;5,5;1;0;1;80;Blessé hospitalisé;4
202300017022;155 650 417;A01;1;1;1;1;1;5;203 810 776;1;1;1;1;2006.0;1;8;0;-1;22;12;2023;16:55;5;75;75110;2;3;2;6;48.87381509;2.35677204;4;2;5;1;1;1; -1;2;0;5;30;Indemne;4
202300017022;155 650 417;A01;1;1;1;1;1;5;203 810 776;1;1;1;1;2006.0;1;8;0;-1;22;12;2023;16:55;5;75;75110;2;3;2;6;48.87381509;2.35677204;4;1; -1;-1;1;1; -1;2;0;5;30;Indemne;4
202300017022;155 650 417;A01;1;1;1;1;1;5;203 810 777;10;3;3;1;1957.0;5;0;-1;-1;22;12;2023;16:55;5;75;75110;2;3;2;6;48.87381509;2.35677204;4;2;5;1;1;1; -1;2;0;5;30;Blessé hospitalisé;4
202300017022;155 650 417;A01;1;1;1;1;1;5;203 810 777;10;3;3;1;1957.0;5;0;-1;-1;22;12;2023;16:55;5;75;75110;2;3;2;6;48.87381509;2.35677204;4;1; -1;-1;1;1; -1;2;0;5;30;Blessé hospitalisé;4
202300017050;155 650 369;A01;7;0;9;1;2;1;203 810 705;1;1;1;1;1993.0;5;8;-1;-1;23;12;2023;16:03;1;49;49244;2;1;2;2;47.392194;-0.863677;3;1;2;0;1;1;4;2;0;1;50;Indemne;5
202300017050;155 650 370;B01;1;0;2;4;1;5;203 810 706;1;1;3;1;2004.0;5;2;-1;-1;23;12;2023;16:03;1;49;49244;2;1;2;2;47.392194;-0.863677;3;1;2;0;1;1;4;2;0;1;50;Blessé hospitalisé;5
202300017059;155 650 350;A01;7;0;2;3;1;1;203 810 676;1;1;1;1;1990.0;1;1;-1;-1;16;9;2023;08:00;1;68;68192;1;1;7;1;47.623109;7.045519;4;2;2;0;1;3; -1;1;0;1;80;Indemne;5
202300017059;155 650 351;B01;1;0;0;1;1;5;203 810 677;1;1;3;1;1971.0;5;2;-1;-1;16;9;2023;08:00;1;68;68192;1;1;7;1;47.623109;7.045519;4;2;2;0;1;3; -1;1;0;1;80;Blessé hospitalisé;5
202300017062;155 650 344;B01;80;0;2;8;1;3;203 810 670;1;1;3;1;2004.0;5;0;-1;-1;22;12;2023;23:00;3;79;79293;1;1;1;1;46.370284;-0.50188;3;2;2;0;1;1;6;1;0;1;80;Blessé hospitalisé;4
202300017062;155 650 346;A01;7;0;9;3;17;1;203 810 671;1;1;1;1;1998.0;5;8;-1;-1;22;12;2023;23:00;3;79;79293;1;1;1;1;46.370284;-0.50188;3;2;2;0;1;1;6;1;0;1;80;Indemne;4
202300017134;155 650 215;A01;7;0;9;3;2;1;203 810 438;1;1;1;1;2002.0;5;1;-1;-1;16;9;2023;12:10;1;38;38072;2;1;1;4;45.304969;4.809823;3;2;2;0;1;1; -1;1;0;1;50;Indemne;5
202300017134;155 650 216;B01;7;0;0;5;17;1;203 810 440;1;1;1;1;1970.0;5;1;-1;-1;16;9;2023;12:10;1;38;38072;2;1;1;4;45.304969;4.809823;3;2;2;0;1;1; -1;1;0;1;50;Indemne;5
202300017134;155 650 216;B01;7;0;0;5;17;1;203 810 441;2;2;1;1;1964.0;5;1;-1;-1;16;9;2023;12:10;1;38;38072;2;1;1;4;45.304969;4.809823;3;2;2;0;1;1; -1;1;0;1;50;Indemne;5
202300017134;155 650 218;C01;1;0;0;8;1;5;203 810 443;1;1;3;1;1984.0;9;0;-1;-1;16;9;2023;12:10;1;38;38072;2;1;1;4;45.304969;4.809823;3;2;2;0;1;1; -1;1;0;1;50;Blessé hospitalisé;5
202300017145;155 650 195;A01;1;0;2;1;1;5;203 810 417;1;1;3;2;2008.0;5;0;-1;-1;15;9;2023;18:50;1;80;80212;2;2;1;3;49.90881;2.507993;4;1;1;0;1;1; -1;1;0;1;50;Blessé hospitalisé;4
202300017145;155 650 195;A01;1;0;2;1;1;5;203 810 417;1;1;3;2;2008.0;5;0;-1;-1;15;9;2023;18:50;1;80;80212;2;2;1;3;49.90881;2.507993;4;1;1;0;2;1; -1;1;2;1;50;Blessé hospitalisé;4
202300017145;155 650 197;B01;7;0;0;8;1;1;203 810 419;1;1;1;2;1993.0;0;1;-1;-1;15;9;2023;18:50;1;80;80212;2;2;1;3;49.90881;2.507993;4;1;1;0;1;1; -1;1;0;1;50;Indemne;4
202300017145;155 650 197;B01;7;0;0;8;1;1;203 810 419;1;1;1;2;1993.0;0;1;-1;-1;15;9;2023;18:50;1;80;80212;2;2;1;3;49.90881;2.507993;4;1;1;0;2;1; -1;1;2;1;50;Indemne;4
202300017149;155 650 188;A01;7;0;2;2;1;0;203 810 408;1;1;1;1;1945.0;0;1;-1;-1;15;9;2023;19:40;2;59;59377;2;3;7;3;50.122628;3.170859;4;2;2;0;1;1; -1;1;0;1;50;Indemne;4
202300017149;155 650 188;A01;7;0;2;2;1;0;203 810 408;1;1;1;1;1945.0;0;1;-1;-1;15;9;2023;19:40;2;59;59377;2;3;7;3;50.122628;3.170859;4;2; -1;-1;-1;-1; -1;-1;-1;-1;-1;Indemne;4
202300017149;155 650 189;B01;1;0;2;6;15;5;203 810 409;1;1;4;1;1968.0;5;2;-1;-1;15;9;2023;19:40;2;59;59377;2;3;7;3;50.122628;3.170859;4;2;2;0;1;1; -1;1;0;1;50;Blessé léger;4
202300017149;155 650 189;B01;1;0;2;6;15;5;203 810 409;1;1;4;1;1968.0;5;2;-1;-1;15;9;2023;19:40;2;59;59377;2;3;7;3;50.122628;3.170859;4;2; -1;-1;-1;-1; -1;-1;-1;-1;-1;Blessé léger;4
202300017159;155 650 163;B01;1;0;2;7;1;5;203 810 378;1;1;4;2;1973.0;5;2;0;-1;2;2;2023;19:15;5;75;75117;2;1;1;3;48.887231;2.309386;4;2;2;1;1;1; -1;1;-1;5;30;Blessé léger;3
202300017159;155 650 164;A01;32;0;2;1;9;1;203 810 379;1;1;1;1;1963.0;4;2;6;-1;2;2;2023;19:15;5;75;75117;2;1;1;3;48.887231;2.309386;4;2;2;1;1;1; -1;1;-1;5;30;Indemne;3
202300017164;155 650 157;A01;1;0;0;0;1;5;203 810 368;1;1;1;1;1971.0;5;8;0;-1;2;2;2023;01:10;5;75;75110;2;3;1;7;48.870762;2.365396;4;1;2;2;1;1; -1;1;-1;5;30;Indemne;3
202300017164;155 650 157;A01;1;0;0;0;1;5;203 810 368;1;1;1;1;1971.0;5;8;0;-1;2;2;2023;01:10;5;75;75110;2;3;1;7;48.870762;2.365396;4;1;2;2;1;1; -1;1;-1;5;30;Indemne;3
202300017164;155 650 157;A01;1;0;0;0;1;5;203 810 369;2;2;3;1;1973.0;5;8;0;-1;2;2;2023;01:10;5;75;75110;2;3;1;7;48.870762;2.365396;4;1;2;2;1;1; -1;1;-1;5;30;Blessé hospitalisé;3
202300017164;155 650 157;A01;1;0;0;0;1;5;203 810 369;2;2;3;1;1973.0;5;8;0;-1;2;2;2023;01:10;5;75;75110;2;3;1;7;48.870762;2.365396;4;1;2;2;1;1; -1;1;-1;5;30;Blessé hospitalisé;3
202300017177;155 650 133;A01;7;9;2;2;16;5;203 810 336;1;1;1;1;2003.0;1;1;0;-1;2;2;2023;18:30;5;93;93048;2;2;1;3;48.8731;2.45368;3;2;2;1;2;1; -1;1;0;1;30;Indemne;3
202300017177;155 650 133;A01;7;9;2;2;16;5;203 810 336;1;1;1;1;2003.0;1;1;0;-1;2;2;2023;18:30;5;93;93048;2;2;1;3;48.8731;2.45368;3;2;2;0;2;1; -1;1;0;1;30;Indemne;3
202300017177;155 650 134;B01;1;0;0;0;0;5;203 810 337;1;1;4;1;1980.0;0;8;0;-1;2;2;2023;18:30;5;93;93048;2;2;1;3;48.8731;2.45368;3;2;2;1;2;1; -1;1;0;1;30;Blessé léger;3
202300017177;155 650 134;B01;1;0;0;0;0;5;203 810 337;1;1;4;1;1980.0;0;8;0;-1;2;2;2023;18:30;5;93;93048;2;2;1;3;48.8731;2.45368;3;2;2;0;2;1; -1;1;0;1;30;Blessé léger;3
202300017178;155 650 131;B01;1;0;2;1;2;5;203 810 334;1;1;3;1;1994.0;0;8;0;-1;2;2;2023;16:00;1;93;93008;2;1;1;2;48.90685;2.430665;3;3;2;0;4;1; -1;1;0;1;50;Blessé hospitalisé;3
202300017178;155 650 132;A01;7;0;2;4;23;1;203 810 335;1;1;3;1;1972.0;0;1;0;-1;2;2;2023;16:00;1;93;93008;2;1;1;2;48.90685;2.430665;3;3;2;0;4;1; -1;1;0;1;50;Blessé hospitalisé;3
202300017185;155 650 118;A01;38;0;2;7;16;1;203 810 320;1;1;1;1;1972.0;4;1;0;-1;1;2;2023;13:55;1;92;92036;2;2;1;3;48.92195238;2.29480737;3;2;2;0;1;1; -1;1;0;1;50;Indemne;2
202300017185;155 650 118;A01;38;0;2;7;16;1;203 810 320;1;1;1;1;1972.0;4;1;0;-1;1;2;2023;13:55;1;92;92036;2;2;1;3;48.92195238;2.29480737;3;2;2;0;1;1; -1;1;0;1;50;Indemne;2
202300017185;155 650 119;B01;1;0;2;8;16;5;203 810 321;1;1;2;1;1927.0;3;2;0;-1;1;2;2023;13:55;1;92;92036;2;2;1;3;48.92195238;2.29480737;3;2;2;0;1;1; -1;1;0;1;50;Tué;2
202300017185;155 650 119;B01;1;0;2;8;16;5;203 810 321;1;1;2;1;1927.0;3;2;0;-1;1;2;2023;13:55;1;92;92036;2;2;1;3;48.92195238;2.29480737;3;2;2;0;1;1; -1;1;0;1;50;Tué;2
202300017192;155 650 108;A01;80;0;1;0;26;3;203 810 308;10;3;4;2;2006.0;2;0;-1;-1;31;1;2023;11:30;1;68;68112;2;1;1;6;47.903698;7.217398;4;2;2;0;1;1; -1;1;0;4;50;Blessé léger;1
202300017192;155 650 108;A01;80;0;1;0;26;3;203 810 309;1;1;1;2;2001.0;1;0;-1;-1;31;1;2023;11:30;1;68;68112;2;1;1;6;47.903698;7.217398;4;2;2;0;1;1; -1;1;0;4;50;Indemne;1
202300017207;155 650 083;B01;7;0;9;2;2;1;203 810 273;1;1;1;2;1975.0;2;1;-1;-1;2;2;2023;08:30;1;34;34150;1;1;1;2;43.36493463;3.51572885;3;2;2;0;2;1; -1;1;0;1;70;Indemne;3
202300017207;155 650 084;A01;1;0;2;4;2;5;203 810 274;1;1;2;2;1950.0;5;2;-1;-1;2;2;2023;08:30;1;34;34150;1;1;1;2;43.36493463;3.51572885;3;2;2;0;2;1; -1;1;0;1;70;Tué;3
202300017241;155 650 033;A01;1;16;2;8;13;5;203 810 198;1;1;3;1;1950.0;5;2;9;-1;2;2;2023;10:30;1;35;35191;1;1;8;3;48.456559;-1.304841;3;2;2;0;2;2; -1;1;0;3;80;Blessé hospitalisé;3
202300017241;155 650 034;B01;1;0;2;7;2;5;203 810 199;1;1;4;1;1955.0;5;2;9;-1;2;2;2023;10:30;1;35;35191;1;1;8;3;48.456559;-1.304841;3;2;2;0;2;2; -1;1;0;3;80;Blessé léger;3
202300017252;155 650 009;A01;7;0;2;3;1;1;203 810 170;1;1;1;2;1971.0;5;1;0;-1;1;2;2023;19:40;5;974;97407;2;1;1;3;-20.93358;55.30734;4;-1;0;1;1;1; -1;1;9;5;30;Indemne;2
202300017252;155 650 010;B01;1;0;2;3;19;5;203 810 171;1;1;4;1;2012.0;5;0;-1;-1;1;2;2023;19:40;5;974;97407;2;1;1;3;-20.93358;55.30734;4;-1;0;1;1;1; -1;1;9;5;30;Blessé léger;2
202300017254;155 650 005;A01;80;0;2;1;15;3;203 810 166;1;1;4;1;1999.0;5;2;0;-1;1;2;2023;16:15;1;973;97302;2;3;1;3;4.92878908;-52.29843423;3;2;2;0;1;1; -1;1;0;1;50;Blessé léger;2
202300017254;155 650 005;A01;80;0;2;1;15;3;203 810 166;1;1;4;1;1999.0;5;2;0;-1;1;2;2023;16:15;1;973;97302;2;3;1;3;4.92878908;-52.29843423;3;2;2;0;1;1; -1;1;0;1;50;Blessé léger;2
202300017254;155 650 006;B01;7;0;2;3;1;1;203 810 167;1;1;1;2;1965.0;0;1;0;-1;1;2;2023;16:15;1;973;97302;2;3;1;3;4.92878908;-52.29843423;3;2;2;0;1;1; -1;1;0;1;50;Indemne;2
202300017254;155 650 006;B01;7;0;2;3;1;1;203 810 167;1;1;1;2;1965.0;0;1;0;-1;1;2;2023;16:15;1;973;97302;2;3;1;3;4.92878908;-52.29843423;3;2;2;0;1;1; -1;1;0;1;50;Indemne;2
202300017270;155 649 972;B01;80;0;2;1;1;3;203 810 122;1;1;4;1;1973.0;0;2;0;-1;1;2;2023;18:55;2;74;74010;2;3;1;3;45.90712;6.135;4;2;1;0;1;1; -1;1;0;1;30;Blessé léger;2
202300017270;155 649 972;B01;80;0;2;1;1;3;203 810 122;1;1;4;1;1973.0;0;2;0;-1;1;2;2023;18:55;2;74;74010;2;3;1;3;45.90712;6.135;4;2;2;0;1;1; -1;1;0;1;30;Blessé léger;2
202300017270;155 649 973;A01;7;0;2;2;15;1;203 810 123;1;1;1;2;1972.0;0;1;8;-1;1;2;2023;18:55;2;74;74010;2;3;1;3;45.90712;6.135;4;2;1;0;1;1; -1;1;0;1;30;Indemne;2
202300017270;155 649 973;A01;7;0;2;2;15;1;203 810 123;1;1;1;2;1972.0;0;1;8;-1;1;2;2023;18:55;2;74;74010;2;3;1;3;45.90712;6.135;4;2;2;0;1;1; -1;1;0;1;30;Indemne;2
202300017295;155 649 930;B01;1;0;2;0;25;5;203 810 066;1;1;4;1;2004.0;2;8;0;-1;1;2;2023;12:15;1;31;31555;2;9;1;3;43.60109;1.45674;4;1;2;0;1;1; -1;1;0;1;50;Blessé léger;2
202300017295;155 649 931;A01;7;0;2;2;1;1;203 810 067;1;1;1;1;1985.0;4;1;8;-1;1;2;2023;12:15;1;31;31555;2;9;1;3;43.60109;1.45674;4;1;2;0;1;1; -1;1;0;1;50;Indemne;2
202300017304;155 649 911;P01;1;0;2;0;0;5;203 810 042;1;1;4;1;1957.0;0;0;-1;-1;29;1;2023;11:30;1;13;13098;1;1;1;3;43.46581;4.98045;3;-1;2;0;1;1; -1;1;0;1;70;Blessé léger;6
202300017310;155 649 902;A01;1;8;0;1;14;5;203 810 030;1;1;2;1;1989.0;1;8;0;-1;31;1;2023;08:40;1;75;75119;2;2;1;6;48.8899;2.383086;4;2; -1;-1;1;1; -1;1;-1;5;-1;Tué;1
202300017310;155 649 902;A01;1;8;0;1;14;5;203 810 030;1;1;2;1;1989.0;1;8;0;-1;31;1;2023;08:40;1;75;75119;2;2;1;6;48.8899;2.383086;4;1;1;1;1;1; -1;1;-1;5;30;Tué;1
202300017311;155 649 900;A01;80;0;2;7;12;3;203 810 028;1;1;4;1;1981.0;9;8;0;-1;1;2;2023;05:40;5;75;75119;2;2;1;1;48.884177;2.3686;4;1;1;0;1;2; -1;1;0;1;30;Blessé léger;2
202300017311;155 649 900;A01;80;0;2;7;12;3;203 810 028;1;1;4;1;1981.0;9;8;0;-1;1;2;2023;05:40;5;75;75119;2;2;1;1;48.884177;2.3686;4;3; -1;-1;1;1; -1;1;0;1;-1;Blessé léger;2
202300017311;155 649 901;B01;2;0;2;1;1;3;203 810 029;1;1;1;1;1999.0;1;2;6;-1;1;2;2023;05:40;5;75;75119;2;2;1;1;48.884177;2.3686;4;1;1;0;1;2; -1;1;0;1;30;Indemne;2
202300017311;155 649 901;B01;2;0;2;1;1;3;203 810 029;1;1;1;1;1999.0;1;2;6;-1;1;2;2023;05:40;5;75;75119;2;2;1;1;48.884177;2.3686;4;3; -1;-1;1;1; -1;1;0;1;-1;Indemne;2
202300017312;155 649 899;A01;1;12;0;8;13;5;203 810 027;1;1;4;1;1974.0;1;2;6;-1;1;2;2023;07:40;2;75;75117;2;7;1;6;48.875774;2.289028;4;2;6;1;1;1; -1;1;-1;5;30;Blessé léger;2
202300017312;155 649 899;A01;1;12;0;8;13;5;203 810 027;1;1;4;1;1974.0;1;2;6;-1;1;2;2023;07:40;2;75;75117;2;7;1;6;48.875774;2.289028;4;2; -1;-1;1;1; -1;1;-1;5;-1;Blessé léger;2
202300017314;155 649 895;A01;10;0;2;5;22;1;203 810 023;1;1;1;1;1981.0;4;1;0;-1;1;2;2023;16:20;1;75;75110;2;3;1;3;48.871706;2.365387;4;2; -1;-1;1;1; -1;1;-1;5;-1;Indemne;2
202300017314;155 649 895;A01;10;0;2;5;22;1;203 810 023;1;1;1;1;1981.0;4;1;0;-1;1;2;2023;16:20;1;75;75110;2;3;1;3;48.871706;2.365387;4;1;2;1;1;1; -1;1;-1;5;30;Indemne;2
202300017314;155 649 896;B01;1;0;2;3;1;5;203 810 024;1;1;4;1;1990.0;9;8;0;-1;1;2;2023;16:20;1;75;75110;2;3;1;3;48.871706;2.365387;4;2; -1;-1;1;1; -1;1;-1;5;-1;Blessé léger;2
202300017314;155 649 896;B01;1;0;2;3;1;5;203 810 024;1;1;4;1;1990.0;9;8;0;-1;1;2;2023;16:20;1;75;75110;2;3;1;3;48.871706;2.365387;4;1;2;1;1;1; -1;1;-1;5;30;Blessé léger;2
202300017315;155 649 893;B01;1;0;2;1;1;5;203 810 021;1;1;4;1;2000.0;9;2;0;-1;31;1;2023;23:00;5;75;75110;2;2;1;3;48.874803;2.357405;4;3;4;1;1;1; -1;1;-1;5;30;Blessé léger;1
202300017315;155 649 893;B01;1;0;2;1;1;5;203 810 021;1;1;4;1;2000.0;9;2;0;-1;31;1;2023;23:00;5;75;75110;2;2;1;3;48.874803;2.357405;4;2;4;1;1;1; -1;1;-1;5;30;Blessé léger;1
202300017315;155 649 894;A01;7;0;2;3;1;1;203 810 022;1;1;1;1;1951.0;9;1;0;-1;31;1;2023;23:00;5;75;75110;2;2;1;3;48.874803;2.357405;4;3;4;1;1;1; -1;1;-1;5;30;Indemne;1
202300017315;155 649 894;A01;7;0;2;3;1;1;203 810 022;1;1;1;1;1951.0;9;1;0;-1;31;1;2023;23:00;5;75;75110;2;2;1;3;48.874803;2.357405;4;2;4;1;1;1; -1;1;-1;5;30;Indemne;1
202300017323;155 649 878;A01;10;0;2;4;1;1;203 810 000;1;1;1;1;1942.0;0;1;0;-1;1;2;2023;16:15;1;94;94071;2;6;1;2;48.75987303;2.52693844;3;1;1;0;1;2; -1;1;9;1;30;Indemne;2
202300017323;155 649 879;B01;1;0;2;4;1;5;203 810 001;1;1;4;1;1943.0;0;0;-1;-1;1;2;2023;16:15;1;94;94071;2;6;1;2;48.75987303;2.52693844;3;1;1;0;1;2; -1;1;9;1;30;Blessé léger;2
202300017329;155 649 867;A01;80;0;1;3;0;3;203 809 986;10;3;4;1;1951.0;1;0;-1;-1;1;2;2023;18:25;1;93;93008;2;9;1;6;48.90661;2.45081;4;1;1;0;1;1; -1;1;0;1;50;Blessé léger;2
202300017329;155 649 867;A01;80;0;1;3;0;3;203 809 987;1;1;1;1;2002.0;0;8;0;-1;1;2;2023;18:25;1;93;93008;2;9;1;6;48.90661;2.45081;4;1;1;0;1;1; -1;1;0;1;50;Indemne;2
202300017333;155 649 860;A01;7;0;2;3;24;1;203 809 978;1;1;1;1;1971.0;1;8;0;-1;1;2;2023;07:40;1;92;92077;2;1;1;3;48.828409;2.190734;3;-1;2;0;1;1; -1;1;0;1;50;Indemne;2
202300017333;155 649 861;B01;1;1;0;1;1;5;203 809 979;1;1;4;2;2005.0;2;8;0;-1;1;2;2023;07:40;1;92;92077;2;1;1;3;48.828409;2.190734;3;-1;2;0;1;1; -1;1;0;1;50;Blessé léger;2
202300017340;155 649 849;B01;1;0;0;4;2;5;203 809 964;1;1;4;1;2004.0;5;0;-1;-1;31;1;2023;21:10;3;26;26330;1;1;1;2;45.279748;4.927497;3;2;2;0;1;1;5,5;1;0;1;80;Blessé léger;1
202300017340;155 649 850;A01;7;0;9;2;2;1;203 809 965;1;1;1;2;1988.0;1;1;-1;-1;31;1;2023;21:10;3;26;26330;1;1;1;2;45.279748;4.927497;3;2;2;0;1;1;5,5;1;0;1;80;Indemne;1
202300017383;155 649 764;C01;1;0;2;9;17;5;203 809 853;1;1;4;1;2006.0;5;2;-1;-1;22;5;2023;18:45;1;74;74024;2;1;1;5;46.081972;6.439741;3;2;2;0;2;1; -1;1;0;1;50;Blessé léger;0
202300017383;155 649 765;A01;38;0;2;8;1;1;203 809 854;1;1;1;1;1974.0;4;1;-1;-1;22;5;2023;18:45;1;74;74024;2;1;1;5;46.081972;6.439741;3;2;2;0;2;1; -1;1;0;1;50;Indemne;0
202300017383;155 649 766;B01;7;0;2;3;1;1;203 809 855;1;1;1;1;1954.0;5;1;-1;-1;22;5;2023;18:45;1;74;74024;2;1;1;5;46.081972;6.439741;3;2;2;0;2;1; -1;1;0;1;50;Indemne;0
202300017417;155 649 703;B01;1;0;0;0;0;5;203 809 772;1;1;4;1;1997.0;9;2;0;-1;16;10;2023;18:25;5;77;77096;2;1;1;6;48.48671;2.69634;3;4;1;0;1;2; -1;1;2;1;50;Blessé léger;0
202300017427;155 649 683;A01;1;0;2;1;1;5;203 809 748;1;1;4;1;1996.0;0;8;0;-1;16;10;2023;14:55;1;71;71118;1;6;1;3;46.78054;4.79708;4;2;2;0;2;1; -1;1;0;1;50;Blessé léger;0
202300017427;155 649 683;A01;1;0;2;1;1;5;203 809 748;1;1;4;1;1996.0;0;8;0;-1;16;10;2023;14:55;1;71;71118;1;6;1;3;46.78054;4.79708;4;1;2;0;2;1; -1;1;0;1;50;Blessé léger;0
202300017427;155 649 684;B01;10;0;2;0;9;1;203 809 749;1;1;1;1;1988.0;0;1;0;-1;16;10;2023;14:55;1;71;71118;1;6;1;3;46.78054;4.79708;4;2;2;0;2;1; -1;1;0;1;50;Indemne;0
202300017427;155 649 684;B01;10;0;2;0;9;1;203 809 749;1;1;1;1;1988.0;0;1;0;-1;16;10;2023;14:55;1;71;71118;1;6;1;3;46.78054;4.79708;4;1;2;0;2;1; -1;1;0;1;50;Indemne;0
202300017437;155 649 665;A01;7;0;2;5;16;1;203 809 724;1;1;1;1;1957.0;5;1;8;-1;16;10;2023;22:30;5;59;59155;2;1;1;6;51.00519;2.38231;3;2;2;1;1;1; -1;1;0;5;50;Indemne;0
202300017437;155 649 666;B01;1;0;2;0;1;5;203 809 725;1;1;3;1;1969.0;5;8;8;-1;16;10;2023;22:30;5;59;59155;2;1;1;6;51.00519;2.38231;3;2;2;1;1;1; -1;1;0;5;50;Blessé hospitalisé;0
202300017448;155 649 649;B01;1;0;2;6;1;5;203 809 702;1;1;4;1;1979.0;1;0;-1;-1;6;10;2023;08:50;1;45;45234;2;2;1;3;47.90675;1.89281;4;1;1;2;1;1; -1;1;0;1;50;Blessé léger;4
202300017448;155 649 649;B01;1;0;2;6;1;5;203 809 702;1;1;4;1;1979.0;1;0;-1;-1;6;10;2023;08:50;1;45;45234;2;2;1;3;47.90675;1.89281;4;2;2;-1;1;1; -1;1;0;1;50;Blessé léger;4
202300017459;155 649 626;A01;1;0;2;1;17;5;203 809 671;1;1;4;1;1990.0;5;2;8;-1;13;10;2023;17:05;1;19;19031;2;1;1;3;45.15085;1.49927;4;2;2;0;1;1; -1;1;0;1;50;Blessé léger;4
202300017459;155 649 627;B01;50;0;2;8;1;3;203 809 672;1;1;1;2;2004.0;5;8;0;-1;13;10;2023;17:05;1;19;19031;2;1;1;3;45.15085;1.49927;4;2;2;0;1;1; -1;1;0;1;50;Indemne;4
202300017474;155 649 602;A01;1;0;2;1;1;5;203 809 637;1;1;4;2;1972.0;1;2;0;-1;16;10;2023;08:39;1;75;75107;2;3;8;3;48.86287145;2.31519163;4;1; -1;-1;1;1; -1;1;0;1;-1;Blessé léger;0
202300017474;155 649 602;A01;1;0;2;1;1;5;203 809 637;1;1;4;2;1972.0;1;2;0;-1;16;10;2023;08:39;1;75;75107;2;3;8;3;48.86287145;2.31519163;4;2;4;1;1;1; -1;1;0;5;30;Blessé léger;0
202300017474;155 649 603;B01;1;0;2;5;15;5;203 809 638;1;1;1;2;1975.0;5;8;0;-1;16;10;2023;08:39;1;75;75107;2;3;8;3;48.86287145;2.31519163;4;1; -1;-1;1;1; -1;1;0;1;-1;Indemne;0
202300017474;155 649 603;B01;1;0;2;5;15;5;203 809 638;1;1;1;2;1975.0;5;8;0;-1;16;10;2023;08:39;1;75;75107;2;3;8;3;48.86287145;2.31519163;4;2;4;1;1;1; -1;1;0;5;30;Indemne;0
202300017480;155 649 592;A01;1;0;2;8;9;5;203 809 625;1;1;4;1;1975.0;0;2;0;-1;16;10;2023;08:30;1;94;94041;2;1;1;3;48.815744;2.366512;3;-1;3;1;1;1; -1;1;9;5;50;Blessé léger;0
202300017533;155 649 501;B01;1;0;2;4;2;5;203 809 507;1;1;3;1;1961.0;5;2;-1;-1;16;10;2023;16:25;1;27;27137;1;1;1;2;48.749467;0.777772;3;2;2;0;1;1; -1;1;0;1;80;Blessé hospitalisé;0
202300017533;155 649 502;A01;7;0;9;2;2;0;203 809 508;1;1;1;2;1987.0;5;1;-1;-1;16;10;2023;16:25;1;27;27137;1;1;1;2;48.749467;0.777772;3;2;2;0;1;1; -1;1;0;1;80;Indemne;0
202300017538;155 649 490;A01;37;0;2;2;1;1;203 809 494;1;1;1;1;1961.0;4;1;-1;-1;16;10;2023;17:50;1;987;98734;2;1;1;1;-17.712;-149.508;2;2;2;0;1;3; -1;1;0;1;40;Indemne;0
202300017538;155 649 492;B01;1;0;2;4;1;5;203 809 497;1;1;3;1;1999.0;5;0;-1;-1;16;10;2023;17:50;1;987;98734;2;1;1;1;-17.712;-149.508;2;2;2;0;1;3; -1;1;0;1;40;Blessé hospitalisé;0