Num_Acc;id_vehicule;num_veh;catv;obs;obsm;choc;manv;motor;id_usager;place;catu;grav;sexe;an_nais;trajet;secu1;secu2;secu3;jour;mois;an;hrmn;lum;dep;com;agg;int;atm;col;lat;long;catr;circ;nbv;vosp;prof;plan;larrout;surf;infra;situ;vma;gravity;day_of_week
202300017553;155 649 460;A01;13;0;2;7;1;1;203 809 460;1;1;1;1;1988.0;4;1;-1;-1;16;10;2023;15:40;1;987;98719;2;1;1;3;-22.334;-135.802;4;2;2;0;1;3; -1;1;0;1;50;Indemne;0
202300017553;155 649 461;B01;1;0;2;8;1;5;203 809 461;1;1;2;1;2014.0;2;0;-1;-1;16;10;2023;15:40;1;987;98719;2;1;1;3;-22.334;-135.802;4;2;2;0;1;3; -1;1;0;1;50;Tué;0
202300017563;155 649 441;A01;1;14;0;0;16;5;203 809 440;1;1;4;2;1997.0;9;8;-1;-1;24;4;2023;20:10;2;69;69387;2;2;1;6;45.74743;4.83494;4;1;5;3;1;1; -1;1;0;6;30;Blessé léger;0
202300017563;155 649 441;A01;1;14;0;0;16;5;203 809 440;1;1;4;2;1997.0;9;8;-1;-1;24;4;2023;20:10;2;69;69387;2;2;1;6;45.74743;4.83494;4;1;1;2;1;1; -1;9;9;8;30;Blessé léger;0
202300017586;155 649 400;A01;7;0;2;0;1;1;203 809 386;1;1;1;2;1993.0;1;1;0;-1;20;4;2023;18:04;1;58;58194;1;1;1;6;47.0045;3.15379;4;2;2;0;1;1; -1;1;0;1;50;Indemne;3
202300017586;155 649 401;B01;1;0;2;2;1;5;203 809 387;1;1;4;1;1960.0;5;2;0;-1;20;4;2023;18:04;1;58;58194;1;1;1;6;47.0045;3.15379;4;2;2;0;1;1; -1;1;0;1;50;Blessé léger;3
202300017587;155 649 399;A01;1;16;0;0;1;5;203 809 385;1;1;4;2;1983.0;1;2;8;-1;22;4;2023;04:30;3;56;56121;2;1;2;7;47.75369;-3.36943;4;2;2;0;1;1; -1;2;0;1;30;Blessé léger;5
202300017591;155 649 392;A01;7;0;2;1;1;1;203 809 373;1;1;1;1;1956.0;0;1;8;-1;24;4;2023;18:00;1;44;44109;2;1;1;3;47.2374;-1.5077;4;2;2;2;1;2; -1;1;0;1;50;Indemne;0
202300017591;155 649 393;B01;1;0;2;8;0;5;203 809 374;1;1;4;1;1963.0;0;8;0;-1;24;4;2023;18:00;1;44;44109;2;1;1;3;47.2374;-1.5077;4;2;2;2;1;2; -1;1;0;1;50;Blessé léger;0
202300017593;155 649 388;A01;10;0;2;3;1;1;203 809 369;1;1;1;1;1999.0;0;1;0;-1;24;4;2023;10:36;1;38;38421;2;3;8;3;45.18615;5.76942;4;2;2;0;1;1; -1;2;0;1;50;Indemne;0
202300017593;155 649 388;A01;10;0;2;3;1;1;203 809 369;1;1;1;1;1999.0;0;1;0;-1;24;4;2023;10:36;1;38;38421;2;3;8;3;45.18615;5.76942;4;2;2;0;1;1; -1;2;0;1;50;Indemne;0
202300017593;155 649 389;B01;1;0;2;2;15;5;203 809 370;1;1;3;1;2002.0;0;8;0;-1;24;4;2023;10:36;1;38;38421;2;3;8;3;45.18615;5.76942;4;2;2;0;1;1; -1;2;0;1;50;Blessé hospitalisé;0
202300017593;155 649 389;B01;1;0;2;2;15;5;203 809 370;1;1;3;1;2002.0;0;8;0;-1;24;4;2023;10:36;1;38;38421;2;3;8;3;45.18615;5.76942;4;2;2;0;1;1; -1;2;0;1;50;Blessé hospitalisé;0
202300017596;155 649 384;A01;10;0;9;2;19;1;203 809 365;1;1;1;2;1995.0;1;1;0;-1;20;4;2023;08:30;2;22;22113;1;1;1;3;48.73216;-3.41315;3;2;2;0;1;1;4;1;0;1;80;Indemne;3
202300017596;155 649 385;B01;1;0;2;1;1;5;203 809 366;1;1;3;1;1969.0;1;2;4;-1;20;4;2023;08:30;2;22;22113;1;1;1;3;48.73216;-3.41315;3;2;2;0;1;1;4;1;0;1;80;Blessé hospitalisé;3
202300017607;155 649 363;A01;7;0;2;2;1;1;203 809 340;1;1;1;2;1998.0;5;1;0;-1;24;4;2023;21:00;5;75;75120;2;2;2;3;48.852688;2.406117;4;2;2;0;1;1; -1;2;5;1;30;Indemne;0
202300017607;155 649 363;A01;7;0;2;2;1;1;203 809 340;1;1;1;2;1998.0;5;1;0;-1;24;4;2023;21:00;5;75;75120;2;2;2;3;48.852688;2.406117;4;2; -1;0;1;1; -1;2;0;1;30;Indemne;0
202300017607;155 649 364;B01;1;0;2;8;1;5;203 809 341;1;1;4;2;1994.0;5;8;0;-1;24;4;2023;21:00;5;75;75120;2;2;2;3;48.852688;2.406117;4;2;2;0;1;1; -1;2;5;1;30;Blessé léger;0
202300017607;155 649 364;B01;1;0;2;8;1;5;203 809 341;1;1;4;2;1994.0;5;8;0;-1;24;4;2023;21:00;5;75;75120;2;2;2;3;48.852688;2.406117;4;2; -1;0;1;1; -1;2;0;1;30;Blessé léger;0
202300017608;155 649 361;A01;32;0;2;7;1;1;203 809 337;1;1;4;1;1971.0;5;2;-1;-1;24;4;2023;14:35;1;75;75120;2;3;1;3;48.866449;2.41263;4;-1;2;1;1;1; -1;1;0;1;30;Blessé léger;0
202300017608;155 649 361;A01;32;0;2;7;1;1;203 809 337;1;1;4;1;1971.0;5;2;-1;-1;24;4;2023;14:35;1;75;75120;2;3;1;3;48.866449;2.41263;4;1;2;0;2;3; -1;1;0;1;30;Blessé léger;0
202300017608;155 649 362;B01;1;0;2;1;1;5;203 809 338;2;2;4;1;2016.0;5;2;-1;-1;24;4;2023;14:35;1;75;75120;2;3;1;3;48.866449;2.41263;4;-1;2;1;1;1; -1;1;0;1;30;Blessé léger;0
202300017608;155 649 362;B01;1;0;2;1;1;5;203 809 338;2;2;4;1;2016.0;5;2;-1;-1;24;4;2023;14:35;1;75;75120;2;3;1;3;48.866449;2.41263;4;1;2;0;2;3; -1;1;0;1;30;Blessé léger;0
202300017608;155 649 362;B01;1;0;2;1;1;5;203 809 339;1;1;4;1;1966.0;5;2;6;-1;24;4;2023;14:35;1;75;75120;2;3;1;3;48.866449;2.41263;4;-1;2;1;1;1; -1;1;0;1;30;Blessé léger;0
202300017608;155 649 362;B01;1;0;2;1;1;5;203 809 339;1;1;4;1;1966.0;5;2;6;-1;24;4;2023;14:35;1;75;75120;2;3;1;3;48.866449;2.41263;4;1;2;0;2;3; -1;1;0;1;30;Blessé léger;0
202300017612;155 649 355;A01;1;0;1;1;1;5;203 809 330;10;3;1;1;1989.0;9;0;-1;-1;23;4;2023;15:10;1;75;75115;2;1;8;6;48.842768;2.30303501;4;1;1;1;1;1; -1;2;0;5;30;Indemne;6
202300017612;155 649 355;A01;1;0;1;1;1;5;203 809 331;1;1;4;2;1969.0;9;8;0;-1;23;4;2023;15:10;1;75;75115;2;1;8;6;48.842768;2.30303501;4;1;1;1;1;1; -1;2;0;5;30;Blessé léger;6
202300017614;155 649 351;A01;7;0;2;3;2;1;203 809 326;1;1;1;1;1988.0;9;8;0;-1;24;4;2023;18:05;1;75;75110;2;2;1;3;48.875792;2.348264;4;1; -1;0;1;1; -1;2;0;1;30;Indemne;0
202300017614;155 649 351;A01;7;0;2;3;2;1;203 809 326;1;1;1;1;1988.0;9;8;0;-1;24;4;2023;18:05;1;75;75110;2;2;1;3;48.875792;2.348264;4;1;1;0;2;1; -1;2;0;1;30;Indemne;0
202300017614;155 649 352;B01;1;0;2;1;17;5;203 809 327;1;1;4;1;1999.0;4;8;0;-1;24;4;2023;18:05;1;75;75110;2;2;1;3;48.875792;2.348264;4;1; -1;0;1;1; -1;2;0;1;30;Blessé léger;0
202300017614;155 649 352;B01;1;0;2;1;17;5;203 809 327;1;1;4;1;1999.0;4;8;0;-1;24;4;2023;18:05;1;75;75110;2;2;1;3;48.875792;2.348264;4;1;1;0;2;1; -1;2;0;1;30;Blessé léger;0
202300017626;155 649 331;B01;1;0;9;0;9;5;203 809 300;1;1;4;1;2013.0;5;2;0;-1;24;4;2023;17:20;1;92;92002;2;6;2;3;48.75002;2.30875;4;1;1;0;1;1; -1;2;0;1;50;Blessé léger;0
202300017626;155 649 332;A01;7;0;9;3;9;1;203 809 301;1;1;1;2;1984.0;1;1;0;-1;24;4;2023;17:20;1;92;92002;2;6;2;3;48.75002;2.30875;4;1;1;0;1;1; -1;2;0;1;50;Indemne;0
202300017630;155 649 325;A01;1;0;2;7;1;5;203 809 293;1;1;3;1;1942.0;0;0;-1;-1;24;4;2023;12:58;1;84;84043;2;1;1;2;44.001982;4.923372;4;2;2;0;1;1; -1;1;0;1;50;Blessé hospitalisé;0
202300017630;155 649 326;B01;7;0;9;4;26;0;203 809 294;1;1;1;1;1979.0;0;1;-1;-1;24;4;2023;12:58;1;84;84043;2;1;1;2;44.001982;4.923372;4;2;2;0;1;1; -1;1;0;1;50;Indemne;0
202300017649;155 649 296;A01;7;0;9;2;16;1;203 809 251;1;1;1;1;2002.0;1;8;-1;-1;24;4;2023;13:30;1;973;97307;2;3;2;3;4.89502;-52.330713;4;1;1;0;1;1; -1;2;0;1;50;Indemne;0
202300017649;155 649 296;A01;7;0;9;2;16;1;203 809 251;1;1;1;1;2002.0;1;8;-1;-1;24;4;2023;13:30;1;973;97307;2;3;2;3;4.89502;-52.330713;4;1; -1;-1;1;1; -1;2;0;1;-1;Indemne;0
202300017649;155 649 297;B01;1;0;2;4;5;5;203 809 252;1;1;3;1;1958.0;0;0;-1;-1;24;4;2023;13:30;1;973;97307;2;3;2;3;4.89502;-52.330713;4;1;1;0;1;1; -1;2;0;1;50;Blessé hospitalisé;0
202300017649;155 649 297;B01;1;0;2;4;5;5;203 809 252;1;1;3;1;1958.0;0;0;-1;-1;24;4;2023;13:30;1;973;97307;2;3;2;3;4.89502;-52.330713;4;1; -1;-1;1;1; -1;2;0;1;-1;Blessé hospitalisé;0
202300017651;155 649 292;B01;1;0;2;4;15;5;203 809 247;1;1;3;2;2000.0;3;0;-1;-1;25;4;2023;09:06;1;69;69019;2;3;1;2;46.10109;4.734035;3;2;2;0;1;1;7;1;0;1;50;Blessé hospitalisé;1
202300017651;155 649 292;B01;1;0;2;4;15;5;203 809 247;1;1;3;2;2000.0;3;0;-1;-1;25;4;2023;09:06;1;69;69019;2;3;1;2;46.10109;4.734035;3;2;2;0;2;1; -1;1;0;1;30;Blessé hospitalisé;1
202300017651;155 649 293;A01;38;0;2;2;2;1;203 809 248;1;1;1;1;1964.0;4;1;-1;-1;25;4;2023;09:06;1;69;69019;2;3;1;2;46.10109;4.734035;3;2;2;0;1;1;7;1;0;1;50;Indemne;1
202300017651;155 649 293;A01;38;0;2;2;2;1;203 809 248;1;1;1;1;1964.0;4;1;-1;-1;25;4;2023;09:06;1;69;69019;2;3;1;2;46.10109;4.734035;3;2;2;0;2;1; -1;1;0;1;30;Indemne;1
202300017654;155 649 286;A01;7;0;9;3;1;1;203 809 237;1;1;1;2;2002.0;5;8;-1;-1;24;4;2023;14:40;1;13;13040;2;1;1;3;43.446906;5.556046;4;2;1;0;1;1; -1;1;0;1;-1;Indemne;0
202300017654;155 649 287;B01;1;0;2;1;26;5;203 809 238;1;1;4;2;2018.0;5;2;-1;-1;24;4;2023;14:40;1;13;13040;2;1;1;3;43.446906;5.556046;4;2;1;0;1;1; -1;1;0;1;-1;Blessé léger;0
202300017675;155 649 248;B01;1;0;2;3;1;5;203 809 184;1;1;4;1;1979.0;0;2;0;-1;23;4;2023;13:50;1;974;97411;2;1;1;3;-20.91079;55.41099;4;2;2;0;2;2; -1;1;0;1;50;Blessé léger;6
202300017675;155 649 249;A01;7;0;2;3;11;1;203 809 185;1;1;1;2;1977.0;5;1;8;-1;23;4;2023;13:50;1;974;97411;2;1;1;3;-20.91079;55.41099;4;2;2;0;2;2; -1;1;0;1;50;Indemne;6
202300017688;155 649 222;A01;7;0;2;3;9;1;203 809 146;1;1;1;1;1962.0;4;1;8;-1;19;4;2023;05:45;2;74;74010;2;3;1;3;45.90915;6.10705;4;2;2;0;1;1; -1;1;0;1;30;Indemne;2
202300017688;155 649 222;A01;7;0;2;3;9;1;203 809 146;1;1;1;1;1962.0;4;1;8;-1;19;4;2023;05:45;2;74;74010;2;3;1;3;45.90915;6.10705;4;2;3;0;1;1; -1;1;0;1;30;Indemne;2
202300017688;155 649 223;B01;80;0;2;0;0;3;203 809 147;1;1;3;1;1980.0;1;-1;0;-1;19;4;2023;05:45;2;74;74010;2;3;1;3;45.90915;6.10705;4;2;2;0;1;1; -1;1;0;1;30;Blessé hospitalisé;2
202300017688;155 649 223;B01;80;0;2;0;0;3;203 809 147;1;1;3;1;1980.0;1;-1;0;-1;19;4;2023;05:45;2;74;74010;2;3;1;3;45.90915;6.10705;4;2;3;0;1;1; -1;1;0;1;30;Blessé hospitalisé;2
202300017717;155 649 165;A01;1;0;2;1;19;5;203 809 067;1;1;4;1;1977.0;5;8;8;8;22;4;2023;17:00;1;988;98818;2;3;1;3;-22.26831;166.47268;4;3;2;-1;2;1; -1;1;5;1;50;Blessé léger;5
202300017717;155 649 165;A01;1;0;2;1;19;5;203 809 067;1;1;4;1;1977.0;5;8;8;8;22;4;2023;17:00;1;988;98818;2;3;1;3;-22.26831;166.47268;4;2;2;0;1;1; -1;1;5;1;50;Blessé léger;5
202300017717;155 649 167;B01;7;0;2;7;1;1;203 809 069;1;1;1;2;1965.0;0;1;1;1;22;4;2023;17:00;1;988;98818;2;3;1;3;-22.26831;166.47268;4;3;2;-1;2;1; -1;1;5;1;50;Indemne;5
202300017717;155 649 167;B01;7;0;2;7;1;1;203 809 069;1;1;1;2;1965.0;0;1;1;1;22;4;2023;17:00;1;988;98818;2;3;1;3;-22.26831;166.47268;4;2;2;0;1;1; -1;1;5;1;50;Indemne;5
202300017726;155 649 154;Z01;1;0;1;1;5;5;203 809 051;10;3;4;1;1986.0;4;0;-1;-1;5;7;2023;15:30;1;75;75116;2;3;1;6;48.865003;2.27867;4;2;2;0;1;1; -1;1;0;1;30;Blessé léger;2
202300017726;155 649 154;Z01;1;0;1;1;5;5;203 809 051;10;3;4;1;1986.0;4;0;-1;-1;5;7;2023;15:30;1;75;75116;2;3;1;6;48.865003;2.27867;4;1;2;3;1;1; -1;1;0;1;30;Blessé léger;2
202300017732;155 649 144;B01;80;0;2;3;2;3;203 809 038;1;1;4;1;1970.0;1;8;0;-1;5;7;2023;06:55;1;75;75115;2;2;1;3;48.84047;2.315176;4;1;2;1;1;1; -1;1;0;1;30;Blessé léger;2
202300017732;155 649 144;B01;80;0;2;3;2;3;203 809 038;1;1;4;1;1970.0;1;8;0;-1;5;7;2023;06:55;1;75;75115;2;2;1;3;48.84047;2.315176;4;3;2;1;1;3; -1;1;0;1;30;Blessé léger;2
202300017732;155 649 145;A01;7;0;2;2;16;2;203 809 039;1;1;1;1;1990.0;1;1;0;-1;5;7;2023;06:55;1;75;75115;2;2;1;3;48.84047;2.315176;4;1;2;1;1;1; -1;1;0;1;30;Indemne;2
202300017732;155 649 145;A01;7;0;2;2;16;2;203 809 039;1;1;1;1;1990.0;1;1;0;-1;5;7;2023;06:55;1;75;75115;2;2;1;3;48.84047;2.315176;4;3;2;1;1;3; -1;1;0;1;30;Indemne;2
202300017735;155 649 140;A01;7;0;2;1;1;1;203 809 031;1;1;1;2;1966.0;1;1;0;-1;5;7;2023;11:15;1;75;75114;2;2;1;3;48.823283;2.32562;4;2;6;1;1;1; -1;1;9;5;30;Indemne;2
202300017735;155 649 140;A01;7;0;2;1;1;1;203 809 031;1;1;1;2;1966.0;1;1;0;-1;5;7;2023;11:15;1;75;75114;2;2;1;3;48.823283;2.32562;4;2;8;3;1;1; -1;1;9;5;50;Indemne;2
202300017735;155 649 141;B01;1;0;2;8;19;5;203 809 032;1;1;4;1;1967.0;1;2;8;-1;5;7;2023;11:15;1;75;75114;2;2;1;3;48.823283;2.32562;4;2;6;1;1;1; -1;1;9;5;30;Blessé léger;2
202300017735;155 649 141;B01;1;0;2;8;19;5;203 809 032;1;1;4;1;1967.0;1;2;8;-1;5;7;2023;11:15;1;75;75114;2;2;1;3;48.823283;2.32562;4;2;8;3;1;1; -1;1;9;5;50;Blessé léger;2
202300017736;155 649 134;B01;31;0;2;8;9;1;203 809 023;1;1;4;1;1986.0;9;2;8;-1;5;7;2023;19:50;1;75;75111;2;3;1;3;48.858942;2.38525;4;1;1;2;1;1; -1;1;0;1;30;Blessé léger;2
202300017736;155 649 134;B01;31;0;2;8;9;1;203 809 023;1;1;4;1;1986.0;9;2;8;-1;5;7;2023;19:50;1;75;75111;2;3;1;3;48.858942;2.38525;4;2;2;2;2;1; -1;1;0;1;30;Blessé léger;2
202300017736;155 649 137;A01;1;0;2;1;1;5;203 809 028;1;1;4;2;1995.0;9;8;0;-1;5;7;2023;19:50;1;75;75111;2;3;1;3;48.858942;2.38525;4;1;1;2;1;1; -1;1;0;1;30;Blessé léger;2
202300017736;155 649 137;A01;1;0;2;1;1;5;203 809 028;1;1;4;2;1995.0;9;8;0;-1;5;7;2023;19:50;1;75;75111;2;3;1;3;48.858942;2.38525;4;2;2;2;2;1; -1;1;0;1;30;Blessé léger;2
202300017738;155 649 131;A01;1;0;2;2;1;5;203 809 020;1;1;4;2;1996.0;5;8;0;-1;5;7;2023;20:15;1;75;75101;2;3;1;3;48.864709;2.329328;4;1;1;0;1;1; -1;1;0;1;30;Blessé léger;2
202300017738;155 649 131;A01;1;0;2;2;1;5;203 809 020;1;1;4;2;1996.0;5;8;0;-1;5;7;2023;20:15;1;75;75101;2;3;1;3;48.864709;2.329328;4;4;3;0;1;1; -1;1;8;1;30;Blessé léger;2
202300017738;155 649 132;B01;31;0;2;1;9;3;203 809 021;1;1;4;1;1959.0;5;2;0;-1;5;7;2023;20:15;1;75;75101;2;3;1;3;48.864709;2.329328;4;1;1;0;1;1; -1;1;0;1;30;Blessé léger;2
202300017738;155 649 132;B01;31;0;2;1;9;3;203 809 021;1;1;4;1;1959.0;5;2;0;-1;5;7;2023;20:15;1;75;75101;2;3;1;3;48.864709;2.329328;4;4;3;0;1;1; -1;1;8;1;30;Blessé léger;2
202300017743;155 649 122;A01;1;0;9;1;0;5;203 809 008;1;1;1;1;1949.0;5;0;-1;-1;7;8;2023;18:35;1;17;17486;1;1;1;6;46.002688;-1.342348;4;2;2;1;1;1; -1;1;5;5;-1;Indemne;0
202300017743;155 649 124;B01;1;0;2;8;0;5;203 809 011;1;1;3;2;1966.0;5;0;-1;-1;7;8;2023;18:35;1;17;17486;1;1;1;6;46.002688;-1.342348;4;2;2;1;1;1; -1;1;5;5;-1;Blessé hospitalisé;0
202300017757;155 649 101;A01;7;0;2;2;1;1;203 808 972;1;1;1;1;1948.0;5;8;-1;-1;16;7;2023;08:30;1;987;98722;1;1;1;2;-17.592;-149.391;2;2;2;0;1;1; -1;1;0;1;50;Indemne;6
202300017757;155 649 103;B01;1;0;0;4;1;5;203 808 974;1;1;3;1;1952.0;5;2;-1;-1;16;7;2023;08:30;1;987;98722;1;1;1;2;-17.592;-149.391;2;2;2;0;1;1; -1;1;0;1;50;Blessé hospitalisé;6
202300017761;155 649 094;A01;1;0;2;1;1;5;203 808 965;1;1;2;1;1992.0;1;2;-1;-1;11;8;2023;08:30;1;974;97415;2;3;1;3;-21.107918;55.254375;2;2;2;1;1;1; -1;1;0;1;30;Tué;4
202300017761;155 649 094;A01;1;0;2;1;1;5;203 808 965;1;1;2;1;1992.0;1;2;-1;-1;11;8;2023;08:30;1;974;97415;2;3;1;3;-21.107918;55.254375;2;2; -1;-1;4;1; -1;1;0;1;-1;Tué;4
202300017761;155 649 097;B01;13;0;2;5;15;1;203 808 968;1;1;1;1;1980.0;9;8;-1;-1;11;8;2023;08:30;1;974;97415;2;3;1;3;-21.107918;55.254375;2;2;2;1;1;1; -1;1;0;1;30;Indemne;4
202300017761;155 649 097;B01;13;0;2;5;15;1;203 808 968;1;1;1;1;1980.0;9;8;-1;-1;11;8;2023;08:30;1;974;97415;2;3;1;3;-21.107918;55.254375;2;2; -1;-1;4;1; -1;1;0;1;-1;Indemne;4
202300017763;155 649 090;B01;1;0;2;8;1;5;203 808 961;1;1;4;1;1944.0;5;8;0;-1;5;7;2023;14:55;1;93;93078;2;2;1;3;48.94969;2.55678;4;1;1;0;1;1; -1;1;0;1;-1;Blessé léger;2
202300017763;155 649 090;B01;1;0;2;8;1;5;203 808 961;1;1;4;1;1944.0;5;8;0;-1;5;7;2023;14:55;1;93;93078;2;2;1;3;48.94969;2.55678;4;2;2;0;1;1; -1;1;0;1;50;Blessé léger;2
202300017763;155 649 091;A01;7;0;2;5;18;1;203 808 962;1;1;1;2;1974.0;5;1;0;-1;5;7;2023;14:55;1;93;93078;2;2;1;3;48.94969;2.55678;4;1;1;0;1;1; -1;1;0;1;-1;Indemne;2
202300017763;155 649 091;A01;7;0;2;5;18;1;203 808 962;1;1;1;2;1974.0;5;1;0;-1;5;7;2023;14:55;1;93;93078;2;2;1;3;48.94969;2.55678;4;2;2;0;1;1; -1;1;0;1;50;Indemne;2
202300017782;155 649 055;A01;7;0;9;2;10;1;203 808 918;1;1;1;1;2000.0;0;1;0;-1;5;7;2023;19:45;1;93;93027;2;3;1;3;48.9268614;2.38969156;4;2;2;0;1;1; -1;1;0;1;30;Indemne;2
202300017782;155 649 055;A01;7;0;9;2;10;1;203 808 918;1;1;1;1;2000.0;0;1;0;-1;5;7;2023;19:45;1;93;93027;2;3;1;3;48.9268614;2.38969156;4;1;1;0;1;1; -1;1;0;1;50;Indemne;2
202300017782;155 649 057;B01;1;0;2;1;19;5;203 808 921;1;1;4;1;1994.0;0;8;0;-1;5;7;2023;19:45;1;93;93027;2;3;1;3;48.9268614;2.38969156;4;2;2;0;1;1; -1;1;0;1;30;Blessé léger;2
202300017782;155 649 057;B01;1;0;2;1;19;5;203 808 921;1;1;4;1;1994.0;0;8;0;-1;5;7;2023;19:45;1;93;93027;2;3;1;3;48.9268614;2.38969156;4;1;1;0;1;1; -1;1;0;1;50;Blessé léger;2
202300017791;155 649 040;A01;1;0;0;3;2;5;203 808 898;1;1;4;1;1980.0;0;2;8;-1;5;7;2023;19:35;1;92;92049;2;1;1;6;48.81579;2.32082;3;1;1;1;1;1; -1;1;0;1;30;Blessé léger;2
202300017791;155 649 042;B01;37;0;0;3;2;3;203 808 900;1;1;1;1;1987.0;4;1;0;-1;5;7;2023;19:35;1;92;92049;2;1;1;6;48.81579;2.32082;3;1;1;1;1;1; -1;1;0;1;30;Indemne;2
202300017793;155 649 034;B01;1;1;2;8;1;5;203 808 892;1;1;4;1;2003.0;5;8;0;-1;5;7;2023;11:50;1;92;92020;2;1;1;3;48.805296;2.29802;3;-1;2;0;1;1; -1;1;0;1;50;Blessé léger;2
202300017796;155 649 029;B01;7;0;2;2;1;1;203 808 887;1;1;1;1;1977.0;1;1;-1;-1;10;8;2023;14:10;1;61;61382;1;2;1;3;48.460984;-0.057806;4;2;2;2;1;1; -1;1;-1;1;-1;Indemne;3
202300017796;155 649 029;B01;7;0;2;2;1;1;203 808 887;1;1;1;1;1977.0;1;1;-1;-1;10;8;2023;14:10;1;61;61382;1;2;1;3;48.460984;-0.057806;4;2;2;0;1;1; -1;1;0;1;80;Indemne;3
202300017796;155 649 033;A01;1;0;2;7;2;5;203 808 891;1;1;3;1;2005.0;5;0;-1;-1;10;8;2023;14:10;1;61;61382;1;2;1;3;48.460984;-0.057806;4;2;2;2;1;1; -1;1;-1;1;-1;Blessé hospitalisé;3
202300017796;155 649 033;A01;1;0;2;7;2;5;203 808 891;1;1;3;1;2005.0;5;0;-1;-1;10;8;2023;14:10;1;61;61382;1;2;1;3;48.460984;-0.057806;4;2;2;0;1;1; -1;1;0;1;80;Blessé hospitalisé;3
202300017797;155 649 027;A01;7;0;9;3;9;1;203 808 885;1;1;1;1;1973.0;0;1;0;-1;22;4;2023;09:20;1;30;30007;2;6;1;3;44.12994;4.10615;3;1;2;0;1;1; -1;1;0;1;50;Indemne;5
202300017797;155 649 027;A01;7;0;9;3;9;1;203 808 885;1;1;1;1;1973.0;0;1;0;-1;22;4;2023;09:20;1;30;30007;2;6;1;3;44.12994;4.10615;3;1;0;0;1;1; -1;1;0;1;50;Indemne;5
202300017797;155 649 031;Y01;1;0;2;7;1;5;203 808 889;1;1;4;1;1952.0;5;8;0;-1;22;4;2023;09:20;1;30;30007;2;6;1;3;44.12994;4.10615;3;1;2;0;1;1; -1;1;0;1;50;Blessé léger;5
202300017797;155 649 031;Y01;1;0;2;7;1;5;203 808 889;1;1;4;1;1952.0;5;8;0;-1;22;4;2023;09:20;1;30;30007;2;6;1;3;44.12994;4.10615;3;1;0;0;1;1; -1;1;0;1;50;Blessé léger;5
202300017798;155 649 026;A01;1;0;2;1;5;5;203 808 883;1;1;3;1;1992.0;1;2;8;-1;4;7;2023;06:25;1;92;92025;2;4;1;3;48.93748;2.25816;3;2;3;0;1;1;9;1;0;1;50;Blessé hospitalisé;1
202300017798;155 649 026;A01;1;0;2;1;5;5;203 808 883;1;1;3;1;1992.0;1;2;8;-1;4;7;2023;06:25;1;92;92025;2;4;1;3;48.93748;2.25816;3;2;3;0;1;1;9;1;0;1;50;Blessé hospitalisé;1
202300017798;155 649 028;B01;33;0;2;3;15;1;203 808 886;1;1;4;1;1987.0;1;2;8;-1;4;7;2023;06:25;1;92;92025;2;4;1;3;48.93748;2.25816;3;2;3;0;1;1;9;1;0;1;50;Blessé léger;1
202300017798;155 649 028;B01;33;0;2;3;15;1;203 808 886;1;1;4;1;1987.0;1;2;8;-1;4;7;2023;06:25;1;92;92025;2;4;1;3;48.93748;2.25816;3;2;3;0;1;1;9;1;0;1;50;Blessé léger;1
202300017801;155 649 020;A01;7;0;2;3;9;1;203 808 876;1;1;1;2;1960.0;0;8;-1;-1;9;8;2023;15:00;1;29;29247;2;6;7;3;47.932808;-4.020642;4;1;1;0;2;1; -1;1;0;1;30;Indemne;2
202300017801;155 649 021;B01;1;0;2;8;1;5;203 808 877;1;1;3;1;1975.0;3;0;-1;-1;9;8;2023;15:00;1;29;29247;2;6;7;3;47.932808;-4.020642;4;1;1;0;2;1; -1;1;0;1;30;Blessé hospitalisé;2
202300017803;155 649 017;A01;1;0;2;1;1;5;203 808 872;1;1;3;1;1998.0;5;2;-1;-1;9;8;2023;16:20;1;59;59053;2;1;1;3;50.29277;3.785876;3;2;2;0;2;2;5;1;2;1;50;Blessé hospitalisé;2
202300017803;155 649 018;B01;10;0;2;8;15;0;203 808 873;1;1;1;1;1994.0;4;1;-1;-1;9;8;2023;16:20;1;59;59053;2;1;1;3;50.29277;3.785876;3;2;2;0;2;2;5;1;2;1;50;Indemne;2
202300017813;155 648 994;A01;20;0;9;1;26;1;203 808 844;1;1;1;1;1975.0;4;0;-1;-1;6;7;2023;08:35;1;22;22049;1;1;1;1;48.542701;-2.214893;3;2;2;0;2;1; -1;1;8;1;80;Indemne;3
202300017813;155 648 996;B01;1;0;2;1;1;5;203 808 846;1;1;2;1;1941.0;5;2;6;-1;6;7;2023;08:35;1;22;22049;1;1;1;1;48.542701;-2.214893;3;2;2;0;2;1; -1;1;8;1;80;Tué;3
202300017816;155 648 988;B01;80;0;2;3;0;2;203 808 836;1;1;4;2;1958.0;5;2;-1;-1;28;5;2023;14:00;1;50;50165;2;1;1;3;48.84454;-1.58527;3;2;2;0;1;1;5,5;1;0;1;30;Blessé léger;6
202300017816;155 648 989;A01;10;0;2;5;17;1;203 808 837;2;2;1;1;1957.0;5;1;-1;-1;28;5;2023;14:00;1;50;50165;2;1;1;3;48.84454;-1.58527;3;2;2;0;1;1;5,5;1;0;1;30;Indemne;6
202300017816;155 648 989;A01;10;0;2;5;17;1;203 808 838;1;1;1;1;1974.0;5;1;-1;-1;28;5;2023;14:00;1;50;50165;2;1;1;3;48.84454;-1.58527;3;2;2;0;1;1;5,5;1;0;1;30;Indemne;6