Num_Acc;id_vehicule;num_veh;catv;obs;obsm;choc;manv;motor;id_usager;place;catu;grav;sexe;an_nais;trajet;secu1;secu2;secu3;jour;mois;an;hrmn;lum;dep;com;agg;int;atm;col;lat;long;catr;circ;nbv;vosp;prof;plan;larrout;surf;infra;situ;vma;gravity;day_of_week
202300017823;155 648 977;A01;1;0;2;1;2;5;203 808 819;1;1;4;1;1988.0;0;2;8;-1;23;5;2023;16:40;1;19;19031;2;1;3;2;45.15985;1.54067;4;2;2;0;1;1; -1;2;0;1;50;Blessé léger;1
202300017823;155 648 979;B01;7;0;2;4;1;1;203 808 821;1;1;1;1;1977.0;0;1;0;-1;23;5;2023;16:40;1;19;19031;2;1;3;2;45.15985;1.54067;4;2;2;0;1;1; -1;2;0;1;50;Indemne;1
202300017830;155 648 962;B01;14;0;2;1;15;1;203 808 804;1;1;1;1;1992.0;5;1;-1;-1;5;7;2023;10:30;1;61;61146;2;3;1;3;48.63271;-0.552443;3;2;2;0;3;3;5,5;1;0;1;50;Indemne;2
202300017830;155 648 962;B01;14;0;2;1;15;1;203 808 804;1;1;1;1;1992.0;5;1;-1;-1;5;7;2023;10:30;1;61;61146;2;3;1;3;48.63271;-0.552443;3;2;2;0;1;3;4;1;0;1;50;Indemne;2
202300017830;155 648 964;A01;1;0;2;7;1;5;203 808 805;1;1;3;1;1959.0;5;2;-1;-1;5;7;2023;10:30;1;61;61146;2;3;1;3;48.63271;-0.552443;3;2;2;0;3;3;5,5;1;0;1;50;Blessé hospitalisé;2
202300017830;155 648 964;A01;1;0;2;7;1;5;203 808 805;1;1;3;1;1959.0;5;2;-1;-1;5;7;2023;10:30;1;61;61146;2;3;1;3;48.63271;-0.552443;3;2;2;0;1;3;4;1;0;1;50;Blessé hospitalisé;2
202300017834;155 648 956;A01;1;0;2;1;7;5;203 808 796;1;1;4;1;2011.0;5;8;0;-1;9;8;2023;12:00;1;974;97411;2;4;1;1;-20.89471;55.48662;4;-1;1;0;1;1; -1;1;0;1;50;Blessé léger;2
202300017834;155 648 956;A01;1;0;2;1;7;5;203 808 796;1;1;4;1;2011.0;5;8;0;-1;9;8;2023;12:00;1;974;97411;2;4;1;1;-20.89471;55.48662;4;2;2;3;1;1; -1;1;0;1;50;Blessé léger;2
202300017834;155 648 958;B01;37;0;9;1;17;1;203 808 798;1;1;1;2;1986.0;4;1;0;-1;9;8;2023;12:00;1;974;97411;2;4;1;1;-20.89471;55.48662;4;-1;1;0;1;1; -1;1;0;1;50;Indemne;2
202300017834;155 648 958;B01;37;0;9;1;17;1;203 808 798;1;1;1;2;1986.0;4;1;0;-1;9;8;2023;12:00;1;974;97411;2;4;1;1;-20.89471;55.48662;4;2;2;3;1;1; -1;1;0;1;50;Indemne;2
202300017846;155 648 930;A01;7;0;2;1;1;1;203 808 756;1;1;1;2;1961.0;3;8;-1;-1;5;7;2023;17:00;1;45;45329;2;3;1;3;47.935261;2.993976;4;2;2;0;1;1; -1;1;0;1;50;Indemne;2
202300017846;155 648 932;B01;1;0;2;8;9;5;203 808 758;1;1;3;1;2009.0;5;2;-1;-1;5;7;2023;17:00;1;45;45329;2;3;1;3;47.935261;2.993976;4;2;2;0;1;1; -1;1;0;1;50;Blessé hospitalisé;2
202300017868;155 648 892;A01;7;0;2;8;22;1;203 808 709;1;1;1;1;1967.0;1;1;0;-1;8;8;2023;08:20;1;56;56121;2;1;1;6;47.735;-3.3659;4;2;2;2;1;1; -1;1;0;5;30;Indemne;1
202300017868;155 648 894;B01;1;0;2;1;1;5;203 808 711;1;1;4;2;1995.0;1;8;0;-1;8;8;2023;08:20;1;56;56121;2;1;1;6;47.735;-3.3659;4;2;2;2;1;1; -1;1;0;5;30;Blessé léger;1
202300017888;155 648 852;A01;1;0;2;4;1;5;203 808 660;1;1;4;1;1991.0;5;0;-1;-1;9;8;2023;23:00;5;33;33063;2;1;1;2;44.8335;-0.59214;4;2;4;3;1;1; -1;1;0;1;50;Blessé léger;2
202300017895;155 648 839;A01;10;0;2;0;9;1;203 808 644;1;1;1;1;1964.0;0;1;0;-1;4;8;2023;10:05;1;26;26058;2;6;1;3;44.9613869;4.90125418;4;-1;1;0;1;1; -1;1;0;1;50;Indemne;4
202300017895;155 648 839;A01;10;0;2;0;9;1;203 808 644;1;1;1;1;1964.0;0;1;0;-1;4;8;2023;10:05;1;26;26058;2;6;1;3;44.9613869;4.90125418;4;1;1;0;1;2; -1;1;0;1;50;Indemne;4
202300017895;155 648 841;B01;1;0;2;5;1;5;203 808 646;1;1;3;1;1962.0;5;2;0;-1;4;8;2023;10:05;1;26;26058;2;6;1;3;44.9613869;4.90125418;4;-1;1;0;1;1; -1;1;0;1;50;Blessé hospitalisé;4
202300017895;155 648 841;B01;1;0;2;5;1;5;203 808 646;1;1;3;1;1962.0;5;2;0;-1;4;8;2023;10:05;1;26;26058;2;6;1;3;44.9613869;4.90125418;4;1;1;0;1;2; -1;1;0;1;50;Blessé hospitalisé;4
202300017905;155 648 820;A01;7;0;9;3;16;1;203 808 619;1;1;1;1;1995.0;5;1;0;-1;9;8;2023;08:30;1;13;13001;2;1;1;3;43.52510501;5.4211719;4;1;2;0;1;1; -1;1;0;1;50;Indemne;2
202300017905;155 648 821;B01;1;0;2;4;2;5;203 808 620;1;1;4;2;1973.0;1;8;0;-1;9;8;2023;08:30;1;13;13001;2;1;1;3;43.52510501;5.4211719;4;1;2;0;1;1; -1;1;0;1;50;Blessé léger;2
202300017915;155 648 804;A01;1;0;1;1;1;5;203 808 602;10;3;4;2;1964.0;5;8;8;-1;9;8;2023;17:20;1;75;75106;2;5;1;6;48.845095;2.32011;4;2; -1;-1;1;1; -1;1;0;1;30;Blessé léger;2
202300017915;155 648 804;A01;1;0;1;1;1;5;203 808 602;10;3;4;2;1964.0;5;8;8;-1;9;8;2023;17:20;1;75;75106;2;5;1;6;48.845095;2.32011;4;-1;2;0;1;1; -1;1;0;1;30;Blessé léger;2
202300017915;155 648 804;A01;1;0;1;1;1;5;203 808 603;1;1;4;1;1987.0;1;8;0;-1;9;8;2023;17:20;1;75;75106;2;5;1;6;48.845095;2.32011;4;2; -1;-1;1;1; -1;1;0;1;30;Blessé léger;2
202300017915;155 648 804;A01;1;0;1;1;1;5;203 808 603;1;1;4;1;1987.0;1;8;0;-1;9;8;2023;17:20;1;75;75106;2;5;1;6;48.845095;2.32011;4;-1;2;0;1;1; -1;1;0;1;30;Blessé léger;2
202300017916;155 648 801;A01;1;0;1;0;1;5;203 808 594;1;1;1;1;1997.0;1;8;0;-1;9;8;2023;17:50;1;75;75105;2;2;1;6;48.850346;2.342629;4;-1;3;0;1;1; -1;1;0;1;30;Indemne;2
202300017916;155 648 801;A01;1;0;1;0;1;5;203 808 594;1;1;1;1;1997.0;1;8;0;-1;9;8;2023;17:50;1;75;75105;2;2;1;6;48.850346;2.342629;4;1; -1;0;1;1; -1;1;0;1;30;Indemne;2
202300017916;155 648 801;A01;1;0;1;0;1;5;203 808 595;10;3;4;2;1947.0;5;0;-1;-1;9;8;2023;17:50;1;75;75105;2;2;1;6;48.850346;2.342629;4;-1;3;0;1;1; -1;1;0;1;30;Blessé léger;2
202300017916;155 648 801;A01;1;0;1;0;1;5;203 808 595;10;3;4;2;1947.0;5;0;-1;-1;9;8;2023;17:50;1;75;75105;2;2;1;6;48.850346;2.342629;4;1; -1;0;1;1; -1;1;0;1;30;Blessé léger;2
202300017920;155 648 796;A01;1;0;2;7;1;5;203 808 590;1;1;4;2;1982.0;5;8;0;-1;8;8;2023;11:25;1;75;75107;2;5;1;3;48.85116;2.300905;4;2;2;0;1;1; -1;1;0;1;30;Blessé léger;1
202300017920;155 648 796;A01;1;0;2;7;1;5;203 808 590;1;1;4;2;1982.0;5;8;0;-1;8;8;2023;11:25;1;75;75107;2;5;1;3;48.85116;2.300905;4;2;2;0;1;1; -1;1;0;1;30;Blessé léger;1
202300017920;155 648 797;B01;10;0;2;1;1;1;203 808 591;1;1;1;1;1993.0;4;1;0;-1;8;8;2023;11:25;1;75;75107;2;5;1;3;48.85116;2.300905;4;2;2;0;1;1; -1;1;0;1;30;Indemne;1
202300017920;155 648 797;B01;10;0;2;1;1;1;203 808 591;1;1;1;1;1993.0;4;1;0;-1;8;8;2023;11:25;1;75;75107;2;5;1;3;48.85116;2.300905;4;2;2;0;1;1; -1;1;0;1;30;Indemne;1
202300017922;155 648 793;A01;1;0;0;8;21;5;203 808 585;1;1;4;1;1988.0;5;8;0;-1;9;8;2023;19:30;1;75;75119;2;2;1;7;48.88279;2.370277;4;2;5;1;1;1; -1;1;0;4;30;Blessé léger;2
202300017922;155 648 793;A01;1;0;0;8;21;5;203 808 585;1;1;4;1;1988.0;5;8;0;-1;9;8;2023;19:30;1;75;75119;2;2;1;7;48.88279;2.370277;4;2;7;1;1;3; -1;1;6;4;30;Blessé léger;2
202300017936;155 648 768;B01;1;0;2;4;2;5;203 808 554;1;1;4;1;1993.0;5;8;0;-1;9;8;2023;02:36;5;75;75101;2;2;1;2;48.85434;2.344908;4;1; -1;-1;1;1; -1;1;0;1;30;Blessé léger;2
202300017936;155 648 768;B01;1;0;2;4;2;5;203 808 554;1;1;4;1;1993.0;5;8;0;-1;9;8;2023;02:36;5;75;75101;2;2;1;2;48.85434;2.344908;4;1;0;0;1;1; -1;1;2;1;30;Blessé léger;2
202300017944;155 648 755;A01;80;0;0;0;21;3;203 808 539;1;1;4;1;1982.0;1;8;0;-1;17;11;2023;14:50;1;75;75102;2;2;2;7;48.865253;2.351976;4;2;5;1;1;1; -1;2;0;5;30;Blessé léger;4
202300017944;155 648 755;A01;80;0;0;0;21;3;203 808 539;1;1;4;1;1982.0;1;8;0;-1;17;11;2023;14:50;1;75;75102;2;2;2;7;48.865253;2.351976;4;1;1;0;1;1; -1;2;0;5;30;Blessé léger;4
202300017969;155 648 707;B01;80;0;2;8;25;3;203 808 474;1;1;4;1;2011.0;0;8;0;-1;18;11;2023;13:20;1;93;93064;2;1;2;3;48.876888;2.480324;3;1;2;0;1;1; -1;2;0;4;30;Blessé léger;5
202300017969;155 648 710;A01;10;16;2;0;20;1;203 808 478;1;1;1;1;1969.0;5;1;0;-1;18;11;2023;13:20;1;93;93064;2;1;2;3;48.876888;2.480324;3;1;2;0;1;1; -1;2;0;4;30;Indemne;5
202300017976;155 648 691;A01;10;0;0;0;20;1;203 808 453;1;1;1;1;1994.0;4;1;0;-1;31;5;2023;15:20;1;64;64269;2;1;1;6;43.30175;-0.31632;4;2;2;1;1;1; -1;1;0;1;50;Indemne;2
202300017976;155 648 694;B01;1;1;0;0;21;5;203 808 456;1;1;4;1;1983.0;0;2;6;-1;31;5;2023;15:20;1;64;64269;2;1;1;6;43.30175;-0.31632;4;2;2;1;1;1; -1;1;0;1;50;Blessé léger;2
202300017991;155 648 666;A01;1;0;2;0;2;5;203 808 419;1;1;4;1;2000.0;0;8;0;-1;23;6;2023;19:00;3;971;97101;2;9;2;6;16.23029;-61.52032;4;2;1;0;2;4; -1;2;0;8;50;Blessé léger;4
202300018014;155 648 623;A01;7;0;9;2;1;1;203 808 365;1;1;1;1;2001.0;5;1;-1;-1;9;8;2023;23:30;3;33;33404;1;1;1;2;44.631238;0.079629;3;2;2;0;2;1;4;1;0;1;80;Indemne;2
202300018014;155 648 626;B01;80;0;2;4;1;3;203 808 368;1;1;2;2;1944.0;5;2;-1;-1;9;8;2023;23:30;3;33;33404;1;1;1;2;44.631238;0.079629;3;2;2;0;2;1;4;1;0;1;80;Tué;2
202300018015;155 648 625;A01;1;0;2;7;1;5;203 808 366;1;1;3;1;1961.0;5;2;-1;-1;18;11;2023;13:50;1;17;17420;1;4;1;3;46.10835;-1.051426;3;2;2;0;1;2;5,8;1;0;1;50;Blessé hospitalisé;5
202300018015;155 648 625;A01;1;0;2;7;1;5;203 808 366;1;1;3;1;1961.0;5;2;-1;-1;18;11;2023;13:50;1;17;17420;1;4;1;3;46.10835;-1.051426;3;2;2;0;1;2;5,8;1;0;1;50;Blessé hospitalisé;5
202300018015;155 648 627;B01;7;0;2;8;9;1;203 808 369;1;1;1;1;1979.0;5;1;-1;-1;18;11;2023;13:50;1;17;17420;1;4;1;3;46.10835;-1.051426;3;2;2;0;1;2;5,8;1;0;1;50;Indemne;5
202300018015;155 648 627;B01;7;0;2;8;9;1;203 808 369;1;1;1;1;1979.0;5;1;-1;-1;18;11;2023;13:50;1;17;17420;1;4;1;3;46.10835;-1.051426;3;2;2;0;1;2;5,8;1;0;1;50;Indemne;5
202300018016;155 648 621;C01;1;0;0;0;0;5;203 808 363;1;1;4;1;2013.0;0;2;0;-1;31;5;2023;09:55;1;44;44109;2;3;1;4;47.23832;-1.5868;4;2;0;0;1;1; -1;1;0;1;30;Blessé léger;2
202300018016;155 648 621;C01;1;0;0;0;0;5;203 808 363;1;1;4;1;2013.0;0;2;0;-1;31;5;2023;09:55;1;44;44109;2;3;1;4;47.23832;-1.5868;4;1;1;2;1;1; -1;1;0;1;30;Blessé léger;2
202300018016;155 648 624;B01;7;0;0;0;0;5;203 808 367;1;1;1;2;1978.0;0;1;0;-1;31;5;2023;09:55;1;44;44109;2;3;1;4;47.23832;-1.5868;4;2;0;0;1;1; -1;1;0;1;30;Indemne;2
202300018016;155 648 624;B01;7;0;0;0;0;5;203 808 367;1;1;1;2;1978.0;0;1;0;-1;31;5;2023;09:55;1;44;44109;2;3;1;4;47.23832;-1.5868;4;1;1;2;1;1; -1;1;0;1;30;Indemne;2
202300018016;155 648 628;A01;10;0;2;1;9;1;203 808 370;1;1;1;1;2001.0;4;8;0;-1;31;5;2023;09:55;1;44;44109;2;3;1;4;47.23832;-1.5868;4;2;0;0;1;1; -1;1;0;1;30;Indemne;2
202300018016;155 648 628;A01;10;0;2;1;9;1;203 808 370;1;1;1;1;2001.0;4;8;0;-1;31;5;2023;09:55;1;44;44109;2;3;1;4;47.23832;-1.5868;4;1;1;2;1;1; -1;1;0;1;30;Indemne;2
202300018026;155 648 607;A01;10;0;2;2;2;1;203 808 345;1;1;1;1;1990.0;5;1;0;-1;26;5;2023;23:00;5;42;42218;2;2;1;2;45.4395;4.39788;4;2;4;0;1;1; -1;1;5;1;50;Indemne;4
202300018026;155 648 607;A01;10;0;2;2;2;1;203 808 345;1;1;1;1;1990.0;5;1;0;-1;26;5;2023;23:00;5;42;42218;2;2;1;2;45.4395;4.39788;4;2;4;-1;1;3; -1;1;5;1;-1;Indemne;4
202300018026;155 648 609;B01;1;0;2;4;1;5;203 808 348;1;1;4;1;2003.0;5;8;0;-1;26;5;2023;23:00;5;42;42218;2;2;1;2;45.4395;4.39788;4;2;4;0;1;1; -1;1;5;1;50;Blessé léger;4
202300018026;155 648 609;B01;1;0;2;4;1;5;203 808 348;1;1;4;1;2003.0;5;8;0;-1;26;5;2023;23:00;5;42;42218;2;2;1;2;45.4395;4.39788;4;2;4;-1;1;3; -1;1;5;1;-1;Blessé léger;4
202300018036;155 648 591;A01;7;0;9;3;9;1;203 808 320;1;1;1;2;1983.0;1;1;-1;-1;4;7;2023;17:40;1;83;83034;2;9;1;3;43.09251;6.07699;3;1;2;0;1;2;7;1;0;1;50;Indemne;1
202300018036;155 648 593;B01;1;0;2;3;1;5;203 808 324;1;1;3;2;1960.0;0;2;-1;-1;4;7;2023;17:40;1;83;83034;2;9;1;3;43.09251;6.07699;3;1;2;0;1;2;7;1;0;1;50;Blessé hospitalisé;1
202300018040;155 648 582;A01;7;0;9;5;26;1;203 808 305;1;1;1;2;1986.0;4;1;-1;-1;19;11;2023;10:30;1;87;87202;2;1;2;6;45.892695;1.05436;3;2;2;0;2;1;7;2;0;1;50;Indemne;6
202300018040;155 648 583;B01;1;0;2;1;1;5;203 808 307;1;1;4;1;1984.0;5;2;-1;-1;19;11;2023;10:30;1;87;87202;2;1;2;6;45.892695;1.05436;3;2;2;0;2;1;7;2;0;1;50;Blessé léger;6
202300018042;155 648 578;A01;1;0;2;1;1;5;203 808 302;1;1;3;1;1945.0;5;2;-1;-1;9;8;2023;10:45;1;29;29020;1;2;1;3;48.05297484;-4.05322552;4;2;2;0;1;1; -1;1;0;1;80;Blessé hospitalisé;2
202300018042;155 648 578;A01;1;0;2;1;1;5;203 808 302;1;1;3;1;1945.0;5;2;-1;-1;9;8;2023;10:45;1;29;29020;1;2;1;3;48.05297484;-4.05322552;4;2;2;0;2;1; -1;1;0;1;80;Blessé hospitalisé;2
202300018042;155 648 580;B01;7;0;2;5;1;1;203 808 304;1;1;1;1;1984.0;5;1;-1;-1;9;8;2023;10:45;1;29;29020;1;2;1;3;48.05297484;-4.05322552;4;2;2;0;1;1; -1;1;0;1;80;Indemne;2
202300018042;155 648 580;B01;7;0;2;5;1;1;203 808 304;1;1;1;1;1984.0;5;1;-1;-1;9;8;2023;10:45;1;29;29020;1;2;1;3;48.05297484;-4.05322552;4;2;2;0;2;1; -1;1;0;1;80;Indemne;2
202300018053;155 648 556;A01;7;0;2;2;21;1;203 808 274;2;2;1;2;1925.0;3;1;-1;-1;8;8;2023;16:30;1;01;01093;1;1;1;3;46.123758;4.950266;3;2;2;0;4;1;7;1;0;3;70;Indemne;1
202300018053;155 648 556;A01;7;0;2;2;21;1;203 808 276;1;1;1;1;1948.0;3;1;-1;-1;8;8;2023;16:30;1;01;01093;1;1;1;3;46.123758;4.950266;3;2;2;0;4;1;7;1;0;3;70;Indemne;1
202300018053;155 648 560;B01;1;0;2;6;1;5;203 808 279;1;1;4;1;1960.0;3;0;-1;-1;8;8;2023;16:30;1;01;01093;1;1;1;3;46.123758;4.950266;3;2;2;0;4;1;7;1;0;3;70;Blessé léger;1
202300018055;155 648 548;B01;1;0;2;1;1;5;203 808 266;1;1;3;2;1993.0;1;2;-1;-1;9;8;2023;18:30;1;26;26125;1;9;7;6;44.756867;4.95139;3;2;2;0;1;1;5,5;1;0;1;70;Blessé hospitalisé;2
202300018055;155 648 552;A01;10;0;2;8;13;1;203 808 270;1;1;1;1;1977.0;1;1;-1;-1;9;8;2023;18:30;1;26;26125;1;9;7;6;44.756867;4.95139;3;2;2;0;1;1;5,5;1;0;1;70;Indemne;2
202300018077;155 648 513;B01;1;0;2;0;0;5;203 808 224;1;1;4;1;1964.0;1;2;-1;-1;23;6;2023;07:50;1;70;70550;2;3;1;3;47.63435;6.14166;4;2;2;0;1;1; -1;1;0;1;50;Blessé léger;4
202300018077;155 648 513;B01;1;0;2;0;0;5;203 808 224;1;1;4;1;1964.0;1;2;-1;-1;23;6;2023;07:50;1;70;70550;2;3;1;3;47.63435;6.14166;4;2;2;0;1;1; -1;1;0;1;50;Blessé léger;4
202300018077;155 648 518;A01;7;0;2;3;16;1;203 808 229;1;1;1;1;1965.0;3;1;-1;-1;23;6;2023;07:50;1;70;70550;2;3;1;3;47.63435;6.14166;4;2;2;0;1;1; -1;1;0;1;50;Indemne;4
202300018077;155 648 518;A01;7;0;2;3;16;1;203 808 229;1;1;1;1;1965.0;3;1;-1;-1;23;6;2023;07:50;1;70;70550;2;3;1;3;47.63435;6.14166;4;2;2;0;1;1; -1;1;0;1;50;Indemne;4
202300018078;155 648 514;A01;7;1;2;3;1;1;203 808 226;1;1;1;1;1966.0;9;1;0;-1;31;5;2023;17:36;1;75;75106;2;3;1;4;48.851879;2.328631;4;1;2;0;1;1; -1;1;0;1;30;Indemne;2
202300018078;155 648 514;A01;7;1;2;3;1;1;203 808 226;1;1;1;1;1966.0;9;1;0;-1;31;5;2023;17:36;1;75;75106;2;3;1;4;48.851879;2.328631;4;2;3;0;1;1; -1;1;0;1;30;Indemne;2
202300018078;155 648 517;B01;7;0;2;2;1;1;203 808 228;1;1;1;1;1969.0;9;1;0;-1;31;5;2023;17:36;1;75;75106;2;3;1;4;48.851879;2.328631;4;1;2;0;1;1; -1;1;0;1;30;Indemne;2
202300018078;155 648 517;B01;7;0;2;2;1;1;203 808 228;1;1;1;1;1969.0;9;1;0;-1;31;5;2023;17:36;1;75;75106;2;3;1;4;48.851879;2.328631;4;2;3;0;1;1; -1;1;0;1;30;Indemne;2
202300018078;155 648 519;C01;80;1;2;7;1;3;203 808 230;1;1;4;2;1989.0;9;2;0;-1;31;5;2023;17:36;1;75;75106;2;3;1;4;48.851879;2.328631;4;1;2;0;1;1; -1;1;0;1;30;Blessé léger;2
202300018078;155 648 519;C01;80;1;2;7;1;3;203 808 230;1;1;4;2;1989.0;9;2;0;-1;31;5;2023;17:36;1;75;75106;2;3;1;4;48.851879;2.328631;4;2;3;0;1;1; -1;1;0;1;30;Blessé léger;2
202300018088;155 648 498;B01;1;0;2;1;1;5;203 808 205;1;1;4;1;1992.0;9;8;0;-1;30;5;2023;20:50;1;75;75105;2;2;1;1;48.849958;2.354884;4;-1; -1;1;1;1; -1;1;0;5;30;Blessé léger;1
202300018088;155 648 498;B01;1;0;2;1;1;5;203 808 205;1;1;4;1;1992.0;9;8;0;-1;30;5;2023;20:50;1;75;75105;2;2;1;1;48.849958;2.354884;4;-1;2;1;2;1; -1;1;0;5;30;Blessé léger;1
202300018088;155 648 500;A01;1;0;2;1;15;5;203 808 207;1;1;1;1;2001.0;9;8;0;-1;30;5;2023;20:50;1;75;75105;2;2;1;1;48.849958;2.354884;4;-1; -1;1;1;1; -1;1;0;5;30;Indemne;1
202300018088;155 648 500;A01;1;0;2;1;15;5;203 808 207;1;1;1;1;2001.0;9;8;0;-1;30;5;2023;20:50;1;75;75105;2;2;1;1;48.849958;2.354884;4;-1;2;1;2;1; -1;1;0;5;30;Indemne;1
202300018090;155 648 492;B01;1;1;0;0;0;5;203 808 192;1;1;4;1;2002.0;9;8;8;-1;4;7;2023;07:50;1;67;67482;2;1;1;6;48.58057;7.75641;4;2;2;0;1;1; -1;1;0;1;50;Blessé léger;1
202300018090;155 648 494;A01;10;0;2;8;22;1;203 808 198;1;1;1;1;1953.0;4;8;0;-1;4;7;2023;07:50;1;67;67482;2;1;1;6;48.58057;7.75641;4;2;2;0;1;1; -1;1;0;1;50;Indemne;1
202300018099;155 648 479;B01;1;0;2;3;1;5;203 808 175;1;1;4;2;2003.0;4;8;0;-1;31;5;2023;11:10;1;75;75117;2;7;1;3;48.883353;2.309513;4;2;6;1;1;1; -1;1;0;1;30;Blessé léger;2
202300018099;155 648 479;B01;1;0;2;3;1;5;203 808 175;1;1;4;2;2003.0;4;8;0;-1;31;5;2023;11:10;1;75;75117;2;7;1;3;48.883353;2.309513;4;1; -1;0;1;1; -1;1;0;1;30;Blessé léger;2
202300018099;155 648 481;A01;7;0;2;7;15;1;203 808 177;1;1;1;1;1991.0;5;1;0;-1;31;5;2023;11:10;1;75;75117;2;7;1;3;48.883353;2.309513;4;2;6;1;1;1; -1;1;0;1;30;Indemne;2
202300018099;155 648 481;A01;7;0;2;7;15;1;203 808 177;1;1;1;1;1991.0;5;1;0;-1;31;5;2023;11:10;1;75;75117;2;7;1;3;48.883353;2.309513;4;1; -1;0;1;1; -1;1;0;1;30;Indemne;2
202300018105;155 648 467;A01;1;0;2;1;19;5;203 808 159;1;1;4;1;1994.0;4;8;0;-1;4;7;2023;14:00;1;64;64445;1;9;1;3;43.31726;-0.36028;4;1;1;1;1;1; -1;1;0;1;30;Blessé léger;1
202300018105;155 648 470;B01;7;0;2;3;1;1;203 808 162;1;1;1;1;1957.0;5;1;0;-1;4;7;2023;14:00;1;64;64445;1;9;1;3;43.31726;-0.36028;4;1;1;1;1;1; -1;1;0;1;30;Indemne;1
202300018119;155 648 445;B01;1;1;0;1;1;5;203 808 125;1;1;3;1;1957.0;5;2;-1;-1;17;11;2023;14:30;1;72;72367;2;1;1;6;47.962385;-0.075121;3;-1;2;0;1;1;5;1;0;1;50;Blessé hospitalisé;4
202300018119;155 648 446;A01;7;1;9;3;24;0;203 808 127;1;1;1;1;1970.0;9;1;0;-1;17;11;2023;14:30;1;72;72367;2;1;1;6;47.962385;-0.075121;3;-1;2;0;1;1;5;1;0;1;50;Indemne;4
202300018123;155 648 438;B01;7;0;9;3;1;1;203 808 114;1;1;1;1;1945.0;5;1;-1;-1;18;11;2023;11:35;1;06;06059;1;1;1;1;43.729088;7.367352;7;2;2;0;2;3;5,5;1;0;1;50;Indemne;5
202300018123;155 648 440;A01;1;0;2;4;5;5;203 808 117;1;1;3;1;1973.0;5;0;-1;-1;18;11;2023;11:35;1;06;06059;1;1;1;1;43.729088;7.367352;7;2;2;0;2;3;5,5;1;0;1;50;Blessé hospitalisé;5
202300018124;155 648 436;B01;1;0;0;7;0;5;203 808 112;1;1;4;1;1946.0;0;0;-1;-1;9;8;2023;20:00;1;34;34189;2;6;1;3;43.283758;2.736293;3;1;1;0;1;2;7;1;0;3;50;Blessé léger;2
202300018124;155 648 439;A01;7;0;2;3;9;1;203 808 116;1;1;1;1;1958.0;5;1;-1;-1;9;8;2023;20:00;1;34;34189;2;6;1;3;43.283758;2.736293;3;1;1;0;1;2;7;1;0;3;50;Indemne;2
202300018134;155 648 421;A01;1;0;2;6;19;5;203 808 092;1;1;4;2;1994.0;1;2;8;-1;30;5;2023;09:15;1;75;75113;2;3;1;3;48.831703;2.357934;4;1;2;1;1;1; -1;1;0;1;30;Blessé léger;1
202300018134;155 648 421;A01;1;0;2;6;19;5;203 808 092;1;1;4;2;1994.0;1;2;8;-1;30;5;2023;09:15;1;75;75113;2;3;1;3;48.831703;2.357934;4;1;2;0;1;1; -1;1;0;1;30;Blessé léger;1
202300018134;155 648 423;B01;32;0;2;3;1;1;203 808 093;1;1;4;2;1962.0;1;2;6;-1;30;5;2023;09:15;1;75;75113;2;3;1;3;48.831703;2.357934;4;1;2;1;1;1; -1;1;0;1;30;Blessé léger;1
202300018134;155 648 423;B01;32;0;2;3;1;1;203 808 093;1;1;4;2;1962.0;1;2;6;-1;30;5;2023;09:15;1;75;75113;2;3;1;3;48.831703;2.357934;4;1;2;0;1;1; -1;1;0;1;30;Blessé léger;1
202300018142;155 648 409;A01;10;0;2;1;1;1;203 808 078;1;1;1;1;1997.0;9;1;0;-1;31;5;2023;10:07;1;75;75112;2;3;1;3;48.842091;2.376396;4;2;2;0;1;1; -1;1;0;1;30;Indemne;2
202300018142;155 648 409;A01;10;0;2;1;1;1;203 808 078;1;1;1;1;1997.0;9;1;0;-1;31;5;2023;10:07;1;75;75112;2;3;1;3;48.842091;2.376396;4;2;2;0;1;1; -1;1;0;1;30;Indemne;2
202300018142;155 648 412;B01;1;0;2;7;19;5;203 808 081;1;1;4;1;1998.0;1;8;0;-1;31;5;2023;10:07;1;75;75112;2;3;1;3;48.842091;2.376396;4;2;2;0;1;1; -1;1;0;1;30;Blessé léger;2
202300018142;155 648 412;B01;1;0;2;7;19;5;203 808 081;1;1;4;1;1998.0;1;8;0;-1;31;5;2023;10:07;1;75;75112;2;3;1;3;48.842091;2.376396;4;2;2;0;1;1; -1;1;0;1;30;Blessé léger;2
202300018143;155 648 406;A01;7;0;9;7;1;1;203 808 075;1;1;1;2;1980.0;5;1;-1;-1;19;11;2023;11:00;1;21;21003;1;1;1;2;47.383049;5.025124;7;2;2;0;1;2;7;2;0;1;70;Indemne;6
202300018143;155 648 411;B01;1;0;2;8;1;5;203 808 080;1;1;3;1;1964.0;5;2;-1;-1;19;11;2023;11:00;1;21;21003;1;1;1;2;47.383049;5.025124;7;2;2;0;1;2;7;2;0;1;70;Blessé hospitalisé;6
202300018150;155 648 393;B01;1;0;2;7;15;5;203 808 061;1;1;3;1;1971.0;1;2;4;-1;9;8;2023;15:25;1;49;49298;2;3;1;3;47.46916;-0.695432;4;2; -1;-1;1;2; -1;1;0;1;-1;Blessé hospitalisé;2