Num_Acc;id_vehicule;num_veh;catv;obs;obsm;choc;manv;motor;id_usager;place;catu;grav;sexe;an_nais;trajet;secu1;secu2;secu3;jour;mois;an;hrmn;lum;dep;com;agg;int;atm;col;lat;long;catr;circ;nbv;vosp;prof;plan;larrout;surf;infra;situ;vma;gravity;day_of_week
202300018150;155 648 393;B01;1;0;2;7;15;5;203 808 061;1;1;3;1;1971.0;1;2;4;-1;9;8;2023;15:25;1;49;49298;2;3;1;3;47.46916;-0.695432;4;2;2;0;1;2; -1;1;0;1;50;Blessé hospitalisé;2
202300018150;155 648 397;A01;7;0;9;1;19;0;203 808 066;1;1;1;1;2000.0;1;1;-1;-1;9;8;2023;15:25;1;49;49298;2;3;1;3;47.46916;-0.695432;4;2; -1;-1;1;2; -1;1;0;1;-1;Indemne;2
202300018150;155 648 397;A01;7;0;9;1;19;0;203 808 066;1;1;1;1;2000.0;1;1;-1;-1;9;8;2023;15:25;1;49;49298;2;3;1;3;47.46916;-0.695432;4;2;2;0;1;2; -1;1;0;1;50;Indemne;2
202300018156;155 648 385;A01;7;0;2;3;2;1;203 808 052;1;1;1;2;1977.0;9;1;0;-1;31;5;2023;17:30;1;75;75111;2;3;1;3;48.86812;2.372411;4;2;2;0;1;1; -1;1;0;1;30;Indemne;2
202300018156;155 648 385;A01;7;0;2;3;2;1;203 808 052;1;1;1;2;1977.0;9;1;0;-1;31;5;2023;17:30;1;75;75111;2;3;1;3;48.86812;2.372411;4;1;1;2;1;1; -1;1;0;1;30;Indemne;2
202300018156;155 648 387;B01;1;0;2;7;2;5;203 808 054;1;1;4;1;1963.0;1;2;0;-1;31;5;2023;17:30;1;75;75111;2;3;1;3;48.86812;2.372411;4;2;2;0;1;1; -1;1;0;1;30;Blessé léger;2
202300018156;155 648 387;B01;1;0;2;7;2;5;203 808 054;1;1;4;1;1963.0;1;2;0;-1;31;5;2023;17:30;1;75;75111;2;3;1;3;48.86812;2.372411;4;1;1;2;1;1; -1;1;0;1;30;Blessé léger;2
202300018167;155 648 367;B01;1;0;2;1;1;5;203 808 025;1;1;4;2;1966.0;9;8;0;-1;31;5;2023;18:40;1;75;75114;2;3;1;2;48.816112;2.343916;4;-1;3;0;1;1; -1;1;0;1;30;Blessé léger;2
202300018167;155 648 367;B01;1;0;2;1;1;5;203 808 025;1;1;4;2;1966.0;9;8;0;-1;31;5;2023;18:40;1;75;75114;2;3;1;2;48.816112;2.343916;4;1; -1;1;1;1; -1;1;0;1;30;Blessé léger;2
202300018167;155 648 369;A01;7;0;2;7;22;1;203 808 027;2;2;1;1;1966.0;9;8;0;-1;31;5;2023;18:40;1;75;75114;2;3;1;2;48.816112;2.343916;4;-1;3;0;1;1; -1;1;0;1;30;Indemne;2
202300018167;155 648 369;A01;7;0;2;7;22;1;203 808 027;2;2;1;1;1966.0;9;8;0;-1;31;5;2023;18:40;1;75;75114;2;3;1;2;48.816112;2.343916;4;1; -1;1;1;1; -1;1;0;1;30;Indemne;2
202300018167;155 648 369;A01;7;0;2;7;22;1;203 808 028;1;1;1;1;1969.0;9;8;0;-1;31;5;2023;18:40;1;75;75114;2;3;1;2;48.816112;2.343916;4;-1;3;0;1;1; -1;1;0;1;30;Indemne;2
202300018167;155 648 369;A01;7;0;2;7;22;1;203 808 028;1;1;1;1;1969.0;9;8;0;-1;31;5;2023;18:40;1;75;75114;2;3;1;2;48.816112;2.343916;4;1; -1;1;1;1; -1;1;0;1;30;Indemne;2
202300018178;155 648 347;B01;1;0;2;7;17;5;203 807 995;1;1;4;1;1988.0;0;8;0;-1;31;5;2023;09:40;1;94;94081;2;3;7;3;48.795565;2.406884;3;2;2;0;1;1; -1;1;0;8;50;Blessé léger;2
202300018178;155 648 347;B01;1;0;2;7;17;5;203 807 995;1;1;4;1;1988.0;0;8;0;-1;31;5;2023;09:40;1;94;94081;2;3;7;3;48.795565;2.406884;3;2;2;0;1;1; -1;1;0;1;50;Blessé léger;2
202300018178;155 648 348;A01;10;0;2;3;15;0;203 807 997;1;1;1;2;1977.0;0;1;0;-1;31;5;2023;09:40;1;94;94081;2;3;7;3;48.795565;2.406884;3;2;2;0;1;1; -1;1;0;8;50;Indemne;2
202300018178;155 648 348;A01;10;0;2;3;15;0;203 807 997;1;1;1;2;1977.0;0;1;0;-1;31;5;2023;09:40;1;94;94081;2;3;7;3;48.795565;2.406884;3;2;2;0;1;1; -1;1;0;1;50;Indemne;2
202300018183;155 648 336;A01;7;0;2;4;23;1;203 807 981;1;1;1;1;2002.0;5;1;-1;-1;4;7;2023;22:31;5;33;33039;2;1;1;2;44.78466;-0.56618;4;3;2;0;1;1; -1;1;0;3;50;Indemne;1
202300018183;155 648 337;B01;1;0;2;1;1;5;203 807 983;1;1;4;1;1977.0;1;0;-1;-1;4;7;2023;22:31;5;33;33039;2;1;1;2;44.78466;-0.56618;4;3;2;0;1;1; -1;1;0;3;50;Blessé léger;1
202300018193;155 648 325;A01;1;6;0;1;1;5;203 807 965;1;1;3;2;1981.0;1;2;0;-1;3;7;2023;07:20;1;29;29019;2;3;1;6;48.374989;-4.531698;4;-1;2;0;2;1; -1;1;0;8;50;Blessé hospitalisé;0
202300018193;155 648 325;A01;1;6;0;1;1;5;203 807 965;1;1;3;2;1981.0;1;2;0;-1;3;7;2023;07:20;1;29;29019;2;3;1;6;48.374989;-4.531698;4;-1;2;0;1;1; -1;1;0;4;50;Blessé hospitalisé;0
202300018197;155 648 314;A01;10;0;2;0;0;1;203 807 953;1;1;1;1;1972.0;4;1;0;-1;4;7;2023;15:20;1;26;26362;2;1;1;3;44.93549;4.90948;4;2;2;1;2;1; -1;1;0;1;50;Indemne;1
202300018197;155 648 317;B01;1;0;2;1;1;5;203 807 955;1;1;3;1;1941.0;0;0;-1;-1;4;7;2023;15:20;1;26;26362;2;1;1;3;44.93549;4.90948;4;2;2;1;2;1; -1;1;0;1;50;Blessé hospitalisé;1
202300018210;155 648 292;A01;1;0;1;9;1;5;203 807 918;1;1;1;1;1978.0;0;8;8;-1;8;8;2023;12:15;1;85;85191;2;1;1;6;46.676546;-1.429701;3;1;2;3;1;1; -1;1;0;1;50;Indemne;1
202300018210;155 648 292;A01;1;0;1;9;1;5;203 807 920;10;3;4;1;1966.0;9;0;-1;-1;8;8;2023;12:15;1;85;85191;2;1;1;6;46.676546;-1.429701;3;1;2;3;1;1; -1;1;0;1;50;Blessé léger;1
202300018214;155 648 287;A01;33;0;9;1;2;1;203 807 910;2;2;3;2;1984.0;0;2;0;-1;19;11;2023;12:30;1;83;83077;1;1;1;3;43.297409;5.983461;3;2;2;0;1;1;5,5;1;0;1;80;Blessé hospitalisé;6
202300018214;155 648 287;A01;33;0;9;1;2;1;203 807 913;1;1;3;1;1977.0;0;2;9;-1;19;11;2023;12:30;1;83;83077;1;1;1;3;43.297409;5.983461;3;2;2;0;1;1;5,5;1;0;1;80;Blessé hospitalisé;6
202300018214;155 648 289;B01;1;0;0;8;2;5;203 807 915;1;1;3;1;2004.0;5;2;0;-1;19;11;2023;12:30;1;83;83077;1;1;1;3;43.297409;5.983461;3;2;2;0;1;1;5,5;1;0;1;80;Blessé hospitalisé;6
202300018218;155 648 280;A01;1;0;2;1;2;5;203 807 903;1;1;4;2;1993.0;0;8;0;-1;8;8;2023;19:05;1;92;92025;2;2;1;3;48.91274183;2.23938525;4;2;2;0;1;1; -1;1;0;1;30;Blessé léger;1
202300018218;155 648 280;A01;1;0;2;1;2;5;203 807 903;1;1;4;2;1993.0;0;8;0;-1;8;8;2023;19:05;1;92;92025;2;2;1;3;48.91274183;2.23938525;4;2;2;1;1;1; -1;1;5;5;20;Blessé léger;1
202300018218;155 648 282;B01;7;1;2;5;2;1;203 807 905;1;1;1;2;1999.0;1;1;8;-1;8;8;2023;19:05;1;92;92025;2;2;1;3;48.91274183;2.23938525;4;2;2;0;1;1; -1;1;0;1;30;Indemne;1
202300018218;155 648 282;B01;7;1;2;5;2;1;203 807 905;1;1;1;2;1999.0;1;1;8;-1;8;8;2023;19:05;1;92;92025;2;2;1;3;48.91274183;2.23938525;4;2;2;1;1;1; -1;1;5;5;20;Indemne;1
202300018219;155 648 278;A01;7;0;9;2;15;1;203 807 900;1;1;1;1;1965.0;0;1;8;-1;4;7;2023;20:25;2;13;13001;2;2;1;3;43.51791;5.45927;4;2;2;0;2;1; -1;1;0;1;50;Indemne;1
202300018219;155 648 278;A01;7;0;9;2;15;1;203 807 900;1;1;1;1;1965.0;0;1;8;-1;4;7;2023;20:25;2;13;13001;2;2;1;3;43.51791;5.45927;4;2;2;0;2;1; -1;1;0;1;50;Indemne;1
202300018219;155 648 279;B01;1;0;2;0;0;5;203 807 902;1;1;4;1;1998.0;0;0;0;-1;4;7;2023;20:25;2;13;13001;2;2;1;3;43.51791;5.45927;4;2;2;0;2;1; -1;1;0;1;50;Blessé léger;1
202300018219;155 648 279;B01;1;0;2;0;0;5;203 807 902;1;1;4;1;1998.0;0;0;0;-1;4;7;2023;20:25;2;13;13001;2;2;1;3;43.51791;5.45927;4;2;2;0;2;1; -1;1;0;1;50;Blessé léger;1
202300018228;155 648 257;A01;10;0;9;2;16;1;203 807 874;1;1;1;1;1983.0;4;1;-1;-1;18;11;2023;16:45;2;42;42147;2;1;1;3;45.602553;4.069874;3;2;3;1;2;1;9;1;0;5;50;Indemne;5
202300018228;155 648 259;B01;1;0;2;1;1;5;203 807 876;1;1;4;1;1958.0;5;2;-1;-1;18;11;2023;16:45;2;42;42147;2;1;1;3;45.602553;4.069874;3;2;3;1;2;1;9;1;0;5;50;Blessé léger;5
202300018234;155 648 248;B01;1;0;2;7;26;5;203 807 864;1;1;3;1;1986.0;5;0;-1;-1;17;11;2023;18:40;5;38;38474;2;1;2;3;45.199129;5.670305;7;2;2;0;1;1; -1;2;0;1;50;Blessé hospitalisé;4
202300018234;155 648 252;A01;7;0;2;3;0;1;203 807 868;1;1;1;1;1945.0;9;1;-1;-1;17;11;2023;18:40;5;38;38474;2;1;2;3;45.199129;5.670305;7;2;2;0;1;1; -1;2;0;1;50;Indemne;4
202300018235;155 648 244;B01;80;0;2;4;2;3;203 807 859;1;1;4;1;1985.0;1;8;0;-1;31;5;2023;14:45;1;93;93064;2;1;1;2;48.87882668;2.472233;3;2;2;0;1;1; -1;1;0;1;50;Blessé léger;2
202300018235;155 648 246;A01;7;0;2;4;1;1;203 807 861;1;1;1;2;1985.0;3;1;8;-1;31;5;2023;14:45;1;93;93064;2;1;1;2;48.87882668;2.472233;3;2;2;0;1;1; -1;1;0;1;50;Indemne;2
202300018235;155 648 246;A01;7;0;2;4;1;1;203 807 862;4;2;1;2;2014.0;3;1;0;-1;31;5;2023;14:45;1;93;93064;2;1;1;2;48.87882668;2.472233;3;2;2;0;1;1; -1;1;0;1;50;Indemne;2
202300018242;155 648 231;A01;7;0;2;3;15;1;203 807 839;1;1;1;1;2003.0;0;1;8;-1;31;5;2023;09:15;1;93;93048;2;2;1;3;48.87803407;2.45746002;3;2;2;0;1;1; -1;1;0;1;50;Indemne;2
202300018242;155 648 231;A01;7;0;2;3;15;1;203 807 839;1;1;1;1;2003.0;0;1;8;-1;31;5;2023;09:15;1;93;93048;2;2;1;3;48.87803407;2.45746002;3;2;2;0;1;1; -1;1;0;1;50;Indemne;2
202300018242;155 648 234;B01;1;0;2;0;0;5;203 807 844;1;1;4;2;1985.0;0;2;0;-1;31;5;2023;09:15;1;93;93048;2;2;1;3;48.87803407;2.45746002;3;2;2;0;1;1; -1;1;0;1;50;Blessé léger;2
202300018242;155 648 234;B01;1;0;2;0;0;5;203 807 844;1;1;4;2;1985.0;0;2;0;-1;31;5;2023;09:15;1;93;93048;2;2;1;3;48.87803407;2.45746002;3;2;2;0;1;1; -1;1;0;1;50;Blessé léger;2
202300018252;155 648 219;A01;7;0;2;7;17;1;203 807 825;1;1;1;1;2005.0;5;1;0;-1;8;8;2023;12:10;1;2A;2A004;2;1;1;6;41.91621;8.73124;3;2;2;0;1;1; -1;1;0;1;50;Indemne;1
202300018252;155 648 220;B01;1;0;2;8;1;5;203 807 826;1;1;4;2;1962.0;0;2;0;-1;8;8;2023;12:10;1;2A;2A004;2;1;1;6;41.91621;8.73124;3;2;2;0;1;1; -1;1;0;1;50;Blessé léger;1
202300018261;155 648 199;A01;7;0;2;2;1;1;203 807 796;1;1;1;1;1974.0;1;1;0;-1;5;8;2023;09:10;1;84;84007;1;1;1;2;43.91567;4.80878;3;2;2;0;1;1; -1;1;2;1;50;Indemne;5
202300018261;155 648 200;Y01;1;0;2;4;25;5;203 807 797;1;1;2;1;1952.0;5;8;0;-1;5;8;2023;09:10;1;84;84007;1;1;1;2;43.91567;4.80878;3;2;2;0;1;1; -1;1;2;1;50;Tué;5
202300018263;155 648 197;A01;1;0;2;1;1;5;203 807 791;1;1;4;2;1988.0;5;2;8;-1;31;5;2023;10:20;1;92;92051;2;9;1;6;48.8795;2.27114;4;2;2;0;1;1; -1;1;0;1;30;Blessé léger;2
202300018266;155 648 193;A01;1;0;0;0;16;5;203 807 788;1;1;4;1;2002.0;5;2;0;-1;30;5;2023;21:21;1;92;92020;2;3;1;7;48.80639542;2.27671668;4;1;1;0;1;1; -1;1;0;1;50;Blessé léger;1
202300018266;155 648 193;A01;1;0;0;0;16;5;203 807 788;1;1;4;1;2002.0;5;2;0;-1;30;5;2023;21:21;1;92;92020;2;3;1;7;48.80639542;2.27671668;4;2;2;0;1;3; -1;1;0;1;50;Blessé léger;1
202300018273;155 648 179;A01;1;0;2;1;25;5;203 807 769;1;1;4;1;1984.0;0;8;0;-1;31;5;2023;19:35;1;92;92012;2;1;1;3;48.8325419;2.2597973;3;1;2;1;1;1; -1;1;0;4;-1;Blessé léger;2
202300018273;155 648 181;B01;7;0;2;2;26;3;203 807 772;1;1;1;2;1965.0;0;1;0;-1;31;5;2023;19:35;1;92;92012;2;1;1;3;48.8325419;2.2597973;3;1;2;1;1;1; -1;1;0;4;-1;Indemne;2
202300018300;155 648 135;A01;7;0;2;1;1;1;203 807 712;1;1;1;2;1971.0;1;1;-1;-1;31;5;2023;15:40;1;85;85109;2;1;1;3;46.860917;-1.019669;4;2;2;0;1;1; -1;1;0;1;50;Indemne;2
202300018300;155 648 136;B01;1;0;2;7;19;5;203 807 713;1;1;4;1;2005.0;5;0;-1;-1;31;5;2023;15:40;1;85;85109;2;1;1;3;46.860917;-1.019669;4;2;2;0;1;1; -1;1;0;1;50;Blessé léger;2
202300018311;155 648 108;A01;7;6;2;3;15;1;203 807 682;1;1;1;1;1977.0;5;1;8;-1;14;11;2023;16:45;1;974;97416;2;1;1;3;-21.3162;55.478;3;2;2;0;1;1; -1;1;0;1;50;Indemne;1
202300018311;155 648 110;B01;1;6;2;1;1;5;203 807 684;1;1;4;2;2001.0;1;2;8;-1;14;11;2023;16:45;1;974;97416;2;1;1;3;-21.3162;55.478;3;2;2;0;1;1; -1;1;0;1;50;Blessé léger;1
202300018327;155 648 082;B01;1;0;1;0;1;6;203 807 649;1;1;1;1;1976.0;0;8;-1;-1;14;3;2023;17:50;1;69;69386;2;1;1;6;45.77371;4.85115;4;1;1;3;1;1; -1;1;0;5;50;Indemne;1
202300018327;155 648 082;B01;1;0;1;0;1;6;203 807 650;10;3;4;2;1967.0;0;0;-1;-1;14;3;2023;17:50;1;69;69386;2;1;1;6;45.77371;4.85115;4;1;1;3;1;1; -1;1;0;5;50;Blessé léger;1
202300018329;155 648 080;B01;7;0;2;5;1;1;203 807 647;1;1;1;1;1986.0;1;1;-1;-1;3;5;2023;18:20;1;35;35069;2;3;1;3;48.056215;-1.450158;3;2;2;0;1;1; -1;1;0;1;50;Indemne;2
202300018329;155 648 080;B01;7;0;2;5;1;1;203 807 647;1;1;1;1;1986.0;1;1;-1;-1;3;5;2023;18:20;1;35;35069;2;3;1;3;48.056215;-1.450158;3;2;2;0;2;1; -1;1;0;1;50;Indemne;2
202300018329;155 648 084;A01;1;0;2;1;1;5;203 807 652;1;1;4;1;2013.0;5;0;-1;-1;3;5;2023;18:20;1;35;35069;2;3;1;3;48.056215;-1.450158;3;2;2;0;1;1; -1;1;0;1;50;Blessé léger;2
202300018329;155 648 084;A01;1;0;2;1;1;5;203 807 652;1;1;4;1;2013.0;5;0;-1;-1;3;5;2023;18:20;1;35;35069;2;3;1;3;48.056215;-1.450158;3;2;2;0;2;1; -1;1;0;1;50;Blessé léger;2
202300018350;155 648 040;A01;7;0;2;3;10;1;203 807 598;1;1;1;1;2001.0;4;1;0;-1;16;11;2023;07:50;2;87;87085;2;1;2;3;45.83232;1.25023;4;2;3;3;1;1; -1;2;0;1;30;Indemne;3
202300018350;155 648 042;B01;1;0;2;7;1;5;203 807 601;1;1;4;1;2008.0;2;2;0;-1;16;11;2023;07:50;2;87;87085;2;1;2;3;45.83232;1.25023;4;2;3;3;1;1; -1;2;0;1;30;Blessé léger;3
202300018372;155 648 002;A01;1;0;0;4;1;5;203 807 544;1;1;3;1;1959.0;5;0;-1;-1;31;5;2023;14:45;1;971;97125;2;1;1;2;16.268568;-61.309955;4;2;2;0;1;1; -1;1;0;1;80;Blessé hospitalisé;2
202300018372;155 648 004;B01;7;0;2;1;1;0;203 807 547;1;1;1;1;1960.0;3;1;-1;-1;31;5;2023;14:45;1;971;97125;2;1;1;2;16.268568;-61.309955;4;2;2;0;1;1; -1;1;0;1;80;Indemne;2
202300018379;155 647 991;B01;1;0;2;1;1;5;203 807 530;1;1;4;2;1964.0;0;2;0;-1;17;11;2023;10:35;1;71;71076;2;2;7;3;46.79251;4.85389;4;3;5;0;1;1; -1;2;5;1;50;Blessé léger;4
202300018379;155 647 991;B01;1;0;2;1;1;5;203 807 530;1;1;4;2;1964.0;0;2;0;-1;17;11;2023;10:35;1;71;71076;2;2;7;3;46.79251;4.85389;4;2;4;1;1;1; -1;1;5;1;50;Blessé léger;4
202300018379;155 647 992;A01;10;0;2;2;15;1;203 807 532;1;1;1;1;1989.0;4;8;0;-1;17;11;2023;10:35;1;71;71076;2;2;7;3;46.79251;4.85389;4;3;5;0;1;1; -1;2;5;1;50;Indemne;4
202300018379;155 647 992;A01;10;0;2;2;15;1;203 807 532;1;1;1;1;1989.0;4;8;0;-1;17;11;2023;10:35;1;71;71076;2;2;7;3;46.79251;4.85389;4;2;4;1;1;1; -1;1;5;1;50;Indemne;4
202300018387;155 647 980;A01;1;14;0;0;1;5;203 807 511;1;1;4;2;1975.0;0;8;-1;-1;14;3;2023;19:55;5;51;51454;2;1;1;7;49.25216;4.02521;4;2;2;3;1;1; -1;1;-1;6;30;Blessé léger;1
202300018388;155 647 976;A01;7;0;2;5;16;1;203 807 508;1;1;1;1;1948.0;5;1;8;-1;17;11;2023;15:07;1;67;67482;2;3;3;3;48.58057;7.72335;4;2;2;1;1;1; -1;2;0;1;50;Indemne;4
202300018388;155 647 976;A01;7;0;2;5;16;1;203 807 508;1;1;1;1;1948.0;5;1;8;-1;17;11;2023;15:07;1;67;67482;2;3;3;3;48.58057;7.72335;4;2;3;1;1;1; -1;2;5;1;50;Indemne;4
202300018388;155 647 979;B01;1;0;2;5;1;5;203 807 510;1;1;4;2;1976.0;1;8;8;-1;17;11;2023;15:07;1;67;67482;2;3;3;3;48.58057;7.72335;4;2;2;1;1;1; -1;2;0;1;50;Blessé léger;4
202300018388;155 647 979;B01;1;0;2;5;1;5;203 807 510;1;1;4;2;1976.0;1;8;8;-1;17;11;2023;15:07;1;67;67482;2;3;3;3;48.58057;7.72335;4;2;3;1;1;1; -1;2;5;1;50;Blessé léger;4
202300018395;155 647 967;A01;7;0;2;1;17;1;203 807 497;1;1;1;1;1991.0;1;1;8;-1;17;11;2023;07:45;1;67;67482;2;3;3;3;48.54413;7.78135;4;2;2;0;1;1; -1;2;0;1;50;Indemne;4
202300018395;155 647 967;A01;7;0;2;1;17;1;203 807 497;1;1;1;1;1991.0;1;1;8;-1;17;11;2023;07:45;1;67;67482;2;3;3;3;48.54413;7.78135;4;2;2;0;1;1; -1;2;0;1;50;Indemne;4
202300018395;155 647 969;B01;1;0;2;8;15;5;203 807 499;1;1;4;1;1999.0;1;8;8;-1;17;11;2023;07:45;1;67;67482;2;3;3;3;48.54413;7.78135;4;2;2;0;1;1; -1;2;0;1;50;Blessé léger;4
202300018395;155 647 969;B01;1;0;2;8;15;5;203 807 499;1;1;4;1;1999.0;1;8;8;-1;17;11;2023;07:45;1;67;67482;2;3;3;3;48.54413;7.78135;4;2;2;0;1;1; -1;2;0;1;50;Blessé léger;4
202300018398;155 647 959;A01;15;0;2;0;16;1;203 807 489;1;1;1;1;1980.0;4;1;8;-1;16;11;2023;13:40;1;67;67482;2;3;3;3;48.59107;7.74614;4;1;4;1;1;2; -1;2;9;8;50;Indemne;3
202300018398;155 647 959;A01;15;0;2;0;16;1;203 807 489;1;1;1;1;1980.0;4;1;8;-1;16;11;2023;13:40;1;67;67482;2;3;3;3;48.59107;7.74614;4;2;4;2;1;1; -1;2;9;1;50;Indemne;3
202300018398;155 647 961;B01;1;0;2;1;1;5;203 807 492;1;1;3;2;2005.0;2;8;8;-1;16;11;2023;13:40;1;67;67482;2;3;3;3;48.59107;7.74614;4;1;4;1;1;2; -1;2;9;8;50;Blessé hospitalisé;3
202300018398;155 647 961;B01;1;0;2;1;1;5;203 807 492;1;1;3;2;2005.0;2;8;8;-1;16;11;2023;13:40;1;67;67482;2;3;3;3;48.59107;7.74614;4;2;4;2;1;1; -1;2;9;1;50;Blessé hospitalisé;3
202300018400;155 647 955;A01;7;0;2;2;15;1;203 807 484;1;1;1;1;1954.0;5;1;0;-1;13;3;2023;09:28;1;45;45208;2;3;1;3;47.99795;2.73915;4;2;3;0;1;1; -1;1;0;1;50;Indemne;0
202300018400;155 647 955;A01;7;0;2;2;15;1;203 807 484;1;1;1;1;1954.0;5;1;0;-1;13;3;2023;09:28;1;45;45208;2;3;1;3;47.99795;2.73915;4;1;1;0;2;1; -1;1;0;1;50;Indemne;0
202300018400;155 647 955;A01;7;0;2;2;15;1;203 807 485;2;2;1;2;1954.0;5;1;0;-1;13;3;2023;09:28;1;45;45208;2;3;1;3;47.99795;2.73915;4;2;3;0;1;1; -1;1;0;1;50;Indemne;0
202300018400;155 647 955;A01;7;0;2;2;15;1;203 807 485;2;2;1;2;1954.0;5;1;0;-1;13;3;2023;09:28;1;45;45208;2;3;1;3;47.99795;2.73915;4;1;1;0;2;1; -1;1;0;1;50;Indemne;0
202300018400;155 647 957;B01;1;0;2;1;1;5;203 807 488;1;1;4;1;1952.0;5;8;0;-1;13;3;2023;09:28;1;45;45208;2;3;1;3;47.99795;2.73915;4;2;3;0;1;1; -1;1;0;1;50;Blessé léger;0
202300018400;155 647 957;B01;1;0;2;1;1;5;203 807 488;1;1;4;1;1952.0;5;8;0;-1;13;3;2023;09:28;1;45;45208;2;3;1;3;47.99795;2.73915;4;1;1;0;2;1; -1;1;0;1;50;Blessé léger;0
202300018401;155 647 953;A01;3;0;9;1;16;3;203 807 482;1;1;1;1;2008.0;2;1;0;-1;16;11;2023;17:45;5;67;67462;2;9;2;3;48.260409;7.444769;3;3;3;2;1;3; -1;2;5;5;40;Indemne;3
202300018401;155 647 954;B01;1;0;2;7;1;5;203 807 483;1;1;3;2;1962.0;0;2;8;-1;16;11;2023;17:45;5;67;67462;2;9;2;3;48.260409;7.444769;3;3;3;2;1;3; -1;2;5;5;40;Blessé hospitalisé;3
202300018404;155 647 947;A01;7;0;2;2;15;1;203 807 472;1;1;1;2;1951.0;5;1;0;-1;17;11;2023;18:45;5;64;64129;2;3;1;1;43.30425;-0.40021;4;2;2;1;1;1; -1;1;0;1;50;Indemne;4
202300018404;155 647 947;A01;7;0;2;2;15;1;203 807 472;1;1;1;2;1951.0;5;1;0;-1;17;11;2023;18:45;5;64;64129;2;3;1;1;43.30425;-0.40021;4;2;2;0;1;1; -1;1;0;1;50;Indemne;4
202300018404;155 647 947;A01;7;0;2;2;15;1;203 807 473;2;2;1;2;1981.0;0;1;0;-1;17;11;2023;18:45;5;64;64129;2;3;1;1;43.30425;-0.40021;4;2;2;1;1;1; -1;1;0;1;50;Indemne;4
202300018404;155 647 947;A01;7;0;2;2;15;1;203 807 473;2;2;1;2;1981.0;0;1;0;-1;17;11;2023;18:45;5;64;64129;2;3;1;1;43.30425;-0.40021;4;2;2;0;1;1; -1;1;0;1;50;Indemne;4
202300018404;155 647 949;B01;1;0;2;1;1;5;203 807 475;1;1;4;1;1968.0;5;8;8;-1;17;11;2023;18:45;5;64;64129;2;3;1;1;43.30425;-0.40021;4;2;2;1;1;1; -1;1;0;1;50;Blessé léger;4
202300018404;155 647 949;B01;1;0;2;1;1;5;203 807 475;1;1;4;1;1968.0;5;8;8;-1;17;11;2023;18:45;5;64;64129;2;3;1;1;43.30425;-0.40021;4;2;2;0;1;1; -1;1;0;1;50;Blessé léger;4
202300018414;155 647 931;A01;33;0;2;1;2;1;203 807 453;1;1;1;1;2001.0;0;2;6;-1;17;11;2023;08:15;1;64;64445;1;1;1;2;43.34558;-0.37969;3;2;2;0;1;1;7;1;0;1;50;Indemne;4
202300018414;155 647 934;B01;1;0;2;4;11;5;203 807 456;1;1;4;1;2003.0;1;8;0;-1;17;11;2023;08:15;1;64;64445;1;1;1;2;43.34558;-0.37969;3;2;2;0;1;1;7;1;0;1;50;Blessé léger;4
202300018422;155 647 917;A01;7;0;2;1;16;1;203 807 438;1;1;1;2;2002.0;2;1;-1;-1;14;3;2023;09:20;1;35;35238;2;3;1;3;48.11021;-1.66411;4;1;1;2;1;1; -1;1;0;1;50;Indemne;1
202300018422;155 647 917;A01;7;0;2;1;16;1;203 807 438;1;1;1;2;2002.0;2;1;-1;-1;14;3;2023;09:20;1;35;35238;2;3;1;3;48.11021;-1.66411;4;1;1;0;1;1; -1;1;0;1;30;Indemne;1
202300018422;155 647 919;B01;1;0;2;3;1;5;203 807 440;1;1;4;2;1990.0;1;8;-1;-1;14;3;2023;09:20;1;35;35238;2;3;1;3;48.11021;-1.66411;4;1;1;2;1;1; -1;1;0;1;50;Blessé léger;1
202300018422;155 647 919;B01;1;0;2;3;1;5;203 807 440;1;1;4;2;1990.0;1;8;-1;-1;14;3;2023;09:20;1;35;35238;2;3;1;3;48.11021;-1.66411;4;1;1;0;1;1; -1;1;0;1;30;Blessé léger;1
202300018425;155 647 908;B01;1;0;2;1;19;5;203 807 426;1;1;4;1;1965.0;1;8;4;-1;17;11;2023;07:30;2;62;62041;2;2;2;3;50.28597;2.77279;4;2;2;0;1;1; -1;2;0;1;50;Blessé léger;4
202300018425;155 647 908;B01;1;0;2;1;19;5;203 807 426;1;1;4;1;1965.0;1;8;4;-1;17;11;2023;07:30;2;62;62041;2;2;2;3;50.28597;2.77279;4;2;2;0;1;1; -1;2;0;1;50;Blessé léger;4
202300018425;155 647 911;A01;7;0;9;3;19;1;203 807 429;1;1;1;2;1982.0;1;1;0;-1;17;11;2023;07:30;2;62;62041;2;2;2;3;50.28597;2.77279;4;2;2;0;1;1; -1;2;0;1;50;Indemne;4
202300018425;155 647 911;A01;7;0;9;3;19;1;203 807 429;1;1;1;2;1982.0;1;1;0;-1;17;11;2023;07:30;2;62;62041;2;2;2;3;50.28597;2.77279;4;2;2;0;1;1; -1;2;0;1;50;Indemne;4
202300018427;155 647 905;B01;1;0;2;3;1;5;203 807 422;1;1;3;1;1992.0;1;2;-1;-1;14;3;2023;08:40;1;33;33039;2;3;2;3;44.79788452;-0.55269331;4;2;2;1;2;1; -1;2;2;1;50;Blessé hospitalisé;1
202300018427;155 647 905;B01;1;0;2;3;1;5;203 807 422;1;1;3;1;1992.0;1;2;-1;-1;14;3;2023;08:40;1;33;33039;2;3;2;3;44.79788452;-0.55269331;4;-1; -1;0;1;1; -1;2;0;1;50;Blessé hospitalisé;1