Num_Acc;id_vehicule;num_veh;catv;obs;obsm;choc;manv;motor;id_usager;place;catu;grav;sexe;an_nais;trajet;secu1;secu2;secu3;jour;mois;an;hrmn;lum;dep;com;agg;int;atm;col;lat;long;catr;circ;nbv;vosp;prof;plan;larrout;surf;infra;situ;vma;gravity;day_of_week
202300018427;155 647 905;B01;1;0;2;3;1;5;203 807 424;2;2;4;1;2019.0;1;3;2;-1;14;3;2023;08:40;1;33;33039;2;3;2;3;44.79788452;-0.55269331;4;2;2;1;2;1; -1;2;2;1;50;Blessé léger;1
202300018427;155 647 905;B01;1;0;2;3;1;5;203 807 424;2;2;4;1;2019.0;1;3;2;-1;14;3;2023;08:40;1;33;33039;2;3;2;3;44.79788452;-0.55269331;4;-1; -1;0;1;1; -1;2;0;1;50;Blessé léger;1
202300018427;155 647 909;A01;7;0;2;2;16;1;203 807 427;1;1;1;2;1992.0;1;1;-1;-1;14;3;2023;08:40;1;33;33039;2;3;2;3;44.79788452;-0.55269331;4;2;2;1;2;1; -1;2;2;1;50;Indemne;1
202300018427;155 647 909;A01;7;0;2;2;16;1;203 807 427;1;1;1;2;1992.0;1;1;-1;-1;14;3;2023;08:40;1;33;33039;2;3;2;3;44.79788452;-0.55269331;4;-1; -1;0;1;1; -1;2;0;1;50;Indemne;1
202300018453;155 647 857;A01;80;0;2;4;11;3;203 807 363;1;1;1;1;2007.0;2;8;0;-1;30;5;2023;17:30;1;974;97416;1;1;1;2;-21.31265;55.49532;2;2;2;0;2;1; -1;2;0;1;50;Indemne;1
202300018453;155 647 858;B01;31;0;2;7;13;3;203 807 365;1;1;4;1;1974.0;1;2;6;-1;30;5;2023;17:30;1;974;97416;1;1;1;2;-21.31265;55.49532;2;2;2;0;2;1; -1;2;0;1;50;Blessé léger;1
202300018459;155 647 846;A01;1;0;2;1;19;5;203 807 349;1;1;3;1;1994.0;0;-1;0;-1;13;3;2023;20:50;5;11;11069;2;2;3;3;43.21566;2.3561;4;1;1;-1;1;1; -1;2;0;1;-1;Blessé hospitalisé;0
202300018459;155 647 846;A01;1;0;2;1;19;5;203 807 349;1;1;3;1;1994.0;0;-1;0;-1;13;3;2023;20:50;5;11;11069;2;2;3;3;43.21566;2.3561;4;1;1;0;1;1; -1;2;0;1;50;Blessé hospitalisé;0
202300018459;155 647 848;B01;7;0;9;5;0;1;203 807 351;1;1;1;1;2003.0;9;1;8;-1;13;3;2023;20:50;5;11;11069;2;2;3;3;43.21566;2.3561;4;1;1;-1;1;1; -1;2;0;1;-1;Indemne;0
202300018459;155 647 848;B01;7;0;9;5;0;1;203 807 351;1;1;1;1;2003.0;9;1;8;-1;13;3;2023;20:50;5;11;11069;2;2;3;3;43.21566;2.3561;4;1;1;0;1;1; -1;2;0;1;50;Indemne;0
202300018462;155 647 841;B01;1;0;2;7;1;5;203 807 342;1;1;4;2;1976.0;9;2;0;-1;14;3;2023;17:48;1;75;75105;2;2;8;3;48.851104;2.351292;4;1; -1;-1;1;1; -1;1;-1;5;-1;Blessé léger;1
202300018462;155 647 841;B01;1;0;2;7;1;5;203 807 342;1;1;4;2;1976.0;9;2;0;-1;14;3;2023;17:48;1;75;75105;2;2;8;3;48.851104;2.351292;4;2;2;1;1;1; -1;1;-1;5;30;Blessé léger;1
202300018462;155 647 843;A01;7;0;2;3;16;2;203 807 344;1;1;1;1;1937.0;5;1;0;-1;14;3;2023;17:48;1;75;75105;2;2;8;3;48.851104;2.351292;4;1; -1;-1;1;1; -1;1;-1;5;-1;Indemne;1
202300018462;155 647 843;A01;7;0;2;3;16;2;203 807 344;1;1;1;1;1937.0;5;1;0;-1;14;3;2023;17:48;1;75;75105;2;2;8;3;48.851104;2.351292;4;2;2;1;1;1; -1;1;-1;5;30;Indemne;1
202300018469;155 647 830;A01;1;0;0;1;1;5;203 807 328;1;1;4;1;2004.0;1;8;0;-1;17;11;2023;19:10;5;43;43041;2;1;1;7;45.052793;3.911068;3;2;2;1;1;1; -1;2;0;1;50;Blessé léger;4
202300018470;155 647 831;A01;7;0;2;5;22;1;203 807 329;1;1;1;1;1971.0;2;1;0;-1;14;3;2023;07:50;1;75;75117;2;4;1;2;48.88221;2.30117;4;2;4;0;1;1; -1;1;0;1;30;Indemne;1
202300018470;155 647 831;A01;7;0;2;5;22;1;203 807 329;1;1;1;1;1971.0;2;1;0;-1;14;3;2023;07:50;1;75;75117;2;4;1;2;48.88221;2.30117;4;1; -1;-1;1;1; -1;1;0;1;-1;Indemne;1
202300018470;155 647 832;B01;1;0;2;1;18;5;203 807 330;1;1;4;2;1991.0;1;2;0;-1;14;3;2023;07:50;1;75;75117;2;4;1;2;48.88221;2.30117;4;2;4;0;1;1; -1;1;0;1;30;Blessé léger;1
202300018470;155 647 832;B01;1;0;2;1;18;5;203 807 330;1;1;4;2;1991.0;1;2;0;-1;14;3;2023;07:50;1;75;75117;2;4;1;2;48.88221;2.30117;4;1; -1;-1;1;1; -1;1;0;1;-1;Blessé léger;1
202300018476;155 647 817;A01;80;0;2;2;9;3;203 807 314;1;1;4;1;2001.0;0;8;0;-1;17;11;2023;05:00;3;42;42184;2;6;2;1;46.05081;4.06645;3;2;4;0;1;1; -1;2;0;1;50;Blessé léger;4
202300018476;155 647 817;A01;80;0;2;2;9;3;203 807 314;1;1;4;1;2001.0;0;8;0;-1;17;11;2023;05:00;3;42;42184;2;6;2;1;46.05081;4.06645;3;2;2;0;1;1; -1;2;0;1;50;Blessé léger;4
202300018476;155 647 820;B01;7;0;2;1;1;1;203 807 317;1;1;1;1;1977.0;1;1;8;-1;17;11;2023;05:00;3;42;42184;2;6;2;1;46.05081;4.06645;3;2;4;0;1;1; -1;2;0;1;50;Indemne;4
202300018476;155 647 820;B01;7;0;2;1;1;1;203 807 317;1;1;1;1;1977.0;1;1;8;-1;17;11;2023;05:00;3;42;42184;2;6;2;1;46.05081;4.06645;3;2;2;0;1;1; -1;2;0;1;50;Indemne;4
202300018477;155 647 818;B01;1;0;2;2;14;5;203 807 315;1;1;4;2;1992.0;9;8;0;-1;14;3;2023;12:15;1;75;75116;2;3;1;3;48.872967;2.293123;4;2;2;0;1;1; -1;1;0;1;30;Blessé léger;1
202300018477;155 647 818;B01;1;0;2;2;14;5;203 807 315;1;1;4;2;1992.0;9;8;0;-1;14;3;2023;12:15;1;75;75116;2;3;1;3;48.872967;2.293123;4;1; -1;-1;1;1; -1;1;0;1;-1;Blessé léger;1
202300018477;155 647 819;A01;10;0;2;3;1;1;203 807 316;1;1;1;1;1953.0;5;1;0;-1;14;3;2023;12:15;1;75;75116;2;3;1;3;48.872967;2.293123;4;2;2;0;1;1; -1;1;0;1;30;Indemne;1
202300018477;155 647 819;A01;10;0;2;3;1;1;203 807 316;1;1;1;1;1953.0;5;1;0;-1;14;3;2023;12:15;1;75;75116;2;3;1;3;48.872967;2.293123;4;1; -1;-1;1;1; -1;1;0;1;-1;Indemne;1
202300018485;155 647 802;A01;1;0;2;4;19;5;203 807 295;1;1;4;2;1976.0;9;2;0;-1;14;3;2023;09:40;1;75;75112;2;3;2;3;48.848785;2.367984;4;1;2;0;1;1; -1;2;0;1;30;Blessé léger;1
202300018485;155 647 802;A01;1;0;2;4;19;5;203 807 295;1;1;4;2;1976.0;9;2;0;-1;14;3;2023;09:40;1;75;75112;2;3;2;3;48.848785;2.367984;4;1;0;0;1;1; -1;2;0;1;30;Blessé léger;1
202300018485;155 647 806;B01;33;0;2;1;1;1;203 807 299;1;1;1;1;1982.0;9;2;0;-1;14;3;2023;09:40;1;75;75112;2;3;2;3;48.848785;2.367984;4;1;2;0;1;1; -1;2;0;1;30;Indemne;1
202300018485;155 647 806;B01;33;0;2;1;1;1;203 807 299;1;1;1;1;1982.0;9;2;0;-1;14;3;2023;09:40;1;75;75112;2;3;2;3;48.848785;2.367984;4;1;0;0;1;1; -1;2;0;1;30;Indemne;1
202300018489;155 647 797;A01;1;0;0;1;21;5;203 807 289;1;1;4;2;1999.0;5;8;0;-1;14;3;2023;18:50;5;75;75110;2;2;2;7;48.874915;2.357302;4;2;6;1;1;1; -1;2;-1;5;30;Blessé léger;1
202300018489;155 647 797;A01;1;0;0;1;21;5;203 807 289;1;1;4;2;1999.0;5;8;0;-1;14;3;2023;18:50;5;75;75110;2;2;2;7;48.874915;2.357302;4;1; -1;-1;1;1; -1;2;-1;5;-1;Blessé léger;1
202300018492;155 647 790;A01;1;0;2;3;9;5;203 807 282;1;1;4;2;1989.0;5;8;0;-1;14;3;2023;09:50;1;75;75110;2;1;3;1;48.877503;2.352855;4;1;1;2;1;1; -1;2;0;1;30;Blessé léger;1
202300018492;155 647 792;B01;33;0;2;3;1;1;203 807 284;1;1;1;1;2001.0;1;2;6;-1;14;3;2023;09:50;1;75;75110;2;1;3;1;48.877503;2.352855;4;1;1;2;1;1; -1;2;0;1;30;Indemne;1
202300018495;155 647 785;A01;7;0;2;1;1;1;203 807 276;1;1;1;1;1963.0;0;8;0;-1;21;12;2023;08:10;2;91;91114;2;1;1;3;48.69694;2.49743;3;1;0;1;1;1; -1;2;9;5;30;Indemne;3
202300018495;155 647 787;B01;1;0;2;1;1;5;203 807 279;1;1;4;2;1970.0;0;8;0;-1;21;12;2023;08:10;2;91;91114;2;1;1;3;48.69694;2.49743;3;1;0;1;1;1; -1;2;9;5;30;Blessé léger;3
202300018513;155 647 758;A01;7;0;2;3;22;1;203 807 235;1;1;1;2;1962.0;9;8;-1;-1;16;11;2023;18:05;5;35;35238;2;1;1;3;48.10629;-1.66755;4;2;2;2;1;1; -1;1;0;5;30;Indemne;3
202300018513;155 647 758;A01;7;0;2;3;22;1;203 807 237;2;2;1;2;2000.0;9;8;-1;-1;16;11;2023;18:05;5;35;35238;2;1;1;3;48.10629;-1.66755;4;2;2;2;1;1; -1;1;0;5;30;Indemne;3
202300018513;155 647 761;B01;1;1;0;1;1;5;203 807 241;1;1;4;1;1990.0;0;2;4;-1;16;11;2023;18:05;5;35;35238;2;1;1;3;48.10629;-1.66755;4;2;2;2;1;1; -1;1;0;5;30;Blessé léger;3
202300018515;155 647 755;A01;1;0;0;0;1;5;203 807 233;1;1;4;1;1994.0;1;2;0;-1;20;12;2023;16:28;1;87;87085;2;1;1;7;45.82832;1.26925;2;3;4;0;1;1; -1;1;0;1;50;Blessé léger;2
202300018519;155 647 748;B01;1;0;2;7;1;5;203 807 224;1;1;4;1;1967.0;5;2;8;-1;30;5;2023;20:05;1;64;64129;2;6;1;3;43.30489;-0.40116;3;2;3;2;1;3; -1;1;9;1;50;Blessé léger;1
202300018519;155 647 748;B01;1;0;2;7;1;5;203 807 224;1;1;4;1;1967.0;5;2;8;-1;30;5;2023;20:05;1;64;64129;2;6;1;3;43.30489;-0.40116;3;-1;2;1;2;1; -1;1;0;5;50;Blessé léger;1
202300018519;155 647 751;A01;7;0;2;3;9;1;203 807 227;1;1;1;2;1999.0;5;1;0;-1;30;5;2023;20:05;1;64;64129;2;6;1;3;43.30489;-0.40116;3;2;3;2;1;3; -1;1;9;1;50;Indemne;1
202300018519;155 647 751;A01;7;0;2;3;9;1;203 807 227;1;1;1;2;1999.0;5;1;0;-1;30;5;2023;20:05;1;64;64129;2;6;1;3;43.30489;-0.40116;3;-1;2;1;2;1; -1;1;0;5;50;Indemne;1
202300018570;155 647 656;B01;1;0;2;1;0;5;203 807 100;1;1;4;1;1966.0;0;8;0;-1;30;5;2023;12:40;1;38;38151;2;6;1;3;45.13502;5.71424;7;1;2;1;1;2;5,5;1;5;1;50;Blessé léger;1
202300018570;155 647 656;B01;1;0;2;1;0;5;203 807 100;1;1;4;1;1966.0;0;8;0;-1;30;5;2023;12:40;1;38;38151;2;6;1;3;45.13502;5.71424;7;1;2;0;1;2;5,5;1;5;1;50;Blessé léger;1
202300018570;155 647 659;A01;7;0;2;3;0;1;203 807 102;1;1;1;2;1951.0;0;1;8;-1;30;5;2023;12:40;1;38;38151;2;6;1;3;45.13502;5.71424;7;1;2;1;1;2;5,5;1;5;1;50;Indemne;1
202300018570;155 647 659;A01;7;0;2;3;0;1;203 807 102;1;1;1;2;1951.0;0;1;8;-1;30;5;2023;12:40;1;38;38151;2;6;1;3;45.13502;5.71424;7;1;2;0;1;2;5,5;1;5;1;50;Indemne;1
202300018579;155 647 640;A01;7;0;2;2;19;1;203 807 082;1;1;1;2;1965.0;1;1;8;-1;30;5;2023;09:10;1;37;37261;2;6;1;3;47.36422;0.68446;4;2;2;0;1;1; -1;1;0;5;50;Indemne;1
202300018579;155 647 640;A01;7;0;2;2;19;1;203 807 082;1;1;1;2;1965.0;1;1;8;-1;30;5;2023;09:10;1;37;37261;2;6;1;3;47.36422;0.68446;4;2;4;1;1;1; -1;1;0;5;50;Indemne;1
202300018579;155 647 643;B01;1;0;2;1;19;5;203 807 085;1;1;4;2;2008.0;2;8;0;-1;30;5;2023;09:10;1;37;37261;2;6;1;3;47.36422;0.68446;4;2;2;0;1;1; -1;1;0;5;50;Blessé léger;1
202300018579;155 647 643;B01;1;0;2;1;19;5;203 807 085;1;1;4;2;2008.0;2;8;0;-1;30;5;2023;09:10;1;37;37261;2;6;1;3;47.36422;0.68446;4;2;4;1;1;1; -1;1;0;5;50;Blessé léger;1
202300018589;155 647 620;Z01;1;0;1;1;1;5;203 807 057;10;3;4;2;1955.0;0;-1;-1;-1;30;5;2023;15:05;1;35;35238;2;1;1;6;48.12285;-1.65819;4;2;2;0;1;1; -1;1;0;1;50;Blessé léger;1
202300018590;155 647 621;A01;1;9;0;1;1;5;203 807 058;1;1;3;1;1979.0;0;2;-1;-1;22;12;2023;08:45;2;76;76322;2;1;2;6;49.40262977;1.06549283;7;2;2;3;2;1; -1;2;-1;5;50;Blessé hospitalisé;4
202300018600;155 647 605;B01;1;0;2;0;1;5;203 807 040;1;1;4;1;1999.0;0;8;-1;-1;21;12;2023;01:05;5;76;76351;2;1;2;1;49.4938;0.11321;4;2;2;0;1;1; -1;2;0;1;50;Blessé léger;3
202300018607;155 647 593;A01;1;0;2;8;1;5;203 807 026;1;1;4;1;1969.0;1;4;-1;-1;14;3;2023;04:45;3;77;77247;1;1;3;3;48.770117;3.340468;3;2;2;0;1;1;7;2;0;1;80;Blessé léger;1
202300018607;155 647 596;B01;7;0;9;8;1;1;203 807 029;1;1;1;1;1982.0;1;1;-1;-1;14;3;2023;04:45;3;77;77247;1;1;3;3;48.770117;3.340468;3;2;2;0;1;1;7;2;0;1;80;Indemne;1
202300018613;155 647 585;A01;1;0;2;1;15;5;203 807 016;1;1;4;1;2005.0;2;8;8;-1;14;9;2023;07:50;1;973;97302;2;3;1;3;4.9303399;-52.30899274;4;2;2;0;1;1; -1;1;0;1;50;Blessé léger;3
202300018613;155 647 589;B01;7;0;2;1;15;0;203 807 021;1;1;1;2;1984.0;9;1;8;-1;14;9;2023;07:50;1;973;97302;2;3;1;3;4.9303399;-52.30899274;4;2;2;0;1;1; -1;1;0;1;50;Indemne;3
202300018625;155 647 560;A01;7;0;2;1;15;1;203 806 987;1;1;1;2;1982.0;9;1;-1;-1;14;9;2023;18:20;1;69;69387;2;4;1;3;45.73525;4.83907;4;1;1;2;1;1; -1;1;0;1;30;Indemne;3
202300018625;155 647 560;A01;7;0;2;1;15;1;203 806 987;1;1;1;2;1982.0;9;1;-1;-1;14;9;2023;18:20;1;69;69387;2;4;1;3;45.73525;4.83907;4;2;2;0;1;1; -1;1;0;1;50;Indemne;3
202300018625;155 647 565;B01;1;0;2;1;1;5;203 806 992;1;1;4;2;1955.0;9;2;-1;-1;14;9;2023;18:20;1;69;69387;2;4;1;3;45.73525;4.83907;4;1;1;2;1;1; -1;1;0;1;30;Blessé léger;3
202300018625;155 647 565;B01;1;0;2;1;1;5;203 806 992;1;1;4;2;1955.0;9;2;-1;-1;14;9;2023;18:20;1;69;69387;2;4;1;3;45.73525;4.83907;4;2;2;0;1;1; -1;1;0;1;50;Blessé léger;3
202300018639;155 647 538;A01;7;0;2;2;16;2;203 806 956;1;1;1;1;1988.0;9;1;0;-1;17;11;2023;19:45;5;75;75119;2;1;1;3;48.883753;2.373979;4;2;4;1;1;1; -1;1;0;5;30;Indemne;4
202300018639;155 647 542;B01;1;0;2;1;1;5;203 806 960;1;1;4;1;1988.0;9;2;0;-1;17;11;2023;19:45;5;75;75119;2;1;1;3;48.883753;2.373979;4;2;4;1;1;1; -1;1;0;5;30;Blessé léger;4
202300018643;155 647 533;A01;1;0;0;0;1;5;203 806 947;1;1;4;1;1966.0;5;8;0;-1;30;5;2023;14:00;1;07;07316;1;1;1;7;44.89788;4.85212;5;-1;0;1;1;1; -1;1;0;5;50;Blessé léger;1
202300018681;155 647 462;A01;1;0;0;0;0;5;203 806 865;1;1;3;1;1949.0;5;2;-1;-1;15;3;2023;17:55;1;64;64230;1;1;1;7;43.206048;-0.384994;3;2;2;0;1;2; -1;1;0;1;80;Blessé hospitalisé;2
202300018698;155 647 434;A01;7;0;2;7;9;1;203 806 827;1;1;1;1;1952.0;9;1;-1;-1;14;9;2023;17:05;1;65;65440;2;3;1;3;43.21841;0.0575;3;2;2;0;1;1;10,5;1;0;1;50;Indemne;3
202300018698;155 647 434;A01;7;0;2;7;9;1;203 806 827;1;1;1;1;1952.0;9;1;-1;-1;14;9;2023;17:05;1;65;65440;2;3;1;3;43.21841;0.0575;3;2;2;0;1;3;10,5;1;0;1;50;Indemne;3
202300018698;155 647 436;B01;1;0;2;3;1;5;203 806 830;1;1;3;2;1956.0;3;8;-1;-1;14;9;2023;17:05;1;65;65440;2;3;1;3;43.21841;0.0575;3;2;2;0;1;1;10,5;1;0;1;50;Blessé hospitalisé;3
202300018698;155 647 436;B01;1;0;2;3;1;5;203 806 830;1;1;3;2;1956.0;3;8;-1;-1;14;9;2023;17:05;1;65;65440;2;3;1;3;43.21841;0.0575;3;2;2;0;1;3;10,5;1;0;1;50;Blessé hospitalisé;3
202300018704;155 647 422;B01;1;0;2;7;1;5;203 806 812;1;1;4;1;1989.0;0;2;0;-1;13;9;2023;17:10;1;64;64102;2;4;1;3;43.48585;-1.4718;3;2;5;1;4;2; -1;1;3;1;50;Blessé léger;2
202300018704;155 647 422;B01;1;0;2;7;1;5;203 806 812;1;1;4;1;1989.0;0;2;0;-1;13;9;2023;17:10;1;64;64102;2;4;1;3;43.48585;-1.4718;3;1;1;0;2;2; -1;1;0;1;50;Blessé léger;2
202300018704;155 647 424;A01;7;0;2;3;9;1;203 806 815;1;1;1;2;2002.0;0;1;0;-1;13;9;2023;17:10;1;64;64102;2;4;1;3;43.48585;-1.4718;3;2;5;1;4;2; -1;1;3;1;50;Indemne;2
202300018704;155 647 424;A01;7;0;2;3;9;1;203 806 815;1;1;1;2;2002.0;0;1;0;-1;13;9;2023;17:10;1;64;64102;2;4;1;3;43.48585;-1.4718;3;1;1;0;2;2; -1;1;0;1;50;Indemne;2
202300018705;155 647 418;B01;1;0;2;4;1;5;203 806 808;1;1;4;1;1992.0;4;2;0;-1;22;12;2023;19:35;5;54;54395;2;1;2;6;48.68982;6.19348;4;-1;2;0;1;1; -1;2;0;1;50;Blessé léger;4
202300018705;155 647 420;C01;7;0;2;4;2;1;203 806 810;1;1;1;1;1991.0;0;1;0;-1;22;12;2023;19:35;5;54;54395;2;1;2;6;48.68982;6.19348;4;-1;2;0;1;1; -1;2;0;1;50;Indemne;4
202300018705;155 647 423;A01;7;0;9;0;0;1;203 806 813;1;1;1;1;1986.0;5;1;0;-1;22;12;2023;19:35;5;54;54395;2;1;2;6;48.68982;6.19348;4;-1;2;0;1;1; -1;2;0;1;50;Indemne;4
202300018707;155 647 416;A01;7;0;2;2;19;1;203 806 804;1;1;1;1;1996.0;1;1;-1;-1;14;9;2023;18:00;1;63;63113;2;7;1;3;45.79335;3.10894;4;2;2;0;1;1; -1;1;0;1;30;Indemne;3
202300018707;155 647 417;B01;1;0;9;3;19;5;203 806 807;1;1;4;1;2019.0;0;8;-1;-1;14;9;2023;18:00;1;63;63113;2;7;1;3;45.79335;3.10894;4;2;2;0;1;1; -1;1;0;1;30;Blessé léger;3
202300018711;155 647 406;A01;1;0;2;8;13;5;203 806 792;1;1;3;2;1954.0;9;8;0;-1;22;12;2023;08:09;2;51;51454;2;1;2;3;49.2714;4.01195;4;2;3;0;1;1; -1;2;0;1;50;Blessé hospitalisé;4
202300018711;155 647 409;B01;7;0;2;7;17;1;203 806 802;1;1;1;1;1985.0;1;1;0;-1;22;12;2023;08:09;2;51;51454;2;1;2;3;49.2714;4.01195;4;2;3;0;1;1; -1;2;0;1;50;Indemne;4
202300018721;155 647 386;A01;1;0;2;1;21;5;203 806 766;1;1;4;1;1982.0;3;8;0;-1;13;9;2023;09:00;1;56;56121;2;1;1;2;47.74333;-3.38222;4;2;2;0;1;1; -1;1;0;1;30;Blessé léger;2
202300018721;155 647 387;B01;7;0;2;6;23;1;203 806 768;1;1;1;2;1991.0;5;1;0;-1;13;9;2023;09:00;1;56;56121;2;1;1;2;47.74333;-3.38222;4;2;2;0;1;1; -1;1;0;1;30;Indemne;2
202300018728;155 647 373;B01;1;0;2;0;21;5;203 806 753;1;1;4;1;1986.0;0;2;0;-1;13;9;2023;16:10;1;54;54395;2;3;1;7;48.67589;6.16974;4;1;1;2;1;1; -1;1;0;5;30;Blessé léger;2
202300018728;155 647 373;B01;1;0;2;0;21;5;203 806 753;1;1;4;1;1986.0;0;2;0;-1;13;9;2023;16:10;1;54;54395;2;3;1;7;48.67589;6.16974;4;1; -1;0;1;1; -1;1;0;1;30;Blessé léger;2
202300018728;155 647 375;A01;7;0;2;0;20;1;203 806 755;1;1;1;1;1990.0;0;1;0;-1;13;9;2023;16:10;1;54;54395;2;3;1;7;48.67589;6.16974;4;1;1;2;1;1; -1;1;0;5;30;Indemne;2
202300018728;155 647 375;A01;7;0;2;0;20;1;203 806 755;1;1;1;1;1990.0;0;1;0;-1;13;9;2023;16:10;1;54;54395;2;3;1;7;48.67589;6.16974;4;1; -1;0;1;1; -1;1;0;1;30;Indemne;2
202300018731;155 647 368;A01;1;0;1;0;1;5;203 806 747;1;1;1;1;1996.0;0;2;0;-1;13;9;2023;10:50;1;54;54395;2;1;1;6;48.67560114;6.17644608;4;1;2;0;1;1; -1;1;8;8;30;Indemne;2
202300018731;155 647 368;A01;1;0;1;0;1;5;203 806 748;10;3;4;2;1956.0;0;0;-1;-1;13;9;2023;10:50;1;54;54395;2;1;1;6;48.67560114;6.17644608;4;1;2;0;1;1; -1;1;8;8;30;Blessé léger;2
202300018743;155 647 341;A01;7;0;2;8;14;1;203 806 713;1;1;1;1;1998.0;0;1;0;-1;12;3;2023;17:00;1;971;97101;2;9;1;3;16.2548846;-61.53243899;3;2;1;0;1;1; -1;1;0;1;30;Indemne;6
202300018743;155 647 342;B01;1;14;2;1;16;5;203 806 715;1;1;3;1;2015.0;0;8;0;-1;12;3;2023;17:00;1;971;97101;2;9;1;3;16.2548846;-61.53243899;3;2;1;0;1;1; -1;1;0;1;30;Blessé hospitalisé;6
202300018746;155 647 337;A01;7;0;2;1;2;1;203 806 711;1;1;1;2;2001.0;1;1;0;-1;22;12;2023;07:15;2;41;41018;2;9;1;2;47.60592;1.34176;4;-1;4;1;1;1; -1;1;0;1;50;Indemne;4
202300018746;155 647 343;B01;80;0;2;4;15;3;203 806 716;1;1;4;2;1979.0;1;2;4;-1;22;12;2023;07:15;2;41;41018;2;9;1;2;47.60592;1.34176;4;-1;4;1;1;1; -1;1;0;1;50;Blessé léger;4
202300018750;155 647 330;A01;10;0;2;7;16;1;203 806 698;1;1;1;1;1980.0;1;1;8;-1;14;9;2023;19:00;1;50;50218;2;6;1;3;48.8339;-1.5708;4;-1;1;0;1;1; -1;1;0;1;50;Indemne;3
202300018750;155 647 330;A01;10;0;2;7;16;1;203 806 698;1;1;1;1;1980.0;1;1;8;-1;14;9;2023;19:00;1;50;50218;2;6;1;3;48.8339;-1.5708;4;1;1;0;1;3; -1;1;0;1;50;Indemne;3
202300018750;155 647 332;B01;1;0;2;8;1;5;203 806 700;1;1;3;2;1967.0;5;8;0;-1;14;9;2023;19:00;1;50;50218;2;6;1;3;48.8339;-1.5708;4;-1;1;0;1;1; -1;1;0;1;50;Blessé hospitalisé;3
202300018750;155 647 332;B01;1;0;2;8;1;5;203 806 700;1;1;3;2;1967.0;5;8;0;-1;14;9;2023;19:00;1;50;50218;2;6;1;3;48.8339;-1.5708;4;1;1;0;1;3; -1;1;0;1;50;Blessé hospitalisé;3
202300018752;155 647 323;B01;7;0;2;6;16;1;203 806 691;1;1;1;1;1983.0;1;8;0;-1;14;9;2023;07:45;1;47;47001;2;3;1;3;44.20034;0.63187;4;1;1;0;1;1; -1;1;0;1;50;Indemne;3
202300018752;155 647 323;B01;7;0;2;6;16;1;203 806 691;1;1;1;1;1983.0;1;8;0;-1;14;9;2023;07:45;1;47;47001;2;3;1;3;44.20034;0.63187;4;1;1;0;1;3; -1;1;0;1;50;Indemne;3
202300018752;155 647 326;A01;1;0;2;1;0;5;203 806 694;1;1;4;1;1996.0;1;8;0;-1;14;9;2023;07:45;1;47;47001;2;3;1;3;44.20034;0.63187;4;1;1;0;1;1; -1;1;0;1;50;Blessé léger;3
202300018752;155 647 326;A01;1;0;2;1;0;5;203 806 694;1;1;4;1;1996.0;1;8;0;-1;14;9;2023;07:45;1;47;47001;2;3;1;3;44.20034;0.63187;4;1;1;0;1;3; -1;1;0;1;50;Blessé léger;3
202300018788;155 647 262;A01;7;0;2;7;17;1;203 806 618;1;1;1;1;2004.0;5;1;0;-1;14;9;2023;19:50;1;25;25056;2;1;1;3;47.24274;6.01708;4;2;2;0;3;1; -1;1;0;1;50;Indemne;3
202300018788;155 647 264;B01;1;0;2;8;2;5;203 806 619;1;1;4;1;1948.0;5;8;0;-1;14;9;2023;19:50;1;25;25056;2;1;1;3;47.24274;6.01708;4;2;2;0;3;1; -1;1;0;1;50;Blessé léger;3
202300018789;155 647 260;A01;1;0;2;8;5;5;203 806 615;1;1;4;1;2006.0;0;8;0;-1;10;3;2023;12:10;1;50;50129;2;2;1;3;49.6394;-1.61416;4;1;1;0;1;1; -1;1;0;1;50;Blessé léger;4
202300018789;155 647 260;A01;1;0;2;8;5;5;203 806 615;1;1;4;1;2006.0;0;8;0;-1;10;3;2023;12:10;1;50;50129;2;2;1;3;49.6394;-1.61416;4;1;1;0;1;1; -1;1;0;1;50;Blessé léger;4
202300018816;155 647 206;B01;1;0;0;4;2;5;203 806 549;1;1;4;1;1990.0;0;2;0;-1;13;9;2023;18:00;1;13;13204;2;1;7;2;43.31655256;5.39711476;7;3;2;0;1;1; -1;1;0;1;50;Blessé léger;2
202300018816;155 647 208;A01;7;0;0;2;2;1;203 806 550;1;1;1;1;1983.0;0;1;0;-1;13;9;2023;18:00;1;13;13204;2;1;7;2;43.31655256;5.39711476;7;3;2;0;1;1; -1;1;0;1;50;Indemne;2
202300018826;155 647 188;A01;7;0;2;8;22;1;203 806 524;1;1;1;1;1983.0;1;8;0;-1;13;3;2023;17:05;1;01;01053;2;1;6;6;46.19766;5.21684;3;2;2;0;1;1; -1;1;0;1;50;Indemne;0
202300018826;155 647 189;B01;1;1;0;1;1;5;203 806 525;1;1;4;1;1988.0;1;8;0;-1;13;3;2023;17:05;1;01;01053;2;1;6;6;46.19766;5.21684;3;2;2;0;1;1; -1;1;0;1;50;Blessé léger;0
202300018836;155 647 175;A01;80;0;2;7;15;3;203 806 508;1;1;4;2;1968.0;1;2;0;-1;13;3;2023;19:40;5;75;75120;2;2;1;3;48.864167;2.386159;4;2;2;0;1;1; -1;2;0;1;30;Blessé léger;0