Num_Acc;id_vehicule;num_veh;catv;obs;obsm;choc;manv;motor;id_usager;place;catu;grav;sexe;an_nais;trajet;secu1;secu2;secu3;jour;mois;an;hrmn;lum;dep;com;agg;int;atm;col;lat;long;catr;circ;nbv;vosp;prof;plan;larrout;surf;infra;situ;vma;gravity;day_of_week
202300018836;155 647 175;A01;80;0;2;7;15;3;203 806 508;1;1;4;2;1968.0;1;2;0;-1;13;3;2023;19:40;5;75;75120;2;2;1;3;48.864167;2.386159;4;1;1;0;1;1; -1;2;0;1;30;Blessé léger;0
202300018858;155 647 133;A01;7;0;2;3;22;3;203 806 451;2;2;1;2;1994.0;9;1;0;-1;13;3;2023;08:15;1;75;75112;2;3;2;3;48.832548;2.396566;4;1; -1;-1;1;1; -1;2;0;1;-1;Indemne;0
202300018858;155 647 133;A01;7;0;2;3;22;3;203 806 451;2;2;1;2;1994.0;9;1;0;-1;13;3;2023;08:15;1;75;75112;2;3;2;3;48.832548;2.396566;4;2;2;0;1;1; -1;2;0;1;30;Indemne;0
202300018858;155 647 133;A01;7;0;2;3;22;3;203 806 453;1;1;1;1;1992.0;9;1;0;-1;13;3;2023;08:15;1;75;75112;2;3;2;3;48.832548;2.396566;4;1; -1;-1;1;1; -1;2;0;1;-1;Indemne;0
202300018858;155 647 133;A01;7;0;2;3;22;3;203 806 453;1;1;1;1;1992.0;9;1;0;-1;13;3;2023;08:15;1;75;75112;2;3;2;3;48.832548;2.396566;4;2;2;0;1;1; -1;2;0;1;30;Indemne;0
202300018858;155 647 136;B01;80;0;2;1;1;3;203 806 456;2;2;4;1;2013.0;9;8;0;-1;13;3;2023;08:15;1;75;75112;2;3;2;3;48.832548;2.396566;4;1; -1;-1;1;1; -1;2;0;1;-1;Blessé léger;0
202300018858;155 647 136;B01;80;0;2;1;1;3;203 806 456;2;2;4;1;2013.0;9;8;0;-1;13;3;2023;08:15;1;75;75112;2;3;2;3;48.832548;2.396566;4;2;2;0;1;1; -1;2;0;1;30;Blessé léger;0
202300018858;155 647 136;B01;80;0;2;1;1;3;203 806 458;2;2;4;1;2016.0;9;8;0;-1;13;3;2023;08:15;1;75;75112;2;3;2;3;48.832548;2.396566;4;1; -1;-1;1;1; -1;2;0;1;-1;Blessé léger;0
202300018858;155 647 136;B01;80;0;2;1;1;3;203 806 458;2;2;4;1;2016.0;9;8;0;-1;13;3;2023;08:15;1;75;75112;2;3;2;3;48.832548;2.396566;4;2;2;0;1;1; -1;2;0;1;30;Blessé léger;0
202300018858;155 647 136;B01;80;0;2;1;1;3;203 806 459;1;1;4;2;1981.0;9;8;0;-1;13;3;2023;08:15;1;75;75112;2;3;2;3;48.832548;2.396566;4;1; -1;-1;1;1; -1;2;0;1;-1;Blessé léger;0
202300018858;155 647 136;B01;80;0;2;1;1;3;203 806 459;1;1;4;2;1981.0;9;8;0;-1;13;3;2023;08:15;1;75;75112;2;3;2;3;48.832548;2.396566;4;2;2;0;1;1; -1;2;0;1;30;Blessé léger;0
202300018864;155 647 124;Y01;1;0;9;0;23;5;203 806 440;1;1;4;1;2000.0;4;8;8;-1;13;3;2023;08:40;1;94;94043;2;2;2;6;48.804989;2.344552;3;1;1;0;1;1; -1;2;5;1;50;Blessé léger;0
202300018864;155 647 124;Y01;1;0;9;0;23;5;203 806 440;1;1;4;1;2000.0;4;8;8;-1;13;3;2023;08:40;1;94;94043;2;2;2;6;48.804989;2.344552;3;3;2;3;2;1; -1;2;5;1;30;Blessé léger;0
202300018866;155 647 120;A01;80;0;2;8;19;3;203 806 434;1;1;4;2;1974.0;5;2;0;-1;20;12;2023;22:00;5;75;75113;2;1;1;3;48.827112;2.385614;4;2;6;1;1;1; -1;1;0;5;30;Blessé léger;2
202300018872;155 647 110;A01;80;0;2;2;1;3;203 806 421;1;1;4;1;1994.0;9;8;0;-1;22;12;2023;19:00;5;75;75110;2;3;1;3;48.881277;2.358114;4;1; -1;0;1;1; -1;2;0;1;-1;Blessé léger;4
202300018872;155 647 110;A01;80;0;2;2;1;3;203 806 421;1;1;4;1;1994.0;9;8;0;-1;22;12;2023;19:00;5;75;75110;2;3;1;3;48.881277;2.358114;4;2;2;0;1;1; -1;2;0;1;30;Blessé léger;4
202300018874;155 647 104;B01;7;0;2;7;17;1;203 806 414;1;1;1;1;1976.0;1;1;0;-1;13;3;2023;09:30;1;93;93070;2;1;2;3;48.90343207;2.33448476;4;1;1;0;1;1; -1;2;0;1;50;Indemne;0
202300018874;155 647 107;A01;1;14;0;8;21;5;203 806 418;1;1;4;1;1965.0;1;8;0;-1;13;3;2023;09:30;1;93;93070;2;1;2;3;48.90343207;2.33448476;4;1;1;0;1;1; -1;2;0;1;50;Blessé léger;0
202300018875;155 647 106;A01;1;0;1;2;1;5;203 806 416;1;1;4;2;1985.0;9;2;8;-1;14;9;2023;14:30;1;75;75111;2;2;1;6;48.851307;2.376141;4;2;3;3;1;1; -1;1;0;1;30;Blessé léger;3
202300018875;155 647 106;A01;1;0;1;2;1;5;203 806 416;1;1;4;2;1985.0;9;2;8;-1;14;9;2023;14:30;1;75;75111;2;2;1;6;48.851307;2.376141;4;2;3;3;1;1; -1;1;0;1;30;Blessé léger;3
202300018875;155 647 106;A01;1;0;1;2;1;5;203 806 417;10;3;4;2;1990.0;9;0;-1;-1;14;9;2023;14:30;1;75;75111;2;2;1;6;48.851307;2.376141;4;2;3;3;1;1; -1;1;0;1;30;Blessé léger;3
202300018875;155 647 106;A01;1;0;1;2;1;5;203 806 417;10;3;4;2;1990.0;9;0;-1;-1;14;9;2023;14:30;1;75;75111;2;2;1;6;48.851307;2.376141;4;2;3;3;1;1; -1;1;0;1;30;Blessé léger;3
202300018876;155 647 105;A01;80;8;2;8;19;3;203 806 415;1;1;4;2;1991.0;1;8;0;-1;22;12;2023;09:50;1;75;75108;2;7;2;3;48.864662;2.32052135;4;-1;4;0;1;1; -1;2;0;1;30;Blessé léger;4
202300018876;155 647 108;B01;33;0;2;1;1;1;203 806 419;1;1;1;1;1999.0;9;2;6;-1;22;12;2023;09:50;1;75;75108;2;7;2;3;48.864662;2.32052135;4;-1;4;0;1;1; -1;2;0;1;30;Indemne;4
202300018882;155 647 095;A01;1;0;2;2;19;5;203 806 401;1;1;4;1;1990.0;9;8;0;-1;22;12;2023;01:35;5;75;75103;2;2;1;3;48.863417;2.350931;4;1;4;3;1;1; -1;1;0;1;30;Blessé léger;4
202300018882;155 647 095;A01;1;0;2;2;19;5;203 806 401;1;1;4;1;1990.0;9;8;0;-1;22;12;2023;01:35;5;75;75103;2;2;1;3;48.863417;2.350931;4;2;2;0;1;1; -1;1;0;1;30;Blessé léger;4
202300018882;155 647 098;B01;31;0;2;3;1;1;203 806 404;1;1;4;1;1999.0;9;2;8;-1;22;12;2023;01:35;5;75;75103;2;2;1;3;48.863417;2.350931;4;1;4;3;1;1; -1;1;0;1;30;Blessé léger;4
202300018882;155 647 098;B01;31;0;2;3;1;1;203 806 404;1;1;4;1;1999.0;9;2;8;-1;22;12;2023;01:35;5;75;75103;2;2;1;3;48.863417;2.350931;4;2;2;0;1;1; -1;1;0;1;30;Blessé léger;4
202300018884;155 647 090;A01;7;0;2;1;15;1;203 806 396;1;1;1;2;1983.0;5;1;0;-1;13;9;2023;20:00;1;94;94046;2;9;1;1;48.79987096;2.43763051;4;-1;0;0;1;1; -1;1;0;1;50;Indemne;2
202300018884;155 647 090;A01;7;0;2;1;15;1;203 806 396;1;1;1;2;1983.0;5;1;0;-1;13;9;2023;20:00;1;94;94046;2;9;1;1;48.79987096;2.43763051;4;2;2;0;1;1; -1;1;0;1;50;Indemne;2
202300018884;155 647 093;B01;1;0;2;1;1;5;203 806 398;1;1;3;1;1968.0;5;2;0;-1;13;9;2023;20:00;1;94;94046;2;9;1;1;48.79987096;2.43763051;4;-1;0;0;1;1; -1;1;0;1;50;Blessé hospitalisé;2
202300018884;155 647 093;B01;1;0;2;1;1;5;203 806 398;1;1;3;1;1968.0;5;2;0;-1;13;9;2023;20:00;1;94;94046;2;9;1;1;48.79987096;2.43763051;4;2;2;0;1;1; -1;1;0;1;50;Blessé hospitalisé;2
202300018912;155 647 042;A01;1;0;2;4;0;5;203 806 333;1;1;4;1;1989.0;0;8;0;-1;13;9;2023;17:30;1;93;93001;2;1;1;2;48.91932728;2.39653706;4;1;1;1;1;1; -1;1;0;1;50;Blessé léger;2
202300018927;155 647 013;A01;1;0;2;0;13;5;203 806 296;1;1;4;2;1984.0;0;8;0;-1;14;9;2023;11:20;1;92;92012;2;1;1;7;48.83766;2.24606;4;2;3;1;1;1; -1;1;0;1;50;Blessé léger;3
202300018937;155 646 996;B01;1;0;2;8;19;5;203 806 276;1;1;2;1;1936.0;5;0;-1;-1;14;9;2023;16:48;1;28;28006;1;3;1;3;48.436764;1.422955;3;2;2;0;1;1;7;1;3;1;80;Tué;3
202300018937;155 646 996;B01;1;0;2;8;19;5;203 806 276;1;1;2;1;1936.0;5;0;-1;-1;14;9;2023;16:48;1;28;28006;1;3;1;3;48.436764;1.422955;3;1; -1;-1;1;1; -1;1;0;1;-1;Tué;3
202300018937;155 646 997;A01;17;0;2;2;21;1;203 806 277;1;1;1;1;1973.0;4;1;-1;-1;14;9;2023;16:48;1;28;28006;1;3;1;3;48.436764;1.422955;3;2;2;0;1;1;7;1;3;1;80;Indemne;3
202300018937;155 646 997;A01;17;0;2;2;21;1;203 806 277;1;1;1;1;1973.0;4;1;-1;-1;14;9;2023;16:48;1;28;28006;1;3;1;3;48.436764;1.422955;3;1; -1;-1;1;1; -1;1;0;1;-1;Indemne;3
202300018953;155 646 971;A01;1;0;0;0;1;5;203 806 243;1;1;3;1;1946.0;5;2;6;-1;14;9;2023;14:35;1;32;32234;1;1;1;6;43.575539;1.021407;4;2;2;0;1;3; -1;1;0;1;70;Blessé hospitalisé;3
202300018953;155 646 972;B01;1;0;2;0;1;5;203 806 244;1;1;4;1;1941.0;5;2;6;-1;14;9;2023;14:35;1;32;32234;1;1;1;6;43.575539;1.021407;4;2;2;0;1;3; -1;1;0;1;70;Blessé léger;3
202300018993;155 646 899;B01;1;0;0;4;2;5;203 806 146;1;1;3;2;2003.0;1;2;-1;-1;15;9;2023;06:35;2;43;43084;1;1;1;5;44.978992;3.857274;2;2;2;0;1;3;7;1;0;1;80;Blessé hospitalisé;4
202300018993;155 646 900;A01;33;0;9;1;0;1;203 806 148;1;1;2;1;1979.0;1;2;6;-1;15;9;2023;06:35;2;43;43084;1;1;1;5;44.978992;3.857274;2;2;2;0;1;3;7;1;0;1;80;Tué;4
202300018993;155 646 902;C01;17;14;0;1;1;1;203 806 150;1;1;1;1;1961.0;4;1;-1;-1;15;9;2023;06:35;2;43;43084;1;1;1;5;44.978992;3.857274;2;2;2;0;1;3;7;1;0;1;80;Indemne;4
202300019034;155 646 827;A01;1;0;0;8;21;5;203 806 049;1;1;3;1;1972.0;5;2;-1;-1;14;9;2023;11:50;1;04;04193;1;1;1;7;44.527678;6.716804;3;2;2;0;2;2;5,5;1;0;1;80;Blessé hospitalisé;3
202300019053;155 646 790;A01;1;0;2;8;15;5;203 806 003;1;1;3;1;2012.0;5;0;-1;-1;15;9;2023;18:00;1;85;85198;2;3;1;3;46.99101;-1.044468;3;2;2;0;2;1; -1;1;0;1;50;Blessé hospitalisé;4
202300019053;155 646 790;A01;1;0;2;8;15;5;203 806 003;1;1;3;1;2012.0;5;0;-1;-1;15;9;2023;18:00;1;85;85198;2;3;1;3;46.99101;-1.044468;3;2; -1;-1;1;3; -1;1;0;1;-1;Blessé hospitalisé;4
202300019053;155 646 793;B01;7;0;2;1;1;1;203 806 007;1;1;1;1;2005.0;5;1;-1;-1;15;9;2023;18:00;1;85;85198;2;3;1;3;46.99101;-1.044468;3;2;2;0;2;1; -1;1;0;1;50;Indemne;4
202300019053;155 646 793;B01;7;0;2;1;1;1;203 806 007;1;1;1;1;2005.0;5;1;-1;-1;15;9;2023;18:00;1;85;85198;2;3;1;3;46.99101;-1.044468;3;2; -1;-1;1;3; -1;1;0;1;-1;Indemne;4
202300019061;155 646 778;A01;7;0;0;3;2;0;203 805 983;1;1;1;2;1971.0;1;1;-1;-1;13;9;2023;17:20;1;27;27161;1;1;1;3;49.065558;1.027865;3;-1;1;0;1;1; -1;1;0;1;50;Indemne;2
202300019061;155 646 779;B01;1;0;0;2;2;5;203 805 985;1;1;3;1;1974.0;9;2;-1;-1;13;9;2023;17:20;1;27;27161;1;1;1;3;49.065558;1.027865;3;-1;1;0;1;1; -1;1;0;1;50;Blessé hospitalisé;2
202300019079;155 646 736;A01;1;0;0;0;1;5;203 805 933;1;1;4;1;2003.0;5;2;9;-1;31;1;2023;14:30;1;71;71153;2;1;1;7;46.80628;4.426831;4;1;1;0;2;3; -1;2;0;1;50;Blessé léger;1
202300019087;155 646 722;B01;1;0;2;1;1;5;203 805 917;1;1;4;1;1997.0;0;8;0;-1;30;1;2023;17:47;5;68;68066;2;9;1;3;48.07885;7.34881;4;2;2;0;1;2; -1;2;0;5;50;Blessé léger;0
202300019087;155 646 724;A01;7;0;9;7;15;1;203 805 919;1;1;1;1;1958.0;0;1;0;-1;30;1;2023;17:47;5;68;68066;2;9;1;3;48.07885;7.34881;4;2;2;0;1;2; -1;2;0;5;50;Indemne;0
202300019105;155 646 688;A01;1;0;1;1;1;5;203 805 869;10;3;3;2;1964.0;5;0;-1;-1;30;1;2023;14:10;1;62;62215;2;1;1;6;50.49378;2.95638;4;-1;1;0;1;1; -1;1;0;1;30;Blessé hospitalisé;0
202300019105;155 646 688;A01;1;0;1;1;1;5;203 805 870;1;1;1;1;1964.0;5;2;8;-1;30;1;2023;14:10;1;62;62215;2;1;1;6;50.49378;2.95638;4;-1;1;0;1;1; -1;1;0;1;30;Indemne;0
202300019118;155 646 666;B01;1;0;2;1;1;5;203 805 844;1;1;3;1;1979.0;0;8;0;-1;30;1;2023;17:00;1;59;59509;2;3;1;3;50.41723;3.09118;3;2;2;0;1;1; -1;1;0;1;50;Blessé hospitalisé;0
202300019118;155 646 666;B01;1;0;2;1;1;5;203 805 844;1;1;3;1;1979.0;0;8;0;-1;30;1;2023;17:00;1;59;59509;2;3;1;3;50.41723;3.09118;3;2;2;0;1;1; -1;1;0;1;50;Blessé hospitalisé;0
202300019118;155 646 669;A01;7;0;2;7;15;1;203 805 846;1;1;1;1;1937.0;5;1;8;-1;30;1;2023;17:00;1;59;59509;2;3;1;3;50.41723;3.09118;3;2;2;0;1;1; -1;1;0;1;50;Indemne;0
202300019118;155 646 669;A01;7;0;2;7;15;1;203 805 846;1;1;1;1;1937.0;5;1;8;-1;30;1;2023;17:00;1;59;59509;2;3;1;3;50.41723;3.09118;3;2;2;0;1;1; -1;1;0;1;50;Indemne;0
202300019122;155 646 659;A01;7;0;2;3;15;1;203 805 834;1;1;1;2;1992.0;1;1;0;-1;31;1;2023;08:50;1;49;49007;2;1;1;3;47.4716;-0.51912;4;3;4;0;1;1; -1;1;0;1;50;Indemne;1
202300019122;155 646 661;B01;1;0;2;1;1;5;203 805 836;1;1;4;2;1965.0;9;8;0;-1;31;1;2023;08:50;1;49;49007;2;1;1;3;47.4716;-0.51912;4;3;4;0;1;1; -1;1;0;1;50;Blessé léger;1
202300019127;155 646 652;B01;1;0;2;0;1;5;203 805 823;1;1;4;1;1992.0;4;2;0;-1;29;1;2023;20:00;5;49;49007;2;2;1;3;47.48743;-0.57353;4;2;2;0;1;1; -1;1;0;1;50;Blessé léger;6
202300019127;155 646 652;B01;1;0;2;0;1;5;203 805 823;1;1;4;1;1992.0;4;2;0;-1;29;1;2023;20:00;5;49;49007;2;2;1;3;47.48743;-0.57353;4;2; -1;-1;1;1; -1;1;0;1;-1;Blessé léger;6
202300019135;155 646 640;A01;17;0;2;2;17;1;203 805 810;1;1;1;1;1996.0;4;8;-1;-1;31;1;2023;15:40;1;35;35150;1;2;2;3;48.35491809;-1.23035163;3;2;2;0;1;1; -1;2;0;1;80;Indemne;1
202300019135;155 646 640;A01;17;0;2;2;17;1;203 805 810;1;1;1;1;1996.0;4;8;-1;-1;31;1;2023;15:40;1;35;35150;1;2;2;3;48.35491809;-1.23035163;3;2;3;0;2;2; -1;2;0;1;80;Indemne;1
202300019135;155 646 641;B01;1;0;2;8;11;5;203 805 811;1;1;3;1;2001.0;5;2;-1;-1;31;1;2023;15:40;1;35;35150;1;2;2;3;48.35491809;-1.23035163;3;2;2;0;1;1; -1;2;0;1;80;Blessé hospitalisé;1
202300019135;155 646 641;B01;1;0;2;8;11;5;203 805 811;1;1;3;1;2001.0;5;2;-1;-1;31;1;2023;15:40;1;35;35150;1;2;2;3;48.35491809;-1.23035163;3;2;3;0;2;2; -1;2;0;1;80;Blessé hospitalisé;1
202300019149;155 646 613;B01;1;0;2;1;17;5;203 805 779;1;1;4;1;1966.0;5;2;6;-1;11;1;2023;08:20;1;13;13056;2;1;1;3;43.41279;5.04176;3;2;2;0;2;1; -1;1;0;1;50;Blessé léger;2
202300019149;155 646 614;A01;7;0;2;8;22;0;203 805 781;1;1;1;1;1974.0;2;1;0;-1;11;1;2023;08:20;1;13;13056;2;1;1;3;43.41279;5.04176;3;2;2;0;2;1; -1;1;0;1;50;Indemne;2
202300019169;155 646 575;A01;1;0;1;4;5;5;203 805 725;1;1;1;1;1973.0;1;8;0;-1;31;1;2023;14:40;1;75;75105;2;3;1;6;48.850325;2.347549;4;1;3;0;1;1; -1;1;0;1;30;Indemne;1
202300019169;155 646 575;A01;1;0;1;4;5;5;203 805 725;1;1;1;1;1973.0;1;8;0;-1;31;1;2023;14:40;1;75;75105;2;3;1;6;48.850325;2.347549;4;-1; -1;-1;1;1; -1;1;0;1;-1;Indemne;1
202300019169;155 646 575;A01;1;0;1;4;5;5;203 805 726;10;3;4;2;1964.0;5;0;-1;-1;31;1;2023;14:40;1;75;75105;2;3;1;6;48.850325;2.347549;4;1;3;0;1;1; -1;1;0;1;30;Blessé léger;1
202300019169;155 646 575;A01;1;0;1;4;5;5;203 805 726;10;3;4;2;1964.0;5;0;-1;-1;31;1;2023;14:40;1;75;75105;2;3;1;6;48.850325;2.347549;4;-1; -1;-1;1;1; -1;1;0;1;-1;Blessé léger;1
202300019174;155 646 561;A01;80;0;1;1;1;3;203 805 706;1;1;4;2;1983.0;1;8;0;-1;30;1;2023;10:15;1;75;75114;2;3;2;6;48.833246;2.331528;4;2;4;1;1;1; -1;2;-1;5;30;Blessé léger;0
202300019174;155 646 561;A01;80;0;1;1;1;3;203 805 706;1;1;4;2;1983.0;1;8;0;-1;30;1;2023;10:15;1;75;75114;2;3;2;6;48.833246;2.331528;4;1; -1;-1;1;1; -1;2;-1;5;-1;Blessé léger;0
202300019174;155 646 561;A01;80;0;1;1;1;3;203 805 708;10;3;1;1;1970.0;1;0;-1;-1;30;1;2023;10:15;1;75;75114;2;3;2;6;48.833246;2.331528;4;2;4;1;1;1; -1;2;-1;5;30;Indemne;0
202300019174;155 646 561;A01;80;0;1;1;1;3;203 805 708;10;3;1;1;1970.0;1;0;-1;-1;30;1;2023;10:15;1;75;75114;2;3;2;6;48.833246;2.331528;4;1; -1;-1;1;1; -1;2;-1;5;-1;Indemne;0
202300019189;155 646 535;B01;1;9;0;1;1;5;203 805 675;1;1;4;1;1974.0;5;2;0;-1;31;1;2023;19:05;5;94;94054;2;2;1;3;48.746822;2.407216;3;2;4;0;1;1; -1;1;6;1;50;Blessé léger;1
202300019189;155 646 535;B01;1;9;0;1;1;5;203 805 675;1;1;4;1;1974.0;5;2;0;-1;31;1;2023;19:05;5;94;94054;2;2;1;3;48.746822;2.407216;3;2;4;0;1;1; -1;1;6;1;50;Blessé léger;1
202300019205;155 646 510;B01;14;0;2;7;2;1;203 805 642;1;1;1;1;1975.0;4;0;-1;-1;1;2;2023;08:45;1;91;91553;2;1;1;3;48.619141;2.493;3;3;1;0;1;1; -1;1;0;1;50;Indemne;2
202300019205;155 646 511;A01;1;12;0;8;1;5;203 805 643;1;1;4;1;1951.0;0;2;-1;-1;1;2;2023;08:45;1;91;91553;2;1;1;3;48.619141;2.493;3;3;1;0;1;1; -1;1;0;1;50;Blessé léger;2
202300019210;155 646 502;A01;1;6;0;9;1;5;203 805 632;1;1;3;1;1958.0;5;2;-1;-1;30;1;2023;10:05;1;2B;2B049;1;1;1;6;42.513733;8.849675;3;2;2;0;2;3; -1;1;0;1;70;Blessé hospitalisé;0
202300019245;155 646 443;A01;7;0;9;1;9;1;203 805 546;1;1;1;1;1943.0;0;1;8;-1;30;1;2023;11:20;1;973;97302;2;6;1;2;4.92422;-52.32415;3;1;2;0;1;3; -1;1;0;1;50;Indemne;0
202300019245;155 646 444;B01;1;0;2;4;1;5;203 805 547;1;1;3;2;1964.0;0;8;0;-1;30;1;2023;11:20;1;973;97302;2;6;1;2;4.92422;-52.32415;3;1;2;0;1;3; -1;1;0;1;50;Blessé hospitalisé;0
202300019259;155 646 419;B01;1;0;2;6;1;5;203 805 515;1;1;4;2;2004.0;1;8;8;-1;28;1;2023;04:10;5;67;67218;2;1;1;6;48.52020501;7.70518184;4;2;3;2;1;1; -1;1;0;1;50;Blessé léger;5
202300019260;155 646 416;A01;2;0;2;7;2;1;203 805 512;1;1;1;1;2004.0;4;2;0;-1;27;1;2023;14:00;1;67;67482;2;1;1;2;48.57722;7.71318;4;2;4;2;1;1; -1;1;0;1;50;Indemne;4
202300019260;155 646 417;B01;1;0;2;6;2;5;203 805 513;1;1;4;1;1954.0;5;8;8;-1;27;1;2023;14:00;1;67;67482;2;1;1;2;48.57722;7.71318;4;2;4;2;1;1; -1;1;0;1;50;Blessé léger;4
202300019273;155 646 394;P01;1;0;2;1;18;5;203 805 487;1;1;4;1;1967.0;1;8;-1;-1;30;1;2023;08:38;1;47;47001;2;1;1;6;44.19929;0.62273;4;2;2;0;1;1; -1;1;0;1;50;Blessé léger;0
202300019273;155 646 395;A01;7;0;0;7;22;1;203 805 488;1;1;1;2;1971.0;2;1;-1;-1;30;1;2023;08:38;1;47;47001;2;1;1;6;44.19929;0.62273;4;2;2;0;1;1; -1;1;0;1;50;Indemne;0
202300019298;155 646 343;A01;2;0;2;0;0;0;203 805 423;1;1;4;1;1994.0;0;8;-1;-1;15;10;2023;21:36;5;69;69388;2;1;1;3;45.72972014;4.87581481;4;2;2;3;1;1; -1;1;0;1;50;Blessé léger;6
202300019298;155 646 344;Y01;1;0;2;0;3;0;203 805 424;1;1;4;1;2003.0;0;0;-1;-1;15;10;2023;21:36;5;69;69388;2;1;1;3;45.72972014;4.87581481;4;2;2;3;1;1; -1;1;0;1;50;Blessé léger;6
202300019301;155 646 338;B01;1;0;2;0;0;5;203 805 417;1;1;4;1;1957.0;5;2;-1;-1;14;10;2023;07:20;1;972;97213;1;1;1;3;14.63257;-60.97778;2;3;2;0;1;1; -1;1;0;1;90;Blessé léger;5
202300019301;155 646 339;A01;7;0;2;1;1;1;203 805 418;1;1;1;1;1966.0;9;1;-1;-1;14;10;2023;07:20;1;972;97213;1;1;1;3;14.63257;-60.97778;2;3;2;0;1;1; -1;1;0;1;90;Indemne;5
202300019311;155 646 320;A01;7;0;2;2;1;1;203 805 393;1;1;1;1;1988.0;0;1;0;-1;14;10;2023;14:40;1;86;86194;2;9;1;3;46.585594;0.333202;4;2;1;0;1;1; -1;1;0;1;50;Indemne;5
202300019311;155 646 321;B01;80;0;2;1;1;3;203 805 394;1;1;3;1;2003.0;0;2;0;-1;14;10;2023;14:40;1;86;86194;2;9;1;3;46.585594;0.333202;4;2;1;0;1;1; -1;1;0;1;50;Blessé hospitalisé;5
202300019313;155 646 311;B01;40;0;2;7;1;3;203 805 382;1;1;1;1;1960.0;4;8;8;-1;15;10;2023;17:50;1;67;67482;2;8;1;3;48.59235;7.71131;4;2;2;3;1;2; -1;1;4;6;50;Indemne;6
202300019313;155 646 311;B01;40;0;2;7;1;3;203 805 382;1;1;1;1;1960.0;4;8;8;-1;15;10;2023;17:50;1;67;67482;2;8;1;3;48.59235;7.71131;4;3;4;1;1;1; -1;1;4;6;50;Indemne;6
202300019313;155 646 312;A01;1;0;4;1;1;5;203 805 383;1;1;4;2;2003.0;0;8;8;-1;15;10;2023;17:50;1;67;67482;2;8;1;3;48.59235;7.71131;4;2;2;3;1;2; -1;1;4;6;50;Blessé léger;6
202300019313;155 646 312;A01;1;0;4;1;1;5;203 805 383;1;1;4;2;2003.0;0;8;8;-1;15;10;2023;17:50;1;67;67482;2;8;1;3;48.59235;7.71131;4;3;4;1;1;1; -1;1;4;6;50;Blessé léger;6
202300019343;155 646 255;A01;7;0;2;2;26;1;203 805 296;1;1;1;1;1997.0;9;1;8;-1;14;10;2023;23:33;5;94;94068;2;2;1;3;48.78600688;2.49520853;3;-1;2;0;1;1; -1;1;0;1;30;Indemne;5
202300019343;155 646 255;A01;7;0;2;2;26;1;203 805 296;1;1;1;1;1997.0;9;1;8;-1;14;10;2023;23:33;5;94;94068;2;2;1;3;48.78600688;2.49520853;3;1;1;0;1;1; -1;1;0;1;30;Indemne;5
202300019343;155 646 256;B01;1;0;2;6;15;5;203 805 297;1;1;4;1;2007.0;1;8;0;-1;14;10;2023;23:33;5;94;94068;2;2;1;3;48.78600688;2.49520853;3;-1;2;0;1;1; -1;1;0;1;30;Blessé léger;5
202300019343;155 646 256;B01;1;0;2;6;15;5;203 805 297;1;1;4;1;2007.0;1;8;0;-1;14;10;2023;23:33;5;94;94068;2;2;1;3;48.78600688;2.49520853;3;1;1;0;1;1; -1;1;0;1;30;Blessé léger;5
202300019354;155 646 239;A01;1;14;0;2;14;5;203 805 265;1;1;4;1;1967.0;0;8;8;-1;15;10;2023;20:17;5;92;92072;2;1;1;7;48.82555721;2.21633828;3;-1;0;0;1;1;0;1;0;1;50;Blessé léger;6
202300019355;155 646 237;A01;7;0;9;3;9;1;203 805 263;1;1;1;1;1990.0;5;1;8;-1;15;10;2023;12:35;1;92;92063;2;9;1;3;48.88786297;2.16539249;3;1;1;0;1;2;5;1;9;8;50;Indemne;6
202300019355;155 646 238;B01;1;0;2;7;1;5;203 805 264;1;1;4;2;1982.0;5;2;8;-1;15;10;2023;12:35;1;92;92063;2;9;1;3;48.88786297;2.16539249;3;1;1;0;1;2;5;1;9;8;50;Blessé léger;6
202300019359;155 646 232;A01;7;13;9;2;13;1;203 805 257;1;1;1;2;1954.0;3;1;-1;-1;16;10;2023;13:00;1;87;87002;1;1;1;1;45.940424;1.367497;3;2;2;0;2;2;5,5;1;0;1;90;Indemne;0
202300019359;155 646 233;B01;1;0;2;1;1;5;203 805 258;1;1;3;1;1964.0;5;2;-1;-1;16;10;2023;13:00;1;87;87002;1;1;1;1;45.940424;1.367497;3;2;2;0;2;2;5,5;1;0;1;90;Blessé hospitalisé;0
202300019383;155 646 191;B01;1;0;2;8;2;5;203 805 208;1;1;4;2;1945.0;5;2;4;-1;14;10;2023;15:20;1;50;50487;1;1;1;3;48.536897;-1.358009;3;2;2;0;1;1;5,5;1;0;1;80;Blessé léger;5
202300019383;155 646 192;A01;7;0;2;7;2;1;203 805 209;1;1;1;1;2001.0;1;8;-1;-1;14;10;2023;15:20;1;50;50487;1;1;1;3;48.536897;-1.358009;3;2;2;0;1;1;5,5;1;0;1;80;Indemne;5
202300019388;155 646 182;A01;1;0;0;1;0;5;203 805 199;1;1;2;1;1959.0;5;0;-1;-1;16;10;2023;09:25;1;27;27425;2;1;1;7;49.151426;0.719079;4;2;2;0;2;1; -1;1;0;1;-1;Tué;0