Num_Acc;id_vehicule;num_veh;catv;obs;obsm;choc;manv;motor;id_usager;place;catu;grav;sexe;an_nais;trajet;secu1;secu2;secu3;jour;mois;an;hrmn;lum;dep;com;agg;int;atm;col;lat;long;catr;circ;nbv;vosp;prof;plan;larrout;surf;infra;situ;vma;gravity;day_of_week
202300019392;155 646 176;A01;1;1;0;1;1;5;203 805 188;1;1;3;1;1960.0;5;2;-1;-1;13;10;2023;14:55;1;88;88116;1;1;1;6;47.965979;6.8505;3;2;2;0;1;1;4;1;0;1;-1;Blessé hospitalisé;4
202300019393;155 646 174;A01;7;0;2;5;15;1;203 805 186;1;1;1;1;1962.0;4;1;-1;-1;14;10;2023;18:25;1;78;78455;2;3;1;3;48.84067;2.066991;4;2;2;0;2;1; -1;1;0;1;30;Indemne;5
202300019393;155 646 174;A01;7;0;2;5;15;1;203 805 186;1;1;1;1;1962.0;4;1;-1;-1;14;10;2023;18:25;1;78;78455;2;3;1;3;48.84067;2.066991;4;2; -1;-1;1;1; -1;1;0;1;-1;Indemne;5
202300019393;155 646 175;B01;1;0;2;1;1;5;203 805 187;1;1;4;2;1959.0;3;0;-1;-1;14;10;2023;18:25;1;78;78455;2;3;1;3;48.84067;2.066991;4;2;2;0;2;1; -1;1;0;1;30;Blessé léger;5
202300019393;155 646 175;B01;1;0;2;1;1;5;203 805 187;1;1;4;2;1959.0;3;0;-1;-1;14;10;2023;18:25;1;78;78455;2;3;1;3;48.84067;2.066991;4;2; -1;-1;1;1; -1;1;0;1;-1;Blessé léger;5
202300019402;155 646 158;A01;1;8;9;1;1;5;203 805 164;1;1;3;1;1951.0;5;2;-1;-1;15;10;2023;10:00;1;83;83068;2;1;1;6;43.283294;6.590461;3;-1;2;1;1;1;5,5;1;9;5;70;Blessé hospitalisé;6
202300019405;155 646 154;A01;1;0;2;1;19;5;203 805 159;1;1;3;1;1987.0;5;2;-1;-1;15;10;2023;17:00;1;67;67112;1;2;1;3;48.513197;7.568437;3;2;2;0;1;1;5,5;1;0;1;90;Blessé hospitalisé;6
202300019405;155 646 154;A01;1;0;2;1;19;5;203 805 159;1;1;3;1;1987.0;5;2;-1;-1;15;10;2023;17:00;1;67;67112;1;2;1;3;48.513197;7.568437;3;2; -1;-1;1;1; -1;1;0;1;-1;Blessé hospitalisé;6
202300019405;155 646 155;B01;7;0;9;2;1;1;203 805 160;1;1;1;1;1998.0;5;1;-1;-1;15;10;2023;17:00;1;67;67112;1;2;1;3;48.513197;7.568437;3;2;2;0;1;1;5,5;1;0;1;90;Indemne;6
202300019405;155 646 155;B01;7;0;9;2;1;1;203 805 160;1;1;1;1;1998.0;5;1;-1;-1;15;10;2023;17:00;1;67;67112;1;2;1;3;48.513197;7.568437;3;2; -1;-1;1;1; -1;1;0;1;-1;Indemne;6
202300019406;155 646 152;B01;10;0;0;3;19;1;203 805 157;1;1;1;1;1985.0;1;1;-1;-1;13;10;2023;17:25;1;67;67540;1;2;1;3;48.795983;7.718945;3;2;2;0;1;1;4;1;0;1;80;Indemne;4
202300019406;155 646 152;B01;10;0;0;3;19;1;203 805 157;1;1;1;1;1985.0;1;1;-1;-1;13;10;2023;17:25;1;67;67540;1;2;1;3;48.795983;7.718945;3;2;2;0;1;1;4;1;0;1;50;Indemne;4
202300019406;155 646 153;A01;1;0;0;2;1;5;203 805 158;1;1;4;1;1984.0;5;2;-1;-1;13;10;2023;17:25;1;67;67540;1;2;1;3;48.795983;7.718945;3;2;2;0;1;1;4;1;0;1;80;Blessé léger;4
202300019406;155 646 153;A01;1;0;0;2;1;5;203 805 158;1;1;4;1;1984.0;5;2;-1;-1;13;10;2023;17:25;1;67;67540;1;2;1;3;48.795983;7.718945;3;2;2;0;1;1;4;1;0;1;50;Blessé léger;4
202300019443;155 646 087;A01;1;0;2;1;19;5;203 805 065;1;1;4;1;1968.0;1;2;-1;-1;14;10;2023;17:15;1;69;69386;2;2;1;3;45.76871;4.84388;4;2;3;2;1;1; -1;1;0;1;30;Blessé léger;5
202300019443;155 646 087;A01;1;0;2;1;19;5;203 805 065;1;1;4;1;1968.0;1;2;-1;-1;14;10;2023;17:15;1;69;69386;2;2;1;3;45.76871;4.84388;4;1;1;3;1;1; -1;1;0;1;30;Blessé léger;5
202300019443;155 646 089;B01;7;0;2;5;23;3;203 805 067;1;1;1;1;1988.0;0;1;-1;-1;14;10;2023;17:15;1;69;69386;2;2;1;3;45.76871;4.84388;4;2;3;2;1;1; -1;1;0;1;30;Indemne;5
202300019443;155 646 089;B01;7;0;2;5;23;3;203 805 067;1;1;1;1;1988.0;0;1;-1;-1;14;10;2023;17:15;1;69;69386;2;2;1;3;45.76871;4.84388;4;1;1;3;1;1; -1;1;0;1;30;Indemne;5
202300019447;155 646 079;B01;1;1;0;1;21;5;203 805 054;1;1;4;2;1996.0;5;8;0;-1;23;4;2023;18:40;1;75;75115;2;3;2;3;48.839833;2.284827;4;-1;1;0;1;1; -1;2;0;1;30;Blessé léger;6
202300019447;155 646 079;B01;1;1;0;1;21;5;203 805 054;1;1;4;2;1996.0;5;8;0;-1;23;4;2023;18:40;1;75;75115;2;3;2;3;48.839833;2.284827;4;-1; -1;0;1;1; -1;2;0;1;-1;Blessé léger;6
202300019447;155 646 081;A01;7;0;2;8;22;1;203 805 056;1;1;1;1;1963.0;5;8;0;-1;23;4;2023;18:40;1;75;75115;2;3;2;3;48.839833;2.284827;4;-1;1;0;1;1; -1;2;0;1;30;Indemne;6
202300019447;155 646 081;A01;7;0;2;8;22;1;203 805 056;1;1;1;1;1963.0;5;8;0;-1;23;4;2023;18:40;1;75;75115;2;3;2;3;48.839833;2.284827;4;-1; -1;0;1;1; -1;2;0;1;-1;Indemne;6
202300019455;155 646 062;A01;7;0;2;1;15;1;203 805 037;2;2;1;2;1999.0;9;1;0;-1;23;4;2023;20:55;3;75;75111;2;3;2;1;48.862624;2.376493;4;2;2;0;1;1; -1;2;0;1;30;Indemne;6
202300019455;155 646 062;A01;7;0;2;1;15;1;203 805 037;2;2;1;2;1999.0;9;1;0;-1;23;4;2023;20:55;3;75;75111;2;3;2;1;48.862624;2.376493;4;1;1;0;1;1; -1;2;0;1;30;Indemne;6
202300019455;155 646 062;A01;7;0;2;1;15;1;203 805 038;1;1;1;1;1996.0;9;1;8;-1;23;4;2023;20:55;3;75;75111;2;3;2;1;48.862624;2.376493;4;2;2;0;1;1; -1;2;0;1;30;Indemne;6
202300019455;155 646 062;A01;7;0;2;1;15;1;203 805 038;1;1;1;1;1996.0;9;1;8;-1;23;4;2023;20:55;3;75;75111;2;3;2;1;48.862624;2.376493;4;1;1;0;1;1; -1;2;0;1;30;Indemne;6
202300019455;155 646 065;B01;80;0;2;1;1;3;203 805 041;1;1;4;1;1998.0;9;8;0;-1;23;4;2023;20:55;3;75;75111;2;3;2;1;48.862624;2.376493;4;2;2;0;1;1; -1;2;0;1;30;Blessé léger;6
202300019455;155 646 065;B01;80;0;2;1;1;3;203 805 041;1;1;4;1;1998.0;9;8;0;-1;23;4;2023;20:55;3;75;75111;2;3;2;1;48.862624;2.376493;4;1;1;0;1;1; -1;2;0;1;30;Blessé léger;6
202300019456;155 646 060;A01;80;12;0;7;14;3;203 805 034;1;1;4;2;1952.0;5;8;0;-1;23;4;2023;18:45;1;75;75101;2;2;2;6;48.85949;2.34355;4;1;1;0;1;1; -1;2;0;1;30;Blessé léger;6
202300019456;155 646 060;A01;80;12;0;7;14;3;203 805 034;1;1;4;2;1952.0;5;8;0;-1;23;4;2023;18:45;1;75;75101;2;2;2;6;48.85949;2.34355;4;1;2;3;1;1; -1;2;0;1;30;Blessé léger;6
202300019458;155 646 056;Z01;1;0;1;3;1;5;203 805 032;10;3;4;2;1977.0;5;0;-1;-1;23;4;2023;15:20;1;75;75104;2;2;2;6;48.85613;2.357108;4;2;4;1;1;1; -1;2;0;5;30;Blessé léger;6
202300019458;155 646 056;Z01;1;0;1;3;1;5;203 805 032;10;3;4;2;1977.0;5;0;-1;-1;23;4;2023;15:20;1;75;75104;2;2;2;6;48.85613;2.357108;4;1;2;0;1;1; -1;2;0;1;30;Blessé léger;6
202300019459;155 646 052;A01;7;0;2;2;1;1;203 805 026;1;1;1;1;1937.0;5;1;0;-1;13;10;2023;16:05;1;77;77333;2;1;1;3;48.26488;2.71067;3;2;2;0;1;1; -1;1;9;8;30;Indemne;4
202300019459;155 646 054;B01;1;0;2;0;0;5;203 805 029;1;1;4;1;2012.0;2;8;0;-1;13;10;2023;16:05;1;77;77333;2;1;1;3;48.26488;2.71067;3;2;2;0;1;1; -1;1;9;8;30;Blessé léger;4
202300019470;155 646 032;A01;80;0;0;1;1;3;203 804 999;1;1;1;1;1978.0;0;8;8;8;23;4;2023;18:26;1;92;92026;2;9;2;6;48.89628;2.24048;3;1;1;2;1;1; -1;2;6;5;20;Indemne;6
202300019470;155 646 032;A01;80;0;0;1;1;3;203 805 000;10;3;4;2;1962.0;0;0;-1;-1;23;4;2023;18:26;1;92;92026;2;9;2;6;48.89628;2.24048;3;1;1;2;1;1; -1;2;6;5;20;Blessé léger;6
202300019504;155 645 970;A01;7;0;0;5;16;1;203 804 915;1;1;1;2;1981.0;5;1;-1;-1;23;4;2023;15:21;1;63;63178;2;3;1;3;45.546083;3.225635;4;2;2;0;1;1; -1;1;0;1;50;Indemne;6
202300019504;155 645 970;A01;7;0;0;5;16;1;203 804 915;1;1;1;2;1981.0;5;1;-1;-1;23;4;2023;15:21;1;63;63178;2;3;1;3;45.546083;3.225635;4;2;2;-1;1;1; -1;1;0;1;50;Indemne;6
202300019504;155 645 971;B01;1;0;2;1;2;5;203 804 917;1;1;3;1;1968.0;5;2;6;-1;23;4;2023;15:21;1;63;63178;2;3;1;3;45.546083;3.225635;4;2;2;0;1;1; -1;1;0;1;50;Blessé hospitalisé;6
202300019504;155 645 971;B01;1;0;2;1;2;5;203 804 917;1;1;3;1;1968.0;5;2;6;-1;23;4;2023;15:21;1;63;63178;2;3;1;3;45.546083;3.225635;4;2;2;-1;1;1; -1;1;0;1;50;Blessé hospitalisé;6
202300019521;155 645 939;B01;1;0;2;7;1;5;203 804 877;1;1;4;1;1979.0;9;8;0;-1;16;6;2023;12:40;1;75;75106;2;2;1;3;48.853161;2.335939;4;1;3;0;1;1; -1;1;0;1;30;Blessé léger;4
202300019521;155 645 939;B01;1;0;2;7;1;5;203 804 877;1;1;4;1;1979.0;9;8;0;-1;16;6;2023;12:40;1;75;75106;2;2;1;3;48.853161;2.335939;4;1;1;1;1;1; -1;1;0;1;30;Blessé léger;4
202300019521;155 645 941;A01;33;0;2;1;1;1;203 804 878;1;1;1;1;1994.0;1;2;6;-1;16;6;2023;12:40;1;75;75106;2;2;1;3;48.853161;2.335939;4;1;3;0;1;1; -1;1;0;1;30;Indemne;4
202300019521;155 645 941;A01;33;0;2;1;1;1;203 804 878;1;1;1;1;1994.0;1;2;6;-1;16;6;2023;12:40;1;75;75106;2;2;1;3;48.853161;2.335939;4;1;1;1;1;1; -1;1;0;1;30;Indemne;4
202300019523;155 645 936;A01;80;1;0;1;9;3;203 804 873;10;3;4;2;1962.0;9;0;-1;-1;4;7;2023;09:00;1;75;75119;2;3;1;6;48.89891293;2.38256747;4;2;2;1;1;1; -1;1;0;5;30;Blessé léger;1
202300019523;155 645 936;A01;80;1;0;1;9;3;203 804 873;10;3;4;2;1962.0;9;0;-1;-1;4;7;2023;09:00;1;75;75119;2;3;1;6;48.89891293;2.38256747;4;1;3;0;1;1; -1;1;0;5;30;Blessé léger;1
202300019523;155 645 936;A01;80;1;0;1;9;3;203 804 874;1;1;1;1;1970.0;9;2;0;-1;4;7;2023;09:00;1;75;75119;2;3;1;6;48.89891293;2.38256747;4;2;2;1;1;1; -1;1;0;5;30;Indemne;1
202300019523;155 645 936;A01;80;1;0;1;9;3;203 804 874;1;1;1;1;1970.0;9;2;0;-1;4;7;2023;09:00;1;75;75119;2;3;1;6;48.89891293;2.38256747;4;1;3;0;1;1; -1;1;0;5;30;Indemne;1
202300019526;155 645 929;A01;7;0;2;6;24;1;203 804 863;1;1;1;1;1972.0;5;1;0;-1;3;7;2023;20:00;1;75;75119;2;2;1;5;48.879572;2.389501;4;2;3;1;2;1; -1;1;8;1;30;Indemne;0
202300019526;155 645 929;A01;7;0;2;6;24;1;203 804 863;1;1;1;1;1972.0;5;1;0;-1;3;7;2023;20:00;1;75;75119;2;2;1;5;48.879572;2.389501;4;1;1;0;2;1; -1;1;0;1;30;Indemne;0
202300019526;155 645 931;B01;1;0;2;3;1;5;203 804 865;1;1;4;1;1992.0;9;8;0;-1;3;7;2023;20:00;1;75;75119;2;2;1;5;48.879572;2.389501;4;2;3;1;2;1; -1;1;8;1;30;Blessé léger;0
202300019526;155 645 931;B01;1;0;2;3;1;5;203 804 865;1;1;4;1;1992.0;9;8;0;-1;3;7;2023;20:00;1;75;75119;2;2;1;5;48.879572;2.389501;4;1;1;0;2;1; -1;1;0;1;30;Blessé léger;0
202300019526;155 645 933;Z01;7;1;2;1;2;0;203 804 867;1;1;1;1;2008.0;-1;-1;-1;-1;3;7;2023;20:00;1;75;75119;2;2;1;5;48.879572;2.389501;4;2;3;1;2;1; -1;1;8;1;30;Indemne;0
202300019526;155 645 933;Z01;7;1;2;1;2;0;203 804 867;1;1;1;1;2008.0;-1;-1;-1;-1;3;7;2023;20:00;1;75;75119;2;2;1;5;48.879572;2.389501;4;1;1;0;2;1; -1;1;0;1;30;Indemne;0
202300019526;155 645 934;C01;7;0;2;6;1;1;203 804 869;1;1;1;1;1996.0;9;8;0;-1;3;7;2023;20:00;1;75;75119;2;2;1;5;48.879572;2.389501;4;2;3;1;2;1; -1;1;8;1;30;Indemne;0
202300019526;155 645 934;C01;7;0;2;6;1;1;203 804 869;1;1;1;1;1996.0;9;8;0;-1;3;7;2023;20:00;1;75;75119;2;2;1;5;48.879572;2.389501;4;1;1;0;2;1; -1;1;0;1;30;Indemne;0
202300019532;155 645 918;B01;33;0;2;4;2;1;203 804 851;1;1;1;1;2003.0;1;2;8;-1;4;7;2023;08:50;1;75;75117;2;4;1;2;48.896271;2.309989;4;1;4;1;1;1; -1;1;0;1;30;Indemne;1
202300019532;155 645 918;B01;33;0;2;4;2;1;203 804 851;1;1;1;1;2003.0;1;2;8;-1;4;7;2023;08:50;1;75;75117;2;4;1;2;48.896271;2.309989;4;1;5;0;1;1; -1;1;0;1;30;Indemne;1
202300019532;155 645 919;A01;1;0;0;1;2;5;203 804 852;1;1;4;1;1989.0;1;8;0;-1;4;7;2023;08:50;1;75;75117;2;4;1;2;48.896271;2.309989;4;1;4;1;1;1; -1;1;0;1;30;Blessé léger;1
202300019532;155 645 919;A01;1;0;0;1;2;5;203 804 852;1;1;4;1;1989.0;1;8;0;-1;4;7;2023;08:50;1;75;75117;2;4;1;2;48.896271;2.309989;4;1;5;0;1;1; -1;1;0;1;30;Blessé léger;1
202300019533;155 645 915;A01;7;0;2;3;11;1;203 804 849;1;1;1;2;1960.0;9;1;-1;-1;24;4;2023;13:20;1;77;77231;2;1;1;3;48.997659;3.007207;3;2;2;0;2;1;4;1;0;1;50;Indemne;0
202300019533;155 645 917;B01;1;0;2;1;17;5;203 804 850;1;1;4;1;1968.0;5;2;6;9;24;4;2023;13:20;1;77;77231;2;1;1;3;48.997659;3.007207;3;2;2;0;2;1;4;1;0;1;50;Blessé léger;0
202300019536;155 645 909;A01;1;0;2;3;13;5;203 804 840;1;1;4;2;1993.0;5;2;0;-1;4;7;2023;09:20;1;75;75116;2;2;1;1;48.847127;2.274709;4;2;4;1;1;1; -1;1;2;5;30;Blessé léger;1
202300019536;155 645 909;A01;1;0;2;3;13;5;203 804 840;1;1;4;2;1993.0;5;2;0;-1;4;7;2023;09:20;1;75;75116;2;2;1;1;48.847127;2.274709;4;2;3;1;1;1; -1;1;0;5;30;Blessé léger;1
202300019536;155 645 911;B01;1;0;2;3;1;5;203 804 842;1;1;4;1;1965.0;5;2;6;-1;4;7;2023;09:20;1;75;75116;2;2;1;1;48.847127;2.274709;4;2;4;1;1;1; -1;1;2;5;30;Blessé léger;1
202300019536;155 645 911;B01;1;0;2;3;1;5;203 804 842;1;1;4;1;1965.0;5;2;6;-1;4;7;2023;09:20;1;75;75116;2;2;1;1;48.847127;2.274709;4;2;3;1;1;1; -1;1;0;5;30;Blessé léger;1
202300019549;155 645 884;A01;1;0;2;7;1;5;203 804 808;1;1;4;2;1997.0;5;8;0;-1;4;7;2023;09:20;1;75;75113;2;1;1;3;48.839212;2.35933;4;3;4;3;1;1; -1;1;0;6;30;Blessé léger;1
202300019549;155 645 886;Z01;1;0;2;1;19;5;203 804 809;1;1;1;1;2000.0;-1;8;0;-1;4;7;2023;09:20;1;75;75113;2;1;1;3;48.839212;2.35933;4;3;4;3;1;1; -1;1;0;6;30;Indemne;1
202300019551;155 645 880;A01;7;0;2;2;16;1;203 804 804;1;1;1;1;1969.0;9;1;0;-1;4;7;2023;12:40;1;75;75112;2;1;1;3;48.843945;2.373024;4;1;3;1;1;1; -1;1;0;5;30;Indemne;1
202300019551;155 645 881;B01;1;0;2;3;1;5;203 804 805;1;1;4;1;1996.0;9;8;0;-1;4;7;2023;12:40;1;75;75112;2;1;1;3;48.843945;2.373024;4;1;3;1;1;1; -1;1;0;5;30;Blessé léger;1
202300019553;155 645 876;A01;50;0;2;1;13;3;203 804 798;1;1;4;1;1999.0;1;8;0;-1;4;7;2023;09:23;1;75;75112;2;1;7;1;48.82742956;2.38927567;4;2;2;1;1;1; -1;1;0;5;30;Blessé léger;1
202300019553;155 645 878;B01;1;0;2;1;13;5;203 804 799;1;1;4;1;1996.0;1;8;0;-1;4;7;2023;09:23;1;75;75112;2;1;7;1;48.82742956;2.38927567;4;2;2;1;1;1; -1;1;0;5;30;Blessé léger;1
202300019560;155 645 860;B01;1;1;0;1;1;5;203 804 780;1;1;4;1;1969.0;0;2;0;-1;2;7;2023;07:45;1;94;94002;2;1;8;5;48.79999;2.41915;4;2;2;0;1;1; -1;1;0;1;50;Blessé léger;6
202300019560;155 645 862;A01;10;0;0;8;24;1;203 804 782;1;1;1;1;1964.0;9;1;0;-1;2;7;2023;07:45;1;94;94002;2;1;8;5;48.79999;2.41915;4;2;2;0;1;1; -1;1;0;1;50;Indemne;6
202300019560;155 645 863;C01;7;0;0;3;1;1;203 804 783;1;1;1;1;1960.0;0;1;0;-1;2;7;2023;07:45;1;94;94002;2;1;8;5;48.79999;2.41915;4;2;2;0;1;1; -1;1;0;1;50;Indemne;6
202300019568;155 645 849;B01;1;0;2;3;15;5;203 804 765;1;1;4;1;2009.0;2;8;0;-1;4;7;2023;18:07;1;93;93070;2;2;1;3;48.90841;2.33254;3;2;2;1;1;1;9;1;0;1;50;Blessé léger;1
202300019568;155 645 849;B01;1;0;2;3;15;5;203 804 765;1;1;4;1;2009.0;2;8;0;-1;4;7;2023;18:07;1;93;93070;2;2;1;3;48.90841;2.33254;3;2;2;-1;1;1; -1;1;0;1;-1;Blessé léger;1
202300019568;155 645 851;A01;7;0;2;2;1;1;203 804 767;1;1;1;1;1959.0;1;1;0;-1;4;7;2023;18:07;1;93;93070;2;2;1;3;48.90841;2.33254;3;2;2;1;1;1;9;1;0;1;50;Indemne;1
202300019568;155 645 851;A01;7;0;2;2;1;1;203 804 767;1;1;1;1;1959.0;1;1;0;-1;4;7;2023;18:07;1;93;93070;2;2;1;3;48.90841;2.33254;3;2;2;-1;1;1; -1;1;0;1;-1;Indemne;1
202300019579;155 645 833;A01;1;0;2;0;1;5;203 804 743;1;1;3;1;1974.0;1;2;0;-1;4;7;2023;07:35;1;92;92073;2;3;1;7;48.880986;2.227081;3;2;2;0;1;1; -1;1;0;1;50;Blessé hospitalisé;1
202300019579;155 645 833;A01;1;0;2;0;1;5;203 804 743;1;1;3;1;1974.0;1;2;0;-1;4;7;2023;07:35;1;92;92073;2;3;1;7;48.880986;2.227081;3;2;2;0;2;1; -1;1;0;1;50;Blessé hospitalisé;1
202300019580;155 645 830;B01;1;0;2;0;0;5;203 804 740;1;1;4;2;1949.0;9;8;-1;-1;21;4;2023;14:50;1;69;69383;2;1;1;6;45.75425;4.84612;4;1;2;3;1;1; -1;1;0;1;50;Blessé léger;4
202300019582;155 645 825;A01;7;0;2;2;15;1;203 804 735;1;1;1;2;1998.0;1;1;0;-1;3;7;2023;17:20;1;92;92049;2;1;1;3;48.81495877;2.30411544;3;2;4;1;1;1;12;1;0;1;50;Indemne;0
202300019582;155 645 827;B01;1;0;2;1;2;5;203 804 737;1;1;3;1;1999.0;1;2;0;-1;3;7;2023;17:20;1;92;92049;2;1;1;3;48.81495877;2.30411544;3;2;4;1;1;1;12;1;0;1;50;Blessé hospitalisé;0
202300019586;155 645 817;A01;1;0;2;3;1;5;203 804 726;1;1;4;1;1979.0;0;2;0;-1;4;7;2023;15:40;1;92;92040;2;1;2;3;48.8236516;2.27302802;3;-1;0;0;2;1; -1;2;0;1;30;Blessé léger;1
202300019588;155 645 814;B01;7;0;2;3;1;1;203 804 722;1;1;1;2;1986.0;0;1;0;-1;1;7;2023;20:15;1;92;92004;2;2;1;3;48.9203562;2.28424028;4;-1;1;0;1;1; -1;1;0;1;50;Indemne;5
202300019588;155 645 816;A01;1;0;2;1;1;5;203 804 724;1;1;4;1;2006.0;0;2;0;-1;1;7;2023;20:15;1;92;92004;2;2;1;3;48.9203562;2.28424028;4;-1;1;0;1;1; -1;1;0;1;50;Blessé léger;5
202300019635;155 645 735;B01;1;0;2;8;1;5;203 804 619;1;1;4;1;1970.0;5;2;8;-1;21;4;2023;15:00;1;56;56098;2;1;1;3;47.7775;-3.3439;4;2;3;0;1;3; -1;1;0;5;30;Blessé léger;4
202300019635;155 645 737;A01;7;0;2;2;14;1;203 804 620;1;1;1;2;1964.0;5;1;8;-1;21;4;2023;15:00;1;56;56098;2;1;1;3;47.7775;-3.3439;4;2;3;0;1;3; -1;1;0;5;30;Indemne;4
202300019640;155 645 728;A01;15;0;9;6;1;1;203 804 608;1;1;1;1;1973.0;4;1;-1;-1;5;7;2023;09:50;1;26;26101;1;1;1;3;44.554953;5.089095;3;2;2;0;2;3;5,5;1;0;1;80;Indemne;2
202300019640;155 645 729;B01;1;0;2;1;13;5;203 804 609;1;1;3;1;1974.0;5;2;6;9;5;7;2023;09:50;1;26;26101;1;1;1;3;44.554953;5.089095;3;2;2;0;2;3;5,5;1;0;1;80;Blessé hospitalisé;2
202300019644;155 645 722;A01;7;1;0;2;1;1;203 804 602;1;1;1;2;1999.0;5;1;0;-1;20;4;2023;23:18;3;49;49007;1;1;1;3;47.46475;-0.57521;3;3;3;0;1;1; -1;1;2;1;90;Indemne;3
202300019644;155 645 724;B01;1;0;2;0;23;5;203 804 604;1;1;4;1;2000.0;5;8;0;-1;20;4;2023;23:18;3;49;49007;1;1;1;3;47.46475;-0.57521;3;3;3;0;1;1; -1;1;2;1;90;Blessé léger;3
202300019658;155 645 695;A01;1;0;2;1;1;5;203 804 570;1;1;4;1;1998.0;1;8;-1;-1;20;4;2023;18:15;1;29;29019;2;1;1;2;48.4132667;-4.46843469;4;2;2;0;2;1; -1;1;0;1;30;Blessé léger;3
202300019658;155 645 696;B01;7;0;2;4;23;1;203 804 571;1;1;1;2;1988.0;9;1;-1;-1;20;4;2023;18:15;1;29;29019;2;1;1;2;48.4132667;-4.46843469;4;2;2;0;2;1; -1;1;0;1;30;Indemne;3
202300019678;155 645 661;A01;1;6;0;1;0;5;203 804 524;1;1;3;1;1994.0;5;0;-1;-1;5;7;2023;19:30;1;58;58051;1;1;1;7;46.948548;3.140358;4;-1;2;0;1;2; -1;1;2;4;50;Blessé hospitalisé;2
202300019680;155 645 658;A01;1;6;0;0;21;5;203 804 521;1;1;3;1;1971.0;5;2;-1;-1;15;6;2023;18:20;1;68;68069;2;4;1;7;47.974356;7.489768;3;2;2;0;1;2;4;1;0;4;50;Blessé hospitalisé;3
202300019680;155 645 658;A01;1;6;0;0;21;5;203 804 521;1;1;3;1;1971.0;5;2;-1;-1;15;6;2023;18:20;1;68;68069;2;4;1;7;47.974356;7.489768;3;2; -1;-1;1;1; -1;1;0;4;-1;Blessé hospitalisé;3
202300019683;155 645 655;B01;1;0;2;1;23;5;203 804 517;1;1;3;1;1953.0;5;2;-1;-1;5;7;2023;08:30;1;55;55366;1;2;7;1;48.81513;5.10463;3;2;1;0;1;1;4;1;9;1;90;Blessé hospitalisé;2
202300019683;155 645 655;B01;1;0;2;1;23;5;203 804 517;1;1;3;1;1953.0;5;2;-1;-1;5;7;2023;08:30;1;55;55366;1;2;7;1;48.81513;5.10463;3;2; -1;-1;1;1; -1;1;0;1;-1;Blessé hospitalisé;2
202300019683;155 645 656;A01;7;1;0;2;15;1;203 804 518;1;1;1;1;1983.0;5;1;-1;-1;5;7;2023;08:30;1;55;55366;1;2;7;1;48.81513;5.10463;3;2;1;0;1;1;4;1;9;1;90;Indemne;2
202300019683;155 645 656;A01;7;1;0;2;15;1;203 804 518;1;1;1;1;1983.0;5;1;-1;-1;5;7;2023;08:30;1;55;55366;1;2;7;1;48.81513;5.10463;3;2; -1;-1;1;1; -1;1;0;1;-1;Indemne;2
202300019688;155 645 643;A01;7;7;2;0;1;1;203 804 501;1;1;4;1;1967.0;5;1;-1;-1;4;7;2023;19:40;1;17;17360;1;1;3;4;46.153765;-1.296387;3;2;2;1;1;1; -1;2;0;5;80;Blessé léger;1
202300019688;155 645 645;B01;1;0;2;4;1;5;203 804 503;1;1;3;1;1998.0;5;2;-1;-1;4;7;2023;19:40;1;17;17360;1;1;3;4;46.153765;-1.296387;3;2;2;1;1;1; -1;2;0;5;80;Blessé hospitalisé;1
202300019688;155 645 648;C01;1;0;2;4;1;5;203 804 506;1;1;3;1;1992.0;5;2;-1;-1;4;7;2023;19:40;1;17;17360;1;1;3;4;46.153765;-1.296387;3;2;2;1;1;1; -1;2;0;5;80;Blessé hospitalisé;1
202300019695;155 645 631;A01;7;0;2;1;9;1;203 804 488;1;1;1;1;1934.0;3;1;-1;-1;30;6;2023;15:55;1;44;44204;2;6;1;3;47.26679001;-1.44122601;7;2;2;0;1;2; -1;1;5;1;50;Indemne;4
202300019695;155 645 632;B01;1;0;2;7;16;5;203 804 490;1;1;3;1;1957.0;5;0;-1;-1;30;6;2023;15:55;1;44;44204;2;6;1;3;47.26679001;-1.44122601;7;2;2;0;1;2; -1;1;5;1;50;Blessé hospitalisé;4
202300019696;155 645 627;A01;7;0;2;1;1;1;203 804 484;1;1;1;1;1957.0;5;8;0;-1;22;4;2023;09:50;1;75;75119;2;3;2;3;48.885811;2.37064;4;1;3;1;1;1; -1;2;0;1;30;Indemne;5
202300019696;155 645 627;A01;7;0;2;1;1;1;203 804 484;1;1;1;1;1957.0;5;8;0;-1;22;4;2023;09:50;1;75;75119;2;3;2;3;48.885811;2.37064;4;2;1;0;1;1; -1;2;0;1;30;Indemne;5
202300019696;155 645 629;B01;1;0;2;7;1;5;203 804 486;1;1;4;1;2001.0;9;8;0;-1;22;4;2023;09:50;1;75;75119;2;3;2;3;48.885811;2.37064;4;1;3;1;1;1; -1;2;0;1;30;Blessé léger;5
202300019696;155 645 629;B01;1;0;2;7;1;5;203 804 486;1;1;4;1;2001.0;9;8;0;-1;22;4;2023;09:50;1;75;75119;2;3;2;3;48.885811;2.37064;4;2;1;0;1;1; -1;2;0;1;30;Blessé léger;5
202300019704;155 645 611;A01;1;0;2;8;19;5;203 804 465;1;1;4;2;1999.0;9;8;0;-1;22;4;2023;14:50;1;75;75108;2;7;8;3;48.86437363;2.32030928;4;1; -1;0;1;1; -1;1;0;1;30;Blessé léger;5