Num_Acc;id_vehicule;num_veh;catv;obs;obsm;choc;manv;motor;id_usager;place;catu;grav;sexe;an_nais;trajet;secu1;secu2;secu3;jour;mois;an;hrmn;lum;dep;com;agg;int;atm;col;lat;long;catr;circ;nbv;vosp;prof;plan;larrout;surf;infra;situ;vma;gravity;day_of_week
202300019704;155 645 611;A01;1;0;2;8;19;5;203 804 465;1;1;4;2;1999.0;9;8;0;-1;22;4;2023;14:50;1;75;75108;2;7;8;3;48.86437363;2.32030928;4;1;5;0;1;1; -1;1;0;1;30;Blessé léger;5
202300019704;155 645 613;B01;7;0;2;1;2;3;203 804 467;1;1;1;1;1972.0;9;1;0;-1;22;4;2023;14:50;1;75;75108;2;7;8;3;48.86437363;2.32030928;4;1; -1;0;1;1; -1;1;0;1;30;Indemne;5
202300019704;155 645 613;B01;7;0;2;1;2;3;203 804 467;1;1;1;1;1972.0;9;1;0;-1;22;4;2023;14:50;1;75;75108;2;7;8;3;48.86437363;2.32030928;4;1;5;0;1;1; -1;1;0;1;30;Indemne;5
202300019712;155 645 596;A01;1;0;2;1;1;5;203 804 446;1;1;4;1;1976.0;9;8;0;-1;21;4;2023;23:15;5;75;75102;2;1;1;2;48.863867;2.349011;4;1;3;0;1;1; -1;1;0;1;30;Blessé léger;4
202300019712;155 645 598;B01;7;0;2;4;23;3;203 804 448;1;1;1;1;1972.0;9;1;0;-1;21;4;2023;23:15;5;75;75102;2;1;1;2;48.863867;2.349011;4;1;3;0;1;1; -1;1;0;1;30;Indemne;4
202300019720;155 645 584;A01;30;0;2;8;25;1;203 804 425;1;1;1;1;2000.0;0;2;6;-1;22;4;2023;15:20;1;93;93048;2;1;1;3;48.86361761;2.45428896;4;1;1;1;1;1; -1;1;0;5;30;Indemne;5
202300019720;155 645 585;B01;1;0;2;7;25;5;203 804 428;1;1;4;1;2000.0;0;8;0;-1;22;4;2023;15:20;1;93;93048;2;1;1;3;48.86361761;2.45428896;4;1;1;1;1;1; -1;1;0;5;30;Blessé léger;5
202300019766;155 645 506;B01;1;0;2;1;1;5;203 804 297;1;1;4;1;1994.0;9;8;0;-1;3;7;2023;08:00;1;75;75119;2;4;1;3;48.900402;2.371506;4;1;0;0;1;3; -1;1;0;1;30;Blessé léger;0
202300019766;155 645 506;B01;1;0;2;1;1;5;203 804 297;1;1;4;1;1994.0;9;8;0;-1;3;7;2023;08:00;1;75;75119;2;4;1;3;48.900402;2.371506;4;-1; -1;0;1;1; -1;1;0;1;30;Blessé léger;0
202300019766;155 645 507;A01;10;0;2;2;16;1;203 804 298;1;1;1;1;1981.0;4;1;0;-1;3;7;2023;08:00;1;75;75119;2;4;1;3;48.900402;2.371506;4;1;0;0;1;3; -1;1;0;1;30;Indemne;0
202300019766;155 645 507;A01;10;0;2;2;16;1;203 804 298;1;1;1;1;1981.0;4;1;0;-1;3;7;2023;08:00;1;75;75119;2;4;1;3;48.900402;2.371506;4;-1; -1;0;1;1; -1;1;0;1;30;Indemne;0
202300019781;155 645 484;B01;30;0;2;1;1;1;203 804 272;1;1;1;1;2003.0;0;2;-1;-1;3;7;2023;18:00;1;69;69387;2;2;1;3;45.75105;4.84819;4;1;1;2;1;1; -1;1;0;1;50;Indemne;0
202300019781;155 645 484;B01;30;0;2;1;1;1;203 804 272;1;1;1;1;2003.0;0;2;-1;-1;3;7;2023;18:00;1;69;69387;2;2;1;3;45.75105;4.84819;4;1;2;2;1;1; -1;1;0;1;50;Indemne;0
202300019781;155 645 486;A01;1;0;0;1;1;5;203 804 274;1;1;4;1;1996.0;0;2;-1;-1;3;7;2023;18:00;1;69;69387;2;2;1;3;45.75105;4.84819;4;1;1;2;1;1; -1;1;0;1;50;Blessé léger;0
202300019781;155 645 486;A01;1;0;0;1;1;5;203 804 274;1;1;4;1;1996.0;0;2;-1;-1;3;7;2023;18:00;1;69;69387;2;2;1;3;45.75105;4.84819;4;1;2;2;1;1; -1;1;0;1;50;Blessé léger;0
202300019785;155 645 475;A01;7;0;0;0;22;1;203 804 259;1;1;1;1;1960.0;0;1;8;-1;4;8;2023;18:51;1;56;56121;2;1;1;7;47.7317865;-3.3634758;4;2;2;2;1;1; -1;1;0;5;50;Indemne;4
202300019785;155 645 476;B01;80;0;0;0;21;3;203 804 261;1;1;4;2;1990.0;5;2;8;-1;4;8;2023;18:51;1;56;56121;2;1;1;7;47.7317865;-3.3634758;4;2;2;2;1;1; -1;1;0;5;50;Blessé léger;4
202300019785;155 645 476;B01;80;0;0;0;21;3;203 804 263;2;2;4;2;2018.0;5;3;8;-1;4;8;2023;18:51;1;56;56121;2;1;1;7;47.7317865;-3.3634758;4;2;2;2;1;1; -1;1;0;5;50;Blessé léger;4
202300019793;155 645 461;B01;7;0;2;3;1;1;203 804 241;1;1;1;2;1975.0;1;1;8;-1;3;7;2023;13:15;1;91;91216;2;1;1;3;48.66866;2.33816;3;3;0;0;1;1;0;1;0;1;50;Indemne;0
202300019793;155 645 463;A01;1;0;2;7;19;5;203 804 244;1;1;3;1;1964.0;5;2;8;-1;3;7;2023;13:15;1;91;91216;2;1;1;3;48.66866;2.33816;3;3;0;0;1;1;0;1;0;1;50;Blessé hospitalisé;0
202300019802;155 645 445;A01;1;0;1;1;1;5;203 804 222;1;1;1;2;1999.0;0;8;0;-1;7;8;2023;16:15;1;41;41018;2;1;1;6;47.58693;1.3313;4;2;2;0;1;1; -1;1;6;1;30;Indemne;0
202300019802;155 645 445;A01;1;0;1;1;1;5;203 804 223;10;3;4;2;1954.0;0;0;-1;-1;7;8;2023;16:15;1;41;41018;2;1;1;6;47.58693;1.3313;4;2;2;0;1;1; -1;1;6;1;30;Blessé léger;0
202300019803;155 645 441;A01;1;0;2;1;1;5;203 804 217;1;1;4;1;2011.0;5;8;-1;-1;8;8;2023;16:15;1;35;35238;2;1;1;3;48.1309;-1.65936;6;-1; -1;0;2;1; -1;1;9;8;-1;Blessé léger;1
202300019803;155 645 443;B01;7;0;2;7;1;1;203 804 219;1;1;1;1;1942.0;3;1;-1;-1;8;8;2023;16:15;1;35;35238;2;1;1;3;48.1309;-1.65936;6;-1; -1;0;2;1; -1;1;9;8;-1;Indemne;1
202300019808;155 645 435;A01;7;0;2;1;16;1;203 804 210;1;1;1;1;1970.0;3;1;-1;-1;7;8;2023;17:30;1;35;35238;2;3;1;3;48.11024;-1.68552;4;2;4;2;1;1; -1;1;0;1;50;Indemne;0
202300019808;155 645 435;A01;7;0;2;1;16;1;203 804 210;1;1;1;1;1970.0;3;1;-1;-1;7;8;2023;17:30;1;35;35238;2;3;1;3;48.11024;-1.68552;4;1;1;2;1;3; -1;1;0;1;30;Indemne;0
202300019808;155 645 437;B01;1;0;2;1;2;5;203 804 212;1;1;4;1;2001.0;3;8;-1;-1;7;8;2023;17:30;1;35;35238;2;3;1;3;48.11024;-1.68552;4;2;4;2;1;1; -1;1;0;1;50;Blessé léger;0
202300019808;155 645 437;B01;1;0;2;1;2;5;203 804 212;1;1;4;1;2001.0;3;8;-1;-1;7;8;2023;17:30;1;35;35238;2;3;1;3;48.11024;-1.68552;4;1;1;2;1;3; -1;1;0;1;30;Blessé léger;0
202300019812;155 645 426;C01;7;0;2;1;23;1;203 804 199;1;1;1;2;2000.0;1;1;0;-1;8;8;2023;07:30;2;31;31555;2;1;1;6;43.565992;1.439862;4;2;3;0;1;1; -1;1;0;1;50;Indemne;1
202300019812;155 645 427;A01;7;0;2;1;15;1;203 804 200;1;1;1;2;1963.0;1;1;0;-1;8;8;2023;07:30;2;31;31555;2;1;1;6;43.565992;1.439862;4;2;3;0;1;1; -1;1;0;1;50;Indemne;1
202300019812;155 645 429;B01;1;0;2;1;1;5;203 804 202;1;1;3;1;1990.0;1;2;8;-1;8;8;2023;07:30;2;31;31555;2;1;1;6;43.565992;1.439862;4;2;3;0;1;1; -1;1;0;1;50;Blessé hospitalisé;1
202300019823;155 645 407;A01;7;0;2;3;13;1;203 804 174;1;1;1;2;2005.0;4;1;4;-1;7;8;2023;09:30;1;10;10297;2;1;1;3;48.31543;4.09791;3;2;2;1;2;1;5,5;1;0;1;50;Indemne;0
202300019823;155 645 409;B01;1;0;2;1;1;5;203 804 176;1;1;4;2;1994.0;0;0;0;-1;7;8;2023;09:30;1;10;10297;2;1;1;3;48.31543;4.09791;3;2;2;1;2;1;5,5;1;0;1;50;Blessé léger;0
202300019836;155 645 384;A01;1;0;2;1;13;5;203 804 146;1;1;4;2;2000.0;5;8;0;-1;8;8;2023;18:05;1;75;75105;2;1;1;1;48.847876;2.359454;4;2;2;1;1;1; -1;1;0;5;30;Blessé léger;1
202300019836;155 645 386;B01;80;0;2;1;1;3;203 804 148;1;1;4;2;1995.0;5;8;0;-1;8;8;2023;18:05;1;75;75105;2;1;1;1;48.847876;2.359454;4;2;2;1;1;1; -1;1;0;5;30;Blessé léger;1
202300019838;155 645 381;A01;10;0;2;8;22;1;203 804 142;1;1;1;1;1989.0;4;1;0;-1;8;8;2023;11:40;1;75;75120;2;1;1;3;48.86046;2.40061;4;3;2;0;2;1; -1;1;0;1;30;Indemne;1
202300019838;155 645 382;B01;1;0;2;1;1;5;203 804 143;1;1;4;2;1985.0;9;2;0;-1;8;8;2023;11:40;1;75;75120;2;1;1;3;48.86046;2.40061;4;3;2;0;2;1; -1;1;0;1;30;Blessé léger;1
202300019846;155 645 368;A01;1;0;2;1;7;5;203 804 126;1;1;4;1;2003.0;4;8;0;-1;8;8;2023;10:30;1;75;75116;2;3;1;2;48.84151;2.266541;4;2;3;3;2;1; -1;1;-1;6;50;Blessé léger;1
202300019846;155 645 368;A01;1;0;2;1;7;5;203 804 126;1;1;4;1;2003.0;4;8;0;-1;8;8;2023;10:30;1;75;75116;2;3;1;2;48.84151;2.266541;4;2; -1;-1;1;1; -1;1;-1;6;-1;Blessé léger;1
202300019846;155 645 369;B01;10;0;2;4;23;3;203 804 127;1;1;1;1;1975.0;4;1;0;-1;8;8;2023;10:30;1;75;75116;2;3;1;2;48.84151;2.266541;4;2;3;3;2;1; -1;1;-1;6;50;Indemne;1
202300019846;155 645 369;B01;10;0;2;4;23;3;203 804 127;1;1;1;1;1975.0;4;1;0;-1;8;8;2023;10:30;1;75;75116;2;3;1;2;48.84151;2.266541;4;2; -1;-1;1;1; -1;1;-1;6;-1;Indemne;1
202300019849;155 645 364;A01;80;0;2;7;1;3;203 804 121;1;1;4;1;1999.0;5;2;5;-1;8;8;2023;21:30;4;75;75113;2;3;1;3;48.837227;2.372886;4;1;1;0;1;1; -1;1;-1;5;30;Blessé léger;1
202300019849;155 645 364;A01;80;0;2;7;1;3;203 804 121;1;1;4;1;1999.0;5;2;5;-1;8;8;2023;21:30;4;75;75113;2;3;1;3;48.837227;2.372886;4;1; -1;-1;1;1; -1;1;-1;5;-1;Blessé léger;1
202300019849;155 645 366;B01;2;0;2;2;16;1;203 804 123;1;1;1;1;1979.0;1;2;0;-1;8;8;2023;21:30;4;75;75113;2;3;1;3;48.837227;2.372886;4;1;1;0;1;1; -1;1;-1;5;30;Indemne;1
202300019849;155 645 366;B01;2;0;2;2;16;1;203 804 123;1;1;1;1;1979.0;1;2;0;-1;8;8;2023;21:30;4;75;75113;2;3;1;3;48.837227;2.372886;4;1; -1;-1;1;1; -1;1;-1;5;-1;Indemne;1
202300019852;155 645 355;B01;1;0;2;1;1;5;203 804 112;1;1;4;1;1989.0;1;8;8;-1;8;8;2023;17:00;1;75;75101;2;3;1;3;48.855299;2.345877;4;2;2;3;1;1; -1;1;8;5;30;Blessé léger;1
202300019852;155 645 355;B01;1;0;2;1;1;5;203 804 112;1;1;4;1;1989.0;1;8;8;-1;8;8;2023;17:00;1;75;75101;2;3;1;3;48.855299;2.345877;4;1;1;3;1;1; -1;1;8;5;30;Blessé léger;1
202300019852;155 645 356;A01;10;0;2;3;9;1;203 804 113;1;1;1;1;2001.0;4;8;0;-1;8;8;2023;17:00;1;75;75101;2;3;1;3;48.855299;2.345877;4;2;2;3;1;1; -1;1;8;5;30;Indemne;1
202300019852;155 645 356;A01;10;0;2;3;9;1;203 804 113;1;1;1;1;2001.0;4;8;0;-1;8;8;2023;17:00;1;75;75101;2;3;1;3;48.855299;2.345877;4;1;1;3;1;1; -1;1;8;5;30;Indemne;1
202300019855;155 645 348;B01;10;0;2;3;1;1;203 804 105;1;1;1;1;1966.0;4;1;-1;-1;3;7;2023;11:35;1;35;35238;2;2;1;3;48.11419;-1.69424;4;2;2;0;2;1; -1;1;0;1;30;Indemne;0
202300019855;155 645 348;B01;10;0;2;3;1;1;203 804 105;1;1;1;1;1966.0;4;1;-1;-1;3;7;2023;11:35;1;35;35238;2;2;1;3;48.11419;-1.69424;4;2;2;0;2;3; -1;1;0;1;30;Indemne;0
202300019855;155 645 350;A01;1;0;2;1;1;5;203 804 107;1;1;4;1;1992.0;0;8;-1;-1;3;7;2023;11:35;1;35;35238;2;2;1;3;48.11419;-1.69424;4;2;2;0;2;1; -1;1;0;1;30;Blessé léger;0
202300019855;155 645 350;A01;1;0;2;1;1;5;203 804 107;1;1;4;1;1992.0;0;8;-1;-1;3;7;2023;11:35;1;35;35238;2;2;1;3;48.11419;-1.69424;4;2;2;0;2;3; -1;1;0;1;30;Blessé léger;0
202300019858;155 645 344;A01;7;0;2;1;21;1;203 804 100;2;2;1;1;2004.0;0;1;0;-1;2;7;2023;18:09;1;34;34172;2;2;1;3;43.63742;3.82234;4;1;2;0;1;1; -1;1;5;1;50;Indemne;6
202300019858;155 645 344;A01;7;0;2;1;21;1;203 804 100;2;2;1;1;2004.0;0;1;0;-1;2;7;2023;18:09;1;34;34172;2;2;1;3;43.63742;3.82234;4;3; -1;-1;1;1; -1;1;5;1;-1;Indemne;6
202300019858;155 645 344;A01;7;0;2;1;21;1;203 804 101;1;1;4;1;2002.0;5;1;0;-1;2;7;2023;18:09;1;34;34172;2;2;1;3;43.63742;3.82234;4;1;2;0;1;1; -1;1;5;1;50;Blessé léger;6
202300019858;155 645 344;A01;7;0;2;1;21;1;203 804 101;1;1;4;1;2002.0;5;1;0;-1;2;7;2023;18:09;1;34;34172;2;2;1;3;43.63742;3.82234;4;3; -1;-1;1;1; -1;1;5;1;-1;Blessé léger;6
202300019858;155 645 345;B01;1;0;2;7;1;5;203 804 102;1;1;3;2;1982.0;0;2;0;-1;2;7;2023;18:09;1;34;34172;2;2;1;3;43.63742;3.82234;4;1;2;0;1;1; -1;1;5;1;50;Blessé hospitalisé;6
202300019858;155 645 345;B01;1;0;2;7;1;5;203 804 102;1;1;3;2;1982.0;0;2;0;-1;2;7;2023;18:09;1;34;34172;2;2;1;3;43.63742;3.82234;4;3; -1;-1;1;1; -1;1;5;1;-1;Blessé hospitalisé;6
202300019864;155 645 334;A01;7;0;2;3;21;1;203 804 087;1;1;1;1;1993.0;5;1;0;-1;8;8;2023;17:10;1;94;94002;2;1;1;1;48.81221;2.41272;4;1;1;1;1;1; -1;1;0;1;50;Indemne;1
202300019864;155 645 335;B01;1;0;2;1;1;5;203 804 088;1;1;4;1;1968.0;5;2;0;-1;8;8;2023;17:10;1;94;94002;2;1;1;1;48.81221;2.41272;4;1;1;1;1;1; -1;1;0;1;50;Blessé léger;1
202300019891;155 645 281;A01;10;0;2;8;22;1;203 804 019;2;2;1;1;2000.0;4;8;0;-1;30;5;2023;17:20;1;75;75107;2;2;1;3;48.860973;2.301195;4;1;5;0;1;1; -1;1;0;1;30;Indemne;1
202300019891;155 645 281;A01;10;0;2;8;22;1;203 804 019;2;2;1;1;2000.0;4;8;0;-1;30;5;2023;17:20;1;75;75107;2;2;1;3;48.860973;2.301195;4;1;1;0;1;1; -1;1;0;1;30;Indemne;1
202300019891;155 645 281;A01;10;0;2;8;22;1;203 804 021;1;1;4;1;1994.0;4;8;0;-1;30;5;2023;17:20;1;75;75107;2;2;1;3;48.860973;2.301195;4;1;5;0;1;1; -1;1;0;1;30;Blessé léger;1
202300019891;155 645 281;A01;10;0;2;8;22;1;203 804 021;1;1;4;1;1994.0;4;8;0;-1;30;5;2023;17:20;1;75;75107;2;2;1;3;48.860973;2.301195;4;1;1;0;1;1; -1;1;0;1;30;Blessé léger;1
202300019891;155 645 282;B01;80;1;0;1;1;3;203 804 022;1;1;4;1;1992.0;9;8;0;-1;30;5;2023;17:20;1;75;75107;2;2;1;3;48.860973;2.301195;4;1;5;0;1;1; -1;1;0;1;30;Blessé léger;1
202300019891;155 645 282;B01;80;1;0;1;1;3;203 804 022;1;1;4;1;1992.0;9;8;0;-1;30;5;2023;17:20;1;75;75107;2;2;1;3;48.860973;2.301195;4;1;1;0;1;1; -1;1;0;1;30;Blessé léger;1
202300019894;155 645 276;A01;1;0;1;1;5;5;203 804 013;1;1;1;1;2011.0;5;8;0;-1;3;7;2023;11:00;1;75;75114;2;3;1;6;48.832636;2.315674;4;-1; -1;0;1;1; -1;1;0;1;30;Indemne;0
202300019894;155 645 276;A01;1;0;1;1;5;5;203 804 013;1;1;1;1;2011.0;5;8;0;-1;3;7;2023;11:00;1;75;75114;2;3;1;6;48.832636;2.315674;4;1;1;0;1;1; -1;1;0;1;30;Indemne;0
202300019894;155 645 276;A01;1;0;1;1;5;5;203 804 015;10;3;4;2;1945.0;5;0;-1;-1;3;7;2023;11:00;1;75;75114;2;3;1;6;48.832636;2.315674;4;-1; -1;0;1;1; -1;1;0;1;30;Blessé léger;0
202300019894;155 645 276;A01;1;0;1;1;5;5;203 804 015;10;3;4;2;1945.0;5;0;-1;-1;3;7;2023;11:00;1;75;75114;2;3;1;6;48.832636;2.315674;4;1;1;0;1;1; -1;1;0;1;30;Blessé léger;0
202300019897;155 645 272;A01;14;0;0;0;23;6;203 804 008;1;1;1;1;1963.0;4;1;8;-1;3;7;2023;08:10;1;75;75114;2;3;1;6;48.820457;2.342827;4;-1; -1;0;1;1; -1;1;0;1;30;Indemne;0
202300019897;155 645 272;A01;14;0;0;0;23;6;203 804 008;1;1;1;1;1963.0;4;1;8;-1;3;7;2023;08:10;1;75;75114;2;3;1;6;48.820457;2.342827;4;2;2;3;2;1; -1;1;0;1;30;Indemne;0
202300019897;155 645 273;B01;1;0;0;0;17;5;203 804 011;1;1;4;1;1980.0;9;8;8;-1;3;7;2023;08:10;1;75;75114;2;3;1;6;48.820457;2.342827;4;-1; -1;0;1;1; -1;1;0;1;30;Blessé léger;0
202300019897;155 645 273;B01;1;0;0;0;17;5;203 804 011;1;1;4;1;1980.0;9;8;8;-1;3;7;2023;08:10;1;75;75114;2;3;1;6;48.820457;2.342827;4;2;2;3;2;1; -1;1;0;1;30;Blessé léger;0
202300019904;155 645 262;B01;80;0;2;1;1;3;203 803 998;1;1;3;1;1995.0;9;8;0;-1;30;5;2023;10:10;1;75;75119;2;3;1;3;48.883246;2.381108;4;2;2;1;2;1; -1;1;0;5;30;Blessé hospitalisé;1
202300019904;155 645 262;B01;80;0;2;1;1;3;203 803 998;1;1;3;1;1995.0;9;8;0;-1;30;5;2023;10:10;1;75;75119;2;3;1;3;48.883246;2.381108;4;-1; -1;0;1;1; -1;1;0;1;30;Blessé hospitalisé;1
202300019904;155 645 263;A01;10;0;2;5;14;1;203 803 999;1;1;1;1;1968.0;9;1;0;-1;30;5;2023;10:10;1;75;75119;2;3;1;3;48.883246;2.381108;4;2;2;1;2;1; -1;1;0;5;30;Indemne;1
202300019904;155 645 263;A01;10;0;2;5;14;1;203 803 999;1;1;1;1;1968.0;9;1;0;-1;30;5;2023;10:10;1;75;75119;2;3;1;3;48.883246;2.381108;4;-1; -1;0;1;1; -1;1;0;1;30;Indemne;1
202300019913;155 645 241;A01;10;0;9;2;22;1;203 803 970;2;2;1;1;2000.0;0;0;-1;-1;4;7;2023;18:00;1;68;68145;2;1;1;6;48.080237;7.401298;3;2;2;2;1;2;5,5;1;0;5;50;Indemne;1
202300019913;155 645 241;A01;10;0;9;2;22;1;203 803 972;1;1;1;1;1979.0;0;0;-1;-1;4;7;2023;18:00;1;68;68145;2;1;1;6;48.080237;7.401298;3;2;2;2;1;2;5,5;1;0;5;50;Indemne;1
202300019913;155 645 245;B01;1;0;2;1;26;5;203 803 976;1;1;4;1;1949.0;5;2;-1;-1;4;7;2023;18:00;1;68;68145;2;1;1;6;48.080237;7.401298;3;2;2;2;1;2;5,5;1;0;5;50;Blessé léger;1
202300019921;155 645 231;B01;1;0;2;6;1;5;203 803 960;1;1;4;1;1972.0;4;2;0;-1;30;5;2023;08:50;1;75;75108;2;2;1;3;48.88164;2.318833;4;2;2;0;1;1; -1;1;0;1;30;Blessé léger;1
202300019921;155 645 231;B01;1;0;2;6;1;5;203 803 960;1;1;4;1;1972.0;4;2;0;-1;30;5;2023;08:50;1;75;75108;2;2;1;3;48.88164;2.318833;4;-1; -1;0;1;1; -1;1;0;1;30;Blessé léger;1
202300019921;155 645 235;A01;7;0;2;1;15;1;203 803 961;1;1;1;1;1957.0;5;1;0;-1;30;5;2023;08:50;1;75;75108;2;2;1;3;48.88164;2.318833;4;2;2;0;1;1; -1;1;0;1;30;Indemne;1
202300019921;155 645 235;A01;7;0;2;1;15;1;203 803 961;1;1;1;1;1957.0;5;1;0;-1;30;5;2023;08:50;1;75;75108;2;2;1;3;48.88164;2.318833;4;-1; -1;0;1;1; -1;1;0;1;30;Indemne;1
202300019922;155 645 228;A01;1;0;0;1;1;5;203 803 955;1;1;4;1;1991.0;5;2;0;-1;3;7;2023;08:39;1;92;92014;2;1;1;7;48.7819;2.31639;3;1;2;2;1;1;5,5;1;0;5;50;Blessé léger;0
202300019937;155 645 207;A01;1;0;1;3;1;5;203 803 925;1;1;4;2;1996.0;9;8;0;-1;30;5;2023;09:20;1;75;75114;2;3;1;6;48.823512;2.335696;4;-1; -1;1;1;1; -1;1;0;5;30;Blessé léger;1
202300019937;155 645 207;A01;1;0;1;3;1;5;203 803 925;1;1;4;2;1996.0;9;8;0;-1;30;5;2023;09:20;1;75;75114;2;3;1;6;48.823512;2.335696;4;1;3;1;2;1; -1;1;0;5;30;Blessé léger;1
202300019937;155 645 207;A01;1;0;1;3;1;5;203 803 928;10;3;4;2;1959.0;5;0;-1;-1;30;5;2023;09:20;1;75;75114;2;3;1;6;48.823512;2.335696;4;-1; -1;1;1;1; -1;1;0;5;30;Blessé léger;1
202300019937;155 645 207;A01;1;0;1;3;1;5;203 803 928;10;3;4;2;1959.0;5;0;-1;-1;30;5;2023;09:20;1;75;75114;2;3;1;6;48.823512;2.335696;4;1;3;1;2;1; -1;1;0;5;30;Blessé léger;1
202300019939;155 645 203;A01;1;0;1;1;7;5;203 803 920;1;1;4;1;1995.0;5;8;0;-1;29;5;2023;17:00;1;75;75114;2;4;1;6;48.828791;2.327753;4;2;6;0;1;1; -1;1;0;6;50;Blessé léger;0
202300019939;155 645 203;A01;1;0;1;1;7;5;203 803 920;1;1;4;1;1995.0;5;8;0;-1;29;5;2023;17:00;1;75;75114;2;4;1;6;48.828791;2.327753;4;1;1;1;1;1; -1;1;0;6;50;Blessé léger;0
202300019939;155 645 203;A01;1;0;1;1;7;5;203 803 922;10;3;4;2;1950.0;5;0;-1;-1;29;5;2023;17:00;1;75;75114;2;4;1;6;48.828791;2.327753;4;2;6;0;1;1; -1;1;0;6;50;Blessé léger;0
202300019939;155 645 203;A01;1;0;1;1;7;5;203 803 922;10;3;4;2;1950.0;5;0;-1;-1;29;5;2023;17:00;1;75;75114;2;4;1;6;48.828791;2.327753;4;1;1;1;1;1; -1;1;0;6;50;Blessé léger;0
202300019942;155 645 198;A01;1;0;2;1;1;5;203 803 915;1;1;1;1;2008.0;5;8;0;-1;30;5;2023;19:40;1;75;75111;2;3;1;3;48.864186;2.380237;4;2;2;1;1;1; -1;1;0;5;30;Indemne;1
202300019942;155 645 198;A01;1;0;2;1;1;5;203 803 915;1;1;1;1;2008.0;5;8;0;-1;30;5;2023;19:40;1;75;75111;2;3;1;3;48.864186;2.380237;4;-1; -1;0;1;1; -1;1;0;1;30;Indemne;1
202300019942;155 645 201;B01;1;0;0;0;18;5;203 803 918;1;1;4;1;1982.0;9;8;0;-1;30;5;2023;19:40;1;75;75111;2;3;1;3;48.864186;2.380237;4;2;2;1;1;1; -1;1;0;5;30;Blessé léger;1
202300019942;155 645 201;B01;1;0;0;0;18;5;203 803 918;1;1;4;1;1982.0;9;8;0;-1;30;5;2023;19:40;1;75;75111;2;3;1;3;48.864186;2.380237;4;-1; -1;0;1;1; -1;1;0;1;30;Blessé léger;1
202300019945;155 645 194;A01;1;0;0;1;21;5;203 803 911;1;1;4;1;2004.0;1;8;0;-1;30;5;2023;10:10;1;75;75110;2;2;1;7;48.869858;2.360729;4;-1; -1;0;1;1; -1;1;0;1;30;Blessé léger;1
202300019945;155 645 194;A01;1;0;0;1;21;5;203 803 911;1;1;4;1;2004.0;1;8;0;-1;30;5;2023;10:10;1;75;75110;2;2;1;7;48.869858;2.360729;4;2;2;1;1;1; -1;1;0;5;30;Blessé léger;1
202300019948;155 645 189;A01;1;8;0;1;21;5;203 803 905;1;1;4;1;1973.0;1;8;0;-1;17;11;2023;09:30;1;75;75115;2;2;2;6;48.84500301;2.31069088;4;1;1;1;1;1; -1;2;0;1;50;Blessé léger;4
202300019948;155 645 189;A01;1;8;0;1;21;5;203 803 905;1;1;4;1;1973.0;1;8;0;-1;17;11;2023;09:30;1;75;75115;2;2;2;6;48.84500301;2.31069088;4;1; -1;-1;1;1; -1;2;0;1;-1;Blessé léger;4
202300019953;155 645 180;A01;7;0;2;3;15;1;203 803 893;1;1;1;2;2002.0;1;1;0;-1;16;11;2023;11:50;1;75;75115;2;3;3;3;48.838751;2.299252;4;2;4;1;1;1; -1;2;0;1;30;Indemne;3
202300019953;155 645 180;A01;7;0;2;3;15;1;203 803 893;1;1;1;2;2002.0;1;1;0;-1;16;11;2023;11:50;1;75;75115;2;3;3;3;48.838751;2.299252;4;2;2;0;1;1; -1;2;0;1;30;Indemne;3
202300019953;155 645 182;B01;1;0;2;7;1;5;203 803 896;1;1;4;1;1984.0;1;8;0;-1;16;11;2023;11:50;1;75;75115;2;3;3;3;48.838751;2.299252;4;2;4;1;1;1; -1;2;0;1;30;Blessé léger;3
202300019953;155 645 182;B01;1;0;2;7;1;5;203 803 896;1;1;4;1;1984.0;1;8;0;-1;16;11;2023;11:50;1;75;75115;2;3;3;3;48.838751;2.299252;4;2;2;0;1;1; -1;2;0;1;30;Blessé léger;3
202300019959;155 645 170;B01;7;0;2;1;1;2;203 803 878;1;1;1;1;2002.0;5;1;0;-1;17;11;2023;01:45;5;75;75107;2;2;2;3;48.862412;2.301601;4;3;7;3;1;1; -1;2;0;1;30;Indemne;4
202300019959;155 645 170;B01;7;0;2;1;1;2;203 803 878;1;1;1;1;2002.0;5;1;0;-1;17;11;2023;01:45;5;75;75107;2;2;2;3;48.862412;2.301601;4;3;5;1;1;1; -1;2;0;1;30;Indemne;4
202300019959;155 645 172;A01;1;0;2;7;1;5;203 803 880;1;1;4;1;1972.0;9;2;8;-1;17;11;2023;01:45;5;75;75107;2;2;2;3;48.862412;2.301601;4;3;7;3;1;1; -1;2;0;1;30;Blessé léger;4
202300019959;155 645 172;A01;1;0;2;7;1;5;203 803 880;1;1;4;1;1972.0;9;2;8;-1;17;11;2023;01:45;5;75;75107;2;2;2;3;48.862412;2.301601;4;3;5;1;1;1; -1;2;0;1;30;Blessé léger;4
202300019966;155 645 156;A01;7;0;2;2;22;3;203 803 859;1;1;1;1;1964.0;1;1;0;-1;17;11;2023;18:10;3;75;75111;2;1;8;3;48.866542;2.37303;4;1;1;0;1;1; -1;2;0;1;30;Indemne;4