Num_Acc;id_vehicule;num_veh;catv;obs;obsm;choc;manv;motor;id_usager;place;catu;grav;sexe;an_nais;trajet;secu1;secu2;secu3;jour;mois;an;hrmn;lum;dep;com;agg;int;atm;col;lat;long;catr;circ;nbv;vosp;prof;plan;larrout;surf;infra;situ;vma;gravity;day_of_week
202300019966;155 645 159;B01;1;0;2;2;1;5;203 803 863;1;1;4;1;1998.0;9;8;0;-1;17;11;2023;18:10;3;75;75111;2;1;8;3;48.866542;2.37303;4;1;1;0;1;1; -1;2;0;1;30;Blessé léger;4
202300019973;155 645 145;A01;1;0;1;1;1;5;203 803 843;10;3;4;2;1966.0;5;0;-1;-1;17;11;2023;18:50;5;75;75108;2;5;1;6;48.87965;2.327021;4;1;1;0;2;1; -1;1;9;1;30;Blessé léger;4
202300019973;155 645 145;A01;1;0;1;1;1;5;203 803 843;10;3;4;2;1966.0;5;0;-1;-1;17;11;2023;18:50;5;75;75108;2;5;1;6;48.87965;2.327021;4;-1;1;3;1;1; -1;1;0;1;30;Blessé léger;4
202300019973;155 645 145;A01;1;0;1;1;1;5;203 803 845;1;1;4;1;1965.0;9;8;0;-1;17;11;2023;18:50;5;75;75108;2;5;1;6;48.87965;2.327021;4;1;1;0;2;1; -1;1;9;1;30;Blessé léger;4
202300019973;155 645 145;A01;1;0;1;1;1;5;203 803 845;1;1;4;1;1965.0;9;8;0;-1;17;11;2023;18:50;5;75;75108;2;5;1;6;48.87965;2.327021;4;-1;1;3;1;1; -1;1;0;1;30;Blessé léger;4
202300019982;155 645 130;A01;1;0;0;1;21;5;203 803 821;1;1;4;1;1983.0;5;2;0;-1;17;11;2023;12:55;1;75;75107;2;2;3;7;48.860649;2.295461;4;2; -1;-1;1;1; -1;2;0;5;-1;Blessé léger;4
202300019982;155 645 130;A01;1;0;0;1;21;5;203 803 821;1;1;4;1;1983.0;5;2;0;-1;17;11;2023;12:55;1;75;75107;2;2;3;7;48.860649;2.295461;4;2; -1;1;1;1; -1;2;0;5;30;Blessé léger;4
202300019983;155 645 127;A01;7;0;2;2;17;1;203 803 818;1;1;1;1;2001.0;3;1;-1;-1;9;8;2023;14:15;1;15;15028;1;1;1;3;44.89589;2.551317;3;2;2;0;1;1;7;1;0;1;90;Indemne;2
202300019983;155 645 129;B01;1;0;2;8;1;5;203 803 820;1;1;4;1;1947.0;5;2;6;-1;9;8;2023;14:15;1;15;15028;1;1;1;3;44.89589;2.551317;3;2;2;0;1;1;7;1;0;1;90;Blessé léger;2
202300019995;155 645 102;A01;7;0;2;3;17;1;203 803 785;1;1;1;1;2006.0;5;1;8;-1;26;5;2023;20:15;1;92;92036;2;2;1;1;48.92193546;2.29985207;4;2;2;0;1;1; -1;1;0;1;50;Indemne;4
202300019995;155 645 104;B01;1;0;2;1;1;5;203 803 787;1;1;4;1;1990.0;0;2;0;-1;26;5;2023;20:15;1;92;92036;2;2;1;1;48.92193546;2.29985207;4;2;2;0;1;1; -1;1;0;1;50;Blessé léger;4
202300019999;155 645 098;A01;1;0;1;1;1;5;203 803 779;10;3;4;1;1981.0;0;0;-1;-1;30;5;2023;19:08;1;92;92035;2;1;1;1;48.91114814;2.25463539;3;2;2;1;1;1;7;1;0;1;50;Blessé léger;1
202300019999;155 645 098;A01;1;0;1;1;1;5;203 803 780;1;1;1;1;1998.0;4;8;0;-1;30;5;2023;19:08;1;92;92035;2;1;1;1;48.91114814;2.25463539;3;2;2;1;1;1;7;1;0;1;50;Indemne;1
202300020001;155 645 093;B01;1;0;2;1;19;5;203 803 774;1;1;4;2;1980.0;1;8;8;-1;17;11;2023;10:20;1;94;94076;2;9;2;3;48.8011;2.36521;3;1;5;1;2;3;15;2;0;1;50;Blessé léger;4
202300020001;155 645 093;B01;1;0;2;1;19;5;203 803 774;1;1;4;2;1980.0;1;8;8;-1;17;11;2023;10:20;1;94;94076;2;9;2;3;48.8011;2.36521;3;1;5;0;2;3;15;2;0;1;50;Blessé léger;4
202300020001;155 645 096;A01;10;0;2;7;16;1;203 803 777;1;1;1;1;1973.0;4;1;0;-1;17;11;2023;10:20;1;94;94076;2;9;2;3;48.8011;2.36521;3;1;5;1;2;3;15;2;0;1;50;Indemne;4
202300020001;155 645 096;A01;10;0;2;7;16;1;203 803 777;1;1;1;1;1973.0;4;1;0;-1;17;11;2023;10:20;1;94;94076;2;9;2;3;48.8011;2.36521;3;1;5;0;2;3;15;2;0;1;50;Indemne;4
202300020003;155 645 090;A01;1;0;2;3;9;5;203 803 769;1;1;3;2;1943.0;5;2;-1;-1;28;7;2023;11:40;1;40;40273;2;1;1;3;43.497893;-1.381318;3;2;2;2;1;1;4;1;0;1;50;Blessé hospitalisé;4
202300020003;155 645 091;B01;7;0;2;2;1;1;203 803 770;1;1;1;1;1959.0;5;1;-1;-1;28;7;2023;11:40;1;40;40273;2;1;1;3;43.497893;-1.381318;3;2;2;2;1;1;4;1;0;1;50;Indemne;4
202300020014;155 645 075;A01;33;0;2;1;3;1;203 803 748;1;1;4;1;1974.0;1;2;6;-1;30;5;2023;08:15;1;92;92012;2;1;1;2;48.82618;2.25122;3;3;4;1;1;2; -1;1;0;1;50;Blessé léger;1
202300020014;155 645 076;B01;1;0;2;4;12;5;203 803 750;1;1;4;2;1984.0;1;2;0;-1;30;5;2023;08:15;1;92;92012;2;1;1;2;48.82618;2.25122;3;3;4;1;1;2; -1;1;0;1;50;Blessé léger;1
202300020024;155 645 055;B01;1;0;2;1;1;5;203 803 722;1;1;4;1;1957.0;5;2;-1;-1;31;5;2023;14:45;1;60;60406;2;3;1;3;49.316027;2.547594;3;2;2;0;1;1;5;1;9;1;30;Blessé léger;2
202300020024;155 645 055;B01;1;0;2;1;1;5;203 803 722;1;1;4;1;1957.0;5;2;-1;-1;31;5;2023;14:45;1;60;60406;2;3;1;3;49.316027;2.547594;3;2; -1;-1;1;1; -1;1;0;1;-1;Blessé léger;2
202300020024;155 645 058;A01;7;0;9;1;9;1;203 803 724;1;1;1;1;1995.0;0;1;-1;-1;31;5;2023;14:45;1;60;60406;2;3;1;3;49.316027;2.547594;3;2;2;0;1;1;5;1;9;1;30;Indemne;2
202300020024;155 645 058;A01;7;0;9;1;9;1;203 803 724;1;1;1;1;1995.0;0;1;-1;-1;31;5;2023;14:45;1;60;60406;2;3;1;3;49.316027;2.547594;3;2; -1;-1;1;1; -1;1;0;1;-1;Indemne;2
202300020033;155 645 035;B01;1;0;0;4;11;5;203 803 699;1;1;4;1;1966.0;5;2;-1;-1;8;8;2023;18:40;1;95;95351;1;6;1;2;49.028808;2.500033;3;3;4;0;1;2; -1;1;0;1;50;Blessé léger;1
202300020033;155 645 037;A01;7;0;2;2;9;1;203 803 701;1;1;1;1;1971.0;5;1;-1;-1;8;8;2023;18:40;1;95;95351;1;6;1;2;49.028808;2.500033;3;3;4;0;1;2; -1;1;0;1;50;Indemne;1
202300020053;155 644 998;A01;15;0;2;2;2;0;203 803 653;1;1;1;1;1971.0;4;1;-1;-1;8;8;2023;17:18;1;40;40244;1;1;1;6;43.696218;-1.158025;3;2;2;0;1;2;4;1;0;1;80;Indemne;1
202300020053;155 645 000;B01;1;0;2;3;2;5;203 803 655;1;1;3;1;1956.0;5;0;-1;-1;8;8;2023;17:18;1;40;40244;1;1;1;6;43.696218;-1.158025;3;2;2;0;1;2;4;1;0;1;80;Blessé hospitalisé;1
202300020063;155 644 980;B01;1;0;2;8;16;5;203 803 628;1;1;4;2;1972.0;1;2;0;-1;17;11;2023;08:10;1;92;92063;2;6;1;1;48.86204653;2.19621509;4;2;2;0;1;2; -1;1;0;1;50;Blessé léger;4
202300020063;155 644 980;B01;1;0;2;8;16;5;203 803 628;1;1;4;2;1972.0;1;2;0;-1;17;11;2023;08:10;1;92;92063;2;6;1;1;48.86204653;2.19621509;4;2;2;0;1;1; -1;1;0;1;50;Blessé léger;4
202300020063;155 644 981;A01;7;0;0;0;0;3;203 803 629;1;1;1;1;1977.0;2;1;0;-1;17;11;2023;08:10;1;92;92063;2;6;1;1;48.86204653;2.19621509;4;2;2;0;1;2; -1;1;0;1;50;Indemne;4
202300020063;155 644 981;A01;7;0;0;0;0;3;203 803 629;1;1;1;1;1977.0;2;1;0;-1;17;11;2023;08:10;1;92;92063;2;6;1;1;48.86204653;2.19621509;4;2;2;0;1;1; -1;1;0;1;50;Indemne;4
202300020064;155 644 977;A01;7;0;9;2;1;1;203 803 625;1;1;1;1;1968.0;1;1;-1;-1;31;5;2023;13:00;1;63;63178;2;1;1;2;45.543407;3.243035;9;2;2;0;1;1; -1;1;0;1;-1;Indemne;2
202300020064;155 644 979;B01;1;0;2;4;1;5;203 803 627;1;1;3;1;1953.0;5;2;-1;-1;31;5;2023;13:00;1;63;63178;2;1;1;2;45.543407;3.243035;9;2;2;0;1;1; -1;1;0;1;-1;Blessé hospitalisé;2
202300020105;155 644 899;B01;7;0;9;1;1;1;203 803 498;7;2;1;1;2008.0;5;1;-1;-1;18;11;2023;11:55;1;21;21339;1;1;1;1;47.3378356;4.85839021;3;2;2;0;2;2;4;2;0;1;80;Indemne;5
202300020105;155 644 899;B01;7;0;9;1;1;1;203 803 499;2;2;4;1;2008.0;5;1;-1;-1;18;11;2023;11:55;1;21;21339;1;1;1;1;47.3378356;4.85839021;3;2;2;0;2;2;4;2;0;1;80;Blessé léger;5
202300020105;155 644 899;B01;7;0;9;1;1;1;203 803 501;9;2;1;2;2005.0;5;1;-1;-1;18;11;2023;11:55;1;21;21339;1;1;1;1;47.3378356;4.85839021;3;2;2;0;2;2;4;2;0;1;80;Indemne;5
202300020105;155 644 899;B01;7;0;9;1;1;1;203 803 503;1;1;1;1;2004.0;5;1;-1;-1;18;11;2023;11:55;1;21;21339;1;1;1;1;47.3378356;4.85839021;3;2;2;0;2;2;4;2;0;1;80;Indemne;5
202300020105;155 644 902;A01;1;0;2;1;1;5;203 803 508;1;1;3;1;1974.0;5;2;6;-1;18;11;2023;11:55;1;21;21339;1;1;1;1;47.3378356;4.85839021;3;2;2;0;2;2;4;2;0;1;80;Blessé hospitalisé;5
202300020160;155 644 806;A01;1;0;2;8;15;5;203 803 364;1;1;4;1;1970.0;9;0;-1;-1;17;11;2023;18:15;5;64;64386;2;2;1;3;43.189271;-0.250379;3;2;2;0;1;1; -1;1;0;1;50;Blessé léger;4
202300020160;155 644 806;A01;1;0;2;8;15;5;203 803 364;1;1;4;1;1970.0;9;0;-1;-1;17;11;2023;18:15;5;64;64386;2;2;1;3;43.189271;-0.250379;3;2; -1;-1;1;1; -1;1;0;1;-1;Blessé léger;4
202300020160;155 644 809;B01;7;0;0;2;17;0;203 803 367;1;1;1;1;1969.0;0;1;-1;-1;17;11;2023;18:15;5;64;64386;2;2;1;3;43.189271;-0.250379;3;2;2;0;1;1; -1;1;0;1;50;Indemne;4
202300020160;155 644 809;B01;7;0;0;2;17;0;203 803 367;1;1;1;1;1969.0;0;1;-1;-1;17;11;2023;18:15;5;64;64386;2;2;1;3;43.189271;-0.250379;3;2; -1;-1;1;1; -1;1;0;1;-1;Indemne;4
202300020177;155 644 776;A01;10;0;2;2;1;1;203 803 324;1;1;1;1;1968.0;1;1;8;-1;7;8;2023;07:42;1;37;37261;2;9;1;3;47.39313;0.67366;4;1;1;0;1;1; -1;1;0;1;50;Indemne;0
202300020177;155 644 778;B01;1;0;2;6;2;5;203 803 326;1;1;4;2;1966.0;1;8;0;-1;7;8;2023;07:42;1;37;37261;2;9;1;3;47.39313;0.67366;4;1;1;0;1;1; -1;1;0;1;50;Blessé léger;0
202300020196;155 644 742;A01;31;0;2;3;20;1;203 803 287;1;1;1;1;1980.0;4;2;0;-1;7;8;2023;08:48;1;75;75120;2;2;1;3;48.854365;2.396183;4;-1; -1;-1;1;1; -1;1;0;1;30;Indemne;0
202300020196;155 644 742;A01;31;0;2;3;20;1;203 803 287;1;1;1;1;1980.0;4;2;0;-1;7;8;2023;08:48;1;75;75120;2;2;1;3;48.854365;2.396183;4;1;1;2;2;1; -1;1;0;1;30;Indemne;0
202300020196;155 644 744;B01;1;0;2;1;1;5;203 803 289;1;1;4;1;1989.0;9;8;0;-1;7;8;2023;08:48;1;75;75120;2;2;1;3;48.854365;2.396183;4;-1; -1;-1;1;1; -1;1;0;1;30;Blessé léger;0
202300020196;155 644 744;B01;1;0;2;1;1;5;203 803 289;1;1;4;1;1989.0;9;8;0;-1;7;8;2023;08:48;1;75;75120;2;2;1;3;48.854365;2.396183;4;1;1;2;2;1; -1;1;0;1;30;Blessé léger;0
202300020217;155 644 705;B01;37;0;2;2;13;1;203 803 232;1;1;1;1;1991.0;4;1;0;-1;7;8;2023;18:45;1;75;75107;2;3;1;1;48.852388;2.326466;4;1;3;3;1;1; -1;1;0;6;30;Indemne;0
202300020217;155 644 705;B01;37;0;2;2;13;1;203 803 232;1;1;1;1;1991.0;4;1;0;-1;7;8;2023;18:45;1;75;75107;2;3;1;1;48.852388;2.326466;4;-1; -1;-1;1;1; -1;1;0;6;30;Indemne;0
202300020217;155 644 708;A01;1;0;2;3;13;5;203 803 235;1;1;4;1;1983.0;5;8;0;-1;7;8;2023;18:45;1;75;75107;2;3;1;1;48.852388;2.326466;4;1;3;3;1;1; -1;1;0;6;30;Blessé léger;0
202300020217;155 644 708;A01;1;0;2;3;13;5;203 803 235;1;1;4;1;1983.0;5;8;0;-1;7;8;2023;18:45;1;75;75107;2;3;1;1;48.852388;2.326466;4;-1; -1;-1;1;1; -1;1;0;6;30;Blessé léger;0
202300020224;155 644 692;B01;1;0;2;7;1;5;203 803 215;1;1;4;1;1991.0;0;2;-1;-1;18;11;2023;16:00;1;63;63284;2;6;1;3;45.812081;3.240023;3;1;1;0;1;2;5,5;1;0;1;90;Blessé léger;5
202300020224;155 644 696;A01;7;0;9;1;9;0;203 803 218;1;1;1;1;2002.0;0;1;-1;-1;18;11;2023;16:00;1;63;63284;2;6;1;3;45.812081;3.240023;3;1;1;0;1;2;5,5;1;0;1;90;Indemne;5
202300020271;155 644 597;A01;7;0;9;8;9;0;203 803 088;1;1;1;2;1957.0;5;1;-1;-1;8;8;2023;07:30;2;06;06118;1;6;1;3;43.650268;6.815976;3;2;2;0;1;1;6;1;0;1;70;Indemne;1
202300020271;155 644 600;B01;1;0;2;7;1;5;203 803 091;1;1;3;1;1963.0;5;2;6;-1;8;8;2023;07:30;2;06;06118;1;6;1;3;43.650268;6.815976;3;2;2;0;1;1;6;1;0;1;70;Blessé hospitalisé;1
202300020328;155 644 493;A01;7;0;2;3;16;1;203 802 928;1;1;1;2;1935.0;5;1;0;-1;29;5;2023;17:05;1;10;10343;2;6;1;3;48.2718;4.09084;4;-1;1;0;1;1; -1;1;0;1;50;Indemne;0
202300020328;155 644 493;A01;7;0;2;3;16;1;203 802 928;1;1;1;2;1935.0;5;1;0;-1;29;5;2023;17:05;1;10;10343;2;6;1;3;48.2718;4.09084;4;-1;2;2;1;1; -1;1;0;1;50;Indemne;0
202300020328;155 644 496;B01;1;0;2;1;1;5;203 802 932;1;1;4;1;1959.0;5;8;0;-1;29;5;2023;17:05;1;10;10343;2;6;1;3;48.2718;4.09084;4;-1;1;0;1;1; -1;1;0;1;50;Blessé léger;0
202300020328;155 644 496;B01;1;0;2;1;1;5;203 802 932;1;1;4;1;1959.0;5;8;0;-1;29;5;2023;17:05;1;10;10343;2;6;1;3;48.2718;4.09084;4;-1;2;2;1;1; -1;1;0;1;50;Blessé léger;0
202300020352;155 644 455;B01;1;1;0;1;1;5;203 802 879;1;1;4;1;1998.0;5;2;8;-1;29;5;2023;20:55;1;75;75113;2;1;1;6;48.819233;2.358215;4;2;8;1;2;1; -1;1;0;5;50;Blessé léger;0
202300020352;155 644 457;A01;7;0;2;8;22;1;203 802 881;1;1;1;1;1962.0;5;8;0;-1;29;5;2023;20:55;1;75;75113;2;1;1;6;48.819233;2.358215;4;2;8;1;2;1; -1;1;0;5;50;Indemne;0
202300020355;155 644 450;B01;1;0;2;1;1;5;203 802 873;1;1;4;1;1969.0;5;8;0;-1;29;5;2023;16:55;1;75;75112;2;1;1;3;48.83382;2.41582;4;2;2;0;1;1; -1;1;0;1;30;Blessé léger;0
202300020355;155 644 451;A01;7;0;2;3;13;1;203 802 875;1;1;1;1;1992.0;5;1;8;-1;29;5;2023;16:55;1;75;75112;2;1;1;3;48.83382;2.41582;4;2;2;0;1;1; -1;1;0;1;30;Indemne;0
202300020358;155 644 446;B01;1;0;2;2;1;5;203 802 864;1;1;4;1;1975.0;5;2;0;-1;29;5;2023;11:50;1;75;75110;2;2;1;1;48.877916;2.351624;4;3;3;0;1;1; -1;1;0;5;50;Blessé léger;0
202300020358;155 644 446;B01;1;0;2;2;1;5;203 802 864;1;1;4;1;1975.0;5;2;0;-1;29;5;2023;11:50;1;75;75110;2;2;1;1;48.877916;2.351624;4;2;0;1;1;1; -1;1;0;5;30;Blessé léger;0
202300020358;155 644 447;A01;7;0;2;1;1;1;203 802 866;1;1;1;1;1985.0;4;1;0;-1;29;5;2023;11:50;1;75;75110;2;2;1;1;48.877916;2.351624;4;3;3;0;1;1; -1;1;0;5;50;Indemne;0
202300020358;155 644 447;A01;7;0;2;1;1;1;203 802 866;1;1;1;1;1985.0;4;1;0;-1;29;5;2023;11:50;1;75;75110;2;2;1;1;48.877916;2.351624;4;2;0;1;1;1; -1;1;0;5;30;Indemne;0
202300020390;155 644 391;A01;7;0;2;2;2;0;203 802 782;1;1;1;2;1989.0;1;1;-1;-1;30;5;2023;08:15;1;76;76342;1;1;1;3;49.656867;0.545199;4;2;2;0;2;1; -1;1;0;1;80;Indemne;1
202300020390;155 644 392;B01;1;0;2;8;26;5;203 802 783;1;1;3;1;2013.0;2;2;-1;-1;30;5;2023;08:15;1;76;76342;1;1;1;3;49.656867;0.545199;4;2;2;0;2;1; -1;1;0;1;80;Blessé hospitalisé;1
202300020409;155 644 362;B01;1;0;4;0;0;5;203 802 741;1;1;3;1;1986.0;9;8;-1;-1;16;11;2023;17:55;5;69;69266;2;8;8;3;45.78354137;4.8832178;4;2;2;3;1;1; -1;1;4;6;-1;Blessé hospitalisé;3
202300020409;155 644 363;A01;40;0;2;1;26;0;203 802 742;1;1;1;1;1980.0;4;8;-1;-1;16;11;2023;17:55;5;69;69266;2;8;8;3;45.78354137;4.8832178;4;2;2;3;1;1; -1;1;4;6;-1;Indemne;3
202300020415;155 644 354;A01;1;2;0;0;1;5;203 802 727;1;1;3;1;1958.0;5;0;-1;-1;30;5;2023;15:45;1;23;23193;1;1;1;7;46.13953;1.906943;4;2;2;0;2;1; -1;1;0;1;90;Blessé hospitalisé;1
202300020422;155 644 339;A01;80;0;2;1;19;3;203 802 704;1;1;4;2;2001.0;0;8;8;-1;16;11;2023;17:20;5;67;67482;2;3;3;3;48.57502;7.73378;4;2;6;1;2;2; -1;2;5;1;50;Blessé léger;3
202300020422;155 644 339;A01;80;0;2;1;19;3;203 802 704;1;1;4;2;2001.0;0;8;8;-1;16;11;2023;17:20;5;67;67482;2;3;3;3;48.57502;7.73378;4;1;3;1;1;1; -1;2;8;1;50;Blessé léger;3
202300020422;155 644 340;B01;7;0;2;3;16;3;203 802 706;1;1;1;2;1972.0;0;1;8;-1;16;11;2023;17:20;5;67;67482;2;3;3;3;48.57502;7.73378;4;2;6;1;2;2; -1;2;5;1;50;Indemne;3
202300020422;155 644 340;B01;7;0;2;3;16;3;203 802 706;1;1;1;2;1972.0;0;1;8;-1;16;11;2023;17:20;5;67;67482;2;3;3;3;48.57502;7.73378;4;1;3;1;1;1; -1;2;8;1;50;Indemne;3
202300020424;155 644 333;B01;1;0;2;4;2;5;203 802 696;1;1;3;1;1949.0;5;0;-1;-1;30;5;2023;07:45;1;84;84134;1;1;1;2;44.181207;4.887163;3;2;2;0;1;2;4;1;0;1;80;Blessé hospitalisé;1
202300020424;155 644 334;A01;10;0;2;2;2;1;203 802 697;1;1;1;1;1974.0;4;1;-1;-1;30;5;2023;07:45;1;84;84134;1;1;1;2;44.181207;4.887163;3;2;2;0;1;2;4;1;0;1;80;Indemne;1
202300020431;155 644 322;B01;1;0;2;1;1;5;203 802 683;1;1;3;1;1966.0;5;2;6;-1;28;5;2023;10:10;1;56;56168;1;1;7;2;47.589487;-3.132999;9;2;2;1;1;1; -1;1;-1;5;-1;Blessé hospitalisé;6
202300020431;155 644 324;A01;1;14;2;1;1;5;203 802 685;1;1;1;1;1981.0;5;2;6;-1;28;5;2023;10:10;1;56;56168;1;1;7;2;47.589487;-3.132999;9;2;2;1;1;1; -1;1;-1;5;-1;Indemne;6
202300020442;155 644 306;A01;80;0;0;1;1;3;203 802 660;1;1;2;2;1960.0;5;0;-1;-1;27;5;2023;10:00;1;65;65343;1;1;1;7;43.068449;-0.06875;3;2;2;0;2;1;4;1;0;1;80;Tué;5
202300020463;155 644 267;A01;7;0;2;2;1;1;203 802 609;1;1;1;2;1942.0;5;1;0;-1;15;11;2023;10:20;1;49;49007;2;1;1;2;47.48194;-0.57722;4;3;2;0;1;1; -1;1;0;1;50;Indemne;2
202300020463;155 644 269;B01;1;0;2;4;15;5;203 802 611;1;1;3;1;1940.0;5;8;0;-1;15;11;2023;10:20;1;49;49007;2;1;1;2;47.48194;-0.57722;4;3;2;0;1;1; -1;1;0;1;50;Blessé hospitalisé;2
202300020472;155 644 251;C01;7;0;2;1;26;0;203 802 585;1;1;1;1;1994.0;-1;1;0;0;13;9;2023;10:05;1;77;77284;2;9;1;3;48.958398;2.882363;4;-1;0;0;1;1; -1;1;0;4;-1;Indemne;2
202300020472;155 644 252;B01;80;0;2;1;25;3;203 802 586;1;1;4;2;1996.0;5;8;0;-1;13;9;2023;10:05;1;77;77284;2;9;1;3;48.958398;2.882363;4;-1;0;0;1;1; -1;1;0;4;-1;Blessé léger;2
202300020472;155 644 252;B01;80;0;2;1;25;3;203 802 587;2;2;1;1;2020.0;5;2;0;-1;13;9;2023;10:05;1;77;77284;2;9;1;3;48.958398;2.882363;4;-1;0;0;1;1; -1;1;0;4;-1;Indemne;2
202300020476;155 644 245;A01;1;0;0;0;23;5;203 802 580;1;1;4;2;1971.0;4;2;0;-1;16;11;2023;12:10;1;43;43157;2;9;2;7;45.03472;3.88724;4;3;3;0;2;1; -1;2;0;1;50;Blessé léger;3
202300020478;155 644 242;A01;7;0;2;2;0;2;203 802 575;1;1;1;2;1942.0;0;1;0;-1;9;9;2023;18:50;1;73;73065;2;9;1;3;45.599429;5.92071;4;2;2;0;2;4; -1;1;0;1;30;Indemne;5
202300020478;155 644 244;B01;1;0;2;0;0;5;203 802 577;1;1;3;2;1990.0;0;2;0;-1;9;9;2023;18:50;1;73;73065;2;9;1;3;45.599429;5.92071;4;2;2;0;2;4; -1;1;0;1;30;Blessé hospitalisé;5
202300020484;155 644 234;A01;80;0;1;1;1;3;203 802 562;10;3;4;2;1959.0;0;0;-1;-1;16;11;2023;16:30;2;38;38185;2;1;1;6;45.18866;5.71501;7;2;2;3;2;1; -1;2;1;6;-1;Blessé léger;3
202300020484;155 644 234;A01;80;0;1;1;1;3;203 802 563;1;1;1;1;1993.0;0;8;0;-1;16;11;2023;16:30;2;38;38185;2;1;1;6;45.18866;5.71501;7;2;2;3;2;1; -1;2;1;6;-1;Indemne;3
202300020492;155 644 216;A01;7;0;9;3;18;1;203 802 539;1;1;1;1;1965.0;1;1;8;-1;13;9;2023;16:10;1;64;64445;2;6;1;3;43.31875;-0.30739;3;1;2;0;1;2; -1;1;0;1;50;Indemne;2
202300020492;155 644 216;A01;7;0;9;3;18;1;203 802 539;1;1;1;1;1965.0;1;1;8;-1;13;9;2023;16:10;1;64;64445;2;6;1;3;43.31875;-0.30739;3;1;2;0;1;3; -1;1;0;1;50;Indemne;2
202300020492;155 644 217;B01;1;0;2;2;2;5;203 802 541;1;1;4;1;1955.0;9;8;0;-1;13;9;2023;16:10;1;64;64445;2;6;1;3;43.31875;-0.30739;3;1;2;0;1;2; -1;1;0;1;50;Blessé léger;2
202300020492;155 644 217;B01;1;0;2;2;2;5;203 802 541;1;1;4;1;1955.0;9;8;0;-1;13;9;2023;16:10;1;64;64445;2;6;1;3;43.31875;-0.30739;3;1;2;0;1;3; -1;1;0;1;50;Blessé léger;2
202300020507;155 644 189;B01;1;0;2;1;5;5;203 802 505;1;1;4;2;1968.0;5;0;-1;-1;10;11;2023;12:00;1;35;35115;2;2;8;1;48.35038367;-1.1953935;4;2;2;0;1;3; -1;2;0;5;30;Blessé léger;4
202300020507;155 644 189;B01;1;0;2;1;5;5;203 802 505;1;1;4;2;1968.0;5;0;-1;-1;10;11;2023;12:00;1;35;35115;2;2;8;1;48.35038367;-1.1953935;4;1;2;2;1;1; -1;2;0;5;30;Blessé léger;4
202300020507;155 644 192;A01;7;0;2;1;26;1;203 802 509;1;1;1;2;1986.0;9;1;-1;-1;10;11;2023;12:00;1;35;35115;2;2;8;1;48.35038367;-1.1953935;4;2;2;0;1;3; -1;2;0;5;30;Indemne;4
202300020507;155 644 192;A01;7;0;2;1;26;1;203 802 509;1;1;1;2;1986.0;9;1;-1;-1;10;11;2023;12:00;1;35;35115;2;2;8;1;48.35038367;-1.1953935;4;1;2;2;1;1; -1;2;0;5;30;Indemne;4
202300020509;155 644 187;B01;1;0;2;8;21;5;203 802 502;1;1;4;1;1981.0;0;8;8;-1;13;9;2023;07:35;2;56;56083;2;2;1;3;47.80235;-3.28434;3;2;2;0;1;1;7;1;0;1;30;Blessé léger;2
202300020509;155 644 187;B01;1;0;2;8;21;5;203 802 502;1;1;4;1;1981.0;0;8;8;-1;13;9;2023;07:35;2;56;56083;2;2;1;3;47.80235;-3.28434;3;2;2;0;2;2;7;1;0;1;50;Blessé léger;2
202300020509;155 644 190;A01;7;0;2;2;19;1;203 802 504;1;1;1;1;1982.0;1;1;0;-1;13;9;2023;07:35;2;56;56083;2;2;1;3;47.80235;-3.28434;3;2;2;0;1;1;7;1;0;1;30;Indemne;2
202300020509;155 644 190;A01;7;0;2;2;19;1;203 802 504;1;1;1;1;1982.0;1;1;0;-1;13;9;2023;07:35;2;56;56083;2;2;1;3;47.80235;-3.28434;3;2;2;0;2;2;7;1;0;1;50;Indemne;2
202300020519;155 644 168;B01;7;0;2;4;1;1;203 802 482;1;1;1;1;1987.0;0;1;0;-1;12;9;2023;13:00;1;54;54395;2;1;1;2;48.68974686;6.15914047;4;2;2;0;2;1; -1;1;0;1;50;Indemne;1
202300020519;155 644 171;A01;1;0;2;1;1;5;203 802 485;1;1;4;1;2002.0;4;8;0;-1;12;9;2023;13:00;1;54;54395;2;1;1;2;48.68974686;6.15914047;4;2;2;0;2;1; -1;1;0;1;50;Blessé léger;1
202300020529;155 644 150;B01;1;0;2;1;1;5;203 802 459;1;1;4;1;1981.0;1;8;0;-1;11;9;2023;20:00;5;51;51454;2;2;1;3;49.24604;4.0468;4;2;2;0;1;1; -1;1;5;1;50;Blessé léger;0
202300020529;155 644 150;B01;1;0;2;1;1;5;203 802 459;1;1;4;1;1981.0;1;8;0;-1;11;9;2023;20:00;5;51;51454;2;2;1;3;49.24604;4.0468;4;2;4;1;2;1; -1;1;5;1;50;Blessé léger;0
202300020529;155 644 152;A01;7;0;2;2;15;1;203 802 461;1;1;1;2;2004.0;0;1;8;-1;11;9;2023;20:00;5;51;51454;2;2;1;3;49.24604;4.0468;4;2;2;0;1;1; -1;1;5;1;50;Indemne;0
202300020529;155 644 152;A01;7;0;2;2;15;1;203 802 461;1;1;1;2;2004.0;0;1;8;-1;11;9;2023;20:00;5;51;51454;2;2;1;3;49.24604;4.0468;4;2;4;1;2;1; -1;1;5;1;50;Indemne;0