Num_Acc;id_vehicule;num_veh;catv;obs;obsm;choc;manv;motor;id_usager;place;catu;grav;sexe;an_nais;trajet;secu1;secu2;secu3;jour;mois;an;hrmn;lum;dep;com;agg;int;atm;col;lat;long;catr;circ;nbv;vosp;prof;plan;larrout;surf;infra;situ;vma;gravity;day_of_week
202300020538;155 644 134;B01;1;0;2;1;1;5;203 802 440;1;1;4;1;1969.0;1;2;8;-1;30;1;2023;07:50;5;37;37233;2;9;1;3;47.39059;0.73872;4;2;4;2;1;1; -1;1;9;1;50;Blessé léger;0
202300020538;155 644 137;A01;7;0;2;2;15;1;203 802 443;1;1;1;1;1983.0;1;1;0;-1;30;1;2023;07:50;5;37;37233;2;9;1;3;47.39059;0.73872;4;2;4;2;1;1; -1;1;9;1;50;Indemne;0
202300020541;155 644 131;B01;1;0;2;8;1;5;203 802 437;1;1;4;1;1974.0;1;2;0;-1;13;9;2023;17:43;1;45;45147;2;3;1;3;47.93102;1.92752;4;2;2;0;1;1; -1;1;0;5;50;Blessé léger;2
202300020541;155 644 131;B01;1;0;2;8;1;5;203 802 437;1;1;4;1;1974.0;1;2;0;-1;13;9;2023;17:43;1;45;45147;2;3;1;3;47.93102;1.92752;4;2;2;1;1;1; -1;1;0;5;50;Blessé léger;2
202300020547;155 644 120;B01;1;0;2;1;1;5;203 802 419;1;1;4;1;1964.0;1;8;0;-1;13;9;2023;07:29;1;38;38516;2;3;2;3;45.20775;5.74141;7;2;2;0;2;1; -1;2;0;1;30;Blessé léger;2
202300020547;155 644 120;B01;1;0;2;1;1;5;203 802 419;1;1;4;1;1964.0;1;8;0;-1;13;9;2023;07:29;1;38;38516;2;3;2;3;45.20775;5.74141;7;2;2;0;1;1; -1;2;0;1;30;Blessé léger;2
202300020547;155 644 122;A01;7;0;2;2;15;1;203 802 421;1;1;1;2;1955.0;1;1;0;-1;13;9;2023;07:29;1;38;38516;2;3;2;3;45.20775;5.74141;7;2;2;0;2;1; -1;2;0;1;30;Indemne;2
202300020547;155 644 122;A01;7;0;2;2;15;1;203 802 421;1;1;1;2;1955.0;1;1;0;-1;13;9;2023;07:29;1;38;38516;2;3;2;3;45.20775;5.74141;7;2;2;0;1;1; -1;2;0;1;30;Indemne;2
202300020552;155 644 111;B01;1;0;2;1;15;5;203 802 410;1;1;3;2;1964.0;1;2;4;-1;30;1;2023;08:00;2;33;33063;2;3;1;3;44.83362;-0.59088;4;1;2;0;1;1; -1;1;5;1;50;Blessé hospitalisé;0
202300020552;155 644 111;B01;1;0;2;1;15;5;203 802 410;1;1;3;2;1964.0;1;2;4;-1;30;1;2023;08:00;2;33;33063;2;3;1;3;44.83362;-0.59088;4;1;1;0;1;1; -1;1;5;1;50;Blessé hospitalisé;0
202300020552;155 644 116;A01;1;0;2;1;25;5;203 802 415;1;1;1;1;1988.0;1;2;6;-1;30;1;2023;08:00;2;33;33063;2;3;1;3;44.83362;-0.59088;4;1;2;0;1;1; -1;1;5;1;50;Indemne;0
202300020552;155 644 116;A01;1;0;2;1;25;5;203 802 415;1;1;1;1;1988.0;1;2;6;-1;30;1;2023;08:00;2;33;33063;2;3;1;3;44.83362;-0.59088;4;1;1;0;1;1; -1;1;5;1;50;Indemne;0
202300020554;155 644 106;B01;1;0;2;4;2;5;203 802 401;1;1;4;1;1953.0;5;2;8;-1;12;3;2023;16:40;1;64;64189;1;1;1;2;43.37331;-1.64632;4;2;1;0;1;1; -1;1;0;1;70;Blessé léger;6
202300020554;155 644 108;A01;30;0;9;4;26;0;203 802 403;2;2;4;1;2007.0;5;2;8;-1;12;3;2023;16:40;1;64;64189;1;1;1;2;43.37331;-1.64632;4;2;1;0;1;1; -1;1;0;1;70;Blessé léger;6
202300020554;155 644 108;A01;30;0;9;4;26;0;203 802 406;1;1;4;1;2007.0;5;8;0;-1;12;3;2023;16:40;1;64;64189;1;1;1;2;43.37331;-1.64632;4;2;1;0;1;1; -1;1;0;1;70;Blessé léger;6
202300020556;155 644 102;A01;7;0;2;2;0;1;203 802 397;1;1;1;1;1995.0;0;1;-1;-1;13;9;2023;20:24;2;35;35238;2;1;1;3;48.123;-1.70753;4;2;2;0;1;1; -1;1;0;1;30;Indemne;2
202300020556;155 644 104;B01;1;0;2;0;0;5;203 802 399;1;1;4;1;2016.0;5;0;-1;-1;13;9;2023;20:24;2;35;35238;2;1;1;3;48.123;-1.70753;4;2;2;0;1;1; -1;1;0;1;30;Blessé léger;2
202300020561;155 644 094;B01;1;0;2;0;0;5;203 802 388;1;1;4;1;1984.0;1;8;0;-1;30;1;2023;17:10;1;28;28085;2;1;8;3;48.43666;1.4924;4;1;1;2;2;1; -1;1;0;5;30;Blessé léger;0
202300020561;155 644 096;A01;10;6;0;3;9;1;203 802 391;1;1;1;1;1985.0;4;8;0;-1;30;1;2023;17:10;1;28;28085;2;1;8;3;48.43666;1.4924;4;1;1;2;2;1; -1;1;0;5;30;Indemne;0
202300020567;155 644 084;B01;33;0;2;8;1;1;203 802 373;1;1;1;1;2001.0;5;2;6;-1;13;9;2023;22:15;5;33;33063;2;3;1;3;44.84341;-0.57011;4;2;4;0;1;1; -1;1;5;1;50;Indemne;2
202300020567;155 644 084;B01;33;0;2;8;1;1;203 802 373;1;1;1;1;2001.0;5;2;6;-1;13;9;2023;22:15;5;33;33063;2;3;1;3;44.84341;-0.57011;4;2;3;0;2;1; -1;1;5;1;30;Indemne;2
202300020567;155 644 084;B01;33;0;2;8;1;1;203 802 375;2;2;1;1;1998.0;5;2;6;-1;13;9;2023;22:15;5;33;33063;2;3;1;3;44.84341;-0.57011;4;2;4;0;1;1; -1;1;5;1;50;Indemne;2
202300020567;155 644 084;B01;33;0;2;8;1;1;203 802 375;2;2;1;1;1998.0;5;2;6;-1;13;9;2023;22:15;5;33;33063;2;3;1;3;44.84341;-0.57011;4;2;3;0;2;1; -1;1;5;1;30;Indemne;2
202300020567;155 644 087;A01;80;0;2;1;19;3;203 802 379;1;1;3;2;2005.0;5;0;-1;-1;13;9;2023;22:15;5;33;33063;2;3;1;3;44.84341;-0.57011;4;2;4;0;1;1; -1;1;5;1;50;Blessé hospitalisé;2
202300020567;155 644 087;A01;80;0;2;1;19;3;203 802 379;1;1;3;2;2005.0;5;0;-1;-1;13;9;2023;22:15;5;33;33063;2;3;1;3;44.84341;-0.57011;4;2;3;0;2;1; -1;1;5;1;30;Blessé hospitalisé;2
202300020573;155 644 075;B01;7;14;2;3;15;1;203 802 360;1;1;1;2;1951.0;5;1;0;-1;13;9;2023;18:35;1;29;29232;2;6;1;3;48.00406;-4.12158;4;3;2;0;2;1; -1;1;0;1;50;Indemne;2
202300020573;155 644 075;B01;7;14;2;3;15;1;203 802 360;1;1;1;2;1951.0;5;1;0;-1;13;9;2023;18:35;1;29;29232;2;6;1;3;48.00406;-4.12158;4;3;2;0;2;1; -1;1;0;1;50;Indemne;2
202300020573;155 644 076;A01;1;0;2;1;21;5;203 802 362;1;1;4;1;2006.0;5;8;8;-1;13;9;2023;18:35;1;29;29232;2;6;1;3;48.00406;-4.12158;4;3;2;0;2;1; -1;1;0;1;50;Blessé léger;2
202300020573;155 644 076;A01;1;0;2;1;21;5;203 802 362;1;1;4;1;2006.0;5;8;8;-1;13;9;2023;18:35;1;29;29232;2;6;1;3;48.00406;-4.12158;4;3;2;0;2;1; -1;1;0;1;50;Blessé léger;2
202300020574;155 644 072;A01;1;0;2;9;0;5;203 802 356;1;1;3;1;1993.0;0;8;0;-1;12;3;2023;04:40;5;31;31555;2;1;2;3;43.62642;1.43398;7;2;2;0;1;1; -1;2;0;1;50;Blessé hospitalisé;6
202300020574;155 644 073;Z01;7;0;2;3;1;1;203 802 358;1;1;1;1;2000.0;0;1;0;-1;12;3;2023;04:40;5;31;31555;2;1;2;3;43.62642;1.43398;7;2;2;0;1;1; -1;2;0;1;50;Indemne;6
202300020578;155 644 066;A01;7;0;9;3;1;1;203 802 348;1;1;1;1;2001.0;9;1;0;-1;29;1;2023;20:25;5;974;97409;2;1;3;3;-20.97345;55.65637;4;2;1;0;1;1; -1;2;9;1;50;Indemne;6
202300020578;155 644 067;B01;1;0;2;1;1;5;203 802 349;1;1;4;1;2003.0;0;8;0;-1;29;1;2023;20:25;5;974;97409;2;1;3;3;-20.97345;55.65637;4;2;1;0;1;1; -1;2;9;1;50;Blessé léger;6
202300020603;155 644 020;A01;7;0;9;5;16;0;203 802 289;1;1;1;2;2003.0;0;1;0;-1;16;11;2023;20:15;5;25;25056;2;9;2;3;47.237939;6.032519;4;2;2;1;1;1; -1;2;2;5;50;Indemne;3
202300020603;155 644 025;B01;1;0;2;1;1;5;203 802 292;1;1;4;1;1953.0;0;2;0;-1;16;11;2023;20:15;5;25;25056;2;9;2;3;47.237939;6.032519;4;2;2;1;1;1; -1;2;2;5;50;Blessé léger;3
202300020606;155 644 013;B01;1;0;2;0;0;5;203 802 277;1;1;4;1;1943.0;5;2;0;-1;15;2;2023;12:40;1;04;04070;2;6;1;6;44.07702;6.18697;4;1;1;0;1;2; -1;1;5;1;50;Blessé léger;2
202300020606;155 644 013;B01;1;0;2;0;0;5;203 802 277;1;1;4;1;1943.0;5;2;0;-1;15;2;2023;12:40;1;04;04070;2;6;1;6;44.07702;6.18697;4;1;1;0;1;2; -1;1;5;1;50;Blessé léger;2
202300020606;155 644 014;A01;7;0;2;0;0;1;203 802 278;1;1;1;2;1988.0;9;1;0;-1;15;2;2023;12:40;1;04;04070;2;6;1;6;44.07702;6.18697;4;1;1;0;1;2; -1;1;5;1;50;Indemne;2
202300020606;155 644 014;A01;7;0;2;0;0;1;203 802 278;1;1;1;2;1988.0;9;1;0;-1;15;2;2023;12:40;1;04;04070;2;6;1;6;44.07702;6.18697;4;1;1;0;1;2; -1;1;5;1;50;Indemne;2
202300020621;155 643 985;A01;1;0;0;0;16;5;203 802 240;1;1;4;2;1971.0;5;8;0;-1;12;3;2023;03:00;5;75;75107;2;7;2;7;48.850859;2.314349;4;2; -1;-1;1;1; -1;2;0;1;-1;Blessé léger;6
202300020621;155 643 985;A01;1;0;0;0;16;5;203 802 240;1;1;4;2;1971.0;5;8;0;-1;12;3;2023;03:00;5;75;75107;2;7;2;7;48.850859;2.314349;4;-1;1;0;1;1; -1;2;0;1;30;Blessé léger;6
202300020627;155 643 971;A01;1;0;2;1;0;5;203 802 223;1;1;4;2;2001.0;0;8;0;-1;12;3;2023;19:10;1;94;94077;2;2;1;1;48.74255779;2.42224717;4;1;1;0;1;1; -1;1;0;1;50;Blessé léger;6
202300020627;155 643 972;B01;7;0;2;1;5;1;203 802 224;1;1;1;2;1976.0;5;1;0;-1;12;3;2023;19:10;1;94;94077;2;2;1;1;48.74255779;2.42224717;4;1;1;0;1;1; -1;1;0;1;50;Indemne;6
202300020647;155 643 931;B01;1;0;2;1;1;5;203 802 172;1;1;4;2;1983.0;1;8;0;-1;13;9;2023;08:40;1;75;75103;2;2;1;1;48.86375;2.354884;4;1;3;1;1;1; -1;1;0;5;30;Blessé léger;2
202300020647;155 643 931;B01;1;0;2;1;1;5;203 802 172;1;1;4;2;1983.0;1;8;0;-1;13;9;2023;08:40;1;75;75103;2;2;1;1;48.86375;2.354884;4;1;1;0;1;1; -1;1;0;5;30;Blessé léger;2
202300020647;155 643 933;A01;7;0;2;1;22;3;203 802 175;4;2;1;2;1989.0;9;1;0;-1;13;9;2023;08:40;1;75;75103;2;2;1;1;48.86375;2.354884;4;1;3;1;1;1; -1;1;0;5;30;Indemne;2
202300020647;155 643 933;A01;7;0;2;1;22;3;203 802 175;4;2;1;2;1989.0;9;1;0;-1;13;9;2023;08:40;1;75;75103;2;2;1;1;48.86375;2.354884;4;1;1;0;1;1; -1;1;0;5;30;Indemne;2
202300020647;155 643 933;A01;7;0;2;1;22;3;203 802 176;1;1;1;1;1983.0;1;1;0;-1;13;9;2023;08:40;1;75;75103;2;2;1;1;48.86375;2.354884;4;1;3;1;1;1; -1;1;0;5;30;Indemne;2
202300020647;155 643 933;A01;7;0;2;1;22;3;203 802 176;1;1;1;1;1983.0;1;1;0;-1;13;9;2023;08:40;1;75;75103;2;2;1;1;48.86375;2.354884;4;1;1;0;1;1; -1;1;0;5;30;Indemne;2
202300020656;155 643 914;B01;1;0;2;7;0;5;203 802 151;1;1;4;1;1947.0;0;8;0;-1;12;9;2023;20:00;2;94;94028;2;2;8;3;48.79638;2.45777;3;1;4;1;1;1;12;2;0;5;-1;Blessé léger;1
202300020656;155 643 914;B01;1;0;2;7;0;5;203 802 151;1;1;4;1;1947.0;0;8;0;-1;12;9;2023;20:00;2;94;94028;2;2;8;3;48.79638;2.45777;3;1;4;0;1;1;12;2;0;5;50;Blessé léger;1
202300020656;155 643 915;A01;7;0;2;2;1;2;203 802 153;1;1;1;1;1941.0;5;1;0;-1;12;9;2023;20:00;2;94;94028;2;2;8;3;48.79638;2.45777;3;1;4;1;1;1;12;2;0;5;-1;Indemne;1
202300020656;155 643 915;A01;7;0;2;2;1;2;203 802 153;1;1;1;1;1941.0;5;1;0;-1;12;9;2023;20:00;2;94;94028;2;2;8;3;48.79638;2.45777;3;1;4;0;1;1;12;2;0;5;50;Indemne;1
202300020663;155 643 901;A01;1;0;2;1;5;5;203 802 135;1;1;3;1;1978.0;0;8;0;-1;28;1;2023;14:50;1;42;42218;2;3;2;1;45.43903;4.3793;4;2;1;0;1;1; -1;2;0;1;50;Blessé hospitalisé;5
202300020663;155 643 901;A01;1;0;2;1;5;5;203 802 135;1;1;3;1;1978.0;0;8;0;-1;28;1;2023;14:50;1;42;42218;2;3;2;1;45.43903;4.3793;4;3;1;0;1;1; -1;2;0;1;50;Blessé hospitalisé;5
202300020663;155 643 905;B01;7;0;2;1;15;1;203 802 140;1;1;1;1;1972.0;0;8;0;-1;28;1;2023;14:50;1;42;42218;2;3;2;1;45.43903;4.3793;4;2;1;0;1;1; -1;2;0;1;50;Indemne;5
202300020663;155 643 905;B01;7;0;2;1;15;1;203 802 140;1;1;1;1;1972.0;0;8;0;-1;28;1;2023;14:50;1;42;42218;2;3;2;1;45.43903;4.3793;4;3;1;0;1;1; -1;2;0;1;50;Indemne;5
202300020677;155 643 883;A01;1;0;0;1;0;5;203 802 111;1;1;4;2;1970.0;5;2;-1;-1;12;3;2023;09:15;1;29;29008;1;1;1;7;48.067125;-4.561129;3;2;2;0;1;1; -1;2;0;1;80;Blessé léger;6
202300020682;155 643 877;A01;7;0;9;3;0;0;203 802 105;1;1;1;1;1996.0;1;1;-1;-1;10;3;2023;12:00;1;06;06085;2;2;6;3;43.613525;6.998955;4;2;2;0;2;1;4;1;0;1;50;Indemne;4
202300020682;155 643 877;A01;7;0;9;3;0;0;203 802 105;1;1;1;1;1996.0;1;1;-1;-1;10;3;2023;12:00;1;06;06085;2;2;6;3;43.613525;6.998955;4;2;1;-1;2;1; -1;1;0;1;50;Indemne;4
202300020682;155 643 880;B01;1;0;2;1;16;5;203 802 108;1;1;3;1;1973.0;5;0;-1;-1;10;3;2023;12:00;1;06;06085;2;2;6;3;43.613525;6.998955;4;2;2;0;2;1;4;1;0;1;50;Blessé hospitalisé;4
202300020682;155 643 880;B01;1;0;2;1;16;5;203 802 108;1;1;3;1;1973.0;5;0;-1;-1;10;3;2023;12:00;1;06;06085;2;2;6;3;43.613525;6.998955;4;2;1;-1;2;1; -1;1;0;1;50;Blessé hospitalisé;4
202300020714;155 643 815;A01;1;0;2;1;1;5;203 802 013;1;1;4;1;1968.0;1;4;-1;-1;11;9;2023;07:10;3;17;17131;2;2;1;3;45.583579;-0.836699;4;2;2;0;1;1; -1;1;0;1;50;Blessé léger;0
202300020714;155 643 815;A01;1;0;2;1;1;5;203 802 013;1;1;4;1;1968.0;1;4;-1;-1;11;9;2023;07:10;3;17;17131;2;2;1;3;45.583579;-0.836699;4;2;2;0;3;1; -1;1;0;1;50;Blessé léger;0
202300020714;155 643 818;B01;7;0;2;3;19;1;203 802 017;1;1;1;1;1970.0;1;1;-1;-1;11;9;2023;07:10;3;17;17131;2;2;1;3;45.583579;-0.836699;4;2;2;0;1;1; -1;1;0;1;50;Indemne;0
202300020714;155 643 818;B01;7;0;2;3;19;1;203 802 017;1;1;1;1;1970.0;1;1;-1;-1;11;9;2023;07:10;3;17;17131;2;2;1;3;45.583579;-0.836699;4;2;2;0;3;1; -1;1;0;1;50;Indemne;0
202300020716;155 643 811;B01;7;0;2;4;2;1;203 802 008;1;1;1;1;1980.0;4;1;8;-1;29;1;2023;18:45;5;75;75108;2;1;1;2;48.873256;2.305635;4;1;1;0;1;1; -1;1;0;1;50;Indemne;6
202300020716;155 643 812;A01;1;0;2;1;2;5;203 802 009;1;1;4;2;1963.0;9;2;8;-1;29;1;2023;18:45;5;75;75108;2;1;1;2;48.873256;2.305635;4;1;1;0;1;1; -1;1;0;1;50;Blessé léger;6
202300020717;155 643 807;A01;1;0;0;3;0;5;203 802 004;1;1;3;1;1962.0;5;0;-1;-1;22;7;2023;16:15;1;84;84069;2;1;1;3;44.170539;5.126688;3;2;2;0;2;1;5,5;1;0;1;50;Blessé hospitalisé;5
202300020718;155 643 808;A01;1;14;0;7;14;5;203 802 005;1;1;4;2;1971.0;1;2;8;-1;30;1;2023;09:00;1;75;75115;2;3;8;6;48.839918;2.302513;4;-1;1;0;1;1; -1;2;8;5;30;Blessé léger;0
202300020718;155 643 808;A01;1;14;0;7;14;5;203 802 005;1;1;4;2;1971.0;1;2;8;-1;30;1;2023;09:00;1;75;75115;2;3;8;6;48.839918;2.302513;4;2;2;2;1;1; -1;2;8;5;30;Blessé léger;0
202300020736;155 643 782;A01;1;0;1;1;1;5;203 801 970;1;1;4;1;1997.0;1;2;8;-1;30;1;2023;18:10;5;75;75104;2;3;1;6;48.857271;2.357366;4;-1;0;0;1;1; -1;1;6;5;30;Blessé léger;0
202300020736;155 643 782;A01;1;0;1;1;1;5;203 801 970;1;1;4;1;1997.0;1;2;8;-1;30;1;2023;18:10;5;75;75104;2;3;1;6;48.857271;2.357366;4;2;2;1;1;1; -1;1;-1;5;30;Blessé léger;0
202300020736;155 643 782;A01;1;0;1;1;1;5;203 801 971;10;3;4;2;1953.0;5;0;-1;-1;30;1;2023;18:10;5;75;75104;2;3;1;6;48.857271;2.357366;4;-1;0;0;1;1; -1;1;6;5;30;Blessé léger;0
202300020736;155 643 782;A01;1;0;1;1;1;5;203 801 971;10;3;4;2;1953.0;5;0;-1;-1;30;1;2023;18:10;5;75;75104;2;3;1;6;48.857271;2.357366;4;2;2;1;1;1; -1;1;-1;5;30;Blessé léger;0
202300020747;155 643 759;B01;1;0;2;2;1;5;203 801 943;1;1;3;1;1942.0;5;2;-1;-1;14;9;2023;11:50;1;65;65108;1;3;7;3;43.290264;0.094038;3;2;2;0;1;1;4;1;5;1;80;Blessé hospitalisé;3
202300020747;155 643 759;B01;1;0;2;2;1;5;203 801 943;1;1;3;1;1942.0;5;2;-1;-1;14;9;2023;11:50;1;65;65108;1;3;7;3;43.290264;0.094038;3;2;2;0;1;1;4;1;0;1;80;Blessé hospitalisé;3
202300020747;155 643 763;A01;17;0;2;3;9;1;203 801 948;1;1;1;1;1988.0;4;8;-1;-1;14;9;2023;11:50;1;65;65108;1;3;7;3;43.290264;0.094038;3;2;2;0;1;1;4;1;5;1;80;Indemne;3
202300020747;155 643 763;A01;17;0;2;3;9;1;203 801 948;1;1;1;1;1988.0;4;8;-1;-1;14;9;2023;11:50;1;65;65108;1;3;7;3;43.290264;0.094038;3;2;2;0;1;1;4;1;0;1;80;Indemne;3
202300020756;155 643 743;B01;80;0;0;8;19;3;203 801 919;2;2;4;1;2019.0;0;2;0;-1;30;1;2023;09:30;1;93;93048;2;3;8;3;48.86144979;2.4561055;4;1;1;-1;1;1; -1;2;0;1;-1;Blessé léger;0
202300020756;155 643 743;B01;80;0;0;8;19;3;203 801 919;2;2;4;1;2019.0;0;2;0;-1;30;1;2023;09:30;1;93;93048;2;3;8;3;48.86144979;2.4561055;4;2;2;0;1;1; -1;2;0;1;50;Blessé léger;0
202300020756;155 643 743;B01;80;0;0;8;19;3;203 801 920;3;2;4;1;2022.0;0;2;0;-1;30;1;2023;09:30;1;93;93048;2;3;8;3;48.86144979;2.4561055;4;1;1;-1;1;1; -1;2;0;1;-1;Blessé léger;0
202300020756;155 643 743;B01;80;0;0;8;19;3;203 801 920;3;2;4;1;2022.0;0;2;0;-1;30;1;2023;09:30;1;93;93048;2;3;8;3;48.86144979;2.4561055;4;2;2;0;1;1; -1;2;0;1;50;Blessé léger;0
202300020756;155 643 743;B01;80;0;0;8;19;3;203 801 922;1;1;4;1;1968.0;0;2;0;-1;30;1;2023;09:30;1;93;93048;2;3;8;3;48.86144979;2.4561055;4;1;1;-1;1;1; -1;2;0;1;-1;Blessé léger;0
202300020756;155 643 743;B01;80;0;0;8;19;3;203 801 922;1;1;4;1;1968.0;0;2;0;-1;30;1;2023;09:30;1;93;93048;2;3;8;3;48.86144979;2.4561055;4;2;2;0;1;1; -1;2;0;1;50;Blessé léger;0
202300020756;155 643 746;A01;7;0;2;1;15;1;203 801 923;1;1;1;1;1994.0;5;1;0;-1;30;1;2023;09:30;1;93;93048;2;3;8;3;48.86144979;2.4561055;4;1;1;-1;1;1; -1;2;0;1;-1;Indemne;0
202300020756;155 643 746;A01;7;0;2;1;15;1;203 801 923;1;1;1;1;1994.0;5;1;0;-1;30;1;2023;09:30;1;93;93048;2;3;8;3;48.86144979;2.4561055;4;2;2;0;1;1; -1;2;0;1;50;Indemne;0
202300020766;155 643 724;A01;1;0;0;0;1;5;203 801 897;1;1;3;1;1962.0;5;2;-1;-1;14;9;2023;15:40;1;61;61075;1;1;1;7;48.510594;-0.612093;3;2;2;0;2;1;4;1;0;1;80;Blessé hospitalisé;3
202300020796;155 643 674;A01;35;0;2;3;1;3;203 801 832;1;1;1;1;2008.0;0;1;-1;-1;3;9;2023;10:50;1;78;78406;2;4;1;6;48.725188;2.04887;4;2;2;0;2;2; -1;1;0;1;50;Indemne;6
202300020796;155 643 674;A01;35;0;2;3;1;3;203 801 832;1;1;1;1;2008.0;0;1;-1;-1;3;9;2023;10:50;1;78;78406;2;4;1;6;48.725188;2.04887;4;2;2;0;2;3; -1;1;0;1;50;Indemne;6
202300020796;155 643 676;B01;1;0;2;0;1;5;203 801 835;1;1;4;1;1994.0;5;2;-1;-1;3;9;2023;10:50;1;78;78406;2;4;1;6;48.725188;2.04887;4;2;2;0;2;2; -1;1;0;1;50;Blessé léger;6
202300020796;155 643 676;B01;1;0;2;0;1;5;203 801 835;1;1;4;1;1994.0;5;2;-1;-1;3;9;2023;10:50;1;78;78406;2;4;1;6;48.725188;2.04887;4;2;2;0;2;3; -1;1;0;1;50;Blessé léger;6
202300020798;155 643 673;A01;1;0;1;1;1;5;203 801 830;1;1;1;1;1978.0;5;0;-1;-1;31;1;2023;11:00;1;83;83036;2;1;1;6;43.17393;6.527805;4;2;2;0;2;1;4;1;0;1;50;Indemne;1
202300020798;155 643 673;A01;1;0;1;1;1;5;203 801 831;10;3;3;2;1943.0;5;0;-1;-1;31;1;2023;11:00;1;83;83036;2;1;1;6;43.17393;6.527805;4;2;2;0;2;1;4;1;0;1;50;Blessé hospitalisé;1
202300020834;155 643 619;A01;1;6;0;1;1;5;203 801 753;1;1;2;1;1943.0;5;2;-1;-1;31;1;2023;12:50;1;37;37156;2;1;1;6;47.391072;0.844166;4;1;1;0;2;1;3;2;0;3;50;Tué;1
202300020842;155 643 607;A01;7;0;2;1;1;1;203 801 735;1;1;1;1;1989.0;1;1;8;-1;20;12;2023;14:40;1;76;76351;2;6;1;3;49.48537;0.13673;4;2;2;0;1;1; -1;2;0;1;50;Indemne;2
202300020842;155 643 611;B01;1;0;2;7;1;5;203 801 737;1;1;4;1;1999.0;5;0;-1;-1;20;12;2023;14:40;1;76;76351;2;6;1;3;49.48537;0.13673;4;2;2;0;1;1; -1;2;0;1;50;Blessé léger;2
202300020865;155 643 563;A01;7;0;9;1;16;1;203 801 680;1;1;1;1;1958.0;1;1;8;-1;21;12;2023;13:05;1;67;67482;2;3;1;3;48.55794;7.74855;4;3;4;2;1;1; -1;1;0;5;50;Indemne;3
202300020865;155 643 563;A01;7;0;9;1;16;1;203 801 680;1;1;1;1;1958.0;1;1;8;-1;21;12;2023;13:05;1;67;67482;2;3;1;3;48.55794;7.74855;4;2;2;0;1;1; -1;1;0;1;50;Indemne;3
202300020865;155 643 567;B01;1;0;2;5;1;5;203 801 685;1;1;4;1;1985.0;0;8;8;-1;21;12;2023;13:05;1;67;67482;2;3;1;3;48.55794;7.74855;4;3;4;2;1;1; -1;1;0;5;50;Blessé léger;3
202300020865;155 643 567;B01;1;0;2;5;1;5;203 801 685;1;1;4;1;1985.0;0;8;8;-1;21;12;2023;13:05;1;67;67482;2;3;1;3;48.55794;7.74855;4;2;2;0;1;1; -1;1;0;1;50;Blessé léger;3
202300020870;155 643 556;A01;7;0;9;2;1;0;203 801 671;1;1;1;1;1987.0;4;1;0;-1;21;12;2023;17:30;5;66;66136;2;1;1;3;42.7;2.887;4;2;4;0;1;1; -1;1;0;1;50;Indemne;3
202300020870;155 643 557;Y01;1;0;2;8;19;5;203 801 673;1;1;4;1;1995.0;0;0;-1;-1;21;12;2023;17:30;5;66;66136;2;1;1;3;42.7;2.887;4;2;4;0;1;1; -1;1;0;1;50;Blessé léger;3
202300020872;155 643 551;B01;1;0;2;8;19;5;203 801 665;1;1;4;1;1974.0;0;0;-1;-1;13;9;2023;16:30;1;38;38158;2;1;2;1;45.155018;5.752904;4;2;2;1;1;1; -1;2;0;5;30;Blessé léger;2
202300020872;155 643 552;A01;7;0;9;1;16;1;203 801 667;1;1;1;1;1972.0;5;1;-1;-1;13;9;2023;16:30;1;38;38158;2;1;2;1;45.155018;5.752904;4;2;2;1;1;1; -1;2;0;5;30;Indemne;2
202300020876;155 643 541;A01;7;0;0;2;16;0;203 801 654;1;1;1;2;1987.0;4;1;-1;-1;13;9;2023;17:15;1;26;26220;2;6;1;3;44.349778;5.116652;3;1;1;1;1;2;3,5;1;0;5;30;Indemne;2
202300020876;155 643 545;B01;1;0;2;1;1;5;203 801 659;1;1;3;1;1938.0;5;2;6;-1;13;9;2023;17:15;1;26;26220;2;6;1;3;44.349778;5.116652;3;1;1;1;1;2;3,5;1;0;5;30;Blessé hospitalisé;2
202300020883;155 643 528;A01;80;0;2;3;1;3;203 801 640;1;1;4;2;1999.0;1;8;0;-1;21;12;2023;13:20;1;64;64122;2;1;2;3;43.48239;-1.56692;4;2;2;0;2;1; -1;2;0;1;30;Blessé léger;3
202300020905;155 643 490;A01;1;0;2;1;5;5;203 801 591;1;1;4;1;1999.0;5;2;0;-1;20;12;2023;16:22;1;57;57283;2;6;2;1;49.25202;6.15201;4;2;2;0;1;1; -1;2;0;1;30;Blessé léger;2
202300020905;155 643 490;A01;1;0;2;1;5;5;203 801 591;1;1;4;1;1999.0;5;2;0;-1;20;12;2023;16:22;1;57;57283;2;6;2;1;49.25202;6.15201;4;2;2;0;1;1; -1;2;0;1;30;Blessé léger;2
202300020905;155 643 494;B01;7;0;2;3;1;1;203 801 595;1;1;1;1;1956.0;0;1;0;-1;20;12;2023;16:22;1;57;57283;2;6;2;1;49.25202;6.15201;4;2;2;0;1;1; -1;2;0;1;30;Indemne;2
202300020905;155 643 494;B01;7;0;2;3;1;1;203 801 595;1;1;1;1;1956.0;0;1;0;-1;20;12;2023;16:22;1;57;57283;2;6;2;1;49.25202;6.15201;4;2;2;0;1;1; -1;2;0;1;30;Indemne;2
202300020908;155 643 485;A01;1;0;9;7;2;5;203 801 586;1;1;4;1;1971.0;5;2;9;-1;29;1;2023;11:45;1;59;59173;1;1;1;3;50.724702;2.978666;7;3;2;0;1;1; -1;1;0;1;80;Blessé léger;6