Num_Acc;id_vehicule;num_veh;catv;obs;obsm;choc;manv;motor;id_usager;place;catu;grav;sexe;an_nais;trajet;secu1;secu2;secu3;jour;mois;an;hrmn;lum;dep;com;agg;int;atm;col;lat;long;catr;circ;nbv;vosp;prof;plan;larrout;surf;infra;situ;vma;gravity;day_of_week
202300020908;155 643 487;B01;1;0;9;8;2;5;203 801 588;1;1;4;1;1962.0;5;2;9;-1;29;1;2023;11:45;1;59;59173;1;1;1;3;50.724702;2.978666;7;3;2;0;1;1; -1;1;0;1;80;Blessé léger;6
202300020940;155 643 426;B01;1;0;0;0;0;5;203 801 521;1;1;4;2;1961.0;0;2;0;-1;21;12;2023;15:40;1;44;44109;2;1;8;6;47.22532;-1.53088;4;2;2;2;2;1; -1;1;0;1;50;Blessé léger;3
202300020940;155 643 428;A01;7;0;2;4;20;2;203 801 523;1;1;1;2;1986.0;9;1;0;-1;21;12;2023;15:40;1;44;44109;2;1;8;6;47.22532;-1.53088;4;2;2;2;2;1; -1;1;0;1;50;Indemne;3
202300020955;155 643 395;B01;1;0;2;3;1;5;203 801 478;1;1;4;2;1976.0;1;2;6;-1;11;9;2023;07:30;1;974;97416;1;3;7;3;-21.28382;55.46626;3;2;2;0;1;1; -1;1;8;1;50;Blessé léger;0
202300020955;155 643 395;B01;1;0;2;3;1;5;203 801 478;1;1;4;2;1976.0;1;2;6;-1;11;9;2023;07:30;1;974;97416;1;3;7;3;-21.28382;55.46626;3;2;2;0;1;1; -1;1;8;8;50;Blessé léger;0
202300020955;155 643 397;A01;7;0;2;3;15;1;203 801 480;1;1;1;1;1976.0;0;1;0;-1;11;9;2023;07:30;1;974;97416;1;3;7;3;-21.28382;55.46626;3;2;2;0;1;1; -1;1;8;1;50;Indemne;0
202300020955;155 643 397;A01;7;0;2;3;15;1;203 801 480;1;1;1;1;1976.0;0;1;0;-1;11;9;2023;07:30;1;974;97416;1;3;7;3;-21.28382;55.46626;3;2;2;0;1;1; -1;1;8;8;50;Indemne;0
202300020959;155 643 386;A01;33;0;2;2;1;1;203 801 462;1;1;1;1;1966.0;0;2;6;-1;11;9;2023;15:05;1;974;97407;2;1;1;3;-20.93873;55.3079;4;3;2;0;1;1; -1;1;0;1;50;Indemne;0
202300020959;155 643 388;B01;1;0;2;1;1;5;203 801 466;1;1;4;1;2007.0;0;8;0;-1;11;9;2023;15:05;1;974;97407;2;1;1;3;-20.93873;55.3079;4;3;2;0;1;1; -1;1;0;1;50;Blessé léger;0
202300020961;155 643 385;B01;1;0;2;8;19;5;203 801 460;1;1;4;2;1973.0;4;8;0;-1;20;12;2023;15:55;1;37;37261;2;6;1;3;47.37472;0.71632;4;4;4;0;1;1; -1;1;0;6;50;Blessé léger;2
202300020961;155 643 387;A01;7;0;9;2;1;1;203 801 465;1;1;1;1;1968.0;1;1;0;-1;20;12;2023;15:55;1;37;37261;2;6;1;3;47.37472;0.71632;4;4;4;0;1;1; -1;1;0;6;50;Indemne;2
202300020976;155 643 359;B01;1;0;2;1;1;0;203 801 425;1;1;4;1;1974.0;0;8;-1;-1;12;9;2023;09:15;1;69;69383;2;1;1;1;45.75271;4.88818;4;1;1;2;1;1; -1;1;0;1;30;Blessé léger;1
202300020997;155 643 329;A01;7;0;2;1;1;3;203 801 375;1;1;1;2;1964.0;4;1;-1;-1;12;9;2023;09:00;1;69;69382;2;3;1;3;45.76011;4.83781;4;3;5;2;1;1; -1;1;0;1;50;Indemne;1
202300020997;155 643 329;A01;7;0;2;1;1;3;203 801 375;1;1;1;2;1964.0;4;1;-1;-1;12;9;2023;09:00;1;69;69382;2;3;1;3;45.76011;4.83781;4;1;2;3;1;1; -1;1;0;1;30;Indemne;1
202300020997;155 643 330;B01;1;0;2;1;1;5;203 801 376;1;1;4;2;2003.0;0;8;-1;-1;12;9;2023;09:00;1;69;69382;2;3;1;3;45.76011;4.83781;4;3;5;2;1;1; -1;1;0;1;50;Blessé léger;1
202300020997;155 643 330;B01;1;0;2;1;1;5;203 801 376;1;1;4;2;2003.0;0;8;-1;-1;12;9;2023;09:00;1;69;69382;2;3;1;3;45.76011;4.83781;4;1;2;3;1;1; -1;1;0;1;30;Blessé léger;1
202300021002;155 643 319;A01;7;0;2;6;15;1;203 801 365;1;1;1;1;2004.0;2;1;-1;-1;21;12;2023;13:25;1;29;29019;2;2;1;3;48.405518;-4.484843;4;-1; -1;0;2;1;2;1;0;1;30;Indemne;3
202300021002;155 643 319;A01;7;0;2;6;15;1;203 801 365;1;1;1;1;2004.0;2;1;-1;-1;21;12;2023;13:25;1;29;29019;2;2;1;3;48.405518;-4.484843;4;1; -1;-1;1;1; -1;1;0;1;20;Indemne;3
202300021002;155 643 321;B01;1;0;2;0;1;5;203 801 367;1;1;4;1;1989.0;4;2;-1;-1;21;12;2023;13:25;1;29;29019;2;2;1;3;48.405518;-4.484843;4;-1; -1;0;2;1;2;1;0;1;30;Blessé léger;3
202300021002;155 643 321;B01;1;0;2;0;1;5;203 801 367;1;1;4;1;1989.0;4;2;-1;-1;21;12;2023;13:25;1;29;29019;2;2;1;3;48.405518;-4.484843;4;1; -1;-1;1;1; -1;1;0;1;20;Blessé léger;3
202300021003;155 643 316;A01;7;0;2;2;15;1;203 801 362;1;1;1;1;1980.0;9;8;-1;-1;11;9;2023;08:10;1;69;69149;2;1;1;3;45.70871;4.79872;7;2;2;2;2;1; -1;1;0;1;50;Indemne;0
202300021003;155 643 317;B01;1;0;2;1;0;5;203 801 363;1;1;4;2;1989.0;1;2;-1;-1;11;9;2023;08:10;1;69;69149;2;1;1;3;45.70871;4.79872;7;2;2;2;2;1; -1;1;0;1;50;Blessé léger;0
202300021009;155 643 306;B01;1;0;2;3;25;5;203 801 344;1;1;4;1;1982.0;1;2;4;-1;20;12;2023;07:30;5;29;29019;2;3;1;3;48.388446;-4.515781;4;2;2;1;2;1; -1;1;0;4;50;Blessé léger;2
202300021009;155 643 306;B01;1;0;2;3;25;5;203 801 344;1;1;4;1;1982.0;1;2;4;-1;20;12;2023;07:30;5;29;29019;2;3;1;3;48.388446;-4.515781;4;2;2;1;2;1; -1;1;0;4;50;Blessé léger;2
202300021009;155 643 309;A01;80;0;2;2;25;3;203 801 349;1;1;1;1;1964.0;1;2;6;-1;20;12;2023;07:30;5;29;29019;2;3;1;3;48.388446;-4.515781;4;2;2;1;2;1; -1;1;0;4;50;Indemne;2
202300021009;155 643 309;A01;80;0;2;2;25;3;203 801 349;1;1;1;1;1964.0;1;2;6;-1;20;12;2023;07:30;5;29;29019;2;3;1;3;48.388446;-4.515781;4;2;2;1;2;1; -1;1;0;4;50;Indemne;2
202300021013;155 643 301;A01;1;0;5;1;1;5;203 801 335;1;1;3;1;1942.0;5;2;-1;-1;29;1;2023;10:15;1;29;29015;2;9;1;6;48.501283;-4.507195;4;2;2;0;1;1;6;1;0;1;30;Blessé hospitalisé;6
202300021028;155 643 274;A01;7;0;2;3;9;1;203 801 302;1;1;1;1;1967.0;0;1;-1;-1;30;1;2023;13:30;1;50;50483;2;6;1;3;49.104726;-1.175878;3;1;1;0;1;2; -1;2;0;1;50;Indemne;0
202300021028;155 643 276;B01;1;0;2;5;1;5;203 801 304;1;1;4;1;1954.0;5;2;-1;-1;30;1;2023;13:30;1;50;50483;2;6;1;3;49.104726;-1.175878;3;1;1;0;1;2; -1;2;0;1;50;Blessé léger;0
202300021035;155 643 262;A01;7;0;2;2;15;1;203 801 286;1;1;1;1;2002.0;1;1;-1;-1;20;1;2023;08:00;2;40;40224;2;4;8;3;43.547209;-1.113771;3;2;2;0;1;1; -1;2;0;1;50;Indemne;4
202300021035;155 643 262;A01;7;0;2;2;15;1;203 801 286;1;1;1;1;2002.0;1;1;-1;-1;20;1;2023;08:00;2;40;40224;2;4;8;3;43.547209;-1.113771;3;2; -1;-1;-1;-1; -1;-1;-1;-1;-1;Indemne;4
202300021035;155 643 264;B01;1;0;2;1;1;5;203 801 288;1;1;2;1;1948.0;5;0;-1;-1;20;1;2023;08:00;2;40;40224;2;4;8;3;43.547209;-1.113771;3;2;2;0;1;1; -1;2;0;1;50;Tué;4
202300021035;155 643 264;B01;1;0;2;1;1;5;203 801 288;1;1;2;1;1948.0;5;0;-1;-1;20;1;2023;08:00;2;40;40224;2;4;8;3;43.547209;-1.113771;3;2; -1;-1;-1;-1; -1;-1;-1;-1;-1;Tué;4
202300021038;155 643 256;A01;7;0;2;2;19;1;203 801 280;1;1;1;2;1936.0;5;8;-1;-1;29;1;2023;12:15;1;24;24034;1;2;8;3;44.981151;0.476312;4;2;2;0;1;1;4;1;0;1;80;Indemne;6
202300021038;155 643 256;A01;7;0;2;2;19;1;203 801 280;1;1;1;2;1936.0;5;8;-1;-1;29;1;2023;12:15;1;24;24034;1;2;8;3;44.981151;0.476312;4;2;2;0;3;1;4;1;0;1;60;Indemne;6
202300021038;155 643 258;B01;1;0;2;1;1;5;203 801 282;1;1;4;1;1975.0;5;2;9;-1;29;1;2023;12:15;1;24;24034;1;2;8;3;44.981151;0.476312;4;2;2;0;1;1;4;1;0;1;80;Blessé léger;6
202300021038;155 643 258;B01;1;0;2;1;1;5;203 801 282;1;1;4;1;1975.0;5;2;9;-1;29;1;2023;12:15;1;24;24034;1;2;8;3;44.981151;0.476312;4;2;2;0;3;1;4;1;0;1;60;Blessé léger;6
202300021074;155 643 189;Z01;30;0;2;0;1;0;203 801 200;1;1;1;1;2000.0;-1;-1;-1;-1;21;12;2023;18:10;5;75;75117;2;3;1;3;48.88277489;2.31018484;4;2;2;0;1;1; -1;1;0;1;50;Indemne;3
202300021074;155 643 189;Z01;30;0;2;0;1;0;203 801 200;1;1;1;1;2000.0;-1;-1;-1;-1;21;12;2023;18:10;5;75;75117;2;3;1;3;48.88277489;2.31018484;4;2; -1;-1;1;1; -1;1;0;1;50;Indemne;3
202300021074;155 643 191;A01;1;0;2;3;19;5;203 801 202;1;1;4;1;1955.0;5;2;0;-1;21;12;2023;18:10;5;75;75117;2;3;1;3;48.88277489;2.31018484;4;2;2;0;1;1; -1;1;0;1;50;Blessé léger;3
202300021074;155 643 191;A01;1;0;2;3;19;5;203 801 202;1;1;4;1;1955.0;5;2;0;-1;21;12;2023;18:10;5;75;75117;2;3;1;3;48.88277489;2.31018484;4;2; -1;-1;1;1; -1;1;0;1;50;Blessé léger;3
202300021084;155 643 171;A01;7;0;0;1;1;1;203 801 180;1;1;1;1;2003.0;5;1;-1;-1;30;1;2023;20:00;5;07;07324;2;1;1;1;45.067756;4.83458;3;2;2;0;1;1; -1;1;0;8;30;Indemne;0
202300021084;155 643 172;B01;1;0;2;7;19;5;203 801 182;1;1;3;1;2001.0;5;0;0;-1;30;1;2023;20:00;5;07;07324;2;1;1;1;45.067756;4.83458;3;2;2;0;1;1; -1;1;0;8;30;Blessé hospitalisé;0
202300021086;155 643 166;B01;1;0;2;8;19;5;203 801 175;1;1;3;1;1951.0;3;0;-1;-1;28;1;2023;10:50;1;69;69019;2;2;1;3;46.108667;4.749656;3;2;2;0;1;1; -1;1;0;1;50;Blessé hospitalisé;5
202300021086;155 643 166;B01;1;0;2;8;19;5;203 801 175;1;1;3;1;1951.0;3;0;-1;-1;28;1;2023;10:50;1;69;69019;2;2;1;3;46.108667;4.749656;3;2;2;0;1;1;3;1;9;1;50;Blessé hospitalisé;5
202300021086;155 643 167;A01;7;0;2;2;1;1;203 801 176;1;1;1;1;1927.0;3;1;-1;-1;28;1;2023;10:50;1;69;69019;2;2;1;3;46.108667;4.749656;3;2;2;0;1;1; -1;1;0;1;50;Indemne;5
202300021086;155 643 167;A01;7;0;2;2;1;1;203 801 176;1;1;1;1;1927.0;3;1;-1;-1;28;1;2023;10:50;1;69;69019;2;2;1;3;46.108667;4.749656;3;2;2;0;1;1;3;1;9;1;50;Indemne;5
202300021088;155 643 162;B01;1;12;2;4;1;5;203 801 171;1;1;4;1;1937.0;5;0;-1;-1;30;1;2023;09:20;1;81;81099;2;1;1;3;43.9079378;1.89792;3;2;2;0;1;1; -1;1;0;1;30;Blessé léger;0
202300021088;155 643 163;A01;7;0;2;2;1;0;203 801 172;1;1;1;1;1968.0;4;1;-1;-1;30;1;2023;09:20;1;81;81099;2;1;1;3;43.9079378;1.89792;3;2;2;0;1;1; -1;1;0;1;30;Indemne;0
202300021092;155 643 159;A01;1;0;1;1;1;5;203 801 167;1;1;4;1;1987.0;1;8;0;-1;20;12;2023;18:40;5;75;75114;2;1;1;6;48.819655;2.341933;4;1;4;1;1;1; -1;2;0;5;50;Blessé léger;2
202300021092;155 643 159;A01;1;0;1;1;1;5;203 801 168;10;3;3;2;2011.0;5;0;-1;-1;20;12;2023;18:40;5;75;75114;2;1;1;6;48.819655;2.341933;4;1;4;1;1;1; -1;2;0;5;50;Blessé hospitalisé;2
202300021111;155 643 130;A01;1;14;0;8;23;5;203 801 089;1;1;4;2;1948.0;5;2;6;-1;21;12;2023;21:05;5;75;75102;2;2;1;7;48.871491;2.343082;4;2;5;1;1;1; -1;2;0;5;30;Blessé léger;3
202300021111;155 643 130;A01;1;14;0;8;23;5;203 801 089;1;1;4;2;1948.0;5;2;6;-1;21;12;2023;21:05;5;75;75102;2;2;1;7;48.871491;2.343082;4;1;3;1;1;1; -1;2;0;5;30;Blessé léger;3
202300021113;155 643 127;B01;1;0;2;0;0;5;203 801 086;1;1;4;1;1967.0;0;0;0;0;21;12;2023;16:15;1;94;94078;2;3;2;3;48.731068;2.44671;2;3;4;-1;1;1; -1;2;0;1;-1;Blessé léger;3
202300021113;155 643 127;B01;1;0;2;0;0;5;203 801 086;1;1;4;1;1967.0;0;0;0;0;21;12;2023;16:15;1;94;94078;2;3;2;3;48.731068;2.44671;2;-1; -1;0;1;1; -1;2;0;1;50;Blessé léger;3
202300021113;155 643 128;A01;7;0;2;1;2;0;203 801 087;1;1;1;1;1996.0;0;1;0;0;21;12;2023;16:15;1;94;94078;2;3;2;3;48.731068;2.44671;2;3;4;-1;1;1; -1;2;0;1;-1;Indemne;3
202300021113;155 643 128;A01;7;0;2;1;2;0;203 801 087;1;1;1;1;1996.0;0;1;0;0;21;12;2023;16:15;1;94;94078;2;3;2;3;48.731068;2.44671;2;-1; -1;0;1;1; -1;2;0;1;50;Indemne;3
202300021132;155 643 093;A01;1;0;2;4;1;5;203 801 045;1;1;3;2;2004.0;9;2;8;-1;20;12;2023;19:10;5;92;92044;2;1;2;3;48.8951056;2.29501963;4;2;2;0;1;1; -1;2;0;1;30;Blessé hospitalisé;2
202300021132;155 643 094;B01;7;0;2;2;1;1;203 801 046;1;1;1;2;2000.0;5;1;8;-1;20;12;2023;19:10;5;92;92044;2;1;2;3;48.8951056;2.29501963;4;2;2;0;1;1; -1;2;0;1;30;Indemne;2
202300021144;155 643 075;A01;10;0;9;2;2;1;203 801 020;1;1;1;1;1974.0;1;1;-1;-1;20;12;2023;18:10;3;18;18146;1;1;1;3;47.324411;2.855201;3;2;2;0;1;1;5;1;0;1;80;Indemne;2
202300021144;155 643 076;B01;1;0;0;8;2;5;203 801 021;1;1;3;1;2009.0;5;0;-1;-1;20;12;2023;18:10;3;18;18146;1;1;1;3;47.324411;2.855201;3;2;2;0;1;1;5;1;0;1;80;Blessé hospitalisé;2
202300021148;155 643 067;A01;7;0;9;1;1;1;203 801 012;1;1;1;2;1980.0;1;1;-1;-1;21;12;2023;17:19;3;51;51217;1;1;2;2;49.084263;3.657428;3;2;2;0;1;1;7;2;0;1;90;Indemne;3
202300021148;155 643 068;B01;1;0;0;4;1;5;203 801 013;1;1;4;1;1989.0;1;4;-1;-1;21;12;2023;17:19;3;51;51217;1;1;2;2;49.084263;3.657428;3;2;2;0;1;1;7;2;0;1;90;Blessé léger;3
202300021178;155 643 021;A01;1;0;2;1;1;5;203 800 944;1;1;4;1;1984.0;5;2;9;-1;20;12;2023;20:00;5;77;77466;2;1;2;3;48.82237136;2.90315068;3;2;2;0;2;1; -1;2;0;1;50;Blessé léger;2
202300021178;155 643 022;B01;7;0;2;2;15;1;203 800 945;1;1;1;1;1972.0;1;1;-1;-1;20;12;2023;20:00;5;77;77466;2;1;2;3;48.82237136;2.90315068;3;2;2;0;2;1; -1;2;0;1;50;Indemne;2
202300021179;155 643 019;A01;7;0;9;2;2;1;203 800 942;1;1;1;1;2004.0;0;0;-1;-1;22;12;2023;15:05;1;34;34081;1;1;1;2;43.305645;3.137214;3;2;2;0;2;1;6;1;0;1;80;Indemne;4
202300021179;155 643 020;B01;1;0;2;4;2;5;203 800 943;1;1;3;1;2006.0;5;2;-1;-1;22;12;2023;15:05;1;34;34081;1;1;1;2;43.305645;3.137214;3;2;2;0;2;1;6;1;0;1;80;Blessé hospitalisé;4
202300021180;155 643 013;A01;1;0;0;4;1;5;203 800 936;1;1;3;1;1977.0;1;0;-1;-1;21;12;2023;19:50;5;21;21038;1;1;2;2;47.1944;5.42819;3;2;2;0;1;1;4;2;0;1;70;Blessé hospitalisé;3
202300021207;155 642 965;A01;10;0;2;1;1;1;203 800 880;1;1;1;1;1981.0;4;1;0;-1;9;10;2023;16:45;1;25;25031;2;6;1;3;47.47855;6.84892;3;2;2;0;1;1; -1;1;5;1;50;Indemne;0
202300021207;155 642 965;A01;10;0;2;1;1;1;203 800 880;1;1;1;1;1981.0;4;1;0;-1;9;10;2023;16:45;1;25;25031;2;6;1;3;47.47855;6.84892;3;2;2;0;1;1; -1;1;5;1;50;Indemne;0
202300021207;155 642 966;B01;1;0;2;7;19;5;203 800 881;1;1;3;2;1963.0;5;2;0;-1;9;10;2023;16:45;1;25;25031;2;6;1;3;47.47855;6.84892;3;2;2;0;1;1; -1;1;5;1;50;Blessé hospitalisé;0
202300021207;155 642 966;B01;1;0;2;7;19;5;203 800 881;1;1;3;2;1963.0;5;2;0;-1;9;10;2023;16:45;1;25;25031;2;6;1;3;47.47855;6.84892;3;2;2;0;1;1; -1;1;5;1;50;Blessé hospitalisé;0
202300021225;155 642 927;B01;1;0;2;1;1;5;203 800 830;1;1;4;1;1991.0;4;8;0;-1;14;10;2023;22:15;5;75;75116;2;3;1;3;48.85128;2.278359;4;2;2;0;1;1; -1;1;0;1;30;Blessé léger;5
202300021225;155 642 927;B01;1;0;2;1;1;5;203 800 830;1;1;4;1;1991.0;4;8;0;-1;14;10;2023;22:15;5;75;75116;2;3;1;3;48.85128;2.278359;4;2;2;0;1;1; -1;1;0;1;30;Blessé léger;5
202300021225;155 642 928;A01;7;0;2;2;10;2;203 800 831;1;1;1;1;1988.0;9;1;0;-1;14;10;2023;22:15;5;75;75116;2;3;1;3;48.85128;2.278359;4;2;2;0;1;1; -1;1;0;1;30;Indemne;5
202300021225;155 642 928;A01;7;0;2;2;10;2;203 800 831;1;1;1;1;1988.0;9;1;0;-1;14;10;2023;22:15;5;75;75116;2;3;1;3;48.85128;2.278359;4;2;2;0;1;1; -1;1;0;1;30;Indemne;5
202300021242;155 642 897;A01;7;0;9;7;2;0;203 800 789;1;1;1;1;1937.0;5;1;-1;-1;14;10;2023;09:35;1;80;80136;1;1;7;5;49.965328;2.717571;3;2;2;0;4;1;7;1;0;1;80;Indemne;5
202300021242;155 642 898;B01;1;0;0;8;2;5;203 800 790;1;1;4;1;1975.0;5;2;4;9;14;10;2023;09:35;1;80;80136;1;1;7;5;49.965328;2.717571;3;2;2;0;4;1;7;1;0;1;80;Blessé léger;5
202300021242;155 642 899;C01;1;0;0;8;2;5;203 800 791;1;1;1;1;1990.0;5;2;6;9;14;10;2023;09:35;1;80;80136;1;1;7;5;49.965328;2.717571;3;2;2;0;4;1;7;1;0;1;80;Indemne;5
202300021247;155 642 888;B01;1;0;2;4;2;5;203 800 779;1;1;3;1;1948.0;5;2;-1;-1;14;10;2023;13:45;1;59;59229;1;6;7;2;50.041083;4.027637;3;-1;2;0;1;1;5;1;5;1;30;Blessé hospitalisé;5
202300021247;155 642 889;A01;7;0;9;1;2;1;203 800 780;1;1;1;1;1964.0;5;1;-1;-1;14;10;2023;13:45;1;59;59229;1;6;7;2;50.041083;4.027637;3;-1;2;0;1;1;5;1;5;1;30;Indemne;5
202300021258;155 642 875;A01;1;13;0;4;0;5;203 800 762;1;1;2;1;1969.0;1;4;-1;-1;13;10;2023;00:00;3;47;47248;1;1;1;2;44.15905097;0.72293096;3;2;2;0;2;1; -1;1;0;1;-1;Tué;4
202300021258;155 642 876;B01;7;0;2;2;1;1;203 800 763;1;1;1;1;2004.0;5;1;-1;-1;13;10;2023;00:00;3;47;47248;1;1;1;2;44.15905097;0.72293096;3;2;2;0;2;1; -1;1;0;1;-1;Indemne;4
202300021260;155 642 872;A01;7;0;2;2;19;1;203 800 759;1;1;1;2;1985.0;0;1;-1;-1;14;10;2023;10:45;1;29;29160;2;3;1;3;48.456399;-4.455326;4;2;2;0;1;1; -1;1;0;1;30;Indemne;5
202300021260;155 642 873;B01;1;0;2;1;16;5;203 800 760;1;1;4;2;1957.0;0;0;-1;-1;14;10;2023;10:45;1;29;29160;2;3;1;3;48.456399;-4.455326;4;2;2;0;1;1; -1;1;0;1;30;Blessé léger;5
202300021265;155 642 863;A01;1;0;0;0;0;5;203 800 748;1;1;3;1;1946.0;0;2;-1;-1;11;10;2023;09:25;1;72;72208;1;1;1;3;48.106557;0.790436;3;2;2;0;3;3; -1;1;0;1;90;Blessé hospitalisé;2
202300021265;155 642 864;B01;10;0;2;3;2;0;203 800 749;1;1;1;1;1997.0;4;1;-1;-1;11;10;2023;09:25;1;72;72208;1;1;1;3;48.106557;0.790436;3;2;2;0;3;3; -1;1;0;1;90;Indemne;2
202300021272;155 642 851;B01;1;0;2;4;2;5;203 800 733;1;1;2;1;1948.0;5;2;-1;-1;15;10;2023;14:30;1;24;24084;1;1;1;2;44.79627;1.042825;3;2;2;0;1;1;5;1;0;1;80;Tué;6
202300021272;155 642 852;A01;10;0;2;2;2;1;203 800 734;1;1;1;1;1942.0;5;1;-1;-1;15;10;2023;14:30;1;24;24084;1;1;1;2;44.79627;1.042825;3;2;2;0;1;1;5;1;0;1;80;Indemne;6
202300021273;155 642 849;A01;7;0;2;1;1;2;203 800 730;2;2;1;2;1932.0;5;1;-1;-1;11;10;2023;18:20;1;67;67309;2;2;7;1;48.634327;7.715911;7;2;2;0;1;1;4;1;0;1;40;Indemne;2
202300021273;155 642 849;A01;7;0;2;1;1;2;203 800 731;1;1;1;1;1963.0;5;1;-1;-1;11;10;2023;18:20;1;67;67309;2;2;7;1;48.634327;7.715911;7;2;2;0;1;1;4;1;0;1;40;Indemne;2
202300021273;155 642 850;B01;80;0;0;4;1;3;203 800 732;1;1;4;1;1965.0;1;0;-1;-1;11;10;2023;18:20;1;67;67309;2;2;7;1;48.634327;7.715911;7;2;2;0;1;1;4;1;0;1;40;Blessé léger;2
202300021287;155 642 824;A01;7;0;2;2;9;1;203 800 690;1;1;1;2;1975.0;3;1;-1;-1;15;10;2023;09:00;1;69;69020;1;6;1;1;45.85902;4.669581;3;1;2;0;1;3;7;1;0;1;80;Indemne;6
202300021287;155 642 824;A01;7;0;2;2;9;1;203 800 690;1;1;1;2;1975.0;3;1;-1;-1;15;10;2023;09:00;1;69;69020;1;6;1;1;45.85902;4.669581;3;2;2;0;4;3;3;1;0;1;70;Indemne;6
202300021287;155 642 825;B01;1;0;2;7;1;5;203 800 691;1;1;4;1;1959.0;5;2;-1;-1;15;10;2023;09:00;1;69;69020;1;6;1;1;45.85902;4.669581;3;1;2;0;1;3;7;1;0;1;80;Blessé léger;6
202300021287;155 642 825;B01;1;0;2;7;1;5;203 800 691;1;1;4;1;1959.0;5;2;-1;-1;15;10;2023;09:00;1;69;69020;1;6;1;1;45.85902;4.669581;3;2;2;0;4;3;3;1;0;1;70;Blessé léger;6
202300021340;155 642 707;A01;1;0;2;1;1;5;203 800 545;1;1;3;1;2007.0;5;2;-1;-1;4;7;2023;11:40;1;63;63278;1;2;1;3;45.931147;3.171723;3;2;1;0;1;1;5,5;1;5;1;90;Blessé hospitalisé;1
202300021340;155 642 707;A01;1;0;2;1;1;5;203 800 545;1;1;3;1;2007.0;5;2;-1;-1;4;7;2023;11:40;1;63;63278;1;2;1;3;45.931147;3.171723;3;2;2;0;1;1;5,5;1;0;1;90;Blessé hospitalisé;1
202300021340;155 642 709;B01;7;0;9;2;1;1;203 800 547;1;1;1;1;1967.0;1;1;-1;-1;4;7;2023;11:40;1;63;63278;1;2;1;3;45.931147;3.171723;3;2;1;0;1;1;5,5;1;5;1;90;Indemne;1
202300021340;155 642 709;B01;7;0;9;2;1;1;203 800 547;1;1;1;1;1967.0;1;1;-1;-1;4;7;2023;11:40;1;63;63278;1;2;1;3;45.931147;3.171723;3;2;2;0;1;1;5,5;1;0;1;90;Indemne;1
202300021341;155 642 706;B01;7;0;2;2;15;1;203 800 544;1;1;1;1;1989.0;1;1;8;-1;13;10;2023;11:30;1;72;72181;2;9;1;3;47.99275;0.19828;4;2;2;0;1;1; -1;1;0;1;30;Indemne;4
202300021341;155 642 708;A01;1;0;0;0;16;5;203 800 546;1;1;4;1;1954.0;0;8;0;-1;13;10;2023;11:30;1;72;72181;2;9;1;3;47.99275;0.19828;4;2;2;0;1;1; -1;1;0;1;30;Blessé léger;4
202300021359;155 642 670;A01;1;0;2;1;1;5;203 800 499;1;1;4;2;1963.0;0;8;8;-1;13;10;2023;17:30;1;67;67482;2;9;1;1;48.6193;7.79292;7;2;1;0;2;3; -1;1;1;6;-1;Blessé léger;4
202300021359;155 642 671;B01;7;0;2;1;1;3;203 800 500;1;1;1;2;1991.0;1;1;8;-1;13;10;2023;17:30;1;67;67482;2;9;1;1;48.6193;7.79292;7;2;1;0;2;3; -1;1;1;6;-1;Indemne;4
202300021362;155 642 665;B01;1;0;2;1;1;5;203 800 494;1;1;4;2;1987.0;1;2;8;-1;13;10;2023;06:25;5;67;67447;2;3;1;1;48.60642;7.74885;7;2;2;0;1;1;5,5;1;0;1;50;Blessé léger;4
202300021362;155 642 665;B01;1;0;2;1;1;5;203 800 494;1;1;4;2;1987.0;1;2;8;-1;13;10;2023;06:25;5;67;67447;2;3;1;1;48.60642;7.74885;7;2;2;0;1;1;5,5;1;0;1;50;Blessé léger;4
202300021362;155 642 667;A01;7;0;2;3;15;1;203 800 496;1;1;1;1;2001.0;5;1;8;-1;13;10;2023;06:25;5;67;67447;2;3;1;1;48.60642;7.74885;7;2;2;0;1;1;5,5;1;0;1;50;Indemne;4
202300021362;155 642 667;A01;7;0;2;3;15;1;203 800 496;1;1;1;1;2001.0;5;1;8;-1;13;10;2023;06:25;5;67;67447;2;3;1;1;48.60642;7.74885;7;2;2;0;1;1;5,5;1;0;1;50;Indemne;4
202300021367;155 642 657;A01;7;0;2;3;1;1;203 800 486;1;1;1;1;1975.0;1;1;-1;-1;4;7;2023;16:00;1;63;63321;1;1;1;1;45.604798;3.314041;3;2;2;0;2;1;4;1;0;5;90;Indemne;1
202300021367;155 642 658;B01;1;0;2;1;5;5;203 800 487;1;1;3;1;1951.0;5;2;-1;-1;4;7;2023;16:00;1;63;63321;1;1;1;1;45.604798;3.314041;3;2;2;0;2;1;4;1;0;5;90;Blessé hospitalisé;1
202300021385;155 642 629;A01;1;0;2;1;1;5;203 800 447;1;1;3;1;1949.0;5;2;-1;-1;3;7;2023;12:50;1;35;35263;1;2;1;3;48.674176;-1.941914;4;2;2;0;2;1; -1;1;0;1;80;Blessé hospitalisé;0
202300021385;155 642 631;B01;7;0;2;8;19;1;203 800 450;1;1;1;1;1935.0;5;8;-1;-1;3;7;2023;12:50;1;35;35263;1;2;1;3;48.674176;-1.941914;4;2;2;0;2;1; -1;1;0;1;80;Indemne;0