Num_Acc;id_vehicule;num_veh;catv;obs;obsm;choc;manv;motor;id_usager;place;catu;grav;sexe;an_nais;trajet;secu1;secu2;secu3;jour;mois;an;hrmn;lum;dep;com;agg;int;atm;col;lat;long;catr;circ;nbv;vosp;prof;plan;larrout;surf;infra;situ;vma;gravity;day_of_week
202300021390;155 642 621;A01;7;0;2;3;0;1;203 800 436;1;1;1;1;2004.0;0;1;0;-1;10;10;2023;08:30;1;51;51108;2;2;1;3;48.95916;4.38358;4;2;4;0;1;1; -1;1;0;1;50;Indemne;1
202300021390;155 642 621;A01;7;0;2;3;0;1;203 800 436;1;1;1;1;2004.0;0;1;0;-1;10;10;2023;08:30;1;51;51108;2;2;1;3;48.95916;4.38358;4;2;4;0;2;1; -1;1;0;1;50;Indemne;1
202300021390;155 642 622;B01;1;0;2;1;0;5;203 800 437;1;1;3;1;1988.0;0;-1;0;-1;10;10;2023;08:30;1;51;51108;2;2;1;3;48.95916;4.38358;4;2;4;0;1;1; -1;1;0;1;50;Blessé hospitalisé;1
202300021390;155 642 622;B01;1;0;2;1;0;5;203 800 437;1;1;3;1;1988.0;0;-1;0;-1;10;10;2023;08:30;1;51;51108;2;2;1;3;48.95916;4.38358;4;2;4;0;2;1; -1;1;0;1;50;Blessé hospitalisé;1
202300021394;155 642 614;A01;7;0;2;1;1;1;203 800 429;1;1;1;2;2001.0;5;1;0;-1;12;10;2023;12:25;1;49;49007;2;2;1;3;47.47856;-0.54912;4;2;2;0;1;1; -1;1;9;1;30;Indemne;3
202300021394;155 642 614;A01;7;0;2;1;1;1;203 800 429;1;1;1;2;2001.0;5;1;0;-1;12;10;2023;12:25;1;49;49007;2;2;1;3;47.47856;-0.54912;4;2;4;3;1;1; -1;1;0;1;30;Indemne;3
202300021394;155 642 616;B01;1;0;2;8;1;5;203 800 431;1;1;4;1;2009.0;2;8;0;-1;12;10;2023;12:25;1;49;49007;2;2;1;3;47.47856;-0.54912;4;2;2;0;1;1; -1;1;9;1;30;Blessé léger;3
202300021394;155 642 616;B01;1;0;2;8;1;5;203 800 431;1;1;4;1;2009.0;2;8;0;-1;12;10;2023;12:25;1;49;49007;2;2;1;3;47.47856;-0.54912;4;2;4;3;1;1; -1;1;0;1;30;Blessé léger;3
202300021406;155 642 593;A01;7;0;9;1;1;1;203 800 403;1;1;1;2;1999.0;1;1;0;-1;13;10;2023;18:15;1;37;37261;2;1;1;3;47.38012;0.70146;4;2;1;0;1;1; -1;1;0;1;50;Indemne;4
202300021406;155 642 594;B01;1;0;2;1;15;5;203 800 404;1;1;4;1;2013.0;5;8;0;-1;13;10;2023;18:15;1;37;37261;2;1;1;3;47.38012;0.70146;4;2;1;0;1;1; -1;1;0;1;50;Blessé léger;4
202300021431;155 642 549;B01;1;0;0;4;0;5;203 800 340;1;1;4;2;2008.0;5;0;-1;-1;30;6;2023;13:40;1;24;24207;1;1;1;2;44.799439;1.276329;4;2;2;0;1;1; -1;1;0;1;80;Blessé léger;4
202300021449;155 642 512;B01;7;0;2;5;26;1;203 800 283;1;1;1;2;1973.0;0;1;0;-1;13;10;2023;10:44;1;15;15014;2;6;1;3;44.92232;2.42787;3;3;4;0;1;1; -1;1;5;1;50;Indemne;4
202300021449;155 642 514;A01;1;0;2;1;9;5;203 800 285;1;1;4;2;1999.0;0;2;0;-1;13;10;2023;10:44;1;15;15014;2;6;1;3;44.92232;2.42787;3;3;4;0;1;1; -1;1;5;1;50;Blessé léger;4
202300021464;155 642 485;A01;10;0;2;2;16;1;203 800 254;1;1;1;1;1974.0;1;1;-1;-1;27;6;2023;17:00;1;33;33243;2;6;1;3;44.918836;-0.242162;3;1;2;2;1;2; -1;1;5;5;50;Indemne;1
202300021464;155 642 487;B01;1;0;2;8;2;5;203 800 256;1;1;4;1;1984.0;1;0;-1;-1;27;6;2023;17:00;1;33;33243;2;6;1;3;44.918836;-0.242162;3;1;2;2;1;2; -1;1;5;5;50;Blessé léger;1
202300021480;155 642 460;Y01;1;0;0;0;1;5;203 800 222;1;1;4;1;1982.0;1;2;0;-1;20;4;2023;08:25;1;974;97416;1;1;1;7;-21.30497;55.49812;4;2;2;0;2;1; -1;1;9;1;50;Blessé léger;3
202300021483;155 642 456;B01;1;0;2;8;1;5;203 800 218;1;1;4;1;1974.0;1;8;0;-1;20;4;2023;18:50;4;974;97411;2;3;2;3;-20.9031;55.48628;4;3;2;0;2;1; -1;2;0;1;50;Blessé léger;3
202300021483;155 642 456;B01;1;0;2;8;1;5;203 800 218;1;1;4;1;1974.0;1;8;0;-1;20;4;2023;18:50;4;974;97411;2;3;2;3;-20.9031;55.48628;4;-1;1;0;1;1; -1;2;0;1;50;Blessé léger;3
202300021483;155 642 458;A01;7;0;2;2;15;1;203 800 220;1;1;1;1;1984.0;0;1;0;-1;20;4;2023;18:50;4;974;97411;2;3;2;3;-20.9031;55.48628;4;3;2;0;2;1; -1;2;0;1;50;Indemne;3
202300021483;155 642 458;A01;7;0;2;2;15;1;203 800 220;1;1;1;1;1984.0;0;1;0;-1;20;4;2023;18:50;4;974;97411;2;3;2;3;-20.9031;55.48628;4;-1;1;0;1;1; -1;2;0;1;50;Indemne;3
202300021515;155 642 397;A01;80;6;0;1;1;3;203 800 131;1;1;3;2;1991.0;0;8;0;-1;19;4;2023;11:00;1;86;86194;2;1;1;6;46.58585;0.339782;4;1;1;0;2;1; -1;1;0;1;30;Blessé hospitalisé;2
202300021536;155 642 360;A01;7;0;2;1;1;1;203 800 084;1;1;1;1;1993.0;0;1;0;-1;20;4;2023;12:52;1;77;77307;2;1;1;3;48.87189;2.73687;4;2;2;0;2;2; -1;1;0;1;50;Indemne;3
202300021536;155 642 362;B01;1;0;2;1;0;5;203 800 086;1;1;4;1;2006.0;0;8;0;-1;20;4;2023;12:52;1;77;77307;2;1;1;3;48.87189;2.73687;4;2;2;0;2;2; -1;1;0;1;50;Blessé léger;3
202300021551;155 642 335;A01;7;0;0;3;2;1;203 800 051;1;1;1;1;2004.0;1;1;8;-1;30;6;2023;22:57;5;51;51230;2;1;1;1;49.04547;3.9587;4;1;2;0;1;1; -1;1;0;1;50;Indemne;4
202300021551;155 642 336;B01;1;0;2;1;5;5;203 800 052;1;1;3;2;1995.0;5;8;0;-1;30;6;2023;22:57;5;51;51230;2;1;1;1;49.04547;3.9587;4;1;2;0;1;1; -1;1;0;1;50;Blessé hospitalisé;4
202300021556;155 642 325;A01;1;0;2;1;1;5;203 800 042;1;1;4;1;1998.0;5;8;8;-1;20;4;2023;22:15;5;61;61001;2;2;9;3;48.42813;0.0855;4;1;1;0;1;1; -1;1;9;1;30;Blessé léger;3
202300021556;155 642 325;A01;1;0;2;1;1;5;203 800 042;1;1;4;1;1998.0;5;8;8;-1;20;4;2023;22:15;5;61;61001;2;2;9;3;48.42813;0.0855;4;1;1;0;1;1; -1;1;6;1;30;Blessé léger;3
202300021556;155 642 327;B01;7;0;2;3;1;1;203 800 044;1;1;1;2;1969.0;4;1;8;-1;20;4;2023;22:15;5;61;61001;2;2;9;3;48.42813;0.0855;4;1;1;0;1;1; -1;1;9;1;30;Indemne;3
202300021556;155 642 327;B01;7;0;2;3;1;1;203 800 044;1;1;1;2;1969.0;4;1;8;-1;20;4;2023;22:15;5;61;61001;2;2;9;3;48.42813;0.0855;4;1;1;0;1;1; -1;1;6;1;30;Indemne;3
202300021558;155 642 321;A01;10;0;2;3;15;1;203 800 037;1;1;1;1;2000.0;0;1;0;-1;20;4;2023;19:15;1;57;57480;2;3;8;3;49.09393;6.16807;4;2;2;0;1;1; -1;1;0;1;50;Indemne;3
202300021558;155 642 321;A01;10;0;2;3;15;1;203 800 037;1;1;1;1;2000.0;0;1;0;-1;20;4;2023;19:15;1;57;57480;2;3;8;3;49.09393;6.16807;4;2;4;0;1;1; -1;1;0;1;50;Indemne;3
202300021558;155 642 322;B01;1;0;2;8;1;5;203 800 038;1;1;4;1;2001.0;0;2;0;-1;20;4;2023;19:15;1;57;57480;2;3;8;3;49.09393;6.16807;4;2;2;0;1;1; -1;1;0;1;50;Blessé léger;3
202300021558;155 642 322;B01;1;0;2;8;1;5;203 800 038;1;1;4;1;2001.0;0;2;0;-1;20;4;2023;19:15;1;57;57480;2;3;8;3;49.09393;6.16807;4;2;4;0;1;1; -1;1;0;1;50;Blessé léger;3
202300021559;155 642 319;A01;7;0;2;7;2;1;203 800 035;1;1;1;2;1975.0;1;1;-1;-1;1;7;2023;08:35;1;35;35115;2;6;2;3;48.35341031;-1.20088667;4;2;2;2;3;2; -1;2;0;1;30;Indemne;5
202300021559;155 642 319;A01;7;0;2;7;2;1;203 800 035;1;1;1;2;1975.0;1;1;-1;-1;1;7;2023;08:35;1;35;35115;2;6;2;3;48.35341031;-1.20088667;4;1;1;0;4;1; -1;2;0;1;30;Indemne;5
202300021559;155 642 320;B01;1;0;2;8;2;5;203 800 036;1;1;3;1;1962.0;1;8;-1;-1;1;7;2023;08:35;1;35;35115;2;6;2;3;48.35341031;-1.20088667;4;2;2;2;3;2; -1;2;0;1;30;Blessé hospitalisé;5
202300021559;155 642 320;B01;1;0;2;8;2;5;203 800 036;1;1;3;1;1962.0;1;8;-1;-1;1;7;2023;08:35;1;35;35115;2;6;2;3;48.35341031;-1.20088667;4;1;1;0;4;1; -1;2;0;1;30;Blessé hospitalisé;5
202300021570;155 642 300;A01;1;0;2;7;17;5;203 800 009;1;1;4;1;1986.0;5;2;-1;-1;30;6;2023;12:35;1;12;12145;2;1;1;3;44.11591;3.06737;4;2;2;0;2;1; -1;1;0;1;50;Blessé léger;4
202300021570;155 642 301;B01;7;0;2;3;15;1;203 800 010;1;1;1;2;1977.0;1;1;-1;-1;30;6;2023;12:35;1;12;12145;2;1;1;3;44.11591;3.06737;4;2;2;0;2;1; -1;1;0;1;50;Indemne;4
202300021571;155 642 298;A01;7;0;2;5;16;1;203 800 007;1;1;1;2;1980.0;5;1;-1;-1;19;4;2023;17:30;1;39;39198;2;1;1;3;47.097965;5.499544;4;2;2;1;1;3; -1;1;9;5;50;Indemne;2
202300021571;155 642 299;B01;1;0;2;1;1;5;203 800 008;1;1;3;1;1948.0;5;8;8;-1;19;4;2023;17:30;1;39;39198;2;1;1;3;47.097965;5.499544;4;2;2;1;1;3; -1;1;9;5;50;Blessé hospitalisé;2
202300021594;155 642 255;A01;1;0;0;0;21;5;203 799 953;1;1;4;1;1970.0;9;8;0;-1;27;6;2023;19:30;1;75;75114;2;3;1;7;48.836174;2.323471;4;2;4;2;1;1; -1;1;-1;5;50;Blessé léger;1
202300021594;155 642 255;A01;1;0;0;0;21;5;203 799 953;1;1;4;1;1970.0;9;8;0;-1;27;6;2023;19:30;1;75;75114;2;3;1;7;48.836174;2.323471;4;2; -1;-1;1;1; -1;1;-1;5;-1;Blessé léger;1
202300021596;155 642 250;A01;1;0;2;8;15;5;203 799 946;1;1;4;1;2006.0;5;8;0;-1;2;7;2023;13:40;1;75;75114;2;4;1;3;48.82703;2.324971;4;1;2;0;1;1; -1;1;0;1;30;Blessé léger;6
202300021596;155 642 250;A01;1;0;2;8;15;5;203 799 946;1;1;4;1;2006.0;5;8;0;-1;2;7;2023;13:40;1;75;75114;2;4;1;3;48.82703;2.324971;4;1;1;1;1;1; -1;1;0;1;30;Blessé léger;6
202300021596;155 642 252;B01;31;0;2;2;1;1;203 799 948;2;2;1;2;1995.0;5;2;6;-1;2;7;2023;13:40;1;75;75114;2;4;1;3;48.82703;2.324971;4;1;2;0;1;1; -1;1;0;1;30;Indemne;6
202300021596;155 642 252;B01;31;0;2;2;1;1;203 799 948;2;2;1;2;1995.0;5;2;6;-1;2;7;2023;13:40;1;75;75114;2;4;1;3;48.82703;2.324971;4;1;1;1;1;1; -1;1;0;1;30;Indemne;6
202300021596;155 642 252;B01;31;0;2;2;1;1;203 799 949;1;1;1;1;1994.0;5;2;6;-1;2;7;2023;13:40;1;75;75114;2;4;1;3;48.82703;2.324971;4;1;2;0;1;1; -1;1;0;1;30;Indemne;6
202300021596;155 642 252;B01;31;0;2;2;1;1;203 799 949;1;1;1;1;1994.0;5;2;6;-1;2;7;2023;13:40;1;75;75114;2;4;1;3;48.82703;2.324971;4;1;1;1;1;1; -1;1;0;1;30;Indemne;6
202300021598;155 642 247;A01;1;0;2;1;1;5;203 799 940;1;1;3;1;1964.0;5;8;0;-1;2;7;2023;16:45;1;75;75112;2;4;1;2;48.844476;2.368136;4;1;3;0;1;1; -1;1;0;5;30;Blessé hospitalisé;6
202300021598;155 642 247;A01;1;0;2;1;1;5;203 799 940;1;1;3;1;1964.0;5;8;0;-1;2;7;2023;16:45;1;75;75112;2;4;1;2;48.844476;2.368136;4;2;2;1;2;1; -1;1;0;5;30;Blessé hospitalisé;6
202300021598;155 642 248;B01;1;0;2;4;1;5;203 799 943;1;1;1;1;1977.0;5;8;0;-1;2;7;2023;16:45;1;75;75112;2;4;1;2;48.844476;2.368136;4;1;3;0;1;1; -1;1;0;5;30;Indemne;6
202300021598;155 642 248;B01;1;0;2;4;1;5;203 799 943;1;1;1;1;1977.0;5;8;0;-1;2;7;2023;16:45;1;75;75112;2;4;1;2;48.844476;2.368136;4;2;2;1;2;1; -1;1;0;5;30;Indemne;6
202300021600;155 642 243;A01;1;0;2;7;1;5;203 799 935;1;1;4;2;1987.0;5;8;0;-1;2;7;2023;05:35;2;75;75112;2;3;1;3;48.85149;2.369252;4;1;2;0;1;1; -1;1;0;1;30;Blessé léger;6
202300021600;155 642 243;A01;1;0;2;7;1;5;203 799 935;1;1;4;2;1987.0;5;8;0;-1;2;7;2023;05:35;2;75;75112;2;3;1;3;48.85149;2.369252;4;1;1;1;1;1; -1;1;0;1;30;Blessé léger;6
202300021600;155 642 245;B01;7;0;2;8;1;1;203 799 937;1;1;1;1;1989.0;1;1;0;-1;2;7;2023;05:35;2;75;75112;2;3;1;3;48.85149;2.369252;4;1;2;0;1;1; -1;1;0;1;30;Indemne;6
202300021600;155 642 245;B01;7;0;2;8;1;1;203 799 937;1;1;1;1;1989.0;1;1;0;-1;2;7;2023;05:35;2;75;75112;2;3;1;3;48.85149;2.369252;4;1;1;1;1;1; -1;1;0;1;30;Indemne;6
202300021602;155 642 241;B01;1;0;2;1;15;5;203 799 933;1;1;4;2;1972.0;0;2;0;0;19;4;2023;17:30;1;15;15014;2;2;1;3;44.90919;2.4464;4;2;3;0;1;1; -1;1;5;1;50;Blessé léger;2
202300021602;155 642 241;B01;1;0;2;1;15;5;203 799 933;1;1;4;2;1972.0;0;2;0;0;19;4;2023;17:30;1;15;15014;2;2;1;3;44.90919;2.4464;4;2; -1;0;1;1; -1;1;5;1;50;Blessé léger;2
202300021602;155 642 241;B01;1;0;2;1;15;5;203 799 933;1;1;4;2;1972.0;0;2;0;0;19;4;2023;17:30;1;15;15014;2;2;1;3;44.90919;2.4464;4;2;2;0;1;1; -1;1;5;1;50;Blessé léger;2
202300021602;155 642 242;A01;7;0;9;3;1;1;203 799 934;1;1;4;2;1981.0;0;1;0;-1;19;4;2023;17:30;1;15;15014;2;2;1;3;44.90919;2.4464;4;2;3;0;1;1; -1;1;5;1;50;Blessé léger;2
202300021602;155 642 242;A01;7;0;9;3;1;1;203 799 934;1;1;4;2;1981.0;0;1;0;-1;19;4;2023;17:30;1;15;15014;2;2;1;3;44.90919;2.4464;4;2; -1;0;1;1; -1;1;5;1;50;Blessé léger;2
202300021602;155 642 242;A01;7;0;9;3;1;1;203 799 934;1;1;4;2;1981.0;0;1;0;-1;19;4;2023;17:30;1;15;15014;2;2;1;3;44.90919;2.4464;4;2;2;0;1;1; -1;1;5;1;50;Blessé léger;2
202300021606;155 642 234;A01;30;0;2;4;23;1;203 799 923;1;1;1;1;1965.0;1;2;6;-1;1;7;2023;22:30;5;75;75109;2;5;1;2;48.882148;2.333729;4;1; -1;-1;1;1; -1;1;-1;5;-1;Indemne;5
202300021606;155 642 234;A01;30;0;2;4;23;1;203 799 923;1;1;1;1;1965.0;1;2;6;-1;1;7;2023;22:30;5;75;75109;2;5;1;2;48.882148;2.333729;4;1;2;1;2;1; -1;1;-1;5;30;Indemne;5
202300021606;155 642 235;B01;1;0;2;1;1;5;203 799 924;1;1;4;2;1995.0;5;8;0;-1;1;7;2023;22:30;5;75;75109;2;5;1;2;48.882148;2.333729;4;1; -1;-1;1;1; -1;1;-1;5;-1;Blessé léger;5
202300021606;155 642 235;B01;1;0;2;1;1;5;203 799 924;1;1;4;2;1995.0;5;8;0;-1;1;7;2023;22:30;5;75;75109;2;5;1;2;48.882148;2.333729;4;1;2;1;2;1; -1;1;-1;5;30;Blessé léger;5
202300021607;155 642 232;A01;1;0;1;1;1;5;203 799 920;1;1;1;1;1996.0;5;8;0;-1;1;7;2023;20:00;1;75;75108;2;1;1;6;48.878338;2.326973;4;2;2;0;4;1; -1;1;0;1;30;Indemne;5
202300021607;155 642 232;A01;1;0;1;1;1;5;203 799 921;10;3;3;2;1947.0;9;0;-1;-1;1;7;2023;20:00;1;75;75108;2;1;1;6;48.878338;2.326973;4;2;2;0;4;1; -1;1;0;1;30;Blessé hospitalisé;5
202300021610;155 642 226;A01;1;12;2;7;17;5;203 799 914;1;1;1;1;1994.0;4;8;0;-1;1;7;2023;21:25;1;75;75101;2;3;1;3;48.862923;2.350697;4;2;5;0;1;1; -1;1;-1;5;30;Indemne;5
202300021610;155 642 226;A01;1;12;2;7;17;5;203 799 914;1;1;1;1;1994.0;4;8;0;-1;1;7;2023;21:25;1;75;75101;2;3;1;3;48.862923;2.350697;4;-1;0;3;1;1; -1;1;6;5;-1;Indemne;5
202300021610;155 642 227;B01;1;12;2;8;1;5;203 799 915;1;1;4;2;1965.0;5;2;0;-1;1;7;2023;21:25;1;75;75101;2;3;1;3;48.862923;2.350697;4;2;5;0;1;1; -1;1;-1;5;30;Blessé léger;5
202300021610;155 642 227;B01;1;12;2;8;1;5;203 799 915;1;1;4;2;1965.0;5;2;0;-1;1;7;2023;21:25;1;75;75101;2;3;1;3;48.862923;2.350697;4;-1;0;3;1;1; -1;1;6;5;-1;Blessé léger;5
202300021618;155 642 213;A01;80;8;0;1;14;3;203 799 900;1;1;3;1;1982.0;5;2;0;-1;20;4;2023;03:55;5;75;75109;2;2;1;6;48.877786;2.331898;4;2; -1;-1;1;1; -1;1;0;4;30;Blessé hospitalisé;3
202300021618;155 642 213;A01;80;8;0;1;14;3;203 799 900;1;1;3;1;1982.0;5;2;0;-1;20;4;2023;03:55;5;75;75109;2;2;1;6;48.877786;2.331898;4;1;2;0;4;1; -1;1;0;4;30;Blessé hospitalisé;3
202300021619;155 642 212;A01;1;0;0;0;16;5;203 799 899;1;1;4;1;1971.0;9;2;0;-1;2;7;2023;12:20;1;92;92012;2;1;1;7;48.82867183;2.23006904;3;1;1;0;2;3;3;1;0;1;50;Blessé léger;6
202300021621;155 642 211;A01;1;0;0;0;1;5;203 799 898;1;1;4;1;1995.0;9;8;0;-1;21;4;2023;10:32;1;75;75120;2;1;8;7;48.866593;2.383559;4;3;1;1;1;1; -1;1;0;1;30;Blessé léger;4
202300021624;155 642 204;B01;1;0;2;1;2;5;203 799 890;1;1;4;1;1992.0;5;2;0;-1;21;4;2023;19:30;1;75;75116;2;1;1;4;48.862633;2.230855;4;2;3;1;1;1; -1;1;0;5;50;Blessé léger;4
202300021624;155 642 205;A01;1;0;2;4;2;5;203 799 892;1;1;4;1;1963.0;5;2;8;-1;21;4;2023;19:30;1;75;75116;2;1;1;4;48.862633;2.230855;4;2;3;1;1;1; -1;1;0;5;50;Blessé léger;4
202300021624;155 642 206;C01;1;0;2;1;2;5;203 799 893;1;1;4;1;1997.0;5;2;0;-1;21;4;2023;19:30;1;75;75116;2;1;1;4;48.862633;2.230855;4;2;3;1;1;1; -1;1;0;5;50;Blessé léger;4
202300021624;155 642 208;Z01;10;0;2;0;14;1;203 799 895;1;1;1;1;1980.0;-1;8;0;-1;21;4;2023;19:30;1;75;75116;2;1;1;4;48.862633;2.230855;4;2;3;1;1;1; -1;1;0;5;50;Indemne;4
202300021628;155 642 196;B01;1;0;2;3;1;5;203 799 876;1;1;4;1;2005.0;9;2;0;-1;21;4;2023;18:50;1;75;75114;2;1;1;3;48.83265944;2.3310703;4;2;4;3;1;1; -1;1;0;6;30;Blessé léger;4
202300021628;155 642 197;A01;37;0;2;7;9;2;203 799 877;1;1;1;1;1994.0;4;1;0;-1;21;4;2023;18:50;1;75;75114;2;1;1;3;48.83265944;2.3310703;4;2;4;3;1;1; -1;1;0;6;30;Indemne;4
202300021631;155 642 191;A01;1;0;1;1;2;5;203 799 870;1;1;1;1;1985.0;1;2;0;-1;20;4;2023;17:40;1;75;75105;2;2;1;6;48.836806;2.351853;4;2;6;3;1;1; -1;1;6;5;30;Indemne;3
202300021631;155 642 191;A01;1;0;1;1;2;5;203 799 870;1;1;1;1;1985.0;1;2;0;-1;20;4;2023;17:40;1;75;75105;2;2;1;6;48.836806;2.351853;4;2; -1;-1;1;1; -1;1;0;1;30;Indemne;3
202300021631;155 642 191;A01;1;0;1;1;2;5;203 799 872;10;3;4;2;1974.0;9;0;-1;-1;20;4;2023;17:40;1;75;75105;2;2;1;6;48.836806;2.351853;4;2;6;3;1;1; -1;1;6;5;30;Blessé léger;3
202300021631;155 642 191;A01;1;0;1;1;2;5;203 799 872;10;3;4;2;1974.0;9;0;-1;-1;20;4;2023;17:40;1;75;75105;2;2;1;6;48.836806;2.351853;4;2; -1;-1;1;1; -1;1;0;1;30;Blessé léger;3
202300021635;155 642 184;A01;1;0;0;0;21;5;203 799 861;1;1;4;2;2005.0;2;8;0;-1;21;4;2023;14:00;1;75;75110;2;1;1;7;48.871725;2.367896;4;1;2;2;1;1; -1;1;0;1;30;Blessé léger;4
202300021637;155 642 180;A01;33;0;2;1;1;1;203 799 855;1;1;4;1;1993.0;5;2;6;-1;21;4;2023;18:30;1;75;75107;2;2;1;2;48.861049;2.313238;4;2;2;0;1;1; -1;1;0;1;30;Blessé léger;4
202300021637;155 642 180;A01;33;0;2;1;1;1;203 799 855;1;1;4;1;1993.0;5;2;6;-1;21;4;2023;18:30;1;75;75107;2;2;1;2;48.861049;2.313238;4;2;1;0;1;1; -1;1;0;1;30;Blessé léger;4
202300021637;155 642 180;A01;33;0;2;1;1;1;203 799 856;2;2;4;2;1988.0;5;2;0;-1;21;4;2023;18:30;1;75;75107;2;2;1;2;48.861049;2.313238;4;2;2;0;1;1; -1;1;0;1;30;Blessé léger;4
202300021637;155 642 180;A01;33;0;2;1;1;1;203 799 856;2;2;4;2;1988.0;5;2;0;-1;21;4;2023;18:30;1;75;75107;2;2;1;2;48.861049;2.313238;4;2;1;0;1;1; -1;1;0;1;30;Blessé léger;4
202300021637;155 642 182;B01;1;0;2;5;14;5;203 799 858;1;1;3;1;1993.0;5;2;0;-1;21;4;2023;18:30;1;75;75107;2;2;1;2;48.861049;2.313238;4;2;2;0;1;1; -1;1;0;1;30;Blessé hospitalisé;4
202300021637;155 642 182;B01;1;0;2;5;14;5;203 799 858;1;1;3;1;1993.0;5;2;0;-1;21;4;2023;18:30;1;75;75107;2;2;1;2;48.861049;2.313238;4;2;1;0;1;1; -1;1;0;1;30;Blessé hospitalisé;4
202300021640;155 642 175;A01;32;0;2;1;1;1;203 799 851;1;1;1;1;1997.0;9;2;6;-1;21;4;2023;19:15;1;75;75104;2;2;1;2;48.855851;2.350816;4;2;2;0;1;1; -1;1;2;1;30;Indemne;4
202300021640;155 642 175;A01;32;0;2;1;1;1;203 799 851;1;1;1;1;1997.0;9;2;6;-1;21;4;2023;19:15;1;75;75104;2;2;1;2;48.855851;2.350816;4;1;4;0;1;1; -1;1;0;1;50;Indemne;4
202300021640;155 642 178;B01;1;0;2;5;16;5;203 799 852;1;1;4;1;1979.0;9;2;0;-1;21;4;2023;19:15;1;75;75104;2;2;1;2;48.855851;2.350816;4;2;2;0;1;1; -1;1;2;1;30;Blessé léger;4
202300021640;155 642 178;B01;1;0;2;5;16;5;203 799 852;1;1;4;1;1979.0;9;2;0;-1;21;4;2023;19:15;1;75;75104;2;2;1;2;48.855851;2.350816;4;1;4;0;1;1; -1;1;0;1;50;Blessé léger;4
202300021658;155 642 144;A01;7;0;2;1;1;1;203 799 815;1;1;1;1;1968.0;5;1;-1;-1;3;7;2023;12:30;1;39;39201;1;1;1;2;46.655915;5.790881;3;2;2;0;3;3;5,5;1;0;1;80;Indemne;0
202300021658;155 642 145;B01;1;0;0;4;1;5;203 799 816;1;1;3;1;1987.0;5;2;-1;-1;3;7;2023;12:30;1;39;39201;1;1;1;2;46.655915;5.790881;3;2;2;0;3;3;5,5;1;0;1;80;Blessé hospitalisé;0
202300021664;155 642 134;A01;7;0;9;1;2;1;203 799 803;1;1;1;1;1999.0;5;1;-1;-1;2;7;2023;02:10;3;34;34154;1;1;1;2;43.559014;4.030094;3;3;2;0;4;2;7;1;3;1;90;Indemne;6
202300021664;155 642 136;B01;80;0;0;4;2;3;203 799 805;1;1;2;1;1997.0;5;0;-1;-1;2;7;2023;02:10;3;34;34154;1;1;1;2;43.559014;4.030094;3;3;2;0;4;2;7;1;3;1;90;Tué;6
202300021673;155 642 119;A01;1;0;0;0;1;5;203 799 781;1;1;4;1;1998.0;0;8;0;-1;21;4;2023;18:55;1;92;92024;2;3;1;7;48.90212166;2.30705649;3;1;3;1;1;1;10,5;1;0;5;50;Blessé léger;4
202300021673;155 642 119;A01;1;0;0;0;1;5;203 799 781;1;1;4;1;1998.0;0;8;0;-1;21;4;2023;18:55;1;92;92024;2;3;1;7;48.90212166;2.30705649;3;1;3;0;1;1;10,5;1;0;1;30;Blessé léger;4
202300021701;155 642 079;B01;1;0;2;1;19;5;203 799 722;1;1;3;1;2008.0;5;0;-1;-1;21;4;2023;19:08;1;76;76529;2;1;1;1;49.72743;0.562243;4;2;2;0;2;1; -1;1;0;1;50;Blessé hospitalisé;4
202300021701;155 642 081;A01;7;0;2;1;1;1;203 799 724;1;1;1;1;1985.0;5;1;-1;-1;21;4;2023;19:08;1;76;76529;2;1;1;1;49.72743;0.562243;4;2;2;0;2;1; -1;1;0;1;50;Indemne;4
202300021706;155 642 071;A01;1;0;0;1;0;5;203 799 708;1;1;4;1;1943.0;5;2;-1;-1;2;7;2023;09:22;1;06;06141;1;1;1;7;43.858018;7.124226;3;2;2;0;2;2;5;1;0;1;80;Blessé léger;6
202300021707;155 642 068;A01;7;0;2;8;15;3;203 799 705;1;1;1;2;2003.0;1;1;-1;-1;22;4;2023;08:10;1;71;71016;1;3;1;3;46.438733;4.766183;3;2;2;0;2;1;5,5;1;5;1;80;Indemne;5
202300021707;155 642 068;A01;7;0;2;8;15;3;203 799 705;1;1;1;2;2003.0;1;1;-1;-1;22;4;2023;08:10;1;71;71016;1;3;1;3;46.438733;4.766183;3;-1;2;0;1;3;5,5;1;5;8;80;Indemne;5
202300021707;155 642 070;B01;1;0;2;1;1;5;203 799 707;1;1;4;1;1967.0;5;2;4;9;22;4;2023;08:10;1;71;71016;1;3;1;3;46.438733;4.766183;3;2;2;0;2;1;5,5;1;5;1;80;Blessé léger;5
202300021707;155 642 070;B01;1;0;2;1;1;5;203 799 707;1;1;4;1;1967.0;5;2;4;9;22;4;2023;08:10;1;71;71016;1;3;1;3;46.438733;4.766183;3;-1;2;0;1;3;5,5;1;5;8;80;Blessé léger;5
202300021741;155 642 011;A01;80;0;0;0;0;3;203 799 616;1;1;3;1;1991.0;5;0;-1;-1;8;8;2023;19:00;1;65;65362;2;7;1;7;42.962857;-0.068166;9;-1;2;0;1;1; -1;9;9;1;50;Blessé hospitalisé;1