Num_Acc;id_vehicule;num_veh;catv;obs;obsm;choc;manv;motor;id_usager;place;catu;grav;sexe;an_nais;trajet;secu1;secu2;secu3;jour;mois;an;hrmn;lum;dep;com;agg;int;atm;col;lat;long;catr;circ;nbv;vosp;prof;plan;larrout;surf;infra;situ;vma;gravity;day_of_week
202300021743;155 642 008;A01;1;0;2;8;10;5;203 799 613;1;1;3;1;1966.0;5;2;-1;-1;27;7;2023;11:50;1;69;69018;1;9;1;3;46.16388973;4.56916345;3;2;2;0;1;1;8;1;0;1;80;Blessé hospitalisé;3
202300021743;155 642 009;B01;10;0;2;1;2;1;203 799 615;1;1;1;1;1990.0;3;1;-1;-1;27;7;2023;11:50;1;69;69018;1;9;1;3;46.16388973;4.56916345;3;2;2;0;1;1;8;1;0;1;80;Indemne;3
202300021749;155 642 000;A01;80;6;0;1;1;3;203 799 602;1;1;3;1;1999.0;5;2;-1;-1;7;8;2023;18:20;1;63;63209;2;3;1;6;45.488874;3.165243;3;2;2;0;2;1;4;1;0;1;50;Blessé hospitalisé;0
202300021749;155 642 000;A01;80;6;0;1;1;3;203 799 602;1;1;3;1;1999.0;5;2;-1;-1;7;8;2023;18:20;1;63;63209;2;3;1;6;45.488874;3.165243;3;2;2;0;1;1;4;1;0;1;50;Blessé hospitalisé;0
202300021768;155 641 970;A01;7;0;9;1;9;0;203 799 555;1;1;1;1;1963.0;0;1;-1;-1;22;4;2023;09:20;1;60;60282;2;2;3;3;49.18438;2.413395;3;2;2;0;1;1;5,5;2;0;1;-1;Indemne;5
202300021768;155 641 970;A01;7;0;9;1;9;0;203 799 555;1;1;1;1;1963.0;0;1;-1;-1;22;4;2023;09:20;1;60;60282;2;2;3;3;49.18438;2.413395;3;2; -1;-1;1;1; -1;2;0;1;-1;Indemne;5
202300021768;155 641 971;B01;1;0;2;7;1;5;203 799 556;1;1;4;2;1989.0;5;2;9;-1;22;4;2023;09:20;1;60;60282;2;2;3;3;49.18438;2.413395;3;2;2;0;1;1;5,5;2;0;1;-1;Blessé léger;5
202300021768;155 641 971;B01;1;0;2;7;1;5;203 799 556;1;1;4;2;1989.0;5;2;9;-1;22;4;2023;09:20;1;60;60282;2;2;3;3;49.18438;2.413395;3;2; -1;-1;1;1; -1;2;0;1;-1;Blessé léger;5
202300021771;155 641 964;A01;7;0;2;0;1;1;203 799 549;1;1;1;2;1980.0;0;1;-1;-1;7;8;2023;16:16;1;64;64405;2;6;1;3;43.322887;-0.299002;3;4;2;0;1;2;7;1;0;1;50;Indemne;0
202300021771;155 641 965;B01;1;0;0;8;15;5;203 799 550;1;1;4;1;1952.0;3;4;-1;-1;7;8;2023;16:16;1;64;64405;2;6;1;3;43.322887;-0.299002;3;4;2;0;1;2;7;1;0;1;50;Blessé léger;0
202300021772;155 641 962;A01;1;0;0;0;0;5;203 799 546;1;1;3;1;2004.0;5;2;6;-1;8;8;2023;10:28;1;43;43203;2;1;1;7;45.130136;4.053805;4;2;2;0;2;1; -1;1;0;1;50;Blessé hospitalisé;1
202300021779;155 641 950;A01;7;0;9;7;26;1;203 799 531;1;1;1;1;1999.0;9;1;-1;-1;7;8;2023;20:03;2;85;85073;1;2;7;3;46.487945;-1.17705;4;2;2;0;1;1; -1;1;0;1;80;Indemne;0
202300021779;155 641 950;A01;7;0;9;7;26;1;203 799 531;1;1;1;1;1999.0;9;1;-1;-1;7;8;2023;20:03;2;85;85073;1;2;7;3;46.487945;-1.17705;4;2; -1;-1;1;1; -1;1;0;1;-1;Indemne;0
202300021779;155 641 952;B01;1;0;2;1;1;5;203 799 533;1;1;3;1;1946.0;5;2;-1;-1;7;8;2023;20:03;2;85;85073;1;2;7;3;46.487945;-1.17705;4;2;2;0;1;1; -1;1;0;1;80;Blessé hospitalisé;0
202300021779;155 641 952;B01;1;0;2;1;1;5;203 799 533;1;1;3;1;1946.0;5;2;-1;-1;7;8;2023;20:03;2;85;85073;1;2;7;3;46.487945;-1.17705;4;2; -1;-1;1;1; -1;1;0;1;-1;Blessé hospitalisé;0
202300021790;155 641 922;B01;1;0;2;0;1;5;203 799 497;1;1;3;1;1992.0;5;2;9;-1;8;8;2023;13:45;1;38;38253;1;1;1;1;45.033979;6.091704;3;2;2;0;2;3;5,5;1;0;1;70;Blessé hospitalisé;1
202300021790;155 641 924;A01;7;0;9;3;1;1;203 799 499;1;1;1;1;1979.0;5;1;-1;-1;8;8;2023;13:45;1;38;38253;1;1;1;1;45.033979;6.091704;3;2;2;0;2;3;5,5;1;0;1;70;Indemne;1
202300021805;155 641 895;A01;80;0;0;1;21;3;203 799 464;1;1;4;2;1988.0;9;8;0;-1;20;4;2023;16:20;1;75;75115;2;3;1;7;48.834042;2.296968;4;1;1;0;2;1; -1;1;0;1;30;Blessé léger;3
202300021805;155 641 895;A01;80;0;0;1;21;3;203 799 464;1;1;4;2;1988.0;9;8;0;-1;20;4;2023;16:20;1;75;75115;2;3;1;7;48.834042;2.296968;4;1; -1;0;2;1; -1;1;0;1;30;Blessé léger;3
202300021807;155 641 891;A01;1;0;0;1;1;5;203 799 458;1;1;3;1;1953.0;5;2;-1;-1;6;8;2023;16:30;1;04;04226;1;1;1;7;44.32064;6.600852;3;2;2;0;2;2; -1;1;0;1;80;Blessé hospitalisé;6
202300021810;155 641 886;A01;50;0;2;1;13;3;203 799 454;1;1;4;1;1994.0;9;8;0;-1;20;4;2023;08:49;1;75;75112;2;1;1;1;48.84235;2.37107;4;1;1;0;1;1; -1;1;0;1;-1;Blessé léger;3
202300021810;155 641 887;B01;1;0;2;1;1;5;203 799 455;1;1;4;1;1977.0;9;2;0;-1;20;4;2023;08:49;1;75;75112;2;1;1;1;48.84235;2.37107;4;1;1;0;1;1; -1;1;0;1;-1;Blessé léger;3
202300021812;155 641 882;A01;80;0;2;2;17;3;203 799 449;1;1;4;2;1997.0;9;8;0;-1;20;4;2023;18:57;1;75;75111;2;3;1;2;48.854075;2.382672;4;1;3;1;1;1; -1;1;0;5;30;Blessé léger;3
202300021812;155 641 882;A01;80;0;2;2;17;3;203 799 449;1;1;4;2;1997.0;9;8;0;-1;20;4;2023;18:57;1;75;75111;2;3;1;2;48.854075;2.382672;4;2; -1;-1;1;1; -1;1;0;5;-1;Blessé léger;3
202300021812;155 641 884;B01;80;0;2;6;21;3;203 799 451;1;1;4;2;1954.0;9;8;0;-1;20;4;2023;18:57;1;75;75111;2;3;1;2;48.854075;2.382672;4;1;3;1;1;1; -1;1;0;5;30;Blessé léger;3
202300021812;155 641 884;B01;80;0;2;6;21;3;203 799 451;1;1;4;2;1954.0;9;8;0;-1;20;4;2023;18:57;1;75;75111;2;3;1;2;48.854075;2.382672;4;2; -1;-1;1;1; -1;1;0;5;-1;Blessé léger;3
202300021852;155 641 819;A01;1;1;0;1;2;5;203 799 361;1;1;3;2;1998.0;5;8;-1;-1;4;8;2023;14:56;1;69;69383;2;2;1;6;45.7562;4.84615;4;1;1;0;1;1; -1;1;0;1;30;Blessé hospitalisé;4
202300021852;155 641 819;A01;1;1;0;1;2;5;203 799 361;1;1;3;2;1998.0;5;8;-1;-1;4;8;2023;14:56;1;69;69383;2;2;1;6;45.7562;4.84615;4;1;1;2;1;1; -1;1;0;1;30;Blessé hospitalisé;4
202300021853;155 641 817;B01;1;0;2;1;1;0;203 799 359;1;1;4;1;1994.0;1;8;-1;-1;4;8;2023;10:30;1;69;69386;2;3;2;1;45.77071;4.84869;4;1;1;2;1;1; -1;2;0;1;30;Blessé léger;4
202300021853;155 641 817;B01;1;0;2;1;1;0;203 799 359;1;1;4;1;1994.0;1;8;-1;-1;4;8;2023;10:30;1;69;69386;2;3;2;1;45.77071;4.84869;4;1;1;2;1;1; -1;2;0;1;30;Blessé léger;4
202300021853;155 641 818;A01;7;0;2;1;15;0;203 799 360;1;1;1;2;1957.0;5;1;-1;-1;4;8;2023;10:30;1;69;69386;2;3;2;1;45.77071;4.84869;4;1;1;2;1;1; -1;2;0;1;30;Indemne;4
202300021853;155 641 818;A01;7;0;2;1;15;0;203 799 360;1;1;1;2;1957.0;5;1;-1;-1;4;8;2023;10:30;1;69;69386;2;3;2;1;45.77071;4.84869;4;1;1;2;1;1; -1;2;0;1;30;Indemne;4
202300021889;155 641 752;B01;80;0;2;8;2;3;203 799 274;1;1;4;1;1973.0;4;2;-1;-1;4;8;2023;09:40;1;76;76217;2;1;1;3;49.92316;1.07316;4;-1;2;0;1;1; -1;1;0;1;50;Blessé léger;4
202300021889;155 641 753;A01;7;0;9;7;2;1;203 799 275;1;1;1;1;1959.0;5;1;-1;-1;4;8;2023;09:40;1;76;76217;2;1;1;3;49.92316;1.07316;4;-1;2;0;1;1; -1;1;0;1;50;Indemne;4
202300021896;155 641 740;B01;1;0;2;8;2;-1;203 799 257;1;1;4;1;1966.0;1;8;0;-1;3;8;2023;11:55;1;72;72181;2;9;2;3;47.9943;0.18539;4;1;1;0;1;1; -1;2;0;1;50;Blessé léger;3
202300021921;155 641 698;A01;7;0;2;1;17;1;203 799 200;1;1;1;1;2001.0;9;1;0;-1;6;8;2023;23:00;5;62;62193;2;9;1;3;50.948228;1.87846;4;2;2;0;1;1; -1;1;0;1;50;Indemne;6
202300021921;155 641 699;B01;1;0;2;8;0;5;203 799 201;1;1;4;2;2001.0;2;8;0;-1;6;8;2023;23:00;5;62;62193;2;9;1;3;50.948228;1.87846;4;2;2;0;1;1; -1;1;0;1;50;Blessé léger;6
202300021938;155 641 670;A01;1;0;2;1;2;5;203 799 161;1;1;4;1;1991.0;0;2;0;-1;3;8;2023;16:54;1;59;59350;2;2;1;3;50.63545;3.0525;4;1;2;2;1;1; -1;1;0;1;30;Blessé léger;3
202300021938;155 641 670;A01;1;0;2;1;2;5;203 799 161;1;1;4;1;1991.0;0;2;0;-1;3;8;2023;16:54;1;59;59350;2;2;1;3;50.63545;3.0525;4;1;2;2;1;1; -1;1;0;1;30;Blessé léger;3
202300021938;155 641 671;B01;7;0;2;6;1;0;203 799 162;1;1;1;1;1975.0;0;1;0;-1;3;8;2023;16:54;1;59;59350;2;2;1;3;50.63545;3.0525;4;1;2;2;1;1; -1;1;0;1;30;Indemne;3
202300021938;155 641 671;B01;7;0;2;6;1;0;203 799 162;1;1;1;1;1975.0;0;1;0;-1;3;8;2023;16:54;1;59;59350;2;2;1;3;50.63545;3.0525;4;1;2;2;1;1; -1;1;0;1;30;Indemne;3
202300021942;155 641 659;A01;7;0;2;3;9;1;203 799 144;2;2;1;1;2004.0;5;1;-1;-1;5;8;2023;08:15;1;56;56260;2;6;2;3;47.66603;-2.74875;4;1;2;0;3;3; -1;2;5;1;30;Indemne;5
202300021942;155 641 659;A01;7;0;2;3;9;1;203 799 146;1;1;1;2;1981.0;5;1;-1;-1;5;8;2023;08:15;1;56;56260;2;6;2;3;47.66603;-2.74875;4;1;2;0;3;3; -1;2;5;1;30;Indemne;5
202300021942;155 641 659;A01;7;0;2;3;9;1;203 799 148;2;2;1;2;2006.0;5;1;-1;-1;5;8;2023;08:15;1;56;56260;2;6;2;3;47.66603;-2.74875;4;1;2;0;3;3; -1;2;5;1;30;Indemne;5
202300021942;155 641 663;B01;1;0;2;5;16;5;203 799 151;1;1;4;2;2000.0;1;0;-1;-1;5;8;2023;08:15;1;56;56260;2;6;2;3;47.66603;-2.74875;4;1;2;0;3;3; -1;2;5;1;30;Blessé léger;5
202300021944;155 641 660;B01;80;0;2;3;19;3;203 799 145;1;1;4;2;1987.0;1;2;4;-1;10;3;2023;17:00;1;56;56098;2;1;2;3;47.777384;-3.344764;3;2;2;0;1;1; -1;2;0;1;50;Blessé léger;4
202300021944;155 641 662;A01;7;0;2;1;1;1;203 799 149;1;1;1;1;1931.0;5;1;8;-1;10;3;2023;17:00;1;56;56098;2;1;2;3;47.777384;-3.344764;3;2;2;0;1;1; -1;2;0;1;50;Indemne;4
202300021947;155 641 656;A01;7;0;0;2;2;0;203 799 139;1;1;1;1;1942.0;5;1;-1;-1;30;5;2023;09:55;1;64;64495;2;6;1;3;43.3555;-1.553986;3;2;2;0;1;3;5;1;0;1;80;Indemne;1
202300021947;155 641 658;B01;1;0;2;3;2;5;203 799 142;1;1;2;1;1951.0;5;0;-1;-1;30;5;2023;09:55;1;64;64495;2;6;1;3;43.3555;-1.553986;3;2;2;0;1;3;5;1;0;1;80;Tué;1
202300021969;155 641 615;B01;7;0;2;2;1;1;203 799 079;1;1;1;1;1957.0;5;1;0;-1;8;3;2023;12:20;1;37;37261;2;2;2;3;47.38605266;0.67216158;4;1;1;0;1;1; -1;2;0;1;50;Indemne;2
202300021969;155 641 615;B01;7;0;2;2;1;1;203 799 079;1;1;1;1;1957.0;5;1;0;-1;8;3;2023;12:20;1;37;37261;2;2;2;3;47.38605266;0.67216158;4;1;1;0;1;1; -1;2;0;1;50;Indemne;2
202300021969;155 641 618;A01;1;0;2;1;1;5;203 799 082;1;1;4;1;2009.0;2;0;-1;-1;8;3;2023;12:20;1;37;37261;2;2;2;3;47.38605266;0.67216158;4;1;1;0;1;1; -1;2;0;1;50;Blessé léger;2
202300021969;155 641 618;A01;1;0;2;1;1;5;203 799 082;1;1;4;1;2009.0;2;0;-1;-1;8;3;2023;12:20;1;37;37261;2;2;2;3;47.38605266;0.67216158;4;1;1;0;1;1; -1;2;0;1;50;Blessé léger;2
202300021980;155 641 597;B01;1;0;2;8;15;5;203 799 056;1;1;3;1;1991.0;0;0;-1;-1;30;5;2023;12:25;1;971;97103;2;9;1;3;16.254576;-61.558912;2;2;1;0;1;1; -1;1;0;1;50;Blessé hospitalisé;1
202300021980;155 641 600;A01;7;0;2;1;1;1;203 799 060;1;1;1;2;1989.0;3;1;-1;-1;30;5;2023;12:25;1;971;97103;2;9;1;3;16.254576;-61.558912;2;2;1;0;1;1; -1;1;0;1;50;Indemne;1
202300021991;155 641 575;A01;10;0;2;8;22;1;203 799 020;1;1;1;1;1965.0;4;8;-1;-1;4;8;2023;09:05;1;47;47001;2;1;1;3;44.20621;0.61902;4;2;1;0;1;1; -1;1;9;3;30;Indemne;4
202300021991;155 641 577;B01;1;1;0;1;26;5;203 799 022;1;1;3;1;1974.0;1;8;-1;-1;4;8;2023;09:05;1;47;47001;2;1;1;3;44.20621;0.61902;4;2;1;0;1;1; -1;1;9;3;30;Blessé hospitalisé;4
202300022001;155 641 554;B01;1;0;2;7;1;5;203 798 985;1;1;3;1;1972.0;5;0;-1;-1;25;5;2023;21:15;2;95;95351;2;2;1;3;49.050201;2.502139;4;2;2;0;2;1; -1;1;0;1;50;Blessé hospitalisé;3
202300022001;155 641 554;B01;1;0;2;7;1;5;203 798 985;1;1;3;1;1972.0;5;0;-1;-1;25;5;2023;21:15;2;95;95351;2;2;1;3;49.050201;2.502139;4;2;2;-1;1;3; -1;1;0;1;-1;Blessé hospitalisé;3
202300022001;155 641 556;A01;7;0;9;3;2;1;203 798 988;1;1;1;1;1986.0;1;1;-1;-1;25;5;2023;21:15;2;95;95351;2;2;1;3;49.050201;2.502139;4;2;2;0;2;1; -1;1;0;1;50;Indemne;3
202300022001;155 641 556;A01;7;0;9;3;2;1;203 798 988;1;1;1;1;1986.0;1;1;-1;-1;25;5;2023;21:15;2;95;95351;2;2;1;3;49.050201;2.502139;4;2;2;-1;1;3; -1;1;0;1;-1;Indemne;3
202300022015;155 641 533;A01;33;0;2;1;1;1;203 798 955;1;1;4;1;1990.0;0;2;8;-1;14;11;2023;19:50;5;13;13206;2;1;1;3;43.29301;5.38539;4;2;2;0;1;1; -1;1;0;1;50;Blessé léger;1
202300022015;155 641 535;B01;1;0;2;7;19;5;203 798 957;1;1;4;2;1996.0;0;8;0;-1;14;11;2023;19:50;5;13;13206;2;1;1;3;43.29301;5.38539;4;2;2;0;1;1; -1;1;0;1;50;Blessé léger;1
202300022024;155 641 516;B01;1;0;2;7;1;5;203 798 934;1;1;4;2;1942.0;5;8;-1;-1;4;8;2023;17:25;1;35;35238;2;3;1;3;48.09136;-1.6573;4;3;2;2;1;1; -1;1;0;5;50;Blessé léger;4
202300022024;155 641 516;B01;1;0;2;7;1;5;203 798 934;1;1;4;2;1942.0;5;8;-1;-1;4;8;2023;17:25;1;35;35238;2;3;1;3;48.09136;-1.6573;4;2;2;0;1;1; -1;1;0;1;30;Blessé léger;4
202300022031;155 641 500;A01;1;0;9;8;1;5;203 798 912;1;1;3;1;1960.0;5;2;-1;-1;6;5;2023;15:30;1;38;38205;1;1;1;6;45.124648;5.590475;4;2;2;0;1;1; -1;1;0;1;50;Blessé hospitalisé;5
202300022031;155 641 504;B01;99;0;9;1;26;5;203 798 915;1;1;1;1;1971.0;5;0;-1;-1;6;5;2023;15:30;1;38;38205;1;1;1;6;45.124648;5.590475;4;2;2;0;1;1; -1;1;0;1;50;Indemne;5
202300022066;155 641 441;B01;1;0;2;1;19;5;203 798 833;1;1;4;1;1944.0;5;2;-1;-1;24;7;2023;17:02;1;33;33009;2;3;1;6;44.6596;-1.17282;4;2;2;0;1;1; -1;1;0;1;30;Blessé léger;0
202300022066;155 641 441;B01;1;0;2;1;19;5;203 798 833;1;1;4;1;1944.0;5;2;-1;-1;24;7;2023;17:02;1;33;33009;2;3;1;6;44.6596;-1.17282;4;1;1;-1;1;1; -1;1;0;1;30;Blessé léger;0
202300022074;155 641 425;A01;7;0;2;3;22;1;203 798 812;1;1;1;1;1969.0;5;8;0;-1;6;8;2023;11:20;1;32;32013;1;1;1;3;43.62689;0.58726;4;2;2;0;1;1; -1;1;0;1;30;Indemne;6
202300022074;155 641 427;B01;1;0;2;0;0;5;203 798 816;1;1;4;1;1954.0;5;2;0;-1;6;8;2023;11:20;1;32;32013;1;1;1;3;43.62689;0.58726;4;2;2;0;1;1; -1;1;0;1;30;Blessé léger;6
202300022075;155 641 423;A01;1;0;0;0;3;5;203 798 811;1;1;3;1;1963.0;1;2;4;-1;27;3;2023;06:30;3;74;74012;2;1;2;7;46.185;6.22399;3;2;2;0;1;1; -1;2;0;1;50;Blessé hospitalisé;0
202300022076;155 641 422;A01;1;0;2;1;1;5;203 798 809;1;1;4;2;1994.0;0;8;-1;-1;9;3;2023;18:48;5;76;76540;2;2;2;3;49.43791;1.1021;4;2;2;0;1;1; -1;2;0;1;30;Blessé léger;3
202300022076;155 641 422;A01;1;0;2;1;1;5;203 798 809;1;1;4;2;1994.0;0;8;-1;-1;9;3;2023;18:48;5;76;76540;2;2;2;3;49.43791;1.1021;4;2;2;0;1;1; -1;2;0;1;30;Blessé léger;3
202300022076;155 641 422;A01;1;0;2;1;1;5;203 798 809;1;1;4;2;1994.0;0;8;-1;-1;9;3;2023;18:48;5;76;76540;2;2;2;3;49.43791;1.1021;4;2;0;3;1;1; -1;2;-1;1;50;Blessé léger;3
202300022076;155 641 428;B01;7;0;2;7;1;1;203 798 815;1;1;1;1;1948.0;9;8;-1;-1;9;3;2023;18:48;5;76;76540;2;2;2;3;49.43791;1.1021;4;2;2;0;1;1; -1;2;0;1;30;Indemne;3
202300022076;155 641 428;B01;7;0;2;7;1;1;203 798 815;1;1;1;1;1948.0;9;8;-1;-1;9;3;2023;18:48;5;76;76540;2;2;2;3;49.43791;1.1021;4;2;2;0;1;1; -1;2;0;1;30;Indemne;3
202300022076;155 641 428;B01;7;0;2;7;1;1;203 798 815;1;1;1;1;1948.0;9;8;-1;-1;9;3;2023;18:48;5;76;76540;2;2;2;3;49.43791;1.1021;4;2;0;3;1;1; -1;2;-1;1;50;Indemne;3
202300022081;155 641 412;A01;1;0;2;2;15;5;203 798 794;1;1;1;1;1988.0;5;8;0;-1;15;11;2023;12:45;1;75;75115;2;2;1;3;48.839256;2.291934;4;2;3;1;1;1; -1;1;0;1;30;Indemne;2
202300022081;155 641 412;A01;1;0;2;2;15;5;203 798 794;1;1;1;1;1988.0;5;8;0;-1;15;11;2023;12:45;1;75;75115;2;2;1;3;48.839256;2.291934;4;1;3;1;1;1; -1;1;0;1;30;Indemne;2
202300022081;155 641 415;B01;50;0;2;1;1;3;203 798 797;1;1;3;2;1998.0;1;8;0;-1;15;11;2023;12:45;1;75;75115;2;2;1;3;48.839256;2.291934;4;2;3;1;1;1; -1;1;0;1;30;Blessé hospitalisé;2
202300022081;155 641 415;B01;50;0;2;1;1;3;203 798 797;1;1;3;2;1998.0;1;8;0;-1;15;11;2023;12:45;1;75;75115;2;2;1;3;48.839256;2.291934;4;1;3;1;1;1; -1;1;0;1;30;Blessé hospitalisé;2
202300022082;155 641 406;A01;80;0;2;1;19;3;203 798 786;1;1;4;1;1995.0;0;8;0;-1;28;1;2023;12:50;1;77;77243;2;4;1;1;48.875548;2.701622;3;2;2;0;2;3; -1;1;5;1;50;Blessé léger;5
202300022082;155 641 406;A01;80;0;2;1;19;3;203 798 786;1;1;4;1;1995.0;0;8;0;-1;28;1;2023;12:50;1;77;77243;2;4;1;1;48.875548;2.701622;3;2;2;0;2;1; -1;1;5;8;50;Blessé léger;5
202300022082;155 641 410;B01;7;0;2;1;1;0;203 798 789;2;2;1;2;1996.0;0;1;0;-1;28;1;2023;12:50;1;77;77243;2;4;1;1;48.875548;2.701622;3;2;2;0;2;3; -1;1;5;1;50;Indemne;5
202300022082;155 641 410;B01;7;0;2;1;1;0;203 798 789;2;2;1;2;1996.0;0;1;0;-1;28;1;2023;12:50;1;77;77243;2;4;1;1;48.875548;2.701622;3;2;2;0;2;1; -1;1;5;8;50;Indemne;5
202300022082;155 641 410;B01;7;0;2;1;1;0;203 798 791;1;1;1;1;1999.0;0;1;0;-1;28;1;2023;12:50;1;77;77243;2;4;1;1;48.875548;2.701622;3;2;2;0;2;3; -1;1;5;1;50;Indemne;5
202300022082;155 641 410;B01;7;0;2;1;1;0;203 798 791;1;1;1;1;1999.0;0;1;0;-1;28;1;2023;12:50;1;77;77243;2;4;1;1;48.875548;2.701622;3;2;2;0;2;1; -1;1;5;8;50;Indemne;5
202300022087;155 641 399;A01;7;0;2;3;24;1;203 798 774;1;1;1;2;1967.0;5;8;-1;-1;10;3;2023;14:30;1;69;69013;2;1;1;1;46.00464383;4.71964671;3;2;2;0;1;1; -1;1;0;1;50;Indemne;4
202300022087;155 641 403;B01;80;0;2;1;13;3;203 798 781;1;1;3;1;1942.0;5;2;6;-1;10;3;2023;14:30;1;69;69013;2;1;1;1;46.00464383;4.71964671;3;2;2;0;1;1; -1;1;0;1;50;Blessé hospitalisé;4
202300022090;155 641 394;A01;1;0;2;1;17;5;203 798 764;1;1;4;1;1994.0;1;8;8;-1;16;11;2023;13:00;1;75;75113;2;1;3;3;48.821287;2.368212;4;2;4;0;1;1; -1;2;0;1;30;Blessé léger;3
202300022098;155 641 377;A01;10;0;2;1;16;1;203 798 744;1;1;1;1;1972.0;4;1;0;-1;10;3;2023;05:55;5;64;64102;2;3;1;6;43.49301;-1.47268;4;2;2;0;1;1; -1;1;0;1;30;Indemne;4
202300022098;155 641 377;A01;10;0;2;1;16;1;203 798 744;1;1;1;1;1972.0;4;1;0;-1;10;3;2023;05:55;5;64;64102;2;3;1;6;43.49301;-1.47268;4;2;2;0;1;1; -1;1;0;1;30;Indemne;4
202300022098;155 641 384;B01;1;0;2;7;19;5;203 798 752;1;1;3;1;1977.0;1;8;4;-1;10;3;2023;05:55;5;64;64102;2;3;1;6;43.49301;-1.47268;4;2;2;0;1;1; -1;1;0;1;30;Blessé hospitalisé;4
202300022098;155 641 384;B01;1;0;2;7;19;5;203 798 752;1;1;3;1;1977.0;1;8;4;-1;10;3;2023;05:55;5;64;64102;2;3;1;6;43.49301;-1.47268;4;2;2;0;1;1; -1;1;0;1;30;Blessé hospitalisé;4
202300022102;155 641 368;B01;7;0;2;1;20;1;203 798 734;1;1;1;1;2000.0;0;1;-1;-1;10;3;2023;08:25;1;63;63113;2;1;1;1;45.78181;3.09542;4;1;2;1;1;1; -1;2;0;1;50;Indemne;4
202300022102;155 641 372;A01;1;0;2;1;5;5;203 798 737;1;1;4;1;1995.0;0;2;0;-1;10;3;2023;08:25;1;63;63113;2;1;1;1;45.78181;3.09542;4;1;2;1;1;1; -1;2;0;1;50;Blessé léger;4
202300022109;155 641 358;A01;1;14;0;1;1;5;203 798 718;1;1;4;1;1947.0;5;2;8;-1;6;8;2023;11:29;1;29;29039;1;1;1;7;47.885312;-3.904548;4;2;1;2;2;1; -1;1;0;1;50;Blessé léger;6
202300022114;155 641 347;A01;1;0;2;8;13;5;203 798 702;1;1;4;1;2001.0;1;8;0;-1;9;3;2023;11:00;1;57;57221;2;1;2;3;49.32184;6.11254;3;2;2;0;1;1; -1;2;0;1;50;Blessé léger;3
202300022114;155 641 349;B01;7;0;2;2;1;1;203 798 707;1;1;1;2;1943.0;5;1;0;-1;9;3;2023;11:00;1;57;57221;2;1;2;3;49.32184;6.11254;3;2;2;0;1;1; -1;2;0;1;50;Indemne;3
202300022117;155 641 344;A01;1;0;2;1;1;5;203 798 699;1;1;4;1;1976.0;1;8;0;-1;16;11;2023;20:45;5;75;75107;2;1;1;1;48.860371;2.326719;4;2;4;1;1;1; -1;2;0;5;30;Blessé léger;3
202300022120;155 641 338;A01;1;0;0;2;2;5;203 798 686;1;1;4;1;1992.0;5;8;0;-1;15;11;2023;19:30;5;75;75103;2;2;1;7;48.862485;2.363334;4;1;2;1;1;1; -1;1;0;1;30;Blessé léger;2
202300022120;155 641 338;A01;1;0;0;2;2;5;203 798 686;1;1;4;1;1992.0;5;8;0;-1;15;11;2023;19:30;5;75;75103;2;2;1;7;48.862485;2.363334;4;2;2;1;1;1; -1;1;0;1;30;Blessé léger;2
202300022123;155 641 332;A01;7;0;2;3;0;1;203 798 678;1;1;1;2;1988.0;0;1;0;-1;28;1;2023;13:15;1;44;44109;2;6;1;3;47.24336;-1.55659;4;2;3;3;1;1; -1;1;0;1;50;Indemne;5
202300022123;155 641 332;A01;7;0;2;3;0;1;203 798 678;1;1;1;2;1988.0;0;1;0;-1;28;1;2023;13:15;1;44;44109;2;6;1;3;47.24336;-1.55659;4;1;2;0;1;1; -1;1;0;1;30;Indemne;5
202300022123;155 641 336;B01;80;0;2;1;0;3;203 798 682;1;1;3;1;1986.0;0;8;0;-1;28;1;2023;13:15;1;44;44109;2;6;1;3;47.24336;-1.55659;4;2;3;3;1;1; -1;1;0;1;50;Blessé hospitalisé;5
202300022123;155 641 336;B01;80;0;2;1;0;3;203 798 682;1;1;3;1;1986.0;0;8;0;-1;28;1;2023;13:15;1;44;44109;2;6;1;3;47.24336;-1.55659;4;1;2;0;1;1; -1;1;0;1;30;Blessé hospitalisé;5
202300022125;155 641 328;A01;7;0;2;2;17;1;203 798 674;1;1;4;1;1998.0;5;1;0;-1;9;3;2023;16:45;1;55;55545;2;1;1;6;49.148;5.391;4;2;2;0;1;1; -1;1;0;1;50;Blessé léger;3
202300022125;155 641 329;B01;1;0;2;1;13;5;203 798 675;1;1;4;1;1974.0;5;2;0;-1;9;3;2023;16:45;1;55;55545;2;1;1;6;49.148;5.391;4;2;2;0;1;1; -1;1;0;1;50;Blessé léger;3
202300022131;155 641 320;A01;1;0;1;1;1;5;203 798 658;10;3;4;1;2005.0;9;0;-1;-1;15;11;2023;16:45;2;94;94046;2;1;1;6;48.813858;2.421412;3;2;0;1;1;1; -1;1;0;5;50;Blessé léger;2
202300022140;155 641 306;A01;7;0;2;3;1;1;203 798 638;1;1;1;1;1967.0;0;1;0;-1;28;1;2023;18:16;5;31;31555;2;1;1;3;43.59952;1.42969;4;3;3;0;1;1; -1;1;5;1;50;Indemne;5
202300022140;155 641 308;B01;1;0;2;1;19;5;203 798 639;1;1;4;1;1994.0;0;2;-1;-1;28;1;2023;18:16;5;31;31555;2;1;1;3;43.59952;1.42969;4;3;3;0;1;1; -1;1;5;1;50;Blessé léger;5