Num_Acc;id_vehicule;num_veh;catv;obs;obsm;choc;manv;motor;id_usager;place;catu;grav;sexe;an_nais;trajet;secu1;secu2;secu3;jour;mois;an;hrmn;lum;dep;com;agg;int;atm;col;lat;long;catr;circ;nbv;vosp;prof;plan;larrout;surf;infra;situ;vma;gravity;day_of_week
202300022147;155 641 293;A01;7;0;2;3;14;1;203 798 622;1;1;1;1;1976.0;1;1;0;-1;15;11;2023;08:40;1;94;94033;2;6;1;3;48.85250184;2.49063697;3;1;2;0;1;2; -1;1;2;1;50;Indemne;2
202300022147;155 641 293;A01;7;0;2;3;14;1;203 798 622;1;1;1;1;1976.0;1;1;0;-1;15;11;2023;08:40;1;94;94033;2;6;1;3;48.85250184;2.49063697;3;1;2;0;1;2; -1;1;2;1;50;Indemne;2
202300022147;155 641 298;B01;1;0;2;8;1;5;203 798 627;1;1;4;1;1979.0;1;8;0;-1;15;11;2023;08:40;1;94;94033;2;6;1;3;48.85250184;2.49063697;3;1;2;0;1;2; -1;1;2;1;50;Blessé léger;2
202300022147;155 641 298;B01;1;0;2;8;1;5;203 798 627;1;1;4;1;1979.0;1;8;0;-1;15;11;2023;08:40;1;94;94033;2;6;1;3;48.85250184;2.49063697;3;1;2;0;1;2; -1;1;2;1;50;Blessé léger;2
202300022185;155 641 231;A01;2;0;9;0;2;1;203 798 539;1;1;1;1;2006.0;5;2;8;-1;28;5;2023;02:20;5;83;83137;2;1;1;2;43.12915;5.89727;3;2;2;1;1;1;7;1;0;1;50;Indemne;6
202300022185;155 641 232;B01;1;0;2;0;0;5;203 798 540;1;1;4;1;2002.0;5;8;8;-1;28;5;2023;02:20;5;83;83137;2;1;1;2;43.12915;5.89727;3;2;2;1;1;1;7;1;0;1;50;Blessé léger;6
202300022199;155 641 205;A01;7;0;0;0;26;1;203 798 507;1;1;1;2;1981.0;1;1;0;-1;16;11;2023;09:15;1;92;92075;2;1;2;7;48.82148725;2.28766716;3;3;3;2;2;1; -1;2;0;1;50;Indemne;3
202300022199;155 641 206;B01;1;0;0;0;1;5;203 798 508;1;1;4;2;1990.0;1;8;0;-1;16;11;2023;09:15;1;92;92075;2;1;2;7;48.82148725;2.28766716;3;3;3;2;2;1; -1;2;0;1;50;Blessé léger;3
202300022200;155 641 201;A01;1;0;2;1;1;5;203 798 503;1;1;4;1;1994.0;5;8;0;-1;28;1;2023;01:05;5;75;75111;2;2;1;3;48.854698;2.385376;4;2;4;1;1;1; -1;1;-1;5;30;Blessé léger;5
202300022200;155 641 201;A01;1;0;2;1;1;5;203 798 503;1;1;4;1;1994.0;5;8;0;-1;28;1;2023;01:05;5;75;75111;2;2;1;3;48.854698;2.385376;4;2; -1;-1;1;1; -1;1;-1;5;-1;Blessé léger;5
202300022200;155 641 204;B01;30;0;2;2;15;3;203 798 505;1;1;1;1;1987.0;5;2;0;-1;28;1;2023;01:05;5;75;75111;2;2;1;3;48.854698;2.385376;4;2;4;1;1;1; -1;1;-1;5;30;Indemne;5
202300022200;155 641 204;B01;30;0;2;2;15;3;203 798 505;1;1;1;1;1987.0;5;2;0;-1;28;1;2023;01:05;5;75;75111;2;2;1;3;48.854698;2.385376;4;2; -1;-1;1;1; -1;1;-1;5;-1;Indemne;5
202300022205;155 641 192;A01;7;0;2;3;15;1;203 798 494;1;1;1;2;1974.0;4;1;-1;-1;10;3;2023;09:13;1;33;33069;2;3;6;3;44.85583;-0.59477;4;1;1;2;1;1; -1;1;0;1;30;Indemne;4
202300022205;155 641 192;A01;7;0;2;3;15;1;203 798 494;1;1;1;2;1974.0;4;1;-1;-1;10;3;2023;09:13;1;33;33069;2;3;6;3;44.85583;-0.59477;4;2;2;0;1;1; -1;1;0;1;30;Indemne;4
202300022205;155 641 195;B01;1;0;2;1;1;5;203 798 497;1;1;3;1;2000.0;0;0;-1;-1;10;3;2023;09:13;1;33;33069;2;3;6;3;44.85583;-0.59477;4;1;1;2;1;1; -1;1;0;1;30;Blessé hospitalisé;4
202300022205;155 641 195;B01;1;0;2;1;1;5;203 798 497;1;1;3;1;2000.0;0;0;-1;-1;10;3;2023;09:13;1;33;33069;2;3;6;3;44.85583;-0.59477;4;2;2;0;1;1; -1;1;0;1;30;Blessé hospitalisé;4
202300022207;155 641 190;A01;1;12;0;1;13;5;203 798 491;1;1;4;1;1976.0;9;8;0;-1;28;1;2023;01:00;5;75;75101;2;1;1;6;48.86231386;2.33104616;4;3;4;0;4;1; -1;1;1;1;30;Blessé léger;5
202300022217;155 641 168;B01;1;0;2;1;1;5;203 798 464;1;1;4;1;2018.0;0;2;0;-1;15;11;2023;11:20;1;92;92012;2;9;1;3;48.82649769;2.23967546;4;2;1;0;1;1; -1;1;0;4;50;Blessé léger;2
202300022217;155 641 170;A01;7;0;2;3;1;1;203 798 467;1;1;1;1;1974.0;0;1;0;-1;15;11;2023;11:20;1;92;92012;2;9;1;3;48.82649769;2.23967546;4;2;1;0;1;1; -1;1;0;4;50;Indemne;2
202300022252;155 641 106;B01;1;0;0;8;25;5;203 798 384;1;1;3;1;2005.0;5;0;-1;-1;27;1;2023;15:45;1;91;91235;2;1;1;6;48.6226;2.371379;4;2;2;0;1;1; -1;1;0;4;50;Blessé hospitalisé;4
202300022252;155 641 108;A01;7;0;2;2;26;1;203 798 386;1;1;1;2;1980.0;1;1;-1;-1;27;1;2023;15:45;1;91;91235;2;1;1;6;48.6226;2.371379;4;2;2;0;1;1; -1;1;0;4;50;Indemne;4
202300022259;155 641 092;A01;7;0;2;2;17;1;203 798 344;1;1;1;2;1996.0;0;1;0;-1;28;5;2023;19:10;1;25;25056;2;1;1;2;47.26123;6.03469;4;3;4;0;2;1; -1;1;0;1;50;Indemne;6
202300022259;155 641 092;A01;7;0;2;2;17;1;203 798 347;2;2;1;2;2003.0;5;1;0;-1;28;5;2023;19:10;1;25;25056;2;1;1;2;47.26123;6.03469;4;3;4;0;2;1; -1;1;0;1;50;Indemne;6
202300022259;155 641 096;B01;1;0;2;4;0;5;203 798 354;1;1;4;1;2009.0;5;8;0;-1;28;5;2023;19:10;1;25;25056;2;1;1;2;47.26123;6.03469;4;3;4;0;2;1; -1;1;0;1;50;Blessé léger;6
202300022261;155 641 089;A01;1;0;0;1;1;5;203 798 338;1;1;4;1;1994.0;4;8;0;-1;11;3;2023;19:40;5;75;75120;2;4;2;7;48.867787;2.39621;4;1; -1;-1;1;1; -1;2;0;1;-1;Blessé léger;5
202300022261;155 641 089;A01;1;0;0;1;1;5;203 798 338;1;1;4;1;1994.0;4;8;0;-1;11;3;2023;19:40;5;75;75120;2;4;2;7;48.867787;2.39621;4;2;2;2;2;1; -1;2;0;1;30;Blessé léger;5
202300022265;155 641 084;B01;1;0;2;7;1;5;203 798 327;1;1;4;2;1955.0;5;2;8;-1;11;3;2023;18:55;2;75;75111;2;4;8;3;48.862385;2.372509;4;2;6;1;1;1; -1;1;-1;5;30;Blessé léger;5
202300022265;155 641 084;B01;1;0;2;7;1;5;203 798 327;1;1;4;2;1955.0;5;2;8;-1;11;3;2023;18:55;2;75;75111;2;4;8;3;48.862385;2.372509;4;1; -1;-1;1;1; -1;1;-1;5;-1;Blessé léger;5
202300022265;155 641 085;A01;80;0;2;8;18;3;203 798 330;1;1;1;2;1994.0;9;8;8;-1;11;3;2023;18:55;2;75;75111;2;4;8;3;48.862385;2.372509;4;2;6;1;1;1; -1;1;-1;5;30;Indemne;5
202300022265;155 641 085;A01;80;0;2;8;18;3;203 798 330;1;1;1;2;1994.0;9;8;8;-1;11;3;2023;18:55;2;75;75111;2;4;8;3;48.862385;2.372509;4;1; -1;-1;1;1; -1;1;-1;5;-1;Indemne;5
202300022268;155 641 078;Z01;1;0;1;1;1;5;203 798 315;10;3;4;2;1996.0;5;0;-1;-1;11;3;2023;09:55;1;75;75110;2;2;1;6;48.872823;2.354427;4;1; -1;-1;1;1; -1;1;0;1;-1;Blessé léger;5
202300022268;155 641 078;Z01;1;0;1;1;1;5;203 798 315;10;3;4;2;1996.0;5;0;-1;-1;11;3;2023;09:55;1;75;75110;2;2;1;6;48.872823;2.354427;4;1;2;2;1;1; -1;1;0;1;30;Blessé léger;5
202300022271;155 641 071;B01;1;0;2;3;1;5;203 798 305;1;1;4;1;1977.0;0;8;0;-1;27;5;2023;11:40;1;25;25056;2;1;1;6;47.22579;5.96542;4;3;4;0;2;1; -1;1;-1;1;50;Blessé léger;5
202300022271;155 641 075;A01;7;0;2;2;1;1;203 798 309;1;1;1;1;1960.0;0;1;0;-1;27;5;2023;11:40;1;25;25056;2;1;1;6;47.22579;5.96542;4;3;4;0;2;1; -1;1;-1;1;50;Indemne;5
202300022278;155 641 063;A01;80;0;2;2;1;3;203 798 293;1;1;4;1;1980.0;9;8;0;-1;11;3;2023;22:25;5;75;75101;2;2;2;3;48.860581;2.349357;4;3;4;1;1;1; -1;2;-1;5;30;Blessé léger;5
202300022278;155 641 063;A01;80;0;2;2;1;3;203 798 293;1;1;4;1;1980.0;9;8;0;-1;11;3;2023;22:25;5;75;75101;2;2;2;3;48.860581;2.349357;4;1; -1;-1;1;1; -1;2;-1;5;-1;Blessé léger;5
202300022280;155 641 058;A01;1;0;0;1;21;5;203 798 288;1;1;4;1;1996.0;5;8;0;-1;11;3;2023;18:35;5;75;75101;2;2;1;7;48.866438;2.323538;4;1;3;1;1;2; -1;1;-1;5;30;Blessé léger;5
202300022280;155 641 058;A01;1;0;0;1;21;5;203 798 288;1;1;4;1;1996.0;5;8;0;-1;11;3;2023;18:35;5;75;75101;2;2;1;7;48.866438;2.323538;4;1;1;0;1;1; -1;1;-1;5;30;Blessé léger;5
202300022282;155 641 057;A01;1;0;1;1;1;5;203 798 287;1;1;1;1;2007.0;0;8;0;-1;26;5;2023;17:30;1;17;17415;2;1;7;6;45.747341;-0.635532;4;2;2;0;2;1; -1;1;0;1;30;Indemne;4
202300022282;155 641 057;A01;1;0;1;1;1;5;203 798 289;10;3;3;2;1968.0;5;0;-1;-1;26;5;2023;17:30;1;17;17415;2;1;7;6;45.747341;-0.635532;4;2;2;0;2;1; -1;1;0;1;30;Blessé hospitalisé;4
202300022284;155 641 054;A01;7;0;2;1;15;1;203 798 282;1;1;1;1;1984.0;9;1;0;-1;10;3;2023;23:10;5;75;75104;2;3;1;3;48.859858;2.352755;4;1; -1;-1;1;1; -1;1;-1;5;-1;Indemne;4
202300022284;155 641 054;A01;7;0;2;1;15;1;203 798 282;1;1;1;1;1984.0;9;1;0;-1;10;3;2023;23:10;5;75;75104;2;3;1;3;48.859858;2.352755;4;1;1;1;1;1; -1;1;-1;5;30;Indemne;4
202300022284;155 641 055;B01;1;0;2;1;1;5;203 798 285;1;1;4;1;1993.0;9;8;0;-1;10;3;2023;23:10;5;75;75104;2;3;1;3;48.859858;2.352755;4;1; -1;-1;1;1; -1;1;-1;5;-1;Blessé léger;4
202300022284;155 641 055;B01;1;0;2;1;1;5;203 798 285;1;1;4;1;1993.0;9;8;0;-1;10;3;2023;23:10;5;75;75104;2;3;1;3;48.859858;2.352755;4;1;1;1;1;1; -1;1;-1;5;30;Blessé léger;4
202300022303;155 641 020;A01;7;0;2;2;2;0;203 798 238;1;1;1;1;1974.0;0;8;-1;-1;16;11;2023;18:00;2;56;56147;1;1;1;2;47.537471;-2.270887;3;2;2;0;2;1;5;1;0;1;80;Indemne;3
202300022303;155 641 024;B01;80;0;0;4;1;3;203 798 242;1;1;4;2;1972.0;5;0;-1;-1;16;11;2023;18:00;2;56;56147;1;1;1;2;47.537471;-2.270887;3;2;2;0;2;1;5;1;0;1;80;Blessé léger;3
202300022356;155 640 928;A01;7;0;2;3;9;1;203 798 113;1;1;1;2;1942.0;5;1;-1;-1;11;3;2023;15:00;1;56;56164;2;6;1;3;47.656826;-2.862778;4;2;2;0;1;1; -1;1;5;1;30;Indemne;5
202300022356;155 640 928;A01;7;0;2;3;9;1;203 798 113;1;1;1;2;1942.0;5;1;-1;-1;11;3;2023;15:00;1;56;56164;2;6;1;3;47.656826;-2.862778;4;2;2;-1;1;1; -1;1;5;1;30;Indemne;5
202300022356;155 640 931;B01;1;0;2;1;1;5;203 798 117;1;1;3;1;1972.0;5;2;-1;-1;11;3;2023;15:00;1;56;56164;2;6;1;3;47.656826;-2.862778;4;2;2;0;1;1; -1;1;5;1;30;Blessé hospitalisé;5
202300022356;155 640 931;B01;1;0;2;1;1;5;203 798 117;1;1;3;1;1972.0;5;2;-1;-1;11;3;2023;15:00;1;56;56164;2;6;1;3;47.656826;-2.862778;4;2;2;-1;1;1; -1;1;5;1;30;Blessé hospitalisé;5
202300022386;155 640 874;A01;1;0;2;2;14;5;203 798 046;1;1;4;1;1970.0;9;2;0;-1;28;5;2023;18:25;1;75;75112;2;2;1;3;48.83866217;2.37575054;4;3; -1;-1;1;1; -1;1;0;1;-1;Blessé léger;6
202300022386;155 640 874;A01;1;0;2;2;14;5;203 798 046;1;1;4;1;1970.0;9;2;0;-1;28;5;2023;18:25;1;75;75112;2;2;1;3;48.83866217;2.37575054;4;1;4;1;1;1; -1;1;2;1;30;Blessé léger;6
202300022386;155 640 877;B01;7;0;2;1;1;1;203 798 049;1;1;1;1;1981.0;9;1;0;-1;28;5;2023;18:25;1;75;75112;2;2;1;3;48.83866217;2.37575054;4;3; -1;-1;1;1; -1;1;0;1;-1;Indemne;6
202300022386;155 640 877;B01;7;0;2;1;1;1;203 798 049;1;1;1;1;1981.0;9;1;0;-1;28;5;2023;18:25;1;75;75112;2;2;1;3;48.83866217;2.37575054;4;1;4;1;1;1; -1;1;2;1;30;Indemne;6
202300022389;155 640 867;A01;1;0;0;0;0;5;203 798 037;1;1;2;1;1942.0;5;0;-1;-1;12;3;2023;15:35;1;85;85104;1;1;2;7;46.393651;-1.293946;4;2;2;0;1;1;4;2;0;3;80;Tué;6
202300022415;155 640 823;B01;1;0;2;5;1;5;203 797 974;1;1;3;2;1989.0;0;2;-1;-1;28;1;2023;20:40;5;69;69383;2;2;1;6;45.75069;4.87394;4;1;1;2;1;1; -1;1;0;1;50;Blessé hospitalisé;5
202300022415;155 640 823;B01;1;0;2;5;1;5;203 797 974;1;1;3;2;1989.0;0;2;-1;-1;28;1;2023;20:40;5;69;69383;2;2;1;6;45.75069;4.87394;4;1;1;2;1;1; -1;1;0;8;50;Blessé hospitalisé;5
202300022415;155 640 823;B01;1;0;2;5;1;5;203 797 974;1;1;3;2;1989.0;0;2;-1;-1;28;1;2023;20:40;5;69;69383;2;2;1;6;45.75069;4.87394;4;1;1;3;1;1; -1;1;0;6;50;Blessé hospitalisé;5
202300022415;155 640 823;B01;1;0;2;5;1;5;203 797 977;10;3;1;1;1989.0;0;0;-1;-1;28;1;2023;20:40;5;69;69383;2;2;1;6;45.75069;4.87394;4;1;1;2;1;1; -1;1;0;1;50;Indemne;5
202300022415;155 640 823;B01;1;0;2;5;1;5;203 797 977;10;3;1;1;1989.0;0;0;-1;-1;28;1;2023;20:40;5;69;69383;2;2;1;6;45.75069;4.87394;4;1;1;2;1;1; -1;1;0;8;50;Indemne;5
202300022415;155 640 823;B01;1;0;2;5;1;5;203 797 977;10;3;1;1;1989.0;0;0;-1;-1;28;1;2023;20:40;5;69;69383;2;2;1;6;45.75069;4.87394;4;1;1;3;1;1; -1;1;0;6;50;Indemne;5
202300022428;155 640 796;A01;7;0;2;1;2;1;203 797 937;2;2;1;1;2003.0;5;1;-1;-1;27;1;2023;04:25;5;69;69382;2;2;1;3;45.7632;4.83849;4;1;5;3;1;1; -1;1;0;1;50;Indemne;4
202300022428;155 640 796;A01;7;0;2;1;2;1;203 797 937;2;2;1;1;2003.0;5;1;-1;-1;27;1;2023;04:25;5;69;69382;2;2;1;3;45.7632;4.83849;4;2;2;3;1;1; -1;1;0;1;50;Indemne;4
202300022428;155 640 796;A01;7;0;2;1;2;1;203 797 939;4;2;1;1;2004.0;0;1;-1;-1;27;1;2023;04:25;5;69;69382;2;2;1;3;45.7632;4.83849;4;1;5;3;1;1; -1;1;0;1;50;Indemne;4
202300022428;155 640 796;A01;7;0;2;1;2;1;203 797 939;4;2;1;1;2004.0;0;1;-1;-1;27;1;2023;04:25;5;69;69382;2;2;1;3;45.7632;4.83849;4;2;2;3;1;1; -1;1;0;1;50;Indemne;4
202300022428;155 640 796;A01;7;0;2;1;2;1;203 797 940;3;2;1;1;2001.0;0;1;-1;-1;27;1;2023;04:25;5;69;69382;2;2;1;3;45.7632;4.83849;4;1;5;3;1;1; -1;1;0;1;50;Indemne;4
202300022428;155 640 796;A01;7;0;2;1;2;1;203 797 940;3;2;1;1;2001.0;0;1;-1;-1;27;1;2023;04:25;5;69;69382;2;2;1;3;45.7632;4.83849;4;2;2;3;1;1; -1;1;0;1;50;Indemne;4
202300022428;155 640 796;A01;7;0;2;1;2;1;203 797 941;1;1;1;1;2002.0;5;1;-1;-1;27;1;2023;04:25;5;69;69382;2;2;1;3;45.7632;4.83849;4;1;5;3;1;1; -1;1;0;1;50;Indemne;4
202300022428;155 640 796;A01;7;0;2;1;2;1;203 797 941;1;1;1;1;2002.0;5;1;-1;-1;27;1;2023;04:25;5;69;69382;2;2;1;3;45.7632;4.83849;4;2;2;3;1;1; -1;1;0;1;50;Indemne;4
202300022428;155 640 800;B01;1;0;2;7;19;5;203 797 944;1;1;3;1;2001.0;5;0;-1;-1;27;1;2023;04:25;5;69;69382;2;2;1;3;45.7632;4.83849;4;1;5;3;1;1; -1;1;0;1;50;Blessé hospitalisé;4
202300022428;155 640 800;B01;1;0;2;7;19;5;203 797 944;1;1;3;1;2001.0;5;0;-1;-1;27;1;2023;04:25;5;69;69382;2;2;1;3;45.7632;4.83849;4;2;2;3;1;1; -1;1;0;1;50;Blessé hospitalisé;4
202300022448;155 640 764;A01;7;0;2;7;17;1;203 797 896;1;1;1;2;1994.0;9;1;0;-1;28;5;2023;15:45;1;92;92025;2;9;1;3;48.90975196;2.23532349;3;1;1;0;1;1; -1;1;0;1;50;Indemne;6
202300022448;155 640 766;B01;1;0;2;8;2;5;203 797 898;1;1;4;1;1934.0;9;8;0;-1;28;5;2023;15:45;1;92;92025;2;9;1;3;48.90975196;2.23532349;3;1;1;0;1;1; -1;1;0;1;50;Blessé léger;6
202300022457;155 640 748;B01;1;0;2;8;18;5;203 797 874;1;1;3;1;1969.0;5;2;-1;-1;11;3;2023;11:50;1;62;62056;2;2;1;3;50.820634;1.595729;3;2;2;0;4;1;4;1;0;1;50;Blessé hospitalisé;5
202300022457;155 640 748;B01;1;0;2;8;18;5;203 797 874;1;1;3;1;1969.0;5;2;-1;-1;11;3;2023;11:50;1;62;62056;2;2;1;3;50.820634;1.595729;3;2;2;0;1;1;4;1;0;1;50;Blessé hospitalisé;5
202300022457;155 640 750;A01;7;0;2;2;16;0;203 797 876;1;1;1;1;1985.0;5;1;-1;-1;11;3;2023;11:50;1;62;62056;2;2;1;3;50.820634;1.595729;3;2;2;0;4;1;4;1;0;1;50;Indemne;5
202300022457;155 640 750;A01;7;0;2;2;16;0;203 797 876;1;1;1;1;1985.0;5;1;-1;-1;11;3;2023;11:50;1;62;62056;2;2;1;3;50.820634;1.595729;3;2;2;0;1;1;4;1;0;1;50;Indemne;5
202300022460;155 640 744;B01;1;0;2;0;2;5;203 797 870;1;1;3;1;1998.0;0;8;0;-1;17;1;2023;12:15;1;86;86066;2;2;8;3;46.82281;0.53307;4;2;2;0;1;1; -1;1;0;1;50;Blessé hospitalisé;1
202300022460;155 640 744;B01;1;0;2;0;2;5;203 797 870;1;1;3;1;1998.0;0;8;0;-1;17;1;2023;12:15;1;86;86066;2;2;8;3;46.82281;0.53307;4;2;2;1;1;1; -1;1;0;1;50;Blessé hospitalisé;1
202300022460;155 640 745;A01;7;0;2;2;1;1;203 797 871;1;1;1;1;1998.0;0;8;0;-1;17;1;2023;12:15;1;86;86066;2;2;8;3;46.82281;0.53307;4;2;2;0;1;1; -1;1;0;1;50;Indemne;1
202300022460;155 640 745;A01;7;0;2;2;1;1;203 797 871;1;1;1;1;1998.0;0;8;0;-1;17;1;2023;12:15;1;86;86066;2;2;8;3;46.82281;0.53307;4;2;2;1;1;1; -1;1;0;1;50;Indemne;1
202300022468;155 640 728;B01;1;0;2;8;1;5;203 797 845;1;1;3;1;1983.0;1;0;-1;-1;14;11;2023;18:30;3;38;38189;1;1;3;3;45.638685;5.057251;3;2;2;0;1;1;7;2;0;1;80;Blessé hospitalisé;1
202300022468;155 640 729;A01;7;0;9;7;2;1;203 797 848;1;1;1;1;1996.0;1;1;-1;-1;14;11;2023;18:30;3;38;38189;1;1;3;3;45.638685;5.057251;3;2;2;0;1;1;7;2;0;1;80;Indemne;1
202300022471;155 640 721;A01;30;0;2;7;16;1;203 797 836;1;1;4;2;1975.0;9;2;8;-1;10;3;2023;09:00;1;75;75119;2;7;2;3;48.878026;2.370696;4;2; -1;-1;1;1; -1;2;0;1;-1;Blessé léger;4
202300022471;155 640 721;A01;30;0;2;7;16;1;203 797 836;1;1;4;2;1975.0;9;2;8;-1;10;3;2023;09:00;1;75;75119;2;7;2;3;48.878026;2.370696;4;1;1;0;1;3; -1;2;0;1;30;Blessé léger;4
202300022471;155 640 723;B01;1;0;2;1;1;5;203 797 839;1;1;1;1;2001.0;2;8;0;-1;10;3;2023;09:00;1;75;75119;2;7;2;3;48.878026;2.370696;4;2; -1;-1;1;1; -1;2;0;1;-1;Indemne;4
202300022471;155 640 723;B01;1;0;2;1;1;5;203 797 839;1;1;1;1;2001.0;2;8;0;-1;10;3;2023;09:00;1;75;75119;2;7;2;3;48.878026;2.370696;4;1;1;0;1;3; -1;2;0;1;30;Indemne;4
202300022473;155 640 718;A01;1;0;1;1;1;5;203 797 832;10;3;4;2;1948.0;3;0;-1;-1;27;1;2023;15:00;1;76;76540;2;1;1;6;49.44552918;1.10878882;7;2;2;3;2;1; -1;1;-1;1;50;Blessé léger;4
202300022473;155 640 718;A01;1;0;1;1;1;5;203 797 835;1;1;1;2;1995.0;0;2;8;-1;27;1;2023;15:00;1;76;76540;2;1;1;6;49.44552918;1.10878882;7;2;2;3;2;1; -1;1;-1;1;50;Indemne;4
202300022487;155 640 695;A01;7;0;2;3;15;3;203 797 799;1;1;1;2;1971.0;0;1;0;-1;27;1;2023;14:30;1;64;64445;2;2;8;3;43.29999;-0.36979;4;1;2;1;1;1; -1;2;0;5;30;Indemne;4
202300022487;155 640 695;A01;7;0;2;3;15;3;203 797 799;1;1;1;2;1971.0;0;1;0;-1;27;1;2023;14:30;1;64;64445;2;2;8;3;43.29999;-0.36979;4;2;2;-1;1;1; -1;2;5;1;-1;Indemne;4
202300022487;155 640 698;B01;1;0;2;8;1;5;203 797 802;1;1;4;1;1984.0;0;8;0;-1;27;1;2023;14:30;1;64;64445;2;2;8;3;43.29999;-0.36979;4;1;2;1;1;1; -1;2;0;5;30;Blessé léger;4
202300022487;155 640 698;B01;1;0;2;8;1;5;203 797 802;1;1;4;1;1984.0;0;8;0;-1;27;1;2023;14:30;1;64;64445;2;2;8;3;43.29999;-0.36979;4;2;2;-1;1;1; -1;2;5;1;-1;Blessé léger;4
202300022488;155 640 693;B01;1;0;2;8;1;5;203 797 797;1;1;4;1;1966.0;1;8;6;-1;10;3;2023;07:00;2;75;75113;2;3;2;3;48.828115;2.384862;4;1;2;1;1;1; -1;2;-1;5;30;Blessé léger;4
202300022488;155 640 693;B01;1;0;2;8;1;5;203 797 797;1;1;4;1;1966.0;1;8;6;-1;10;3;2023;07:00;2;75;75113;2;3;2;3;48.828115;2.384862;4;2;2;1;1;1; -1;2;-1;5;30;Blessé léger;4
202300022488;155 640 696;A01;7;0;2;1;15;6;203 797 800;1;1;1;1;1961.0;1;1;0;-1;10;3;2023;07:00;2;75;75113;2;3;2;3;48.828115;2.384862;4;1;2;1;1;1; -1;2;-1;5;30;Indemne;4
202300022488;155 640 696;A01;7;0;2;1;15;6;203 797 800;1;1;1;1;1961.0;1;1;0;-1;10;3;2023;07:00;2;75;75113;2;3;2;3;48.828115;2.384862;4;2;2;1;1;1; -1;2;-1;5;30;Indemne;4
202300022492;155 640 688;A01;80;0;1;1;1;3;203 797 790;10;3;4;1;1985.0;4;0;-1;-1;10;3;2023;20:55;5;75;75111;2;1;2;6;48.855654;2.383753;4;2;4;1;1;1; -1;2;-1;5;30;Blessé léger;4
202300022492;155 640 688;A01;80;0;1;1;1;3;203 797 791;1;1;4;1;1995.0;4;8;0;-1;10;3;2023;20:55;5;75;75111;2;1;2;6;48.855654;2.383753;4;2;4;1;1;1; -1;2;-1;5;30;Blessé léger;4
202300022496;155 640 682;A01;7;0;0;7;16;1;203 797 783;1;1;1;2;1943.0;5;1;-1;-1;15;11;2023;15:10;1;59;59034;2;6;1;3;50.53435;3.084943;3;1;2;0;1;3;5;1;0;1;50;Indemne;2
202300022496;155 640 686;B01;1;0;2;1;1;5;203 797 787;1;1;3;1;1972.0;5;2;-1;-1;15;11;2023;15:10;1;59;59034;2;6;1;3;50.53435;3.084943;3;1;2;0;1;3;5;1;0;1;50;Blessé hospitalisé;2
202300022499;155 640 675;A01;1;0;1;1;1;5;203 797 773;10;3;4;2;1969.0;9;0;-1;-1;10;3;2023;20:09;5;75;75108;2;1;1;6;48.87273772;2.29829103;4;2;8;1;2;1; -1;1;-1;5;50;Blessé léger;4
202300022499;155 640 675;A01;1;0;1;1;1;5;203 797 775;1;1;1;1;1980.0;9;8;0;-1;10;3;2023;20:09;5;75;75108;2;1;1;6;48.87273772;2.29829103;4;2;8;1;2;1; -1;1;-1;5;50;Indemne;4
202300022529;155 640 621;B01;80;1;0;1;1;3;203 797 692;1;1;4;1;1989.0;1;0;-1;-1;27;1;2023;17:15;2;35;35238;2;1;8;3;48.0932349;-1.67426169;4;3;4;2;1;1; -1;2;0;5;50;Blessé léger;4
202300022529;155 640 623;A01;7;0;2;8;22;1;203 797 694;1;1;1;2;1981.0;1;1;-1;-1;27;1;2023;17:15;2;35;35238;2;1;8;3;48.0932349;-1.67426169;4;3;4;2;1;1; -1;2;0;5;50;Indemne;4
202300022529;155 640 623;A01;7;0;2;8;22;1;203 797 696;2;2;1;2;1987.0;1;1;-1;-1;27;1;2023;17:15;2;35;35238;2;1;8;3;48.0932349;-1.67426169;4;3;4;2;1;1; -1;2;0;5;50;Indemne;4
202300022537;155 640 607;B01;1;0;2;8;1;5;203 797 677;1;1;4;2;1971.0;0;2;-1;-1;27;1;2023;20:07;5;33;33063;2;3;8;3;44.83924;-0.58464;4;2;2;0;1;1; -1;1;0;1;50;Blessé léger;4
202300022537;155 640 607;B01;1;0;2;8;1;5;203 797 677;1;1;4;2;1971.0;0;2;-1;-1;27;1;2023;20:07;5;33;33063;2;3;8;3;44.83924;-0.58464;4;2;2;-1;1;1; -1;1;0;1;50;Blessé léger;4
202300022537;155 640 610;A01;7;0;2;1;15;2;203 797 680;1;1;1;1;1985.0;0;1;-1;-1;27;1;2023;20:07;5;33;33063;2;3;8;3;44.83924;-0.58464;4;2;2;0;1;1; -1;1;0;1;50;Indemne;4
202300022537;155 640 610;A01;7;0;2;1;15;2;203 797 680;1;1;1;1;1985.0;0;1;-1;-1;27;1;2023;20:07;5;33;33063;2;3;8;3;44.83924;-0.58464;4;2;2;-1;1;1; -1;1;0;1;50;Indemne;4
202300022538;155 640 606;A01;7;0;2;3;2;1;203 797 676;1;1;1;2;1982.0;3;1;-1;-1;28;5;2023;12:10;1;49;49026;1;6;1;3;47.509219;-0.801997;3;1;2;0;1;2;7;1;0;1;50;Indemne;6
202300022538;155 640 606;A01;7;0;2;3;2;1;203 797 676;1;1;1;2;1982.0;3;1;-1;-1;28;5;2023;12:10;1;49;49026;1;6;1;3;47.509219;-0.801997;3;1;2;0;1;3;7;1;0;1;50;Indemne;6