Num_Acc;id_vehicule;num_veh;catv;obs;obsm;choc;manv;motor;id_usager;place;catu;grav;sexe;an_nais;trajet;secu1;secu2;secu3;jour;mois;an;hrmn;lum;dep;com;agg;int;atm;col;lat;long;catr;circ;nbv;vosp;prof;plan;larrout;surf;infra;situ;vma;gravity;day_of_week
202300022538;155 640 608;B01;1;0;2;2;2;5;203 797 678;1;1;3;1;1953.0;5;2;-1;-1;28;5;2023;12:10;1;49;49026;1;6;1;3;47.509219;-0.801997;3;1;2;0;1;2;7;1;0;1;50;Blessé hospitalisé;6
202300022538;155 640 608;B01;1;0;2;2;2;5;203 797 678;1;1;3;1;1953.0;5;2;-1;-1;28;5;2023;12:10;1;49;49026;1;6;1;3;47.509219;-0.801997;3;1;2;0;1;3;7;1;0;1;50;Blessé hospitalisé;6
202300022578;155 640 545;B01;1;0;2;0;0;0;203 797 587;1;1;4;2;2003.0;0;0;-1;-1;15;11;2023;18:20;2;69;69387;2;1;2;2;45.73573;4.83625;4;2;2;2;1;1; -1;2;9;1;50;Blessé léger;2
202300022578;155 640 548;A01;7;1;2;4;0;1;203 797 593;1;1;1;1;1989.0;0;1;-1;-1;15;11;2023;18:20;2;69;69387;2;1;2;2;45.73573;4.83625;4;2;2;2;1;1; -1;2;9;1;50;Indemne;2
202300022602;155 640 503;B01;2;0;2;8;1;3;203 797 521;1;1;1;1;1967.0;4;2;-1;-1;9;3;2023;18:28;3;67;67407;1;2;1;1;48.749345;7.902206;4;2;2;0;1;1; -1;1;0;8;-1;Indemne;3
202300022602;155 640 503;B01;2;0;2;8;1;3;203 797 521;1;1;1;1;1967.0;4;2;-1;-1;9;3;2023;18:28;3;67;67407;1;2;1;1;48.749345;7.902206;4;2; -1;-1;1;1; -1;1;0;8;-1;Indemne;3
202300022602;155 640 504;A01;80;0;2;1;1;3;203 797 522;1;1;3;1;1988.0;5;2;-1;-1;9;3;2023;18:28;3;67;67407;1;2;1;1;48.749345;7.902206;4;2;2;0;1;1; -1;1;0;8;-1;Blessé hospitalisé;3
202300022602;155 640 504;A01;80;0;2;1;1;3;203 797 522;1;1;3;1;1988.0;5;2;-1;-1;9;3;2023;18:28;3;67;67407;1;2;1;1;48.749345;7.902206;4;2; -1;-1;1;1; -1;1;0;8;-1;Blessé hospitalisé;3
202300022608;155 640 493;A01;1;0;0;0;1;5;203 797 510;1;1;2;1;1954.0;5;2;-1;-1;29;5;2023;15:50;1;24;24356;2;1;7;7;45.046469;0.976195;3;2;2;0;2;1;4;1;0;1;50;Tué;0
202300022617;155 640 478;A01;7;0;2;2;15;1;203 797 488;3;2;1;2;2008.0;5;1;-1;-1;28;5;2023;13:05;1;48;48146;1;4;1;3;44.405941;3.431838;3;2;2;0;4;1; -1;1;0;1;-1;Indemne;6
202300022617;155 640 478;A01;7;0;2;2;15;1;203 797 488;3;2;1;2;2008.0;5;1;-1;-1;28;5;2023;13:05;1;48;48146;1;4;1;3;44.405941;3.431838;3;2;2;0;2;2; -1;1;0;1;90;Indemne;6
202300022617;155 640 478;A01;7;0;2;2;15;1;203 797 489;4;2;1;2;2007.0;5;1;-1;-1;28;5;2023;13:05;1;48;48146;1;4;1;3;44.405941;3.431838;3;2;2;0;4;1; -1;1;0;1;-1;Indemne;6
202300022617;155 640 478;A01;7;0;2;2;15;1;203 797 489;4;2;1;2;2007.0;5;1;-1;-1;28;5;2023;13:05;1;48;48146;1;4;1;3;44.405941;3.431838;3;2;2;0;2;2; -1;1;0;1;90;Indemne;6
202300022617;155 640 478;A01;7;0;2;2;15;1;203 797 491;1;1;1;2;1944.0;5;1;-1;-1;28;5;2023;13:05;1;48;48146;1;4;1;3;44.405941;3.431838;3;2;2;0;4;1; -1;1;0;1;-1;Indemne;6
202300022617;155 640 478;A01;7;0;2;2;15;1;203 797 491;1;1;1;2;1944.0;5;1;-1;-1;28;5;2023;13:05;1;48;48146;1;4;1;3;44.405941;3.431838;3;2;2;0;2;2; -1;1;0;1;90;Indemne;6
202300022617;155 640 480;B01;1;0;2;1;1;5;203 797 492;1;1;3;1;1961.0;5;2;-1;-1;28;5;2023;13:05;1;48;48146;1;4;1;3;44.405941;3.431838;3;2;2;0;4;1; -1;1;0;1;-1;Blessé hospitalisé;6
202300022617;155 640 480;B01;1;0;2;1;1;5;203 797 492;1;1;3;1;1961.0;5;2;-1;-1;28;5;2023;13:05;1;48;48146;1;4;1;3;44.405941;3.431838;3;2;2;0;2;2; -1;1;0;1;90;Blessé hospitalisé;6
202300022627;155 640 463;Z01;1;0;1;1;1;5;203 797 471;10;3;4;1;1947.0;5;8;8;-1;27;1;2023;16:10;1;75;75115;2;5;1;6;48.845068;2.319918;4;-1;4;0;1;1; -1;1;0;1;30;Blessé léger;4
202300022627;155 640 463;Z01;1;0;1;1;1;5;203 797 471;10;3;4;1;1947.0;5;8;8;-1;27;1;2023;16:10;1;75;75115;2;5;1;6;48.845068;2.319918;4;-1;3;0;1;1; -1;1;0;1;30;Blessé léger;4
202300022652;155 640 419;A01;1;0;1;1;1;5;203 797 403;1;1;1;1;1997.0;5;8;0;-1;27;1;2023;16:35;1;75;75103;2;2;8;6;48.868986;2.355576;4;2;5;2;1;1; -1;1;0;1;30;Indemne;4
202300022652;155 640 419;A01;1;0;1;1;1;5;203 797 403;1;1;1;1;1997.0;5;8;0;-1;27;1;2023;16:35;1;75;75103;2;2;8;6;48.868986;2.355576;4;1;3;3;1;1; -1;1;0;1;30;Indemne;4
202300022652;155 640 419;A01;1;0;1;1;1;5;203 797 404;10;3;4;2;1937.0;5;0;-1;-1;27;1;2023;16:35;1;75;75103;2;2;8;6;48.868986;2.355576;4;2;5;2;1;1; -1;1;0;1;30;Blessé léger;4
202300022652;155 640 419;A01;1;0;1;1;1;5;203 797 404;10;3;4;2;1937.0;5;0;-1;-1;27;1;2023;16:35;1;75;75103;2;2;8;6;48.868986;2.355576;4;1;3;3;1;1; -1;1;0;1;30;Blessé léger;4
202300022657;155 640 410;C01;7;0;1;3;1;1;203 797 391;1;1;1;1;1950.0;0;1;-1;-1;26;5;2023;14:35;1;91;91200;2;3;1;5;48.533107;2.001448;3;2;2;0;2;1;5;1;0;1;50;Indemne;4
202300022657;155 640 410;C01;7;0;1;3;1;1;203 797 391;1;1;1;1;1950.0;0;1;-1;-1;26;5;2023;14:35;1;91;91200;2;3;1;5;48.533107;2.001448;3;2;2;0;1;1;5;1;0;1;50;Indemne;4
202300022657;155 640 410;C01;7;0;1;3;1;1;203 797 392;10;3;4;1;2011.0;0;0;-1;-1;26;5;2023;14:35;1;91;91200;2;3;1;5;48.533107;2.001448;3;2;2;0;2;1;5;1;0;1;50;Blessé léger;4
202300022657;155 640 410;C01;7;0;1;3;1;1;203 797 392;10;3;4;1;2011.0;0;0;-1;-1;26;5;2023;14:35;1;91;91200;2;3;1;5;48.533107;2.001448;3;2;2;0;1;1;5;1;0;1;50;Blessé léger;4
202300022657;155 640 414;A01;1;1;0;1;1;5;203 797 395;1;1;4;1;2011.0;0;0;-1;-1;26;5;2023;14:35;1;91;91200;2;3;1;5;48.533107;2.001448;3;2;2;0;2;1;5;1;0;1;50;Blessé léger;4
202300022657;155 640 414;A01;1;1;0;1;1;5;203 797 395;1;1;4;1;2011.0;0;0;-1;-1;26;5;2023;14:35;1;91;91200;2;3;1;5;48.533107;2.001448;3;2;2;0;1;1;5;1;0;1;50;Blessé léger;4
202300022657;155 640 416;B01;7;0;2;2;23;1;203 797 398;1;1;1;2;1961.0;0;1;-1;-1;26;5;2023;14:35;1;91;91200;2;3;1;5;48.533107;2.001448;3;2;2;0;2;1;5;1;0;1;50;Indemne;4
202300022657;155 640 416;B01;7;0;2;2;23;1;203 797 398;1;1;1;2;1961.0;0;1;-1;-1;26;5;2023;14:35;1;91;91200;2;3;1;5;48.533107;2.001448;3;2;2;0;1;1;5;1;0;1;50;Indemne;4
202300022686;155 640 357;A01;1;0;1;1;2;5;203 797 316;1;1;4;1;1967.0;0;8;8;-1;27;1;2023;08:40;1;92;92040;2;1;1;6;48.82011;2.26121;3;2;0;0;4;1; -1;1;0;1;50;Blessé léger;4
202300022686;155 640 357;A01;1;0;1;1;2;5;203 797 317;10;3;1;1;1983.0;0;0;-1;-1;27;1;2023;08:40;1;92;92040;2;1;1;6;48.82011;2.26121;3;2;0;0;4;1; -1;1;0;1;50;Indemne;4
202300022688;155 640 354;A01;1;0;1;1;0;5;203 797 311;1;1;1;1;2003.0;9;8;0;-1;27;1;2023;17:20;1;92;92026;2;1;1;6;48.89529;2.24661;4;-1;1;0;1;1; -1;1;0;4;30;Indemne;4
202300022688;155 640 354;A01;1;0;1;1;0;5;203 797 313;10;3;4;1;1968.0;0;0;-1;-1;27;1;2023;17:20;1;92;92026;2;1;1;6;48.89529;2.24661;4;-1;1;0;1;1; -1;1;0;4;30;Blessé léger;4
202300022690;155 640 352;A01;7;0;2;2;1;1;203 797 306;2;2;1;1;1984.0;0;1;-1;-1;29;5;2023;09:50;1;38;38349;1;2;1;3;45.307953;4.801674;4;-1;2;0;1;1; -1;1;0;1;50;Indemne;0
202300022690;155 640 352;A01;7;0;2;2;1;1;203 797 306;2;2;1;1;1984.0;0;1;-1;-1;29;5;2023;09:50;1;38;38349;1;2;1;3;45.307953;4.801674;4;2;2;0;1;1; -1;1;0;1;50;Indemne;0
202300022690;155 640 352;A01;7;0;2;2;1;1;203 797 308;4;2;1;1;1957.0;0;1;-1;-1;29;5;2023;09:50;1;38;38349;1;2;1;3;45.307953;4.801674;4;-1;2;0;1;1; -1;1;0;1;50;Indemne;0
202300022690;155 640 352;A01;7;0;2;2;1;1;203 797 308;4;2;1;1;1957.0;0;1;-1;-1;29;5;2023;09:50;1;38;38349;1;2;1;3;45.307953;4.801674;4;2;2;0;1;1; -1;1;0;1;50;Indemne;0
202300022690;155 640 352;A01;7;0;2;2;1;1;203 797 310;1;1;1;1;1986.0;0;1;-1;-1;29;5;2023;09:50;1;38;38349;1;2;1;3;45.307953;4.801674;4;-1;2;0;1;1; -1;1;0;1;50;Indemne;0
202300022690;155 640 352;A01;7;0;2;2;1;1;203 797 310;1;1;1;1;1986.0;0;1;-1;-1;29;5;2023;09:50;1;38;38349;1;2;1;3;45.307953;4.801674;4;2;2;0;1;1; -1;1;0;1;50;Indemne;0
202300022690;155 640 355;B01;1;0;2;8;19;5;203 797 314;1;1;3;1;2007.0;5;0;-1;-1;29;5;2023;09:50;1;38;38349;1;2;1;3;45.307953;4.801674;4;-1;2;0;1;1; -1;1;0;1;50;Blessé hospitalisé;0
202300022690;155 640 355;B01;1;0;2;8;19;5;203 797 314;1;1;3;1;2007.0;5;0;-1;-1;29;5;2023;09:50;1;38;38349;1;2;1;3;45.307953;4.801674;4;2;2;0;1;1; -1;1;0;1;50;Blessé hospitalisé;0
202300022723;155 640 296;B01;1;0;2;3;1;5;203 797 225;1;1;4;1;2011.0;2;8;0;-1;15;11;2023;07:00;3;62;62270;1;1;1;7;50.46526;2.49703;3;2;1;0;2;1; -1;2;0;1;70;Blessé léger;2
202300022750;155 640 253;B01;1;0;2;2;0;5;203 797 166;1;1;4;1;1995.0;1;8;4;-1;15;11;2023;08:00;2;47;47001;2;6;1;3;44.19508;0.61231;3;1;2;1;1;2; -1;1;0;1;50;Blessé léger;2
202300022750;155 640 255;A01;7;0;9;2;26;1;203 797 169;1;1;1;2;1981.0;9;1;0;-1;15;11;2023;08:00;2;47;47001;2;6;1;3;44.19508;0.61231;3;1;2;1;1;2; -1;1;0;1;50;Indemne;2
202300022765;155 640 227;B01;7;0;2;3;2;1;203 797 134;1;1;1;2;1965.0;2;8;-1;-1;19;12;2023;07:55;2;69;69266;2;1;5;3;45.76756206;4.89001231;4;2;2;2;1;1; -1;1;6;1;30;Indemne;1
202300022765;155 640 230;A01;1;0;2;2;19;5;203 797 137;1;1;4;2;1985.0;1;4;-1;-1;19;12;2023;07:55;2;69;69266;2;1;5;3;45.76756206;4.89001231;4;2;2;2;1;1; -1;1;6;1;30;Blessé léger;1
202300022777;155 640 205;A01;7;0;9;1;1;1;203 797 106;1;1;1;1;1983.0;9;1;0;-1;1;12;2023;16:00;1;62;62510;2;1;1;3;50.42525;2.79413;3;2;0;3;1;1;0;1;0;1;50;Indemne;4
202300022777;155 640 206;B01;1;0;2;1;19;5;203 797 107;1;1;4;2;2009.0;2;8;0;-1;1;12;2023;16:00;1;62;62510;2;1;1;3;50.42525;2.79413;3;2;0;3;1;1;0;1;0;1;50;Blessé léger;4
202300022787;155 640 186;B01;1;0;2;7;1;5;203 797 084;1;1;3;1;1955.0;5;2;0;-1;17;12;2023;15:30;1;59;59350;2;3;1;3;50.64129;2.97892;4;2;3;0;1;1; -1;1;0;1;50;Blessé hospitalisé;6
202300022787;155 640 186;B01;1;0;2;7;1;5;203 797 084;1;1;3;1;1955.0;5;2;0;-1;17;12;2023;15:30;1;59;59350;2;3;1;3;50.64129;2.97892;4;2;2;0;1;1; -1;1;0;1;50;Blessé hospitalisé;6
202300022787;155 640 189;A01;7;0;2;7;15;0;203 797 087;1;1;1;1;1962.0;0;1;0;-1;17;12;2023;15:30;1;59;59350;2;3;1;3;50.64129;2.97892;4;2;3;0;1;1; -1;1;0;1;50;Indemne;6
202300022787;155 640 189;A01;7;0;2;7;15;0;203 797 087;1;1;1;1;1962.0;0;1;0;-1;17;12;2023;15:30;1;59;59350;2;3;1;3;50.64129;2.97892;4;2;2;0;1;1; -1;1;0;1;50;Indemne;6
202300022794;155 640 173;A01;7;0;2;6;24;1;203 797 070;1;1;1;2;1969.0;5;8;0;-1;10;9;2023;13:40;1;64;64024;2;1;1;3;43.49474;-1.52899;4;2;1;1;1;2; -1;1;0;1;30;Indemne;6
202300022794;155 640 176;B01;1;1;0;1;1;5;203 797 073;1;1;4;2;1987.0;5;8;0;-1;10;9;2023;13:40;1;64;64024;2;1;1;3;43.49474;-1.52899;4;2;1;1;1;2; -1;1;0;1;30;Blessé léger;6
202300022811;155 640 147;A01;7;0;2;2;15;1;203 797 033;1;1;1;1;1984.0;0;1;0;-1;20;12;2023;16:30;2;41;41018;2;3;1;3;47.60347;1.334;4;2;2;0;1;1; -1;1;0;1;50;Indemne;2
202300022811;155 640 147;A01;7;0;2;2;15;1;203 797 033;1;1;1;1;1984.0;0;1;0;-1;20;12;2023;16:30;2;41;41018;2;3;1;3;47.60347;1.334;4;2;2;1;2;1; -1;1;0;1;50;Indemne;2
202300022811;155 640 149;B01;1;0;2;1;26;5;203 797 035;1;1;3;2;1961.0;0;8;0;-1;20;12;2023;16:30;2;41;41018;2;3;1;3;47.60347;1.334;4;2;2;0;1;1; -1;1;0;1;50;Blessé hospitalisé;2
202300022811;155 640 149;B01;1;0;2;1;26;5;203 797 035;1;1;3;2;1961.0;0;8;0;-1;20;12;2023;16:30;2;41;41018;2;3;1;3;47.60347;1.334;4;2;2;1;2;1; -1;1;0;1;50;Blessé hospitalisé;2
202300022817;155 640 135;A01;10;0;2;2;15;0;203 797 018;1;1;1;1;1967.0;0;1;0;-1;12;9;2023;20:30;5;59;59328;2;2;1;3;50.64451;3.02866;4;4;0;0;1;1; -1;1;0;1;30;Indemne;1
202300022817;155 640 135;A01;10;0;2;2;15;0;203 797 018;1;1;1;1;1967.0;0;1;0;-1;12;9;2023;20:30;5;59;59328;2;2;1;3;50.64451;3.02866;4;4;0;0;1;1; -1;1;0;1;30;Indemne;1
202300022817;155 640 138;B01;1;0;2;0;1;5;203 797 021;1;1;4;1;1989.0;0;8;0;-1;12;9;2023;20:30;5;59;59328;2;2;1;3;50.64451;3.02866;4;4;0;0;1;1; -1;1;0;1;30;Blessé léger;1
202300022817;155 640 138;B01;1;0;2;0;1;5;203 797 021;1;1;4;1;1989.0;0;8;0;-1;12;9;2023;20:30;5;59;59328;2;2;1;3;50.64451;3.02866;4;4;0;0;1;1; -1;1;0;1;30;Blessé léger;1
202300022820;155 640 133;Y01;1;0;2;4;5;5;203 797 014;1;1;1;1;1976.0;2;0;-1;-1;15;11;2023;11:50;1;75;75119;2;2;1;2;48.885084;2.383773;4;-1; -1;0;1;1; -1;1;0;1;30;Indemne;2
202300022820;155 640 133;Y01;1;0;2;4;5;5;203 797 014;1;1;1;1;1976.0;2;0;-1;-1;15;11;2023;11:50;1;75;75119;2;2;1;2;48.885084;2.383773;4;1;1;0;1;1; -1;1;0;1;30;Indemne;2
202300022820;155 640 133;Y01;1;0;2;4;5;5;203 797 016;5;2;4;1;2019.0;2;8;0;-1;15;11;2023;11:50;1;75;75119;2;2;1;2;48.885084;2.383773;4;-1; -1;0;1;1; -1;1;0;1;30;Blessé léger;2
202300022820;155 640 133;Y01;1;0;2;4;5;5;203 797 016;5;2;4;1;2019.0;2;8;0;-1;15;11;2023;11:50;1;75;75119;2;2;1;2;48.885084;2.383773;4;1;1;0;1;1; -1;1;0;1;30;Blessé léger;2
202300022820;155 640 134;A01;10;0;2;4;4;1;203 797 017;1;1;1;1;2000.0;4;1;0;-1;15;11;2023;11:50;1;75;75119;2;2;1;2;48.885084;2.383773;4;-1; -1;0;1;1; -1;1;0;1;30;Indemne;2
202300022820;155 640 134;A01;10;0;2;4;4;1;203 797 017;1;1;1;1;2000.0;4;1;0;-1;15;11;2023;11:50;1;75;75119;2;2;1;2;48.885084;2.383773;4;1;1;0;1;1; -1;1;0;1;30;Indemne;2
202300022821;155 640 128;A01;7;0;2;2;20;1;203 797 009;1;1;1;2;1997.0;5;1;0;-1;16;12;2023;16:53;1;36;36044;2;1;1;3;46.8173943;1.69703901;4;3;2;1;2;1; -1;1;0;1;50;Indemne;5
202300022821;155 640 129;B01;1;0;2;0;1;5;203 797 010;1;1;3;1;1974.0;4;2;0;-1;16;12;2023;16:53;1;36;36044;2;1;1;3;46.8173943;1.69703901;4;3;2;1;2;1; -1;1;0;1;50;Blessé hospitalisé;5
202300022824;155 640 124;A01;1;0;2;8;17;5;203 797 002;1;1;4;2;2000.0;1;8;0;-1;20;12;2023;08:55;1;35;35238;2;1;1;2;48.12558;-1.69682;4;3;2;2;1;1; -1;1;0;1;50;Blessé léger;2
202300022824;155 640 125;B01;7;0;2;1;1;1;203 797 004;1;1;1;1;2002.0;1;1;0;-1;20;12;2023;08:55;1;35;35238;2;1;1;2;48.12558;-1.69682;4;3;2;2;1;1; -1;1;0;1;50;Indemne;2
202300022824;155 640 125;B01;7;0;2;1;1;1;203 797 005;2;2;1;1;2002.0;2;1;0;-1;20;12;2023;08:55;1;35;35238;2;1;1;2;48.12558;-1.69682;4;3;2;2;1;1; -1;1;0;1;50;Indemne;2
202300022834;155 640 108;A01;7;0;2;2;1;1;203 796 980;1;1;1;2;2000.0;0;1;0;-1;8;9;2023;21:29;5;57;57491;2;3;1;3;49.25177;6.05154;4;1;1;0;1;1; -1;1;0;1;30;Indemne;4
202300022834;155 640 108;A01;7;0;2;2;1;1;203 796 980;1;1;1;2;2000.0;0;1;0;-1;8;9;2023;21:29;5;57;57491;2;3;1;3;49.25177;6.05154;4;2;2;0;2;1; -1;1;0;1;30;Indemne;4
202300022834;155 640 109;B01;1;0;2;8;5;5;203 796 982;1;1;4;1;2008.0;5;8;0;-1;8;9;2023;21:29;5;57;57491;2;3;1;3;49.25177;6.05154;4;1;1;0;1;1; -1;1;0;1;30;Blessé léger;4
202300022834;155 640 109;B01;1;0;2;8;5;5;203 796 982;1;1;4;1;2008.0;5;8;0;-1;8;9;2023;21:29;5;57;57491;2;3;1;3;49.25177;6.05154;4;2;2;0;2;1; -1;1;0;1;30;Blessé léger;4
202300022841;155 640 096;B01;1;0;2;1;9;5;203 796 964;1;1;4;1;2011.0;5;2;0;-1;18;12;2023;10:39;1;21;21278;2;6;1;3;47.34704;5.03491;4;1;1;0;1;1; -1;1;0;1;50;Blessé léger;0
202300022841;155 640 096;B01;1;0;2;1;9;5;203 796 964;1;1;4;1;2011.0;5;2;0;-1;18;12;2023;10:39;1;21;21278;2;6;1;3;47.34704;5.03491;4;-1;1;0;1;1; -1;1;0;1;50;Blessé léger;0
202300022841;155 640 098;A01;7;0;2;3;9;1;203 796 966;1;1;1;1;1954.0;5;1;0;-1;18;12;2023;10:39;1;21;21278;2;6;1;3;47.34704;5.03491;4;1;1;0;1;1; -1;1;0;1;50;Indemne;0
202300022841;155 640 098;A01;7;0;2;3;9;1;203 796 966;1;1;1;1;1954.0;5;1;0;-1;18;12;2023;10:39;1;21;21278;2;6;1;3;47.34704;5.03491;4;-1;1;0;1;1; -1;1;0;1;50;Indemne;0
202300022844;155 640 090;A01;50;0;2;2;26;3;203 796 956;1;1;1;1;1984.0;0;2;6;-1;11;9;2023;19:50;2;54;54274;2;1;1;3;48.67120857;6.21171176;4;2;1;2;2;3; -1;1;9;5;50;Indemne;0
202300022844;155 640 092;B01;1;0;2;8;26;5;203 796 959;1;1;3;1;1968.0;0;2;6;-1;11;9;2023;19:50;2;54;54274;2;1;1;3;48.67120857;6.21171176;4;2;1;2;2;3; -1;1;9;5;50;Blessé hospitalisé;0
202300022853;155 640 075;A01;10;0;2;2;16;1;203 796 936;1;1;1;1;1980.0;1;1;0;-1;12;9;2023;08:47;1;51;51454;2;9;1;3;49.2367;4.0711;4;1;2;0;1;1;9;1;0;1;50;Indemne;1
202300022853;155 640 076;B01;80;0;0;1;19;3;203 796 937;1;1;4;1;1975.0;1;0;-1;-1;12;9;2023;08:47;1;51;51454;2;9;1;3;49.2367;4.0711;4;1;2;0;1;1;9;1;0;1;50;Blessé léger;1
202300022857;155 640 068;A01;7;0;9;3;2;1;203 796 930;1;1;1;1;1941.0;0;1;0;-1;17;12;2023;08:40;1;07;07186;2;3;1;3;44.73619;4.60125;3;1;2;0;3;1;5,5;1;0;1;50;Indemne;6
202300022857;155 640 068;A01;7;0;9;3;2;1;203 796 930;1;1;1;1;1941.0;0;1;0;-1;17;12;2023;08:40;1;07;07186;2;3;1;3;44.73619;4.60125;3;2;2;0;3;2;5,5;1;0;1;50;Indemne;6
202300022857;155 640 070;B01;1;0;2;1;1;5;203 796 931;1;1;4;1;1967.0;5;2;6;-1;17;12;2023;08:40;1;07;07186;2;3;1;3;44.73619;4.60125;3;1;2;0;3;1;5,5;1;0;1;50;Blessé léger;6
202300022857;155 640 070;B01;1;0;2;1;1;5;203 796 931;1;1;4;1;1967.0;5;2;6;-1;17;12;2023;08:40;1;07;07186;2;3;1;3;44.73619;4.60125;3;2;2;0;3;2;5,5;1;0;1;50;Blessé léger;6
202300022872;155 640 041;A01;7;0;2;2;15;1;203 796 895;1;1;1;1;1986.0;1;1;0;-1;12;9;2023;18:35;1;38;38516;2;4;1;3;45.20782;5.74152;3;2;2;0;2;2; -1;1;0;1;50;Indemne;1
202300022872;155 640 041;A01;7;0;2;2;15;1;203 796 895;1;1;1;1;1986.0;1;1;0;-1;12;9;2023;18:35;1;38;38516;2;4;1;3;45.20782;5.74152;3;2;2;0;2;1; -1;1;0;8;50;Indemne;1
202300022872;155 640 042;B01;1;0;2;1;2;5;203 796 896;1;1;3;2;1987.0;0;8;0;-1;12;9;2023;18:35;1;38;38516;2;4;1;3;45.20782;5.74152;3;2;2;0;2;2; -1;1;0;1;50;Blessé hospitalisé;1
202300022872;155 640 042;B01;1;0;2;1;2;5;203 796 896;1;1;3;2;1987.0;0;8;0;-1;12;9;2023;18:35;1;38;38516;2;4;1;3;45.20782;5.74152;3;2;2;0;2;1; -1;1;0;8;50;Blessé hospitalisé;1
202300022885;155 640 021;A01;1;0;2;2;15;5;203 796 865;1;1;4;2;1968.0;1;8;0;-1;20;12;2023;14:10;1;75;75120;2;1;1;3;48.858357;2.414626;4;2;2;0;1;1; -1;1;0;1;50;Blessé léger;2
202300022886;155 640 018;B01;1;0;2;8;1;5;203 796 861;1;1;3;2;1960.0;0;8;0;-1;11;9;2023;15:20;1;34;34003;2;1;1;3;43.308;3.47803;4;1;1;1;1;1; -1;1;0;5;30;Blessé hospitalisé;0
202300022891;155 640 011;A01;80;0;1;1;1;3;203 796 853;1;1;1;2;1983.0;4;8;0;-1;20;12;2023;17:10;5;75;75119;2;3;1;6;48.876355;2.393124;4;1;3;2;2;1; -1;2;0;5;30;Indemne;2
202300022891;155 640 011;A01;80;0;1;1;1;3;203 796 853;1;1;1;2;1983.0;4;8;0;-1;20;12;2023;17:10;5;75;75119;2;3;1;6;48.876355;2.393124;4;1;1;0;2;1; -1;2;0;5;30;Indemne;2
202300022891;155 640 011;A01;80;0;1;1;1;3;203 796 858;10;3;4;2;1954.0;5;0;-1;-1;20;12;2023;17:10;5;75;75119;2;3;1;6;48.876355;2.393124;4;1;3;2;2;1; -1;2;0;5;30;Blessé léger;2
202300022891;155 640 011;A01;80;0;1;1;1;3;203 796 858;10;3;4;2;1954.0;5;0;-1;-1;20;12;2023;17:10;5;75;75119;2;3;1;6;48.876355;2.393124;4;1;1;0;2;1; -1;2;0;5;30;Blessé léger;2
202300022893;155 640 006;A01;1;0;1;1;1;5;203 796 844;1;1;1;2;1999.0;5;8;0;-1;20;12;2023;16:53;2;75;75118;2;3;2;6;48.890411;2.326602;4;2;4;1;2;1; -1;2;0;5;30;Indemne;2
202300022893;155 640 006;A01;1;0;1;1;1;5;203 796 844;1;1;1;2;1999.0;5;8;0;-1;20;12;2023;16:53;2;75;75118;2;3;2;6;48.890411;2.326602;4;2; -1;-1;1;1; -1;2;0;5;-1;Indemne;2
202300022893;155 640 006;A01;1;0;1;1;1;5;203 796 845;10;3;4;2;1953.0;5;0;-1;-1;20;12;2023;16:53;2;75;75118;2;3;2;6;48.890411;2.326602;4;2;4;1;2;1; -1;2;0;5;30;Blessé léger;2
202300022893;155 640 006;A01;1;0;1;1;1;5;203 796 845;10;3;4;2;1953.0;5;0;-1;-1;20;12;2023;16:53;2;75;75118;2;3;2;6;48.890411;2.326602;4;2; -1;-1;1;1; -1;2;0;5;-1;Blessé léger;2
202300022895;155 639 999;A01;7;0;2;1;1;1;203 796 835;1;1;1;1;1998.0;0;1;0;-1;7;9;2023;08:03;1;30;30189;2;3;1;3;43.82933357;4.36694473;4;2;2;0;1;1; -1;1;0;1;50;Indemne;3
202300022895;155 639 999;A01;7;0;2;1;1;1;203 796 835;1;1;1;1;1998.0;0;1;0;-1;7;9;2023;08:03;1;30;30189;2;3;1;3;43.82933357;4.36694473;4;1;1;0;1;1; -1;1;0;1;50;Indemne;3
202300022895;155 640 000;B01;1;0;2;1;1;5;203 796 837;1;1;3;1;1982.0;0;0;-1;-1;7;9;2023;08:03;1;30;30189;2;3;1;3;43.82933357;4.36694473;4;2;2;0;1;1; -1;1;0;1;50;Blessé hospitalisé;3
202300022895;155 640 000;B01;1;0;2;1;1;5;203 796 837;1;1;3;1;1982.0;0;0;-1;-1;7;9;2023;08:03;1;30;30189;2;3;1;3;43.82933357;4.36694473;4;1;1;0;1;1; -1;1;0;1;50;Blessé hospitalisé;3
202300022897;155 639 998;A01;10;0;2;4;4;1;203 796 836;1;1;1;1;1982.0;4;1;0;-1;20;12;2023;12:15;1;75;75116;2;3;1;2;48.874392;2.28285;4;1; -1;-1;1;1; -1;1;0;1;-1;Indemne;2
202300022897;155 639 998;A01;10;0;2;4;4;1;203 796 836;1;1;1;1;1982.0;4;1;0;-1;20;12;2023;12:15;1;75;75116;2;3;1;2;48.874392;2.28285;4;1;1;0;1;1; -1;1;0;1;30;Indemne;2
202300022897;155 640 001;B01;1;0;2;1;1;5;203 796 838;1;1;4;1;2000.0;5;8;0;-1;20;12;2023;12:15;1;75;75116;2;3;1;2;48.874392;2.28285;4;1; -1;-1;1;1; -1;1;0;1;-1;Blessé léger;2