Num_Acc;id_vehicule;num_veh;catv;obs;obsm;choc;manv;motor;id_usager;place;catu;grav;sexe;an_nais;trajet;secu1;secu2;secu3;jour;mois;an;hrmn;lum;dep;com;agg;int;atm;col;lat;long;catr;circ;nbv;vosp;prof;plan;larrout;surf;infra;situ;vma;gravity;day_of_week
202300022897;155 640 001;B01;1;0;2;1;1;5;203 796 838;1;1;4;1;2000.0;5;8;0;-1;20;12;2023;12:15;1;75;75116;2;3;1;2;48.874392;2.28285;4;1;1;0;1;1; -1;1;0;1;30;Blessé léger;2
202300022900;155 639 992;A01;1;0;2;1;0;5;203 796 826;1;1;3;1;2003.0;0;8;0;-1;12;9;2023;21:00;5;25;25388;2;9;1;3;47.5038;6.79513;4;-1;2;0;2;1; -1;1;5;8;50;Blessé hospitalisé;1
202300022900;155 639 993;B01;7;0;2;5;1;1;203 796 827;1;1;1;1;2003.0;0;1;0;-1;12;9;2023;21:00;5;25;25388;2;9;1;3;47.5038;6.79513;4;-1;2;0;2;1; -1;1;5;8;50;Indemne;1
202300022900;155 639 993;B01;7;0;2;5;1;1;203 796 828;2;2;1;1;1999.0;0;1;0;-1;12;9;2023;21:00;5;25;25388;2;9;1;3;47.5038;6.79513;4;-1;2;0;2;1; -1;1;5;8;50;Indemne;1
202300022907;155 639 982;A01;7;0;2;1;15;1;203 796 812;1;1;1;1;1934.0;3;1;8;-1;7;9;2023;09:30;1;19;19031;2;3;1;3;45.16473;1.51318;4;2;2;0;1;1; -1;1;0;1;50;Indemne;3
202300022907;155 639 982;A01;7;0;2;1;15;1;203 796 812;1;1;1;1;1934.0;3;1;8;-1;7;9;2023;09:30;1;19;19031;2;3;1;3;45.16473;1.51318;4;2;2;0;1;1; -1;1;0;1;50;Indemne;3
202300022907;155 639 983;B01;1;0;2;1;1;5;203 796 813;1;1;4;2;1962.0;1;2;0;-1;7;9;2023;09:30;1;19;19031;2;3;1;3;45.16473;1.51318;4;2;2;0;1;1; -1;1;0;1;50;Blessé léger;3
202300022907;155 639 983;B01;1;0;2;1;1;5;203 796 813;1;1;4;2;1962.0;1;2;0;-1;7;9;2023;09:30;1;19;19031;2;3;1;3;45.16473;1.51318;4;2;2;0;1;1; -1;1;0;1;50;Blessé léger;3
202300022913;155 639 976;B01;80;0;2;1;13;3;203 796 800;1;1;1;1;2003.0;1;8;4;-1;20;12;2023;00:09;5;75;75115;2;2;2;1;48.844427;2.317692;4;2;2;1;1;1; -1;2;0;5;30;Indemne;2
202300022913;155 639 976;B01;80;0;2;1;13;3;203 796 800;1;1;1;1;2003.0;1;8;4;-1;20;12;2023;00:09;5;75;75115;2;2;2;1;48.844427;2.317692;4;1;1;0;1;1; -1;2;0;5;30;Indemne;2
202300022913;155 639 977;A01;80;0;2;1;1;3;203 796 804;1;1;4;2;1998.0;1;2;4;-1;20;12;2023;00:09;5;75;75115;2;2;2;1;48.844427;2.317692;4;2;2;1;1;1; -1;2;0;5;30;Blessé léger;2
202300022913;155 639 977;A01;80;0;2;1;1;3;203 796 804;1;1;4;2;1998.0;1;2;4;-1;20;12;2023;00:09;5;75;75115;2;2;2;1;48.844427;2.317692;4;1;1;0;1;1; -1;2;0;5;30;Blessé léger;2
202300022923;155 639 959;A01;1;0;1;1;1;5;203 796 778;1;1;1;1;2004.0;5;8;0;-1;20;12;2023;14:35;1;75;75102;2;2;1;6;48.864115;2.3501326;4;2;3;1;1;1; -1;1;0;5;30;Indemne;2
202300022923;155 639 959;A01;1;0;1;1;1;5;203 796 778;1;1;1;1;2004.0;5;8;0;-1;20;12;2023;14:35;1;75;75102;2;2;1;6;48.864115;2.3501326;4;-1;1;0;1;1; -1;1;0;5;30;Indemne;2
202300022923;155 639 959;A01;1;0;1;1;1;5;203 796 779;10;3;4;2;1970.0;5;0;-1;-1;20;12;2023;14:35;1;75;75102;2;2;1;6;48.864115;2.3501326;4;2;3;1;1;1; -1;1;0;5;30;Blessé léger;2
202300022923;155 639 959;A01;1;0;1;1;1;5;203 796 779;10;3;4;2;1970.0;5;0;-1;-1;20;12;2023;14:35;1;75;75102;2;2;1;6;48.864115;2.3501326;4;-1;1;0;1;1; -1;1;0;5;30;Blessé léger;2
202300022944;155 639 921;A01;10;0;0;0;16;1;203 796 726;1;1;1;2;1999.0;4;1;0;-1;12;9;2023;07:55;1;75;75105;2;3;1;3;48.853756;2.34429;4;1; -1;-1;1;1; -1;1;0;5;30;Indemne;1
202300022944;155 639 921;A01;10;0;0;0;16;1;203 796 726;1;1;1;2;1999.0;4;1;0;-1;12;9;2023;07:55;1;75;75105;2;3;1;3;48.853756;2.34429;4;3;2;1;1;1; -1;1;0;5;30;Indemne;1
202300022944;155 639 923;B01;80;0;0;8;2;3;203 796 729;1;1;4;1;1972.0;1;2;0;-1;12;9;2023;07:55;1;75;75105;2;3;1;3;48.853756;2.34429;4;1; -1;-1;1;1; -1;1;0;5;30;Blessé léger;1
202300022944;155 639 923;B01;80;0;0;8;2;3;203 796 729;1;1;4;1;1972.0;1;2;0;-1;12;9;2023;07:55;1;75;75105;2;3;1;3;48.853756;2.34429;4;3;2;1;1;1; -1;1;0;5;30;Blessé léger;1
202300022945;155 639 918;A01;7;0;2;2;2;4;203 796 723;1;1;1;1;1985.0;2;1;0;-1;20;12;2023;08:14;2;92;92026;2;6;1;3;48.90255816;2.27459908;3;1;1;1;1;1; -1;1;0;5;30;Indemne;2
202300022945;155 639 918;A01;7;0;2;2;2;4;203 796 723;1;1;1;1;1985.0;2;1;0;-1;20;12;2023;08:14;2;92;92026;2;6;1;3;48.90255816;2.27459908;3;-1;2;0;1;1; -1;1;0;1;30;Indemne;2
202300022945;155 639 920;B01;1;0;2;1;2;5;203 796 725;1;1;4;2;1964.0;1;2;0;-1;20;12;2023;08:14;2;92;92026;2;6;1;3;48.90255816;2.27459908;3;1;1;1;1;1; -1;1;0;5;30;Blessé léger;2
202300022945;155 639 920;B01;1;0;2;1;2;5;203 796 725;1;1;4;2;1964.0;1;2;0;-1;20;12;2023;08:14;2;92;92026;2;6;1;3;48.90255816;2.27459908;3;-1;2;0;1;1; -1;1;0;1;30;Blessé léger;2
202300022951;155 639 908;A01;1;0;1;1;2;5;203 796 712;10;3;4;1;2001.0;5;0;-1;-1;12;9;2023;16:20;1;75;75114;2;3;2;6;48.82878642;2.32774615;4;2;4;3;1;1; -1;2;0;5;30;Blessé léger;1
202300022951;155 639 908;A01;1;0;1;1;2;5;203 796 712;10;3;4;1;2001.0;5;0;-1;-1;12;9;2023;16:20;1;75;75114;2;3;2;6;48.82878642;2.32774615;4;1; -1;-1;1;1; -1;2;0;5;30;Blessé léger;1
202300022951;155 639 908;A01;1;0;1;1;2;5;203 796 713;1;1;1;1;1972.0;1;8;0;-1;12;9;2023;16:20;1;75;75114;2;3;2;6;48.82878642;2.32774615;4;2;4;3;1;1; -1;2;0;5;30;Indemne;1
202300022951;155 639 908;A01;1;0;1;1;2;5;203 796 713;1;1;1;1;1972.0;1;8;0;-1;12;9;2023;16:20;1;75;75114;2;3;2;6;48.82878642;2.32774615;4;1; -1;-1;1;1; -1;2;0;5;30;Indemne;1
202300022957;155 639 895;A01;7;0;0;8;9;2;203 796 697;1;1;1;2;1972.0;1;1;0;-1;12;9;2023;18:30;1;75;75114;2;1;8;3;48.8383;2.332;4;1;1;2;1;1; -1;2;0;1;30;Indemne;1
202300022957;155 639 896;B01;1;0;0;0;1;5;203 796 698;1;1;4;2;1989.0;1;8;0;-1;12;9;2023;18:30;1;75;75114;2;1;8;3;48.8383;2.332;4;1;1;2;1;1; -1;2;0;1;30;Blessé léger;1
202300022960;155 639 887;B01;1;0;2;8;6;5;203 796 688;1;1;4;1;1997.0;5;8;0;-1;12;9;2023;11:50;1;75;75112;2;2;3;1;48.843483;2.370693;4;1;2;0;1;1; -1;2;0;1;30;Blessé léger;1
202300022960;155 639 887;B01;1;0;2;8;6;5;203 796 688;1;1;4;1;1997.0;5;8;0;-1;12;9;2023;11:50;1;75;75112;2;2;3;1;48.843483;2.370693;4;2;2;1;1;1; -1;2;0;1;30;Blessé léger;1
202300022960;155 639 888;A01;7;0;2;1;15;2;203 796 689;1;1;1;1;1955.0;4;1;8;-1;12;9;2023;11:50;1;75;75112;2;2;3;1;48.843483;2.370693;4;1;2;0;1;1; -1;2;0;1;30;Indemne;1
202300022960;155 639 888;A01;7;0;2;1;15;2;203 796 689;1;1;1;1;1955.0;4;1;8;-1;12;9;2023;11:50;1;75;75112;2;2;3;1;48.843483;2.370693;4;2;2;1;1;1; -1;2;0;1;30;Indemne;1
202300022962;155 639 883;A01;1;0;2;1;5;5;203 796 682;1;1;4;1;1964.0;5;2;8;-1;11;9;2023;19:00;1;75;75112;2;2;1;1;48.8221;2.442;4;1;1;3;1;2; -1;1;9;1;-1;Blessé léger;0
202300022962;155 639 883;A01;1;0;2;1;5;5;203 796 682;1;1;4;1;1964.0;5;2;8;-1;11;9;2023;19:00;1;75;75112;2;2;1;1;48.8221;2.442;4;2; -1;-1;1;1; -1;1;0;1;30;Blessé léger;0
202300022962;155 639 884;B01;1;0;2;1;1;5;203 796 683;1;1;4;1;1987.0;5;2;8;-1;11;9;2023;19:00;1;75;75112;2;2;1;1;48.8221;2.442;4;1;1;3;1;2; -1;1;9;1;-1;Blessé léger;0
202300022962;155 639 884;B01;1;0;2;1;1;5;203 796 683;1;1;4;1;1987.0;5;2;8;-1;11;9;2023;19:00;1;75;75112;2;2;1;1;48.8221;2.442;4;2; -1;-1;1;1; -1;1;0;1;30;Blessé léger;0
202300022972;155 639 863;A01;50;0;2;4;1;3;203 796 652;1;1;4;2;1991.0;5;8;0;-1;12;9;2023;18:20;1;75;75104;2;2;8;2;48.855942;2.357966;4;2;3;2;1;1; -1;2;0;1;30;Blessé léger;1
202300022972;155 639 863;A01;50;0;2;4;1;3;203 796 652;1;1;4;2;1991.0;5;8;0;-1;12;9;2023;18:20;1;75;75104;2;2;8;2;48.855942;2.357966;4;1;2;1;1;1; -1;2;0;1;30;Blessé léger;1
202300022972;155 639 864;B01;80;0;2;1;1;3;203 796 653;1;1;4;1;2004.0;2;8;0;-1;12;9;2023;18:20;1;75;75104;2;2;8;2;48.855942;2.357966;4;2;3;2;1;1; -1;2;0;1;30;Blessé léger;1
202300022972;155 639 864;B01;80;0;2;1;1;3;203 796 653;1;1;4;1;2004.0;2;8;0;-1;12;9;2023;18:20;1;75;75104;2;2;8;2;48.855942;2.357966;4;1;2;1;1;1; -1;2;0;1;30;Blessé léger;1
202300022987;155 639 835;B01;1;0;2;7;18;5;203 796 620;1;1;4;1;1996.0;5;8;0;-1;10;6;2023;05:45;2;93;93048;2;2;1;6;48.86233;2.44393;4;2;2;-1;1;1; -1;1;0;1;-1;Blessé léger;5
202300022987;155 639 835;B01;1;0;2;7;18;5;203 796 620;1;1;4;1;1996.0;5;8;0;-1;10;6;2023;05:45;2;93;93048;2;2;1;6;48.86233;2.44393;4;2;2;0;2;1; -1;1;0;1;50;Blessé léger;5
202300022987;155 639 836;A01;7;0;0;7;22;2;203 796 621;2;2;1;1;2000.0;5;1;0;-1;10;6;2023;05:45;2;93;93048;2;2;1;6;48.86233;2.44393;4;2;2;-1;1;1; -1;1;0;1;-1;Indemne;5
202300022987;155 639 836;A01;7;0;0;7;22;2;203 796 621;2;2;1;1;2000.0;5;1;0;-1;10;6;2023;05:45;2;93;93048;2;2;1;6;48.86233;2.44393;4;2;2;0;2;1; -1;1;0;1;50;Indemne;5
202300022991;155 639 828;A01;80;12;0;1;13;3;203 796 611;1;1;3;1;1959.0;5;2;-1;-1;20;12;2023;10:50;1;29;29024;2;1;1;6;48.27129;-3.575637;4;2;2;0;1;1; -1;2;0;1;50;Blessé hospitalisé;2
202300023006;155 639 805;A01;1;0;5;8;1;5;203 796 579;1;1;4;1;1956.0;5;0;-1;-1;20;12;2023;15:50;1;85;85172;1;1;1;6;46.798623;-1.978463;3;2;2;0;1;1;5,5;1;0;1;80;Blessé léger;2
202300023021;155 639 778;A01;7;0;9;7;1;1;203 796 547;1;1;1;2;1966.0;1;1;-1;-1;12;9;2023;07:39;1;84;84088;1;2;1;3;44.02218;5.047413;4;-1; -1;-1;-1;-1; -1;-1;-1;-1;-1;Indemne;1
202300023021;155 639 778;A01;7;0;9;7;1;1;203 796 547;1;1;1;2;1966.0;1;1;-1;-1;12;9;2023;07:39;1;84;84088;1;2;1;3;44.02218;5.047413;4;2;2;1;1;1; -1;1;5;1;50;Indemne;1
202300023021;155 639 780;B01;80;0;2;1;19;3;203 796 550;1;1;3;2;1967.0;5;0;-1;-1;12;9;2023;07:39;1;84;84088;1;2;1;3;44.02218;5.047413;4;-1; -1;-1;-1;-1; -1;-1;-1;-1;-1;Blessé hospitalisé;1
202300023021;155 639 780;B01;80;0;2;1;19;3;203 796 550;1;1;3;2;1967.0;5;0;-1;-1;12;9;2023;07:39;1;84;84088;1;2;1;3;44.02218;5.047413;4;2;2;1;1;1; -1;1;5;1;50;Blessé hospitalisé;1
202300023027;155 639 764;B01;7;0;2;3;1;1;203 796 528;1;1;1;1;1972.0;5;1;-1;-1;20;12;2023;19:10;5;971;97125;1;2;1;2;16.256275;-61.289742;2;2;2;0;2;1;5;1;0;1;80;Indemne;2
202300023027;155 639 764;B01;7;0;2;3;1;1;203 796 528;1;1;1;1;1972.0;5;1;-1;-1;20;12;2023;19:10;5;971;97125;1;2;1;2;16.256275;-61.289742;2;2;2;0;1;1;5;1;0;1;80;Indemne;2
202300023027;155 639 767;A01;1;0;2;5;15;5;203 796 531;1;1;2;1;1974.0;5;0;-1;-1;20;12;2023;19:10;5;971;97125;1;2;1;2;16.256275;-61.289742;2;2;2;0;2;1;5;1;0;1;80;Tué;2
202300023027;155 639 767;A01;1;0;2;5;15;5;203 796 531;1;1;2;1;1974.0;5;0;-1;-1;20;12;2023;19:10;5;971;97125;1;2;1;2;16.256275;-61.289742;2;2;2;0;1;1;5;1;0;1;80;Tué;2
202300023035;155 639 748;A01;37;0;9;2;1;1;203 796 496;1;1;1;1;1981.0;4;1;-1;-1;8;9;2023;08:50;1;59;59624;2;1;1;2;50.031656;3.294327;3;2;2;0;1;1; -1;1;0;1;80;Indemne;4
202300023035;155 639 750;B01;1;0;2;3;26;5;203 796 498;1;1;3;2;2001.0;5;2;-1;-1;8;9;2023;08:50;1;59;59624;2;1;1;2;50.031656;3.294327;3;2;2;0;1;1; -1;1;0;1;80;Blessé hospitalisé;4
202300023046;155 639 727;A01;1;0;0;0;1;5;203 796 473;1;1;2;2;1948.0;5;2;-1;-1;13;9;2023;12:30;1;2B;2B049;1;1;1;7;42.489694;8.684607;3;2;2;0;1;1;5;1;0;1;80;Tué;2
202300023051;155 639 719;A01;7;0;9;1;2;1;203 796 461;1;1;1;1;1980.0;1;8;-1;-1;11;9;2023;06:39;3;22;22204;1;1;1;2;48.696267;-3.21809;3;2;2;0;1;1;5,5;1;0;1;80;Indemne;0
202300023051;155 639 721;B01;1;0;0;4;2;5;203 796 463;1;1;3;1;1997.0;0;0;-1;-1;11;9;2023;06:39;3;22;22204;1;1;1;2;48.696267;-3.21809;3;2;2;0;1;1;5,5;1;0;1;80;Blessé hospitalisé;0
202300023052;155 639 718;B01;1;0;2;1;1;5;203 796 460;1;1;3;1;1957.0;5;2;-1;-1;19;12;2023;16:07;1;69;69143;2;9;1;3;45.886337;4.831372;7;2;2;1;1;1;3;1;6;5;50;Blessé hospitalisé;1
202300023052;155 639 720;A01;7;0;2;2;16;1;203 796 462;1;1;1;1;1969.0;3;1;-1;-1;19;12;2023;16:07;1;69;69143;2;9;1;3;45.886337;4.831372;7;2;2;1;1;1;3;1;6;5;50;Indemne;1
202300023059;155 639 706;A01;1;0;0;0;1;5;203 796 447;1;1;2;1;1943.0;5;2;-1;-1;13;9;2023;14:40;1;84;84075;1;1;1;7;44.01313831;5.24676098;3;2;2;0;2;3;4;1;0;1;80;Tué;2
202300023060;155 639 705;A01;1;0;2;1;2;5;203 796 446;1;1;3;2;1970.0;5;2;-1;-1;9;9;2023;12:30;1;84;84005;1;1;1;2;44.142151;5.341372;3;2;2;0;2;1;5,5;1;0;1;80;Blessé hospitalisé;5
202300023063;155 639 698;A01;1;0;2;1;5;5;203 796 438;1;1;3;1;2011.0;5;0;-1;-1;12;9;2023;16:15;1;58;58147;2;1;1;1;47.159723;3.385747;4;2;2;0;2;3; -1;1;0;1;50;Blessé hospitalisé;1
202300023063;155 639 700;B01;7;0;2;3;1;1;203 796 440;1;1;1;2;1946.0;3;1;-1;-1;12;9;2023;16:15;1;58;58147;2;1;1;1;47.159723;3.385747;4;2;2;0;2;3; -1;1;0;1;50;Indemne;1
202300023080;155 639 668;A01;7;0;2;1;1;1;203 796 398;1;1;1;2;1997.0;4;1;-1;-1;12;9;2023;16:17;1;88;88408;1;2;1;3;47.907076;6.681163;3;2;2;0;1;3;4;1;0;1;-1;Indemne;1
202300023080;155 639 668;A01;7;0;2;1;1;1;203 796 398;1;1;1;2;1997.0;4;1;-1;-1;12;9;2023;16:17;1;88;88408;1;2;1;3;47.907076;6.681163;3;2;2;0;1;1;4;1;0;1;-1;Indemne;1
202300023080;155 639 669;B01;1;0;0;8;19;5;203 796 400;1;1;3;1;1963.0;5;2;-1;-1;12;9;2023;16:17;1;88;88408;1;2;1;3;47.907076;6.681163;3;2;2;0;1;3;4;1;0;1;-1;Blessé hospitalisé;1
202300023080;155 639 669;B01;1;0;0;8;19;5;203 796 400;1;1;3;1;1963.0;5;2;-1;-1;12;9;2023;16:17;1;88;88408;1;2;1;3;47.907076;6.681163;3;2;2;0;1;1;4;1;0;1;-1;Blessé hospitalisé;1
202300023160;155 639 528;B01;1;0;0;0;1;5;203 796 212;1;1;4;1;1972.0;9;8;0;-1;13;10;2023;23:20;5;75;75119;2;3;2;3;48.888376;2.374136;4;1;3;1;1;1; -1;2;5;5;30;Blessé léger;4
202300023160;155 639 528;B01;1;0;0;0;1;5;203 796 212;1;1;4;1;1972.0;9;8;0;-1;13;10;2023;23:20;5;75;75119;2;3;2;3;48.888376;2.374136;4;3;2;0;1;1; -1;2;0;5;30;Blessé léger;4
202300023160;155 639 530;A01;7;8;0;0;15;1;203 796 214;1;1;1;1;1981.0;9;1;0;-1;13;10;2023;23:20;5;75;75119;2;3;2;3;48.888376;2.374136;4;1;3;1;1;1; -1;2;5;5;30;Indemne;4
202300023160;155 639 530;A01;7;8;0;0;15;1;203 796 214;1;1;1;1;1981.0;9;1;0;-1;13;10;2023;23:20;5;75;75119;2;3;2;3;48.888376;2.374136;4;3;2;0;1;1; -1;2;0;5;30;Indemne;4
202300023162;155 639 525;A01;1;0;1;1;1;5;203 796 208;1;1;1;1;1999.0;1;8;0;-1;12;10;2023;21:05;5;75;75116;2;1;1;6;48.860647;2.240629;4;1;1;1;1;1; -1;1;0;5;30;Indemne;3
202300023162;155 639 525;A01;1;0;1;1;1;5;203 796 209;10;3;4;1;1987.0;9;0;-1;-1;12;10;2023;21:05;5;75;75116;2;1;1;6;48.860647;2.240629;4;1;1;1;1;1; -1;1;0;5;30;Blessé léger;3
202300023168;155 639 514;A01;80;0;0;1;1;3;203 796 195;1;1;4;2;2001.0;1;8;0;-1;13;10;2023;09:00;1;75;75115;2;1;1;7;48.830364;2.293993;4;1;2;1;2;1; -1;1;0;5;50;Blessé léger;4
202300023172;155 639 507;A01;7;0;9;2;2;1;203 796 188;1;1;1;2;1965.0;4;1;-1;-1;19;4;2023;16:25;1;74;74278;2;6;1;2;46.082336;6.538276;3;1;1;0;1;2; -1;1;0;1;50;Indemne;2
202300023172;155 639 508;B01;1;0;2;4;15;5;203 796 189;1;1;4;1;1970.0;5;2;-1;-1;19;4;2023;16:25;1;74;74278;2;6;1;2;46.082336;6.538276;3;1;1;0;1;2; -1;1;0;1;50;Blessé léger;2
202300023203;155 639 447;A01;1;0;1;1;21;5;203 796 110;1;1;4;1;1980.0;0;8;0;-1;13;10;2023;16:20;1;94;94002;2;1;1;6;48.800098;2.427085;4;2;2;0;1;1; -1;1;0;1;30;Blessé léger;4
202300023203;155 639 447;A01;1;0;1;1;21;5;203 796 111;10;3;4;1;1978.0;9;0;-1;-1;13;10;2023;16:20;1;94;94002;2;1;1;6;48.800098;2.427085;4;2;2;0;1;1; -1;1;0;1;30;Blessé léger;4
202300023220;155 639 414;A01;1;0;2;1;15;5;203 796 068;1;1;4;1;1994.0;5;8;0;-1;27;6;2023;08:00;1;59;59368;2;2;1;3;50.655414;3.060439;7;2;0;0;1;1; -1;1;0;1;50;Blessé léger;1
202300023220;155 639 414;A01;1;0;2;1;15;5;203 796 068;1;1;4;1;1994.0;5;8;0;-1;27;6;2023;08:00;1;59;59368;2;2;1;3;50.655414;3.060439;7;-1;0;0;1;1; -1;1;0;1;50;Blessé léger;1
202300023220;155 639 415;B01;7;0;9;6;26;1;203 796 069;1;1;1;1;1959.0;9;1;0;-1;27;6;2023;08:00;1;59;59368;2;2;1;3;50.655414;3.060439;7;2;0;0;1;1; -1;1;0;1;50;Indemne;1
202300023220;155 639 415;B01;7;0;9;6;26;1;203 796 069;1;1;1;1;1959.0;9;1;0;-1;27;6;2023;08:00;1;59;59368;2;2;1;3;50.655414;3.060439;7;-1;0;0;1;1; -1;1;0;1;50;Indemne;1
202300023225;155 639 406;B01;7;0;2;2;1;3;203 796 059;1;1;1;2;2000.0;5;1;0;-1;1;7;2023;18:00;1;50;50066;2;1;1;3;48.80346;-1.56765;3;2;3;2;1;1; -1;1;0;1;50;Indemne;5
202300023225;155 639 408;A01;1;0;2;3;15;5;203 796 060;1;1;4;1;1986.0;5;2;0;-1;1;7;2023;18:00;1;50;50066;2;1;1;3;48.80346;-1.56765;3;2;3;2;1;1; -1;1;0;1;50;Blessé léger;5
202300023233;155 639 392;A01;7;0;2;6;15;1;203 796 039;1;1;1;1;1975.0;5;1;-1;-1;1;7;2023;14:05;1;35;35238;2;1;8;2;48.10237;-1.72579;4;2;2;1;1;1; -1;1;0;5;50;Indemne;5
202300023233;155 639 394;B01;1;0;2;1;1;5;203 796 041;1;1;4;1;1995.0;5;8;-1;-1;1;7;2023;14:05;1;35;35238;2;1;8;2;48.10237;-1.72579;4;2;2;1;1;1; -1;1;0;5;50;Blessé léger;5
202300023234;155 639 393;B01;1;0;2;8;1;5;203 796 040;1;1;4;2;1979.0;0;8;0;-1;13;10;2023;12:00;1;92;92020;2;3;1;3;48.80929481;2.28535652;4;2;2;1;1;1; -1;1;0;1;50;Blessé léger;4
202300023234;155 639 393;B01;1;0;2;8;1;5;203 796 040;1;1;4;2;1979.0;0;8;0;-1;13;10;2023;12:00;1;92;92020;2;3;1;3;48.80929481;2.28535652;4;-1;2;0;1;1; -1;1;0;1;50;Blessé léger;4
202300023234;155 639 395;A01;7;0;2;8;17;1;203 796 042;1;1;1;2;1972.0;0;1;8;-1;13;10;2023;12:00;1;92;92020;2;3;1;3;48.80929481;2.28535652;4;2;2;1;1;1; -1;1;0;1;50;Indemne;4
202300023234;155 639 395;A01;7;0;2;8;17;1;203 796 042;1;1;1;2;1972.0;0;1;8;-1;13;10;2023;12:00;1;92;92020;2;3;1;3;48.80929481;2.28535652;4;-1;2;0;1;1; -1;1;0;1;50;Indemne;4
202300023237;155 639 385;B01;80;1;0;7;25;3;203 796 028;1;1;4;2;1977.0;1;2;0;-1;12;10;2023;09:15;1;92;92012;2;1;2;3;48.84605598;2.2441349;4;3;2;0;1;1; -1;2;0;4;30;Blessé léger;3
202300023237;155 639 387;A01;7;0;9;7;24;1;203 796 031;1;1;1;2;1960.0;5;1;0;-1;12;10;2023;09:15;1;92;92012;2;1;2;3;48.84605598;2.2441349;4;3;2;0;1;1; -1;2;0;4;30;Indemne;3
202300023251;155 639 364;A01;1;0;2;1;5;5;203 795 995;1;1;4;2;1990.0;0;8;0;-1;1;7;2023;14:37;1;10;10387;2;1;2;1;48.2927;4.0723;4;-1;4;0;1;1; -1;2;0;1;50;Blessé léger;5
202300023251;155 639 365;B01;7;0;2;2;1;2;203 795 997;1;1;1;1;1969.0;5;1;0;-1;1;7;2023;14:37;1;10;10387;2;1;2;1;48.2927;4.0723;4;-1;4;0;1;1; -1;2;0;1;50;Indemne;5
202300023251;155 639 365;B01;7;0;2;2;1;2;203 795 998;2;2;1;2;1973.0;5;1;0;-1;1;7;2023;14:37;1;10;10387;2;1;2;1;48.2927;4.0723;4;-1;4;0;1;1; -1;2;0;1;50;Indemne;5
202300023253;155 639 361;A01;1;0;2;4;1;5;203 795 993;1;1;4;2;1976.0;0;8;0;-1;1;7;2023;19:00;1;07;07281;1;1;1;2;44.94797;4.85813;4;2;2;0;1;1; -1;1;0;1;90;Blessé léger;5
202300023253;155 639 362;C01;7;0;2;1;0;0;203 795 994;1;1;1;2;1986.0;0;8;0;-1;1;7;2023;19:00;1;07;07281;1;1;1;2;44.94797;4.85813;4;2;2;0;1;1; -1;1;0;1;90;Indemne;5
202300023255;155 639 357;A01;7;0;2;2;1;1;203 795 989;1;1;1;1;1993.0;5;0;-1;-1;14;10;2023;05:45;2;974;97412;2;1;1;2;-21.374427;55.623452;4;2;2;0;1;1; -1;1;0;1;30;Indemne;5
202300023255;155 639 359;B01;1;9;0;4;15;5;203 795 992;1;1;2;1;2002.0;1;0;-1;-1;14;10;2023;05:45;2;974;97412;2;1;1;2;-21.374427;55.623452;4;2;2;0;1;1; -1;1;0;1;30;Tué;5
202300023273;155 639 320;A01;7;0;2;3;11;1;203 795 943;1;1;1;1;1970.0;4;1;0;-1;1;7;2023;15:00;1;75;75103;2;7;1;3;48.867344;2.363361;4;1;3;1;1;1; -1;1;0;1;30;Indemne;5
202300023273;155 639 320;A01;7;0;2;3;11;1;203 795 943;1;1;1;1;1970.0;4;1;0;-1;1;7;2023;15:00;1;75;75103;2;7;1;3;48.867344;2.363361;4;1;2;1;1;1; -1;1;0;1;30;Indemne;5
202300023273;155 639 321;B01;1;0;2;7;1;5;203 795 944;1;1;4;1;1989.0;1;8;0;-1;1;7;2023;15:00;1;75;75103;2;7;1;3;48.867344;2.363361;4;1;3;1;1;1; -1;1;0;1;30;Blessé léger;5
202300023273;155 639 321;B01;1;0;2;7;1;5;203 795 944;1;1;4;1;1989.0;1;8;0;-1;1;7;2023;15:00;1;75;75103;2;7;1;3;48.867344;2.363361;4;1;2;1;1;1; -1;1;0;1;30;Blessé léger;5
202300023275;155 639 318;B01;1;0;2;4;13;5;203 795 941;1;1;4;1;1998.0;5;8;0;-1;30;6;2023;18:35;1;75;75104;2;4;1;2;48.852004;2.361146;4;2;3;3;1;1; -1;1;0;1;30;Blessé léger;4
202300023275;155 639 318;B01;1;0;2;4;13;5;203 795 941;1;1;4;1;1998.0;5;8;0;-1;30;6;2023;18:35;1;75;75104;2;4;1;2;48.852004;2.361146;4;2;5;1;1;3; -1;1;0;1;30;Blessé léger;4
202300023302;155 639 275;A01;1;0;2;7;17;5;203 795 883;1;1;3;1;1964.0;5;2;-1;-1;14;10;2023;16:37;1;39;39038;1;1;1;3;46.548657;5.707376;4;2;2;0;1;1; -1;1;0;1;80;Blessé hospitalisé;5
202300023302;155 639 277;B01;1;0;2;8;1;5;203 795 886;1;1;1;2;1993.0;5;2;-1;-1;14;10;2023;16:37;1;39;39038;1;1;1;3;46.548657;5.707376;4;2;2;0;1;1; -1;1;0;1;80;Indemne;5
202300023306;155 639 265;A01;33;0;2;1;1;1;203 795 865;1;1;1;1;1973.0;5;2;6;-1;2;7;2023;12:20;1;56;56189;1;1;1;3;47.923252;-2.71285;3;2;2;0;1;1;5,5;1;0;1;80;Indemne;6