Num_Acc;id_vehicule;num_veh;catv;obs;obsm;choc;manv;motor;id_usager;place;catu;grav;sexe;an_nais;trajet;secu1;secu2;secu3;jour;mois;an;hrmn;lum;dep;com;agg;int;atm;col;lat;long;catr;circ;nbv;vosp;prof;plan;larrout;surf;infra;situ;vma;gravity;day_of_week
202300023306;155 639 267;B01;1;0;2;0;10;5;203 795 866;1;1;3;1;1949.0;5;2;-1;-1;2;7;2023;12:20;1;56;56189;1;1;1;3;47.923252;-2.71285;3;2;2;0;1;1;5,5;1;0;1;80;Blessé hospitalisé;6
202300023352;155 639 197;A01;7;0;9;1;1;0;203 795 771;1;1;1;1;1969.0;5;1;-1;-1;1;7;2023;17:50;1;06;06019;1;6;1;1;43.768443;7.331651;3;2;2;0;1;1;5,5;1;0;1;50;Indemne;5
202300023352;155 639 198;B01;1;0;2;1;5;5;203 795 772;1;1;3;1;1984.0;0;0;-1;-1;1;7;2023;17:50;1;06;06019;1;6;1;1;43.768443;7.331651;3;2;2;0;1;1;5,5;1;0;1;50;Blessé hospitalisé;5
202300023353;155 639 196;B01;1;0;0;0;25;5;203 795 770;1;1;3;1;2019.0;5;0;-1;-1;13;10;2023;16:20;1;68;68278;2;1;1;1;47.746279;7.416465;4;2;2;0;1;1; -1;1;0;1;20;Blessé hospitalisé;4
202300023353;155 639 199;A01;7;0;0;1;0;0;203 795 773;1;1;1;1;1984.0;5;1;-1;-1;13;10;2023;16:20;1;68;68278;2;1;1;1;47.746279;7.416465;4;2;2;0;1;1; -1;1;0;1;20;Indemne;4
202300023354;155 639 195;A01;1;0;0;1;1;5;203 795 769;1;1;3;2;1971.0;5;2;-1;-1;2;7;2023;17:45;1;04;04096;1;1;1;7;44.373997;6.782545;4;2;2;0;2;1; -1;1;0;1;80;Blessé hospitalisé;6
202300023366;155 639 169;A01;7;0;0;5;9;1;203 795 735;1;1;1;1;1965.0;5;1;-1;-1;1;7;2023;09:18;1;14;14530;1;6;1;3;49.239534;-0.263345;3;1;2;0;4;2;7;1;0;1;70;Indemne;5
202300023366;155 639 169;A01;7;0;0;5;9;1;203 795 735;1;1;1;1;1965.0;5;1;-1;-1;1;7;2023;09:18;1;14;14530;1;6;1;3;49.239534;-0.263345;3;2;2;0;1;1; -1;1;5;1;50;Indemne;5
202300023366;155 639 170;B01;80;0;0;2;26;3;203 795 736;1;1;3;2;1978.0;5;0;-1;-1;1;7;2023;09:18;1;14;14530;1;6;1;3;49.239534;-0.263345;3;1;2;0;4;2;7;1;0;1;70;Blessé hospitalisé;5
202300023366;155 639 170;B01;80;0;0;2;26;3;203 795 736;1;1;3;2;1978.0;5;0;-1;-1;1;7;2023;09:18;1;14;14530;1;6;1;3;49.239534;-0.263345;3;2;2;0;1;1; -1;1;5;1;50;Blessé hospitalisé;5
202300023409;155 639 092;A01;7;0;2;8;9;1;203 795 640;1;1;1;1;1956.0;5;1;0;-1;30;6;2023;07:45;1;86;86066;1;6;1;3;46.786142;0.546505;3;2;1;0;1;2;4;1;5;1;50;Indemne;4
202300023409;155 639 092;A01;7;0;2;8;9;1;203 795 640;1;1;1;1;1956.0;5;1;0;-1;30;6;2023;07:45;1;86;86066;1;6;1;3;46.786142;0.546505;3;2;1;0;1;1;4;1;5;1;90;Indemne;4
202300023409;155 639 093;B01;1;0;2;1;15;5;203 795 641;1;1;4;1;1991.0;1;8;0;-1;30;6;2023;07:45;1;86;86066;1;6;1;3;46.786142;0.546505;3;2;1;0;1;2;4;1;5;1;50;Blessé léger;4
202300023409;155 639 093;B01;1;0;2;1;15;5;203 795 641;1;1;4;1;1991.0;1;8;0;-1;30;6;2023;07:45;1;86;86066;1;6;1;3;46.786142;0.546505;3;2;1;0;1;1;4;1;5;1;90;Blessé léger;4
202300023425;155 639 060;A01;1;0;2;1;19;5;203 795 603;1;1;4;1;2010.0;3;8;0;-1;29;6;2023;16:10;1;67;67482;2;3;1;3;48.59162;7.73369;4;1;2;0;1;1; -1;1;0;1;50;Blessé léger;3
202300023425;155 639 060;A01;1;0;2;1;19;5;203 795 603;1;1;4;1;2010.0;3;8;0;-1;29;6;2023;16:10;1;67;67482;2;3;1;3;48.59162;7.73369;4;2;2;3;1;1; -1;1;9;1;50;Blessé léger;3
202300023425;155 639 061;B01;7;0;2;8;19;1;203 795 604;1;1;1;2;1990.0;1;1;8;-1;29;6;2023;16:10;1;67;67482;2;3;1;3;48.59162;7.73369;4;1;2;0;1;1; -1;1;0;1;50;Indemne;3
202300023425;155 639 061;B01;7;0;2;8;19;1;203 795 604;1;1;1;2;1990.0;1;1;8;-1;29;6;2023;16:10;1;67;67482;2;3;1;3;48.59162;7.73369;4;2;2;3;1;1; -1;1;9;1;50;Indemne;3
202300023426;155 639 055;B01;1;0;2;1;1;5;203 795 597;1;1;4;2;1994.0;1;8;0;-1;30;6;2023;20:45;2;64;64102;2;6;1;3;43.49091;-1.49537;4;3;4;0;1;1; -1;1;0;1;50;Blessé léger;4
202300023426;155 639 055;B01;1;0;2;1;1;5;203 795 597;1;1;4;2;1994.0;1;8;0;-1;30;6;2023;20:45;2;64;64102;2;6;1;3;43.49091;-1.49537;4;1;2;0;1;2; -1;1;0;1;50;Blessé léger;4
202300023426;155 639 057;A01;30;0;2;7;16;1;203 795 599;1;1;4;1;2001.0;1;2;6;-1;30;6;2023;20:45;2;64;64102;2;6;1;3;43.49091;-1.49537;4;3;4;0;1;1; -1;1;0;1;50;Blessé léger;4
202300023426;155 639 057;A01;30;0;2;7;16;1;203 795 599;1;1;4;1;2001.0;1;2;6;-1;30;6;2023;20:45;2;64;64102;2;6;1;3;43.49091;-1.49537;4;1;2;0;1;2; -1;1;0;1;50;Blessé léger;4
202300023428;155 639 052;B01;14;0;2;0;1;1;203 795 594;1;1;1;1;1963.0;4;1;8;-1;30;5;2023;14:50;1;62;62523;2;3;1;3;50.44029;2.8488;3;2;2;0;1;1; -1;1;0;1;50;Indemne;1
202300023428;155 639 052;B01;14;0;2;0;1;1;203 795 594;1;1;1;1;1963.0;4;1;8;-1;30;5;2023;14:50;1;62;62523;2;3;1;3;50.44029;2.8488;3;1;0;0;1;1; -1;1;0;1;50;Indemne;1
202300023428;155 639 053;A01;80;0;2;1;19;3;203 795 595;1;1;3;1;2005.0;5;8;0;-1;30;5;2023;14:50;1;62;62523;2;3;1;3;50.44029;2.8488;3;2;2;0;1;1; -1;1;0;1;50;Blessé hospitalisé;1
202300023428;155 639 053;A01;80;0;2;1;19;3;203 795 595;1;1;3;1;2005.0;5;8;0;-1;30;5;2023;14:50;1;62;62523;2;3;1;3;50.44029;2.8488;3;1;0;0;1;1; -1;1;0;1;50;Blessé hospitalisé;1
202300023446;155 639 019;B01;7;0;2;1;15;1;203 795 556;1;1;1;1;1999.0;0;1;0;-1;9;10;2023;12:45;1;974;97411;2;4;1;1;-20.90401;55.4949;4;1;0;0;2;1; -1;1;0;1;30;Indemne;0
202300023446;155 639 019;B01;7;0;2;1;15;1;203 795 556;1;1;1;1;1999.0;0;1;0;-1;9;10;2023;12:45;1;974;97411;2;4;1;1;-20.90401;55.4949;4;1;1;0;1;2; -1;1;0;1;30;Indemne;0
202300023446;155 639 020;A01;1;0;2;1;5;5;203 795 557;1;1;4;1;1956.0;5;8;0;-1;9;10;2023;12:45;1;974;97411;2;4;1;1;-20.90401;55.4949;4;1;0;0;2;1; -1;1;0;1;30;Blessé léger;0
202300023446;155 639 020;A01;1;0;2;1;5;5;203 795 557;1;1;4;1;1956.0;5;8;0;-1;9;10;2023;12:45;1;974;97411;2;4;1;1;-20.90401;55.4949;4;1;1;0;1;2; -1;1;0;1;30;Blessé léger;0
202300023450;155 639 011;A01;1;0;2;4;1;5;203 795 548;1;1;4;1;2002.0;0;8;0;-1;11;10;2023;23:10;3;973;97302;2;1;1;2;4.9292;-52.30232;3;2;2;0;1;1; -1;1;0;1;50;Blessé léger;2
202300023450;155 639 012;B01;7;0;9;1;1;1;203 795 549;1;1;1;2;2000.0;0;1;0;-1;11;10;2023;23:10;3;973;97302;2;1;1;2;4.9292;-52.30232;3;2;2;0;1;1; -1;1;0;1;50;Indemne;2
202300023465;155 638 985;B01;7;0;2;1;1;1;203 795 515;1;1;1;1;1997.0;0;1;0;-1;11;10;2023;10:45;1;84;84007;2;3;1;3;43.92664;4.8095;4;2;2;0;1;1; -1;1;5;1;30;Indemne;2
202300023465;155 638 985;B01;7;0;2;1;1;1;203 795 515;1;1;1;1;1997.0;0;1;0;-1;11;10;2023;10:45;1;84;84007;2;3;1;3;43.92664;4.8095;4;3;4;0;1;1; -1;1;5;1;50;Indemne;2
202300023465;155 638 986;A01;1;0;2;6;19;5;203 795 516;1;1;4;1;2007.0;0;8;0;-1;11;10;2023;10:45;1;84;84007;2;3;1;3;43.92664;4.8095;4;2;2;0;1;1; -1;1;5;1;30;Blessé léger;2
202300023465;155 638 986;A01;1;0;2;6;19;5;203 795 516;1;1;4;1;2007.0;0;8;0;-1;11;10;2023;10:45;1;84;84007;2;3;1;3;43.92664;4.8095;4;3;4;0;1;1; -1;1;5;1;50;Blessé léger;2
202300023470;155 638 975;A01;1;0;2;1;1;5;203 795 504;1;1;4;1;1987.0;5;8;0;-1;11;10;2023;18:00;1;77;77114;2;1;1;3;48.72191053;2.65263855;3;-1;2;0;1;1; -1;1;0;1;50;Blessé léger;2
202300023470;155 638 976;B01;7;0;2;3;0;1;203 795 505;1;1;1;1;1971.0;5;1;0;-1;11;10;2023;18:00;1;77;77114;2;1;1;3;48.72191053;2.65263855;3;-1;2;0;1;1; -1;1;0;1;50;Indemne;2
202300023473;155 638 970;A01;1;0;2;1;19;5;203 795 497;1;1;4;2;1994.0;1;8;0;-1;12;10;2023;07:20;5;77;77058;2;6;1;3;48.83117;2.70671;3;1;2;0;1;3;5,5;1;0;1;50;Blessé léger;3
202300023473;155 638 970;A01;1;0;2;1;19;5;203 795 497;1;1;4;2;1994.0;1;8;0;-1;12;10;2023;07:20;5;77;77058;2;6;1;3;48.83117;2.70671;3;1;2;0;1;3;5,5;1;0;1;50;Blessé léger;3
202300023473;155 638 971;B01;10;0;2;5;16;1;203 795 498;1;1;1;1;1986.0;1;1;0;-1;12;10;2023;07:20;5;77;77058;2;6;1;3;48.83117;2.70671;3;1;2;0;1;3;5,5;1;0;1;50;Indemne;3
202300023473;155 638 971;B01;10;0;2;5;16;1;203 795 498;1;1;1;1;1986.0;1;1;0;-1;12;10;2023;07:20;5;77;77058;2;6;1;3;48.83117;2.70671;3;1;2;0;1;3;5,5;1;0;1;50;Indemne;3
202300023473;155 638 971;B01;10;0;2;5;16;1;203 795 499;2;2;1;1;1995.0;1;1;0;-1;12;10;2023;07:20;5;77;77058;2;6;1;3;48.83117;2.70671;3;1;2;0;1;3;5,5;1;0;1;50;Indemne;3
202300023473;155 638 971;B01;10;0;2;5;16;1;203 795 499;2;2;1;1;1995.0;1;1;0;-1;12;10;2023;07:20;5;77;77058;2;6;1;3;48.83117;2.70671;3;1;2;0;1;3;5,5;1;0;1;50;Indemne;3
202300023481;155 638 952;A01;80;16;0;0;1;3;203 795 479;1;1;4;1;1993.0;1;8;0;-1;12;10;2023;16:45;1;64;64102;2;1;1;7;43.50117;-1.46733;4;2;2;1;2;1; -1;1;0;5;50;Blessé léger;3
202300023482;155 638 951;A01;7;0;2;2;26;1;203 795 478;1;1;1;2;1984.0;9;1;0;-1;19;4;2023;16:25;1;94;94041;2;1;1;3;48.81349;2.37175;6;-1; -1;0;1;1; -1;1;9;4;50;Indemne;2
202300023482;155 638 953;B01;1;0;2;1;1;5;203 795 480;1;1;4;2;2011.0;9;8;0;-1;19;4;2023;16:25;1;94;94041;2;1;1;3;48.81349;2.37175;6;-1; -1;0;1;1; -1;1;9;4;50;Blessé léger;2
202300023499;155 638 924;B01;1;0;2;1;1;5;203 795 444;1;1;4;1;2003.0;5;8;0;-1;12;10;2023;09:30;2;62;62193;2;1;2;3;50.95271;1.85096;4;2;2;2;1;1; -1;2;0;5;30;Blessé léger;3
202300023505;155 638 911;A01;1;0;2;1;25;5;203 795 427;1;1;3;2;2005.0;0;8;8;-1;11;10;2023;08:30;2;59;59291;2;1;1;3;50.24798;3.9019;4;3;5;1;2;2; -1;1;2;1;50;Blessé hospitalisé;2
202300023505;155 638 913;B01;15;0;1;6;1;1;203 795 429;1;1;1;1;1993.0;4;1;0;-1;11;10;2023;08:30;2;59;59291;2;1;1;3;50.24798;3.9019;4;3;5;1;2;2; -1;1;2;1;50;Indemne;2
202300023509;155 638 904;A01;7;0;2;8;24;2;203 795 419;1;1;1;1;1974.0;4;1;0;-1;12;10;2023;09:00;1;59;59350;2;1;1;3;50.62851;3.07931;4;2;2;0;1;1; -1;2;0;1;30;Indemne;3
202300023509;155 638 905;B01;1;1;0;2;1;5;203 795 421;1;1;3;2;1960.0;1;2;8;-1;12;10;2023;09:00;1;59;59350;2;1;1;3;50.62851;3.07931;4;2;2;0;1;1; -1;2;0;1;30;Blessé hospitalisé;3
202300023516;155 638 891;A01;7;0;2;8;1;1;203 795 401;1;1;1;2;1973.0;0;8;-1;-1;20;4;2023;17:30;1;51;51507;2;2;2;3;49.093199;4.916097;4;2;2;-1;1;1; -1;2;0;1;50;Indemne;3
202300023516;155 638 891;A01;7;0;2;8;1;1;203 795 401;1;1;1;2;1973.0;0;8;-1;-1;20;4;2023;17:30;1;51;51507;2;2;2;3;49.093199;4.916097;4;2;2;0;1;1; -1;2;0;1;50;Indemne;3
202300023516;155 638 893;B01;80;0;0;1;1;3;203 795 403;1;1;3;1;1980.0;2;2;6;4;20;4;2023;17:30;1;51;51507;2;2;2;3;49.093199;4.916097;4;2;2;-1;1;1; -1;2;0;1;50;Blessé hospitalisé;3
202300023516;155 638 893;B01;80;0;0;1;1;3;203 795 403;1;1;3;1;1980.0;2;2;6;4;20;4;2023;17:30;1;51;51507;2;2;2;3;49.093199;4.916097;4;2;2;0;1;1; -1;2;0;1;50;Blessé hospitalisé;3
202300023522;155 638 884;B01;1;1;0;1;1;5;203 795 390;1;1;4;2;1989.0;5;8;0;-1;11;10;2023;12:37;1;54;54395;2;1;1;3;48.70274;6.17532;4;-1;2;2;1;1; -1;1;0;1;30;Blessé léger;2
202300023541;155 638 852;A01;7;0;2;2;15;1;203 795 346;1;1;1;1;2003.0;0;1;8;-1;10;10;2023;21:45;5;51;51454;2;2;1;3;49.2515847;4.04159617;4;2;2;0;1;1; -1;1;0;1;50;Indemne;1
202300023541;155 638 852;A01;7;0;2;2;15;1;203 795 346;1;1;1;1;2003.0;0;1;8;-1;10;10;2023;21:45;5;51;51454;2;2;1;3;49.2515847;4.04159617;4;2;2;2;1;1; -1;1;0;1;50;Indemne;1
202300023541;155 638 854;B01;1;0;2;1;13;5;203 795 348;1;1;4;1;1987.0;9;8;0;-1;10;10;2023;21:45;5;51;51454;2;2;1;3;49.2515847;4.04159617;4;2;2;0;1;1; -1;1;0;1;50;Blessé léger;1
202300023541;155 638 854;B01;1;0;2;1;13;5;203 795 348;1;1;4;1;1987.0;9;8;0;-1;10;10;2023;21:45;5;51;51454;2;2;1;3;49.2515847;4.04159617;4;2;2;2;1;1; -1;1;0;1;50;Blessé léger;1
202300023543;155 638 849;A01;1;8;0;9;1;5;203 795 341;1;1;3;1;2000.0;5;2;6;-1;13;4;2023;11:09;1;03;03142;2;1;2;6;46.297911;3.816183;3;2;2;0;1;2;5,5;2;0;1;30;Blessé hospitalisé;3
202300023555;155 638 830;B01;40;0;2;3;1;3;203 795 319;1;1;1;1;1977.0;4;1;0;-1;12;10;2023;10:20;1;38;38185;2;8;1;3;45.17628;5.73199;4;4;3;3;1;1; -1;1;4;6;30;Indemne;3
202300023555;155 638 831;A01;1;0;4;2;0;5;203 795 322;1;1;4;1;1996.0;1;8;0;-1;12;10;2023;10:20;1;38;38185;2;8;1;3;45.17628;5.73199;4;4;3;3;1;1; -1;1;4;6;30;Blessé léger;3
202300023567;155 638 803;A01;7;0;2;1;2;1;203 795 289;1;1;1;2;1966.0;3;1;-1;-1;21;4;2023;10:50;1;34;34199;2;3;8;3;43.453156;3.414221;3;1;2;0;2;1;7;1;5;1;50;Indemne;4
202300023567;155 638 803;A01;7;0;2;1;2;1;203 795 289;1;1;1;2;1966.0;3;1;-1;-1;21;4;2023;10:50;1;34;34199;2;3;8;3;43.453156;3.414221;3;-1; -1;-1;1;1; -1;1;5;1;-1;Indemne;4
202300023567;155 638 804;B01;1;0;2;8;15;5;203 795 290;1;1;3;1;1954.0;9;0;-1;-1;21;4;2023;10:50;1;34;34199;2;3;8;3;43.453156;3.414221;3;1;2;0;2;1;7;1;5;1;50;Blessé hospitalisé;4
202300023567;155 638 804;B01;1;0;2;8;15;5;203 795 290;1;1;3;1;1954.0;9;0;-1;-1;21;4;2023;10:50;1;34;34199;2;3;8;3;43.453156;3.414221;3;-1; -1;-1;1;1; -1;1;5;1;-1;Blessé hospitalisé;4
202300023570;155 638 799;A01;7;0;2;3;9;1;203 795 285;1;1;1;2;1940.0;5;1;-1;-1;19;4;2023;16:30;1;68;68036;1;6;1;3;48.033051;7.56089;3;2;1;0;1;1;3,5;1;0;1;80;Indemne;2
202300023570;155 638 800;B01;1;0;2;7;1;5;203 795 286;1;1;4;1;1971.0;1;0;-1;-1;19;4;2023;16:30;1;68;68036;1;6;1;3;48.033051;7.56089;3;2;1;0;1;1;3,5;1;0;1;80;Blessé léger;2
202300023628;155 638 677;A01;1;0;2;4;15;5;203 795 125;1;1;3;1;2003.0;1;8;0;-1;14;4;2023;05:00;3;40;40281;2;3;1;2;43.8744;-0.49245;3;2;2;0;1;1; -1;1;0;8;50;Blessé hospitalisé;4
202300023628;155 638 677;A01;1;0;2;4;15;5;203 795 125;1;1;3;1;2003.0;1;8;0;-1;14;4;2023;05:00;3;40;40281;2;3;1;2;43.8744;-0.49245;3;2;2;0;1;1; -1;1;0;1;50;Blessé hospitalisé;4
202300023638;155 638 660;A01;7;0;2;3;12;1;203 795 104;2;2;1;1;1934.0;5;1;-1;-1;19;4;2023;16:15;1;35;35055;2;6;1;3;48.088;-1.60857;3;2;2;2;1;2; -1;1;0;1;50;Indemne;2
202300023638;155 638 660;A01;7;0;2;3;12;1;203 795 105;1;1;1;2;1935.0;5;1;-1;-1;19;4;2023;16:15;1;35;35055;2;6;1;3;48.088;-1.60857;3;2;2;2;1;2; -1;1;0;1;50;Indemne;2
202300023638;155 638 662;B01;1;0;2;7;1;5;203 795 108;1;1;4;2;1973.0;0;2;4;-1;19;4;2023;16:15;1;35;35055;2;6;1;3;48.088;-1.60857;3;2;2;2;1;2; -1;1;0;1;50;Blessé léger;2
202300023646;155 638 648;A01;10;0;2;1;15;1;203 795 087;1;1;1;1;1982.0;4;1;-1;-1;19;4;2023;08:35;1;35;35238;2;4;7;1;48.10797446;-1.70294791;4;1;1;0;1;1; -1;1;0;1;50;Indemne;2
202300023646;155 638 648;A01;10;0;2;1;15;1;203 795 087;1;1;1;1;1982.0;4;1;-1;-1;19;4;2023;08:35;1;35;35238;2;4;7;1;48.10797446;-1.70294791;4;2;2;2;1;2; -1;1;0;1;50;Indemne;2
202300023646;155 638 650;B01;1;0;2;3;1;5;203 795 089;1;1;4;2;1998.0;0;2;-1;-1;19;4;2023;08:35;1;35;35238;2;4;7;1;48.10797446;-1.70294791;4;1;1;0;1;1; -1;1;0;1;50;Blessé léger;2
202300023646;155 638 650;B01;1;0;2;3;1;5;203 795 089;1;1;4;2;1998.0;0;2;-1;-1;19;4;2023;08:35;1;35;35238;2;4;7;1;48.10797446;-1.70294791;4;2;2;2;1;2; -1;1;0;1;50;Blessé léger;2
202300023685;155 638 580;B01;1;0;2;1;1;5;203 794 975;1;1;4;1;1974.0;9;8;0;-1;19;4;2023;18:15;1;75;75106;2;2;1;3;48.85132;2.34041;4;1;0;0;1;1; -1;1;0;5;30;Blessé léger;2
202300023685;155 638 580;B01;1;0;2;1;1;5;203 794 975;1;1;4;1;1974.0;9;8;0;-1;19;4;2023;18:15;1;75;75106;2;2;1;3;48.85132;2.34041;4;2;2;0;1;1; -1;1;0;5;30;Blessé léger;2
202300023685;155 638 582;A01;7;0;2;2;16;1;203 794 976;2;2;1;2;1999.0;9;1;0;-1;19;4;2023;18:15;1;75;75106;2;2;1;3;48.85132;2.34041;4;1;0;0;1;1; -1;1;0;5;30;Indemne;2
202300023685;155 638 582;A01;7;0;2;2;16;1;203 794 976;2;2;1;2;1999.0;9;1;0;-1;19;4;2023;18:15;1;75;75106;2;2;1;3;48.85132;2.34041;4;2;2;0;1;1; -1;1;0;5;30;Indemne;2
202300023685;155 638 582;A01;7;0;2;2;16;1;203 794 977;1;1;1;1;1994.0;9;1;0;-1;19;4;2023;18:15;1;75;75106;2;2;1;3;48.85132;2.34041;4;1;0;0;1;1; -1;1;0;5;30;Indemne;2
202300023685;155 638 582;A01;7;0;2;2;16;1;203 794 977;1;1;1;1;1994.0;9;1;0;-1;19;4;2023;18:15;1;75;75106;2;2;1;3;48.85132;2.34041;4;2;2;0;1;1; -1;1;0;5;30;Indemne;2
202300023692;155 638 567;A01;15;0;0;3;16;1;203 794 960;1;1;1;1;1976.0;4;1;4;-1;19;4;2023;09:00;1;75;75120;2;2;1;3;48.877099;2.4069;4;1;2;0;1;1; -1;1;5;1;30;Indemne;2
202300023692;155 638 567;A01;15;0;0;3;16;1;203 794 960;1;1;1;1;1976.0;4;1;4;-1;19;4;2023;09:00;1;75;75120;2;2;1;3;48.877099;2.4069;4;1; -1;0;1;1; -1;1;0;1;30;Indemne;2
202300023692;155 638 569;B01;1;0;0;2;1;5;203 794 962;1;1;4;2;1985.0;9;2;8;-1;19;4;2023;09:00;1;75;75120;2;2;1;3;48.877099;2.4069;4;1;2;0;1;1; -1;1;5;1;30;Blessé léger;2
202300023692;155 638 569;B01;1;0;0;2;1;5;203 794 962;1;1;4;2;1985.0;9;2;8;-1;19;4;2023;09:00;1;75;75120;2;2;1;3;48.877099;2.4069;4;1; -1;0;1;1; -1;1;0;1;30;Blessé léger;2
202300023699;155 638 553;A01;1;0;2;3;15;5;203 794 934;1;1;4;1;1994.0;9;8;0;-1;2;8;2023;16:45;1;75;75106;2;3;1;3;48.85428;2.343166;4;1; -1;-1;1;1; -1;1;0;1;-1;Blessé léger;2
202300023699;155 638 553;A01;1;0;2;3;15;5;203 794 934;1;1;4;1;1994.0;9;8;0;-1;2;8;2023;16:45;1;75;75106;2;3;1;3;48.85428;2.343166;4;1;3;1;1;1; -1;1;0;1;30;Blessé léger;2
202300023699;155 638 554;B01;10;0;2;2;1;1;203 794 936;1;1;1;1;1961.0;4;1;0;-1;2;8;2023;16:45;1;75;75106;2;3;1;3;48.85428;2.343166;4;1; -1;-1;1;1; -1;1;0;1;-1;Indemne;2
202300023699;155 638 554;B01;10;0;2;2;1;1;203 794 936;1;1;1;1;1961.0;4;1;0;-1;2;8;2023;16:45;1;75;75106;2;3;1;3;48.85428;2.343166;4;1;3;1;1;1; -1;1;0;1;30;Indemne;2
202300023702;155 638 546;B01;1;1;2;2;1;5;203 794 927;1;1;4;1;1974.0;1;8;0;-1;19;4;2023;13:50;1;75;75115;2;2;1;5;48.846964;2.294353;4;2;2;0;1;1; -1;1;0;1;30;Blessé léger;2
202300023702;155 638 546;B01;1;1;2;2;1;5;203 794 927;1;1;4;1;1974.0;1;8;0;-1;19;4;2023;13:50;1;75;75115;2;2;1;5;48.846964;2.294353;4;-1; -1;0;1;1; -1;1;0;1;30;Blessé léger;2
202300023702;155 638 547;C01;7;0;0;5;2;1;203 794 928;1;1;1;2;2002.0;9;8;0;-1;19;4;2023;13:50;1;75;75115;2;2;1;5;48.846964;2.294353;4;2;2;0;1;1; -1;1;0;1;30;Indemne;2
202300023702;155 638 547;C01;7;0;0;5;2;1;203 794 928;1;1;1;2;2002.0;9;8;0;-1;19;4;2023;13:50;1;75;75115;2;2;1;5;48.846964;2.294353;4;-1; -1;0;1;1; -1;1;0;1;30;Indemne;2
202300023702;155 638 549;A01;10;0;0;8;22;1;203 794 930;1;1;1;1;1994.0;9;8;0;-1;19;4;2023;13:50;1;75;75115;2;2;1;5;48.846964;2.294353;4;2;2;0;1;1; -1;1;0;1;30;Indemne;2
202300023702;155 638 549;A01;10;0;0;8;22;1;203 794 930;1;1;1;1;1994.0;9;8;0;-1;19;4;2023;13:50;1;75;75115;2;2;1;5;48.846964;2.294353;4;-1; -1;0;1;1; -1;1;0;1;30;Indemne;2
202300023704;155 638 541;A01;7;0;2;1;1;1;203 794 921;1;1;1;1;1965.0;9;1;0;-1;6;8;2023;18:45;1;75;75119;2;3;1;1;48.881848;2.388394;4;-1; -1;0;1;1; -1;1;0;1;30;Indemne;6
202300023704;155 638 541;A01;7;0;2;1;1;1;203 794 921;1;1;1;1;1965.0;9;1;0;-1;6;8;2023;18:45;1;75;75119;2;3;1;1;48.881848;2.388394;4;1;1;0;2;1; -1;1;0;1;30;Indemne;6
202300023704;155 638 543;Y01;1;0;2;1;5;5;203 794 923;1;1;4;1;2003.0;9;8;0;-1;6;8;2023;18:45;1;75;75119;2;3;1;1;48.881848;2.388394;4;-1; -1;0;1;1; -1;1;0;1;30;Blessé léger;6
202300023704;155 638 543;Y01;1;0;2;1;5;5;203 794 923;1;1;4;1;2003.0;9;8;0;-1;6;8;2023;18:45;1;75;75119;2;3;1;1;48.881848;2.388394;4;1;1;0;2;1; -1;1;0;1;30;Blessé léger;6
202300023705;155 638 542;B01;1;0;2;1;1;5;203 794 922;1;1;4;1;1960.0;1;2;0;-1;19;4;2023;07:45;1;75;75113;2;1;1;3;48.842311;2.363531;4;2;4;1;2;1; -1;1;0;1;30;Blessé léger;2
202300023705;155 638 544;A01;10;0;2;2;9;1;203 794 924;1;1;1;1;1999.0;4;8;0;-1;19;4;2023;07:45;1;75;75113;2;1;1;3;48.842311;2.363531;4;2;4;1;2;1; -1;1;0;1;30;Indemne;2
202300023709;155 638 532;B01;1;0;2;7;1;5;203 794 908;1;1;4;1;1973.0;1;8;0;-1;19;4;2023;08:40;1;75;75110;2;3;1;3;48.873188;2.358843;4;2;6;1;2;1; -1;1;0;5;30;Blessé léger;2
202300023709;155 638 532;B01;1;0;2;7;1;5;203 794 908;1;1;4;1;1973.0;1;8;0;-1;19;4;2023;08:40;1;75;75110;2;3;1;3;48.873188;2.358843;4;-1; -1;1;1;1; -1;1;0;5;30;Blessé léger;2
202300023709;155 638 534;A01;1;0;2;8;18;5;203 794 911;1;1;1;1;1986.0;1;8;0;-1;19;4;2023;08:40;1;75;75110;2;3;1;3;48.873188;2.358843;4;2;6;1;2;1; -1;1;0;5;30;Indemne;2
202300023709;155 638 534;A01;1;0;2;8;18;5;203 794 911;1;1;1;1;1986.0;1;8;0;-1;19;4;2023;08:40;1;75;75110;2;3;1;3;48.873188;2.358843;4;-1; -1;1;1;1; -1;1;0;5;30;Indemne;2
202300023711;155 638 529;A01;1;0;2;1;13;5;203 794 903;1;1;4;1;2004.0;9;8;0;-1;18;4;2023;12:22;1;75;75108;2;2;1;1;48.878052;2.32261;4;2;4;0;2;1; -1;1;0;1;30;Blessé léger;1
202300023711;155 638 529;A01;1;0;2;1;13;5;203 794 903;1;1;4;1;2004.0;9;8;0;-1;18;4;2023;12:22;1;75;75108;2;2;1;1;48.878052;2.32261;4;1;1;0;2;1; -1;1;0;1;30;Blessé léger;1
202300023711;155 638 530;B01;7;0;2;1;1;1;203 794 905;1;1;1;1;1981.0;9;1;0;-1;18;4;2023;12:22;1;75;75108;2;2;1;1;48.878052;2.32261;4;2;4;0;2;1; -1;1;0;1;30;Indemne;1