Num_Acc;id_vehicule;num_veh;catv;obs;obsm;choc;manv;motor;id_usager;place;catu;grav;sexe;an_nais;trajet;secu1;secu2;secu3;jour;mois;an;hrmn;lum;dep;com;agg;int;atm;col;lat;long;catr;circ;nbv;vosp;prof;plan;larrout;surf;infra;situ;vma;gravity;day_of_week
202300023711;155 638 530;B01;7;0;2;1;1;1;203 794 905;1;1;1;1;1981.0;9;1;0;-1;18;4;2023;12:22;1;75;75108;2;2;1;1;48.878052;2.32261;4;1;1;0;2;1; -1;1;0;1;30;Indemne;1
202300023714;155 638 526;A01;1;0;0;6;17;5;203 794 899;1;1;1;1;1999.0;5;8;0;-1;19;4;2023;17:50;1;75;75104;2;1;1;3;48.851699;2.364347;4;2;4;1;1;1; -1;1;0;5;30;Indemne;2
202300023714;155 638 527;B01;1;0;0;2;17;5;203 794 901;1;1;4;2;1988.0;9;2;0;-1;19;4;2023;17:50;1;75;75104;2;1;1;3;48.851699;2.364347;4;2;4;1;1;1; -1;1;0;5;30;Blessé léger;2
202300023720;155 638 509;B01;7;0;2;0;1;3;203 794 877;1;1;1;2;1989.0;1;1;0;-1;3;8;2023;11:00;1;75;75116;2;2;1;3;48.871134;2.288856;4;2;1;0;1;1; -1;1;0;1;50;Indemne;3
202300023720;155 638 509;B01;7;0;2;0;1;3;203 794 877;1;1;1;2;1989.0;1;1;0;-1;3;8;2023;11:00;1;75;75116;2;2;1;3;48.871134;2.288856;4;1;1;0;1;1; -1;1;0;1;50;Indemne;3
202300023720;155 638 512;A01;1;0;2;5;1;5;203 794 879;1;1;4;1;2004.0;1;8;0;-1;3;8;2023;11:00;1;75;75116;2;2;1;3;48.871134;2.288856;4;2;1;0;1;1; -1;1;0;1;50;Blessé léger;3
202300023720;155 638 512;A01;1;0;2;5;1;5;203 794 879;1;1;4;1;2004.0;1;8;0;-1;3;8;2023;11:00;1;75;75116;2;2;1;3;48.871134;2.288856;4;1;1;0;1;1; -1;1;0;1;50;Blessé léger;3
202300023736;155 638 481;A01;1;0;1;1;3;5;203 794 837;10;3;4;2;2002.0;2;0;0;0;19;4;2023;10:00;1;92;92046;2;1;1;6;48.82197718;2.30391361;3;-1;1;0;1;1; -1;1;0;1;30;Blessé léger;2
202300023736;155 638 481;A01;1;0;1;1;3;5;203 794 838;1;1;1;1;1992.0;0;2;0;-1;19;4;2023;10:00;1;92;92046;2;1;1;6;48.82197718;2.30391361;3;-1;1;0;1;1; -1;1;0;1;30;Indemne;2
202300023737;155 638 484;A01;80;16;1;1;19;3;203 794 845;1;1;4;1;1995.0;5;8;0;-1;5;8;2023;23:50;5;75;75109;2;2;2;6;48.875815;2.343691;4;1; -1;-1;2;1; -1;2;0;1;30;Blessé léger;5
202300023737;155 638 484;A01;80;16;1;1;19;3;203 794 845;1;1;4;1;1995.0;5;8;0;-1;5;8;2023;23:50;5;75;75109;2;2;2;6;48.875815;2.343691;4;1;1;0;2;1; -1;2;0;1;30;Blessé léger;5
202300023737;155 638 484;A01;80;16;1;1;19;3;203 794 846;10;3;1;1;2023.0;9;0;-1;-1;5;8;2023;23:50;5;75;75109;2;2;2;6;48.875815;2.343691;4;1; -1;-1;2;1; -1;2;0;1;30;Indemne;5
202300023737;155 638 484;A01;80;16;1;1;19;3;203 794 846;10;3;1;1;2023.0;9;0;-1;-1;5;8;2023;23:50;5;75;75109;2;2;2;6;48.875815;2.343691;4;1;1;0;2;1; -1;2;0;1;30;Indemne;5
202300023740;155 638 478;A01;1;0;1;1;1;5;203 794 833;10;3;4;2;1996.0;5;0;-1;-1;5;8;2023;20:40;1;75;75109;2;2;1;6;48.88235;2.33697;4;1;3;3;1;1; -1;1;-1;6;30;Blessé léger;5
202300023740;155 638 478;A01;1;0;1;1;1;5;203 794 833;10;3;4;2;1996.0;5;0;-1;-1;5;8;2023;20:40;1;75;75109;2;2;1;6;48.88235;2.33697;4;1;1;0;1;1; -1;1;-1;6;30;Blessé léger;5
202300023740;155 638 478;A01;1;0;1;1;1;5;203 794 834;1;1;1;1;1997.0;5;8;0;-1;5;8;2023;20:40;1;75;75109;2;2;1;6;48.88235;2.33697;4;1;3;3;1;1; -1;1;-1;6;30;Indemne;5
202300023740;155 638 478;A01;1;0;1;1;1;5;203 794 834;1;1;1;1;1997.0;5;8;0;-1;5;8;2023;20:40;1;75;75109;2;2;1;6;48.88235;2.33697;4;1;1;0;1;1; -1;1;-1;6;30;Indemne;5
202300023751;155 638 458;A01;1;0;1;1;1;5;203 794 808;1;1;1;1;1977.0;9;8;0;-1;3;8;2023;12:57;1;75;75107;2;4;8;6;48.851728;2.324376;4;-1; -1;-1;1;1; -1;1;0;1;30;Indemne;3
202300023751;155 638 458;A01;1;0;1;1;1;5;203 794 808;1;1;1;1;1977.0;9;8;0;-1;3;8;2023;12:57;1;75;75107;2;4;8;6;48.851728;2.324376;4;1;1;2;1;1; -1;1;0;1;30;Indemne;3
202300023751;155 638 458;A01;1;0;1;1;1;5;203 794 810;10;3;4;1;1970.0;9;0;-1;-1;3;8;2023;12:57;1;75;75107;2;4;8;6;48.851728;2.324376;4;-1; -1;-1;1;1; -1;1;0;1;30;Blessé léger;3
202300023751;155 638 458;A01;1;0;1;1;1;5;203 794 810;10;3;4;1;1970.0;9;0;-1;-1;3;8;2023;12:57;1;75;75107;2;4;8;6;48.851728;2.324376;4;1;1;2;1;1; -1;1;0;1;30;Blessé léger;3
202300023758;155 638 449;A01;1;0;2;1;1;5;203 794 796;1;1;4;1;1992.0;5;8;0;-1;3;8;2023;15:20;1;75;75103;2;2;2;1;48.862005;2.364664;4;2;2;0;1;1; -1;2;0;1;30;Blessé léger;3
202300023758;155 638 449;A01;1;0;2;1;1;5;203 794 796;1;1;4;1;1992.0;5;8;0;-1;3;8;2023;15:20;1;75;75103;2;2;2;1;48.862005;2.364664;4;1;1;0;1;1; -1;2;0;1;30;Blessé léger;3
202300023758;155 638 451;B01;7;0;2;1;15;1;203 794 798;1;1;1;1;1968.0;4;1;0;-1;3;8;2023;15:20;1;75;75103;2;2;2;1;48.862005;2.364664;4;2;2;0;1;1; -1;2;0;1;30;Indemne;3
202300023758;155 638 451;B01;7;0;2;1;15;1;203 794 798;1;1;1;1;1968.0;4;1;0;-1;3;8;2023;15:20;1;75;75103;2;2;2;1;48.862005;2.364664;4;1;1;0;1;1; -1;2;0;1;30;Indemne;3
202300023765;155 638 436;A01;80;0;2;1;19;3;203 794 774;1;1;4;2;1969.0;5;8;0;-1;6;8;2023;11:00;1;94;94073;2;3;1;1;48.76643;2.38648;4;1;0;0;1;1; -1;1;0;1;50;Blessé léger;6
202300023765;155 638 436;A01;80;0;2;1;19;3;203 794 774;1;1;4;2;1969.0;5;8;0;-1;6;8;2023;11:00;1;94;94073;2;3;1;1;48.76643;2.38648;4;2;2;0;1;1; -1;1;0;1;50;Blessé léger;6
202300023765;155 638 438;B01;7;0;2;2;23;0;203 794 776;1;1;1;1;1973.0;5;1;0;-1;6;8;2023;11:00;1;94;94073;2;3;1;1;48.76643;2.38648;4;1;0;0;1;1; -1;1;0;1;50;Indemne;6
202300023765;155 638 438;B01;7;0;2;2;23;0;203 794 776;1;1;1;1;1973.0;5;1;0;-1;6;8;2023;11:00;1;94;94073;2;3;1;1;48.76643;2.38648;4;2;2;0;1;1; -1;1;0;1;50;Indemne;6
202300023778;155 638 414;B01;1;0;2;1;1;5;203 794 745;1;1;3;1;2011.0;5;2;-1;-1;19;4;2023;17:45;1;33;33311;2;1;1;1;44.685879;-0.360811;3;2;2;0;2;1; -1;1;0;1;50;Blessé hospitalisé;2
202300023784;155 638 406;A01;7;0;9;2;15;1;203 794 731;1;1;1;1;1970.0;1;8;-1;-1;19;4;2023;06:02;2;02;02820;2;2;1;3;49.631113;3.243161;4;2;2;0;2;1;7;1;5;1;50;Indemne;2
202300023784;155 638 406;A01;7;0;9;2;15;1;203 794 731;1;1;1;1;1970.0;1;8;-1;-1;19;4;2023;06:02;2;02;02820;2;2;1;3;49.631113;3.243161;4;2; -1;-1;1;1; -1;1;5;1;-1;Indemne;2
202300023784;155 638 407;B01;80;0;2;3;1;3;203 794 732;1;1;4;1;2003.0;1;0;-1;-1;19;4;2023;06:02;2;02;02820;2;2;1;3;49.631113;3.243161;4;2;2;0;2;1;7;1;5;1;50;Blessé léger;2
202300023784;155 638 407;B01;80;0;2;3;1;3;203 794 732;1;1;4;1;2003.0;1;0;-1;-1;19;4;2023;06:02;2;02;02820;2;2;1;3;49.631113;3.243161;4;2; -1;-1;1;1; -1;1;5;1;-1;Blessé léger;2
202300023792;155 638 391;A01;10;0;2;7;2;1;203 794 712;1;1;1;1;1994.0;4;1;-1;-1;20;4;2023;09:15;1;50;50209;1;1;1;3;49.645256;-1.456391;3;2;2;0;1;1;5,5;1;0;1;80;Indemne;3
202300023792;155 638 393;B01;1;0;0;8;2;5;203 794 715;1;1;4;1;1959.0;5;2;-1;-1;20;4;2023;09:15;1;50;50209;1;1;1;3;49.645256;-1.456391;3;2;2;0;1;1;5,5;1;0;1;80;Blessé léger;3
202300023795;155 638 385;A01;1;0;0;0;0;5;203 794 706;1;1;4;1;1993.0;0;-1;0;-1;3;8;2023;16:25;1;93;93066;2;1;3;3;48.94508285;2.37383936;4;2;2;0;1;1; -1;2;0;1;30;Blessé léger;3
202300023795;155 638 387;B01;7;0;0;0;0;1;203 794 708;1;1;1;1;1941.0;0;1;0;-1;3;8;2023;16:25;1;93;93066;2;1;3;3;48.94508285;2.37383936;4;2;2;0;1;1; -1;2;0;1;30;Indemne;3
202300023804;155 638 368;B01;7;0;2;7;1;1;203 794 677;1;1;1;1;1958.0;5;8;-1;-1;11;3;2023;11:10;1;01;01185;2;3;2;1;45.893484;5.597631;4;-1; -1;0;1;1; -1;2;0;1;50;Indemne;5
202300023804;155 638 368;B01;7;0;2;7;1;1;203 794 677;1;1;1;1;1958.0;5;8;-1;-1;11;3;2023;11:10;1;01;01185;2;3;2;1;45.893484;5.597631;4;2;2;0;1;1;4;2;0;1;50;Indemne;5
202300023804;155 638 368;B01;7;0;2;7;1;1;203 794 679;4;2;1;1;1975.0;5;8;-1;-1;11;3;2023;11:10;1;01;01185;2;3;2;1;45.893484;5.597631;4;-1; -1;0;1;1; -1;2;0;1;50;Indemne;5
202300023804;155 638 368;B01;7;0;2;7;1;1;203 794 679;4;2;1;1;1975.0;5;8;-1;-1;11;3;2023;11:10;1;01;01185;2;3;2;1;45.893484;5.597631;4;2;2;0;1;1;4;2;0;1;50;Indemne;5
202300023804;155 638 368;B01;7;0;2;7;1;1;203 794 682;2;2;1;1;1973.0;5;8;-1;-1;11;3;2023;11:10;1;01;01185;2;3;2;1;45.893484;5.597631;4;-1; -1;0;1;1; -1;2;0;1;50;Indemne;5
202300023804;155 638 368;B01;7;0;2;7;1;1;203 794 682;2;2;1;1;1973.0;5;8;-1;-1;11;3;2023;11:10;1;01;01185;2;3;2;1;45.893484;5.597631;4;2;2;0;1;1;4;2;0;1;50;Indemne;5
202300023804;155 638 368;B01;7;0;2;7;1;1;203 794 684;3;2;1;1;1978.0;5;8;-1;-1;11;3;2023;11:10;1;01;01185;2;3;2;1;45.893484;5.597631;4;-1; -1;0;1;1; -1;2;0;1;50;Indemne;5
202300023804;155 638 368;B01;7;0;2;7;1;1;203 794 684;3;2;1;1;1978.0;5;8;-1;-1;11;3;2023;11:10;1;01;01185;2;3;2;1;45.893484;5.597631;4;2;2;0;1;1;4;2;0;1;50;Indemne;5
202300023804;155 638 368;B01;7;0;2;7;1;1;203 794 685;2;2;1;1;1958.0;5;8;-1;-1;11;3;2023;11:10;1;01;01185;2;3;2;1;45.893484;5.597631;4;-1; -1;0;1;1; -1;2;0;1;50;Indemne;5
202300023804;155 638 368;B01;7;0;2;7;1;1;203 794 685;2;2;1;1;1958.0;5;8;-1;-1;11;3;2023;11:10;1;01;01185;2;3;2;1;45.893484;5.597631;4;2;2;0;1;1;4;2;0;1;50;Indemne;5
202300023804;155 638 372;A01;1;0;2;1;0;5;203 794 690;1;1;3;1;2011.0;5;0;-1;-1;11;3;2023;11:10;1;01;01185;2;3;2;1;45.893484;5.597631;4;-1; -1;0;1;1; -1;2;0;1;50;Blessé hospitalisé;5
202300023804;155 638 372;A01;1;0;2;1;0;5;203 794 690;1;1;3;1;2011.0;5;0;-1;-1;11;3;2023;11:10;1;01;01185;2;3;2;1;45.893484;5.597631;4;2;2;0;1;1;4;2;0;1;50;Blessé hospitalisé;5
202300023823;155 638 333;A01;7;0;9;2;1;1;203 794 628;1;1;4;2;1984.0;0;1;8;-1;27;5;2023;13:55;1;973;97302;2;3;1;3;4.93739888;-52.32509288;4;2;2;0;1;1; -1;1;0;1;50;Blessé léger;5
202300023823;155 638 334;B01;1;0;2;8;19;5;203 794 629;1;1;4;1;2012.0;0;8;0;-1;27;5;2023;13:55;1;973;97302;2;3;1;3;4.93739888;-52.32509288;4;2;2;0;1;1; -1;1;0;1;50;Blessé léger;5
202300023837;155 638 308;A01;7;0;2;3;16;1;203 794 598;1;1;1;2;1957.0;0;1;0;-1;8;3;2023;08:45;1;974;97407;2;9;1;3;-20.93218;55.2945;4;-1;2;0;1;1; -1;1;0;1;30;Indemne;2
202300023837;155 638 311;B01;1;0;2;4;2;5;203 794 600;1;1;4;1;1974.0;0;8;0;-1;8;3;2023;08:45;1;974;97407;2;9;1;3;-20.93218;55.2945;4;-1;2;0;1;1; -1;1;0;1;30;Blessé léger;2
202300023840;155 638 306;B01;1;0;2;1;1;5;203 794 594;1;1;4;1;1993.0;1;2;0;-1;5;8;2023;06:35;1;92;92035;2;3;1;3;48.90543;2.24437;4;1;1;1;1;1; -1;1;0;1;30;Blessé léger;5
202300023840;155 638 306;B01;1;0;2;1;1;5;203 794 594;1;1;4;1;1993.0;1;2;0;-1;5;8;2023;06:35;1;92;92035;2;3;1;3;48.90543;2.24437;4;2;2;1;1;1; -1;1;0;1;30;Blessé léger;5
202300023840;155 638 310;A01;3;0;9;3;1;1;203 794 599;1;1;1;1;1982.0;0;1;8;-1;5;8;2023;06:35;1;92;92035;2;3;1;3;48.90543;2.24437;4;1;1;1;1;1; -1;1;0;1;30;Indemne;5
202300023840;155 638 310;A01;3;0;9;3;1;1;203 794 599;1;1;1;1;1982.0;0;1;8;-1;5;8;2023;06:35;1;92;92035;2;3;1;3;48.90543;2.24437;4;2;2;1;1;1; -1;1;0;1;30;Indemne;5
202300023845;155 638 296;A01;7;0;2;3;15;1;203 794 581;1;1;1;1;1992.0;0;1;-1;-1;9;3;2023;08:30;1;69;69388;2;2;1;3;45.72756;4.86198;4;2;2;2;1;1; -1;1;0;1;50;Indemne;3
202300023845;155 638 296;A01;7;0;2;3;15;1;203 794 581;1;1;1;1;1992.0;0;1;-1;-1;9;3;2023;08:30;1;69;69388;2;2;1;3;45.72756;4.86198;4;2;2;2;1;1; -1;1;0;1;50;Indemne;3
202300023845;155 638 300;B01;1;0;2;8;1;5;203 794 583;1;1;3;1;1998.0;1;8;-1;-1;9;3;2023;08:30;1;69;69388;2;2;1;3;45.72756;4.86198;4;2;2;2;1;1; -1;1;0;1;50;Blessé hospitalisé;3
202300023845;155 638 300;B01;1;0;2;8;1;5;203 794 583;1;1;3;1;1998.0;1;8;-1;-1;9;3;2023;08:30;1;69;69388;2;2;1;3;45.72756;4.86198;4;2;2;2;1;1; -1;1;0;1;50;Blessé hospitalisé;3
202300023854;155 638 282;B01;1;0;2;1;1;5;203 794 561;1;1;4;1;1978.0;0;8;8;-1;3;8;2023;21:35;5;92;92009;2;3;2;3;48.91387145;2.27363527;3;1;1;0;1;1; -1;2;0;1;50;Blessé léger;3
202300023854;155 638 282;B01;1;0;2;1;1;5;203 794 561;1;1;4;1;1978.0;0;8;8;-1;3;8;2023;21:35;5;92;92009;2;3;2;3;48.91387145;2.27363527;3;1;1;0;1;1; -1;2;0;1;50;Blessé léger;3
202300023854;155 638 285;A01;7;0;2;2;15;1;203 794 565;1;1;1;2;1979.0;0;1;0;-1;3;8;2023;21:35;5;92;92009;2;3;2;3;48.91387145;2.27363527;3;1;1;0;1;1; -1;2;0;1;50;Indemne;3
202300023854;155 638 285;A01;7;0;2;2;15;1;203 794 565;1;1;1;2;1979.0;0;1;0;-1;3;8;2023;21:35;5;92;92009;2;3;2;3;48.91387145;2.27363527;3;1;1;0;1;1; -1;2;0;1;50;Indemne;3
202300023857;155 638 278;A01;10;0;2;6;9;1;203 794 556;1;1;1;1;1984.0;4;8;0;-1;3;8;2023;19:00;1;92;92004;2;1;2;2;48.91387;2.28347;3;2;2;0;1;1; -1;2;0;1;50;Indemne;3
202300023857;155 638 280;B01;80;0;2;1;1;3;203 794 558;1;1;4;1;2002.0;0;8;8;-1;3;8;2023;19:00;1;92;92004;2;1;2;2;48.91387;2.28347;3;2;2;0;1;1; -1;2;0;1;50;Blessé léger;3
202300023871;155 638 251;A01;7;0;0;1;1;0;203 794 515;1;1;1;2;1986.0;1;1;-1;-1;24;1;2023;18:00;5;51;51043;2;6;1;3;49.360318;4.179;3;-1;2;1;1;1;5,5;2;0;1;30;Indemne;1
202300023871;155 638 254;B01;1;0;0;1;19;5;203 794 519;1;1;4;1;2006.0;2;0;-1;-1;24;1;2023;18:00;5;51;51043;2;6;1;3;49.360318;4.179;3;-1;2;1;1;1;5,5;2;0;1;30;Blessé léger;1
202300023873;155 638 252;B01;1;0;2;7;19;5;203 794 517;1;1;4;2;2002.0;1;8;-1;-1;26;5;2023;18:05;1;69;69264;2;1;7;3;45.98496;4.73038;3;2;2;2;1;1; -1;1;0;1;50;Blessé léger;4
202300023873;155 638 256;A01;7;0;2;1;1;1;203 794 522;1;1;1;1;1947.0;5;1;-1;-1;26;5;2023;18:05;1;69;69264;2;1;7;3;45.98496;4.73038;3;2;2;2;1;1; -1;1;0;1;50;Indemne;4
202300023888;155 638 229;B01;7;0;2;1;1;1;203 794 476;1;1;1;1;2003.0;5;1;8;-1;27;5;2023;16:45;1;67;67218;2;3;1;3;48.5125;7.7181;7;2;2;0;1;1; -1;1;0;5;50;Indemne;5
202300023888;155 638 229;B01;7;0;2;1;1;1;203 794 476;1;1;1;1;2003.0;5;1;8;-1;27;5;2023;16:45;1;67;67218;2;3;1;3;48.5125;7.7181;7;2;4;2;1;1; -1;1;0;5;50;Indemne;5
202300023888;155 638 233;A01;1;0;2;7;19;5;203 794 482;1;1;4;1;1968.0;0;8;0;-1;27;5;2023;16:45;1;67;67218;2;3;1;3;48.5125;7.7181;7;2;2;0;1;1; -1;1;0;5;50;Blessé léger;5
202300023888;155 638 233;A01;1;0;2;7;19;5;203 794 482;1;1;4;1;1968.0;0;8;0;-1;27;5;2023;16:45;1;67;67218;2;3;1;3;48.5125;7.7181;7;2;4;2;1;1; -1;1;0;5;50;Blessé léger;5
202300023894;155 638 221;A01;10;0;2;3;16;1;203 794 465;1;1;1;1;1960.0;0;1;8;-1;27;5;2023;10:10;1;67;67267;2;3;1;3;48.56377;7.68967;4;2;2;0;1;1; -1;1;0;5;50;Indemne;5
202300023894;155 638 221;A01;10;0;2;3;16;1;203 794 465;1;1;1;1;1960.0;0;1;8;-1;27;5;2023;10:10;1;67;67267;2;3;1;3;48.56377;7.68967;4;2;1;1;1;1; -1;1;0;5;50;Indemne;5
202300023894;155 638 225;B01;1;0;2;7;0;5;203 794 472;1;1;4;1;2005.0;5;8;0;-1;27;5;2023;10:10;1;67;67267;2;3;1;3;48.56377;7.68967;4;2;2;0;1;1; -1;1;0;5;50;Blessé léger;5
202300023894;155 638 225;B01;1;0;2;7;0;5;203 794 472;1;1;4;1;2005.0;5;8;0;-1;27;5;2023;10:10;1;67;67267;2;3;1;3;48.56377;7.68967;4;2;1;1;1;1; -1;1;0;5;50;Blessé léger;5
202300023916;155 638 184;A01;7;0;2;3;9;1;203 794 406;1;1;1;1;1949.0;5;1;-1;-1;9;3;2023;07:00;2;65;65440;2;6;1;3;43.24095;0.073643;3;-1;2;0;1;1; -1;1;0;1;50;Indemne;3
202300023916;155 638 184;A01;7;0;2;3;9;1;203 794 406;1;1;1;1;1949.0;5;1;-1;-1;9;3;2023;07:00;2;65;65440;2;6;1;3;43.24095;0.073643;3;2;2;0;1;1; -1;1;0;1;50;Indemne;3
202300023916;155 638 188;B01;1;0;2;1;1;5;203 794 411;1;1;3;1;1977.0;1;8;-1;-1;9;3;2023;07:00;2;65;65440;2;6;1;3;43.24095;0.073643;3;-1;2;0;1;1; -1;1;0;1;50;Blessé hospitalisé;3
202300023916;155 638 188;B01;1;0;2;1;1;5;203 794 411;1;1;3;1;1977.0;1;8;-1;-1;9;3;2023;07:00;2;65;65440;2;6;1;3;43.24095;0.073643;3;2;2;0;1;1; -1;1;0;1;50;Blessé hospitalisé;3
202300023922;155 638 174;A01;1;0;2;7;14;5;203 794 394;1;1;4;1;1936.0;5;2;-1;-1;1;8;2023;10:40;1;63;63001;1;6;1;3;46.009452;3.197279;3;1;2;0;1;2;7;1;5;1;90;Blessé léger;1
202300023922;155 638 176;B01;7;0;2;6;1;1;203 794 397;1;1;1;1;1956.0;5;1;-1;-1;1;8;2023;10:40;1;63;63001;1;6;1;3;46.009452;3.197279;3;1;2;0;1;2;7;1;5;1;90;Indemne;1
202300023957;155 638 117;A01;7;0;2;2;1;1;203 794 303;1;1;1;2;1964.0;4;1;0;-1;9;3;2023;09:05;1;59;59350;2;1;2;2;50.6365;3.03691;7;2;4;1;2;1; -1;2;2;1;50;Indemne;3
202300023957;155 638 119;B01;1;0;2;4;11;5;203 794 308;1;1;4;1;1994.0;0;8;0;-1;9;3;2023;09:05;1;59;59350;2;1;2;2;50.6365;3.03691;7;2;4;1;2;1; -1;2;2;1;50;Blessé léger;3
202300023960;155 638 109;A01;14;0;2;2;16;1;203 794 292;1;1;1;1;1962.0;4;8;0;-1;8;3;2023;15:00;1;59;59350;2;9;2;3;50.62197;3.08866;7;2;3;2;1;1; -1;2;0;5;50;Indemne;2
202300023960;155 638 112;B01;1;0;2;1;1;5;203 794 295;1;1;2;2;1991.0;9;8;0;-1;8;3;2023;15:00;1;59;59350;2;9;2;3;50.62197;3.08866;7;2;3;2;1;1; -1;2;0;5;50;Tué;2
202300023970;155 638 092;B01;1;13;0;4;2;5;203 794 262;1;1;3;1;1948.0;5;0;-1;-1;26;1;2023;07:30;3;44;44066;1;1;2;2;47.352518;-1.659257;3;2;2;0;1;1; -1;2;0;1;80;Blessé hospitalisé;3
202300023970;155 638 095;A01;7;0;2;2;2;1;203 794 264;1;1;1;1;1989.0;1;1;-1;-1;26;1;2023;07:30;3;44;44066;1;1;2;2;47.352518;-1.659257;3;2;2;0;1;1; -1;2;0;1;80;Indemne;3
202300023988;155 638 066;A01;1;0;2;0;9;5;203 794 228;1;1;4;1;1973.0;0;8;0;-1;9;3;2023;19:30;5;37;37261;2;4;1;3;47.39656;0.70358;4;1;1;0;1;3; -1;1;0;1;30;Blessé léger;3
202300023988;155 638 066;A01;1;0;2;0;9;5;203 794 228;1;1;4;1;1973.0;0;8;0;-1;9;3;2023;19:30;5;37;37261;2;4;1;3;47.39656;0.70358;4;2;4;0;1;1; -1;1;9;1;50;Blessé léger;3
202300023988;155 638 071;B01;7;0;2;2;9;1;203 794 233;1;1;1;1;1994.0;5;1;0;-1;9;3;2023;19:30;5;37;37261;2;4;1;3;47.39656;0.70358;4;1;1;0;1;3; -1;1;0;1;30;Indemne;3
202300023988;155 638 071;B01;7;0;2;2;9;1;203 794 233;1;1;1;1;1994.0;5;1;0;-1;9;3;2023;19:30;5;37;37261;2;4;1;3;47.39656;0.70358;4;2;4;0;1;1; -1;1;9;1;50;Indemne;3
202300024015;155 638 016;B01;7;0;2;3;1;1;203 794 159;1;1;1;1;1974.0;0;1;-1;-1;9;3;2023;18:25;1;33;33192;2;4;2;3;44.7691;-0.59709;4;1;1;0;2;3; -1;2;9;1;30;Indemne;3
202300024015;155 638 016;B01;7;0;2;3;1;1;203 794 159;1;1;1;1;1974.0;0;1;-1;-1;9;3;2023;18:25;1;33;33192;2;4;2;3;44.7691;-0.59709;4;2;2;0;2;2; -1;2;0;1;30;Indemne;3
202300024015;155 638 019;A01;1;0;2;1;15;5;203 794 164;1;1;4;1;2008.0;0;2;-1;-1;9;3;2023;18:25;1;33;33192;2;4;2;3;44.7691;-0.59709;4;1;1;0;2;3; -1;2;9;1;30;Blessé léger;3
202300024015;155 638 019;A01;1;0;2;1;15;5;203 794 164;1;1;4;1;2008.0;0;2;-1;-1;9;3;2023;18:25;1;33;33192;2;4;2;3;44.7691;-0.59709;4;2;2;0;2;2; -1;2;0;1;30;Blessé léger;3
202300024030;155 637 989;A01;14;0;2;7;16;1;203 794 124;1;1;1;1;1980.0;4;1;-1;-1;25;1;2023;08:50;1;69;69387;2;3;1;3;45.73136;4.83361;4;2;3;3;1;1; -1;1;0;1;30;Indemne;2
202300024030;155 637 989;A01;14;0;2;7;16;1;203 794 124;1;1;1;1;1980.0;4;1;-1;-1;25;1;2023;08:50;1;69;69387;2;3;1;3;45.73136;4.83361;4;2;2;3;1;1; -1;1;0;1;30;Indemne;2
202300024030;155 637 991;B01;1;0;2;3;1;5;203 794 126;1;1;4;2;2002.0;0;8;-1;-1;25;1;2023;08:50;1;69;69387;2;3;1;3;45.73136;4.83361;4;2;3;3;1;1; -1;1;0;1;30;Blessé léger;2
202300024030;155 637 991;B01;1;0;2;3;1;5;203 794 126;1;1;4;2;2002.0;0;8;-1;-1;25;1;2023;08:50;1;69;69387;2;3;1;3;45.73136;4.83361;4;2;2;3;1;1; -1;1;0;1;30;Blessé léger;2
202300024031;155 637 987;B01;80;0;2;4;1;3;203 794 122;1;1;4;1;1987.0;1;2;4;6;7;3;2023;08:00;1;29;29019;2;6;2;2;48.40776231;-4.51321274;4;1;1;0;1;2; -1;2;5;1;50;Blessé léger;1
202300024031;155 637 990;A01;7;0;2;1;9;1;203 794 125;1;1;1;1;1946.0;5;1;-1;-1;7;3;2023;08:00;1;29;29019;2;6;2;2;48.40776231;-4.51321274;4;1;1;0;1;2; -1;2;5;1;50;Indemne;1
202300024067;155 637 919;B01;1;0;2;2;1;5;203 794 025;1;1;4;1;1986.0;9;2;0;-1;9;3;2023;11:40;1;75;75118;2;2;1;3;48.88835;2.349611;4;2;4;0;1;1; -1;1;0;1;30;Blessé léger;3
202300024067;155 637 919;B01;1;0;2;2;1;5;203 794 025;1;1;4;1;1986.0;9;2;0;-1;9;3;2023;11:40;1;75;75118;2;2;1;3;48.88835;2.349611;4;2;1;0;1;1; -1;1;0;1;30;Blessé léger;3
202300024067;155 637 923;A01;30;0;2;1;1;1;203 794 030;1;1;1;1;1980.0;9;2;6;-1;9;3;2023;11:40;1;75;75118;2;2;1;3;48.88835;2.349611;4;2;4;0;1;1; -1;1;0;1;30;Indemne;3
202300024067;155 637 923;A01;30;0;2;1;1;1;203 794 030;1;1;1;1;1980.0;9;2;6;-1;9;3;2023;11:40;1;75;75118;2;2;1;3;48.88835;2.349611;4;2;1;0;1;1; -1;1;0;1;30;Indemne;3
202300024070;155 637 909;A01;1;0;2;1;16;5;203 794 012;2;2;4;2;2007.0;5;8;0;-1;27;5;2023;21:58;5;75;75105;2;3;1;1;48.851375;2.343202;4;1;3;3;1;1; -1;1;8;1;30;Blessé léger;5
202300024070;155 637 909;A01;1;0;2;1;16;5;203 794 012;2;2;4;2;2007.0;5;8;0;-1;27;5;2023;21:58;5;75;75105;2;3;1;1;48.851375;2.343202;4;1;2;0;1;1; -1;1;0;1;30;Blessé léger;5
202300024070;155 637 909;A01;1;0;2;1;16;5;203 794 014;1;1;4;1;2006.0;5;8;0;-1;27;5;2023;21:58;5;75;75105;2;3;1;1;48.851375;2.343202;4;1;3;3;1;1; -1;1;8;1;30;Blessé léger;5