Num_Acc;id_vehicule;num_veh;catv;obs;obsm;choc;manv;motor;id_usager;place;catu;grav;sexe;an_nais;trajet;secu1;secu2;secu3;jour;mois;an;hrmn;lum;dep;com;agg;int;atm;col;lat;long;catr;circ;nbv;vosp;prof;plan;larrout;surf;infra;situ;vma;gravity;day_of_week
202300024070;155 637 909;A01;1;0;2;1;16;5;203 794 014;1;1;4;1;2006.0;5;8;0;-1;27;5;2023;21:58;5;75;75105;2;3;1;1;48.851375;2.343202;4;1;2;0;1;1; -1;1;0;1;30;Blessé léger;5
202300024070;155 637 913;B01;7;0;2;1;1;1;203 794 017;1;1;1;1;1959.0;4;1;0;-1;27;5;2023;21:58;5;75;75105;2;3;1;1;48.851375;2.343202;4;1;3;3;1;1; -1;1;8;1;30;Indemne;5
202300024070;155 637 913;B01;7;0;2;1;1;1;203 794 017;1;1;1;1;1959.0;4;1;0;-1;27;5;2023;21:58;5;75;75105;2;3;1;1;48.851375;2.343202;4;1;2;0;1;1; -1;1;0;1;30;Indemne;5
202300024080;155 637 893;A01;10;0;2;2;1;1;203 793 976;1;1;1;1;1974.0;9;1;0;-1;8;3;2023;09:45;1;75;75114;2;2;8;1;48.823042;2.325488;4;2;4;0;1;1; -1;2;0;1;50;Indemne;2
202300024080;155 637 893;A01;10;0;2;2;1;1;203 793 976;1;1;1;1;1974.0;9;1;0;-1;8;3;2023;09:45;1;75;75114;2;2;8;1;48.823042;2.325488;4;3;8;0;1;1; -1;2;0;1;50;Indemne;2
202300024080;155 637 896;B01;80;0;2;3;5;3;203 793 979;1;1;4;2;1974.0;9;2;0;-1;8;3;2023;09:45;1;75;75114;2;2;8;1;48.823042;2.325488;4;2;4;0;1;1; -1;2;0;1;50;Blessé léger;2
202300024080;155 637 896;B01;80;0;2;3;5;3;203 793 979;1;1;4;2;1974.0;9;2;0;-1;8;3;2023;09:45;1;75;75114;2;2;8;1;48.823042;2.325488;4;3;8;0;1;1; -1;2;0;1;50;Blessé léger;2
202300024087;155 637 878;A01;33;0;2;8;16;1;203 793 963;1;1;1;1;1971.0;9;2;6;-1;9;3;2023;09:25;1;75;75113;2;3;1;3;48.82806877;2.3848325;4;2;3;1;1;1; -1;1;-1;5;30;Indemne;3
202300024087;155 637 878;A01;33;0;2;8;16;1;203 793 963;1;1;1;1;1971.0;9;2;6;-1;9;3;2023;09:25;1;75;75113;2;3;1;3;48.82806877;2.3848325;4;2;3;1;1;1; -1;1;-1;5;30;Indemne;3
202300024087;155 637 886;B01;1;0;2;7;1;5;203 793 969;1;1;4;1;1995.0;1;8;0;-1;9;3;2023;09:25;1;75;75113;2;3;1;3;48.82806877;2.3848325;4;2;3;1;1;1; -1;1;-1;5;30;Blessé léger;3
202300024087;155 637 886;B01;1;0;2;7;1;5;203 793 969;1;1;4;1;1995.0;1;8;0;-1;9;3;2023;09:25;1;75;75113;2;3;1;3;48.82806877;2.3848325;4;2;3;1;1;1; -1;1;-1;5;30;Blessé léger;3
202300024093;155 637 863;B01;1;0;2;8;13;5;203 793 943;1;1;4;2;1980.0;0;8;0;-1;26;1;2023;17:55;2;64;64445;2;1;1;3;43.29934;-0.3712;4;2;2;0;1;1; -1;1;0;1;50;Blessé léger;3
202300024096;155 637 862;A01;1;2;0;1;0;5;203 793 942;1;1;3;1;1979.0;5;0;-1;-1;4;8;2023;16:45;1;42;42302;1;1;1;2;45.483244;4.459832;4;2;2;0;2;2; -1;2;0;1;50;Blessé hospitalisé;4
202300024096;155 637 866;B01;1;2;0;1;0;5;203 793 946;1;1;4;1;1977.0;5;0;-1;-1;4;8;2023;16:45;1;42;42302;1;1;1;2;45.483244;4.459832;4;2;2;0;2;2; -1;2;0;1;50;Blessé léger;4
202300024107;155 637 846;A01;1;0;2;8;18;5;203 793 921;1;1;1;2;1971.0;9;2;0;-1;9;3;2023;09:15;1;75;75111;2;3;8;3;48.85545165;2.37047732;4;1;2;0;1;1; -1;2;0;1;30;Indemne;3
202300024107;155 637 846;A01;1;0;2;8;18;5;203 793 921;1;1;1;2;1971.0;9;2;0;-1;9;3;2023;09:15;1;75;75111;2;3;8;3;48.85545165;2.37047732;4;1; -1;-1;1;1; -1;2;0;1;-1;Indemne;3
202300024107;155 637 849;B01;50;1;2;1;1;3;203 793 927;1;1;4;1;1971.0;9;2;0;-1;9;3;2023;09:15;1;75;75111;2;3;8;3;48.85545165;2.37047732;4;1;2;0;1;1; -1;2;0;1;30;Blessé léger;3
202300024107;155 637 849;B01;50;1;2;1;1;3;203 793 927;1;1;4;1;1971.0;9;2;0;-1;9;3;2023;09:15;1;75;75111;2;3;8;3;48.85545165;2.37047732;4;1; -1;-1;1;1; -1;2;0;1;-1;Blessé léger;3
202300024119;155 637 823;B01;80;0;2;8;1;3;203 793 890;1;1;3;2;1957.0;3;0;-1;-1;19;1;2023;10:32;1;35;35288;2;2;1;3;48.66261;-1.98333;4;2;2;0;1;1; -1;1;0;1;30;Blessé hospitalisé;3
202300024119;155 637 823;B01;80;0;2;8;1;3;203 793 890;1;1;3;2;1957.0;3;0;-1;-1;19;1;2023;10:32;1;35;35288;2;2;1;3;48.66261;-1.98333;4;2;2;0;1;1; -1;1;0;1;50;Blessé hospitalisé;3
202300024119;155 637 824;A01;7;0;2;2;19;1;203 793 891;1;1;1;2;1946.0;5;1;-1;-1;19;1;2023;10:32;1;35;35288;2;2;1;3;48.66261;-1.98333;4;2;2;0;1;1; -1;1;0;1;30;Indemne;3
202300024119;155 637 824;A01;7;0;2;2;19;1;203 793 891;1;1;1;2;1946.0;5;1;-1;-1;19;1;2023;10:32;1;35;35288;2;2;1;3;48.66261;-1.98333;4;2;2;0;1;1; -1;1;0;1;50;Indemne;3
202300024128;155 637 807;A01;7;0;9;1;1;6;203 793 870;1;1;1;1;1947.0;5;1;-1;-1;2;8;2023;10:50;1;34;34074;2;1;1;1;43.451638;3.05061;4;2;2;0;1;2; -1;1;0;1;50;Indemne;2
202300024128;155 637 809;B01;1;0;2;1;1;5;203 793 874;1;1;4;1;1950.0;5;2;-1;-1;2;8;2023;10:50;1;34;34074;2;1;1;1;43.451638;3.05061;4;2;2;0;1;2; -1;1;0;1;50;Blessé léger;2
202300024130;155 637 802;A01;1;0;2;7;1;5;203 793 862;1;1;4;1;2000.0;1;8;0;-1;9;3;2023;09:30;1;75;75108;2;2;8;3;48.866782;2.322097;4;1; -1;0;1;1; -1;2;0;1;30;Blessé léger;3
202300024130;155 637 806;B01;10;0;0;3;1;1;203 793 869;1;1;1;1;1982.0;4;1;0;-1;9;3;2023;09:30;1;75;75108;2;2;8;3;48.866782;2.322097;4;1; -1;0;1;1; -1;2;0;1;30;Indemne;3
202300024133;155 637 797;A01;1;0;2;1;1;5;203 793 855;1;1;4;2;1995.0;9;2;0;-1;14;11;2023;08:40;1;75;75118;2;2;8;3;48.888352;2.349584;4;2;6;1;1;1; -1;2;0;1;30;Blessé léger;1
202300024133;155 637 797;A01;1;0;2;1;1;5;203 793 855;1;1;4;2;1995.0;9;2;0;-1;14;11;2023;08:40;1;75;75118;2;2;8;3;48.888352;2.349584;4;-1;1;0;1;1; -1;2;0;1;30;Blessé léger;1
202300024133;155 637 801;B01;10;0;2;3;1;1;203 793 863;1;1;1;1;1996.0;1;1;0;-1;14;11;2023;08:40;1;75;75118;2;2;8;3;48.888352;2.349584;4;2;6;1;1;1; -1;2;0;1;30;Indemne;1
202300024133;155 637 801;B01;10;0;2;3;1;1;203 793 863;1;1;1;1;1996.0;1;1;0;-1;14;11;2023;08:40;1;75;75118;2;2;8;3;48.888352;2.349584;4;-1;1;0;1;1; -1;2;0;1;30;Indemne;1
202300024134;155 637 796;A01;80;0;0;0;21;3;203 793 854;1;1;4;1;1954.0;1;2;0;-1;8;3;2023;09:10;1;75;75101;2;1;2;7;48.85668;2.34835;4;2;2;2;1;1; -1;2;6;5;25;Blessé léger;2
202300024146;155 637 776;A01;7;0;2;6;23;1;203 793 822;1;1;1;1;1968.0;5;1;0;-1;27;5;2023;11:49;1;92;92048;2;4;1;2;48.80875623;2.24462762;4;2;2;0;2;2; -1;1;0;1;50;Indemne;5
202300024146;155 637 776;A01;7;0;2;6;23;1;203 793 822;1;1;1;1;1968.0;5;1;0;-1;27;5;2023;11:49;1;92;92048;2;4;1;2;48.80875623;2.24462762;4;2;2;0;1;1; -1;1;0;1;50;Indemne;5
202300024146;155 637 777;B01;1;0;2;1;1;5;203 793 825;1;1;4;1;1953.0;5;8;0;-1;27;5;2023;11:49;1;92;92048;2;4;1;2;48.80875623;2.24462762;4;2;2;0;2;2; -1;1;0;1;50;Blessé léger;5
202300024146;155 637 777;B01;1;0;2;1;1;5;203 793 825;1;1;4;1;1953.0;5;8;0;-1;27;5;2023;11:49;1;92;92048;2;4;1;2;48.80875623;2.24462762;4;2;2;0;1;1; -1;1;0;1;50;Blessé léger;5
202300024170;155 637 739;A01;7;0;2;2;16;1;203 793 772;1;1;1;1;1965.0;5;1;0;-1;15;11;2023;09:25;1;75;75107;2;2;1;3;48.862828;2.313466;4;-1; -1;1;1;1; -1;1;0;5;30;Indemne;2
202300024170;155 637 739;A01;7;0;2;2;16;1;203 793 772;1;1;1;1;1965.0;5;1;0;-1;15;11;2023;09:25;1;75;75107;2;2;1;3;48.862828;2.313466;4;2;2;1;1;1; -1;1;0;5;30;Indemne;2
202300024170;155 637 740;B01;1;0;2;1;1;5;203 793 774;1;1;4;2;1999.0;1;8;0;-1;15;11;2023;09:25;1;75;75107;2;2;1;3;48.862828;2.313466;4;-1; -1;1;1;1; -1;1;0;5;30;Blessé léger;2
202300024170;155 637 740;B01;1;0;2;1;1;5;203 793 774;1;1;4;2;1999.0;1;8;0;-1;15;11;2023;09:25;1;75;75107;2;2;1;3;48.862828;2.313466;4;2;2;1;1;1; -1;1;0;5;30;Blessé léger;2
202300024172;155 637 732;B01;1;0;2;0;1;5;203 793 763;1;1;4;1;1977.0;0;8;0;-1;25;1;2023;14:40;1;10;10387;2;2;1;3;48.309;4.061;4;2;0;0;1;1; -1;1;0;1;50;Blessé léger;2
202300024172;155 637 732;B01;1;0;2;0;1;5;203 793 763;1;1;4;1;1977.0;0;8;0;-1;25;1;2023;14:40;1;10;10387;2;2;1;3;48.309;4.061;4;2;2;2;1;1; -1;1;0;1;50;Blessé léger;2
202300024187;155 637 712;B01;1;0;2;8;1;5;203 793 733;1;1;4;2;1984.0;0;2;0;-1;9;3;2023;08:10;1;92;92072;2;1;1;1;48.82422;2.21254;3;1;2;2;1;1; -1;2;5;5;50;Blessé léger;3
202300024187;155 637 716;A01;7;0;9;1;16;1;203 793 737;1;1;1;1;1994.0;1;1;0;-1;9;3;2023;08:10;1;92;92072;2;1;1;1;48.82422;2.21254;3;1;2;2;1;1; -1;2;5;5;50;Indemne;3
202300024189;155 637 709;A01;7;0;2;3;26;0;203 793 730;1;1;1;1;1996.0;0;1;0;-1;14;11;2023;19:10;5;94;94015;2;1;2;1;48.831345;2.516776;4;2;2;0;1;1; -1;2;6;1;30;Indemne;1
202300024189;155 637 711;B01;1;0;2;1;21;5;203 793 732;1;1;4;1;1963.0;0;2;0;0;14;11;2023;19:10;5;94;94015;2;1;2;1;48.831345;2.516776;4;2;2;0;1;1; -1;2;6;1;30;Blessé léger;1
202300024222;155 637 656;A01;14;0;9;1;1;1;203 793 652;1;1;1;1;1964.0;4;8;-1;-1;7;3;2023;17:40;2;972;97223;2;4;1;1;14.558465;-60.942804;3;2;2;0;1;1; -1;1;0;1;50;Indemne;1
202300024222;155 637 656;A01;14;0;9;1;1;1;203 793 652;1;1;1;1;1964.0;4;8;-1;-1;7;3;2023;17:40;2;972;97223;2;4;1;1;14.558465;-60.942804;3;-1; -1;-1;-1;-1; -1;-1;-1;-1;-1;Indemne;1
202300024222;155 637 657;B01;1;0;2;1;19;5;203 793 653;1;1;2;1;2007.0;5;0;-1;-1;7;3;2023;17:40;2;972;97223;2;4;1;1;14.558465;-60.942804;3;2;2;0;1;1; -1;1;0;1;50;Tué;1
202300024222;155 637 657;B01;1;0;2;1;19;5;203 793 653;1;1;2;1;2007.0;5;0;-1;-1;7;3;2023;17:40;2;972;97223;2;4;1;1;14.558465;-60.942804;3;-1; -1;-1;-1;-1; -1;-1;-1;-1;-1;Tué;1
202300024234;155 637 635;B01;1;0;2;7;1;5;203 793 620;1;1;4;1;1939.0;0;2;0;-1;26;1;2023;17:23;2;93;93073;2;2;2;3;48.95288;2.58949;4;2;2;0;1;1; -1;2;0;1;50;Blessé léger;3
202300024234;155 637 635;B01;1;0;2;7;1;5;203 793 620;1;1;4;1;1939.0;0;2;0;-1;26;1;2023;17:23;2;93;93073;2;2;2;3;48.95288;2.58949;4;2;2;0;1;1; -1;2;0;1;50;Blessé léger;3
202300024234;155 637 637;A01;7;0;2;1;1;1;203 793 622;1;1;1;2;1961.0;4;8;0;-1;26;1;2023;17:23;2;93;93073;2;2;2;3;48.95288;2.58949;4;2;2;0;1;1; -1;2;0;1;50;Indemne;3
202300024234;155 637 637;A01;7;0;2;1;1;1;203 793 622;1;1;1;2;1961.0;4;8;0;-1;26;1;2023;17:23;2;93;93073;2;2;2;3;48.95288;2.58949;4;2;2;0;1;1; -1;2;0;1;50;Indemne;3
202300024250;155 637 606;B01;1;0;2;7;2;5;203 793 574;1;1;4;1;1965.0;0;2;0;-1;26;1;2023;07:55;2;93;93006;2;2;1;3;48.87425;2.42804;3;1;2;0;1;1; -1;1;0;1;50;Blessé léger;3
202300024250;155 637 606;B01;1;0;2;7;2;5;203 793 574;1;1;4;1;1965.0;0;2;0;-1;26;1;2023;07:55;2;93;93006;2;2;1;3;48.87425;2.42804;3;2;2;2;1;1; -1;1;0;1;50;Blessé léger;3
202300024250;155 637 607;A01;7;0;2;1;16;1;203 793 578;1;1;1;1;1977.0;0;1;0;-1;26;1;2023;07:55;2;93;93006;2;2;1;3;48.87425;2.42804;3;1;2;0;1;1; -1;1;0;1;50;Indemne;3
202300024250;155 637 607;A01;7;0;2;1;16;1;203 793 578;1;1;1;1;1977.0;0;1;0;-1;26;1;2023;07:55;2;93;93006;2;2;1;3;48.87425;2.42804;3;2;2;2;1;1; -1;1;0;1;50;Indemne;3
202300024273;155 637 566;B01;1;0;2;1;1;5;203 793 521;1;1;2;1;1994.0;5;2;6;-1;26;1;2023;19:30;3;51;51527;1;1;8;1;49.2580491;3.78746688;3;2;2;0;2;1; -1;2;0;1;80;Tué;3
202300024273;155 637 568;A01;7;0;9;3;17;3;203 793 525;1;1;1;2;1986.0;1;1;-1;-1;26;1;2023;19:30;3;51;51527;1;1;8;1;49.2580491;3.78746688;3;2;2;0;2;1; -1;2;0;1;80;Indemne;3
202300024275;155 637 567;A01;7;0;2;3;9;0;203 793 524;1;1;1;2;1995.0;1;1;-1;-1;15;11;2023;18:50;5;68;68145;2;1;1;3;48.081378;7.392324;3;2;2;2;1;1;7;1;0;5;50;Indemne;2
202300024275;155 637 570;B01;1;0;2;7;2;5;203 793 528;1;1;3;1;1990.0;9;8;-1;-1;15;11;2023;18:50;5;68;68145;2;1;1;3;48.081378;7.392324;3;2;2;2;1;1;7;1;0;5;50;Blessé hospitalisé;2
202300024280;155 637 559;B01;1;0;2;1;1;5;203 793 513;1;1;3;1;1970.0;5;2;-1;-1;28;5;2023;10:45;1;63;63239;2;1;1;3;45.703158;3.357428;3;2;2;0;1;1;4;1;0;1;50;Blessé hospitalisé;6
202300024280;155 637 562;A01;7;0;2;2;15;1;203 793 516;1;1;1;1;1932.0;5;1;-1;-1;28;5;2023;10:45;1;63;63239;2;1;1;3;45.703158;3.357428;3;2;2;0;1;1;4;1;0;1;50;Indemne;6
202300024298;155 637 530;A01;1;13;0;0;1;5;203 793 465;1;1;4;1;1944.0;5;2;6;-1;26;1;2023;10:50;1;29;29062;1;1;1;6;48.162876;-4.011394;3;2;2;0;2;1; -1;1;0;3;80;Blessé léger;3
202300024335;155 637 471;A01;7;0;9;2;17;1;203 793 395;1;1;1;1;1948.0;5;1;-1;-1;28;5;2023;11:47;1;02;02382;1;1;1;3;49.851132;3.202821;3;2;2;0;1;1;4;1;0;1;80;Indemne;6
202300024335;155 637 474;B01;1;0;2;3;1;5;203 793 399;1;1;3;2;1953.0;5;0;-1;-1;28;5;2023;11:47;1;02;02382;1;1;1;3;49.851132;3.202821;3;2;2;0;1;1;4;1;0;1;80;Blessé hospitalisé;6
202300024347;155 637 447;A01;80;0;0;0;0;3;203 793 368;1;1;2;1;1965.0;5;0;-1;-1;26;1;2023;10:30;1;987;98749;2;9;1;7;-14.673;-144.897;4;2;2;0;1;1; -1;1;0;1;30;Tué;3
202300024355;155 637 434;A01;10;0;2;2;21;1;203 793 353;1;1;1;1;1966.0;1;1;-1;-1;15;11;2023;10:30;1;17;17003;1;6;1;2;46.103337;-0.940543;3;1;1;0;1;3;3;1;0;1;80;Indemne;2
202300024355;155 637 436;B01;1;0;2;4;0;5;203 793 357;1;1;4;1;1966.0;5;2;-1;-1;15;11;2023;10:30;1;17;17003;1;6;1;2;46.103337;-0.940543;3;1;1;0;1;3;3;1;0;1;80;Blessé léger;2
202300024385;155 637 385;B01;1;0;2;6;1;5;203 793 278;1;1;3;1;1951.0;5;2;6;-1;9;3;2023;17:18;1;38;38474;1;1;1;2;45.222707;5.651393;7;2;2;0;2;3; -1;1;0;1;70;Blessé hospitalisé;3
202300024389;155 637 376;A01;7;0;2;2;0;1;203 793 267;2;2;1;1;1948.0;0;1;-1;-1;15;11;2023;18:55;3;84;84067;2;1;1;2;44.06874;5.019733;3;2;2;0;1;1; -1;1;0;1;70;Indemne;2
202300024389;155 637 376;A01;7;0;2;2;0;1;203 793 268;1;1;1;2;1955.0;0;1;-1;-1;15;11;2023;18:55;3;84;84067;2;1;1;2;44.06874;5.019733;3;2;2;0;1;1; -1;1;0;1;70;Indemne;2
202300024389;155 637 379;B01;1;0;0;4;0;5;203 793 272;1;1;3;1;1969.0;0;0;-1;-1;15;11;2023;18:55;3;84;84067;2;1;1;2;44.06874;5.019733;3;2;2;0;1;1; -1;1;0;1;70;Blessé hospitalisé;2
202300024391;155 637 371;A01;7;0;9;2;15;1;203 793 262;1;1;1;2;1975.0;3;1;-1;-1;10;3;2023;15:20;1;26;26220;2;9;1;1;44.364863;5.125996;3;2;2;0;2;1;5,5;1;5;1;50;Indemne;4
202300024391;155 637 373;B01;1;0;2;1;1;5;203 793 265;1;1;3;1;1954.0;5;2;-1;-1;10;3;2023;15:20;1;26;26220;2;9;1;1;44.364863;5.125996;3;2;2;0;2;1;5,5;1;5;1;50;Blessé hospitalisé;4
202300024411;155 637 335;A01;1;0;0;0;23;5;203 793 215;1;1;3;1;1953.0;0;2;-1;-1;9;3;2023;16:00;1;59;59497;1;2;2;7;50.713584;2.370418;3;2;2;0;1;1; -1;2;0;1;50;Blessé hospitalisé;3
202300024411;155 637 335;A01;1;0;0;0;23;5;203 793 215;1;1;3;1;1953.0;0;2;-1;-1;9;3;2023;16:00;1;59;59497;1;2;2;7;50.713584;2.370418;3;2; -1;-1;1;1; -1;2;0;1;-1;Blessé hospitalisé;3
202300024445;155 637 280;A01;1;0;0;0;21;5;203 793 145;1;1;3;1;1942.0;5;2;6;-1;27;5;2023;09:45;1;38;38236;2;3;1;7;45.404846;5.692007;4;2;2;0;2;1; -1;1;0;1;50;Blessé hospitalisé;5
202300024445;155 637 280;A01;1;0;0;0;21;5;203 793 145;1;1;3;1;1942.0;5;2;6;-1;27;5;2023;09:45;1;38;38236;2;3;1;7;45.404846;5.692007;4;2;2;0;1;2; -1;1;0;1;50;Blessé hospitalisé;5
202300024460;155 637 253;A01;7;0;2;3;1;1;203 793 103;1;1;1;2;1999.0;5;1;0;-1;8;3;2023;10:30;1;91;91514;2;6;2;3;48.67817;2.5271;3;2;2;0;1;1; -1;2;5;1;30;Indemne;2
202300024460;155 637 253;A01;7;0;2;3;1;1;203 793 103;1;1;1;2;1999.0;5;1;0;-1;8;3;2023;10:30;1;91;91514;2;6;2;3;48.67817;2.5271;3;2;2;0;1;1; -1;2;0;1;50;Indemne;2
202300024460;155 637 255;B01;1;0;2;2;1;5;203 793 107;1;1;4;1;1947.0;5;2;0;-1;8;3;2023;10:30;1;91;91514;2;6;2;3;48.67817;2.5271;3;2;2;0;1;1; -1;2;5;1;30;Blessé léger;2
202300024460;155 637 255;B01;1;0;2;2;1;5;203 793 107;1;1;4;1;1947.0;5;2;0;-1;8;3;2023;10:30;1;91;91514;2;6;2;3;48.67817;2.5271;3;2;2;0;1;1; -1;2;0;1;50;Blessé léger;2
202300024467;155 637 236;B01;1;0;2;6;2;5;203 793 082;1;1;4;1;1987.0;5;2;-1;-1;27;5;2023;16:10;1;22;22260;1;1;1;5;48.237465;-2.900058;3;2;2;0;2;1;5,5;1;0;1;80;Blessé léger;5
202300024467;155 637 238;C01;1;0;2;5;2;5;203 793 085;1;1;4;1;1983.0;5;2;-1;-1;27;5;2023;16:10;1;22;22260;1;1;1;5;48.237465;-2.900058;3;2;2;0;2;1;5,5;1;0;1;80;Blessé léger;5
202300024467;155 637 241;A01;10;0;2;2;2;1;203 793 089;1;1;1;1;1937.0;5;1;-1;-1;27;5;2023;16:10;1;22;22260;1;1;1;5;48.237465;-2.900058;3;2;2;0;2;1;5,5;1;0;1;80;Indemne;5
202300024493;155 637 189;A01;1;0;2;7;1;5;203 793 012;1;1;4;1;1986.0;5;2;-1;-1;12;9;2023;12:05;1;84;84119;2;6;1;1;43.956889;4.93085;4;2;2;0;1;1; -1;1;5;1;30;Blessé léger;1
202300024493;155 637 191;B01;10;0;9;1;2;1;203 793 014;1;1;1;1;1967.0;4;1;-1;-1;12;9;2023;12:05;1;84;84119;2;6;1;1;43.956889;4.93085;4;2;2;0;1;1; -1;1;5;1;30;Indemne;1
202300024500;155 637 175;A01;7;0;2;7;1;1;203 792 996;1;1;1;1;2003.0;0;1;8;-1;8;3;2023;10:00;1;67;67482;2;1;1;3;48.582288;7.765292;4;3;6;2;1;1; -1;1;0;1;50;Indemne;2
202300024500;155 637 177;B01;1;0;2;1;11;5;203 792 998;1;1;4;2;2004.0;0;8;7;-1;8;3;2023;10:00;1;67;67482;2;1;1;3;48.582288;7.765292;4;3;6;2;1;1; -1;1;0;1;50;Blessé léger;2
202300024527;155 637 116;A01;1;0;1;1;1;5;203 792 919;1;1;1;2;2004.0;2;8;-1;-1;6;3;2023;13:50;1;51;51454;2;1;1;6;49.24503;4.01696;4;2;2;1;1;1; -1;1;0;5;50;Indemne;0
202300024527;155 637 116;A01;1;0;1;1;1;5;203 792 921;10;3;4;2;1952.0;5;0;-1;-1;6;3;2023;13:50;1;51;51454;2;1;1;6;49.24503;4.01696;4;2;2;1;1;1; -1;1;0;5;50;Blessé léger;0
202300024537;155 637 097;B01;1;0;2;7;1;5;203 792 897;1;1;3;2;1954.0;3;8;0;-1;23;2;2023;17:15;1;73;73011;2;6;1;3;45.66703;6.38151;4;2;2;0;1;1; -1;1;0;1;50;Blessé hospitalisé;3
202300024537;155 637 097;B01;1;0;2;7;1;5;203 792 897;1;1;3;2;1954.0;3;8;0;-1;23;2;2023;17:15;1;73;73011;2;6;1;3;45.66703;6.38151;4;2;2;0;1;2; -1;1;0;1;50;Blessé hospitalisé;3
202300024537;155 637 104;A01;7;0;2;1;1;1;203 792 905;1;1;1;2;1949.0;3;1;0;-1;23;2;2023;17:15;1;73;73011;2;6;1;3;45.66703;6.38151;4;2;2;0;1;1; -1;1;0;1;50;Indemne;3
202300024537;155 637 104;A01;7;0;2;1;1;1;203 792 905;1;1;1;2;1949.0;3;1;0;-1;23;2;2023;17:15;1;73;73011;2;6;1;3;45.66703;6.38151;4;2;2;0;1;2; -1;1;0;1;50;Indemne;3
202300024539;155 637 095;A01;7;0;9;1;15;1;203 792 894;1;1;1;1;1982.0;5;1;-1;-1;20;8;2023;12:15;1;74;74082;1;2;7;1;46.136965;6.161302;3;2;2;0;2;1;4;1;0;1;80;Indemne;6
202300024539;155 637 095;A01;7;0;9;1;15;1;203 792 894;1;1;1;1;1982.0;5;1;-1;-1;20;8;2023;12:15;1;74;74082;1;2;7;1;46.136965;6.161302;3;2; -1;-1;1;1; -1;1;0;1;-1;Indemne;6
202300024539;155 637 095;A01;7;0;9;1;15;1;203 792 895;7;2;1;1;2018.0;5;1;3;-1;20;8;2023;12:15;1;74;74082;1;2;7;1;46.136965;6.161302;3;2;2;0;2;1;4;1;0;1;80;Indemne;6
202300024539;155 637 095;A01;7;0;9;1;15;1;203 792 895;7;2;1;1;2018.0;5;1;3;-1;20;8;2023;12:15;1;74;74082;1;2;7;1;46.136965;6.161302;3;2; -1;-1;1;1; -1;1;0;1;-1;Indemne;6
202300024539;155 637 095;A01;7;0;9;1;15;1;203 792 898;9;2;1;2;1983.0;5;1;-1;-1;20;8;2023;12:15;1;74;74082;1;2;7;1;46.136965;6.161302;3;2;2;0;2;1;4;1;0;1;80;Indemne;6
202300024539;155 637 095;A01;7;0;9;1;15;1;203 792 898;9;2;1;2;1983.0;5;1;-1;-1;20;8;2023;12:15;1;74;74082;1;2;7;1;46.136965;6.161302;3;2; -1;-1;1;1; -1;1;0;1;-1;Indemne;6
202300024539;155 637 100;B01;1;0;2;1;1;5;203 792 903;1;1;4;1;1972.0;5;2;-1;-1;20;8;2023;12:15;1;74;74082;1;2;7;1;46.136965;6.161302;3;2;2;0;2;1;4;1;0;1;80;Blessé léger;6
202300024539;155 637 100;B01;1;0;2;1;1;5;203 792 903;1;1;4;1;1972.0;5;2;-1;-1;20;8;2023;12:15;1;74;74082;1;2;7;1;46.136965;6.161302;3;2; -1;-1;1;1; -1;1;0;1;-1;Blessé léger;6
202300024545;155 637 082;A01;7;0;2;3;15;1;203 792 878;1;1;1;2;1930.0;0;8;-1;-1;26;5;2023;14:00;1;69;69386;2;2;1;1;45.7711;4.8485;4;1;1;2;1;1; -1;1;0;1;30;Indemne;4
202300024545;155 637 082;A01;7;0;2;3;15;1;203 792 878;1;1;1;2;1930.0;0;8;-1;-1;26;5;2023;14:00;1;69;69386;2;2;1;1;45.7711;4.8485;4;1;1;2;1;1; -1;1;0;5;30;Indemne;4
202300024545;155 637 084;B01;1;0;2;3;23;0;203 792 882;1;1;4;1;1969.0;9;2;-1;-1;26;5;2023;14:00;1;69;69386;2;2;1;1;45.7711;4.8485;4;1;1;2;1;1; -1;1;0;1;30;Blessé léger;4
202300024545;155 637 084;B01;1;0;2;3;23;0;203 792 882;1;1;4;1;1969.0;9;2;-1;-1;26;5;2023;14:00;1;69;69386;2;2;1;1;45.7711;4.8485;4;1;1;2;1;1; -1;1;0;5;30;Blessé léger;4
202300024549;155 637 074;A01;7;0;2;7;19;1;203 792 870;1;1;1;1;1966.0;5;8;0;-1;8;3;2023;15:40;1;38;38185;2;1;8;3;45.17147;5.72414;4;2;5;2;1;1; -1;2;0;5;50;Indemne;2
202300024549;155 637 077;B01;1;0;2;1;1;5;203 792 873;1;1;4;1;1964.0;1;8;0;-1;8;3;2023;15:40;1;38;38185;2;1;8;3;45.17147;5.72414;4;2;5;2;1;1; -1;2;0;5;50;Blessé léger;2
202300024554;155 637 065;A01;1;0;0;0;0;5;203 792 861;1;1;3;2;1975.0;5;2;-1;-1;2;8;2023;09:30;1;74;74033;1;1;1;7;46.352378;6.638939;4;2;2;0;2;1;5,5;1;0;1;80;Blessé hospitalisé;2
202300024577;155 637 023;A01;7;0;2;3;9;1;203 792 820;1;1;1;1;1945.0;3;1;0;-1;8;3;2023;15:20;1;31;31483;2;6;1;3;43.09522;0.7365;3;1;2;0;1;3; -1;1;0;1;50;Indemne;2
202300024577;155 637 023;A01;7;0;2;3;9;1;203 792 820;1;1;1;1;1945.0;3;1;0;-1;8;3;2023;15:20;1;31;31483;2;6;1;3;43.09522;0.7365;3;2;2;0;1;3; -1;1;0;1;90;Indemne;2