Num_Acc;id_vehicule;num_veh;catv;obs;obsm;choc;manv;motor;id_usager;place;catu;grav;sexe;an_nais;trajet;secu1;secu2;secu3;jour;mois;an;hrmn;lum;dep;com;agg;int;atm;col;lat;long;catr;circ;nbv;vosp;prof;plan;larrout;surf;infra;situ;vma;gravity;day_of_week
202300024577;155 637 034;B01;1;0;2;2;1;5;203 792 822;1;1;4;1;1958.0;5;2;0;-1;8;3;2023;15:20;1;31;31483;2;6;1;3;43.09522;0.7365;3;1;2;0;1;3; -1;1;0;1;50;Blessé léger;2
202300024577;155 637 034;B01;1;0;2;2;1;5;203 792 822;1;1;4;1;1958.0;5;2;0;-1;8;3;2023;15:20;1;31;31483;2;6;1;3;43.09522;0.7365;3;2;2;0;1;3; -1;1;0;1;90;Blessé léger;2
202300024588;155 637 001;B01;37;0;0;6;0;1;203 792 778;1;1;1;1;1979.0;4;1;0;-1;26;5;2023;15:55;1;86;86194;2;1;1;7;46.592153;0.348008;3;2;2;0;1;1; -1;1;0;1;50;Indemne;4
202300024588;155 637 002;C01;1;0;2;1;1;5;203 792 779;1;1;4;1;2003.0;0;0;0;-1;26;5;2023;15:55;1;86;86194;2;1;1;7;46.592153;0.348008;3;2;2;0;1;1; -1;1;0;1;50;Blessé léger;4
202300024588;155 637 004;A01;7;0;0;2;1;1;203 792 782;1;1;4;2;1989.0;0;1;0;-1;26;5;2023;15:55;1;86;86194;2;1;1;7;46.592153;0.348008;3;2;2;0;1;1; -1;1;0;1;50;Blessé léger;4
202300024591;155 636 995;B01;1;0;2;8;13;5;203 792 771;1;1;2;2;1950.0;5;2;8;-1;26;5;2023;13:50;1;83;83137;2;1;1;3;43.1283;5.90052;4;1;2;0;1;1; -1;1;0;1;30;Tué;4
202300024591;155 636 996;A01;17;0;9;7;1;1;203 792 772;1;1;1;1;1949.0;4;1;-1;-1;26;5;2023;13:50;1;83;83137;2;1;1;3;43.1283;5.90052;4;1;2;0;1;1; -1;1;0;1;30;Indemne;4
202300024608;155 636 965;A01;7;0;2;3;15;1;203 792 736;1;1;1;1;1962.0;5;1;8;-1;19;4;2023;15:55;1;62;62765;2;3;1;3;50.75952;2.27916;3;2;2;0;1;1; -1;1;0;1;50;Indemne;2
202300024608;155 636 965;A01;7;0;2;3;15;1;203 792 736;1;1;1;1;1962.0;5;1;8;-1;19;4;2023;15:55;1;62;62765;2;3;1;3;50.75952;2.27916;3;1; -1;0;1;1; -1;1;0;1;-1;Indemne;2
202300024608;155 636 967;B01;1;0;2;1;1;5;203 792 738;1;1;4;1;1955.0;5;2;8;-1;19;4;2023;15:55;1;62;62765;2;3;1;3;50.75952;2.27916;3;2;2;0;1;1; -1;1;0;1;50;Blessé léger;2
202300024608;155 636 967;B01;1;0;2;1;1;5;203 792 738;1;1;4;1;1955.0;5;2;8;-1;19;4;2023;15:55;1;62;62765;2;3;1;3;50.75952;2.27916;3;1; -1;0;1;1; -1;1;0;1;-1;Blessé léger;2
202300024609;155 636 964;A01;7;0;2;2;15;1;203 792 735;1;1;1;1;1972.0;1;1;-1;-1;14;11;2023;18:20;5;69;69388;2;2;2;1;45.72685111;4.88542132;4;2;2;2;1;1; -1;2;0;5;30;Indemne;1
202300024609;155 636 964;A01;7;0;2;2;15;1;203 792 735;1;1;1;1;1972.0;1;1;-1;-1;14;11;2023;18:20;5;69;69388;2;2;2;1;45.72685111;4.88542132;4;1;1;0;1;1; -1;2;0;1;30;Indemne;1
202300024609;155 636 966;B01;1;0;2;1;1;5;203 792 737;1;1;4;1;1989.0;9;2;4;-1;14;11;2023;18:20;5;69;69388;2;2;2;1;45.72685111;4.88542132;4;2;2;2;1;1; -1;2;0;5;30;Blessé léger;1
202300024609;155 636 966;B01;1;0;2;1;1;5;203 792 737;1;1;4;1;1989.0;9;2;4;-1;14;11;2023;18:20;5;69;69388;2;2;2;1;45.72685111;4.88542132;4;1;1;0;1;1; -1;2;0;1;30;Blessé léger;1
202300024612;155 636 958;B01;1;0;2;8;1;5;203 792 726;1;1;4;1;2007.0;5;2;-1;-1;11;7;2023;08:45;1;74;74173;2;9;1;6;45.859913;6.630614;3;2;2;0;2;1; -1;1;0;1;50;Blessé léger;1
202300024612;155 636 959;A01;7;0;9;2;15;1;203 792 727;1;1;1;1;2002.0;4;1;-1;-1;11;7;2023;08:45;1;74;74173;2;9;1;6;45.859913;6.630614;3;2;2;0;2;1; -1;1;0;1;50;Indemne;1
202300024627;155 636 933;Z01;1;0;1;1;1;5;203 792 688;10;3;4;2;1947.0;3;0;-1;-1;11;9;2023;14:05;1;75;75119;2;4;1;6;48.890509;2.383128;4;1; -1;-1;1;1; -1;1;0;5;30;Blessé léger;0
202300024627;155 636 933;Z01;1;0;1;1;1;5;203 792 688;10;3;4;2;1947.0;3;0;-1;-1;11;9;2023;14:05;1;75;75119;2;4;1;6;48.890509;2.383128;4;1;1;1;1;1; -1;1;0;5;30;Blessé léger;0
202300024634;155 636 920;Z01;1;0;2;4;1;5;203 792 673;1;1;4;1;1970.0;5;8;0;-1;11;9;2023;12:00;1;75;75118;2;4;1;2;48.887075;2.347543;4;1; -1;-1;-1;1; -1;1;0;1;30;Blessé léger;0
202300024634;155 636 920;Z01;1;0;2;4;1;5;203 792 673;1;1;4;1;1970.0;5;8;0;-1;11;9;2023;12:00;1;75;75118;2;4;1;2;48.887075;2.347543;4;1;1;0;1;1; -1;1;0;1;50;Blessé léger;0
202300024634;155 636 921;A01;10;0;2;1;1;1;203 792 674;1;1;1;1;1953.0;5;1;0;-1;11;9;2023;12:00;1;75;75118;2;4;1;2;48.887075;2.347543;4;1; -1;-1;-1;1; -1;1;0;1;30;Indemne;0
202300024634;155 636 921;A01;10;0;2;1;1;1;203 792 674;1;1;1;1;1953.0;5;1;0;-1;11;9;2023;12:00;1;75;75118;2;4;1;2;48.887075;2.347543;4;1;1;0;1;1; -1;1;0;1;50;Indemne;0
202300024640;155 636 910;A01;1;0;2;4;9;5;203 792 660;1;1;4;2;1975.0;3;8;-1;-1;19;12;2023;20:25;5;69;69275;2;1;1;2;45.74807;4.93773;4;2;2;0;1;1; -1;1;0;1;50;Blessé léger;1
202300024640;155 636 911;B01;7;0;2;1;1;1;203 792 661;1;1;1;1;1998.0;1;1;-1;-1;19;12;2023;20:25;5;69;69275;2;1;1;2;45.74807;4.93773;4;2;2;0;1;1; -1;1;0;1;50;Indemne;1
202300024649;155 636 896;B01;1;0;0;0;18;5;203 792 633;1;1;4;1;1970.0;1;8;0;-1;11;9;2023;08:15;1;75;75109;2;1;1;7;48.879372;2.331427;4;1;0;0;1;1; -1;1;0;1;30;Blessé léger;0
202300024651;155 636 891;A01;1;12;0;1;25;5;203 792 628;1;1;4;2;2003.0;5;8;0;-1;10;9;2023;23:45;5;75;75109;2;3;1;6;48.871482;2.34308;4;2;4;1;1;1; -1;1;0;5;30;Blessé léger;6
202300024651;155 636 891;A01;1;12;0;1;25;5;203 792 628;1;1;4;2;2003.0;5;8;0;-1;10;9;2023;23:45;5;75;75109;2;3;1;6;48.871482;2.34308;4;-1; -1;-1;1;1; -1;1;0;5;30;Blessé léger;6
202300024655;155 636 885;B01;1;1;0;7;2;5;203 792 622;1;1;4;2;1977.0;5;8;0;-1;11;9;2023;18:41;1;75;75107;2;1;1;3;48.855235;2.294549;4;2;2;0;1;1; -1;1;0;1;30;Blessé léger;0
202300024655;155 636 886;A01;7;0;2;8;20;1;203 792 623;1;1;1;1;1997.0;5;8;0;-1;11;9;2023;18:41;1;75;75107;2;1;1;3;48.855235;2.294549;4;2;2;0;1;1; -1;1;0;1;30;Indemne;0
202300024658;155 636 881;A01;7;0;2;8;22;2;203 792 616;4;2;1;1;1970.0;5;8;0;-1;11;9;2023;16:50;1;75;75101;2;1;1;3;48.864391;2.344157;4;1;2;1;1;1; -1;1;0;1;30;Indemne;0
202300024658;155 636 881;A01;7;0;2;8;22;2;203 792 617;1;1;1;1;1964.0;4;1;0;-1;11;9;2023;16:50;1;75;75101;2;1;1;3;48.864391;2.344157;4;1;2;1;1;1; -1;1;0;1;30;Indemne;0
202300024658;155 636 882;B01;1;0;2;1;17;5;203 792 618;1;1;4;1;2003.0;5;8;0;-1;11;9;2023;16:50;1;75;75101;2;1;1;3;48.864391;2.344157;4;1;2;1;1;1; -1;1;0;1;30;Blessé léger;0
202300024662;155 636 876;A01;80;12;0;0;20;3;203 792 610;1;1;3;2;1979.0;5;2;0;-1;2;10;2023;12:19;1;87;87085;2;1;1;7;45.8359;1.26952;4;2;2;0;1;1; -1;1;0;4;50;Blessé hospitalisé;0
202300024674;155 636 854;B01;7;0;2;7;1;1;203 792 581;1;1;1;2;1993.0;0;1;0;-1;13;11;2023;19:15;2;84;84007;2;1;1;3;43.95079;4.80222;4;-1;2;0;2;2; -1;1;2;1;50;Indemne;0
202300024674;155 636 856;A01;1;0;2;1;19;5;203 792 583;1;1;4;1;1974.0;0;8;0;-1;13;11;2023;19:15;2;84;84007;2;1;1;3;43.95079;4.80222;4;-1;2;0;2;2; -1;1;2;1;50;Blessé léger;0
202300024675;155 636 853;B01;1;0;2;4;1;5;203 792 580;1;1;4;1;1984.0;5;8;0;-1;18;8;2023;00:15;5;93;93070;2;1;1;2;48.91670273;2.32610534;3;2;3;0;1;1; -1;1;0;1;50;Blessé léger;4
202300024680;155 636 843;B01;1;0;2;2;1;5;203 792 563;1;1;3;1;1946.0;0;8;0;-1;12;11;2023;10:37;1;84;84007;2;6;1;3;43.93933;4.82126;4;2;2;0;1;1; -1;1;5;1;50;Blessé hospitalisé;6
202300024680;155 636 843;B01;1;0;2;2;1;5;203 792 563;1;1;3;1;1946.0;0;8;0;-1;12;11;2023;10:37;1;84;84007;2;6;1;3;43.93933;4.82126;4;2;2;0;1;1; -1;1;5;1;50;Blessé hospitalisé;6
202300024680;155 636 846;A01;7;0;2;1;19;1;203 792 567;1;1;1;2;1968.0;0;1;0;-1;12;11;2023;10:37;1;84;84007;2;6;1;3;43.93933;4.82126;4;2;2;0;1;1; -1;1;5;1;50;Indemne;6
202300024680;155 636 846;A01;7;0;2;1;19;1;203 792 567;1;1;1;2;1968.0;0;1;0;-1;12;11;2023;10:37;1;84;84007;2;6;1;3;43.93933;4.82126;4;2;2;0;1;1; -1;1;5;1;50;Indemne;6
202300024689;155 636 830;B01;1;0;2;0;0;5;203 792 544;1;1;4;1;2011.0;2;8;0;-1;19;12;2023;08:00;2;49;49007;2;1;1;3;47.4731;-0.60237;4;2;2;0;1;1; -1;1;0;1;50;Blessé léger;1
202300024689;155 636 831;A01;7;0;2;0;1;1;203 792 547;1;1;1;2;1971.0;0;1;0;-1;19;12;2023;08:00;2;49;49007;2;1;1;3;47.4731;-0.60237;4;2;2;0;1;1; -1;1;0;1;50;Indemne;1
202300024729;155 636 756;A01;7;0;2;1;2;1;203 792 443;1;1;1;1;1994.0;0;1;-1;-1;14;11;2023;17:50;5;69;69256;2;1;2;3;45.74836704;4.92028606;7;2;2;3;1;1;14;2;0;1;50;Indemne;1
202300024729;155 636 758;B01;1;0;2;8;11;5;203 792 445;1;1;4;1;1993.0;1;8;-1;-1;14;11;2023;17:50;5;69;69256;2;1;2;3;45.74836704;4.92028606;7;2;2;3;1;1;14;2;0;1;50;Blessé léger;1
202300024749;155 636 723;A01;7;0;9;2;1;1;203 792 396;1;1;1;1;1970.0;1;1;-1;-1;13;11;2023;07:40;2;63;63300;1;9;1;3;45.90778;3.09437;3;2;2;-1;1;1; -1;2;0;1;-1;Indemne;0
202300024749;155 636 723;A01;7;0;9;2;1;1;203 792 396;1;1;1;1;1970.0;1;1;-1;-1;13;11;2023;07:40;2;63;63300;1;9;1;3;45.90778;3.09437;3;2;2;2;2;3;5,5;2;0;1;70;Indemne;0
202300024749;155 636 727;B01;1;0;2;2;1;5;203 792 400;1;1;4;1;1997.0;1;8;-1;-1;13;11;2023;07:40;2;63;63300;1;9;1;3;45.90778;3.09437;3;2;2;-1;1;1; -1;2;0;1;-1;Blessé léger;0
202300024749;155 636 727;B01;1;0;2;2;1;5;203 792 400;1;1;4;1;1997.0;1;8;-1;-1;13;11;2023;07:40;2;63;63300;1;9;1;3;45.90778;3.09437;3;2;2;2;2;3;5,5;2;0;1;70;Blessé léger;0
202300024751;155 636 721;A01;1;15;0;1;25;5;203 792 394;1;1;4;2;1998.0;5;8;0;-1;19;12;2023;15:30;1;10;10387;2;1;1;7;48.29423;4.07262;4;1;1;0;1;1; -1;1;9;4;50;Blessé léger;1
202300024768;155 636 697;B01;1;0;2;8;1;5;203 792 362;1;1;4;1;1982.0;0;2;0;-1;13;11;2023;18:40;5;56;56121;2;6;8;3;47.7478;-3.36494;4;4;2;3;1;1; -1;2;5;6;30;Blessé léger;0
202300024768;155 636 697;B01;1;0;2;8;1;5;203 792 362;1;1;4;1;1982.0;0;2;0;-1;13;11;2023;18:40;5;56;56121;2;6;8;3;47.7478;-3.36494;4;1;1;0;1;1; -1;2;5;6;30;Blessé léger;0
202300024768;155 636 699;A01;7;0;2;1;9;1;203 792 364;1;1;1;1;1948.0;0;1;8;-1;13;11;2023;18:40;5;56;56121;2;6;8;3;47.7478;-3.36494;4;4;2;3;1;1; -1;2;5;6;30;Indemne;0
202300024768;155 636 699;A01;7;0;2;1;9;1;203 792 364;1;1;1;1;1948.0;0;1;8;-1;13;11;2023;18:40;5;56;56121;2;6;8;3;47.7478;-3.36494;4;1;1;0;1;1; -1;2;5;6;30;Indemne;0
202300024771;155 636 693;B01;1;0;2;0;0;5;203 792 356;1;1;4;2;2001.0;0;8;0;-1;14;11;2023;18:50;5;54;54395;2;1;2;3;48.68841;6.17341;4;1;2;2;1;1; -1;2;0;1;50;Blessé léger;1
202300024771;155 636 695;A01;1;0;2;0;0;5;203 792 360;1;1;4;1;1972.0;0;8;0;-1;14;11;2023;18:50;5;54;54395;2;1;2;3;48.68841;6.17341;4;1;2;2;1;1; -1;2;0;1;50;Blessé léger;1
202300024776;155 636 683;A01;7;0;2;1;16;1;203 792 342;1;1;1;1;1988.0;5;8;8;-1;19;12;2023;19:35;5;75;75106;2;1;2;3;48.845231;2.325217;4;2;4;0;1;1; -1;2;0;1;30;Indemne;1
202300024776;155 636 686;B01;1;0;2;8;1;5;203 792 345;1;1;4;1;1960.0;5;8;8;-1;19;12;2023;19:35;5;75;75106;2;1;2;3;48.845231;2.325217;4;2;4;0;1;1; -1;2;0;1;30;Blessé léger;1
202300024786;155 636 668;B01;1;0;2;1;1;5;203 792 323;1;1;4;1;2002.0;0;8;0;-1;14;11;2023;08:00;2;51;51454;2;2;8;3;49.265166;4.028963;4;1;3;1;2;1; -1;2;9;1;30;Blessé léger;1
202300024786;155 636 668;B01;1;0;2;1;1;5;203 792 323;1;1;4;1;2002.0;0;8;0;-1;14;11;2023;08:00;2;51;51454;2;2;8;3;49.265166;4.028963;4;1; -1;-1;1;1; -1;2;-1;1;-1;Blessé léger;1
202300024786;155 636 670;A01;7;0;2;1;9;1;203 792 325;1;1;1;1;1982.0;0;1;8;-1;14;11;2023;08:00;2;51;51454;2;2;8;3;49.265166;4.028963;4;1;3;1;2;1; -1;2;9;1;30;Indemne;1
202300024786;155 636 670;A01;7;0;2;1;9;1;203 792 325;1;1;1;1;1982.0;0;1;8;-1;14;11;2023;08:00;2;51;51454;2;2;8;3;49.265166;4.028963;4;1; -1;-1;1;1; -1;2;-1;1;-1;Indemne;1
202300024794;155 636 650;C01;1;0;2;1;1;5;203 792 303;1;1;4;2;1995.0;9;8;0;-1;19;12;2023;12:35;1;75;75115;2;1;1;5;48.840469;2.290751;4;2;2;0;1;1; -1;1;0;1;30;Blessé léger;1
202300024794;155 636 652;A01;7;0;2;2;9;3;203 792 305;1;1;1;2;1973.0;9;1;0;-1;19;12;2023;12:35;1;75;75115;2;1;1;5;48.840469;2.290751;4;2;2;0;1;1; -1;1;0;1;30;Indemne;1
202300024794;155 636 654;B01;33;0;2;1;1;1;203 792 308;1;1;4;1;1970.0;9;2;0;-1;19;12;2023;12:35;1;75;75115;2;1;1;5;48.840469;2.290751;4;2;2;0;1;1; -1;1;0;1;30;Blessé léger;1
202300024799;155 636 644;B01;1;0;2;1;1;5;203 792 295;1;1;4;1;2003.0;5;2;0;-1;19;12;2023;12:05;1;75;75115;2;3;1;3;48.848528;2.282858;4;2; -1;-1;1;1; -1;1;0;5;-1;Blessé léger;1
202300024799;155 636 644;B01;1;0;2;1;1;5;203 792 295;1;1;4;1;2003.0;5;2;0;-1;19;12;2023;12:05;1;75;75115;2;3;1;3;48.848528;2.282858;4;2;4;1;1;1; -1;1;0;5;30;Blessé léger;1
202300024799;155 636 646;A01;7;0;2;5;16;1;203 792 297;1;1;1;2;1959.0;5;1;0;-1;19;12;2023;12:05;1;75;75115;2;3;1;3;48.848528;2.282858;4;2; -1;-1;1;1; -1;1;0;5;-1;Indemne;1
202300024799;155 636 646;A01;7;0;2;5;16;1;203 792 297;1;1;1;2;1959.0;5;1;0;-1;19;12;2023;12:05;1;75;75115;2;3;1;3;48.848528;2.282858;4;2;4;1;1;1; -1;1;0;5;30;Indemne;1
202300024820;155 636 608;A01;7;0;2;7;19;1;203 792 239;1;1;1;2;1972.0;1;1;-1;-1;11;9;2023;16:30;1;86;86294;2;2;1;3;46.638956;0.165511;3;2;1;0;1;1;3;1;0;1;50;Indemne;0
202300024820;155 636 608;A01;7;0;2;7;19;1;203 792 239;1;1;1;2;1972.0;1;1;-1;-1;11;9;2023;16:30;1;86;86294;2;2;1;3;46.638956;0.165511;3;2;1;0;1;1; -1;1;0;1;50;Indemne;0
202300024820;155 636 610;B01;1;0;2;8;1;5;203 792 245;1;1;4;1;1965.0;5;2;-1;-1;11;9;2023;16:30;1;86;86294;2;2;1;3;46.638956;0.165511;3;2;1;0;1;1;3;1;0;1;50;Blessé léger;0
202300024820;155 636 610;B01;1;0;2;8;1;5;203 792 245;1;1;4;1;1965.0;5;2;-1;-1;11;9;2023;16:30;1;86;86294;2;2;1;3;46.638956;0.165511;3;2;1;0;1;1; -1;1;0;1;50;Blessé léger;0
202300024827;155 636 600;A01;1;0;0;8;2;5;203 792 226;1;1;3;2;1951.0;5;0;-1;-1;11;9;2023;19:50;2;60;60015;2;6;1;7;49.3255;2.32547;3;-1;2;0;1;2;5,5;1;0;8;50;Blessé hospitalisé;0
202300024837;155 636 585;A01;7;0;9;3;1;1;203 792 205;1;1;1;1;1980.0;4;1;-1;-1;11;9;2023;13:45;1;59;59034;2;1;1;3;50.522919;3.087091;3;2;2;0;1;1;7;1;0;1;30;Indemne;0
202300024837;155 636 586;B01;1;0;2;6;1;5;203 792 206;1;1;3;1;1960.0;5;2;-1;-1;11;9;2023;13:45;1;59;59034;2;1;1;3;50.522919;3.087091;3;2;2;0;1;1;7;1;0;1;30;Blessé hospitalisé;0
202300024841;155 636 576;B01;1;0;2;7;1;5;203 792 195;1;1;4;1;1983.0;0;8;0;-1;19;12;2023;08:45;1;92;92046;2;1;8;6;48.8182168;2.30856478;3;2;4;2;1;1;12;1;0;1;50;Blessé léger;1
202300024841;155 636 579;A01;10;0;9;1;15;1;203 792 197;1;1;1;1;1993.0;1;1;0;-1;19;12;2023;08:45;1;92;92046;2;1;8;6;48.8182168;2.30856478;3;2;4;2;1;1;12;1;0;1;50;Indemne;1
202300024851;155 636 560;B01;1;0;2;0;1;5;203 792 176;1;1;4;1;1952.0;5;2;-1;-1;14;11;2023;19:02;2;33;33281;2;6;2;3;44.84340713;-0.63200891;4;2;2;0;1;2; -1;2;0;1;50;Blessé léger;1
202300024851;155 636 560;B01;1;0;2;0;1;5;203 792 176;1;1;4;1;1952.0;5;2;-1;-1;14;11;2023;19:02;2;33;33281;2;6;2;3;44.84340713;-0.63200891;4;3;2;0;1;2; -1;2;0;1;50;Blessé léger;1
202300024851;155 636 562;A01;7;0;2;8;9;2;203 792 179;1;1;1;1;1972.0;5;1;-1;-1;14;11;2023;19:02;2;33;33281;2;6;2;3;44.84340713;-0.63200891;4;2;2;0;1;2; -1;2;0;1;50;Indemne;1
202300024851;155 636 562;A01;7;0;2;8;9;2;203 792 179;1;1;1;1;1972.0;5;1;-1;-1;14;11;2023;19:02;2;33;33281;2;6;2;3;44.84340713;-0.63200891;4;3;2;0;1;2; -1;2;0;1;50;Indemne;1
202300024858;155 636 548;A01;1;0;2;3;13;5;203 792 162;1;1;4;1;1945.0;5;2;6;-1;14;11;2023;10:00;1;33;33529;2;1;1;3;44.647369;-1.156134;3;2;2;0;1;1; -1;2;0;1;50;Blessé léger;1
202300024858;155 636 549;B01;2;0;2;1;1;1;203 792 164;2;2;4;1;2006.0;2;2;6;-1;14;11;2023;10:00;1;33;33529;2;1;1;3;44.647369;-1.156134;3;2;2;0;1;1; -1;2;0;1;50;Blessé léger;1
202300024858;155 636 549;B01;2;0;2;1;1;1;203 792 166;1;1;1;2;2006.0;2;2;6;-1;14;11;2023;10:00;1;33;33529;2;1;1;3;44.647369;-1.156134;3;2;2;0;1;1; -1;2;0;1;50;Indemne;1
202300024862;155 636 541;A01;7;0;2;3;26;1;203 792 153;1;1;1;1;1967.0;4;1;0;-1;13;11;2023;22:20;5;29;29019;2;6;1;3;48.398138;-4.489019;4;1;3;0;2;2; -1;1;8;1;50;Indemne;0
202300024862;155 636 541;A01;7;0;2;3;26;1;203 792 153;1;1;1;1;1967.0;4;1;0;-1;13;11;2023;22:20;5;29;29019;2;6;1;3;48.398138;-4.489019;4;2;4;3;1;1; -1;1;1;1;50;Indemne;0
202300024862;155 636 545;B01;1;0;2;1;26;5;203 792 158;1;1;4;1;2004.0;0;0;-1;-1;13;11;2023;22:20;5;29;29019;2;6;1;3;48.398138;-4.489019;4;1;3;0;2;2; -1;1;8;1;50;Blessé léger;0
202300024862;155 636 545;B01;1;0;2;1;26;5;203 792 158;1;1;4;1;2004.0;0;0;-1;-1;13;11;2023;22:20;5;29;29019;2;6;1;3;48.398138;-4.489019;4;2;4;3;1;1; -1;1;1;1;50;Blessé léger;0
202300024865;155 636 536;A01;7;0;2;2;19;1;203 792 147;1;1;1;2;1968.0;9;1;0;-1;13;11;2023;07:40;5;29;29019;2;8;3;3;48.388969;-4.514887;4;2;2;1;1;1; -1;2;4;1;30;Indemne;0
202300024865;155 636 538;B01;1;0;2;1;1;5;203 792 149;1;1;3;1;2005.0;2;2;0;-1;13;11;2023;07:40;5;29;29019;2;8;3;3;48.388969;-4.514887;4;2;2;1;1;1; -1;2;4;1;30;Blessé hospitalisé;0
202300024874;155 636 515;A01;1;0;0;0;0;5;203 792 120;1;1;2;1;1959.0;5;2;-1;-1;28;6;2023;17:54;1;74;74010;1;1;1;7;45.959601;6.118473;4;2;2;0;2;3; -1;1;0;1;50;Tué;2
202300024888;155 636 488;A01;1;0;2;7;1;5;203 792 090;1;1;4;1;1990.0;0;8;0;-1;9;11;2023;18:25;3;17;17306;2;9;2;3;45.63186;-1.03194;4;3;2;0;2;1; -1;2;5;1;50;Blessé léger;3
202300024888;155 636 491;B01;7;0;9;7;12;1;203 792 093;1;1;1;2;1948.0;0;1;0;-1;9;11;2023;18:25;3;17;17306;2;9;2;3;45.63186;-1.03194;4;3;2;0;2;1; -1;2;5;1;50;Indemne;3
202300024898;155 636 473;A01;33;0;9;2;17;0;203 792 068;1;1;3;1;1979.0;5;2;-1;-1;17;6;2023;11:53;1;74;74136;1;1;1;1;45.9762;6.465095;3;2;2;0;2;2;5,5;1;0;1;80;Blessé hospitalisé;5
202300024898;155 636 474;B01;1;0;2;3;1;5;203 792 072;1;1;3;1;1990.0;5;2;-1;-1;17;6;2023;11:53;1;74;74136;1;1;1;1;45.9762;6.465095;3;2;2;0;2;2;5,5;1;0;1;80;Blessé hospitalisé;5
202300024902;155 636 466;A01;7;0;9;1;1;1;203 792 063;1;1;1;1;1992.0;5;1;-1;-1;12;6;2023;10:40;1;74;74147;2;9;1;3;45.791445;6.213316;3;2;2;1;1;1;4;1;0;1;50;Indemne;0
202300024902;155 636 468;B01;1;0;2;8;9;5;203 792 064;1;1;3;1;1940.0;5;2;-1;-1;12;6;2023;10:40;1;74;74147;2;9;1;3;45.791445;6.213316;3;2;2;1;1;1;4;1;0;1;50;Blessé hospitalisé;0
202300024919;155 636 439;B01;1;13;0;6;13;5;203 792 030;1;1;3;1;1938.0;3;0;-1;-1;19;12;2023;11:15;1;71;71240;1;1;8;2;46.410745;4.658504;3;2;2;0;1;1;7;1;0;1;80;Blessé hospitalisé;1
202300024919;155 636 445;A01;10;0;2;2;1;1;203 792 036;1;1;1;1;1930.0;5;1;-1;-1;19;12;2023;11:15;1;71;71240;1;1;8;2;46.410745;4.658504;3;2;2;0;1;1;7;1;0;1;80;Indemne;1
202300024929;155 636 415;A01;10;0;2;2;26;1;203 791 997;1;1;1;1;1988.0;0;1;-1;-1;10;9;2023;17:00;1;69;69266;2;4;1;4;45.76607;4.90163;4;1;1;2;1;2; -1;1;0;1;30;Indemne;6
202300024929;155 636 415;A01;10;0;2;2;26;1;203 791 997;1;1;1;1;1988.0;0;1;-1;-1;10;9;2023;17:00;1;69;69266;2;4;1;4;45.76607;4.90163;4;1;2;2;1;1; -1;1;0;1;30;Indemne;6
202300024929;155 636 416;B01;1;0;2;1;0;0;203 791 998;1;1;4;2;1981.0;0;8;-1;-1;10;9;2023;17:00;1;69;69266;2;4;1;4;45.76607;4.90163;4;1;1;2;1;2; -1;1;0;1;30;Blessé léger;6
202300024929;155 636 416;B01;1;0;2;1;0;0;203 791 998;1;1;4;2;1981.0;0;8;-1;-1;10;9;2023;17:00;1;69;69266;2;4;1;4;45.76607;4.90163;4;1;2;2;1;1; -1;1;0;1;30;Blessé léger;6
202300024929;155 636 417;C01;10;0;2;4;0;1;203 791 999;1;1;1;1;1986.0;0;1;-1;-1;10;9;2023;17:00;1;69;69266;2;4;1;4;45.76607;4.90163;4;1;1;2;1;2; -1;1;0;1;30;Indemne;6
202300024929;155 636 417;C01;10;0;2;4;0;1;203 791 999;1;1;1;1;1986.0;0;1;-1;-1;10;9;2023;17:00;1;69;69266;2;4;1;4;45.76607;4.90163;4;1;2;2;1;1; -1;1;0;1;30;Indemne;6
202300024946;155 636 378;A01;1;0;2;8;13;5;203 791 953;1;1;3;2;1959.0;5;8;0;-1;4;9;2023;15:00;1;44;44055;2;1;1;3;47.28092;-2.38372;4;3;4;1;1;1; -1;1;0;1;50;Blessé hospitalisé;0
202300024946;155 636 379;B01;99;0;2;7;1;1;203 791 954;1;1;1;2;1985.0;4;8;0;-1;4;9;2023;15:00;1;44;44055;2;1;1;3;47.28092;-2.38372;4;3;4;1;1;1; -1;1;0;1;50;Indemne;0
202300024956;155 636 360;B01;7;0;2;5;2;1;203 791 921;1;1;1;1;1985.0;1;1;-1;-1;20;12;2023;13:50;1;29;29005;1;1;2;2;47.84847512;-3.62487573;3;2;2;0;2;2;7;2;0;1;80;Indemne;2
202300024956;155 636 361;A01;1;0;2;4;2;5;203 791 922;1;1;2;1;1956.0;5;2;-1;-1;20;12;2023;13:50;1;29;29005;1;1;2;2;47.84847512;-3.62487573;3;2;2;0;2;2;7;2;0;1;80;Tué;2
202300024992;155 636 289;A01;7;0;2;0;15;3;203 791 836;1;1;1;1;1971.0;1;1;-1;-1;18;12;2023;08:00;2;69;69383;2;2;8;3;45.7529;4.85358;4;1;2;2;1;1; -1;1;0;5;50;Indemne;0
202300024992;155 636 289;A01;7;0;2;0;15;3;203 791 836;1;1;1;1;1971.0;1;1;-1;-1;18;12;2023;08:00;2;69;69383;2;2;8;3;45.7529;4.85358;4;2;2;0;1;1; -1;1;0;1;50;Indemne;0