Num_Acc;id_vehicule;num_veh;catv;obs;obsm;choc;manv;motor;id_usager;place;catu;grav;sexe;an_nais;trajet;secu1;secu2;secu3;jour;mois;an;hrmn;lum;dep;com;agg;int;atm;col;lat;long;catr;circ;nbv;vosp;prof;plan;larrout;surf;infra;situ;vma;gravity;day_of_week
202300024992;155 636 290;B01;1;12;2;1;21;5;203 791 837;1;1;4;1;1996.0;0;8;-1;-1;18;12;2023;08:00;2;69;69383;2;2;8;3;45.7529;4.85358;4;1;2;2;1;1; -1;1;0;5;50;Blessé léger;0
202300024992;155 636 290;B01;1;12;2;1;21;5;203 791 837;1;1;4;1;1996.0;0;8;-1;-1;18;12;2023;08:00;2;69;69383;2;2;8;3;45.7529;4.85358;4;2;2;0;1;1; -1;1;0;1;50;Blessé léger;0
202300024994;155 636 286;A01;7;0;2;3;22;2;203 791 833;1;1;1;1;1982.0;4;1;-1;-1;18;12;2023;11:45;1;69;69389;2;1;1;3;45.79245;4.81814;4;2;2;3;1;1;10;1;0;6;30;Indemne;0
202300024994;155 636 287;B01;1;0;2;1;17;5;203 791 834;1;1;4;1;1964.0;1;2;-1;-1;18;12;2023;11:45;1;69;69389;2;1;1;3;45.79245;4.81814;4;2;2;3;1;1;10;1;0;6;30;Blessé léger;0
202300024996;155 636 282;A01;7;0;9;3;26;1;203 791 829;1;1;1;1;1973.0;1;8;0;-1;18;12;2023;08:10;1;2B;2B033;2;9;7;3;42.69;9.45;4;2;1;0;4;3; -1;1;9;1;50;Indemne;0
202300024996;155 636 283;B01;1;0;2;4;1;5;203 791 830;1;1;4;1;1999.0;0;2;8;-1;18;12;2023;08:10;1;2B;2B033;2;9;7;3;42.69;9.45;4;2;1;0;4;3; -1;1;9;1;50;Blessé léger;0
202300025020;155 636 247;A01;7;0;9;2;15;0;203 791 777;1;1;1;1;1997.0;1;1;8;-1;18;12;2023;08:40;1;64;64445;2;2;2;3;43.29424;-0.35901;4;2;4;0;2;1; -1;2;0;1;50;Indemne;0
202300025020;155 636 247;A01;7;0;9;2;15;0;203 791 777;1;1;1;1;1997.0;1;1;8;-1;18;12;2023;08:40;1;64;64445;2;2;2;3;43.29424;-0.35901;4;2;4;0;2;1; -1;2;0;1;50;Indemne;0
202300025020;155 636 248;B01;1;0;2;1;1;5;203 791 778;1;1;4;1;2009.0;0;0;-1;-1;18;12;2023;08:40;1;64;64445;2;2;2;3;43.29424;-0.35901;4;2;4;0;2;1; -1;2;0;1;50;Blessé léger;0
202300025020;155 636 248;B01;1;0;2;1;1;5;203 791 778;1;1;4;1;2009.0;0;0;-1;-1;18;12;2023;08:40;1;64;64445;2;2;2;3;43.29424;-0.35901;4;2;4;0;2;1; -1;2;0;1;50;Blessé léger;0
202300025032;155 636 228;A01;14;0;2;0;2;1;203 791 750;1;1;1;1;1994.0;4;8;0;-1;13;12;2023;15:50;1;42;42187;2;1;2;-1;46.03305;4.07884;3;3;4;1;1;1;5,5;2;0;5;50;Indemne;2
202300025032;155 636 229;B01;1;0;2;0;1;5;203 791 751;1;1;3;1;1941.0;9;8;0;-1;13;12;2023;15:50;1;42;42187;2;1;2;-1;46.03305;4.07884;3;3;4;1;1;1;5,5;2;0;5;50;Blessé hospitalisé;2
202300025033;155 636 226;A01;7;0;2;3;9;1;203 791 748;1;1;1;1;1977.0;1;1;8;-1;18;12;2023;07:35;2;37;37195;2;6;1;3;47.3866;0.65086;4;1;2;2;1;2; -1;2;0;1;50;Indemne;0
202300025033;155 636 227;B01;1;0;2;7;9;5;203 791 749;1;1;4;1;1990.0;1;2;0;-1;18;12;2023;07:35;2;37;37195;2;6;1;3;47.3866;0.65086;4;1;2;2;1;2; -1;2;0;1;50;Blessé léger;0
202300025042;155 636 205;A01;7;0;9;8;26;1;203 791 722;1;1;1;2;1961.0;0;8;0;-1;13;12;2023;08:20;2;27;27299;2;1;2;3;49.049718;1.1646099;4;2;2;1;1;1; -1;2;0;5;50;Indemne;2
202300025042;155 636 206;B01;1;0;2;1;1;5;203 791 723;1;1;4;1;1990.0;0;8;0;-1;13;12;2023;08:20;2;27;27299;2;1;2;3;49.049718;1.1646099;4;2;2;1;1;1; -1;2;0;5;50;Blessé léger;2
202300025047;155 636 196;B01;1;0;2;8;1;5;203 791 711;1;1;4;1;1985.0;0;8;0;-1;29;6;2023;19:40;1;44;44109;2;1;1;3;47.22835;-1.52635;4;2;3;2;1;1; -1;1;0;1;50;Blessé léger;3
202300025047;155 636 197;A01;7;0;2;2;1;3;203 791 712;1;1;1;2;1973.0;0;1;8;-1;29;6;2023;19:40;1;44;44109;2;1;1;3;47.22835;-1.52635;4;2;3;2;1;1; -1;1;0;1;50;Indemne;3
202300025059;155 636 174;B01;1;0;2;0;0;5;203 791 684;1;1;4;1;1998.0;5;8;8;8;30;6;2023;12:10;1;06;06027;2;2;1;3;43.657755;7.168996;7;2;8;1;1;1; -1;1;0;1;50;Blessé léger;4
202300025059;155 636 174;B01;1;0;2;0;0;5;203 791 684;1;1;4;1;1998.0;5;8;8;8;30;6;2023;12:10;1;06;06027;2;2;1;3;43.657755;7.168996;7;4;8;1;1;1; -1;1;5;1;50;Blessé léger;4
202300025065;155 636 164;A01;7;0;2;8;1;1;203 791 673;1;1;1;2;1985.0;9;1;0;-1;29;6;2023;13:20;1;75;75116;2;1;1;3;48.876783;2.285583;4;2;4;1;1;1; -1;1;0;1;30;Indemne;3
202300025065;155 636 165;B01;1;0;2;1;19;5;203 791 674;1;1;4;1;1966.0;9;8;0;-1;29;6;2023;13:20;1;75;75116;2;1;1;3;48.876783;2.285583;4;2;4;1;1;1; -1;1;0;1;30;Blessé léger;3
202300025068;155 636 160;A01;7;0;2;2;1;1;203 791 667;1;1;1;1;1977.0;1;1;0;-1;30;6;2023;15:11;1;75;75111;2;1;1;3;48.855005;2.384812;4;2;2;1;1;1; -1;1;0;1;30;Indemne;4
202300025068;155 636 161;B01;80;0;2;8;11;3;203 791 668;1;1;4;1;2012.0;5;8;0;-1;30;6;2023;15:11;1;75;75111;2;1;1;3;48.855005;2.384812;4;2;2;1;1;1; -1;1;0;1;30;Blessé léger;4
202300025071;155 636 154;B01;1;0;2;1;1;5;203 791 661;1;1;4;1;1990.0;0;8;0;-1;30;6;2023;22:30;5;93;93055;2;3;1;3;48.8908631;2.40144879;3;1;1;1;1;1; -1;1;0;1;30;Blessé léger;4
202300025071;155 636 154;B01;1;0;2;1;1;5;203 791 661;1;1;4;1;1990.0;0;8;0;-1;30;6;2023;22:30;5;93;93055;2;3;1;3;48.8908631;2.40144879;3;2;2;1;1;1; -1;1;0;1;30;Blessé léger;4
202300025071;155 636 155;A01;7;0;2;1;15;1;203 791 662;1;1;1;1;1989.0;0;1;0;-1;30;6;2023;22:30;5;93;93055;2;3;1;3;48.8908631;2.40144879;3;1;1;1;1;1; -1;1;0;1;30;Indemne;4
202300025071;155 636 155;A01;7;0;2;1;15;1;203 791 662;1;1;1;1;1989.0;0;1;0;-1;30;6;2023;22:30;5;93;93055;2;3;1;3;48.8908631;2.40144879;3;2;2;1;1;1; -1;1;0;1;30;Indemne;4
202300025072;155 636 152;A01;7;0;2;5;12;1;203 791 659;1;1;1;2;2000.0;5;1;0;-1;30;6;2023;10:15;1;93;93051;2;6;1;3;48.8431;2.54361;3;3;6;0;1;1; -1;1;0;1;50;Indemne;4
202300025072;155 636 152;A01;7;0;2;5;12;1;203 791 659;1;1;1;2;2000.0;5;1;0;-1;30;6;2023;10:15;1;93;93051;2;6;1;3;48.8431;2.54361;3;1;3;0;1;2; -1;1;5;1;50;Indemne;4
202300025072;155 636 153;B01;80;0;2;1;1;3;203 791 660;1;1;4;1;1967.0;1;8;0;-1;30;6;2023;10:15;1;93;93051;2;6;1;3;48.8431;2.54361;3;3;6;0;1;1; -1;1;0;1;50;Blessé léger;4
202300025072;155 636 153;B01;80;0;2;1;1;3;203 791 660;1;1;4;1;1967.0;1;8;0;-1;30;6;2023;10:15;1;93;93051;2;6;1;3;48.8431;2.54361;3;1;3;0;1;2; -1;1;5;1;50;Blessé léger;4
202300025075;155 636 147;A01;7;0;2;1;1;1;203 791 654;1;1;1;2;1984.0;1;1;0;-1;30;6;2023;15:05;1;93;93071;2;1;1;3;48.94828912;2.52988867;4;2;2;2;1;1; -1;1;0;1;50;Indemne;4
202300025075;155 636 148;B01;1;0;2;3;19;5;203 791 655;1;1;4;1;1980.0;5;8;0;-1;30;6;2023;15:05;1;93;93071;2;1;1;3;48.94828912;2.52988867;4;2;2;2;1;1; -1;1;0;1;50;Blessé léger;4
202300025083;155 636 134;A01;7;0;9;3;2;0;203 791 636;1;1;1;1;1969.0;5;1;-1;-1;1;7;2023;09:10;1;67;67548;2;6;1;3;48.642834;7.601895;3;1;2;0;1;2;4;1;0;1;50;Indemne;5
202300025083;155 636 135;B01;1;0;2;1;2;5;203 791 637;1;1;3;2;1947.0;5;0;-1;-1;1;7;2023;09:10;1;67;67548;2;6;1;3;48.642834;7.601895;3;1;2;0;1;2;4;1;0;1;50;Blessé hospitalisé;5
202300025107;155 636 093;A01;7;0;9;1;1;0;203 791 577;1;1;1;1;2001.0;5;8;-1;-1;1;7;2023;10:10;1;30;30210;2;3;1;1;43.913646;4.003637;3;2;2;0;1;1;5;1;0;1;-1;Indemne;5
202300025107;155 636 093;A01;7;0;9;1;1;0;203 791 577;1;1;1;1;2001.0;5;8;-1;-1;1;7;2023;10:10;1;30;30210;2;3;1;1;43.913646;4.003637;3;2; -1;0;1;1; -1;1;0;1;-1;Indemne;5
202300025107;155 636 094;B01;1;0;2;1;19;5;203 791 578;1;1;3;1;2011.0;5;0;-1;-1;1;7;2023;10:10;1;30;30210;2;3;1;1;43.913646;4.003637;3;2;2;0;1;1;5;1;0;1;-1;Blessé hospitalisé;5
202300025107;155 636 094;B01;1;0;2;1;19;5;203 791 578;1;1;3;1;2011.0;5;0;-1;-1;1;7;2023;10:10;1;30;30210;2;3;1;1;43.913646;4.003637;3;2; -1;0;1;1; -1;1;0;1;-1;Blessé hospitalisé;5
202300025117;155 636 079;B01;1;0;2;1;26;5;203 791 561;1;1;3;1;1973.0;1;2;6;4;27;6;2023;13:00;1;34;34240;1;3;1;1;43.618132;3.957315;3;2;2;0;1;1;6;1;0;1;50;Blessé hospitalisé;1
202300025117;155 636 079;B01;1;0;2;1;26;5;203 791 561;1;1;3;1;1973.0;1;2;6;4;27;6;2023;13:00;1;34;34240;1;3;1;1;43.618132;3.957315;3;2; -1;-1;1;1; -1;1;0;1;-1;Blessé hospitalisé;1
202300025117;155 636 080;A01;10;0;9;2;15;1;203 791 562;1;1;1;1;1986.0;1;1;-1;-1;27;6;2023;13:00;1;34;34240;1;3;1;1;43.618132;3.957315;3;2;2;0;1;1;6;1;0;1;50;Indemne;1
202300025117;155 636 080;A01;10;0;9;2;15;1;203 791 562;1;1;1;1;1986.0;1;1;-1;-1;27;6;2023;13:00;1;34;34240;1;3;1;1;43.618132;3.957315;3;2; -1;-1;1;1; -1;1;0;1;-1;Indemne;1
202300025118;155 636 078;A01;1;0;0;1;0;5;203 791 560;1;1;3;1;1976.0;5;2;-1;-1;1;7;2023;13:00;1;13;13084;1;1;1;7;43.709548;5.290604;3;2;2;0;2;1;4;1;0;1;50;Blessé hospitalisé;5
202300025122;155 636 071;A01;7;0;2;3;13;1;203 791 553;1;1;3;1;1939.0;5;1;-1;-1;30;6;2023;14:45;1;63;63470;1;1;1;3;45.865031;3.015232;3;2;2;0;2;3;7;1;0;1;80;Blessé hospitalisé;4
202300025122;155 636 072;B01;7;0;2;8;1;1;203 791 554;1;1;1;2;1990.0;5;1;-1;-1;30;6;2023;14:45;1;63;63470;1;1;1;3;45.865031;3.015232;3;2;2;0;2;3;7;1;0;1;80;Indemne;4
202300025122;155 636 073;C01;1;0;2;8;1;5;203 791 555;1;1;4;1;1961.0;5;2;-1;-1;30;6;2023;14:45;1;63;63470;1;1;1;3;45.865031;3.015232;3;2;2;0;2;3;7;1;0;1;80;Blessé léger;4
202300025150;155 636 018;A01;1;0;2;1;1;5;203 791 483;2;2;4;1;2006.0;5;8;0;-1;18;6;2023;20:17;4;974;97411;2;3;1;3;-20.90364;55.4782;3;2;2;0;2;1; -1;1;0;1;50;Blessé léger;6
202300025150;155 636 018;A01;1;0;2;1;1;5;203 791 483;2;2;4;1;2006.0;5;8;0;-1;18;6;2023;20:17;4;974;97411;2;3;1;3;-20.90364;55.4782;3;2;2;0;2;1; -1;1;0;1;30;Blessé léger;6
202300025150;155 636 018;A01;1;0;2;1;1;5;203 791 484;1;1;4;1;2006.0;5;8;0;-1;18;6;2023;20:17;4;974;97411;2;3;1;3;-20.90364;55.4782;3;2;2;0;2;1; -1;1;0;1;50;Blessé léger;6
202300025150;155 636 018;A01;1;0;2;1;1;5;203 791 484;1;1;4;1;2006.0;5;8;0;-1;18;6;2023;20:17;4;974;97411;2;3;1;3;-20.90364;55.4782;3;2;2;0;2;1; -1;1;0;1;30;Blessé léger;6
202300025150;155 636 019;B01;7;0;2;2;15;1;203 791 485;1;1;1;1;1998.0;5;1;8;-1;18;6;2023;20:17;4;974;97411;2;3;1;3;-20.90364;55.4782;3;2;2;0;2;1; -1;1;0;1;50;Indemne;6
202300025150;155 636 019;B01;7;0;2;2;15;1;203 791 485;1;1;1;1;1998.0;5;1;8;-1;18;6;2023;20:17;4;974;97411;2;3;1;3;-20.90364;55.4782;3;2;2;0;2;1; -1;1;0;1;30;Indemne;6
202300025150;155 636 019;B01;7;0;2;2;15;1;203 791 486;3;2;1;2;2001.0;5;1;8;-1;18;6;2023;20:17;4;974;97411;2;3;1;3;-20.90364;55.4782;3;2;2;0;2;1; -1;1;0;1;50;Indemne;6
202300025150;155 636 019;B01;7;0;2;2;15;1;203 791 486;3;2;1;2;2001.0;5;1;8;-1;18;6;2023;20:17;4;974;97411;2;3;1;3;-20.90364;55.4782;3;2;2;0;2;1; -1;1;0;1;30;Indemne;6
202300025157;155 636 005;B01;1;0;2;0;1;5;203 791 469;1;1;3;1;1961.0;5;0;-1;-1;30;6;2023;00:10;5;69;69385;2;1;2;7;45.7557;4.81525;4;1;1;0;2;3; -1;2;0;1;30;Blessé hospitalisé;4
202300025157;155 636 006;A01;7;0;2;0;26;1;203 791 470;1;1;1;2;1980.0;5;8;-1;-1;30;6;2023;00:10;5;69;69385;2;1;2;7;45.7557;4.81525;4;1;1;0;2;3; -1;2;0;1;30;Indemne;4
202300025173;155 635 975;A01;7;0;2;1;9;1;203 791 432;1;1;1;1;1992.0;5;8;0;-1;30;6;2023;00:10;5;59;59368;2;2;1;1;50.65772738;3.0738008;7;2;2;2;2;1;5;1;0;1;50;Indemne;4
202300025173;155 635 975;A01;7;0;2;1;9;1;203 791 432;1;1;1;1;1992.0;5;8;0;-1;30;6;2023;00:10;5;59;59368;2;2;1;1;50.65772738;3.0738008;7;2; -1;-1;1;1; -1;1;0;1;50;Indemne;4
202300025173;155 635 976;B01;1;0;2;1;1;5;203 791 433;1;1;4;1;1997.0;0;8;0;-1;30;6;2023;00:10;5;59;59368;2;2;1;1;50.65772738;3.0738008;7;2;2;2;2;1;5;1;0;1;50;Blessé léger;4
202300025173;155 635 976;B01;1;0;2;1;1;5;203 791 433;1;1;4;1;1997.0;0;8;0;-1;30;6;2023;00:10;5;59;59368;2;2;1;1;50.65772738;3.0738008;7;2; -1;-1;1;1; -1;1;0;1;50;Blessé léger;4
202300025177;155 635 967;A01;10;0;2;3;15;1;203 791 421;1;1;1;1;1953.0;0;1;-1;-1;29;6;2023;17:00;1;47;47323;2;2;1;1;44.42211;0.70871;3;2;2;0;1;1; -1;1;0;1;50;Indemne;3
202300025177;155 635 967;A01;10;0;2;3;15;1;203 791 421;1;1;1;1;1953.0;0;1;-1;-1;29;6;2023;17:00;1;47;47323;2;2;1;1;44.42211;0.70871;3;2;2;0;1;1; -1;1;0;1;50;Indemne;3
202300025177;155 635 968;Y01;1;0;2;1;1;5;203 791 422;1;1;3;1;1935.0;5;0;-1;-1;29;6;2023;17:00;1;47;47323;2;2;1;1;44.42211;0.70871;3;2;2;0;1;1; -1;1;0;1;50;Blessé hospitalisé;3
202300025177;155 635 968;Y01;1;0;2;1;1;5;203 791 422;1;1;3;1;1935.0;5;0;-1;-1;29;6;2023;17:00;1;47;47323;2;2;1;1;44.42211;0.70871;3;2;2;0;1;1; -1;1;0;1;50;Blessé hospitalisé;3
202300025180;155 635 962;A01;1;0;0;0;26;5;203 791 414;1;1;3;1;1980.0;0;2;0;-1;7;5;2023;19:01;1;44;44184;2;5;1;6;47.28647;-2.21847;4;2;2;0;1;1; -1;1;0;1;50;Blessé hospitalisé;6
202300025180;155 635 962;A01;1;0;0;0;26;5;203 791 414;1;1;3;1;1980.0;0;2;0;-1;7;5;2023;19:01;1;44;44184;2;5;1;6;47.28647;-2.21847;4;2;2;0;1;1; -1;1;0;1;50;Blessé hospitalisé;6
202300025191;155 635 941;B01;1;0;0;8;16;5;203 791 387;1;1;4;1;1991.0;0;2;0;-1;29;6;2023;19:00;1;29;29232;2;2;1;3;47.99496559;-4.1080936;3;2;2;0;1;1;7;1;5;1;30;Blessé léger;3
202300025191;155 635 941;B01;1;0;0;8;16;5;203 791 387;1;1;4;1;1991.0;0;2;0;-1;29;6;2023;19:00;1;29;29232;2;2;1;3;47.99496559;-4.1080936;3;2;2;0;1;1;7;1;5;1;30;Blessé léger;3
202300025191;155 635 942;A01;7;0;0;1;15;1;203 791 388;1;1;1;1;1995.0;0;1;-1;-1;29;6;2023;19:00;1;29;29232;2;2;1;3;47.99496559;-4.1080936;3;2;2;0;1;1;7;1;5;1;30;Indemne;3
202300025191;155 635 942;A01;7;0;0;1;15;1;203 791 388;1;1;1;1;1995.0;0;1;-1;-1;29;6;2023;19:00;1;29;29232;2;2;1;3;47.99496559;-4.1080936;3;2;2;0;1;1;7;1;5;1;30;Indemne;3
202300025215;155 635 901;A01;7;0;2;2;15;1;203 791 336;1;1;1;1;1984.0;5;1;0;-1;12;10;2023;07:45;2;31;31555;2;1;1;3;43.60461;1.47543;4;2;3;0;2;1; -1;1;9;1;50;Indemne;3
202300025215;155 635 903;B01;1;0;2;1;1;5;203 791 339;1;1;4;1;1983.0;1;2;0;-1;12;10;2023;07:45;2;31;31555;2;1;1;3;43.60461;1.47543;4;2;3;0;2;1; -1;1;9;1;50;Blessé léger;3
202300025216;155 635 900;A01;1;0;2;1;13;5;203 791 335;1;1;4;2;1985.0;9;8;0;-1;29;6;2023;12:00;1;75;75120;2;1;8;1;48.863476;2.389832;4;2;2;1;2;1; -1;1;-1;5;30;Blessé léger;3
202300025216;155 635 902;B01;1;0;2;1;1;5;203 791 337;1;1;1;1;1974.0;1;2;4;-1;29;6;2023;12:00;1;75;75120;2;1;8;1;48.863476;2.389832;4;2;2;1;2;1; -1;1;-1;5;30;Indemne;3
202300025228;155 635 883;B01;80;1;0;1;1;3;203 791 310;1;1;4;1;2002.0;1;8;0;-1;28;6;2023;23:00;5;75;75111;2;2;1;1;48.855758;2.391327;4;2;2;0;1;1; -1;1;0;1;30;Blessé léger;2
202300025228;155 635 883;B01;80;1;0;1;1;3;203 791 310;1;1;4;1;2002.0;1;8;0;-1;28;6;2023;23:00;5;75;75111;2;2;1;1;48.855758;2.391327;4;2;2;0;2;1; -1;1;0;1;30;Blessé léger;2
202300025228;155 635 885;A01;7;0;2;7;22;1;203 791 312;1;1;1;1;1960.0;1;1;0;-1;28;6;2023;23:00;5;75;75111;2;2;1;1;48.855758;2.391327;4;2;2;0;1;1; -1;1;0;1;30;Indemne;2
202300025228;155 635 885;A01;7;0;2;7;22;1;203 791 312;1;1;1;1;1960.0;1;1;0;-1;28;6;2023;23:00;5;75;75111;2;2;1;1;48.855758;2.391327;4;2;2;0;2;1; -1;1;0;1;30;Indemne;2
202300025231;155 635 880;A01;1;0;1;1;1;5;203 791 304;1;1;1;1;2001.0;4;8;6;-1;29;6;2023;14:40;1;75;75110;2;3;1;6;48.877343;2.365828;4;1; -1;-1;1;1; -1;1;0;1;-1;Indemne;3
202300025231;155 635 880;A01;1;0;1;1;1;5;203 791 304;1;1;1;1;2001.0;4;8;6;-1;29;6;2023;14:40;1;75;75110;2;3;1;6;48.877343;2.365828;4;1;2;1;1;1; -1;1;0;1;30;Indemne;3
202300025231;155 635 880;A01;1;0;1;1;1;5;203 791 305;10;3;4;2;1954.0;9;0;-1;-1;29;6;2023;14:40;1;75;75110;2;3;1;6;48.877343;2.365828;4;1; -1;-1;1;1; -1;1;0;1;-1;Blessé léger;3
202300025231;155 635 880;A01;1;0;1;1;1;5;203 791 305;10;3;4;2;1954.0;9;0;-1;-1;29;6;2023;14:40;1;75;75110;2;3;1;6;48.877343;2.365828;4;1;2;1;1;1; -1;1;0;1;30;Blessé léger;3
202300025233;155 635 877;B01;80;0;2;1;1;3;203 791 299;1;1;4;2;1992.0;1;8;0;-1;29;6;2023;10:00;1;75;75110;2;3;1;3;48.867951;2.362382;4;2;4;1;2;1; -1;1;-1;5;30;Blessé léger;3
202300025233;155 635 877;B01;80;0;2;1;1;3;203 791 299;1;1;4;2;1992.0;1;8;0;-1;29;6;2023;10:00;1;75;75110;2;3;1;3;48.867951;2.362382;4;2; -1;-1;1;1; -1;1;-1;5;-1;Blessé léger;3
202300025233;155 635 878;A01;7;0;2;7;22;1;203 791 300;2;2;1;1;1972.0;5;1;0;-1;29;6;2023;10:00;1;75;75110;2;3;1;3;48.867951;2.362382;4;2;4;1;2;1; -1;1;-1;5;30;Indemne;3
202300025233;155 635 878;A01;7;0;2;7;22;1;203 791 300;2;2;1;1;1972.0;5;1;0;-1;29;6;2023;10:00;1;75;75110;2;3;1;3;48.867951;2.362382;4;2; -1;-1;1;1; -1;1;-1;5;-1;Indemne;3
202300025233;155 635 878;A01;7;0;2;7;22;1;203 791 301;1;1;1;1;1950.0;4;1;0;-1;29;6;2023;10:00;1;75;75110;2;3;1;3;48.867951;2.362382;4;2;4;1;2;1; -1;1;-1;5;30;Indemne;3
202300025233;155 635 878;A01;7;0;2;7;22;1;203 791 301;1;1;1;1;1950.0;4;1;0;-1;29;6;2023;10:00;1;75;75110;2;3;1;3;48.867951;2.362382;4;2; -1;-1;1;1; -1;1;-1;5;-1;Indemne;3
202300025236;155 635 873;A01;80;0;1;1;1;3;203 791 293;10;3;3;2;1998.0;5;0;-1;-1;29;6;2023;13:23;1;75;75107;2;5;1;6;48.862588;2.319022;4;2; -1;-1;1;1; -1;1;-1;5;-1;Blessé hospitalisé;3
202300025236;155 635 873;A01;80;0;1;1;1;3;203 791 293;10;3;3;2;1998.0;5;0;-1;-1;29;6;2023;13:23;1;75;75107;2;5;1;6;48.862588;2.319022;4;2;4;1;1;1; -1;1;-1;5;30;Blessé hospitalisé;3
202300025236;155 635 873;A01;80;0;1;1;1;3;203 791 294;1;1;1;2;1977.0;1;2;0;-1;29;6;2023;13:23;1;75;75107;2;5;1;6;48.862588;2.319022;4;2; -1;-1;1;1; -1;1;-1;5;-1;Indemne;3
202300025236;155 635 873;A01;80;0;1;1;1;3;203 791 294;1;1;1;2;1977.0;1;2;0;-1;29;6;2023;13:23;1;75;75107;2;5;1;6;48.862588;2.319022;4;2;4;1;1;1; -1;1;-1;5;30;Indemne;3
202300025242;155 635 861;B01;1;0;2;8;0;5;203 791 278;1;1;4;2;1997.0;1;2;0;-1;29;6;2023;09:30;1;93;93048;2;9;1;3;48.87262449;2.45331639;3;2;2;1;2;1; -1;1;0;1;50;Blessé léger;3
202300025242;155 635 862;OA01;10;0;2;8;16;0;203 791 280;1;1;1;1;1966.0;0;1;0;-1;29;6;2023;09:30;1;93;93048;2;9;1;3;48.87262449;2.45331639;3;2;2;1;2;1; -1;1;0;1;50;Indemne;3
202300025245;155 635 858;A01;1;0;0;0;0;5;203 791 274;1;1;4;1;1976.0;0;8;0;-1;29;6;2023;10:25;1;92;92075;2;1;1;2;48.82252;2.28476;3;2;2;1;1;1;7;1;0;1;50;Blessé léger;3
202300025284;155 635 793;A01;80;1;0;2;1;3;203 791 186;1;1;3;1;1965.0;9;8;0;-1;11;10;2023;23:37;5;75;75101;2;2;1;6;48.860075;2.34909;4;1;5;1;1;1; -1;1;0;5;30;Blessé hospitalisé;2
202300025284;155 635 793;A01;80;1;0;2;1;3;203 791 186;1;1;3;1;1965.0;9;8;0;-1;11;10;2023;23:37;5;75;75101;2;2;1;6;48.860075;2.34909;4;2; -1;-1;1;1; -1;1;0;1;30;Blessé hospitalisé;2
202300025288;155 635 787;A01;1;0;2;1;13;5;203 791 178;1;1;4;1;1999.0;5;8;0;-1;11;10;2023;22:45;3;94;94068;2;2;1;3;48.800111;2.497301;3;2; -1;0;1;1; -1;1;0;1;-1;Blessé léger;2
202300025288;155 635 787;A01;1;0;2;1;13;5;203 791 178;1;1;4;1;1999.0;5;8;0;-1;11;10;2023;22:45;3;94;94068;2;2;1;3;48.800111;2.497301;3;2;2;0;1;1; -1;1;0;1;30;Blessé léger;2
202300025288;155 635 788;B01;7;0;2;0;0;1;203 791 179;1;1;1;1;1968.0;0;1;0;-1;11;10;2023;22:45;3;94;94068;2;2;1;3;48.800111;2.497301;3;2; -1;0;1;1; -1;1;0;1;-1;Indemne;2
202300025288;155 635 788;B01;7;0;2;0;0;1;203 791 179;1;1;1;1;1968.0;0;1;0;-1;11;10;2023;22:45;3;94;94068;2;2;1;3;48.800111;2.497301;3;2;2;0;1;1; -1;1;0;1;30;Indemne;2
202300025312;155 635 744;A01;7;0;2;2;16;1;203 791 129;1;1;1;1;1983.0;1;1;0;-1;11;10;2023;09:10;1;92;92050;2;6;8;3;48.89568222;2.21584193;3;1;2;1;1;2; -1;1;0;1;50;Indemne;2
202300025312;155 635 744;A01;7;0;2;2;16;1;203 791 129;1;1;1;1;1983.0;1;1;0;-1;11;10;2023;09:10;1;92;92050;2;6;8;3;48.89568222;2.21584193;3;1;2;1;1;2; -1;1;0;1;50;Indemne;2
202300025312;155 635 745;B01;1;0;2;1;1;5;203 791 130;1;1;4;2;1999.0;1;2;0;-1;11;10;2023;09:10;1;92;92050;2;6;8;3;48.89568222;2.21584193;3;1;2;1;1;2; -1;1;0;1;50;Blessé léger;2
202300025312;155 635 745;B01;1;0;2;1;1;5;203 791 130;1;1;4;2;1999.0;1;2;0;-1;11;10;2023;09:10;1;92;92050;2;6;8;3;48.89568222;2.21584193;3;1;2;1;1;2; -1;1;0;1;50;Blessé léger;2
202300025313;155 635 742;A01;7;0;2;3;15;1;203 791 127;1;1;1;1;1985.0;1;1;8;-1;12;10;2023;09:07;1;92;92048;2;1;3;3;48.81440703;2.24675596;4;2;1;0;2;1; -1;2;0;1;30;Indemne;3
202300025313;155 635 743;B01;1;0;2;1;2;5;203 791 128;1;1;4;1;1966.0;1;2;8;-1;12;10;2023;09:07;1;92;92048;2;1;3;3;48.81440703;2.24675596;4;2;1;0;2;1; -1;2;0;1;30;Blessé léger;3
202300025314;155 635 740;B01;1;1;0;0;0;5;203 791 125;1;1;4;1;1964.0;0;2;-1;-1;12;10;2023;21:10;5;92;92026;2;9;1;3;48.89101128;2.24777484;4;1;2;0;2;3; -1;1;0;5;50;Blessé léger;3
202300025314;155 635 741;A01;7;16;0;0;0;0;203 791 126;1;1;1;1;1967.0;0;1;0;-1;12;10;2023;21:10;5;92;92026;2;9;1;3;48.89101128;2.24777484;4;1;2;0;2;3; -1;1;0;5;50;Indemne;3