Num_Acc;id_vehicule;num_veh;catv;obs;obsm;choc;manv;motor;id_usager;place;catu;grav;sexe;an_nais;trajet;secu1;secu2;secu3;jour;mois;an;hrmn;lum;dep;com;agg;int;atm;col;lat;long;catr;circ;nbv;vosp;prof;plan;larrout;surf;infra;situ;vma;gravity;day_of_week
202300025332;155 635 710;A01;1;0;0;9;1;5;203 791 085;1;1;2;1;1958.0;5;2;-1;-1;13;10;2023;15:15;1;71;71450;1;1;1;7;46.916994;4.515188;3;-1;1;0;3;2;3;1;0;1;80;Tué;4
202300025335;155 635 705;A01;7;0;2;1;9;1;203 791 080;1;1;1;1;1996.0;1;1;-1;-1;13;10;2023;07:55;2;42;42149;2;6;1;2;45.63843;4.235927;3;2;2;0;1;1;5;1;0;1;50;Indemne;4
202300025335;155 635 706;B01;1;0;2;5;1;5;203 791 081;1;1;4;1;1966.0;1;2;4;-1;13;10;2023;07:55;2;42;42149;2;6;1;2;45.63843;4.235927;3;2;2;0;1;1;5;1;0;1;50;Blessé léger;4
202300025340;155 635 696;A01;7;0;2;2;15;1;203 791 068;1;1;1;1;1950.0;5;1;-1;-1;12;10;2023;12:00;1;39;39013;2;3;1;1;46.913331;5.7672254;3;2;2;0;1;1;5;1;5;1;50;Indemne;3
202300025340;155 635 696;A01;7;0;2;2;15;1;203 791 068;1;1;1;1;1950.0;5;1;-1;-1;12;10;2023;12:00;1;39;39013;2;3;1;1;46.913331;5.7672254;3;2;2;-1;1;2; -1;1;5;1;50;Indemne;3
202300025340;155 635 697;B01;1;0;2;1;1;5;203 791 069;1;1;4;1;1959.0;5;2;-1;-1;12;10;2023;12:00;1;39;39013;2;3;1;1;46.913331;5.7672254;3;2;2;0;1;1;5;1;5;1;50;Blessé léger;3
202300025340;155 635 697;B01;1;0;2;1;1;5;203 791 069;1;1;4;1;1959.0;5;2;-1;-1;12;10;2023;12:00;1;39;39013;2;3;1;1;46.913331;5.7672254;3;2;2;-1;1;2; -1;1;5;1;50;Blessé léger;3
202300025352;155 635 677;A01;15;0;2;2;1;1;203 791 046;1;1;1;1;1972.0;4;1;-1;-1;10;10;2023;16:25;1;14;14431;1;1;1;2;49.056552;-0.119905;3;2;2;0;1;1;7;1;0;1;80;Indemne;1
202300025352;155 635 678;B01;1;0;2;4;1;5;203 791 047;1;1;4;1;1944.0;5;2;-1;-1;10;10;2023;16:25;1;14;14431;1;1;1;2;49.056552;-0.119905;3;2;2;0;1;1;7;1;0;1;80;Blessé léger;1
202300025355;155 635 671;A01;7;0;2;2;17;1;203 791 036;1;1;1;1;1952.0;5;1;-1;-1;12;10;2023;10:10;1;64;64539;1;1;1;3;43.273175;-1.029764;3;2;2;0;1;1;7;1;0;1;80;Indemne;3
202300025355;155 635 671;A01;7;0;2;2;17;1;203 791 037;2;2;1;2;2006.0;5;1;-1;-1;12;10;2023;10:10;1;64;64539;1;1;1;3;43.273175;-1.029764;3;2;2;0;1;1;7;1;0;1;80;Indemne;3
202300025355;155 635 672;B01;1;0;2;3;1;5;203 791 038;1;1;3;1;1946.0;5;2;6;-1;12;10;2023;10:10;1;64;64539;1;1;1;3;43.273175;-1.029764;3;2;2;0;1;1;7;1;0;1;80;Blessé hospitalisé;3
202300025364;155 635 659;A01;17;0;9;3;15;1;203 791 021;2;2;1;2;1969.0;4;1;-1;-1;12;10;2023;15:15;1;49;49323;1;6;1;3;47.508864;-0.471146;3;1;1;0;1;2;5;1;0;1;90;Indemne;3
202300025364;155 635 659;A01;17;0;9;3;15;1;203 791 021;2;2;1;2;1969.0;4;1;-1;-1;12;10;2023;15:15;1;49;49323;1;6;1;3;47.508864;-0.471146;3;2;1;0;1;2;5;1;5;1;80;Indemne;3
202300025364;155 635 659;A01;17;0;9;3;15;1;203 791 022;1;1;1;1;1966.0;4;1;-1;-1;12;10;2023;15:15;1;49;49323;1;6;1;3;47.508864;-0.471146;3;1;1;0;1;2;5;1;0;1;90;Indemne;3
202300025364;155 635 659;A01;17;0;9;3;15;1;203 791 022;1;1;1;1;1966.0;4;1;-1;-1;12;10;2023;15:15;1;49;49323;1;6;1;3;47.508864;-0.471146;3;2;1;0;1;2;5;1;5;1;80;Indemne;3
202300025364;155 635 660;B01;1;0;2;7;15;5;203 791 023;1;1;4;2;1970.0;3;0;-1;-1;12;10;2023;15:15;1;49;49323;1;6;1;3;47.508864;-0.471146;3;1;1;0;1;2;5;1;0;1;90;Blessé léger;3
202300025364;155 635 660;B01;1;0;2;7;15;5;203 791 023;1;1;4;2;1970.0;3;0;-1;-1;12;10;2023;15:15;1;49;49323;1;6;1;3;47.508864;-0.471146;3;2;1;0;1;2;5;1;5;1;80;Blessé léger;3
202300025376;155 635 637;B01;80;0;2;8;0;3;203 790 991;1;1;4;1;1950.0;0;0;-1;-1;13;10;2023;11:15;1;34;34199;2;6;1;3;43.451003;3.416619;3;1;2;0;1;2;7;1;9;1;-1;Blessé léger;4
202300025376;155 635 638;A01;7;0;2;7;12;1;203 790 992;1;1;1;1;1954.0;0;1;-1;-1;13;10;2023;11:15;1;34;34199;2;6;1;3;43.451003;3.416619;3;1;2;0;1;2;7;1;9;1;-1;Indemne;4
202300025383;155 635 622;A01;1;0;0;4;2;5;203 790 974;1;1;2;2;2004.0;1;0;-1;-1;11;10;2023;07:15;3;31;31395;1;1;1;2;43.423728;1.303521;3;2;2;0;1;1;7;1;0;1;90;Tué;2
202300025383;155 635 623;B01;10;0;2;2;2;1;203 790 975;1;1;1;1;1972.0;1;8;-1;-1;11;10;2023;07:15;3;31;31395;1;1;1;2;43.423728;1.303521;3;2;2;0;1;1;7;1;0;1;90;Indemne;2
202300025405;155 635 577;A01;1;0;1;1;26;5;203 790 926;1;1;1;1;2010.0;5;8;-1;-1;22;7;2023;16:25;1;35;35238;2;1;1;6;48.11055;-1.67626;6;-1;0;0;1;1; -1;1;6;1;-1;Indemne;5
202300025405;155 635 577;A01;1;0;1;1;26;5;203 790 927;10;3;4;2;1936.0;5;0;-1;-1;22;7;2023;16:25;1;35;35238;2;1;1;6;48.11055;-1.67626;6;-1;0;0;1;1; -1;1;6;1;-1;Blessé léger;5
202300025408;155 635 571;A01;3;0;2;0;15;3;203 790 919;1;1;1;1;2005.0;5;1;-1;-1;11;10;2023;15:30;1;69;69389;2;2;1;3;45.780501;4.80907008;4;2;4;1;1;1; -1;1;0;5;50;Indemne;2
202300025408;155 635 571;A01;3;0;2;0;15;3;203 790 919;1;1;1;1;2005.0;5;1;-1;-1;11;10;2023;15:30;1;69;69389;2;2;1;3;45.780501;4.80907008;4;2;2;0;1;1; -1;1;2;5;50;Indemne;2
202300025408;155 635 572;B01;1;0;2;7;1;5;203 790 920;1;1;4;1;2014.0;5;2;-1;-1;11;10;2023;15:30;1;69;69389;2;2;1;3;45.780501;4.80907008;4;2;4;1;1;1; -1;1;0;5;50;Blessé léger;2
202300025408;155 635 572;B01;1;0;2;7;1;5;203 790 920;1;1;4;1;2014.0;5;2;-1;-1;11;10;2023;15:30;1;69;69389;2;2;1;3;45.780501;4.80907008;4;2;2;0;1;1; -1;1;2;5;50;Blessé léger;2
202300025415;155 635 560;Y01;1;0;0;0;1;5;203 790 903;1;1;3;2;1977.0;1;2;8;-1;10;10;2023;07:30;1;83;83069;2;1;1;6;43.12623;6.09879;3;-1;2;0;1;1;7;1;0;1;50;Blessé hospitalisé;1
202300025420;155 635 550;A01;7;0;0;2;2;1;203 790 892;1;1;1;1;1942.0;3;8;0;-1;11;7;2023;17:35;1;74;74281;2;1;3;3;46.355;6.447;4;2;0;0;1;2; -1;2;2;1;70;Indemne;1
202300025420;155 635 551;B01;1;0;2;8;1;5;203 790 893;1;1;4;2;1981.0;1;2;0;-1;11;7;2023;17:35;1;74;74281;2;1;3;3;46.355;6.447;4;2;0;0;1;2; -1;2;2;1;70;Blessé léger;1
202300025425;155 635 542;B01;1;0;2;1;19;5;203 790 883;1;1;4;1;2001.0;0;2;-1;-1;10;10;2023;20:05;5;63;63245;2;2;1;3;45.89469253;3.09491515;4;2;2;0;1;2; -1;1;0;1;50;Blessé léger;1
202300025425;155 635 542;B01;1;0;2;1;19;5;203 790 883;1;1;4;1;2001.0;0;2;-1;-1;10;10;2023;20:05;5;63;63245;2;2;1;3;45.89469253;3.09491515;4;2;2;0;1;3; -1;1;0;1;30;Blessé léger;1
202300025425;155 635 543;A01;7;0;2;3;15;1;203 790 884;1;1;1;2;1972.0;1;1;-1;-1;10;10;2023;20:05;5;63;63245;2;2;1;3;45.89469253;3.09491515;4;2;2;0;1;2; -1;1;0;1;50;Indemne;1
202300025425;155 635 543;A01;7;0;2;3;15;1;203 790 884;1;1;1;2;1972.0;1;1;-1;-1;10;10;2023;20:05;5;63;63245;2;2;1;3;45.89469253;3.09491515;4;2;2;0;1;3; -1;1;0;1;30;Indemne;1
202300025429;155 635 534;B01;1;0;2;8;1;5;203 790 873;1;1;4;1;1945.0;5;8;0;-1;11;10;2023;15:30;1;58;58194;2;3;1;3;46.98186;3.16034;4;2;2;0;1;1; -1;1;0;1;50;Blessé léger;2
202300025429;155 635 534;B01;1;0;2;8;1;5;203 790 873;1;1;4;1;1945.0;5;8;0;-1;11;10;2023;15:30;1;58;58194;2;3;1;3;46.98186;3.16034;4;2;2;0;1;1; -1;1;0;1;50;Blessé léger;2
202300025429;155 635 535;A01;10;0;2;1;9;1;203 790 874;1;1;1;1;1964.0;4;1;0;-1;11;10;2023;15:30;1;58;58194;2;3;1;3;46.98186;3.16034;4;2;2;0;1;1; -1;1;0;1;50;Indemne;2
202300025429;155 635 535;A01;10;0;2;1;9;1;203 790 874;1;1;1;1;1964.0;4;1;0;-1;11;10;2023;15:30;1;58;58194;2;3;1;3;46.98186;3.16034;4;2;2;0;1;1; -1;1;0;1;50;Indemne;2
202300025431;155 635 530;A01;7;0;2;7;26;1;203 790 869;1;1;3;1;1943.0;5;1;0;-1;11;10;2023;15:45;1;53;53130;2;1;1;6;48.07126;-0.76226;4;2;2;0;2;1; -1;1;0;1;30;Blessé hospitalisé;2
202300025431;155 635 531;B01;1;0;0;8;26;5;203 790 870;1;1;4;2;1997.0;0;-1;0;-1;11;10;2023;15:45;1;53;53130;2;1;1;6;48.07126;-0.76226;4;2;2;0;2;1; -1;1;0;1;30;Blessé léger;2
202300025454;155 635 486;B01;1;0;2;1;26;5;203 790 795;1;1;4;1;1964.0;1;0;-1;-1;20;4;2023;13:15;1;44;44172;2;6;1;3;47.25788349;-1.4622277;4;2;2;0;1;1; -1;1;0;1;50;Blessé léger;3
202300025454;155 635 487;A01;7;0;2;3;9;1;203 790 796;1;1;1;2;1971.0;9;1;-1;-1;20;4;2023;13:15;1;44;44172;2;6;1;3;47.25788349;-1.4622277;4;2;2;0;1;1; -1;1;0;1;50;Indemne;3
202300025455;155 635 485;A01;1;0;0;0;1;5;203 790 794;1;1;3;1;1944.0;5;2;4;6;19;4;2023;15:05;1;29;29103;2;6;1;7;48.44986027;-4.26536783;3;1;2;0;1;2;7;1;9;1;50;Blessé hospitalisé;2
202300025470;155 635 460;A01;1;0;1;1;1;5;203 790 759;10;3;4;2;2016.0;0;0;-1;-1;18;4;2023;18:40;1;69;69387;2;1;1;6;45.73325573;4.82095782;4;2;5;2;1;1; -1;1;0;5;30;Blessé léger;1
202300025470;155 635 460;A01;1;0;1;1;1;5;203 790 760;1;1;4;2;1976.0;1;8;-1;-1;18;4;2023;18:40;1;69;69387;2;1;1;6;45.73325573;4.82095782;4;2;5;2;1;1; -1;1;0;5;30;Blessé léger;1
202300025483;155 635 435;B01;1;0;2;2;1;5;203 790 728;1;1;4;1;2010.0;2;8;0;-1;18;4;2023;08:00;1;81;81004;2;2;1;3;43.943;2.14996;3;2;2;1;1;1; -1;1;0;1;50;Blessé léger;1
202300025483;155 635 435;B01;1;0;2;2;1;5;203 790 728;1;1;4;1;2010.0;2;8;0;-1;18;4;2023;08:00;1;81;81004;2;2;1;3;43.943;2.14996;3;2;2;0;1;1; -1;1;0;1;50;Blessé léger;1
202300025483;155 635 436;A01;10;0;2;3;1;1;203 790 729;1;1;1;1;1955.0;5;1;8;-1;18;4;2023;08:00;1;81;81004;2;2;1;3;43.943;2.14996;3;2;2;1;1;1; -1;1;0;1;50;Indemne;1
202300025483;155 635 436;A01;10;0;2;3;1;1;203 790 729;1;1;1;1;1955.0;5;1;8;-1;18;4;2023;08:00;1;81;81004;2;2;1;3;43.943;2.14996;3;2;2;0;1;1; -1;1;0;1;50;Indemne;1
202300025503;155 635 394;A01;1;0;0;1;1;5;203 790 679;1;1;2;1;1981.0;5;2;-1;-1;5;8;2023;15:35;1;01;01447;2;1;1;7;46.188439;5.397195;3;2;2;0;1;1;5,5;1;0;1;50;Tué;5
202300025510;155 635 384;B01;1;0;2;6;2;5;203 790 664;1;1;4;1;1948.0;5;2;-1;-1;6;8;2023;10:05;1;26;26146;1;1;1;2;44.449655;4.944073;3;-1;1;0;1;3;3;1;0;1;80;Blessé léger;6
202300025524;155 635 359;C01;1;0;2;1;1;5;203 790 636;1;1;3;1;1971.0;5;2;-1;-1;4;8;2023;15:00;1;05;05114;2;1;2;5;44.594841;6.365338;3;2;2;0;2;1; -1;2;0;1;50;Blessé hospitalisé;4
202300025524;155 635 361;A01;7;0;2;3;1;1;203 790 638;1;1;1;2;1984.0;5;1;-1;-1;4;8;2023;15:00;1;05;05114;2;1;2;5;44.594841;6.365338;3;2;2;0;2;1; -1;2;0;1;50;Indemne;4
202300025524;155 635 361;A01;7;0;2;3;1;1;203 790 639;2;2;1;1;1977.0;5;1;-1;-1;4;8;2023;15:00;1;05;05114;2;1;2;5;44.594841;6.365338;3;2;2;0;2;1; -1;2;0;1;50;Indemne;4
202300025524;155 635 363;B01;1;0;2;1;1;5;203 790 641;1;1;3;1;1974.0;5;2;-1;-1;4;8;2023;15:00;1;05;05114;2;1;2;5;44.594841;6.365338;3;2;2;0;2;1; -1;2;0;1;50;Blessé hospitalisé;4
202300025543;155 635 327;A01;7;0;2;0;9;1;203 790 594;1;1;1;2;1978.0;1;1;0;-1;14;4;2023;13:00;1;50;50129;2;1;2;7;49.63296;-1.59046;4;2;2;0;1;1; -1;2;0;1;50;Indemne;4
202300025543;155 635 328;B01;1;0;2;0;1;5;203 790 595;1;1;4;1;1982.0;5;8;0;-1;14;4;2023;13:00;1;50;50129;2;1;2;7;49.63296;-1.59046;4;2;2;0;1;1; -1;2;0;1;50;Blessé léger;4
202300025551;155 635 318;B01;1;1;2;7;19;5;203 790 584;1;1;4;1;2009.0;0;8;0;-1;18;4;2023;20:40;2;45;45234;2;2;1;3;47.89975;1.89782;4;1;1;0;1;1; -1;1;0;1;30;Blessé léger;1
202300025551;155 635 318;B01;1;1;2;7;19;5;203 790 584;1;1;4;1;2009.0;0;8;0;-1;18;4;2023;20:40;2;45;45234;2;2;1;3;47.89975;1.89782;4;1;1;0;2;1; -1;1;0;1;30;Blessé léger;1
202300025551;155 635 320;A01;7;0;2;2;19;1;203 790 585;1;1;1;1;1985.0;0;1;8;-1;18;4;2023;20:40;2;45;45234;2;2;1;3;47.89975;1.89782;4;1;1;0;1;1; -1;1;0;1;30;Indemne;1
202300025551;155 635 320;A01;7;0;2;2;19;1;203 790 585;1;1;1;1;1985.0;0;1;8;-1;18;4;2023;20:40;2;45;45234;2;2;1;3;47.89975;1.89782;4;1;1;0;2;1; -1;1;0;1;30;Indemne;1
202300025558;155 635 304;A01;7;0;2;3;9;1;203 790 565;1;1;1;1;1934.0;5;8;-1;-1;3;8;2023;12:00;1;40;40310;2;6;1;3;43.756508;-1.325242;3;2;1;0;1;1;3;1;0;2;50;Indemne;3
202300025558;155 635 306;B01;1;0;2;7;2;5;203 790 566;1;1;4;2;1976.0;5;0;-1;-1;3;8;2023;12:00;1;40;40310;2;6;1;3;43.756508;-1.325242;3;2;1;0;1;1;3;1;0;2;50;Blessé léger;3
202300025566;155 635 289;A01;7;0;2;8;9;3;203 790 542;1;1;1;1;1977.0;5;1;-1;-1;18;4;2023;13:20;1;33;33318;2;6;1;3;44.78996;-0.63451;4;2;2;0;1;1; -1;1;0;1;50;Indemne;1
202300025566;155 635 289;A01;7;0;2;8;9;3;203 790 542;1;1;1;1;1977.0;5;1;-1;-1;18;4;2023;13:20;1;33;33318;2;6;1;3;44.78996;-0.63451;4;2;2;2;1;1; -1;1;0;1;50;Indemne;1
202300025566;155 635 290;B01;1;0;2;1;1;5;203 790 544;1;1;4;1;1998.0;1;0;-1;-1;18;4;2023;13:20;1;33;33318;2;6;1;3;44.78996;-0.63451;4;2;2;0;1;1; -1;1;0;1;50;Blessé léger;1
202300025566;155 635 290;B01;1;0;2;1;1;5;203 790 544;1;1;4;1;1998.0;1;0;-1;-1;18;4;2023;13:20;1;33;33318;2;6;1;3;44.78996;-0.63451;4;2;2;2;1;1; -1;1;0;1;50;Blessé léger;1
202300025588;155 635 249;B01;7;0;2;5;1;1;203 790 491;1;1;1;1;1991.0;5;1;0;-1;16;4;2023;12:05;1;19;19031;2;2;1;3;45.1574;1.52375;4;2;3;0;1;1; -1;1;0;1;50;Indemne;6
202300025588;155 635 249;B01;7;0;2;5;1;1;203 790 491;1;1;1;1;1991.0;5;1;0;-1;16;4;2023;12:05;1;19;19031;2;2;1;3;45.1574;1.52375;4;2;3;0;1;1; -1;1;0;1;50;Indemne;6
202300025588;155 635 252;A01;1;0;2;1;1;5;203 790 494;1;1;4;1;1978.0;5;2;8;-1;16;4;2023;12:05;1;19;19031;2;2;1;3;45.1574;1.52375;4;2;3;0;1;1; -1;1;0;1;50;Blessé léger;6
202300025588;155 635 252;A01;1;0;2;1;1;5;203 790 494;1;1;4;1;1978.0;5;2;8;-1;16;4;2023;12:05;1;19;19031;2;2;1;3;45.1574;1.52375;4;2;3;0;1;1; -1;1;0;1;50;Blessé léger;6
202300025606;155 635 217;A01;1;0;2;7;15;5;203 790 447;1;1;1;2;1990.0;5;2;0;-1;18;4;2023;18:30;2;75;75115;2;2;2;3;48.845516;2.319163;4;1;2;1;1;1; -1;2;0;1;30;Indemne;1
202300025606;155 635 217;A01;1;0;2;7;15;5;203 790 447;1;1;1;2;1990.0;5;2;0;-1;18;4;2023;18:30;2;75;75115;2;2;2;3;48.845516;2.319163;4;1;1;2;1;3; -1;2;0;1;30;Indemne;1
202300025606;155 635 218;B01;50;0;2;1;1;3;203 790 448;1;1;4;2;1981.0;1;8;0;-1;18;4;2023;18:30;2;75;75115;2;2;2;3;48.845516;2.319163;4;1;2;1;1;1; -1;2;0;1;30;Blessé léger;1
202300025606;155 635 218;B01;50;0;2;1;1;3;203 790 448;1;1;4;2;1981.0;1;8;0;-1;18;4;2023;18:30;2;75;75115;2;2;2;3;48.845516;2.319163;4;1;1;2;1;3; -1;2;0;1;30;Blessé léger;1
202300025615;155 635 202;A01;1;0;2;8;15;5;203 790 423;1;1;4;2;1992.0;1;8;0;-1;18;4;2023;09:15;1;75;75110;2;2;1;3;48.871771;2.357131;4;1;2;0;1;1; -1;1;0;1;30;Blessé léger;1
202300025615;155 635 202;A01;1;0;2;8;15;5;203 790 423;1;1;4;2;1992.0;1;8;0;-1;18;4;2023;09:15;1;75;75110;2;2;1;3;48.871771;2.357131;4;1;3;1;1;1; -1;1;0;1;30;Blessé léger;1
202300025617;155 635 198;A01;7;0;2;3;15;1;203 790 419;1;1;1;2;1960.0;1;1;0;-1;18;4;2023;09:00;1;75;75110;2;3;1;3;48.87863;2.350543;4;2; -1;-1;1;1; -1;1;0;1;30;Indemne;1
202300025617;155 635 198;A01;7;0;2;3;15;1;203 790 419;1;1;1;2;1960.0;1;1;0;-1;18;4;2023;09:00;1;75;75110;2;3;1;3;48.87863;2.350543;4;1;2;2;1;1; -1;1;0;1;30;Indemne;1
202300025617;155 635 199;B01;1;0;2;1;1;5;203 790 420;1;1;4;1;1999.0;1;2;0;-1;18;4;2023;09:00;1;75;75110;2;3;1;3;48.87863;2.350543;4;2; -1;-1;1;1; -1;1;0;1;30;Blessé léger;1
202300025617;155 635 199;B01;1;0;2;1;1;5;203 790 420;1;1;4;1;1999.0;1;2;0;-1;18;4;2023;09:00;1;75;75110;2;3;1;3;48.87863;2.350543;4;1;2;2;1;1; -1;1;0;1;30;Blessé léger;1
202300025618;155 635 195;C01;1;0;0;4;23;5;203 790 414;1;1;1;1;1982.0;1;2;6;-1;18;4;2023;11:40;1;75;75109;2;4;1;5;48.871157;2.332344;4;-1; -1;-1;1;1; -1;1;0;1;30;Indemne;1
202300025618;155 635 195;C01;1;0;0;4;23;5;203 790 414;1;1;1;1;1982.0;1;2;6;-1;18;4;2023;11:40;1;75;75109;2;4;1;5;48.871157;2.332344;4;1;2;0;1;1; -1;1;0;1;30;Indemne;1
202300025618;155 635 196;A01;7;0;2;1;1;2;203 790 415;1;1;1;1;1973.0;1;1;0;-1;18;4;2023;11:40;1;75;75109;2;4;1;5;48.871157;2.332344;4;-1; -1;-1;1;1; -1;1;0;1;30;Indemne;1
202300025618;155 635 196;A01;7;0;2;1;1;2;203 790 415;1;1;1;1;1973.0;1;1;0;-1;18;4;2023;11:40;1;75;75109;2;4;1;5;48.871157;2.332344;4;1;2;0;1;1; -1;1;0;1;30;Indemne;1
202300025618;155 635 197;B01;30;0;2;4;1;3;203 790 417;1;1;4;1;1993.0;4;2;6;-1;18;4;2023;11:40;1;75;75109;2;4;1;5;48.871157;2.332344;4;-1; -1;-1;1;1; -1;1;0;1;30;Blessé léger;1
202300025618;155 635 197;B01;30;0;2;4;1;3;203 790 417;1;1;4;1;1993.0;4;2;6;-1;18;4;2023;11:40;1;75;75109;2;4;1;5;48.871157;2.332344;4;1;2;0;1;1; -1;1;0;1;30;Blessé léger;1
202300025627;155 635 181;B01;7;0;2;8;9;0;203 790 393;1;1;1;1;1981.0;5;1;0;-1;18;4;2023;18:25;1;94;94058;2;1;8;3;48.84768;2.4979;3;1;2;0;1;1;7;1;0;1;50;Indemne;1
202300025627;155 635 182;A01;1;0;2;1;5;5;203 790 394;1;1;4;2;1975.0;5;2;0;-1;18;4;2023;18:25;1;94;94058;2;1;8;3;48.84768;2.4979;3;1;2;0;1;1;7;1;0;1;50;Blessé léger;1
202300025644;155 635 149;A01;1;0;1;1;1;5;203 790 349;10;3;4;1;1964.0;0;0;-1;-1;18;4;2023;08:50;1;92;92072;2;1;1;6;48.82710365;2.22204119;3;2;4;1;2;1;12;1;0;5;50;Blessé léger;1
202300025644;155 635 149;A01;1;0;1;1;1;5;203 790 350;1;1;1;1;2000.0;0;8;0;-1;18;4;2023;08:50;1;92;92072;2;1;1;6;48.82710365;2.22204119;3;2;4;1;2;1;12;1;0;5;50;Indemne;1
202300025647;155 635 146;Z01;1;0;1;0;0;0;203 790 346;10;3;4;2;2020.0;5;8;8;-1;18;4;2023;18:40;1;92;92020;2;1;1;6;48.79897029;2.28690237;4;2;2;3;1;1; -1;1;6;6;-1;Blessé léger;1
202300025649;155 635 142;A01;34;0;2;3;13;1;203 790 337;1;1;3;1;2003.0;5;2;-1;-1;4;8;2023;18:25;3;987;98740;1;1;1;1;-15.364;-147.964;2;2;2;0;1;3; -1;1;0;1;60;Blessé hospitalisé;4
202300025649;155 635 144;B01;80;0;2;3;1;3;203 790 340;2;2;1;1;2018.0;5;2;-1;-1;4;8;2023;18:25;3;987;98740;1;1;1;1;-15.364;-147.964;2;2;2;0;1;3; -1;1;0;1;60;Indemne;4
202300025649;155 635 144;B01;80;0;2;3;1;3;203 790 341;1;1;3;1;2003.0;5;2;-1;-1;4;8;2023;18:25;3;987;98740;1;1;1;1;-15.364;-147.964;2;2;2;0;1;3; -1;1;0;1;60;Blessé hospitalisé;4
202300025649;155 635 144;B01;80;0;2;3;1;3;203 790 344;2;2;1;1;2010.0;5;2;-1;-1;4;8;2023;18:25;3;987;98740;1;1;1;1;-15.364;-147.964;2;2;2;0;1;3; -1;1;0;1;60;Indemne;4
202300025658;155 635 128;A01;7;0;2;3;9;1;203 790 319;1;1;1;1;1983.0;1;1;0;-1;18;4;2023;18:45;1;92;92060;2;6;1;3;48.7727904;2.25171179;3;1;2;1;1;2; -1;1;0;1;30;Indemne;1
202300025658;155 635 128;A01;7;0;2;3;9;1;203 790 319;1;1;1;1;1983.0;1;1;0;-1;18;4;2023;18:45;1;92;92060;2;6;1;3;48.7727904;2.25171179;3;2;2;0;1;1; -1;1;0;1;50;Indemne;1
202300025658;155 635 132;B01;1;0;2;7;1;5;203 790 323;1;1;4;1;1970.0;1;2;0;-1;18;4;2023;18:45;1;92;92060;2;6;1;3;48.7727904;2.25171179;3;1;2;1;1;2; -1;1;0;1;30;Blessé léger;1
202300025658;155 635 132;B01;1;0;2;7;1;5;203 790 323;1;1;4;1;1970.0;1;2;0;-1;18;4;2023;18:45;1;92;92060;2;6;1;3;48.7727904;2.25171179;3;2;2;0;1;1; -1;1;0;1;50;Blessé léger;1
202300025678;155 635 092;A01;1;0;2;3;19;5;203 790 271;1;1;4;1;2005.0;5;2;-1;-1;19;4;2023;16:00;1;82;82025;1;2;1;3;43.968446;1.320822;3;2;2;0;1;1;6;1;0;1;70;Blessé léger;2
202300025678;155 635 092;A01;1;0;2;3;19;5;203 790 271;1;1;4;1;2005.0;5;2;-1;-1;19;4;2023;16:00;1;82;82025;1;2;1;3;43.968446;1.320822;3;2;2;0;1;1;6;1;0;1;70;Blessé léger;2
202300025678;155 635 095;B01;15;0;2;1;1;1;203 790 274;1;1;1;1;1989.0;4;1;-1;-1;19;4;2023;16:00;1;82;82025;1;2;1;3;43.968446;1.320822;3;2;2;0;1;1;6;1;0;1;70;Indemne;2
202300025678;155 635 095;B01;15;0;2;1;1;1;203 790 274;1;1;1;1;1989.0;4;1;-1;-1;19;4;2023;16:00;1;82;82025;1;2;1;3;43.968446;1.320822;3;2;2;0;1;1;6;1;0;1;70;Indemne;2
202300025703;155 635 046;B01;1;0;2;1;1;5;203 790 205;1;1;3;2;1965.0;5;8;0;-1;24;1;2023;13:40;1;55;55545;2;1;1;3;49.15177;5.39578;4;2;2;0;1;1; -1;1;0;1;50;Blessé hospitalisé;1
202300025703;155 635 049;A01;10;0;2;8;15;1;203 790 208;1;1;1;1;1966.0;0;1;0;-1;24;1;2023;13:40;1;55;55545;2;1;1;3;49.15177;5.39578;4;2;2;0;1;1; -1;1;0;1;50;Indemne;1
202300025724;155 635 009;A01;7;0;9;2;0;1;203 790 164;1;1;1;1;1968.0;0;1;8;-1;4;8;2023;10:00;1;34;34145;2;4;1;3;43.67417;4.127667;3;2;2;0;1;1;6;1;0;1;50;Indemne;4
202300025724;155 635 009;A01;7;0;9;2;0;1;203 790 164;1;1;1;1;1968.0;0;1;8;-1;4;8;2023;10:00;1;34;34145;2;4;1;3;43.67417;4.127667;3;1; -1;-1;1;1; -1;1;0;1;-1;Indemne;4
202300025724;155 635 012;B01;80;0;2;8;0;5;203 790 168;1;1;4;2;1948.0;0;0;-1;-1;4;8;2023;10:00;1;34;34145;2;4;1;3;43.67417;4.127667;3;2;2;0;1;1;6;1;0;1;50;Blessé léger;4
202300025724;155 635 012;B01;80;0;2;8;0;5;203 790 168;1;1;4;2;1948.0;0;0;-1;-1;4;8;2023;10:00;1;34;34145;2;4;1;3;43.67417;4.127667;3;1; -1;-1;1;1; -1;1;0;1;-1;Blessé léger;4
202300025769;155 634 925;B01;7;0;2;6;23;1;203 790 052;1;1;1;1;1962.0;9;1;0;-1;23;1;2023;16:55;1;974;97411;2;1;2;2;-20.87701;55.44799;4;2;2;0;2;1; -1;2;9;1;50;Indemne;0
202300025769;155 634 927;A01;1;1;0;1;21;5;203 790 054;1;1;4;1;2004.0;0;2;0;-1;23;1;2023;16:55;1;974;97411;2;1;2;2;-20.87701;55.44799;4;2;2;0;2;1; -1;2;9;1;50;Blessé léger;0