Num_Acc;id_vehicule;num_veh;catv;obs;obsm;choc;manv;motor;id_usager;place;catu;grav;sexe;an_nais;trajet;secu1;secu2;secu3;jour;mois;an;hrmn;lum;dep;com;agg;int;atm;col;lat;long;catr;circ;nbv;vosp;prof;plan;larrout;surf;infra;situ;vma;gravity;day_of_week
202300025776;155 634 915;A01;7;0;9;1;1;1;203 790 041;1;1;1;1;1951.0;5;1;0;-1;4;3;2023;16:50;1;26;26198;2;9;1;3;44.55396487;4.74203825;4;2;2;0;1;1; -1;1;0;1;50;Indemne;5
202300025776;155 634 917;B01;1;0;2;1;1;5;203 790 043;1;1;3;2;1968.0;3;8;0;-1;4;3;2023;16:50;1;26;26198;2;9;1;3;44.55396487;4.74203825;4;2;2;0;1;1; -1;1;0;1;50;Blessé hospitalisé;5
202300025813;155 634 841;A01;7;0;2;8;6;1;203 789 947;1;1;1;2;1967.0;4;1;0;-1;26;5;2023;09:40;1;64;64445;2;6;1;3;43.3164;-0.37487;4;1;1;0;1;2; -1;1;0;1;50;Indemne;4
202300025813;155 634 844;B01;1;0;2;0;0;5;203 789 951;1;1;4;2;1946.0;5;2;0;-1;26;5;2023;09:40;1;64;64445;2;6;1;3;43.3164;-0.37487;4;1;1;0;1;2; -1;1;0;1;50;Blessé léger;4
202300025819;155 634 831;B01;1;0;2;7;19;5;203 789 932;1;1;3;1;2006.0;0;2;0;-1;24;1;2023;07:35;2;85;85191;2;6;1;3;46.69039;-1.4289;3;1;1;0;1;3; -1;1;5;1;50;Blessé hospitalisé;1
202300025819;155 634 832;A01;7;0;2;1;1;1;203 789 934;1;1;1;1;1967.0;1;1;0;-1;24;1;2023;07:35;2;85;85191;2;6;1;3;46.69039;-1.4289;3;1;1;0;1;3; -1;1;5;1;50;Indemne;1
202300025830;155 634 811;A01;1;2;0;1;1;5;203 789 898;1;1;2;1;1957.0;5;0;-1;-1;5;8;2023;22:10;3;81;81165;1;1;1;6;44.134513;1.870573;4;2;2;0;2;1; -1;1;0;3;80;Tué;5
202300025836;155 634 798;B01;1;0;2;1;1;5;203 789 880;1;1;4;1;2003.0;0;2;8;-1;24;1;2023;19:00;5;81;81004;2;4;1;3;43.93107;2.14725;4;1; -1;-1;2;1; -1;1;5;1;50;Blessé léger;1
202300025836;155 634 798;B01;1;0;2;1;1;5;203 789 880;1;1;4;1;2003.0;0;2;8;-1;24;1;2023;19:00;5;81;81004;2;4;1;3;43.93107;2.14725;4;2;1;2;2;1; -1;1;0;5;50;Blessé léger;1
202300025836;155 634 801;A01;7;0;2;7;15;1;203 789 884;1;1;1;1;2003.0;0;8;0;-1;24;1;2023;19:00;5;81;81004;2;4;1;3;43.93107;2.14725;4;1; -1;-1;2;1; -1;1;5;1;50;Indemne;1
202300025836;155 634 801;A01;7;0;2;7;15;1;203 789 884;1;1;1;1;2003.0;0;8;0;-1;24;1;2023;19:00;5;81;81004;2;4;1;3;43.93107;2.14725;4;2;1;2;2;1; -1;1;0;5;50;Indemne;1
202300025840;155 634 791;B01;1;0;2;1;5;5;203 789 871;1;1;3;1;2011.0;5;0;-1;-1;4;8;2023;20:50;1;79;79049;2;2;1;3;46.84026;-0.4932;4;1;1;-1;4;1; -1;1;0;1;50;Blessé hospitalisé;4
202300025840;155 634 791;B01;1;0;2;1;5;5;203 789 871;1;1;3;1;2011.0;5;0;-1;-1;4;8;2023;20:50;1;79;79049;2;2;1;3;46.84026;-0.4932;4;2;2;0;1;1;6,5;1;0;1;50;Blessé hospitalisé;4
202300025840;155 634 796;A01;7;0;0;3;1;1;203 789 877;1;1;1;1;1969.0;1;1;-1;-1;4;8;2023;20:50;1;79;79049;2;2;1;3;46.84026;-0.4932;4;1;1;-1;4;1; -1;1;0;1;50;Indemne;4
202300025840;155 634 796;A01;7;0;0;3;1;1;203 789 877;1;1;1;1;1969.0;1;1;-1;-1;4;8;2023;20:50;1;79;79049;2;2;1;3;46.84026;-0.4932;4;2;2;0;1;1;6,5;1;0;1;50;Indemne;4
202300025847;155 634 776;A01;7;8;2;5;15;1;203 789 853;2;2;4;2;2002.0;5;8;-1;-1;6;8;2023;14:39;1;17;17064;1;2;1;4;45.690471;-1.024872;3;2;2;0;2;1;7;1;0;1;90;Blessé léger;6
202300025847;155 634 776;A01;7;8;2;5;15;1;203 789 853;2;2;4;2;2002.0;5;8;-1;-1;6;8;2023;14:39;1;17;17064;1;2;1;4;45.690471;-1.024872;3;2;2;-1;1;1; -1;1;5;1;50;Blessé léger;6
202300025847;155 634 776;A01;7;8;2;5;15;1;203 789 855;1;1;1;2;2002.0;5;8;-1;-1;6;8;2023;14:39;1;17;17064;1;2;1;4;45.690471;-1.024872;3;2;2;0;2;1;7;1;0;1;90;Indemne;6
202300025847;155 634 776;A01;7;8;2;5;15;1;203 789 855;1;1;1;2;2002.0;5;8;-1;-1;6;8;2023;14:39;1;17;17064;1;2;1;4;45.690471;-1.024872;3;2;2;-1;1;1; -1;1;5;1;50;Indemne;6
202300025847;155 634 780;B01;7;0;0;2;1;1;203 789 859;1;1;4;2;1984.0;5;8;-1;-1;6;8;2023;14:39;1;17;17064;1;2;1;4;45.690471;-1.024872;3;2;2;0;2;1;7;1;0;1;90;Blessé léger;6
202300025847;155 634 780;B01;7;0;0;2;1;1;203 789 859;1;1;4;2;1984.0;5;8;-1;-1;6;8;2023;14:39;1;17;17064;1;2;1;4;45.690471;-1.024872;3;2;2;-1;1;1; -1;1;5;1;50;Blessé léger;6
202300025847;155 634 780;B01;7;0;0;2;1;1;203 789 860;4;2;1;2;2022.0;5;3;-1;-1;6;8;2023;14:39;1;17;17064;1;2;1;4;45.690471;-1.024872;3;2;2;0;2;1;7;1;0;1;90;Indemne;6
202300025847;155 634 780;B01;7;0;0;2;1;1;203 789 860;4;2;1;2;2022.0;5;3;-1;-1;6;8;2023;14:39;1;17;17064;1;2;1;4;45.690471;-1.024872;3;2;2;-1;1;1; -1;1;5;1;50;Indemne;6
202300025847;155 634 783;D01;80;0;0;3;23;3;203 789 864;1;1;4;2;1950.0;5;2;-1;-1;6;8;2023;14:39;1;17;17064;1;2;1;4;45.690471;-1.024872;3;2;2;0;2;1;7;1;0;1;90;Blessé léger;6
202300025847;155 634 783;D01;80;0;0;3;23;3;203 789 864;1;1;4;2;1950.0;5;2;-1;-1;6;8;2023;14:39;1;17;17064;1;2;1;4;45.690471;-1.024872;3;2;2;-1;1;1; -1;1;5;1;50;Blessé léger;6
202300025847;155 634 785;C01;80;0;0;6;26;3;203 789 866;1;1;3;1;1948.0;5;2;-1;-1;6;8;2023;14:39;1;17;17064;1;2;1;4;45.690471;-1.024872;3;2;2;0;2;1;7;1;0;1;90;Blessé hospitalisé;6
202300025847;155 634 785;C01;80;0;0;6;26;3;203 789 866;1;1;3;1;1948.0;5;2;-1;-1;6;8;2023;14:39;1;17;17064;1;2;1;4;45.690471;-1.024872;3;2;2;-1;1;1; -1;1;5;1;50;Blessé hospitalisé;6
202300025886;155 634 706;A01;7;0;9;7;17;1;203 789 761;1;1;1;2;1939.0;5;1;-1;-1;6;8;2023;10:12;1;85;85163;2;2;1;3;47.00456609;-2.24534019;3;2;2;0;1;1; -1;1;0;1;50;Indemne;6
202300025886;155 634 706;A01;7;0;9;7;17;1;203 789 761;1;1;1;2;1939.0;5;1;-1;-1;6;8;2023;10:12;1;85;85163;2;2;1;3;47.00456609;-2.24534019;3;2; -1;-1;1;3; -1;1;0;1;-1;Indemne;6
202300025886;155 634 709;B01;80;0;2;8;26;3;203 789 766;1;1;3;2;1939.0;5;0;-1;-1;6;8;2023;10:12;1;85;85163;2;2;1;3;47.00456609;-2.24534019;3;2;2;0;1;1; -1;1;0;1;50;Blessé hospitalisé;6
202300025886;155 634 709;B01;80;0;2;8;26;3;203 789 766;1;1;3;2;1939.0;5;0;-1;-1;6;8;2023;10:12;1;85;85163;2;2;1;3;47.00456609;-2.24534019;3;2; -1;-1;1;3; -1;1;0;1;-1;Blessé hospitalisé;6
202300025894;155 634 689;A01;10;0;2;1;1;1;203 789 742;1;1;1;1;1964.0;4;1;0;-1;8;3;2023;09:20;1;75;75117;2;2;2;2;48.882517;2.31052;4;2;2;0;1;1; -1;2;0;1;30;Indemne;2
202300025894;155 634 689;A01;10;0;2;1;1;1;203 789 742;1;1;1;1;1964.0;4;1;0;-1;8;3;2023;09:20;1;75;75117;2;2;2;2;48.882517;2.31052;4;2;2;0;1;1; -1;2;0;1;30;Indemne;2
202300025894;155 634 695;B01;1;0;2;4;1;5;203 789 749;1;1;4;2;2007.0;2;8;0;-1;8;3;2023;09:20;1;75;75117;2;2;2;2;48.882517;2.31052;4;2;2;0;1;1; -1;2;0;1;30;Blessé léger;2
202300025894;155 634 695;B01;1;0;2;4;1;5;203 789 749;1;1;4;2;2007.0;2;8;0;-1;8;3;2023;09:20;1;75;75117;2;2;2;2;48.882517;2.31052;4;2;2;0;1;1; -1;2;0;1;30;Blessé léger;2
202300025901;155 634 681;A01;1;0;2;1;1;5;203 789 732;1;1;4;1;1967.0;0;0;-1;-1;26;5;2023;19:10;1;33;33063;2;1;1;2;44.83718;-0.57605;4;2;3;3;1;1; -1;1;-1;1;30;Blessé léger;4
202300025901;155 634 684;B01;7;0;2;4;1;1;203 789 735;1;1;1;2;1997.0;0;1;-1;-1;26;5;2023;19:10;1;33;33063;2;1;1;2;44.83718;-0.57605;4;2;3;3;1;1; -1;1;-1;1;30;Indemne;4
202300025911;155 634 660;B01;33;0;2;2;1;1;203 789 706;1;1;4;1;1995.0;1;2;6;-1;26;5;2023;09:40;1;33;33069;2;3;1;3;44.86206;-0.61585;4;2;2;0;1;1; -1;1;0;1;50;Blessé léger;4
202300025911;155 634 660;B01;33;0;2;2;1;1;203 789 706;1;1;4;1;1995.0;1;2;6;-1;26;5;2023;09:40;1;33;33069;2;3;1;3;44.86206;-0.61585;4;2;2;0;1;1; -1;1;0;1;50;Blessé léger;4
202300025911;155 634 664;A01;1;0;2;3;15;5;203 789 711;1;1;4;1;1960.0;5;0;-1;-1;26;5;2023;09:40;1;33;33069;2;3;1;3;44.86206;-0.61585;4;2;2;0;1;1; -1;1;0;1;50;Blessé léger;4
202300025911;155 634 664;A01;1;0;2;3;15;5;203 789 711;1;1;4;1;1960.0;5;0;-1;-1;26;5;2023;09:40;1;33;33069;2;3;1;3;44.86206;-0.61585;4;2;2;0;1;1; -1;1;0;1;50;Blessé léger;4
202300025912;155 634 661;B01;7;0;2;3;1;1;203 789 708;1;1;1;2;1999.0;0;1;0;-1;17;4;2023;21:50;5;974;97407;2;4;1;3;-20.93823;55.29673;4;2;0;0;1;1; -1;1;0;1;50;Indemne;0
202300025912;155 634 661;B01;7;0;2;3;1;1;203 789 708;1;1;1;2;1999.0;0;1;0;-1;17;4;2023;21:50;5;974;97407;2;4;1;3;-20.93823;55.29673;4;2;2;0;1;1; -1;1;0;1;50;Indemne;0
202300025912;155 634 666;A01;1;0;2;1;0;5;203 789 717;2;2;4;1;2006.0;9;8;0;-1;17;4;2023;21:50;5;974;97407;2;4;1;3;-20.93823;55.29673;4;2;0;0;1;1; -1;1;0;1;50;Blessé léger;0
202300025912;155 634 666;A01;1;0;2;1;0;5;203 789 717;2;2;4;1;2006.0;9;8;0;-1;17;4;2023;21:50;5;974;97407;2;4;1;3;-20.93823;55.29673;4;2;2;0;1;1; -1;1;0;1;50;Blessé léger;0
202300025916;155 634 653;A01;1;0;2;3;1;5;203 789 699;1;1;4;2;1970.0;1;2;6;-1;25;5;2023;08:40;1;33;33192;2;1;1;3;44.78612862;-0.60403615;4;2;2;2;1;1; -1;1;0;1;50;Blessé léger;3
202300025916;155 634 655;B01;7;0;2;1;15;1;203 789 701;1;1;1;2;1986.0;1;1;-1;-1;25;5;2023;08:40;1;33;33192;2;1;1;3;44.78612862;-0.60403615;4;2;2;2;1;1; -1;1;0;1;50;Indemne;3
202300025921;155 634 644;A01;1;0;2;1;5;5;203 789 686;1;1;3;1;1990.0;5;8;0;-1;25;5;2023;22:41;5;31;31555;2;1;1;1;43.62645502;1.4435555;4;1;2;3;1;2; -1;1;8;1;50;Blessé hospitalisé;3
202300025921;155 634 646;B01;7;0;2;2;1;1;203 789 688;1;1;1;1;1996.0;5;1;0;-1;25;5;2023;22:41;5;31;31555;2;1;1;1;43.62645502;1.4435555;4;1;2;3;1;2; -1;1;8;1;50;Indemne;3
202300025921;155 634 646;B01;7;0;2;2;1;1;203 789 692;2;2;1;1;1999.0;9;1;0;-1;25;5;2023;22:41;5;31;31555;2;1;1;1;43.62645502;1.4435555;4;1;2;3;1;2; -1;1;8;1;50;Indemne;3
202300025922;155 634 642;A01;3;0;2;2;17;1;203 789 684;1;1;1;1;1948.0;5;1;-1;-1;5;8;2023;19:25;1;56;56069;2;1;1;3;47.639951;-3.449895;4;2;2;0;2;1; -1;1;0;1;50;Indemne;5
202300025922;155 634 643;B01;1;0;2;8;1;5;203 789 685;1;1;4;2;1977.0;5;0;-1;-1;5;8;2023;19:25;1;56;56069;2;1;1;3;47.639951;-3.449895;4;2;2;0;2;1; -1;1;0;1;50;Blessé léger;5
202300025924;155 634 640;A01;1;0;0;1;1;5;203 789 682;1;1;4;2;2006.0;2;2;0;-1;8;3;2023;09:00;1;75;75115;2;1;2;7;48.85374331;2.28972673;4;1;2;1;2;1; -1;2;-1;5;25;Blessé léger;2
202300025928;155 634 634;A01;1;0;1;8;1;5;203 789 671;1;1;4;1;1976.0;9;2;0;-1;7;3;2023;16:35;1;75;75114;2;3;1;6;48.840078;2.321732;4;1;3;2;1;1; -1;1;0;1;30;Blessé léger;1
202300025928;155 634 634;A01;1;0;1;8;1;5;203 789 671;1;1;4;1;1976.0;9;2;0;-1;7;3;2023;16:35;1;75;75114;2;3;1;6;48.840078;2.321732;4;2; -1;1;1;1; -1;1;0;1;-1;Blessé léger;1
202300025928;155 634 634;A01;1;0;1;8;1;5;203 789 674;10;3;1;2;2006.0;5;0;-1;-1;7;3;2023;16:35;1;75;75114;2;3;1;6;48.840078;2.321732;4;1;3;2;1;1; -1;1;0;1;30;Indemne;1
202300025928;155 634 634;A01;1;0;1;8;1;5;203 789 674;10;3;1;2;2006.0;5;0;-1;-1;7;3;2023;16:35;1;75;75114;2;3;1;6;48.840078;2.321732;4;2; -1;1;1;1; -1;1;0;1;-1;Indemne;1
202300025928;155 634 634;A01;1;0;1;8;1;5;203 789 676;2;2;1;2;2017.0;5;2;0;-1;7;3;2023;16:35;1;75;75114;2;3;1;6;48.840078;2.321732;4;1;3;2;1;1; -1;1;0;1;30;Indemne;1
202300025928;155 634 634;A01;1;0;1;8;1;5;203 789 676;2;2;1;2;2017.0;5;2;0;-1;7;3;2023;16:35;1;75;75114;2;3;1;6;48.840078;2.321732;4;2; -1;1;1;1; -1;1;0;1;-1;Indemne;1
202300025931;155 634 624;A01;32;0;2;3;1;1;203 789 658;1;1;1;1;1966.0;9;2;6;-1;8;3;2023;16:30;1;75;75108;2;1;2;3;48.865464;2.301402;4;2;2;0;2;1; -1;2;0;1;30;Indemne;2
202300025931;155 634 628;B01;1;0;2;7;19;5;203 789 662;1;1;4;2;1983.0;9;2;0;-1;8;3;2023;16:30;1;75;75108;2;1;2;3;48.865464;2.301402;4;2;2;0;2;1; -1;2;0;1;30;Blessé léger;2
202300025935;155 634 617;B01;1;0;2;1;15;5;203 789 651;1;1;4;1;1951.0;5;0;-1;-1;5;8;2023;17:12;1;35;35334;2;1;1;1;48.156596;-1.591709;4;2;2;1;1;1; -1;1;0;1;30;Blessé léger;5
202300025935;155 634 618;A01;33;0;2;2;2;1;203 789 653;1;1;1;1;2000.0;5;2;6;9;5;8;2023;17:12;1;35;35334;2;1;1;1;48.156596;-1.591709;4;2;2;1;1;1; -1;1;0;1;30;Indemne;5
202300025937;155 634 616;A01;7;0;2;1;10;1;203 789 652;1;1;1;1;1948.0;5;1;0;-1;8;3;2023;20:05;5;75;75103;2;2;1;3;48.866844;2.361913;4;3;3;1;1;1; -1;2;-1;5;30;Indemne;2
202300025937;155 634 616;A01;7;0;2;1;10;1;203 789 652;1;1;1;1;1948.0;5;1;0;-1;8;3;2023;20:05;5;75;75103;2;2;1;3;48.866844;2.361913;4;2;7;1;1;1; -1;2;-1;5;30;Indemne;2
202300025937;155 634 619;B01;80;0;2;2;1;3;203 789 654;1;1;4;2;1997.0;9;8;0;-1;8;3;2023;20:05;5;75;75103;2;2;1;3;48.866844;2.361913;4;3;3;1;1;1; -1;2;-1;5;30;Blessé léger;2
202300025937;155 634 619;B01;80;0;2;2;1;3;203 789 654;1;1;4;2;1997.0;9;8;0;-1;8;3;2023;20:05;5;75;75103;2;2;1;3;48.866844;2.361913;4;2;7;1;1;1; -1;2;-1;5;30;Blessé léger;2
202300025945;155 634 601;B01;1;0;2;8;0;5;203 789 631;1;1;4;1;1980.0;0;-1;0;-1;26;5;2023;11:30;1;27;27299;2;1;1;3;49.04206;1.1596;3;-1;2;0;1;1;7;1;0;1;50;Blessé léger;4
202300025945;155 634 603;A01;7;0;9;8;15;1;203 789 633;1;1;1;2;1976.0;0;1;0;-1;26;5;2023;11:30;1;27;27299;2;1;1;3;49.04206;1.1596;3;-1;2;0;1;1;7;1;0;1;50;Indemne;4
202300025946;155 634 599;A01;7;0;2;1;1;1;203 789 629;1;1;1;1;1986.0;0;1;0;-1;13;11;2023;18:00;5;13;13004;2;1;1;3;43.68813;4.63594;4;2;2;0;1;1; -1;1;0;1;50;Indemne;0
202300025946;155 634 602;B01;1;0;2;8;9;5;203 789 632;1;1;4;1;1986.0;0;8;0;-1;13;11;2023;18:00;5;13;13004;2;1;1;3;43.68813;4.63594;4;2;2;0;1;1; -1;1;0;1;50;Blessé léger;0
202300025948;155 634 597;A01;1;0;1;4;25;5;203 789 626;10;3;4;2;1954.0;5;0;-1;-1;7;3;2023;18:50;5;75;75104;2;3;1;6;48.856573;2.34953;4;1;4;3;1;1; -1;1;0;4;30;Blessé léger;1
202300025948;155 634 597;A01;1;0;1;4;25;5;203 789 626;10;3;4;2;1954.0;5;0;-1;-1;7;3;2023;18:50;5;75;75104;2;3;1;6;48.856573;2.34953;4;2;2;0;1;1; -1;1;1;4;30;Blessé léger;1
202300025955;155 634 582;A01;1;0;2;1;16;5;203 789 608;1;1;4;2;1976.0;0;8;0;-1;26;5;2023;08:55;1;25;25056;2;6;1;2;47.2595;6.00846;3;2;2;1;4;3; -1;1;5;1;50;Blessé léger;4
202300025955;155 634 582;A01;1;0;2;1;16;5;203 789 608;1;1;4;2;1976.0;0;8;0;-1;26;5;2023;08:55;1;25;25056;2;6;1;2;47.2595;6.00846;3;2;2;0;4;2; -1;1;0;1;50;Blessé léger;4
202300025955;155 634 585;B01;10;0;0;4;16;1;203 789 612;1;1;1;1;1979.0;0;1;0;-1;26;5;2023;08:55;1;25;25056;2;6;1;2;47.2595;6.00846;3;2;2;1;4;3; -1;1;5;1;50;Indemne;4
202300025955;155 634 585;B01;10;0;0;4;16;1;203 789 612;1;1;1;1;1979.0;0;1;0;-1;26;5;2023;08:55;1;25;25056;2;6;1;2;47.2595;6.00846;3;2;2;0;4;2; -1;1;0;1;50;Indemne;4
202300025956;155 634 581;B01;1;0;2;1;16;5;203 789 607;1;1;3;2;2002.0;0;0;-1;-1;24;1;2023;00:10;5;33;33063;2;3;1;3;44.83841029;-0.5817309;4;2;0;0;1;1; -1;1;5;1;30;Blessé hospitalisé;1
202300025956;155 634 581;B01;1;0;2;1;16;5;203 789 607;1;1;3;2;2002.0;0;0;-1;-1;24;1;2023;00:10;5;33;33063;2;3;1;3;44.83841029;-0.5817309;4;2;2;2;1;1; -1;1;5;1;30;Blessé hospitalisé;1
202300025956;155 634 584;A01;15;0;2;7;16;1;203 789 610;1;1;1;1;1979.0;4;1;-1;-1;24;1;2023;00:10;5;33;33063;2;3;1;3;44.83841029;-0.5817309;4;2;0;0;1;1; -1;1;5;1;30;Indemne;1
202300025956;155 634 584;A01;15;0;2;7;16;1;203 789 610;1;1;1;1;1979.0;4;1;-1;-1;24;1;2023;00:10;5;33;33063;2;3;1;3;44.83841029;-0.5817309;4;2;2;2;1;1; -1;1;5;1;30;Indemne;1
202300025994;155 634 511;B01;1;14;0;8;2;5;203 789 519;1;1;4;1;1964.0;0;8;0;-1;8;3;2023;16:20;1;92;92051;2;6;2;3;48.88669178;2.28305072;3;1;2;3;1;2; -1;2;9;8;50;Blessé léger;2
202300025994;155 634 515;A01;10;14;0;2;1;0;203 789 525;1;1;1;1;1972.0;4;1;0;-1;8;3;2023;16:20;1;92;92051;2;6;2;3;48.88669178;2.28305072;3;1;2;3;1;2; -1;2;9;8;50;Indemne;2
202300026004;155 634 489;A01;7;0;2;7;24;1;203 789 489;1;1;1;1;1993.0;4;8;0;-1;24;1;2023;12:30;1;13;13206;2;1;1;3;43.28728046;5.37370697;4;1;3;0;1;1; -1;1;0;1;50;Indemne;1
202300026004;155 634 492;B01;1;1;0;1;0;5;203 789 493;1;1;4;2;1994.0;5;8;0;-1;24;1;2023;12:30;1;13;13206;2;1;1;3;43.28728046;5.37370697;4;1;3;0;1;1; -1;1;0;1;50;Blessé léger;1
202300026006;155 634 487;A01;1;0;2;2;15;5;203 789 483;1;1;4;1;2000.0;1;8;0;-1;26;5;2023;07:29;1;10;10362;2;3;1;1;48.29217692;4.04056871;3;2;2;0;1;1; -1;1;0;1;50;Blessé léger;4
202300026006;155 634 487;A01;1;0;2;2;15;5;203 789 483;1;1;4;1;2000.0;1;8;0;-1;26;5;2023;07:29;1;10;10362;2;3;1;1;48.29217692;4.04056871;3;2;2;0;1;1; -1;1;0;1;50;Blessé léger;4
202300026006;155 634 490;B01;33;0;2;1;0;1;203 789 491;1;1;4;1;1993.0;1;2;0;-1;26;5;2023;07:29;1;10;10362;2;3;1;1;48.29217692;4.04056871;3;2;2;0;1;1; -1;1;0;1;50;Blessé léger;4
202300026006;155 634 490;B01;33;0;2;1;0;1;203 789 491;1;1;4;1;1993.0;1;2;0;-1;26;5;2023;07:29;1;10;10362;2;3;1;1;48.29217692;4.04056871;3;2;2;0;1;1; -1;1;0;1;50;Blessé léger;4
202300026011;155 634 477;A01;7;0;9;1;15;1;203 789 469;1;1;1;1;1946.0;5;1;0;-1;23;5;2023;18:35;1;07;07102;2;6;1;1;44.937597;4.86353;4;-1;2;0;1;1; -1;1;0;1;50;Indemne;1
202300026011;155 634 477;A01;7;0;9;1;15;1;203 789 469;1;1;1;1;1946.0;5;1;0;-1;23;5;2023;18:35;1;07;07102;2;6;1;1;44.937597;4.86353;4;-1;2;0;1;2; -1;1;0;1;50;Indemne;1
202300026011;155 634 481;B01;1;0;2;1;0;5;203 789 473;1;1;4;1;1985.0;0;2;0;-1;23;5;2023;18:35;1;07;07102;2;6;1;1;44.937597;4.86353;4;-1;2;0;1;1; -1;1;0;1;50;Blessé léger;1
202300026011;155 634 481;B01;1;0;2;1;0;5;203 789 473;1;1;4;1;1985.0;0;2;0;-1;23;5;2023;18:35;1;07;07102;2;6;1;1;44.937597;4.86353;4;-1;2;0;1;2; -1;1;0;1;50;Blessé léger;1
202300026015;155 634 467;B01;80;0;2;6;17;3;203 789 457;1;1;4;2;1977.0;5;2;0;-1;13;11;2023;08:50;1;75;75114;2;2;1;3;48.834809;2.341573;4;2;4;1;1;1; -1;2;0;1;30;Blessé léger;0
202300026015;155 634 467;B01;80;0;2;6;17;3;203 789 457;1;1;4;2;1977.0;5;2;0;-1;13;11;2023;08:50;1;75;75114;2;2;1;3;48.834809;2.341573;4;2;2;0;1;1; -1;2;0;1;30;Blessé léger;0
202300026015;155 634 470;A01;7;0;2;3;15;1;203 789 460;1;1;1;2;1979.0;5;1;0;-1;13;11;2023;08:50;1;75;75114;2;2;1;3;48.834809;2.341573;4;2;4;1;1;1; -1;2;0;1;30;Indemne;0
202300026015;155 634 470;A01;7;0;2;3;15;1;203 789 460;1;1;1;2;1979.0;5;1;0;-1;13;11;2023;08:50;1;75;75114;2;2;1;3;48.834809;2.341573;4;2;2;0;1;1; -1;2;0;1;30;Indemne;0
202300026023;155 634 453;A01;7;0;2;1;9;2;203 789 438;1;1;1;2;1949.0;0;1;0;-1;24;1;2023;07:45;1;07;07281;2;6;1;2;44.9434;4.8576;4;1;2;1;1;2; -1;1;9;1;50;Indemne;1
202300026023;155 634 453;A01;7;0;2;1;9;2;203 789 438;1;1;1;2;1949.0;0;1;0;-1;24;1;2023;07:45;1;07;07281;2;6;1;2;44.9434;4.8576;4;1;0;1;1;2; -1;1;9;1;50;Indemne;1
202300026023;155 634 455;B01;1;0;2;5;1;5;203 789 440;1;1;4;1;1969.0;1;2;4;-1;24;1;2023;07:45;1;07;07281;2;6;1;2;44.9434;4.8576;4;1;2;1;1;2; -1;1;9;1;50;Blessé léger;1
202300026023;155 634 455;B01;1;0;2;5;1;5;203 789 440;1;1;4;1;1969.0;1;2;4;-1;24;1;2023;07:45;1;07;07281;2;6;1;2;44.9434;4.8576;4;1;0;1;1;2; -1;1;9;1;50;Blessé léger;1
202300026032;155 634 437;A01;7;0;2;2;1;1;203 789 415;1;1;1;1;1946.0;0;1;-1;-1;7;3;2023;11:20;1;06;06161;1;1;1;4;43.618667;7.129833;3;2;2;2;1;1; -1;1;0;5;70;Indemne;1
202300026032;155 634 439;B01;1;0;2;0;1;5;203 789 419;1;1;4;1;1947.0;5;2;-1;-1;7;3;2023;11:20;1;06;06161;1;1;1;4;43.618667;7.129833;3;2;2;2;1;1; -1;1;0;5;70;Blessé léger;1
202300026032;155 634 445;C01;1;0;2;0;1;5;203 789 425;1;1;3;1;1946.0;5;2;-1;-1;7;3;2023;11:20;1;06;06161;1;1;1;4;43.618667;7.129833;3;2;2;2;1;1; -1;1;0;5;70;Blessé hospitalisé;1
202300026035;155 634 431;A01;33;0;2;6;17;1;203 789 409;1;1;1;1;1968.0;4;2;0;-1;24;1;2023;08:50;1;75;75115;2;1;1;1;48.838819;2.269443;4;2;3;1;1;1; -1;1;-1;5;30;Indemne;1
202300026035;155 634 433;B01;80;0;2;3;1;3;203 789 411;1;1;3;2;1969.0;1;2;0;-1;24;1;2023;08:50;1;75;75115;2;1;1;1;48.838819;2.269443;4;2;3;1;1;1; -1;1;-1;5;30;Blessé hospitalisé;1
202300026036;155 634 427;A01;7;0;2;1;15;1;203 789 405;1;1;1;1;1960.0;9;1;0;-1;14;11;2023;14:15;1;75;75111;2;2;2;3;48.850411;2.392517;4;2;4;1;1;1; -1;2;0;1;30;Indemne;1
202300026036;155 634 427;A01;7;0;2;1;15;1;203 789 405;1;1;1;1;1960.0;9;1;0;-1;14;11;2023;14:15;1;75;75111;2;2;2;3;48.850411;2.392517;4;2;2;2;2;1; -1;2;0;1;30;Indemne;1
202300026036;155 634 434;B01;1;0;2;3;15;5;203 789 412;1;1;4;1;1965.0;9;8;0;-1;14;11;2023;14:15;1;75;75111;2;2;2;3;48.850411;2.392517;4;2;4;1;1;1; -1;2;0;1;30;Blessé léger;1
202300026036;155 634 434;B01;1;0;2;3;15;5;203 789 412;1;1;4;1;1965.0;9;8;0;-1;14;11;2023;14:15;1;75;75111;2;2;2;3;48.850411;2.392517;4;2;2;2;2;1; -1;2;0;1;30;Blessé léger;1
202300026041;155 634 417;B01;38;0;2;8;15;1;203 789 394;1;1;1;1;1973.0;4;1;0;-1;26;5;2023;08:30;1;75;75116;2;7;1;3;48.871669;2.274052;4;2;2;2;1;3; -1;1;0;1;50;Indemne;4
202300026041;155 634 417;B01;38;0;2;8;15;1;203 789 394;1;1;1;1;1973.0;4;1;0;-1;26;5;2023;08:30;1;75;75116;2;7;1;3;48.871669;2.274052;4;1;2;0;1;1; -1;1;0;1;50;Indemne;4