Num_Acc;id_vehicule;num_veh;catv;obs;obsm;choc;manv;motor;id_usager;place;catu;grav;sexe;an_nais;trajet;secu1;secu2;secu3;jour;mois;an;hrmn;lum;dep;com;agg;int;atm;col;lat;long;catr;circ;nbv;vosp;prof;plan;larrout;surf;infra;situ;vma;gravity;day_of_week
202300026041;155 634 422;A01;1;0;2;8;1;5;203 789 400;1;1;4;1;1987.0;1;2;0;-1;26;5;2023;08:30;1;75;75116;2;7;1;3;48.871669;2.274052;4;2;2;2;1;3; -1;1;0;1;50;Blessé léger;4
202300026041;155 634 422;A01;1;0;2;8;1;5;203 789 400;1;1;4;1;1987.0;1;2;0;-1;26;5;2023;08:30;1;75;75116;2;7;1;3;48.871669;2.274052;4;1;2;0;1;1; -1;1;0;1;50;Blessé léger;4
202300026042;155 634 416;A01;13;0;2;7;22;1;203 789 392;1;1;1;1;1976.0;4;1;9;9;14;11;2023;10:43;1;75;75111;2;3;2;3;48.863802;2.382271;4;2;4;1;1;1; -1;2;0;5;30;Indemne;1
202300026042;155 634 416;A01;13;0;2;7;22;1;203 789 392;1;1;1;1;1976.0;4;1;9;9;14;11;2023;10:43;1;75;75111;2;3;2;3;48.863802;2.382271;4;-1; -1;0;1;1; -1;2;0;1;30;Indemne;1
202300026042;155 634 416;A01;13;0;2;7;22;1;203 789 393;2;2;1;1;2003.0;9;1;0;-1;14;11;2023;10:43;1;75;75111;2;3;2;3;48.863802;2.382271;4;2;4;1;1;1; -1;2;0;5;30;Indemne;1
202300026042;155 634 416;A01;13;0;2;7;22;1;203 789 393;2;2;1;1;2003.0;9;1;0;-1;14;11;2023;10:43;1;75;75111;2;3;2;3;48.863802;2.382271;4;-1; -1;0;1;1; -1;2;0;1;30;Indemne;1
202300026042;155 634 418;B01;1;1;0;0;1;5;203 789 395;1;1;4;1;1994.0;1;2;6;-1;14;11;2023;10:43;1;75;75111;2;3;2;3;48.863802;2.382271;4;2;4;1;1;1; -1;2;0;5;30;Blessé léger;1
202300026042;155 634 418;B01;1;1;0;0;1;5;203 789 395;1;1;4;1;1994.0;1;2;6;-1;14;11;2023;10:43;1;75;75111;2;3;2;3;48.863802;2.382271;4;-1; -1;0;1;1; -1;2;0;1;30;Blessé léger;1
202300026049;155 634 403;A01;1;0;1;1;1;5;203 789 374;10;3;4;1;1997.0;9;0;-1;-1;24;1;2023;22:20;5;75;75105;2;3;1;6;48.843707;2.353689;4;1; -1;-1;1;1; -1;1;0;1;-1;Blessé léger;1
202300026049;155 634 403;A01;1;0;1;1;1;5;203 789 374;10;3;4;1;1997.0;9;0;-1;-1;24;1;2023;22:20;5;75;75105;2;3;1;6;48.843707;2.353689;4;1;1;1;2;1; -1;1;0;1;30;Blessé léger;1
202300026049;155 634 403;A01;1;0;1;1;1;5;203 789 376;1;1;1;1;2000.0;9;8;0;-1;24;1;2023;22:20;5;75;75105;2;3;1;6;48.843707;2.353689;4;1; -1;-1;1;1; -1;1;0;1;-1;Indemne;1
202300026049;155 634 403;A01;1;0;1;1;1;5;203 789 376;1;1;1;1;2000.0;9;8;0;-1;24;1;2023;22:20;5;75;75105;2;3;1;6;48.843707;2.353689;4;1;1;1;2;1; -1;1;0;1;30;Indemne;1
202300026054;155 634 393;A01;1;0;2;5;17;5;203 789 363;1;1;1;1;1973.0;5;2;0;-1;26;5;2023;18:45;1;75;75113;2;3;1;3;48.825795;2.357398;4;1;6;1;1;1; -1;1;0;5;30;Indemne;4
202300026054;155 634 393;A01;1;0;2;5;17;5;203 789 363;1;1;1;1;1973.0;5;2;0;-1;26;5;2023;18:45;1;75;75113;2;3;1;3;48.825795;2.357398;4;-1; -1;0;1;1; -1;1;0;1;30;Indemne;4
202300026054;155 634 398;B01;1;0;2;3;1;5;203 789 367;1;1;4;1;1985.0;5;2;0;-1;26;5;2023;18:45;1;75;75113;2;3;1;3;48.825795;2.357398;4;1;6;1;1;1; -1;1;0;5;30;Blessé léger;4
202300026054;155 634 398;B01;1;0;2;3;1;5;203 789 367;1;1;4;1;1985.0;5;2;0;-1;26;5;2023;18:45;1;75;75113;2;3;1;3;48.825795;2.357398;4;-1; -1;0;1;1; -1;1;0;1;30;Blessé léger;4
202300026058;155 634 387;A01;1;0;2;1;1;5;203 789 356;1;1;3;1;1973.0;5;2;8;-1;26;5;2023;17:15;1;75;75112;2;1;1;2;48.837576;2.436858;4;2;2;1;1;1; -1;1;0;5;30;Blessé hospitalisé;4
202300026058;155 634 391;B01;80;0;0;4;1;3;203 789 359;1;1;4;1;1945.0;5;8;0;-1;26;5;2023;17:15;1;75;75112;2;1;1;2;48.837576;2.436858;4;2;2;1;1;1; -1;1;0;5;30;Blessé léger;4
202300026063;155 634 383;A01;7;0;2;3;22;1;203 789 352;1;1;4;1;1982.0;1;1;0;-1;25;1;2023;09:10;1;75;75115;2;2;1;3;48.835804;2.289715;4;1; -1;-1;1;1; -1;1;0;1;-1;Blessé léger;2
202300026063;155 634 383;A01;7;0;2;3;22;1;203 789 352;1;1;4;1;1982.0;1;1;0;-1;25;1;2023;09:10;1;75;75115;2;2;1;3;48.835804;2.289715;4;2;2;0;1;1; -1;1;0;1;30;Blessé léger;2
202300026063;155 634 386;B01;1;0;2;1;1;5;203 789 354;1;1;1;2;1975.0;1;8;0;-1;25;1;2023;09:10;1;75;75115;2;2;1;3;48.835804;2.289715;4;1; -1;-1;1;1; -1;1;0;1;-1;Indemne;2
202300026063;155 634 386;B01;1;0;2;1;1;5;203 789 354;1;1;1;2;1975.0;1;8;0;-1;25;1;2023;09:10;1;75;75115;2;2;1;3;48.835804;2.289715;4;2;2;0;1;1; -1;1;0;1;30;Indemne;2
202300026069;155 634 367;A01;7;0;2;3;1;2;203 789 333;1;1;1;1;1973.0;4;1;0;-1;26;5;2023;17:10;1;75;75109;2;2;1;3;48.873136;2.326738;4;1;1;0;1;1; -1;1;0;5;30;Indemne;4
202300026069;155 634 367;A01;7;0;2;3;1;2;203 789 333;1;1;1;1;1973.0;4;1;0;-1;26;5;2023;17:10;1;75;75109;2;2;1;3;48.873136;2.326738;4;2;3;1;1;1; -1;1;0;5;30;Indemne;4
202300026069;155 634 371;B01;80;0;2;1;1;3;203 789 337;1;1;4;1;2002.0;1;8;0;-1;26;5;2023;17:10;1;75;75109;2;2;1;3;48.873136;2.326738;4;1;1;0;1;1; -1;1;0;5;30;Blessé léger;4
202300026069;155 634 371;B01;80;0;2;1;1;3;203 789 337;1;1;4;1;2002.0;1;8;0;-1;26;5;2023;17:10;1;75;75109;2;2;1;3;48.873136;2.326738;4;2;3;1;1;1; -1;1;0;5;30;Blessé léger;4
202300026071;155 634 360;A01;1;0;2;1;1;5;203 789 320;1;1;4;1;2000.0;1;8;0;-1;14;11;2023;18:50;5;75;75102;2;2;1;3;48.863398;2.350969;4;2;5;1;1;1; -1;2;0;1;30;Blessé léger;1
202300026071;155 634 360;A01;1;0;2;1;1;5;203 789 320;1;1;4;1;2000.0;1;8;0;-1;14;11;2023;18:50;5;75;75102;2;2;1;3;48.863398;2.350969;4;2;3;3;1;1; -1;2;0;1;30;Blessé léger;1
202300026071;155 634 366;B01;7;0;2;3;15;2;203 789 328;1;1;1;1;1966.0;9;1;0;-1;14;11;2023;18:50;5;75;75102;2;2;1;3;48.863398;2.350969;4;2;5;1;1;1; -1;2;0;1;30;Indemne;1
202300026071;155 634 366;B01;7;0;2;3;15;2;203 789 328;1;1;1;1;1966.0;9;1;0;-1;14;11;2023;18:50;5;75;75102;2;2;1;3;48.863398;2.350969;4;2;3;3;1;1; -1;2;0;1;30;Indemne;1
202300026084;155 634 339;A01;7;0;2;8;22;2;203 789 291;1;1;1;1;1979.0;4;8;0;-1;24;1;2023;13:15;1;75;75112;2;2;1;3;48.848674;2.372585;4;2;4;0;1;1; -1;1;0;1;30;Indemne;1
202300026084;155 634 339;A01;7;0;2;8;22;2;203 789 291;1;1;1;1;1979.0;4;8;0;-1;24;1;2023;13:15;1;75;75112;2;2;1;3;48.848674;2.372585;4;1; -1;-1;1;1; -1;1;0;1;-1;Indemne;1
202300026084;155 634 341;B01;1;0;2;2;1;5;203 789 294;1;1;4;1;1984.0;1;8;0;-1;24;1;2023;13:15;1;75;75112;2;2;1;3;48.848674;2.372585;4;2;4;0;1;1; -1;1;0;1;30;Blessé léger;1
202300026084;155 634 341;B01;1;0;2;2;1;5;203 789 294;1;1;4;1;1984.0;1;8;0;-1;24;1;2023;13:15;1;75;75112;2;2;1;3;48.848674;2.372585;4;1; -1;-1;1;1; -1;1;0;1;-1;Blessé léger;1
202300026093;155 634 325;A01;1;0;1;8;1;5;203 789 273;10;3;4;2;1962.0;5;8;8;-1;25;1;2023;15:30;1;75;75110;2;1;1;6;48.869545;2.362107;4;1;2;1;1;1; -1;1;-1;5;30;Blessé léger;2
202300026093;155 634 325;A01;1;0;1;8;1;5;203 789 274;1;1;1;1;1998.0;5;8;0;-1;25;1;2023;15:30;1;75;75110;2;1;1;6;48.869545;2.362107;4;1;2;1;1;1; -1;1;-1;5;30;Indemne;2
202300026102;155 634 310;B01;32;0;2;1;1;1;203 789 254;1;1;1;1;1979.0;5;2;6;-1;25;1;2023;18:08;5;75;75109;2;1;1;1;48.87491;2.332463;4;3;3;0;1;1; -1;1;0;1;30;Indemne;2
202300026102;155 634 310;B01;32;0;2;1;1;1;203 789 255;2;2;1;1;2011.0;5;2;6;-1;25;1;2023;18:08;5;75;75109;2;1;1;1;48.87491;2.332463;4;3;3;0;1;1; -1;1;0;1;30;Indemne;2
202300026102;155 634 312;A01;1;0;2;1;21;5;203 789 257;1;1;4;1;1995.0;1;0;-1;-1;25;1;2023;18:08;5;75;75109;2;1;1;1;48.87491;2.332463;4;3;3;0;1;1; -1;1;0;1;30;Blessé léger;2
202300026109;155 634 297;B01;7;0;2;3;19;1;203 789 237;1;1;1;1;1989.0;1;1;0;-1;25;1;2023;17:15;2;94;94080;2;2;1;3;48.8453;2.43966;4;1;1;0;1;1; -1;1;0;1;50;Indemne;2
202300026109;155 634 297;B01;7;0;2;3;19;1;203 789 237;1;1;1;1;1989.0;1;1;0;-1;25;1;2023;17:15;2;94;94080;2;2;1;3;48.8453;2.43966;4;1;1;1;1;1; -1;1;0;1;50;Indemne;2
202300026109;155 634 300;A01;1;0;2;3;19;5;203 789 242;1;1;4;1;1984.0;5;8;0;-1;25;1;2023;17:15;2;94;94080;2;2;1;3;48.8453;2.43966;4;1;1;0;1;1; -1;1;0;1;50;Blessé léger;2
202300026109;155 634 300;A01;1;0;2;3;19;5;203 789 242;1;1;4;1;1984.0;5;8;0;-1;25;1;2023;17:15;2;94;94080;2;2;1;3;48.8453;2.43966;4;1;1;1;1;1; -1;1;0;1;50;Blessé léger;2
202300026113;155 634 289;A01;1;0;0;9;1;5;203 789 230;1;1;3;1;1951.0;0;2;-1;-1;9;3;2023;15:00;1;12;12090;1;1;1;7;44.389651;2.47879;3;2;2;0;1;1; -1;1;0;1;90;Blessé hospitalisé;3
202300026135;155 634 253;A01;80;14;0;1;1;3;203 789 185;1;1;4;1;1944.0;5;2;0;-1;26;5;2023;13:25;1;92;92022;1;1;1;7;48.80421633;2.19461627;4;-1;1;0;1;1; -1;9;0;8;30;Blessé léger;4
202300026141;155 634 249;B01;1;0;0;0;0;5;203 789 179;1;1;4;1;2003.0;5;8;0;-1;24;1;2023;22:35;5;93;93046;2;2;1;7;48.91066;2.5121;3;2;2;0;1;1; -1;1;0;1;50;Blessé léger;1
202300026141;155 634 249;B01;1;0;0;0;0;5;203 789 179;1;1;4;1;2003.0;5;8;0;-1;24;1;2023;22:35;5;93;93046;2;2;1;7;48.91066;2.5121;3;3;4;-1;1;1; -1;1;0;1;-1;Blessé léger;1
202300026147;155 634 235;A01;1;0;2;8;19;5;203 789 160;1;1;2;1;1942.0;0;2;0;-1;13;11;2023;20:24;5;92;92036;2;3;1;3;48.91911964;2.29024887;3;3;4;0;1;1;12;1;0;1;50;Tué;0
202300026147;155 634 235;A01;1;0;2;8;19;5;203 789 160;1;1;2;1;1942.0;0;2;0;-1;13;11;2023;20:24;5;92;92036;2;3;1;3;48.91911964;2.29024887;3;1;1;0;1;1;12;1;0;1;50;Tué;0
202300026147;155 634 238;B01;7;0;2;1;1;1;203 789 165;1;1;1;1;1963.0;0;1;8;-1;13;11;2023;20:24;5;92;92036;2;3;1;3;48.91911964;2.29024887;3;3;4;0;1;1;12;1;0;1;50;Indemne;0
202300026147;155 634 238;B01;7;0;2;1;1;1;203 789 165;1;1;1;1;1963.0;0;1;8;-1;13;11;2023;20:24;5;92;92036;2;3;1;3;48.91911964;2.29024887;3;1;1;0;1;1;12;1;0;1;50;Indemne;0
202300026151;155 634 230;A01;80;12;0;7;12;3;203 789 156;1;1;4;2;1956.0;5;2;0;-1;26;5;2023;15:55;1;92;92049;2;1;1;6;48.81468;2.308721;3;2;2;1;1;1; -1;1;0;4;50;Blessé léger;4
202300026168;155 634 201;A01;7;0;2;3;1;0;203 789 120;1;1;1;2;1982.0;5;1;-1;-1;27;5;2023;20:30;1;39;39097;2;3;1;3;46.739633;5.91524;4;-1; -1;-1;1;1; -1;1;0;1;50;Indemne;5
202300026168;155 634 201;A01;7;0;2;3;1;0;203 789 120;1;1;1;2;1982.0;5;1;-1;-1;27;5;2023;20:30;1;39;39097;2;3;1;3;46.739633;5.91524;4;2;2;0;2;1; -1;1;0;1;50;Indemne;5
202300026168;155 634 201;A01;7;0;2;3;1;0;203 789 121;2;2;1;1;1991.0;5;1;-1;-1;27;5;2023;20:30;1;39;39097;2;3;1;3;46.739633;5.91524;4;-1; -1;-1;1;1; -1;1;0;1;50;Indemne;5
202300026168;155 634 201;A01;7;0;2;3;1;0;203 789 121;2;2;1;1;1991.0;5;1;-1;-1;27;5;2023;20:30;1;39;39097;2;3;1;3;46.739633;5.91524;4;2;2;0;2;1; -1;1;0;1;50;Indemne;5
202300026168;155 634 205;B01;1;0;2;7;19;5;203 789 124;1;1;3;1;2011.0;5;0;-1;-1;27;5;2023;20:30;1;39;39097;2;3;1;3;46.739633;5.91524;4;-1; -1;-1;1;1; -1;1;0;1;50;Blessé hospitalisé;5
202300026168;155 634 205;B01;1;0;2;7;19;5;203 789 124;1;1;3;1;2011.0;5;0;-1;-1;27;5;2023;20:30;1;39;39097;2;3;1;3;46.739633;5.91524;4;2;2;0;2;1; -1;1;0;1;50;Blessé hospitalisé;5
202300026169;155 634 198;B01;1;0;2;8;1;5;203 789 117;1;1;2;1;1936.0;5;2;-1;-1;15;11;2023;11:40;1;86;86007;1;2;7;3;46.853691;0.53598;3;2;2;0;1;1;4;1;0;1;80;Tué;2
202300026169;155 634 198;B01;1;0;2;8;1;5;203 789 117;1;1;2;1;1936.0;5;2;-1;-1;15;11;2023;11:40;1;86;86007;1;2;7;3;46.853691;0.53598;3;2; -1;-1;1;1; -1;1;0;1;80;Tué;2
202300026169;155 634 202;A01;7;0;2;2;19;1;203 789 122;1;1;1;2;1938.0;5;1;-1;-1;15;11;2023;11:40;1;86;86007;1;2;7;3;46.853691;0.53598;3;2;2;0;1;1;4;1;0;1;80;Indemne;2
202300026169;155 634 202;A01;7;0;2;2;19;1;203 789 122;1;1;1;2;1938.0;5;1;-1;-1;15;11;2023;11:40;1;86;86007;1;2;7;3;46.853691;0.53598;3;2; -1;-1;1;1; -1;1;0;1;80;Indemne;2
202300026224;155 634 097;A01;7;0;2;1;9;1;203 788 984;1;1;1;1;1982.0;5;1;-1;-1;25;1;2023;18:50;5;37;37273;1;6;1;2;47.39396984;0.78866065;3;2;2;0;1;1;7;1;5;1;50;Indemne;2
202300026224;155 634 097;A01;7;0;2;1;9;1;203 788 984;1;1;1;1;1982.0;5;1;-1;-1;25;1;2023;18:50;5;37;37273;1;6;1;2;47.39396984;0.78866065;3;2;2;0;1;2;7;1;5;1;70;Indemne;2
202300026224;155 634 099;B01;1;0;2;4;1;5;203 788 988;1;1;3;1;1968.0;1;2;4;-1;25;1;2023;18:50;5;37;37273;1;6;1;2;47.39396984;0.78866065;3;2;2;0;1;1;7;1;5;1;50;Blessé hospitalisé;2
202300026224;155 634 099;B01;1;0;2;4;1;5;203 788 988;1;1;3;1;1968.0;1;2;4;-1;25;1;2023;18:50;5;37;37273;1;6;1;2;47.39396984;0.78866065;3;2;2;0;1;2;7;1;5;1;70;Blessé hospitalisé;2
202300026233;155 634 083;A01;1;12;0;0;21;5;203 788 959;1;1;3;1;2011.0;5;0;-1;-1;8;3;2023;13:20;1;987;98712;2;1;1;7;-17.279;-149.542;2;3;2;0;1;1; -1;1;0;4;60;Blessé hospitalisé;2
202300026242;155 634 067;A01;7;0;9;3;1;1;203 788 938;1;1;1;1;2000.0;0;1;-1;-1;15;11;2023;06:10;3;25;25466;1;1;2;2;47.196536;5.845542;3;2;2;0;1;1;4;2;0;1;80;Indemne;2
202300026242;155 634 069;B01;1;0;2;4;11;5;203 788 940;1;1;2;1;1994.0;1;4;9;-1;15;11;2023;06:10;3;25;25466;1;1;2;2;47.196536;5.845542;3;2;2;0;1;1;4;2;0;1;80;Tué;2
202300026255;155 634 042;B01;1;0;2;1;1;5;203 788 911;1;1;3;1;1996.0;5;2;-1;-1;26;5;2023;18:10;1;01;01010;1;1;1;2;45.884357;5.779426;3;2;2;0;2;1;4;1;0;1;80;Blessé hospitalisé;4
202300026255;155 634 046;A01;1;0;0;0;1;5;203 788 915;1;1;3;2;1993.0;5;2;-1;-1;26;5;2023;18:10;1;01;01010;1;1;1;2;45.884357;5.779426;3;2;2;0;2;1;4;1;0;1;80;Blessé hospitalisé;4
202300026262;155 634 032;A01;1;0;5;0;1;5;203 788 899;1;1;3;1;1955.0;5;2;9;-1;26;1;2023;14:30;1;64;64139;1;1;8;7;43.179633;-0.347051;4;2;2;0;3;1;4;1;0;1;70;Blessé hospitalisé;3
202300026265;155 634 027;B01;1;0;2;8;2;5;203 788 895;1;1;3;1;1954.0;5;2;-1;-1;9;3;2023;07:45;1;83;83112;2;3;1;2;43.180165;5.709221;3;2;2;0;1;1; -1;1;5;1;50;Blessé hospitalisé;3
202300026265;155 634 027;B01;1;0;2;8;2;5;203 788 895;1;1;3;1;1954.0;5;2;-1;-1;9;3;2023;07:45;1;83;83112;2;3;1;2;43.180165;5.709221;3;1; -1;-1;1;1; -1;1;0;1;-1;Blessé hospitalisé;3
202300026265;155 634 031;A01;10;0;9;2;2;0;203 788 898;1;1;1;1;1945.0;4;1;-1;-1;9;3;2023;07:45;1;83;83112;2;3;1;2;43.180165;5.709221;3;2;2;0;1;1; -1;1;5;1;50;Indemne;3
202300026265;155 634 031;A01;10;0;9;2;2;0;203 788 898;1;1;1;1;1945.0;4;1;-1;-1;9;3;2023;07:45;1;83;83112;2;3;1;2;43.180165;5.709221;3;1; -1;-1;1;1; -1;1;0;1;-1;Indemne;3
202300026268;155 634 021;A01;7;0;9;3;17;1;203 788 886;1;1;1;1;1975.0;0;1;-1;-1;26;1;2023;08:05;5;14;14488;2;1;2;3;49.279593;-0.249842;3;2;2;0;1;1;4;2;0;1;50;Indemne;3
202300026268;155 634 025;B01;80;0;0;2;5;3;203 788 890;1;1;4;1;2008.0;2;0;-1;-1;26;1;2023;08:05;5;14;14488;2;1;2;3;49.279593;-0.249842;3;2;2;0;1;1;4;2;0;1;50;Blessé léger;3
202300026320;155 633 933;A01;1;0;0;0;26;5;203 788 769;1;1;2;1;1966.0;9;0;-1;-1;14;10;2023;00:05;3;87;87154;2;1;2;7;45.890045;0.892028;4;-1;1;0;2;1; -1;2;0;1;50;Tué;5
202300026329;155 633 918;Z01;7;0;2;5;22;0;203 788 750;2;2;1;2;1995.0;1;8;0;-1;24;1;2023;18:30;5;75;75117;2;2;1;3;48.894327;2.313636;4;1;3;1;1;1; -1;1;-1;5;50;Indemne;1
202300026329;155 633 918;Z01;7;0;2;5;22;0;203 788 750;2;2;1;2;1995.0;1;8;0;-1;24;1;2023;18:30;5;75;75117;2;2;1;3;48.894327;2.313636;4;2; -1;-1;1;1; -1;1;-1;5;-1;Indemne;1
202300026329;155 633 921;A01;1;0;2;1;1;5;203 788 751;1;1;4;1;1974.0;1;2;4;-1;24;1;2023;18:30;5;75;75117;2;2;1;3;48.894327;2.313636;4;1;3;1;1;1; -1;1;-1;5;50;Blessé léger;1
202300026329;155 633 921;A01;1;0;2;1;1;5;203 788 751;1;1;4;1;1974.0;1;2;4;-1;24;1;2023;18:30;5;75;75117;2;2;1;3;48.894327;2.313636;4;2; -1;-1;1;1; -1;1;-1;5;-1;Blessé léger;1
202300026341;155 633 899;A01;7;0;2;2;16;1;203 788 725;1;1;1;1;1974.0;9;1;0;-1;24;1;2023;18:45;5;75;75115;2;3;1;3;48.829004;2.298958;4;1;2;1;1;1; -1;1;-1;5;50;Indemne;1
202300026341;155 633 899;A01;7;0;2;2;16;1;203 788 725;1;1;1;1;1974.0;9;1;0;-1;24;1;2023;18:45;5;75;75115;2;3;1;3;48.829004;2.298958;4;2;2;0;1;1; -1;1;-1;5;30;Indemne;1
202300026341;155 633 901;B01;80;0;2;8;1;3;203 788 727;1;1;4;2;1972.0;1;8;0;-1;24;1;2023;18:45;5;75;75115;2;3;1;3;48.829004;2.298958;4;1;2;1;1;1; -1;1;-1;5;50;Blessé léger;1
202300026341;155 633 901;B01;80;0;2;8;1;3;203 788 727;1;1;4;2;1972.0;1;8;0;-1;24;1;2023;18:45;5;75;75115;2;3;1;3;48.829004;2.298958;4;2;2;0;1;1; -1;1;-1;5;30;Blessé léger;1
202300026352;155 633 881;B01;1;0;2;7;1;5;203 788 699;1;1;4;2;1994.0;9;8;0;-1;24;1;2023;14:20;1;75;75111;2;1;1;3;48.864844;2.368268;4;2;4;1;1;1; -1;1;-1;5;30;Blessé léger;1
202300026361;155 633 868;A01;1;0;0;4;1;5;203 788 682;1;1;2;1;1966.0;5;6;0;-1;15;11;2023;12:44;1;83;83104;1;1;7;2;43.614326;5.764051;3;2;2;1;2;1;7;1;0;5;80;Tué;2
202300026361;155 633 871;B01;7;0;9;2;2;1;203 788 684;1;1;1;2;1991.0;3;1;-1;-1;15;11;2023;12:44;1;83;83104;1;1;7;2;43.614326;5.764051;3;2;2;1;2;1;7;1;0;5;80;Indemne;2
202300026362;155 633 866;A01;80;0;0;0;1;3;203 788 679;1;1;4;2;1997.0;5;8;0;-1;24;1;2023;14:10;1;75;75110;2;2;8;7;48.868172;2.365428;4;1; -1;-1;1;1; -1;1;-1;6;-1;Blessé léger;1
202300026362;155 633 866;A01;80;0;0;0;1;3;203 788 679;1;1;4;2;1997.0;5;8;0;-1;24;1;2023;14:10;1;75;75110;2;2;8;7;48.868172;2.365428;4;1;1;3;1;1; -1;1;-1;6;30;Blessé léger;1
202300026365;155 633 862;A01;1;0;1;1;1;5;203 788 673;10;3;1;1;2001.0;9;0;-1;-1;24;1;2023;09:21;1;75;75108;2;2;1;6;48.877036;2.297399;4;1;6;1;1;1; -1;1;-1;5;30;Indemne;1
202300026365;155 633 862;A01;1;0;1;1;1;5;203 788 673;10;3;1;1;2001.0;9;0;-1;-1;24;1;2023;09:21;1;75;75108;2;2;1;6;48.877036;2.297399;4;2; -1;-1;1;1; -1;1;-1;5;-1;Indemne;1
202300026365;155 633 862;A01;1;0;1;1;1;5;203 788 674;1;1;4;1;1989.0;9;2;0;-1;24;1;2023;09:21;1;75;75108;2;2;1;6;48.877036;2.297399;4;1;6;1;1;1; -1;1;-1;5;30;Blessé léger;1
202300026365;155 633 862;A01;1;0;1;1;1;5;203 788 674;1;1;4;1;1989.0;9;2;0;-1;24;1;2023;09:21;1;75;75108;2;2;1;6;48.877036;2.297399;4;2; -1;-1;1;1; -1;1;-1;5;-1;Blessé léger;1
202300026380;155 633 832;A01;3;0;2;5;1;1;203 788 636;1;1;1;1;1959.0;5;1;-1;-1;6;3;2023;16:00;1;76;76165;2;3;1;3;49.283756;1.016775;7;1;1;0;1;1; -1;1;-1;1;30;Indemne;0
202300026380;155 633 832;A01;3;0;2;5;1;1;203 788 636;1;1;1;1;1959.0;5;1;-1;-1;6;3;2023;16:00;1;76;76165;2;3;1;3;49.283756;1.016775;7;1;1;0;1;1; -1;1;-1;1;30;Indemne;0
202300026380;155 633 834;B01;80;0;2;1;9;3;203 788 639;1;1;3;1;1968.0;0;8;-1;-1;6;3;2023;16:00;1;76;76165;2;3;1;3;49.283756;1.016775;7;1;1;0;1;1; -1;1;-1;1;30;Blessé hospitalisé;0
202300026380;155 633 834;B01;80;0;2;1;9;3;203 788 639;1;1;3;1;1968.0;0;8;-1;-1;6;3;2023;16:00;1;76;76165;2;3;1;3;49.283756;1.016775;7;1;1;0;1;1; -1;1;-1;1;30;Blessé hospitalisé;0
202300026392;155 633 810;B01;1;0;2;3;0;5;203 788 610;1;1;4;1;2008.0;2;8;-1;-1;7;3;2023;14:50;1;69;69264;2;1;1;3;45.99046;4.70818;4;1;1;3;1;1; -1;1;0;1;50;Blessé léger;1
202300026392;155 633 813;A01;37;0;2;2;1;1;203 788 612;1;1;1;1;1984.0;4;1;-1;-1;7;3;2023;14:50;1;69;69264;2;1;1;3;45.99046;4.70818;4;1;1;3;1;1; -1;1;0;1;50;Indemne;1
202300026397;155 633 799;A01;7;0;2;0;17;1;203 788 597;1;1;1;1;1959.0;5;1;0;-1;6;3;2023;15:04;1;66;66136;2;1;1;7;42.69726843;2.92466462;4;3;2;0;1;1; -1;1;0;1;30;Indemne;0
202300026397;155 633 802;B01;1;0;2;7;1;5;203 788 599;1;1;3;1;1977.0;5;8;0;-1;6;3;2023;15:04;1;66;66136;2;1;1;7;42.69726843;2.92466462;4;3;2;0;1;1; -1;1;0;1;30;Blessé hospitalisé;0
202300026407;155 633 774;B01;80;1;0;1;2;3;203 788 569;1;1;4;2;2003.0;1;8;0;-1;6;3;2023;15:00;1;62;62617;2;1;1;3;50.47311;2.66788;3;2;1;0;1;1; -1;1;0;1;50;Blessé léger;0
202300026407;155 633 775;A01;7;0;9;3;22;1;203 788 570;1;1;1;1;1971.0;5;1;0;-1;6;3;2023;15:00;1;62;62617;2;1;1;3;50.47311;2.66788;3;2;1;0;1;1; -1;1;0;1;50;Indemne;0
202300026410;155 633 767;B01;1;0;2;1;1;5;203 788 562;1;1;4;1;2008.0;2;8;0;-1;7;3;2023;08:10;1;59;59163;2;1;2;2;50.66738;3.15749;7;-1;2;2;2;1; -1;2;0;5;50;Blessé léger;1
202300026410;155 633 769;A01;15;1;0;5;24;1;203 788 564;1;1;1;1;1988.0;9;1;0;-1;7;3;2023;08:10;1;59;59163;2;1;2;2;50.66738;3.15749;7;-1;2;2;2;1; -1;2;0;5;50;Indemne;1
202300026425;155 633 743;A01;80;0;2;1;1;3;203 788 532;1;1;4;1;2003.0;0;8;-1;-1;7;3;2023;06:59;2;51;51454;2;2;1;3;49.24192;4.01417;4;2;3;0;3;1; -1;1;0;1;50;Blessé léger;1
202300026425;155 633 743;A01;80;0;2;1;1;3;203 788 532;1;1;4;1;2003.0;0;8;-1;-1;7;3;2023;06:59;2;51;51454;2;2;1;3;49.24192;4.01417;4;2;3;0;1;1; -1;1;0;1;50;Blessé léger;1
202300026425;155 633 745;B01;7;0;2;3;1;1;203 788 535;1;1;1;2;1987.0;1;1;-1;-1;7;3;2023;06:59;2;51;51454;2;2;1;3;49.24192;4.01417;4;2;3;0;3;1; -1;1;0;1;50;Indemne;1
202300026425;155 633 745;B01;7;0;2;3;1;1;203 788 535;1;1;1;2;1987.0;1;1;-1;-1;7;3;2023;06:59;2;51;51454;2;2;1;3;49.24192;4.01417;4;2;3;0;1;1; -1;1;0;1;50;Indemne;1