Num_Acc;id_vehicule;num_veh;catv;obs;obsm;choc;manv;motor;id_usager;place;catu;grav;sexe;an_nais;trajet;secu1;secu2;secu3;jour;mois;an;hrmn;lum;dep;com;agg;int;atm;col;lat;long;catr;circ;nbv;vosp;prof;plan;larrout;surf;infra;situ;vma;gravity;day_of_week
202300026441;155 633 706;B01;1;0;2;1;1;5;203 788 486;1;1;4;1;1961.0;9;8;0;-1;7;3;2023;14:30;1;38;38169;2;2;8;3;45.19242;5.69844;7;1;2;0;1;1; -1;1;9;1;30;Blessé léger;1
202300026441;155 633 706;B01;1;0;2;1;1;5;203 788 486;1;1;4;1;1961.0;9;8;0;-1;7;3;2023;14:30;1;38;38169;2;2;8;3;45.19242;5.69844;7;2;2;0;1;1; -1;1;5;1;30;Blessé léger;1
202300026441;155 633 707;A01;7;0;2;3;15;1;203 788 487;1;1;1;2;1968.0;0;1;0;-1;7;3;2023;14:30;1;38;38169;2;2;8;3;45.19242;5.69844;7;1;2;0;1;1; -1;1;9;1;30;Indemne;1
202300026441;155 633 707;A01;7;0;2;3;15;1;203 788 487;1;1;1;2;1968.0;0;1;0;-1;7;3;2023;14:30;1;38;38169;2;2;8;3;45.19242;5.69844;7;2;2;0;1;1; -1;1;5;1;30;Indemne;1
202300026444;155 633 701;B01;1;0;2;1;1;5;203 788 481;1;1;4;1;1978.0;0;8;-1;-1;25;5;2023;19:00;1;69;69383;2;1;1;3;45.7595;4.8555;4;1;2;2;1;1; -1;1;0;5;30;Blessé léger;3
202300026444;155 633 703;A01;7;0;2;2;14;1;203 788 483;1;1;1;1;1997.0;3;1;-1;-1;25;5;2023;19:00;1;69;69383;2;1;1;3;45.7595;4.8555;4;1;2;2;1;1; -1;1;0;5;30;Indemne;3
202300026451;155 633 691;A01;7;0;2;8;16;1;203 788 467;1;1;1;2;1998.0;1;1;-1;-1;25;5;2023;09:10;1;69;69388;2;2;1;3;45.72943;4.85109;4;2;2;2;1;3; -1;1;0;1;50;Indemne;3
202300026451;155 633 691;A01;7;0;2;8;16;1;203 788 467;1;1;1;2;1998.0;1;1;-1;-1;25;5;2023;09:10;1;69;69388;2;2;1;3;45.72943;4.85109;4;2;2;0;1;1; -1;1;0;1;50;Indemne;3
202300026451;155 633 693;B01;1;0;2;7;16;5;203 788 469;1;1;4;2;1996.0;0;8;-1;-1;25;5;2023;09:10;1;69;69388;2;2;1;3;45.72943;4.85109;4;2;2;2;1;3; -1;1;0;1;50;Blessé léger;3
202300026451;155 633 693;B01;1;0;2;7;16;5;203 788 469;1;1;4;2;1996.0;0;8;-1;-1;25;5;2023;09:10;1;69;69388;2;2;1;3;45.72943;4.85109;4;2;2;0;1;1; -1;1;0;1;50;Blessé léger;3
202300026475;155 633 638;A01;1;0;2;8;17;5;203 788 401;1;1;4;1;2000.0;0;8;0;-1;7;3;2023;22:30;5;13;13047;2;1;2;3;43.51238;4.97953;4;2;1;0;1;1; -1;2;0;1;30;Blessé léger;1
202300026476;155 633 636;A01;1;12;0;1;25;5;203 788 399;1;1;4;2;2003.0;1;8;0;-1;25;5;2023;09:24;1;87;87075;2;1;1;6;45.80646;1.2262;4;2;2;0;1;1; -1;1;0;4;50;Blessé léger;3
202300026483;155 633 624;B01;7;0;2;2;1;1;203 788 386;1;1;1;2;1991.0;0;1;0;-1;10;9;2023;06:27;2;06;06088;2;3;1;3;43.68966;7.20611;4;2;2;0;2;1; -1;1;0;1;50;Indemne;6
202300026483;155 633 624;B01;7;0;2;2;1;1;203 788 386;1;1;1;2;1991.0;0;1;0;-1;10;9;2023;06:27;2;06;06088;2;3;1;3;43.68966;7.20611;4;2;2;0;1;1; -1;1;0;1;50;Indemne;6
202300026483;155 633 627;A01;1;0;2;1;9;5;203 788 389;1;1;3;1;2005.0;0;8;0;-1;10;9;2023;06:27;2;06;06088;2;3;1;3;43.68966;7.20611;4;2;2;0;2;1; -1;1;0;1;50;Blessé hospitalisé;6
202300026483;155 633 627;A01;1;0;2;1;9;5;203 788 389;1;1;3;1;2005.0;0;8;0;-1;10;9;2023;06:27;2;06;06088;2;3;1;3;43.68966;7.20611;4;2;2;0;1;1; -1;1;0;1;50;Blessé hospitalisé;6
202300026489;155 633 613;A01;1;0;0;7;0;5;203 788 373;1;1;4;1;1954.0;5;0;-1;-1;24;5;2023;18:30;1;79;79329;2;1;1;7;46.97362;-0.21643;3;1;1;0;1;1;2,7;1;0;1;50;Blessé léger;2
202300026495;155 633 600;C01;1;0;2;1;0;5;203 788 358;1;1;4;1;1950.0;5;2;8;-1;21;5;2023;11:45;1;77;77133;2;1;1;6;48.41388;3.05267;4;2;2;0;2;1; -1;1;0;1;50;Blessé léger;6
202300026495;155 633 603;A01;31;0;2;1;26;1;203 788 360;1;1;4;1;1957.0;0;2;8;-1;21;5;2023;11:45;1;77;77133;2;1;1;6;48.41388;3.05267;4;2;2;0;2;1; -1;1;0;1;50;Blessé léger;6
202300026495;155 633 604;B01;1;0;2;1;5;5;203 788 361;1;1;3;1;1952.0;5;8;8;-1;21;5;2023;11:45;1;77;77133;2;1;1;6;48.41388;3.05267;4;2;2;0;2;1; -1;1;0;1;50;Blessé hospitalisé;6
202300026505;155 633 588;A01;7;0;2;1;19;1;203 788 336;1;1;1;1;1991.0;0;1;0;-1;10;11;2023;15:45;2;84;84007;2;2;1;3;43.9439;4.81929;4;2;2;0;1;1; -1;1;5;1;50;Indemne;4
202300026505;155 633 588;A01;7;0;2;1;19;1;203 788 336;1;1;1;1;1991.0;0;1;0;-1;10;11;2023;15:45;2;84;84007;2;2;1;3;43.9439;4.81929;4;2;2;2;1;1; -1;1;5;1;50;Indemne;4
202300026505;155 633 591;B01;1;0;2;7;1;5;203 788 341;1;1;3;2;1981.0;0;8;0;-1;10;11;2023;15:45;2;84;84007;2;2;1;3;43.9439;4.81929;4;2;2;0;1;1; -1;1;5;1;50;Blessé hospitalisé;4
202300026505;155 633 591;B01;1;0;2;7;1;5;203 788 341;1;1;3;2;1981.0;0;8;0;-1;10;11;2023;15:45;2;84;84007;2;2;1;3;43.9439;4.81929;4;2;2;2;1;1; -1;1;5;1;50;Blessé hospitalisé;4
202300026520;155 633 559;A01;1;0;2;4;9;5;203 788 299;1;1;4;1;1950.0;5;8;0;-1;9;9;2023;12:00;1;75;75105;2;3;1;2;48.849892;2.349464;4;1;2;3;1;1; -1;1;0;1;30;Blessé léger;5
202300026520;155 633 559;A01;1;0;2;4;9;5;203 788 299;1;1;4;1;1950.0;5;8;0;-1;9;9;2023;12:00;1;75;75105;2;3;1;2;48.849892;2.349464;4;-1; -1;-1;1;1; -1;1;0;1;30;Blessé léger;5
202300026520;155 633 560;B01;7;0;2;1;1;3;203 788 300;1;1;1;1;1955.0;5;1;0;-1;9;9;2023;12:00;1;75;75105;2;3;1;2;48.849892;2.349464;4;1;2;3;1;1; -1;1;0;1;30;Indemne;5
202300026520;155 633 560;B01;7;0;2;1;1;3;203 788 300;1;1;1;1;1955.0;5;1;0;-1;9;9;2023;12:00;1;75;75105;2;3;1;2;48.849892;2.349464;4;-1; -1;-1;1;1; -1;1;0;1;30;Indemne;5
202300026523;155 633 555;A01;1;0;1;1;1;5;203 788 292;1;1;4;2;1997.0;5;8;0;-1;10;9;2023;18:45;1;75;75118;2;3;1;6;48.884948;2.326783;4;-1;2;1;1;1; -1;1;0;5;30;Blessé léger;6
202300026523;155 633 555;A01;1;0;1;1;1;5;203 788 292;1;1;4;2;1997.0;5;8;0;-1;10;9;2023;18:45;1;75;75118;2;3;1;6;48.884948;2.326783;4;-1; -1;-1;1;1; -1;1;0;5;30;Blessé léger;6
202300026523;155 633 555;A01;1;0;1;1;1;5;203 788 295;10;3;1;1;1998.0;5;0;-1;-1;10;9;2023;18:45;1;75;75118;2;3;1;6;48.884948;2.326783;4;-1;2;1;1;1; -1;1;0;5;30;Indemne;6
202300026523;155 633 555;A01;1;0;1;1;1;5;203 788 295;10;3;1;1;1998.0;5;0;-1;-1;10;9;2023;18:45;1;75;75118;2;3;1;6;48.884948;2.326783;4;-1; -1;-1;1;1; -1;1;0;5;30;Indemne;6
202300026527;155 633 548;A01;1;0;2;4;15;5;203 788 284;1;1;4;1;2003.0;1;8;0;-1;10;9;2023;18:45;1;75;75117;2;3;1;2;48.888037;2.32461;4;2;3;0;2;1; -1;1;0;1;30;Blessé léger;6
202300026527;155 633 548;A01;1;0;2;4;15;5;203 788 284;1;1;4;1;2003.0;1;8;0;-1;10;9;2023;18:45;1;75;75117;2;3;1;2;48.888037;2.32461;4;-1; -1;-1;1;1; -1;1;0;1;30;Blessé léger;6
202300026529;155 633 540;A01;1;1;0;1;1;5;203 788 275;1;1;4;2;1991.0;1;2;0;-1;9;9;2023;07:25;1;75;75117;2;2;1;3;48.87993;2.28824;4;2;4;0;1;1; -1;1;0;1;30;Blessé léger;5
202300026529;155 633 540;A01;1;1;0;1;1;5;203 788 275;1;1;4;2;1991.0;1;2;0;-1;9;9;2023;07:25;1;75;75117;2;2;1;3;48.87993;2.28824;4;-1; -1;-1;1;1; -1;1;0;1;30;Blessé léger;5
202300026529;155 633 543;B01;7;1;0;3;16;2;203 788 278;1;1;1;1;1998.0;5;1;0;-1;9;9;2023;07:25;1;75;75117;2;2;1;3;48.87993;2.28824;4;2;4;0;1;1; -1;1;0;1;30;Indemne;5
202300026529;155 633 543;B01;7;1;0;3;16;2;203 788 278;1;1;1;1;1998.0;5;1;0;-1;9;9;2023;07:25;1;75;75117;2;2;1;3;48.87993;2.28824;4;-1; -1;-1;1;1; -1;1;0;1;30;Indemne;5
202300026534;155 633 534;A01;80;0;0;7;1;3;203 788 269;1;1;4;2;1964.0;5;8;0;-1;10;9;2023;12:40;1;75;75114;2;3;1;7;48.824451;2.319653;4;2;8;1;1;1; -1;1;0;5;50;Blessé léger;6
202300026534;155 633 534;A01;80;0;0;7;1;3;203 788 269;1;1;4;2;1964.0;5;8;0;-1;10;9;2023;12:40;1;75;75114;2;3;1;7;48.824451;2.319653;4;-1; -1;-1;1;1; -1;1;0;5;50;Blessé léger;6
202300026535;155 633 529;B01;1;14;0;0;0;5;203 788 263;1;1;4;1;1967.0;9;0;-1;-1;6;3;2023;08:30;2;91;91687;2;1;1;2;48.680949;2.378046;3;2;2;0;1;1; -1;1;0;1;50;Blessé léger;0
202300026546;155 633 508;A01;10;0;2;8;22;1;203 788 236;1;1;1;1;1971.0;4;1;0;-1;24;5;2023;09:20;1;64;64024;2;1;1;6;43.502858;-1.504926;4;2;2;0;1;1; -1;1;0;1;50;Indemne;2
202300026546;155 633 513;B01;1;1;0;3;2;5;203 788 242;1;1;4;2;1959.0;5;8;0;-1;24;5;2023;09:20;1;64;64024;2;1;1;6;43.502858;-1.504926;4;2;2;0;1;1; -1;1;0;1;50;Blessé léger;2
202300026547;155 633 509;B01;1;0;2;4;1;5;203 788 237;1;1;4;1;1993.0;5;2;6;-1;10;9;2023;11:05;1;75;75107;2;3;1;2;48.856207;2.302489;4;1;2;3;1;1; -1;1;0;1;30;Blessé léger;6
202300026547;155 633 509;B01;1;0;2;4;1;5;203 788 237;1;1;4;1;1993.0;5;2;6;-1;10;9;2023;11:05;1;75;75107;2;3;1;2;48.856207;2.302489;4;-1; -1;-1;1;1; -1;1;0;1;30;Blessé léger;6
202300026547;155 633 510;A01;43;0;2;1;18;1;203 788 238;1;1;1;1;1949.0;9;2;0;-1;10;9;2023;11:05;1;75;75107;2;3;1;2;48.856207;2.302489;4;1;2;3;1;1; -1;1;0;1;30;Indemne;6
202300026547;155 633 510;A01;43;0;2;1;18;1;203 788 238;1;1;1;1;1949.0;9;2;0;-1;10;9;2023;11:05;1;75;75107;2;3;1;2;48.856207;2.302489;4;-1; -1;-1;1;1; -1;1;0;1;30;Indemne;6
202300026551;155 633 500;A01;1;0;2;1;2;5;203 788 227;1;1;4;1;2007.0;1;8;0;-1;9;9;2023;23:40;5;75;75101;2;3;1;1;48.865356;2.327296;4;-1; -1;-1;1;1; -1;1;0;5;30;Blessé léger;5
202300026551;155 633 500;A01;1;0;2;1;2;5;203 788 227;1;1;4;1;2007.0;1;8;0;-1;9;9;2023;23:40;5;75;75101;2;3;1;1;48.865356;2.327296;4;2; -1;1;1;1; -1;1;0;5;30;Blessé léger;5
202300026551;155 633 503;B01;1;0;2;1;1;5;203 788 230;1;1;4;1;1978.0;1;8;0;-1;9;9;2023;23:40;5;75;75101;2;3;1;1;48.865356;2.327296;4;-1; -1;-1;1;1; -1;1;0;5;30;Blessé léger;5
202300026551;155 633 503;B01;1;0;2;1;1;5;203 788 230;1;1;4;1;1978.0;1;8;0;-1;9;9;2023;23:40;5;75;75101;2;3;1;1;48.865356;2.327296;4;2; -1;1;1;1; -1;1;0;5;30;Blessé léger;5
202300026565;155 633 475;A01;7;0;2;3;15;1;203 788 192;1;1;1;2;1999.0;0;1;0;-1;13;11;2023;15:45;1;64;64445;2;2;1;3;43.30486;-0.37057;4;2;2;0;1;1; -1;1;0;1;50;Indemne;0
202300026565;155 633 475;A01;7;0;2;3;15;1;203 788 192;1;1;1;2;1999.0;0;1;0;-1;13;11;2023;15:45;1;64;64445;2;2;1;3;43.30486;-0.37057;4;2;2;0;1;1; -1;1;0;1;50;Indemne;0
202300026565;155 633 477;B01;1;0;2;1;1;5;203 788 193;1;1;4;2;1966.0;0;2;0;-1;13;11;2023;15:45;1;64;64445;2;2;1;3;43.30486;-0.37057;4;2;2;0;1;1; -1;1;0;1;50;Blessé léger;0
202300026565;155 633 477;B01;1;0;2;1;1;5;203 788 193;1;1;4;2;1966.0;0;2;0;-1;13;11;2023;15:45;1;64;64445;2;2;1;3;43.30486;-0.37057;4;2;2;0;1;1; -1;1;0;1;50;Blessé léger;0
202300026577;155 633 457;A01;1;0;0;0;1;5;203 788 161;1;1;4;1;1982.0;5;2;0;-1;10;9;2023;09:30;1;92;92012;2;1;1;7;48.83492;2.22576;3;3;0;0;1;1;0;1;0;1;50;Blessé léger;6
202300026581;155 633 451;A01;7;0;9;2;2;0;203 788 154;1;1;1;1;2004.0;5;8;-1;-1;11;9;2023;11:58;1;54;54296;1;1;7;6;48.726342;6.283311;3;2;2;0;1;1;7;1;0;1;80;Indemne;0
202300026581;155 633 452;B01;1;0;2;0;1;5;203 788 155;1;1;3;1;1983.0;5;2;-1;-1;11;9;2023;11:58;1;54;54296;1;1;7;6;48.726342;6.283311;3;2;2;0;1;1;7;1;0;1;80;Blessé hospitalisé;0
202300026604;155 633 411;A01;7;0;0;0;20;1;203 788 104;1;1;1;1;1989.0;0;1;0;-1;11;11;2023;15:40;1;49;49099;2;1;1;7;47.06524;-0.88595;4;1;1;0;1;1; -1;1;0;1;30;Indemne;5
202300026604;155 633 412;B01;1;6;0;1;1;5;203 788 105;1;1;4;1;1971.0;0;8;0;-1;11;11;2023;15:40;1;49;49099;2;1;1;7;47.06524;-0.88595;4;1;1;0;1;1; -1;1;0;1;30;Blessé léger;5
202300026616;155 633 390;A01;80;0;0;1;16;3;203 788 079;1;1;4;1;1966.0;5;8;0;-1;13;11;2023;07:50;2;43;43157;2;9;8;7;45.041917;3.882648;4;1;2;0;1;3; -1;8;0;1;50;Blessé léger;0
202300026617;155 633 389;A01;1;9;0;1;1;5;203 788 078;1;1;2;1;1953.0;5;0;-1;-1;2;9;2023;17:20;1;71;71263;2;1;1;6;46.629684;5.246916;9;2;2;0;1;1; -1;1;0;5;20;Tué;5
202300026621;155 633 381;B01;7;0;2;2;15;1;203 788 069;1;1;1;2;1968.0;1;1;0;-1;13;11;2023;18:25;5;38;38185;2;7;2;2;45.19825;5.70934;7;1;2;0;1;2;5;2;0;1;50;Indemne;0
202300026621;155 633 382;A01;1;0;2;1;19;5;203 788 071;1;1;4;1;1972.0;1;8;0;-1;13;11;2023;18:25;5;38;38185;2;7;2;2;45.19825;5.70934;7;1;2;0;1;2;5;2;0;1;50;Blessé léger;0
202300026629;155 633 368;A01;7;0;2;1;15;1;203 788 047;1;1;1;2;1969.0;0;1;0;-1;13;11;2023;17:40;5;37;37208;2;4;3;3;47.35563;0.73772;4;2;2;0;4;2; -1;2;0;1;50;Indemne;0
202300026629;155 633 368;A01;7;0;2;1;15;1;203 788 047;1;1;1;2;1969.0;0;1;0;-1;13;11;2023;17:40;5;37;37208;2;4;3;3;47.35563;0.73772;4;2;2;1;1;2; -1;2;0;1;50;Indemne;0
202300026629;155 633 371;B01;1;0;2;7;1;5;203 788 051;4;2;4;1;2018.0;0;2;4;-1;13;11;2023;17:40;5;37;37208;2;4;3;3;47.35563;0.73772;4;2;2;0;4;2; -1;2;0;1;50;Blessé léger;0
202300026629;155 633 371;B01;1;0;2;7;1;5;203 788 051;4;2;4;1;2018.0;0;2;4;-1;13;11;2023;17:40;5;37;37208;2;4;3;3;47.35563;0.73772;4;2;2;1;1;2; -1;2;0;1;50;Blessé léger;0
202300026629;155 633 371;B01;1;0;2;7;1;5;203 788 052;1;1;4;2;1992.0;0;2;4;-1;13;11;2023;17:40;5;37;37208;2;4;3;3;47.35563;0.73772;4;2;2;0;4;2; -1;2;0;1;50;Blessé léger;0
202300026629;155 633 371;B01;1;0;2;7;1;5;203 788 052;1;1;4;2;1992.0;0;2;4;-1;13;11;2023;17:40;5;37;37208;2;4;3;3;47.35563;0.73772;4;2;2;1;1;2; -1;2;0;1;50;Blessé léger;0
202300026652;155 633 335;B01;1;0;2;7;2;5;203 787 998;1;1;4;2;1955.0;5;2;4;-1;13;11;2023;11:20;1;31;31483;2;1;1;3;43.11295797;0.7141435;3;2;1;0;1;2; -1;1;0;1;50;Blessé léger;0
202300026652;155 633 336;A01;7;0;2;3;2;1;203 787 999;1;1;1;2;1987.0;1;1;0;-1;13;11;2023;11:20;1;31;31483;2;1;1;3;43.11295797;0.7141435;3;2;1;0;1;2; -1;1;0;1;50;Indemne;0
202300026653;155 633 331;A01;1;0;2;6;13;5;203 787 992;1;1;4;1;2004.0;4;8;6;-1;18;12;2023;18:11;5;75;75113;2;3;1;1;48.832949;2.378741;4;3;4;1;1;1; -1;1;0;5;30;Blessé léger;0
202300026653;155 633 331;A01;1;0;2;6;13;5;203 787 992;1;1;4;1;2004.0;4;8;6;-1;18;12;2023;18:11;5;75;75113;2;3;1;1;48.832949;2.378741;4;1;1;0;1;1; -1;1;0;5;30;Blessé léger;0
202300026653;155 633 333;B01;80;0;2;3;1;3;203 787 995;2;2;4;1;2001.0;5;2;6;-1;18;12;2023;18:11;5;75;75113;2;3;1;1;48.832949;2.378741;4;3;4;1;1;1; -1;1;0;5;30;Blessé léger;0
202300026653;155 633 333;B01;80;0;2;3;1;3;203 787 995;2;2;4;1;2001.0;5;2;6;-1;18;12;2023;18:11;5;75;75113;2;3;1;1;48.832949;2.378741;4;1;1;0;1;1; -1;1;0;5;30;Blessé léger;0
202300026653;155 633 333;B01;80;0;2;3;1;3;203 787 996;1;1;4;1;1999.0;1;8;0;-1;18;12;2023;18:11;5;75;75113;2;3;1;1;48.832949;2.378741;4;3;4;1;1;1; -1;1;0;5;30;Blessé léger;0
202300026653;155 633 333;B01;80;0;2;3;1;3;203 787 996;1;1;4;1;1999.0;1;8;0;-1;18;12;2023;18:11;5;75;75113;2;3;1;1;48.832949;2.378741;4;1;1;0;1;1; -1;1;0;5;30;Blessé léger;0
202300026657;155 633 326;A01;30;0;2;1;1;3;203 787 986;1;1;1;1;1977.0;5;2;8;-1;18;12;2023;08:50;1;75;75111;2;3;2;2;48.857154;2.3789;4;1; -1;-1;1;1; -1;2;0;1;-1;Indemne;0
202300026657;155 633 326;A01;30;0;2;1;1;3;203 787 986;1;1;1;1;1977.0;5;2;8;-1;18;12;2023;08:50;1;75;75111;2;3;2;2;48.857154;2.3789;4;1;1;0;1;1; -1;2;0;1;30;Indemne;0
202300026657;155 633 328;B01;1;0;2;4;1;5;203 787 988;1;1;4;2;1999.0;1;8;0;-1;18;12;2023;08:50;1;75;75111;2;3;2;2;48.857154;2.3789;4;1; -1;-1;1;1; -1;2;0;1;-1;Blessé léger;0
202300026657;155 633 328;B01;1;0;2;4;1;5;203 787 988;1;1;4;2;1999.0;1;8;0;-1;18;12;2023;08:50;1;75;75111;2;3;2;2;48.857154;2.3789;4;1;1;0;1;1; -1;2;0;1;30;Blessé léger;0
202300026660;155 633 321;A01;1;12;0;8;13;5;203 787 980;1;1;4;1;1949.0;5;8;0;-1;18;12;2023;19:15;5;75;75101;2;2;1;7;48.861983;2.350179;4;2;0;1;1;1; -1;2;0;5;30;Blessé léger;0
202300026660;155 633 321;A01;1;12;0;8;13;5;203 787 980;1;1;4;1;1949.0;5;8;0;-1;18;12;2023;19:15;5;75;75101;2;2;1;7;48.861983;2.350179;4;2;0;3;1;1; -1;2;0;5;30;Blessé léger;0
202300026665;155 633 307;A01;10;0;2;3;24;0;203 787 963;1;1;1;1;1981.0;0;1;0;0;18;12;2023;20:35;5;94;94052;2;1;8;3;48.835924;2.474996;3;1;0;0;1;1; -1;1;0;1;50;Indemne;0
202300026665;155 633 309;B01;1;0;2;2;26;5;203 787 965;1;1;4;2;2002.0;0;2;0;0;18;12;2023;20:35;5;94;94052;2;1;8;3;48.835924;2.474996;3;1;0;0;1;1; -1;1;0;1;50;Blessé léger;0
202300026684;155 633 274;A01;7;0;9;8;1;1;203 787 922;1;1;1;1;1999.0;0;8;0;-1;17;12;2023;14:55;1;92;92044;2;1;1;3;48.89434;2.28299;4;1;2;0;1;1; -1;1;0;1;50;Indemne;6
202300026684;155 633 276;B01;1;0;2;7;2;5;203 787 924;1;1;4;1;2000.0;0;8;0;-1;17;12;2023;14:55;1;92;92044;2;1;1;3;48.89434;2.28299;4;1;2;0;1;1; -1;1;0;1;50;Blessé léger;6
202300026686;155 633 271;A01;7;0;2;3;1;2;203 787 919;1;1;1;1;1967.0;4;1;8;-1;13;11;2023;07:50;1;75;75117;2;7;2;3;48.885402;2.297631;4;1; -1;-1;1;1; -1;2;0;1;30;Indemne;0
202300026686;155 633 271;A01;7;0;2;3;1;2;203 787 919;1;1;1;1;1967.0;4;1;8;-1;13;11;2023;07:50;1;75;75117;2;7;2;3;48.885402;2.297631;4;4;4;2;1;1; -1;2;9;1;30;Indemne;0
202300026686;155 633 273;B01;1;0;2;7;1;5;203 787 921;1;1;4;1;1999.0;9;8;0;-1;13;11;2023;07:50;1;75;75117;2;7;2;3;48.885402;2.297631;4;1; -1;-1;1;1; -1;2;0;1;30;Blessé léger;0
202300026686;155 633 273;B01;1;0;2;7;1;5;203 787 921;1;1;4;1;1999.0;9;8;0;-1;13;11;2023;07:50;1;75;75117;2;7;2;3;48.885402;2.297631;4;4;4;2;1;1; -1;2;9;1;30;Blessé léger;0
202300026688;155 633 268;A01;7;0;9;3;19;3;203 787 915;1;1;1;2;1968.0;0;1;-1;-1;10;9;2023;09:45;1;43;43141;2;2;1;3;45.188438;4.32326;3;2;2;0;1;1;5,5;1;0;1;50;Indemne;6
202300026688;155 633 268;A01;7;0;9;3;19;3;203 787 915;1;1;1;2;1968.0;0;1;-1;-1;10;9;2023;09:45;1;43;43141;2;2;1;3;45.188438;4.32326;3;2; -1;-1;1;1; -1;1;0;1;-1;Indemne;6
202300026688;155 633 270;B01;1;0;2;6;19;5;203 787 917;1;1;3;1;1949.0;5;0;-1;-1;10;9;2023;09:45;1;43;43141;2;2;1;3;45.188438;4.32326;3;2;2;0;1;1;5,5;1;0;1;50;Blessé hospitalisé;6
202300026688;155 633 270;B01;1;0;2;6;19;5;203 787 917;1;1;3;1;1949.0;5;0;-1;-1;10;9;2023;09:45;1;43;43141;2;2;1;3;45.188438;4.32326;3;2; -1;-1;1;1; -1;1;0;1;-1;Blessé hospitalisé;6
202300026695;155 633 257;B01;7;0;2;5;1;1;203 787 901;1;1;1;1;1988.0;4;1;0;-1;13;11;2023;17:55;5;75;75113;2;1;2;2;48.829783;2.356207;4;2;4;0;1;1; -1;2;0;1;30;Indemne;0
202300026695;155 633 259;A01;1;0;2;1;2;5;203 787 904;1;1;4;1;2005.0;9;8;0;-1;13;11;2023;17:55;5;75;75113;2;1;2;2;48.829783;2.356207;4;2;4;0;1;1; -1;2;0;1;30;Blessé léger;0
202300026727;155 633 210;A01;14;0;2;2;1;1;203 787 830;1;1;1;1;1968.0;4;1;-1;-1;11;9;2023;09:50;1;01;01200;2;2;1;3;46.093825;5.482269;3;2;2;0;1;1;7;1;0;1;50;Indemne;0
202300026727;155 633 210;A01;14;0;2;2;1;1;203 787 830;1;1;1;1;1968.0;4;1;-1;-1;11;9;2023;09:50;1;01;01200;2;2;1;3;46.093825;5.482269;3;2;2;0;4;1;7;1;0;1;50;Indemne;0
202300026727;155 633 212;B01;1;0;2;3;16;5;203 787 832;1;1;3;2;1956.0;5;2;-1;-1;11;9;2023;09:50;1;01;01200;2;2;1;3;46.093825;5.482269;3;2;2;0;1;1;7;1;0;1;50;Blessé hospitalisé;0
202300026727;155 633 212;B01;1;0;2;3;16;5;203 787 832;1;1;3;2;1956.0;5;2;-1;-1;11;9;2023;09:50;1;01;01200;2;2;1;3;46.093825;5.482269;3;2;2;0;4;1;7;1;0;1;50;Blessé hospitalisé;0
202300026743;155 633 181;B01;1;16;2;4;1;5;203 787 785;1;1;3;1;2002.0;9;0;-1;-1;19;12;2023;17:30;3;02;02042;1;1;3;2;49.002717;3.352911;3;-1;2;0;1;1;5,5;2;0;8;80;Blessé hospitalisé;1
202300026743;155 633 182;A01;37;0;9;2;1;1;203 787 788;1;1;1;1;1970.0;4;1;-1;-1;19;12;2023;17:30;3;02;02042;1;1;3;2;49.002717;3.352911;3;-1;2;0;1;1;5,5;2;0;8;80;Indemne;1
202300026749;155 633 170;A01;7;0;9;3;1;0;203 787 772;1;1;1;1;1943.0;5;1;-1;-1;10;9;2023;08:30;1;84;84053;1;3;1;1;44.382018;4.91598;4;2;2;0;1;1; -1;1;0;1;50;Indemne;6
202300026749;155 633 170;A01;7;0;9;3;1;0;203 787 772;1;1;1;1;1943.0;5;1;-1;-1;10;9;2023;08:30;1;84;84053;1;3;1;1;44.382018;4.91598;4;-1; -1;-1;-1;-1; -1;-1;-1;-1;-1;Indemne;6
202300026749;155 633 171;B01;1;0;2;3;15;5;203 787 773;1;1;3;1;1942.0;5;2;-1;-1;10;9;2023;08:30;1;84;84053;1;3;1;1;44.382018;4.91598;4;2;2;0;1;1; -1;1;0;1;50;Blessé hospitalisé;6
202300026749;155 633 171;B01;1;0;2;3;15;5;203 787 773;1;1;3;1;1942.0;5;2;-1;-1;10;9;2023;08:30;1;84;84053;1;3;1;1;44.382018;4.91598;4;-1; -1;-1;-1;-1; -1;-1;-1;-1;-1;Blessé hospitalisé;6
202300026750;155 633 166;A01;7;0;1;2;17;1;203 787 767;1;1;1;1;2002.0;3;1;-1;-1;7;9;2023;14:30;1;84;84004;2;1;1;3;44.082792;5.036169;3;2;2;1;1;1; -1;1;0;1;50;Indemne;3
202300026750;155 633 167;B01;1;0;2;8;11;5;203 787 768;1;1;3;2;1977.0;1;0;-1;-1;7;9;2023;14:30;1;84;84004;2;1;1;3;44.082792;5.036169;3;2;2;1;1;1; -1;1;0;1;50;Blessé hospitalisé;3
202300026768;155 633 139;B01;1;0;2;8;1;5;203 787 729;1;1;3;1;1966.0;1;2;-1;-1;19;12;2023;08:35;1;04;04049;2;3;1;1;44.074203;5.991819;3;2;2;0;1;1;7;1;0;8;50;Blessé hospitalisé;1