Num_Acc;id_vehicule;num_veh;catv;obs;obsm;choc;manv;motor;id_usager;place;catu;grav;sexe;an_nais;trajet;secu1;secu2;secu3;jour;mois;an;hrmn;lum;dep;com;agg;int;atm;col;lat;long;catr;circ;nbv;vosp;prof;plan;larrout;surf;infra;situ;vma;gravity;day_of_week
202300026768;155 633 139;B01;1;0;2;8;1;5;203 787 729;1;1;3;1;1966.0;1;2;-1;-1;19;12;2023;08:35;1;04;04049;2;3;1;1;44.074203;5.991819;3;-1; -1;-1;1;-1; -1;1;-1;4;-1;Blessé hospitalisé;1
202300026768;155 633 140;A01;7;0;9;1;19;1;203 787 730;1;1;1;2;1979.0;1;1;-1;-1;19;12;2023;08:35;1;04;04049;2;3;1;1;44.074203;5.991819;3;2;2;0;1;1;7;1;0;8;50;Indemne;1
202300026768;155 633 140;A01;7;0;9;1;19;1;203 787 730;1;1;1;2;1979.0;1;1;-1;-1;19;12;2023;08:35;1;04;04049;2;3;1;1;44.074203;5.991819;3;-1; -1;-1;1;-1; -1;1;-1;4;-1;Indemne;1
202300026769;155 633 137;B01;1;0;2;4;2;5;203 787 727;1;1;3;1;1954.0;5;2;6;-1;8;9;2023;10:25;1;54;54173;1;1;1;2;48.65949089;6.41676664;3;2;2;0;3;1; -1;1;0;1;80;Blessé hospitalisé;4
202300026769;155 633 138;A01;7;0;9;2;2;1;203 787 728;1;1;1;1;1982.0;0;1;-1;-1;8;9;2023;10:25;1;54;54173;1;1;1;2;48.65949089;6.41676664;3;2;2;0;3;1; -1;1;0;1;80;Indemne;4
202300026772;155 633 132;A01;80;0;0;9;0;3;203 787 720;1;1;2;1;1937.0;5;2;-1;-1;11;9;2023;08:00;1;73;73292;1;1;1;7;45.714404;6.407202;3;2;2;2;1;1;4;1;-1;5;80;Tué;0
202300026778;155 633 122;B01;1;0;0;3;1;5;203 787 703;1;1;2;1;1938.0;5;2;-1;-1;10;9;2023;10:30;1;07;07136;2;1;1;2;44.593465;3.906134;3;2;2;0;1;1;5;1;0;1;50;Tué;6
202300026778;155 633 123;A01;7;0;0;5;15;1;203 787 706;2;2;1;1;1942.0;5;-1;-1;-1;10;9;2023;10:30;1;07;07136;2;1;1;2;44.593465;3.906134;3;2;2;0;1;1;5;1;0;1;50;Indemne;6
202300026778;155 633 123;A01;7;0;0;5;15;1;203 787 708;1;1;1;2;1948.0;5;8;-1;-1;10;9;2023;10:30;1;07;07136;2;1;1;2;44.593465;3.906134;3;2;2;0;1;1;5;1;0;1;50;Indemne;6
202300026794;155 633 096;A01;10;0;2;2;2;1;203 787 666;1;1;1;1;1964.0;9;1;-1;-1;18;12;2023;14:30;1;05;05178;1;2;7;3;44.368191;5.92214;3;2; -1;0;1;1; -1;1;0;1;80;Indemne;0
202300026794;155 633 096;A01;10;0;2;2;2;1;203 787 666;1;1;1;1;1964.0;9;1;-1;-1;18;12;2023;14:30;1;05;05178;1;2;7;3;44.368191;5.92214;3;2;2;0;1;1; -1;1;0;1;50;Indemne;0
202300026794;155 633 098;B01;1;0;2;8;0;5;203 787 667;1;1;3;1;1951.0;5;2;0;-1;18;12;2023;14:30;1;05;05178;1;2;7;3;44.368191;5.92214;3;2; -1;0;1;1; -1;1;0;1;80;Blessé hospitalisé;0
202300026794;155 633 098;B01;1;0;2;8;0;5;203 787 667;1;1;3;1;1951.0;5;2;0;-1;18;12;2023;14:30;1;05;05178;1;2;7;3;44.368191;5.92214;3;2;2;0;1;1; -1;1;0;1;50;Blessé hospitalisé;0
202300026795;155 633 094;B01;15;0;9;3;0;1;203 787 664;1;1;1;1;1961.0;4;1;-1;-1;7;9;2023;06:05;3;59;59058;1;1;1;2;50.231874;3.950049;3;2;2;0;2;1;7;1;0;1;80;Indemne;3
202300026795;155 633 095;A01;1;0;0;4;13;5;203 787 665;1;1;3;1;1991.0;1;0;-1;-1;7;9;2023;06:05;3;59;59058;1;1;1;2;50.231874;3.950049;3;2;2;0;2;1;7;1;0;1;80;Blessé hospitalisé;3
202300026796;155 633 091;B01;1;0;2;1;26;5;203 787 661;1;1;3;1;2002.0;5;2;-1;-1;16;12;2023;11:25;2;13;13072;1;3;1;3;43.459071;5.629426;3;2;2;0;2;1;5,5;1;0;1;80;Blessé hospitalisé;5
202300026796;155 633 091;B01;1;0;2;1;26;5;203 787 661;1;1;3;1;2002.0;5;2;-1;-1;16;12;2023;11:25;2;13;13072;1;3;1;3;43.459071;5.629426;3;2; -1;-1;1;1; -1;1;5;1;-1;Blessé hospitalisé;5
202300026796;155 633 093;A01;7;0;9;7;15;3;203 787 663;1;1;1;2;1965.0;4;1;-1;-1;16;12;2023;11:25;2;13;13072;1;3;1;3;43.459071;5.629426;3;2;2;0;2;1;5,5;1;0;1;80;Indemne;5
202300026796;155 633 093;A01;7;0;9;7;15;3;203 787 663;1;1;1;2;1965.0;4;1;-1;-1;16;12;2023;11:25;2;13;13072;1;3;1;3;43.459071;5.629426;3;2; -1;-1;1;1; -1;1;5;1;-1;Indemne;5
202300026839;155 633 010;B01;1;0;2;7;1;0;203 787 563;1;1;4;1;1970.0;3;8;-1;-1;9;9;2023;16:30;1;69;69266;2;2;1;3;45.75821;4.89332;4;2;2;0;1;1; -1;1;0;1;50;Blessé léger;5
202300026839;155 633 010;B01;1;0;2;7;1;0;203 787 563;1;1;4;1;1970.0;3;8;-1;-1;9;9;2023;16:30;1;69;69266;2;2;1;3;45.75821;4.89332;4;1;1;0;1;1; -1;1;0;1;50;Blessé léger;5
202300026847;155 632 994;A01;10;0;2;3;15;1;203 787 536;1;1;1;2;1985.0;5;1;8;-1;9;9;2023;18:20;1;67;67482;2;3;7;3;48.57798;7.70403;4;2;2;0;1;1; -1;1;0;1;50;Indemne;5
202300026847;155 632 994;A01;10;0;2;3;15;1;203 787 536;1;1;1;2;1985.0;5;1;8;-1;9;9;2023;18:20;1;67;67482;2;3;7;3;48.57798;7.70403;4;2;2;0;1;1; -1;1;0;5;50;Indemne;5
202300026847;155 632 995;B01;1;0;2;8;1;5;203 787 537;1;1;3;1;1988.0;0;2;8;-1;9;9;2023;18:20;1;67;67482;2;3;7;3;48.57798;7.70403;4;2;2;0;1;1; -1;1;0;1;50;Blessé hospitalisé;5
202300026847;155 632 995;B01;1;0;2;8;1;5;203 787 537;1;1;3;1;1988.0;0;2;8;-1;9;9;2023;18:20;1;67;67482;2;3;7;3;48.57798;7.70403;4;2;2;0;1;1; -1;1;0;5;50;Blessé hospitalisé;5
202300026860;155 632 969;A01;1;1;0;1;1;5;203 787 503;1;1;4;1;1941.0;5;2;8;-1;17;12;2023;10:55;1;50;50218;2;1;7;6;48.83654;-1.56325;4;2;2;0;1;1; -1;1;0;1;50;Blessé léger;6
202300026873;155 632 948;B01;7;0;2;1;15;1;203 787 475;1;1;1;2;1980.0;5;1;0;-1;17;12;2023;10:45;1;22;22113;2;3;1;3;48.7422;-3.47378;4;2;2;0;1;1; -1;1;0;1;50;Indemne;6
202300026873;155 632 948;B01;7;0;2;1;15;1;203 787 475;1;1;1;2;1980.0;5;1;0;-1;17;12;2023;10:45;1;22;22113;2;3;1;3;48.7422;-3.47378;4;2;2;0;2;1; -1;1;0;1;50;Indemne;6
202300026873;155 632 948;B01;7;0;2;1;15;1;203 787 477;2;2;1;1;1984.0;5;1;0;-1;17;12;2023;10:45;1;22;22113;2;3;1;3;48.7422;-3.47378;4;2;2;0;1;1; -1;1;0;1;50;Indemne;6
202300026873;155 632 948;B01;7;0;2;1;15;1;203 787 477;2;2;1;1;1984.0;5;1;0;-1;17;12;2023;10:45;1;22;22113;2;3;1;3;48.7422;-3.47378;4;2;2;0;2;1; -1;1;0;1;50;Indemne;6
202300026873;155 632 950;A01;1;0;2;7;1;5;203 787 479;1;1;4;1;1959.0;5;2;8;-1;17;12;2023;10:45;1;22;22113;2;3;1;3;48.7422;-3.47378;4;2;2;0;1;1; -1;1;0;1;50;Blessé léger;6
202300026873;155 632 950;A01;1;0;2;7;1;5;203 787 479;1;1;4;1;1959.0;5;2;8;-1;17;12;2023;10:45;1;22;22113;2;3;1;3;48.7422;-3.47378;4;2;2;0;2;1; -1;1;0;1;50;Blessé léger;6
202300026897;155 632 906;A01;7;0;2;1;1;1;203 787 421;1;1;1;2;1982.0;5;1;8;-1;17;12;2023;15:30;1;75;75112;2;2;1;3;48.834049;2.444865;4;1; -1;-1;1;1; -1;1;0;1;-1;Indemne;6
202300026897;155 632 906;A01;7;0;2;1;1;1;203 787 421;1;1;1;2;1982.0;5;1;8;-1;17;12;2023;15:30;1;75;75112;2;2;1;3;48.834049;2.444865;4;2;2;0;1;1; -1;1;0;1;30;Indemne;6
202300026897;155 632 907;B01;1;0;2;7;19;5;203 787 422;1;1;4;2;1995.0;5;8;0;-1;17;12;2023;15:30;1;75;75112;2;2;1;3;48.834049;2.444865;4;1; -1;-1;1;1; -1;1;0;1;-1;Blessé léger;6
202300026897;155 632 907;B01;1;0;2;7;19;5;203 787 422;1;1;4;2;1995.0;5;8;0;-1;17;12;2023;15:30;1;75;75112;2;2;1;3;48.834049;2.444865;4;2;2;0;1;1; -1;1;0;1;30;Blessé léger;6
202300026902;155 632 901;A01;1;0;0;0;21;5;203 787 412;1;1;4;1;2005.0;5;8;0;-1;17;12;2023;16:55;2;75;75101;2;2;1;7;48.859493;2.345196;4;1;1;0;1;1; -1;1;0;5;30;Blessé léger;6
202300026902;155 632 901;A01;1;0;0;0;21;5;203 787 412;1;1;4;1;2005.0;5;8;0;-1;17;12;2023;16:55;2;75;75101;2;2;1;7;48.859493;2.345196;4;1;3;1;1;1; -1;1;0;5;30;Blessé léger;6
202300026907;155 632 892;B01;1;1;2;1;25;5;203 787 399;1;1;4;1;1970.0;0;0;0;0;17;12;2023;18:30;5;94;94043;2;1;1;3;48.81089;2.36403;3;1;2;0;1;3;7;1;1;3;30;Blessé léger;6
202300026907;155 632 893;A01;7;0;2;2;9;1;203 787 400;1;1;1;1;1959.0;0;1;0;0;17;12;2023;18:30;5;94;94043;2;1;1;3;48.81089;2.36403;3;1;2;0;1;3;7;1;1;3;30;Indemne;6
202300026919;155 632 872;A01;7;0;2;3;0;1;203 787 372;1;1;1;2;1978.0;5;1;0;-1;9;9;2023;19:10;1;07;07281;2;6;1;3;44.94366;4.85801;4;1;2;0;1;2; -1;1;0;1;50;Indemne;5
202300026919;155 632 872;A01;7;0;2;3;0;1;203 787 372;1;1;1;2;1978.0;5;1;0;-1;9;9;2023;19:10;1;07;07281;2;6;1;3;44.94366;4.85801;4;1;2;0;1;2; -1;1;0;1;50;Indemne;5
202300026919;155 632 874;B01;1;0;2;4;0;5;203 787 375;1;1;4;2;2001.0;1;2;0;-1;9;9;2023;19:10;1;07;07281;2;6;1;3;44.94366;4.85801;4;1;2;0;1;2; -1;1;0;1;50;Blessé léger;5
202300026919;155 632 874;B01;1;0;2;4;0;5;203 787 375;1;1;4;2;2001.0;1;2;0;-1;9;9;2023;19:10;1;07;07281;2;6;1;3;44.94366;4.85801;4;1;2;0;1;2; -1;1;0;1;50;Blessé léger;5
202300026932;155 632 855;A01;1;0;0;7;1;5;203 787 347;1;1;3;1;1977.0;5;2;-1;-1;17;12;2023;10:00;1;56;56179;2;1;1;7;47.836392;-3.394711;3;2;2;0;2;3;7;7;0;1;50;Blessé hospitalisé;6
202300026948;155 632 828;C01;1;0;2;4;0;5;203 787 316;1;1;4;1;1995.0;1;4;-1;-1;10;11;2023;19:00;3;85;85081;1;1;2;2;46.73708;-1.398031;3;2;2;0;1;1;4;2;0;1;80;Blessé léger;4
202300026948;155 632 829;A01;7;0;0;1;1;1;203 787 317;1;1;1;1;1979.0;3;1;-1;-1;10;11;2023;19:00;3;85;85081;1;1;2;2;46.73708;-1.398031;3;2;2;0;1;1;4;2;0;1;80;Indemne;4
202300026972;155 632 779;A01;1;0;2;1;5;5;203 787 249;1;1;4;1;2006.0;5;0;-1;-1;29;6;2023;12:00;1;26;26295;1;1;1;1;45.165738;4.874749;3;-1;2;0;4;4;4;1;0;1;80;Blessé léger;3
202300026972;155 632 780;B01;7;0;9;1;2;4;203 787 250;1;1;1;2;1976.0;1;1;-1;-1;29;6;2023;12:00;1;26;26295;1;1;1;1;45.165738;4.874749;3;-1;2;0;4;4;4;1;0;1;80;Indemne;3
202300026981;155 632 767;A01;7;0;9;2;17;1;203 787 235;1;1;1;2;1931.0;5;1;-1;-1;8;4;2023;11:50;1;22;22207;1;1;1;3;48.627094;-3.466146;3;2;2;0;1;1;7;1;0;1;80;Indemne;5
202300026981;155 632 768;B01;1;0;2;3;0;5;203 787 236;1;1;4;1;1969.0;5;2;-1;-1;8;4;2023;11:50;1;22;22207;1;1;1;3;48.627094;-3.466146;3;2;2;0;1;1;7;1;0;1;80;Blessé léger;5
202300026992;155 632 747;A01;7;1;2;2;1;1;203 787 209;1;1;1;2;1968.0;5;1;-1;-1;29;6;2023;11:20;1;09;09064;1;1;1;2;42.801903;1.650095;2;3;0;0;3;1;0;1;0;5;110;Indemne;3
202300026992;155 632 748;B01;1;0;0;4;1;5;203 787 210;1;1;3;1;1962.0;5;2;-1;-1;29;6;2023;11:20;1;09;09064;1;1;1;2;42.801903;1.650095;2;3;0;0;3;1;0;1;0;5;110;Blessé hospitalisé;3
202300026996;155 632 740;A01;1;15;0;0;21;5;203 787 197;1;1;3;1;1962.0;5;0;-1;-1;28;6;2023;15:40;1;52;52250;1;1;1;7;48.450528;5.157512;4;2;1;0;1;1; -1;1;2;1;-1;Blessé hospitalisé;2
202300026996;155 632 741;B01;1;0;0;0;17;5;203 787 198;1;1;1;1;1996.0;5;0;-1;-1;28;6;2023;15:40;1;52;52250;1;1;1;7;48.450528;5.157512;4;2;1;0;1;1; -1;1;2;1;-1;Indemne;2
202300027035;155 632 661;B01;80;0;2;5;16;3;203 787 096;1;1;4;2;2001.0;0;2;0;-1;15;6;2023;10:30;1;974;97411;2;6;8;3;-20.9006;55.4871;2;2;2;0;2;1; -1;1;0;1;50;Blessé léger;3
202300027035;155 632 661;B01;80;0;2;5;16;3;203 787 096;1;1;4;2;2001.0;0;2;0;-1;15;6;2023;10:30;1;974;97411;2;6;8;3;-20.9006;55.4871;2;3;4;1;1;4; -1;1;0;1;70;Blessé léger;3
202300027035;155 632 662;A01;10;0;2;7;16;1;203 787 097;1;1;1;1;1957.0;0;1;0;-1;15;6;2023;10:30;1;974;97411;2;6;8;3;-20.9006;55.4871;2;2;2;0;2;1; -1;1;0;1;50;Indemne;3
202300027035;155 632 662;A01;10;0;2;7;16;1;203 787 097;1;1;1;1;1957.0;0;1;0;-1;15;6;2023;10:30;1;974;97411;2;6;8;3;-20.9006;55.4871;2;3;4;1;1;4; -1;1;0;1;70;Indemne;3
202300027050;155 632 631;A01;1;0;2;1;25;5;203 787 056;1;1;4;1;2010.0;0;8;8;-1;28;6;2023;08:30;1;67;67218;2;1;1;3;48.5227;7.7169;4;1;2;0;1;1; -1;1;0;4;30;Blessé léger;2
202300027050;155 632 632;B01;7;0;2;3;9;1;203 787 057;1;1;1;1;1985.0;1;1;8;-1;28;6;2023;08:30;1;67;67218;2;1;1;3;48.5227;7.7169;4;1;2;0;1;1; -1;1;0;4;30;Indemne;2
202300027051;155 632 630;B01;1;12;2;7;2;5;203 787 055;1;1;4;2;1985.0;1;8;8;-1;28;6;2023;08:35;1;67;67482;2;1;8;7;48.5781;7.7347;4;2;4;0;2;1; -1;1;2;1;50;Blessé léger;2
202300027057;155 632 617;A01;7;0;2;8;1;1;203 787 036;1;1;1;2;1989.0;5;1;0;-1;26;6;2023;13:40;1;57;57666;2;1;1;6;49.345;6.14;4;-1;0;0;1;1; -1;1;0;1;50;Indemne;0
202300027057;155 632 618;B01;1;0;0;0;0;5;203 787 037;1;1;4;1;2012.0;2;8;0;-1;26;6;2023;13:40;1;57;57666;2;1;1;6;49.345;6.14;4;-1;0;0;1;1; -1;1;0;1;50;Blessé léger;0
202300027060;155 632 612;A01;1;0;2;8;1;5;203 787 030;1;1;4;1;1982.0;0;8;0;-1;27;6;2023;08:25;1;49;49007;2;1;1;2;47.47656;-0.56644;4;2;2;0;1;1; -1;1;0;1;50;Blessé léger;1
202300027060;155 632 613;B01;7;0;2;5;16;1;203 787 031;1;1;1;1;1997.0;0;1;0;-1;27;6;2023;08:25;1;49;49007;2;1;1;2;47.47656;-0.56644;4;2;2;0;1;1; -1;1;0;1;50;Indemne;1
202300027066;155 632 600;B01;1;0;2;8;2;5;203 787 015;1;1;4;1;1977.0;1;2;4;-1;28;6;2023;07:45;1;33;33318;2;1;1;3;44.77977;-0.65987;4;1;1;0;1;1; -1;1;0;1;30;Blessé léger;2
202300027066;155 632 601;A01;37;0;2;7;2;1;203 787 016;1;1;1;1;1968.0;4;1;-1;-1;28;6;2023;07:45;1;33;33318;2;1;1;3;44.77977;-0.65987;4;1;1;0;1;1; -1;1;0;1;30;Indemne;2
202300027088;155 632 559;B01;1;0;2;0;1;5;203 786 963;1;1;4;1;2013.0;5;8;0;-1;28;6;2023;17:45;1;75;75111;2;2;1;3;48.869618;2.37838;4;1;1;1;2;1; -1;1;0;1;30;Blessé léger;2
202300027088;155 632 559;B01;1;0;2;0;1;5;203 786 963;1;1;4;1;2013.0;5;8;0;-1;28;6;2023;17:45;1;75;75111;2;2;1;3;48.869618;2.37838;4;1;1;1;1;1; -1;1;0;1;30;Blessé léger;2
202300027090;155 632 554;A01;30;0;2;1;2;1;203 786 958;1;1;1;1;2001.0;0;2;6;-1;28;6;2023;19:45;1;94;94011;2;1;1;3;48.76187961;2.47900057;3;1;1;0;1;4; -1;1;6;1;50;Indemne;2
202300027090;155 632 555;B01;1;0;2;8;19;5;203 786 959;1;1;4;1;1960.0;0;8;0;-1;28;6;2023;19:45;1;94;94011;2;1;1;3;48.76187961;2.47900057;3;1;1;0;1;4; -1;1;6;1;50;Blessé léger;2
202300027093;155 632 548;B01;1;0;2;8;1;5;203 786 950;1;1;4;1;1971.0;0;8;0;-1;27;6;2023;19:30;1;94;94017;2;1;1;3;48.82005;2.48313;3;2;4;0;1;1; -1;1;0;1;50;Blessé léger;1
202300027093;155 632 549;A01;10;0;2;2;17;1;203 786 951;1;1;1;1;2002.0;4;1;0;-1;27;6;2023;19:30;1;94;94017;2;1;1;3;48.82005;2.48313;3;2;4;0;1;1; -1;1;0;1;50;Indemne;1
202300027102;155 632 534;A01;1;1;2;0;3;5;203 786 932;1;1;4;1;1970.0;5;8;0;-1;14;6;2023;20:30;1;92;92051;2;1;7;7;48.88407087;2.27070183;4;2;3;3;1;1; -1;1;0;1;50;Blessé léger;2
202300027106;155 632 527;A01;7;0;2;1;1;1;203 786 924;1;1;1;2;1997.0;5;1;8;-1;28;6;2023;19:30;1;92;92040;2;2;1;3;48.82395145;2.27280915;3;2;2;0;2;1; -1;1;5;1;30;Indemne;2
202300027106;155 632 527;A01;7;0;2;1;1;1;203 786 924;1;1;1;2;1997.0;5;1;8;-1;28;6;2023;19:30;1;92;92040;2;2;1;3;48.82395145;2.27280915;3;-1;2;0;1;1; -1;1;5;1;30;Indemne;2
202300027106;155 632 528;B01;1;0;2;7;1;5;203 786 925;1;1;4;2;2002.0;2;8;0;-1;28;6;2023;19:30;1;92;92040;2;2;1;3;48.82395145;2.27280915;3;2;2;0;2;1; -1;1;5;1;30;Blessé léger;2
202300027106;155 632 528;B01;1;0;2;7;1;5;203 786 925;1;1;4;2;2002.0;2;8;0;-1;28;6;2023;19:30;1;92;92040;2;2;1;3;48.82395145;2.27280915;3;-1;2;0;1;1; -1;1;5;1;30;Blessé léger;2
202300027107;155 632 525;B01;1;0;2;1;1;5;203 786 922;1;1;4;1;2009.0;0;8;0;-1;28;6;2023;16:50;1;92;92040;2;2;1;2;48.82506;2.27212;4;1;1;0;1;1; -1;1;0;1;30;Blessé léger;2
202300027107;155 632 525;B01;1;0;2;1;1;5;203 786 922;1;1;4;1;2009.0;0;8;0;-1;28;6;2023;16:50;1;92;92040;2;2;1;2;48.82506;2.27212;4;1;0;3;2;1; -1;1;0;1;30;Blessé léger;2
202300027116;155 632 511;B01;1;0;2;1;1;5;203 786 903;1;1;4;1;1984.0;0;2;0;-1;27;6;2023;11:45;1;92;92004;2;3;1;3;48.91236;2.28461;3;-1;2;0;1;1; -1;1;0;1;50;Blessé léger;1
202300027116;155 632 511;B01;1;0;2;1;1;5;203 786 903;1;1;4;1;1984.0;0;2;0;-1;27;6;2023;11:45;1;92;92004;2;3;1;3;48.91236;2.28461;3;-1;2;0;1;1; -1;1;0;1;50;Blessé léger;1
202300027116;155 632 512;A01;7;0;2;8;15;1;203 786 904;1;1;1;2;1982.0;0;1;0;-1;27;6;2023;11:45;1;92;92004;2;3;1;3;48.91236;2.28461;3;-1;2;0;1;1; -1;1;0;1;50;Indemne;1
202300027116;155 632 512;A01;7;0;2;8;15;1;203 786 904;1;1;1;2;1982.0;0;1;0;-1;27;6;2023;11:45;1;92;92004;2;3;1;3;48.91236;2.28461;3;-1;2;0;1;1; -1;1;0;1;50;Indemne;1
202300027119;155 632 507;B01;80;0;2;1;5;3;203 786 898;1;1;3;1;1955.0;5;0;-1;-1;28;6;2023;16:15;1;50;50565;1;1;1;1;48.756568;-1.410573;3;2;2;0;4;3; -1;1;0;1;80;Blessé hospitalisé;2
202300027119;155 632 508;A01;7;0;0;3;0;1;203 786 899;1;1;1;1;1958.0;5;1;-1;-1;28;6;2023;16:15;1;50;50565;1;1;1;1;48.756568;-1.410573;3;2;2;0;4;3; -1;1;0;1;80;Indemne;2
202300027127;155 632 490;A01;1;0;2;4;1;5;203 786 874;1;1;4;2;1994.0;5;0;-1;-1;29;6;2023;10:55;1;77;77068;1;1;1;2;48.501337;3.157518;3;2;2;0;2;1;5;1;0;1;80;Blessé léger;3
202300027131;155 632 485;A01;7;0;0;5;15;1;203 786 867;2;2;1;1;1995.0;5;1;-1;-1;24;6;2023;16:25;1;71;71401;2;3;1;3;46.57279;5.246552;3;2;2;0;1;1;5,5;1;0;1;50;Indemne;5
202300027131;155 632 485;A01;7;0;0;5;15;1;203 786 867;2;2;1;1;1995.0;5;1;-1;-1;24;6;2023;16:25;1;71;71401;2;3;1;3;46.57279;5.246552;3;2;2;0;1;3;5,5;1;0;1;50;Indemne;5
202300027131;155 632 485;A01;7;0;0;5;15;1;203 786 868;7;2;1;1;1992.0;5;1;-1;-1;24;6;2023;16:25;1;71;71401;2;3;1;3;46.57279;5.246552;3;2;2;0;1;1;5,5;1;0;1;50;Indemne;5
202300027131;155 632 485;A01;7;0;0;5;15;1;203 786 868;7;2;1;1;1992.0;5;1;-1;-1;24;6;2023;16:25;1;71;71401;2;3;1;3;46.57279;5.246552;3;2;2;0;1;3;5,5;1;0;1;50;Indemne;5
202300027131;155 632 485;A01;7;0;0;5;15;1;203 786 869;1;1;1;2;1997.0;5;1;-1;-1;24;6;2023;16:25;1;71;71401;2;3;1;3;46.57279;5.246552;3;2;2;0;1;1;5,5;1;0;1;50;Indemne;5
202300027131;155 632 485;A01;7;0;0;5;15;1;203 786 869;1;1;1;2;1997.0;5;1;-1;-1;24;6;2023;16:25;1;71;71401;2;3;1;3;46.57279;5.246552;3;2;2;0;1;3;5,5;1;0;1;50;Indemne;5
202300027131;155 632 486;B01;1;0;2;1;1;5;203 786 870;1;1;4;1;1994.0;5;0;-1;-1;24;6;2023;16:25;1;71;71401;2;3;1;3;46.57279;5.246552;3;2;2;0;1;1;5,5;1;0;1;50;Blessé léger;5
202300027131;155 632 486;B01;1;0;2;1;1;5;203 786 870;1;1;4;1;1994.0;5;0;-1;-1;24;6;2023;16:25;1;71;71401;2;3;1;3;46.57279;5.246552;3;2;2;0;1;3;5,5;1;0;1;50;Blessé léger;5
202300027136;155 632 476;A01;37;0;9;2;5;1;203 786 857;1;1;1;2;1976.0;4;1;-1;-1;26;6;2023;08:40;1;38;38431;1;1;1;1;45.250011;5.84728;4;2;2;0;2;3; -1;1;0;1;50;Indemne;0
202300027136;155 632 477;B01;1;0;2;1;1;5;203 786 858;1;1;3;1;2001.0;1;0;-1;-1;26;6;2023;08:40;1;38;38431;1;1;1;1;45.250011;5.84728;4;2;2;0;2;3; -1;1;0;1;50;Blessé hospitalisé;0
202300027141;155 632 465;A01;31;0;2;1;1;1;203 786 846;1;1;4;1;2005.0;2;2;6;-1;2;6;2023;16:15;1;40;40217;2;3;1;3;44.342929;-1.060754;4;2;2;0;1;1; -1;1;0;1;50;Blessé léger;4
202300027141;155 632 465;A01;31;0;2;1;1;1;203 786 846;1;1;4;1;2005.0;2;2;6;-1;2;6;2023;16:15;1;40;40217;2;3;1;3;44.342929;-1.060754;4;2; -1;-1;1;1; -1;1;0;1;-1;Blessé léger;4
202300027141;155 632 466;B01;1;0;2;1;19;5;203 786 847;1;1;3;1;2011.0;9;0;-1;-1;2;6;2023;16:15;1;40;40217;2;3;1;3;44.342929;-1.060754;4;2;2;0;1;1; -1;1;0;1;50;Blessé hospitalisé;4
202300027141;155 632 466;B01;1;0;2;1;19;5;203 786 847;1;1;3;1;2011.0;9;0;-1;-1;2;6;2023;16:15;1;40;40217;2;3;1;3;44.342929;-1.060754;4;2; -1;-1;1;1; -1;1;0;1;-1;Blessé hospitalisé;4
202300027159;155 632 430;B01;1;0;2;8;1;5;203 786 799;1;1;3;1;1994.0;5;2;-1;-1;29;6;2023;10:00;1;46;46272;1;4;1;3;44.621013;2.114364;3;2;2;0;1;2;4;1;0;1;80;Blessé hospitalisé;3
202300027159;155 632 430;B01;1;0;2;8;1;5;203 786 799;1;1;3;1;1994.0;5;2;-1;-1;29;6;2023;10:00;1;46;46272;1;4;1;3;44.621013;2.114364;3;2; -1;-1;1;2; -1;1;0;1;-1;Blessé hospitalisé;3
202300027159;155 632 431;A01;2;0;2;8;13;1;203 786 800;1;1;3;1;2008.0;5;2;6;-1;29;6;2023;10:00;1;46;46272;1;4;1;3;44.621013;2.114364;3;2;2;0;1;2;4;1;0;1;80;Blessé hospitalisé;3
202300027159;155 632 431;A01;2;0;2;8;13;1;203 786 800;1;1;3;1;2008.0;5;2;6;-1;29;6;2023;10:00;1;46;46272;1;4;1;3;44.621013;2.114364;3;2; -1;-1;1;2; -1;1;0;1;-1;Blessé hospitalisé;3
202300027161;155 632 427;A01;1;0;0;0;0;5;203 786 796;1;1;2;1;1947.0;5;2;-1;-1;27;6;2023;12:00;1;50;50139;1;1;1;7;49.026261;-1.037972;3;2;2;0;2;1;4;1;0;3;-1;Tué;1
202300027171;155 632 402;B01;1;0;2;1;1;5;203 786 768;1;1;3;1;1990.0;4;2;0;-1;10;10;2023;23:35;5;75;75102;2;2;1;3;48.866234;2.352539;4;1;3;2;1;1; -1;1;0;1;30;Blessé hospitalisé;1
202300027171;155 632 402;B01;1;0;2;1;1;5;203 786 768;1;1;3;1;1990.0;4;2;0;-1;10;10;2023;23:35;5;75;75102;2;2;1;3;48.866234;2.352539;4;2;4;3;1;1; -1;1;0;1;30;Blessé hospitalisé;1
202300027171;155 632 403;A01;7;0;2;3;1;1;203 786 769;1;1;1;1;1985.0;4;1;0;-1;10;10;2023;23:35;5;75;75102;2;2;1;3;48.866234;2.352539;4;1;3;2;1;1; -1;1;0;1;30;Indemne;1
202300027171;155 632 403;A01;7;0;2;3;1;1;203 786 769;1;1;1;1;1985.0;4;1;0;-1;10;10;2023;23:35;5;75;75102;2;2;1;3;48.866234;2.352539;4;2;4;3;1;1; -1;1;0;1;30;Indemne;1
202300027174;155 632 396;A01;80;0;2;7;1;3;203 786 757;1;1;3;2;1970.0;1;8;0;-1;11;10;2023;10:52;1;75;75119;2;2;1;3;48.884478;2.364819;4;1;1;1;1;1; -1;1;0;1;30;Blessé hospitalisé;2