Num_Acc;id_vehicule;num_veh;catv;obs;obsm;choc;manv;motor;id_usager;place;catu;grav;sexe;an_nais;trajet;secu1;secu2;secu3;jour;mois;an;hrmn;lum;dep;com;agg;int;atm;col;lat;long;catr;circ;nbv;vosp;prof;plan;larrout;surf;infra;situ;vma;gravity;day_of_week
202300027174;155 632 396;A01;80;0;2;7;1;3;203 786 757;1;1;3;2;1970.0;1;8;0;-1;11;10;2023;10:52;1;75;75119;2;2;1;3;48.884478;2.364819;4;1;1;0;1;1; -1;1;0;1;30;Blessé hospitalisé;2
202300027174;155 632 397;B01;10;0;2;1;1;3;203 786 758;1;1;1;1;1994.0;1;1;0;-1;11;10;2023;10:52;1;75;75119;2;2;1;3;48.884478;2.364819;4;1;1;1;1;1; -1;1;0;1;30;Indemne;2
202300027174;155 632 397;B01;10;0;2;1;1;3;203 786 758;1;1;1;1;1994.0;1;1;0;-1;11;10;2023;10:52;1;75;75119;2;2;1;3;48.884478;2.364819;4;1;1;0;1;1; -1;1;0;1;30;Indemne;2
202300027175;155 632 394;A01;80;0;2;1;25;3;203 786 754;1;1;1;2;1990.0;9;2;0;-1;11;10;2023;16:05;1;75;75117;2;2;1;1;48.892474;2.308789;4;-1;0;0;1;1; -1;1;0;1;30;Indemne;2
202300027175;155 632 394;A01;80;0;2;1;25;3;203 786 754;1;1;1;2;1990.0;9;2;0;-1;11;10;2023;16:05;1;75;75117;2;2;1;1;48.892474;2.308789;4;-1; -1;-1;1;1; -1;1;0;1;30;Indemne;2
202300027175;155 632 394;A01;80;0;2;1;25;3;203 786 755;2;2;4;1;2021.0;9;2;0;-1;11;10;2023;16:05;1;75;75117;2;2;1;1;48.892474;2.308789;4;-1;0;0;1;1; -1;1;0;1;30;Blessé léger;2
202300027175;155 632 394;A01;80;0;2;1;25;3;203 786 755;2;2;4;1;2021.0;9;2;0;-1;11;10;2023;16:05;1;75;75117;2;2;1;1;48.892474;2.308789;4;-1; -1;-1;1;1; -1;1;0;1;30;Blessé léger;2
202300027175;155 632 395;B01;33;0;2;1;9;1;203 786 756;1;1;1;1;1963.0;1;2;0;-1;11;10;2023;16:05;1;75;75117;2;2;1;1;48.892474;2.308789;4;-1;0;0;1;1; -1;1;0;1;30;Indemne;2
202300027175;155 632 395;B01;33;0;2;1;9;1;203 786 756;1;1;1;1;1963.0;1;2;0;-1;11;10;2023;16:05;1;75;75117;2;2;1;1;48.892474;2.308789;4;-1; -1;-1;1;1; -1;1;0;1;30;Indemne;2
202300027177;155 632 391;A01;1;0;2;1;1;5;203 786 749;1;1;4;1;1994.0;9;8;0;-1;11;10;2023;16:30;1;75;75115;2;3;1;3;48.833625;2.309015;4;2;2;2;1;1; -1;1;0;1;30;Blessé léger;2
202300027177;155 632 391;A01;1;0;2;1;1;5;203 786 749;1;1;4;1;1994.0;9;8;0;-1;11;10;2023;16:30;1;75;75115;2;3;1;3;48.833625;2.309015;4;1;1;0;1;1; -1;1;0;1;30;Blessé léger;2
202300027177;155 632 392;B01;7;0;2;7;1;2;203 786 750;4;2;1;1;2006.0;5;1;0;-1;11;10;2023;16:30;1;75;75115;2;3;1;3;48.833625;2.309015;4;2;2;2;1;1; -1;1;0;1;30;Indemne;2
202300027177;155 632 392;B01;7;0;2;7;1;2;203 786 750;4;2;1;1;2006.0;5;1;0;-1;11;10;2023;16:30;1;75;75115;2;3;1;3;48.833625;2.309015;4;1;1;0;1;1; -1;1;0;1;30;Indemne;2
202300027177;155 632 392;B01;7;0;2;7;1;2;203 786 751;1;1;1;1;1963.0;4;1;8;-1;11;10;2023;16:30;1;75;75115;2;3;1;3;48.833625;2.309015;4;2;2;2;1;1; -1;1;0;1;30;Indemne;2
202300027177;155 632 392;B01;7;0;2;7;1;2;203 786 751;1;1;1;1;1963.0;4;1;8;-1;11;10;2023;16:30;1;75;75115;2;3;1;3;48.833625;2.309015;4;1;1;0;1;1; -1;1;0;1;30;Indemne;2
202300027179;155 632 387;C01;1;0;2;4;1;5;203 786 744;1;1;4;2;1994.0;1;8;0;-1;11;10;2023;08:10;1;75;75115;2;2;1;6;48.838064;2.294604;4;-1; -1;-1;1;1; -1;1;0;1;30;Blessé léger;2
202300027179;155 632 387;C01;1;0;2;4;1;5;203 786 744;1;1;4;2;1994.0;1;8;0;-1;11;10;2023;08:10;1;75;75115;2;2;1;6;48.838064;2.294604;4;2;2;0;1;1; -1;1;0;1;50;Blessé léger;2
202300027179;155 632 388;A01;7;0;2;3;22;3;203 786 745;1;1;1;2;1965.0;1;1;8;-1;11;10;2023;08:10;1;75;75115;2;2;1;6;48.838064;2.294604;4;-1; -1;-1;1;1; -1;1;0;1;30;Indemne;2
202300027179;155 632 388;A01;7;0;2;3;22;3;203 786 745;1;1;1;2;1965.0;1;1;8;-1;11;10;2023;08:10;1;75;75115;2;2;1;6;48.838064;2.294604;4;2;2;0;1;1; -1;1;0;1;50;Indemne;2
202300027179;155 632 389;B01;1;1;2;1;1;5;203 786 746;1;1;4;2;1999.0;1;8;8;-1;11;10;2023;08:10;1;75;75115;2;2;1;6;48.838064;2.294604;4;-1; -1;-1;1;1; -1;1;0;1;30;Blessé léger;2
202300027179;155 632 389;B01;1;1;2;1;1;5;203 786 746;1;1;4;2;1999.0;1;8;8;-1;11;10;2023;08:10;1;75;75115;2;2;1;6;48.838064;2.294604;4;2;2;0;1;1; -1;1;0;1;50;Blessé léger;2
202300027180;155 632 385;A01;1;0;2;4;1;5;203 786 742;1;1;4;1;2001.0;5;2;0;-1;11;10;2023;18:00;1;75;75112;2;3;1;2;48.834751;2.43748;4;2; -1;-1;1;2; -1;1;-1;5;50;Blessé léger;2
202300027180;155 632 385;A01;1;0;2;4;1;5;203 786 742;1;1;4;1;2001.0;5;2;0;-1;11;10;2023;18:00;1;75;75112;2;3;1;2;48.834751;2.43748;4;2;1;1;1;1; -1;1;9;5;50;Blessé léger;2
202300027180;155 632 386;B01;1;0;2;1;1;5;203 786 743;1;1;3;1;1973.0;5;2;0;-1;11;10;2023;18:00;1;75;75112;2;3;1;2;48.834751;2.43748;4;2; -1;-1;1;2; -1;1;-1;5;50;Blessé hospitalisé;2
202300027180;155 632 386;B01;1;0;2;1;1;5;203 786 743;1;1;3;1;1973.0;5;2;0;-1;11;10;2023;18:00;1;75;75112;2;3;1;2;48.834751;2.43748;4;2;1;1;1;1; -1;1;9;5;50;Blessé hospitalisé;2
202300027184;155 632 380;B01;1;1;2;1;1;5;203 786 734;1;1;4;2;1964.0;9;2;8;-1;11;10;2023;16:35;1;75;75109;2;3;1;3;48.880773;2.340237;4;1; -1;-1;1;1; -1;1;0;1;30;Blessé léger;2
202300027184;155 632 380;B01;1;1;2;1;1;5;203 786 734;1;1;4;2;1964.0;9;2;8;-1;11;10;2023;16:35;1;75;75109;2;3;1;3;48.880773;2.340237;4;2;2;0;1;1; -1;1;0;1;30;Blessé léger;2
202300027184;155 632 381;A01;10;0;2;3;24;1;203 786 735;1;1;1;1;1971.0;4;8;0;-1;11;10;2023;16:35;1;75;75109;2;3;1;3;48.880773;2.340237;4;1; -1;-1;1;1; -1;1;0;1;30;Indemne;2
202300027184;155 632 381;A01;10;0;2;3;24;1;203 786 735;1;1;1;1;1971.0;4;8;0;-1;11;10;2023;16:35;1;75;75109;2;3;1;3;48.880773;2.340237;4;2;2;0;1;1; -1;1;0;1;30;Indemne;2
202300027187;155 632 376;Z01;1;0;1;1;1;5;203 786 729;10;3;4;2;1939.0;5;8;8;-1;11;10;2023;17:27;1;75;75107;2;2;1;6;48.85768;2.300195;4;1; -1;-1;1;1; -1;1;0;1;30;Blessé léger;2
202300027187;155 632 376;Z01;1;0;1;1;1;5;203 786 729;10;3;4;2;1939.0;5;8;8;-1;11;10;2023;17:27;1;75;75107;2;2;1;6;48.85768;2.300195;4;-1;2;0;1;1; -1;1;0;1;30;Blessé léger;2
202300027188;155 632 374;A01;80;12;0;0;14;3;203 786 726;1;1;4;1;1964.0;5;2;0;-1;10;10;2023;12:30;1;75;75114;2;1;1;6;48.82709;2.307811;4;1;3;1;1;1; -1;1;0;5;30;Blessé léger;1
202300027190;155 632 372;A01;1;14;0;1;1;5;203 786 724;1;1;4;2;1958.0;9;2;8;-1;11;10;2023;13:45;1;75;75104;2;3;1;7;48.855097;2.361674;4;1; -1;-1;1;1; -1;1;0;1;30;Blessé léger;2
202300027190;155 632 372;A01;1;14;0;1;1;5;203 786 724;1;1;4;2;1958.0;9;2;8;-1;11;10;2023;13:45;1;75;75104;2;3;1;7;48.855097;2.361674;4;1;3;1;1;1; -1;1;0;5;25;Blessé léger;2
202300027191;155 632 370;B01;1;0;2;4;23;5;203 786 722;1;1;4;2;1993.0;9;8;0;-1;10;10;2023;18:52;2;75;75102;2;3;1;2;48.86957268;2.35254943;4;1;7;2;2;2; -1;1;0;1;30;Blessé léger;1
202300027191;155 632 370;B01;1;0;2;4;23;5;203 786 722;1;1;4;2;1993.0;9;8;0;-1;10;10;2023;18:52;2;75;75102;2;3;1;2;48.86957268;2.35254943;4;1;2;2;1;1; -1;1;0;1;30;Blessé léger;1
202300027191;155 632 371;A01;10;0;2;2;15;1;203 786 723;1;1;1;1;1976.0;4;1;0;-1;10;10;2023;18:52;2;75;75102;2;3;1;2;48.86957268;2.35254943;4;1;7;2;2;2; -1;1;0;1;30;Indemne;1
202300027191;155 632 371;A01;10;0;2;2;15;1;203 786 723;1;1;1;1;1976.0;4;1;0;-1;10;10;2023;18:52;2;75;75102;2;3;1;2;48.86957268;2.35254943;4;1;2;2;1;1; -1;1;0;1;30;Indemne;1
202300027194;155 632 365;B01;1;0;2;8;1;5;203 786 716;1;1;4;1;1992.0;1;8;0;-1;10;10;2023;08:00;2;94;94043;2;3;1;3;48.805694;2.348622;3;2;2;0;1;1; -1;1;0;1;50;Blessé léger;1
202300027194;155 632 365;B01;1;0;2;8;1;5;203 786 716;1;1;4;1;1992.0;1;8;0;-1;10;10;2023;08:00;2;94;94043;2;3;1;3;48.805694;2.348622;3;1;1;0;2;1; -1;1;0;1;50;Blessé léger;1
202300027194;155 632 366;A01;7;0;2;3;15;1;203 786 717;1;1;1;1;1985.0;1;1;0;-1;10;10;2023;08:00;2;94;94043;2;3;1;3;48.805694;2.348622;3;2;2;0;1;1; -1;1;0;1;50;Indemne;1
202300027194;155 632 366;A01;7;0;2;3;15;1;203 786 717;1;1;1;1;1985.0;1;1;0;-1;10;10;2023;08:00;2;94;94043;2;3;1;3;48.805694;2.348622;3;1;1;0;2;1; -1;1;0;1;50;Indemne;1
202300027200;155 632 355;A01;7;0;2;3;22;1;203 786 701;1;1;1;1;1998.0;5;8;0;-1;11;10;2023;18:45;1;93;93027;2;6;1;3;48.93206711;2.39948175;3;2;4;0;1;1;12;1;0;1;50;Indemne;2
202300027200;155 632 355;A01;7;0;2;3;22;1;203 786 701;1;1;1;1;1998.0;5;8;0;-1;11;10;2023;18:45;1;93;93027;2;6;1;3;48.93206711;2.39948175;3;1;1;0;1;1; -1;1;0;1;-1;Indemne;2
202300027200;155 632 356;B01;1;1;0;1;17;5;203 786 702;1;1;4;1;1956.0;5;8;0;-1;11;10;2023;18:45;1;93;93027;2;6;1;3;48.93206711;2.39948175;3;2;4;0;1;1;12;1;0;1;50;Blessé léger;2
202300027200;155 632 356;B01;1;1;0;1;17;5;203 786 702;1;1;4;1;1956.0;5;8;0;-1;11;10;2023;18:45;1;93;93027;2;6;1;3;48.93206711;2.39948175;3;1;1;0;1;1; -1;1;0;1;-1;Blessé léger;2
202300027206;155 632 346;B01;1;0;2;8;19;5;203 786 688;1;1;4;2;1992.0;0;8;0;-1;10;10;2023;09:15;1;92;92024;2;1;1;3;48.90406;2.31185;3;2;2;1;1;1; -1;1;0;1;50;Blessé léger;1
202300027206;155 632 347;A01;33;0;2;1;1;1;203 786 689;1;1;1;1;1996.0;5;2;6;-1;10;10;2023;09:15;1;92;92024;2;1;1;3;48.90406;2.31185;3;2;2;1;1;1; -1;1;0;1;50;Indemne;1
202300027207;155 632 344;B01;7;0;2;3;1;2;203 786 686;1;1;1;1;1979.0;4;1;0;-1;11;10;2023;07:40;1;92;92019;1;1;1;3;48.77071584;2.24799871;3;1;3;1;1;1;9;1;0;1;50;Indemne;2
202300027207;155 632 345;A01;1;0;2;1;6;5;203 786 687;1;1;4;1;1996.0;5;8;0;-1;11;10;2023;07:40;1;92;92019;1;1;1;3;48.77071584;2.24799871;3;1;3;1;1;1;9;1;0;1;50;Blessé léger;2
202300027215;155 632 325;A01;7;0;2;3;2;1;203 786 661;1;1;1;1;1951.0;5;8;-1;-1;9;10;2023;15:15;1;86;86165;1;6;1;3;46.410615;0.895841;3;2;1;0;1;2;3;1;5;1;80;Indemne;0
202300027215;155 632 326;B01;80;0;2;7;16;3;203 786 662;1;1;3;2;1955.0;5;8;-1;-1;9;10;2023;15:15;1;86;86165;1;6;1;3;46.410615;0.895841;3;2;1;0;1;2;3;1;5;1;80;Blessé hospitalisé;0
202300027226;155 632 307;A01;7;0;2;2;2;1;203 786 640;1;1;1;2;1973.0;0;1;-1;-1;12;10;2023;17:02;1;35;35095;2;6;1;3;48.546022;-1.747261;3;2;2;0;1;1; -1;1;0;1;50;Indemne;3
202300027226;155 632 308;B01;1;0;2;0;2;5;203 786 641;1;1;4;1;2012.0;2;2;-1;-1;12;10;2023;17:02;1;35;35095;2;6;1;3;48.546022;-1.747261;3;2;2;0;1;1; -1;1;0;1;50;Blessé léger;3
202300027228;155 632 303;B01;1;0;2;1;1;5;203 786 636;1;1;4;1;1970.0;1;2;-1;-1;11;10;2023;18:15;1;29;29235;2;2;1;3;48.40309298;-4.38554585;4;2;2;0;1;1; -1;1;0;1;50;Blessé léger;2
202300027228;155 632 303;B01;1;0;2;1;1;5;203 786 636;1;1;4;1;1970.0;1;2;-1;-1;11;10;2023;18:15;1;29;29235;2;2;1;3;48.40309298;-4.38554585;4;2;2;0;1;1; -1;1;0;1;-1;Blessé léger;2
202300027228;155 632 304;A01;7;0;2;5;15;1;203 786 637;1;1;1;1;1961.0;0;1;-1;-1;11;10;2023;18:15;1;29;29235;2;2;1;3;48.40309298;-4.38554585;4;2;2;0;1;1; -1;1;0;1;50;Indemne;2
202300027228;155 632 304;A01;7;0;2;5;15;1;203 786 637;1;1;1;1;1961.0;0;1;-1;-1;11;10;2023;18:15;1;29;29235;2;2;1;3;48.40309298;-4.38554585;4;2;2;0;1;1; -1;1;0;1;-1;Indemne;2
202300027230;155 632 299;A01;10;0;9;2;2;1;203 786 632;1;1;1;1;1995.0;4;1;-1;-1;12;10;2023;10:00;1;15;15130;1;1;1;2;45.062376;3.242332;3;2;2;0;1;1;5,5;1;0;1;90;Indemne;3
202300027230;155 632 300;B01;1;0;2;4;2;5;203 786 633;1;1;2;1;1952.0;5;2;-1;-1;12;10;2023;10:00;1;15;15130;1;1;1;2;45.062376;3.242332;3;2;2;0;1;1;5,5;1;0;1;90;Tué;3
202300027235;155 632 291;A01;1;0;0;0;9;5;203 786 623;1;1;4;1;1960.0;5;2;-1;-1;11;10;2023;15:45;1;14;14229;2;6;1;7;49.233958;-0.037969;3;2;1;0;1;1;3;1;5;1;50;Blessé léger;2
202300027235;155 632 291;A01;1;0;0;0;9;5;203 786 623;1;1;4;1;1960.0;5;2;-1;-1;11;10;2023;15:45;1;14;14229;2;6;1;7;49.233958;-0.037969;3;-1;2;0;1;1; -1;1;5;1;50;Blessé léger;2
202300027243;155 632 275;A01;7;0;2;3;26;1;203 786 603;1;1;1;1;1995.0;1;1;-1;-1;12;10;2023;06:50;1;973;97309;2;6;1;3;4.887014;-52.28511;3;2;2;1;1;3; -1;1;5;1;50;Indemne;3
202300027243;155 632 276;B01;80;0;2;1;19;3;203 786 604;1;1;3;1;2008.0;2;0;-1;-1;12;10;2023;06:50;1;973;97309;2;6;1;3;4.887014;-52.28511;3;2;2;1;1;3; -1;1;5;1;50;Blessé hospitalisé;3
202300027248;155 632 267;A01;7;0;2;3;16;1;203 786 592;1;1;1;2;1983.0;0;8;-1;-1;11;10;2023;10:15;1;13;13015;2;3;1;3;43.434465;5.409726;4;2;2;0;1;1; -1;1;5;1;50;Indemne;2
202300027248;155 632 267;A01;7;0;2;3;16;1;203 786 592;1;1;1;2;1983.0;0;8;-1;-1;11;10;2023;10:15;1;13;13015;2;3;1;3;43.434465;5.409726;4;2;2;0;1;1; -1;1;5;1;50;Indemne;2
202300027248;155 632 268;B01;1;0;2;1;1;5;203 786 593;1;1;3;1;1947.0;5;0;-1;-1;11;10;2023;10:15;1;13;13015;2;3;1;3;43.434465;5.409726;4;2;2;0;1;1; -1;1;5;1;50;Blessé hospitalisé;2
202300027248;155 632 268;B01;1;0;2;1;1;5;203 786 593;1;1;3;1;1947.0;5;0;-1;-1;11;10;2023;10:15;1;13;13015;2;3;1;3;43.434465;5.409726;4;2;2;0;1;1; -1;1;5;1;50;Blessé hospitalisé;2
202300027249;155 632 265;A01;7;0;2;2;17;1;203 786 590;1;1;1;2;1976.0;5;1;-1;-1;11;10;2023;17:00;1;68;68111;2;1;1;3;48.004297;7.27845;3;2;2;0;2;1;4;1;0;1;30;Indemne;2
202300027249;155 632 266;B01;1;0;2;8;13;5;203 786 591;1;1;4;1;1989.0;3;0;-1;-1;11;10;2023;17:00;1;68;68111;2;1;1;3;48.004297;7.27845;3;2;2;0;2;1;4;1;0;1;30;Blessé léger;2
202300027253;155 632 258;A01;7;0;2;8;9;1;203 786 582;1;1;1;1;1963.0;1;1;-1;-1;12;10;2023;07:50;2;14;14630;1;6;8;3;49.256686;-0.647711;3;-1;2;0;1;2;7;1;5;1;30;Indemne;3
202300027253;155 632 258;A01;7;0;2;8;9;1;203 786 582;1;1;1;1;1963.0;1;1;-1;-1;12;10;2023;07:50;2;14;14630;1;6;8;3;49.256686;-0.647711;3;2;2;0;1;2; -1;1;5;1;30;Indemne;3
202300027253;155 632 259;B01;1;0;2;2;1;5;203 786 583;1;1;3;2;1965.0;1;2;-1;-1;12;10;2023;07:50;2;14;14630;1;6;8;3;49.256686;-0.647711;3;-1;2;0;1;2;7;1;5;1;30;Blessé hospitalisé;3
202300027253;155 632 259;B01;1;0;2;2;1;5;203 786 583;1;1;3;2;1965.0;1;2;-1;-1;12;10;2023;07:50;2;14;14630;1;6;8;3;49.256686;-0.647711;3;2;2;0;1;2; -1;1;5;1;30;Blessé hospitalisé;3
202300027259;155 632 247;B01;1;0;2;2;0;5;203 786 568;1;1;4;1;1984.0;5;2;-1;-1;11;10;2023;16:30;1;59;59034;1;6;1;3;50.528133;3.099732;3;2;1;1;1;2;3;1;0;1;80;Blessé léger;2
202300027259;155 632 248;A01;10;0;2;2;16;1;203 786 569;1;1;1;1;2003.0;0;1;-1;-1;11;10;2023;16:30;1;59;59034;1;6;1;3;50.528133;3.099732;3;2;1;1;1;2;3;1;0;1;80;Indemne;2
202300027297;155 632 171;A01;80;0;0;8;1;3;203 786 463;1;1;4;1;1985.0;1;8;0;-1;5;10;2023;18:16;1;87;87085;1;1;1;7;45.83267;1.24334;4;2;2;0;1;1; -1;1;0;1;30;Blessé léger;3
202300027301;155 632 164;A01;7;0;2;2;17;1;203 786 456;1;1;1;2;1960.0;0;1;8;-1;6;10;2023;09:20;1;85;85194;2;1;7;2;46.5307801;-1.790412;4;2;2;0;1;1; -1;1;0;1;50;Indemne;4
202300027301;155 632 165;B01;1;0;2;4;1;5;203 786 457;1;1;3;1;1960.0;9;8;0;-1;6;10;2023;09:20;1;85;85194;2;1;7;2;46.5307801;-1.790412;4;2;2;0;1;1; -1;1;0;1;50;Blessé hospitalisé;4
202300027302;155 632 162;A01;7;0;2;2;16;1;203 786 454;1;1;1;2;1969.0;5;1;0;-1;6;10;2023;11:55;1;85;85194;2;9;1;3;46.50791;-1.76977;4;2;0;1;1;1; -1;1;0;5;10;Indemne;4
202300027302;155 632 163;Y01;1;0;2;8;2;5;203 786 455;1;1;4;2;2003.0;5;2;0;-1;6;10;2023;11:55;1;85;85194;2;9;1;3;46.50791;-1.76977;4;2;0;1;1;1; -1;1;0;5;10;Blessé léger;4
202300027305;155 632 157;A01;7;1;0;3;22;1;203 786 448;1;1;1;1;1962.0;0;8;-1;-1;7;10;2023;10:55;1;83;83009;2;1;1;3;43.152401;5.763692;3;1;2;0;1;1; -1;1;0;1;50;Indemne;5
202300027305;155 632 158;B01;1;0;2;1;0;5;203 786 449;1;1;3;1;1950.0;0;8;-1;-1;7;10;2023;10:55;1;83;83009;2;1;1;3;43.152401;5.763692;3;1;2;0;1;1; -1;1;0;1;50;Blessé hospitalisé;5
202300027308;155 632 151;B01;1;0;2;3;1;5;203 786 441;1;1;4;1;2005.0;5;2;0;-1;5;10;2023;19:40;2;80;80489;2;1;1;1;49.87653;2.35152;4;2;2;0;1;1; -1;1;0;1;50;Blessé léger;3
202300027314;155 632 137;B01;1;0;2;1;1;5;203 786 426;1;1;4;2;1977.0;0;8;0;-1;9;10;2023;08:00;1;76;76351;2;3;1;3;49.494251;0.106432;4;1;2;1;1;1; -1;1;0;5;50;Blessé léger;0
202300027314;155 632 137;B01;1;0;2;1;1;5;203 786 426;1;1;4;2;1977.0;0;8;0;-1;9;10;2023;08:00;1;76;76351;2;3;1;3;49.494251;0.106432;4;2;2;0;1;1; -1;1;0;1;50;Blessé léger;0
202300027314;155 632 138;A01;7;0;2;3;16;1;203 786 427;1;1;1;2;1976.0;0;1;0;-1;9;10;2023;08:00;1;76;76351;2;3;1;3;49.494251;0.106432;4;1;2;1;1;1; -1;1;0;5;50;Indemne;0
202300027314;155 632 138;A01;7;0;2;3;16;1;203 786 427;1;1;1;2;1976.0;0;1;0;-1;9;10;2023;08:00;1;76;76351;2;3;1;3;49.494251;0.106432;4;2;2;0;1;1; -1;1;0;1;50;Indemne;0
202300027327;155 632 113;A01;1;0;2;8;19;5;203 786 397;1;1;2;1;1989.0;0;8;0;-1;9;10;2023;22:30;5;68;68066;2;2;1;3;48.07667;7.36601;3;2;0;0;1;1; -1;1;9;1;50;Tué;0
202300027327;155 632 113;A01;1;0;2;8;19;5;203 786 397;1;1;2;1;1989.0;0;8;0;-1;9;10;2023;22:30;5;68;68066;2;2;1;3;48.07667;7.36601;3;2;4;2;1;1; -1;1;0;1;50;Tué;0
202300027327;155 632 114;B01;7;0;0;0;0;1;203 786 398;1;1;1;1;2001.0;5;1;0;-1;9;10;2023;22:30;5;68;68066;2;2;1;3;48.07667;7.36601;3;2;0;0;1;1; -1;1;9;1;50;Indemne;0
202300027327;155 632 114;B01;7;0;0;0;0;1;203 786 398;1;1;1;1;2001.0;5;1;0;-1;9;10;2023;22:30;5;68;68066;2;2;1;3;48.07667;7.36601;3;2;4;2;1;1; -1;1;0;1;50;Indemne;0
202300027328;155 632 111;A01;50;0;2;1;13;3;203 786 395;1;1;1;1;1993.0;1;8;8;-1;9;10;2023;12:25;1;67;67218;2;1;1;1;48.53522;7.7234;4;2;3;2;1;2; -1;1;0;5;30;Indemne;0
202300027328;155 632 112;B01;1;0;2;1;1;5;203 786 396;1;1;4;1;1970.0;1;8;8;-1;9;10;2023;12:25;1;67;67218;2;1;1;1;48.53522;7.7234;4;2;3;2;1;2; -1;1;0;5;30;Blessé léger;0
202300027333;155 632 102;A01;7;0;2;8;22;1;203 786 383;1;1;1;1;1974.0;0;8;0;-1;9;10;2023;17:25;1;64;64445;2;1;1;6;43.30118;-0.3694;4;1;1;0;1;1; -1;1;0;1;30;Indemne;0
202300027333;155 632 103;B01;80;1;0;2;1;3;203 786 384;2;2;1;2;2020.0;0;-1;-1;-1;9;10;2023;17:25;1;64;64445;2;1;1;6;43.30118;-0.3694;4;1;1;0;1;1; -1;1;0;1;30;Indemne;0
202300027333;155 632 103;B01;80;1;0;2;1;3;203 786 385;1;1;4;2;1986.0;0;2;8;-1;9;10;2023;17:25;1;64;64445;2;1;1;6;43.30118;-0.3694;4;1;1;0;1;1; -1;1;0;1;30;Blessé léger;0
202300027341;155 632 088;B01;7;0;2;1;1;1;203 786 367;1;1;1;1;1965.0;0;1;8;-1;9;10;2023;11:40;1;56;56260;2;6;1;3;47.65933;-2.78099;4;3;3;0;1;1; -1;1;0;1;50;Indemne;0
202300027341;155 632 089;A01;1;0;2;7;19;5;203 786 368;1;1;4;1;1989.0;0;8;0;-1;9;10;2023;11:40;1;56;56260;2;6;1;3;47.65933;-2.78099;4;3;3;0;1;1; -1;1;0;1;50;Blessé léger;0
202300027364;155 632 049;A01;1;0;2;1;13;5;203 786 319;1;1;4;1;2007.0;0;8;0;-1;1;8;2023;18:20;5;974;97411;2;1;1;1;-20.90738;55.479;4;2;2;0;2;2; -1;1;0;1;30;Blessé léger;1
202300027364;155 632 050;B01;7;0;9;1;1;1;203 786 320;1;1;1;1;1972.0;0;1;8;-1;1;8;2023;18:20;5;974;97411;2;1;1;1;-20.90738;55.479;4;2;2;0;2;2; -1;1;0;1;30;Indemne;1
202300027373;155 632 032;B01;1;1;0;7;21;5;203 786 295;1;1;4;1;1990.0;1;8;0;-1;1;8;2023;15:45;1;77;77296;1;1;1;6;48.62733;2.59144;4;-1;2;0;1;1; -1;1;0;1;50;Blessé léger;1
202300027379;155 632 024;B01;1;0;2;5;1;5;203 786 283;1;1;4;1;2001.0;1;8;8;-1;2;8;2023;14:20;1;64;64122;2;1;1;3;43.48529;-1.5528;4;1;2;1;1;1; -1;1;0;5;30;Blessé léger;2
202300027379;155 632 025;A01;7;0;2;1;9;2;203 786 284;1;1;1;1;1978.0;5;1;8;-1;2;8;2023;14:20;1;64;64122;2;1;1;3;43.48529;-1.5528;4;1;2;1;1;1; -1;1;0;5;30;Indemne;2
202300027411;155 631 957;A01;7;0;2;1;9;1;203 786 199;1;1;1;1;1977.0;0;1;0;-1;25;2;2023;13:50;1;73;73065;2;6;1;2;45.57238253;5.9103916;4;2;2;2;1;1; -1;1;5;1;50;Indemne;5
202300027411;155 631 957;A01;7;0;2;1;9;1;203 786 199;1;1;1;1;1977.0;0;1;0;-1;25;2;2023;13:50;1;73;73065;2;6;1;2;45.57238253;5.9103916;4;1;1;0;1;2; -1;1;0;1;50;Indemne;5
202300027411;155 631 958;B01;1;0;2;4;1;5;203 786 200;1;1;4;1;1965.0;0;8;0;-1;25;2;2023;13:50;1;73;73065;2;6;1;2;45.57238253;5.9103916;4;2;2;2;1;1; -1;1;5;1;50;Blessé léger;5
202300027411;155 631 958;B01;1;0;2;4;1;5;203 786 200;1;1;4;1;1965.0;0;8;0;-1;25;2;2023;13:50;1;73;73065;2;6;1;2;45.57238253;5.9103916;4;1;1;0;1;2; -1;1;0;1;50;Blessé léger;5
202300027417;155 631 946;B01;1;0;2;2;16;5;203 786 188;1;1;4;1;1987.0;5;2;0;-1;16;4;2023;18:30;1;64;64102;2;6;1;3;43.49837;-1.49371;4;2;4;0;1;1; -1;1;0;1;30;Blessé léger;6
202300027417;155 631 946;B01;1;0;2;2;16;5;203 786 188;1;1;4;1;1987.0;5;2;0;-1;16;4;2023;18:30;1;64;64102;2;6;1;3;43.49837;-1.49371;4;1;3;0;1;2; -1;1;0;1;30;Blessé léger;6
202300027417;155 631 947;A01;7;0;2;3;15;1;203 786 189;1;1;1;1;1994.0;0;1;0;-1;16;4;2023;18:30;1;64;64102;2;6;1;3;43.49837;-1.49371;4;2;4;0;1;1; -1;1;0;1;30;Indemne;6
202300027417;155 631 947;A01;7;0;2;3;15;1;203 786 189;1;1;1;1;1994.0;0;1;0;-1;16;4;2023;18:30;1;64;64102;2;6;1;3;43.49837;-1.49371;4;1;3;0;1;2; -1;1;0;1;30;Indemne;6