Num_Acc;id_vehicule;num_veh;catv;obs;obsm;choc;manv;motor;id_usager;place;catu;grav;sexe;an_nais;trajet;secu1;secu2;secu3;jour;mois;an;hrmn;lum;dep;com;agg;int;atm;col;lat;long;catr;circ;nbv;vosp;prof;plan;larrout;surf;infra;situ;vma;gravity;day_of_week
202300027419;155 631 942;A01;1;0;2;3;9;5;203 786 184;1;1;3;1;2008.0;5;8;-1;-1;14;4;2023;16:30;1;63;63193;2;3;1;3;45.77662;3.1925;4;2;2;0;1;1; -1;1;0;8;50;Blessé hospitalisé;4
202300027419;155 631 942;A01;1;0;2;3;9;5;203 786 184;1;1;3;1;2008.0;5;8;-1;-1;14;4;2023;16:30;1;63;63193;2;3;1;3;45.77662;3.1925;4;2;2;0;1;1; -1;1;0;1;50;Blessé hospitalisé;4
202300027419;155 631 943;B01;7;0;2;3;1;1;203 786 185;1;1;1;1;1996.0;5;1;-1;-1;14;4;2023;16:30;1;63;63193;2;3;1;3;45.77662;3.1925;4;2;2;0;1;1; -1;1;0;8;50;Indemne;4
202300027419;155 631 943;B01;7;0;2;3;1;1;203 786 185;1;1;1;1;1996.0;5;1;-1;-1;14;4;2023;16:30;1;63;63193;2;3;1;3;45.77662;3.1925;4;2;2;0;1;1; -1;1;0;1;50;Indemne;4
202300027426;155 631 930;B01;7;0;2;7;1;1;203 786 170;1;1;1;2;1958.0;5;1;0;-1;17;4;2023;09:20;1;45;45232;2;1;1;3;47.868526;1.911222;4;2;2;0;1;2; -1;1;0;1;30;Indemne;0
202300027426;155 631 931;A01;1;0;2;1;25;5;203 786 171;1;1;4;1;1969.0;3;8;0;-1;17;4;2023;09:20;1;45;45232;2;1;1;3;47.868526;1.911222;4;2;2;0;1;2; -1;1;0;1;30;Blessé léger;0
202300027428;155 631 927;A01;7;0;2;1;2;1;203 786 167;1;1;1;1;2004.0;0;8;0;-1;17;4;2023;19:50;2;43;43157;2;1;2;2;45.02348;3.88166;4;2;2;0;1;1; -1;2;0;1;50;Indemne;0
202300027428;155 631 928;B01;1;0;2;4;2;5;203 786 168;1;1;4;1;1997.0;0;8;0;-1;17;4;2023;19:50;2;43;43157;2;1;2;2;45.02348;3.88166;4;2;2;0;1;1; -1;2;0;1;50;Blessé léger;0
202300027441;155 631 906;A01;1;12;0;1;19;5;203 786 142;1;1;4;1;1965.0;1;8;0;-1;2;8;2023;09:20;1;75;75119;2;2;1;6;48.888389;2.374138;4;3;6;3;1;1; -1;3;0;1;30;Blessé léger;2
202300027441;155 631 906;A01;1;12;0;1;19;5;203 786 142;1;1;4;1;1965.0;1;8;0;-1;2;8;2023;09:20;1;75;75119;2;2;1;6;48.888389;2.374138;4;1;2;0;1;1; -1;2;0;1;30;Blessé léger;2
202300027447;155 631 897;A01;1;0;1;1;16;5;203 786 130;10;3;4;2;1958.0;5;0;-1;-1;2;8;2023;15:10;1;75;75111;2;2;1;6;48.85934;2.386835;4;1;1;0;1;1; -1;1;0;1;30;Blessé léger;2
202300027447;155 631 897;A01;1;0;1;1;16;5;203 786 130;10;3;4;2;1958.0;5;0;-1;-1;2;8;2023;15:10;1;75;75111;2;2;1;6;48.85934;2.386835;4;2;2;0;1;1; -1;1;0;1;30;Blessé léger;2
202300027450;155 631 895;B01;1;0;2;4;1;5;203 786 126;1;1;4;1;1997.0;9;8;0;-1;2;8;2023;14:29;1;75;75111;2;7;1;2;48.853485;2.369609;4;1;2;1;1;1; -1;1;0;1;30;Blessé léger;2
202300027450;155 631 895;B01;1;0;2;4;1;5;203 786 126;1;1;4;1;1997.0;9;8;0;-1;2;8;2023;14:29;1;75;75111;2;7;1;2;48.853485;2.369609;4;2; -1;-1;1;1; -1;1;0;1;-1;Blessé léger;2
202300027456;155 631 882;A01;1;0;2;7;15;5;203 786 111;1;1;4;1;1990.0;5;8;0;-1;2;8;2023;15:15;1;75;75102;2;2;1;3;48.869541;2.336791;4;2;2;1;1;1; -1;1;0;1;30;Blessé léger;2
202300027456;155 631 882;A01;1;0;2;7;15;5;203 786 111;1;1;4;1;1990.0;5;8;0;-1;2;8;2023;15:15;1;75;75102;2;2;1;3;48.869541;2.336791;4;1;3;3;1;1; -1;1;0;1;30;Blessé léger;2
202300027456;155 631 883;B01;7;0;2;3;1;2;203 786 112;1;1;1;1;1995.0;4;8;0;-1;2;8;2023;15:15;1;75;75102;2;2;1;3;48.869541;2.336791;4;2;2;1;1;1; -1;1;0;1;30;Indemne;2
202300027456;155 631 883;B01;7;0;2;3;1;2;203 786 112;1;1;1;1;1995.0;4;8;0;-1;2;8;2023;15:15;1;75;75102;2;2;1;3;48.869541;2.336791;4;1;3;3;1;1; -1;1;0;1;30;Indemne;2
202300027461;155 631 873;B01;7;0;9;5;19;1;203 786 100;2;2;1;1;2001.0;2;1;0;-1;27;1;2023;18:50;5;38;38185;2;2;4;3;45.18788;5.72162;7;3;2;1;1;1; -1;2;9;5;30;Indemne;4
202300027461;155 631 873;B01;7;0;9;5;19;1;203 786 100;2;2;1;1;2001.0;2;1;0;-1;27;1;2023;18:50;5;38;38185;2;2;4;3;45.18788;5.72162;7;2;2;1;1;1; -1;2;9;5;30;Indemne;4
202300027461;155 631 873;B01;7;0;9;5;19;1;203 786 101;1;1;1;2;2003.0;2;1;0;-1;27;1;2023;18:50;5;38;38185;2;2;4;3;45.18788;5.72162;7;3;2;1;1;1; -1;2;9;5;30;Indemne;4
202300027461;155 631 873;B01;7;0;9;5;19;1;203 786 101;1;1;1;2;2003.0;2;1;0;-1;27;1;2023;18:50;5;38;38185;2;2;4;3;45.18788;5.72162;7;2;2;1;1;1; -1;2;9;5;30;Indemne;4
202300027461;155 631 875;A01;80;0;2;1;1;3;203 786 103;1;1;4;1;2005.0;0;8;0;-1;27;1;2023;18:50;5;38;38185;2;2;4;3;45.18788;5.72162;7;3;2;1;1;1; -1;2;9;5;30;Blessé léger;4
202300027461;155 631 875;A01;80;0;2;1;1;3;203 786 103;1;1;4;1;2005.0;0;8;0;-1;27;1;2023;18:50;5;38;38185;2;2;4;3;45.18788;5.72162;7;2;2;1;1;1; -1;2;9;5;30;Blessé léger;4
202300027465;155 631 864;A01;1;0;0;0;1;5;203 786 089;1;1;4;1;1998.0;5;8;0;-1;24;1;2023;16:10;1;75;75104;2;2;8;7;48.853417;2.367151;4;2;2;0;1;1; -1;1;-1;5;30;Blessé léger;1
202300027465;155 631 864;A01;1;0;0;0;1;5;203 786 089;1;1;4;1;1998.0;5;8;0;-1;24;1;2023;16:10;1;75;75104;2;2;8;7;48.853417;2.367151;4;2;4;1;1;1; -1;1;-1;5;-1;Blessé léger;1
202300027467;155 631 865;A01;1;0;9;3;5;5;203 786 090;1;1;3;2;1999.0;0;8;0;-1;24;1;2023;19:15;5;38;38185;2;3;1;1;45.17858;5.73599;4;2;3;3;1;1; -1;1;9;6;50;Blessé hospitalisé;1
202300027467;155 631 865;A01;1;0;9;3;5;5;203 786 090;1;1;3;2;1999.0;0;8;0;-1;24;1;2023;19:15;5;38;38185;2;3;1;1;45.17858;5.73599;4;1;1;0;1;1; -1;1;0;8;30;Blessé hospitalisé;1
202300027467;155 631 867;B01;37;0;9;3;1;0;203 786 092;9;2;4;1;1962.0;5;8;0;-1;24;1;2023;19:15;5;38;38185;2;3;1;1;45.17858;5.73599;4;2;3;3;1;1; -1;1;9;6;50;Blessé léger;1
202300027467;155 631 867;B01;37;0;9;3;1;0;203 786 092;9;2;4;1;1962.0;5;8;0;-1;24;1;2023;19:15;5;38;38185;2;3;1;1;45.17858;5.73599;4;1;1;0;1;1; -1;1;0;8;30;Blessé léger;1
202300027467;155 631 867;B01;37;0;9;3;1;0;203 786 093;1;1;1;1;1976.0;4;1;0;-1;24;1;2023;19:15;5;38;38185;2;3;1;1;45.17858;5.73599;4;2;3;3;1;1; -1;1;9;6;50;Indemne;1
202300027467;155 631 867;B01;37;0;9;3;1;0;203 786 093;1;1;1;1;1976.0;4;1;0;-1;24;1;2023;19:15;5;38;38185;2;3;1;1;45.17858;5.73599;4;1;1;0;1;1; -1;1;0;8;30;Indemne;1
202300027475;155 631 853;A01;1;0;2;8;19;5;203 786 073;1;1;4;2;1966.0;1;8;6;-1;24;1;2023;09:00;1;94;94033;2;1;1;3;48.853476;2.452191;4;2;2;0;2;1; -1;1;5;6;50;Blessé léger;1
202300027475;155 631 854;B01;32;0;2;1;1;1;203 786 076;1;1;1;1;2001.0;9;2;6;-1;24;1;2023;09:00;1;94;94033;2;1;1;3;48.853476;2.452191;4;2;2;0;2;1; -1;1;5;6;50;Indemne;1
202300027483;155 631 839;B01;1;0;2;3;2;5;203 786 052;1;1;4;1;1996.0;0;8;0;-1;24;1;2023;15:10;1;93;93055;2;1;1;2;48.902397;2.39938;4;2;2;1;1;1; -1;1;0;1;30;Blessé léger;1
202300027483;155 631 841;A01;7;0;2;3;2;1;203 786 055;1;1;1;1;2000.0;4;8;0;-1;24;1;2023;15:10;1;93;93055;2;1;1;2;48.902397;2.39938;4;2;2;1;1;1; -1;1;0;1;30;Indemne;1
202300027500;155 631 814;A01;1;0;0;0;14;5;203 786 017;1;1;4;1;1999.0;0;8;0;-1;24;1;2023;19:45;5;92;92040;2;3;1;6;48.83359074;2.26712376;3;2;2;1;1;1; -1;1;0;4;50;Blessé léger;1
202300027500;155 631 814;A01;1;0;0;0;14;5;203 786 017;1;1;4;1;1999.0;0;8;0;-1;24;1;2023;19:45;5;92;92040;2;3;1;6;48.83359074;2.26712376;3;2;2;1;1;1; -1;1;0;4;50;Blessé léger;1
202300027509;155 631 800;A01;1;1;0;2;15;5;203 785 998;1;1;4;2;2003.0;4;0;-1;-1;2;8;2023;09:45;1;65;65258;2;3;1;6;43.122291;0.383475;4;1;1;0;1;2; -1;1;0;1;50;Blessé léger;2
202300027509;155 631 800;A01;1;1;0;2;15;5;203 785 998;1;1;4;2;2003.0;4;0;-1;-1;2;8;2023;09:45;1;65;65258;2;3;1;6;43.122291;0.383475;4;1;1;-1;1;1; -1;1;0;1;50;Blessé léger;2
202300027517;155 631 785;B01;1;0;2;8;15;5;203 785 982;1;1;3;1;1952.0;5;2;-1;-1;24;1;2023;14:25;1;31;31271;1;3;1;3;43.544357;1.63324;3;2;2;0;1;1; -1;1;0;1;80;Blessé hospitalisé;1
202300027517;155 631 785;B01;1;0;2;8;15;5;203 785 982;1;1;3;1;1952.0;5;2;-1;-1;24;1;2023;14:25;1;31;31271;1;3;1;3;43.544357;1.63324;3;-1;2;0;1;1; -1;1;0;8;50;Blessé hospitalisé;1
202300027517;155 631 788;A01;7;0;2;1;17;1;203 785 986;1;1;1;1;1961.0;5;1;-1;-1;24;1;2023;14:25;1;31;31271;1;3;1;3;43.544357;1.63324;3;2;2;0;1;1; -1;1;0;1;80;Indemne;1
202300027517;155 631 788;A01;7;0;2;1;17;1;203 785 986;1;1;1;1;1961.0;5;1;-1;-1;24;1;2023;14:25;1;31;31271;1;3;1;3;43.544357;1.63324;3;-1;2;0;1;1; -1;1;0;8;50;Indemne;1
202300027533;155 631 762;A01;1;0;2;8;19;5;203 785 945;1;1;3;1;2003.0;1;4;9;-1;25;1;2023;08:50;1;89;89195;1;1;1;3;48.166407;3.267896;3;2;2;0;2;1; -1;1;2;1;90;Blessé hospitalisé;2
202300027533;155 631 763;B01;7;0;2;1;2;1;203 785 947;1;1;1;2;1965.0;1;1;-1;-1;25;1;2023;08:50;1;89;89195;1;1;1;3;48.166407;3.267896;3;2;2;0;2;1; -1;1;2;1;90;Indemne;2
202300027538;155 631 753;A01;7;0;2;1;1;1;203 785 936;1;1;1;1;1990.0;0;1;0;-1;17;4;2023;09:00;1;93;93055;2;2;8;1;48.89157;2.41661;4;1;1;1;2;1; -1;1;0;1;30;Indemne;0
202300027538;155 631 753;A01;7;0;2;1;1;1;203 785 936;1;1;1;1;1990.0;0;1;0;-1;17;4;2023;09:00;1;93;93055;2;2;8;1;48.89157;2.41661;4;1;1;0;1;1; -1;1;0;1;30;Indemne;0
202300027538;155 631 756;B01;1;0;2;7;1;5;203 785 939;1;1;4;1;1986.0;0;8;0;-1;17;4;2023;09:00;1;93;93055;2;2;8;1;48.89157;2.41661;4;1;1;1;2;1; -1;1;0;1;30;Blessé léger;0
202300027538;155 631 756;B01;1;0;2;7;1;5;203 785 939;1;1;4;1;1986.0;0;8;0;-1;17;4;2023;09:00;1;93;93055;2;2;8;1;48.89157;2.41661;4;1;1;0;1;1; -1;1;0;1;30;Blessé léger;0
202300027551;155 631 733;A01;7;0;2;1;9;1;203 785 904;1;1;1;2;1965.0;5;1;-1;-1;21;1;2023;15:45;1;71;71346;2;6;8;2;46.612155;4.220367;3;2;2;0;1;1; -1;2;0;1;30;Indemne;5
202300027551;155 631 734;B01;1;0;0;4;1;5;203 785 905;1;1;4;1;1977.0;5;2;4;9;21;1;2023;15:45;1;71;71346;2;6;8;2;46.612155;4.220367;3;2;2;0;1;1; -1;2;0;1;30;Blessé léger;5
202300027552;155 631 730;B01;1;0;0;4;2;5;203 785 901;1;1;3;1;2006.0;0;8;-1;-1;25;7;2023;10:00;1;16;16106;2;1;1;2;46.013229;0.667828;3;2;2;0;1;1;6;1;0;1;50;Blessé hospitalisé;1
202300027552;155 631 731;A01;7;0;0;1;17;1;203 785 902;1;1;1;1;1945.0;9;1;-1;-1;25;7;2023;10:00;1;16;16106;2;1;1;2;46.013229;0.667828;3;2;2;0;1;1;6;1;0;1;50;Indemne;1
202300027556;155 631 719;B01;7;0;2;2;2;0;203 785 888;1;1;1;1;1986.0;1;1;-1;-1;3;8;2023;08:45;1;17;17218;1;1;1;2;46.323423;-0.988737;3;2;2;0;1;1; -1;2;0;1;80;Indemne;3
202300027556;155 631 721;A01;1;0;2;4;2;5;203 785 891;1;1;2;2;1965.0;5;0;-1;-1;3;8;2023;08:45;1;17;17218;1;1;1;2;46.323423;-0.988737;3;2;2;0;1;1; -1;2;0;1;80;Tué;3
202300027558;155 631 718;A01;1;0;0;7;0;5;203 785 889;1;1;4;1;1979.0;5;2;0;-1;16;4;2023;17:45;1;92;92048;1;9;1;6;48.7952;2.23327;6;-1; -1;0;1;1; -1;1;9;1;30;Blessé léger;6
202300027559;155 631 716;A01;1;16;0;0;0;5;203 785 886;1;1;3;2;1998.0;5;2;-1;-1;3;8;2023;16:50;1;38;38527;2;1;1;7;45.162742;6.086115;3;2;2;0;2;1;5,5;1;0;8;50;Blessé hospitalisé;3
202300027571;155 631 692;A01;1;0;4;7;26;5;203 785 843;1;1;2;2;2008.0;5;0;-1;-1;30;7;2023;20:10;1;30;30155;2;8;1;1;43.826319;4.479498;4;2;2;0;3;1; -1;1;4;8;50;Tué;6
202300027571;155 631 694;B01;39;0;9;1;0;3;203 785 844;1;1;1;1;1993.0;4;9;-1;-1;30;7;2023;20:10;1;30;30155;2;8;1;1;43.826319;4.479498;4;2;2;0;3;1; -1;1;4;8;50;Indemne;6
202300027572;155 631 690;B01;7;0;2;1;1;1;203 785 841;1;1;1;1;1969.0;1;1;-1;-1;24;1;2023;17:20;1;31;31033;2;1;1;3;43.355333;1.463862;3;2;2;0;1;1; -1;1;0;1;30;Indemne;1
202300027572;155 631 691;A01;1;0;0;8;19;5;203 785 842;1;1;4;1;2010.0;2;2;-1;-1;24;1;2023;17:20;1;31;31033;2;1;1;3;43.355333;1.463862;3;2;2;0;1;1; -1;1;0;1;30;Blessé léger;1
202300027584;155 631 669;A01;7;0;9;2;2;1;203 785 815;1;1;1;1;1972.0;0;1;0;-1;17;4;2023;20:25;2;92;92004;2;1;1;6;48.91176;2.28514;3;-1;1;0;1;1; -1;1;0;1;50;Indemne;0
202300027584;155 631 672;B01;1;0;2;4;2;5;203 785 818;1;1;4;1;1993.0;0;8;0;-1;17;4;2023;20:25;2;92;92004;2;1;1;6;48.91176;2.28514;3;-1;1;0;1;1; -1;1;0;1;50;Blessé léger;0
202300027602;155 631 641;A01;7;0;2;3;22;1;203 785 776;1;1;1;2;1960.0;3;8;-1;-1;17;4;2023;18:15;1;62;62261;2;1;1;6;50.481654;1.593844;4;3;2;0;1;1; -1;1;0;1;50;Indemne;0
202300027602;155 631 643;B01;1;1;0;7;1;5;203 785 778;1;1;4;2;1966.0;3;0;-1;-1;17;4;2023;18:15;1;62;62261;2;1;1;6;50.481654;1.593844;4;3;2;0;1;1; -1;1;0;1;50;Blessé léger;0
202300027615;155 631 614;B01;1;0;2;6;15;5;203 785 745;1;1;3;1;1943.0;5;0;-1;-1;17;4;2023;17:25;1;33;33484;2;3;1;3;44.43083;-0.494862;3;2;2;0;1;1;7;1;0;1;50;Blessé hospitalisé;0
202300027615;155 631 614;B01;1;0;2;6;15;5;203 785 745;1;1;3;1;1943.0;5;0;-1;-1;17;4;2023;17:25;1;33;33484;2;3;1;3;44.43083;-0.494862;3;2; -1;0;1;1; -1;1;0;1;30;Blessé hospitalisé;0
202300027615;155 631 617;A01;7;0;2;3;1;1;203 785 748;1;1;1;2;1950.0;5;1;-1;-1;17;4;2023;17:25;1;33;33484;2;3;1;3;44.43083;-0.494862;3;2;2;0;1;1;7;1;0;1;50;Indemne;0
202300027615;155 631 617;A01;7;0;2;3;1;1;203 785 748;1;1;1;2;1950.0;5;1;-1;-1;17;4;2023;17:25;1;33;33484;2;3;1;3;44.43083;-0.494862;3;2; -1;0;1;1; -1;1;0;1;30;Indemne;0
202300027625;155 631 598;A01;80;0;2;8;15;3;203 785 722;1;1;4;1;1964.0;0;2;0;-1;4;5;2023;18:30;1;32;32013;2;1;1;3;43.663;0.593;4;2;2;1;1;1; -1;1;5;1;50;Blessé léger;3
202300027625;155 631 600;B01;7;0;2;2;2;1;203 785 725;1;1;1;2;1967.0;3;1;0;-1;4;5;2023;18:30;1;32;32013;2;1;1;3;43.663;0.593;4;2;2;1;1;1; -1;1;5;1;50;Indemne;3
202300027635;155 631 583;A01;80;0;0;0;0;3;203 785 705;1;1;3;1;1965.0;5;2;-1;-1;17;4;2023;10:30;1;44;44222;1;1;1;7;47.453953;-1.152631;3;2;2;0;2;1;5;1;0;1;-1;Blessé hospitalisé;0
202300027646;155 631 564;A01;1;0;0;5;10;5;203 785 677;1;1;2;1;1958.0;5;2;-1;-1;18;4;2023;18:26;1;64;64535;1;1;1;2;43.349883;-0.523288;3;2;2;0;1;1; -1;1;9;3;80;Tué;1
202300027646;155 631 565;B01;7;0;2;2;1;3;203 785 679;1;1;1;1;1976.0;1;1;-1;-1;18;4;2023;18:26;1;64;64535;1;1;1;2;43.349883;-0.523288;3;2;2;0;1;1; -1;1;9;3;80;Indemne;1
202300027670;155 631 517;A01;7;0;2;2;1;1;203 785 620;1;1;1;2;1988.0;0;1;0;-1;23;1;2023;18:00;5;94;94046;2;1;1;6;48.805989;2.441635;3;2;2;0;2;1; -1;1;0;1;50;Indemne;0
202300027670;155 631 518;B01;1;0;2;8;13;5;203 785 621;1;1;4;1;1985.0;0;2;0;-1;23;1;2023;18:00;5;94;94046;2;1;1;6;48.805989;2.441635;3;2;2;0;2;1; -1;1;0;1;50;Blessé léger;0
202300027694;155 631 476;A01;1;0;0;0;1;5;203 785 570;1;1;4;1;2006.0;5;8;0;-1;20;1;2023;18:45;5;87;87085;2;1;1;7;45.84622;1.23832;4;2;2;0;1;1; -1;1;0;1;30;Blessé léger;4
202300027701;155 631 466;B01;80;1;0;0;21;3;203 785 557;1;1;3;2;1994.0;1;8;0;0;31;7;2023;08:00;1;56;56121;2;1;2;6;47.74314;-3.36498;4;2;2;0;1;1; -1;2;0;1;50;Blessé hospitalisé;0
202300027701;155 631 467;A01;10;0;2;8;22;1;203 785 558;1;1;1;1;1980.0;0;1;8;-1;31;7;2023;08:00;1;56;56121;2;1;2;6;47.74314;-3.36498;4;2;2;0;1;1; -1;2;0;1;50;Indemne;0
202300027706;155 631 458;A01;1;0;1;1;25;5;203 785 546;1;1;1;1;1948.0;5;2;0;-1;31;7;2023;16:55;1;54;54357;2;1;1;6;48.72094;6.17176;4;-1;1;3;1;1;3,5;1;6;4;50;Indemne;0
202300027706;155 631 458;A01;1;0;1;1;25;5;203 785 548;10;3;4;2;2021.0;0;0;-1;-1;31;7;2023;16:55;1;54;54357;2;1;1;6;48.72094;6.17176;4;-1;1;3;1;1;3,5;1;6;4;50;Blessé léger;0
202300027717;155 631 442;B01;1;0;2;6;1;5;203 785 526;1;1;3;2;1971.0;0;8;0;-1;1;8;2023;17:20;1;44;44162;2;1;1;3;47.2264963;-1.6371801;4;2;0;0;1;1; -1;2;0;1;50;Blessé hospitalisé;1
202300027717;155 631 444;A01;7;0;2;7;1;1;203 785 529;1;1;1;1;1991.0;0;8;0;-1;1;8;2023;17:20;1;44;44162;2;1;1;3;47.2264963;-1.6371801;4;2;0;0;1;1; -1;2;0;1;50;Indemne;1
202300027723;155 631 432;B01;1;0;0;4;11;5;203 785 513;1;1;4;1;2008.0;0;2;4;-1;23;1;2023;17:30;2;59;59378;2;1;1;2;50.688539;3.113994;7;2;2;0;2;2; -1;1;0;1;30;Blessé léger;0
202300027723;155 631 434;A01;7;0;9;2;1;1;203 785 517;1;1;1;2;1963.0;0;1;0;-1;23;1;2023;17:30;2;59;59378;2;1;1;2;50.688539;3.113994;7;2;2;0;2;2; -1;1;0;1;30;Indemne;0
202300027740;155 631 403;B01;1;12;2;4;19;5;203 785 479;1;1;2;1;1974.0;0;8;0;-1;6;3;2023;21:35;5;45;45232;2;2;1;3;47.86875;1.9118;4;3;5;0;1;1; -1;1;5;1;50;Tué;0
202300027740;155 631 403;B01;1;12;2;4;19;5;203 785 479;1;1;2;1;1974.0;0;8;0;-1;6;3;2023;21:35;5;45;45232;2;2;1;3;47.86875;1.9118;4;3;6;2;1;1; -1;1;5;1;50;Tué;0
202300027740;155 631 408;A01;7;12;2;8;1;1;203 785 484;1;1;1;1;1996.0;0;1;0;-1;6;3;2023;21:35;5;45;45232;2;2;1;3;47.86875;1.9118;4;3;5;0;1;1; -1;1;5;1;50;Indemne;0
202300027740;155 631 408;A01;7;12;2;8;1;1;203 785 484;1;1;1;1;1996.0;0;1;0;-1;6;3;2023;21:35;5;45;45232;2;2;1;3;47.86875;1.9118;4;3;6;2;1;1; -1;1;5;1;50;Indemne;0
202300027745;155 631 394;B01;7;0;2;2;1;1;203 785 467;1;1;1;1;1938.0;0;1;0;-1;1;8;2023;10:20;1;17;17415;2;1;1;3;45.74958;-0.64587;4;2;2;0;1;1; -1;1;0;1;50;Indemne;1
202300027745;155 631 396;A01;1;0;2;3;19;5;203 785 469;1;1;4;1;1950.0;0;8;0;-1;1;8;2023;10:20;1;17;17415;2;1;1;3;45.74958;-0.64587;4;2;2;0;1;1; -1;1;0;1;50;Blessé léger;1
202300027748;155 631 387;B01;1;0;0;0;0;5;203 785 458;1;1;4;2;1975.0;0;2;0;-1;6;3;2023;08:00;1;44;44109;2;1;1;3;47.218768;-1.5506862;4;2;2;0;1;1; -1;1;0;1;30;Blessé léger;0
202300027748;155 631 392;A01;7;0;0;0;17;1;203 785 464;1;1;1;1;1965.0;0;1;0;-1;6;3;2023;08:00;1;44;44109;2;1;1;3;47.218768;-1.5506862;4;2;2;0;1;1; -1;1;0;1;30;Indemne;0
202300027771;155 631 351;B01;1;0;2;0;1;5;203 785 416;1;1;4;1;1996.0;5;-1;0;-1;31;7;2023;21:45;5;07;07281;2;3;1;7;44.940939;4.841213;3;2;2;0;2;2; -1;1;0;1;50;Blessé léger;0
202300027771;155 631 351;B01;1;0;2;0;1;5;203 785 416;1;1;4;1;1996.0;5;-1;0;-1;31;7;2023;21:45;5;07;07281;2;3;1;7;44.940939;4.841213;3;2; -1;-1;1;1; -1;1;5;1;-1;Blessé léger;0
202300027771;155 631 353;A01;7;0;0;0;15;1;203 785 418;1;1;1;2;1979.0;5;1;8;-1;31;7;2023;21:45;5;07;07281;2;3;1;7;44.940939;4.841213;3;2;2;0;2;2; -1;1;0;1;50;Indemne;0
202300027771;155 631 353;A01;7;0;0;0;15;1;203 785 418;1;1;1;2;1979.0;5;1;8;-1;31;7;2023;21:45;5;07;07281;2;3;1;7;44.940939;4.841213;3;2; -1;-1;1;1; -1;1;5;1;-1;Indemne;0
202300027781;155 631 328;A01;7;0;2;2;1;1;203 785 389;1;1;1;1;1972.0;5;1;0;-1;31;7;2023;17:17;1;05;05061;2;6;1;2;44.55581;6.07831;4;1;1;0;1;1; -1;1;0;1;50;Indemne;0
202300027781;155 631 331;B01;1;0;2;6;19;5;203 785 393;1;1;3;2;1982.0;1;8;0;-1;31;7;2023;17:17;1;05;05061;2;6;1;2;44.55581;6.07831;4;1;1;0;1;1; -1;1;0;1;50;Blessé hospitalisé;0
202300027784;155 631 325;A01;10;0;2;2;15;1;203 785 386;1;1;1;1;2001.0;0;1;-1;-1;6;3;2023;20:10;5;33;33281;2;2;1;3;44.84810941;-0.659751;4;2;2;2;1;1; -1;1;0;1;50;Indemne;0
202300027784;155 631 325;A01;10;0;2;2;15;1;203 785 386;1;1;1;1;2001.0;0;1;-1;-1;6;3;2023;20:10;5;33;33281;2;2;1;3;44.84810941;-0.659751;4;2; -1;-1;1;1; -1;1;0;1;-1;Indemne;0
202300027784;155 631 327;B01;1;0;2;1;1;5;203 785 388;1;1;4;1;1974.0;5;2;-1;-1;6;3;2023;20:10;5;33;33281;2;2;1;3;44.84810941;-0.659751;4;2;2;2;1;1; -1;1;0;1;50;Blessé léger;0
202300027784;155 631 327;B01;1;0;2;1;1;5;203 785 388;1;1;4;1;1974.0;5;2;-1;-1;6;3;2023;20:10;5;33;33281;2;2;1;3;44.84810941;-0.659751;4;2; -1;-1;1;1; -1;1;0;1;-1;Blessé léger;0
202300027787;155 631 318;A01;7;0;2;3;1;1;203 785 374;1;1;1;2;1963.0;0;1;8;-1;21;1;2023;17:45;5;64;64445;2;2;1;3;43.30147;-0.36926;4;1;1;0;1;1; -1;1;0;1;30;Indemne;5
202300027787;155 631 318;A01;7;0;2;3;1;1;203 785 374;1;1;1;2;1963.0;0;1;8;-1;21;1;2023;17:45;5;64;64445;2;2;1;3;43.30147;-0.36926;4;1;1;0;1;1; -1;1;0;1;30;Indemne;5
202300027787;155 631 320;B01;1;0;2;1;0;5;203 785 378;1;1;4;2;1970.0;0;8;0;-1;21;1;2023;17:45;5;64;64445;2;2;1;3;43.30147;-0.36926;4;1;1;0;1;1; -1;1;0;1;30;Blessé léger;5
202300027787;155 631 320;B01;1;0;2;1;0;5;203 785 378;1;1;4;2;1970.0;0;8;0;-1;21;1;2023;17:45;5;64;64445;2;2;1;3;43.30147;-0.36926;4;1;1;0;1;1; -1;1;0;1;30;Blessé léger;5
202300027797;155 631 295;B01;1;0;2;8;1;5;203 785 353;1;1;4;1;1952.0;0;2;-1;-1;6;3;2023;15:10;1;25;25462;2;2;1;1;46.90017;6.3611;4;2;2;0;1;1; -1;1;0;1;50;Blessé léger;0
202300027797;155 631 295;B01;1;0;2;8;1;5;203 785 353;1;1;4;1;1952.0;0;2;-1;-1;6;3;2023;15:10;1;25;25462;2;2;1;1;46.90017;6.3611;4;2;3;0;1;1; -1;1;0;1;50;Blessé léger;0
202300027797;155 631 297;A01;7;0;2;1;15;1;203 785 355;1;1;1;2;1933.0;0;1;-1;-1;6;3;2023;15:10;1;25;25462;2;2;1;1;46.90017;6.3611;4;2;2;0;1;1; -1;1;0;1;50;Indemne;0
202300027797;155 631 297;A01;7;0;2;1;15;1;203 785 355;1;1;1;2;1933.0;0;1;-1;-1;6;3;2023;15:10;1;25;25462;2;2;1;1;46.90017;6.3611;4;2;3;0;1;1; -1;1;0;1;50;Indemne;0
202300027813;155 631 267;A01;80;0;1;7;1;3;203 785 319;10;3;4;2;1962.0;5;0;-1;-1;1;8;2023;13:20;1;75;75110;2;1;1;6;48.876815;2.361014;4;2;2;1;2;1; -1;1;0;5;30;Blessé léger;1