Num_Acc;id_vehicule;num_veh;catv;obs;obsm;choc;manv;motor;id_usager;place;catu;grav;sexe;an_nais;trajet;secu1;secu2;secu3;jour;mois;an;hrmn;lum;dep;com;agg;int;atm;col;lat;long;catr;circ;nbv;vosp;prof;plan;larrout;surf;infra;situ;vma;gravity;day_of_week
202300027813;155 631 267;A01;80;0;1;7;1;3;203 785 320;1;1;1;1;2006.0;1;8;0;-1;1;8;2023;13:20;1;75;75110;2;1;1;6;48.876815;2.361014;4;2;2;1;2;1; -1;1;0;5;30;Indemne;1
202300027818;155 631 259;A01;7;0;2;2;16;1;203 785 309;1;1;1;1;1978.0;5;1;0;-1;24;5;2023;15:00;1;49;49007;2;4;1;3;47.47095;-0.56448;4;2;4;0;1;1; -1;1;0;1;50;Indemne;2
202300027818;155 631 259;A01;7;0;2;2;16;1;203 785 309;1;1;1;1;1978.0;5;1;0;-1;24;5;2023;15:00;1;49;49007;2;4;1;3;47.47095;-0.56448;4;1; -1;-1;2;3; -1;1;0;1;-1;Indemne;2
202300027818;155 631 261;B01;1;0;2;1;1;5;203 785 313;1;1;4;1;2004.0;5;8;0;-1;24;5;2023;15:00;1;49;49007;2;4;1;3;47.47095;-0.56448;4;2;4;0;1;1; -1;1;0;1;50;Blessé léger;2
202300027818;155 631 261;B01;1;0;2;1;1;5;203 785 313;1;1;4;1;2004.0;5;8;0;-1;24;5;2023;15:00;1;49;49007;2;4;1;3;47.47095;-0.56448;4;1; -1;-1;2;3; -1;1;0;1;-1;Blessé léger;2
202300027821;155 631 251;A01;1;0;2;7;1;5;203 785 300;1;1;4;1;2001.0;9;2;0;-1;1;8;2023;15:00;1;75;75108;2;2;1;3;48.864999;2.313697;4;-1;0;0;1;1; -1;1;8;1;30;Blessé léger;1
202300027821;155 631 251;A01;1;0;2;7;1;5;203 785 300;1;1;4;1;2001.0;9;2;0;-1;1;8;2023;15:00;1;75;75108;2;2;1;3;48.864999;2.313697;4;1; -1;-1;1;1; -1;1;0;1;-1;Blessé léger;1
202300027821;155 631 254;B01;7;0;2;2;1;1;203 785 304;1;1;1;1;1969.0;9;1;0;-1;1;8;2023;15:00;1;75;75108;2;2;1;3;48.864999;2.313697;4;-1;0;0;1;1; -1;1;8;1;30;Indemne;1
202300027821;155 631 254;B01;7;0;2;2;1;1;203 785 304;1;1;1;1;1969.0;9;1;0;-1;1;8;2023;15:00;1;75;75108;2;2;1;3;48.864999;2.313697;4;1; -1;-1;1;1; -1;1;0;1;-1;Indemne;1
202300027826;155 631 246;B01;1;0;2;1;1;5;203 785 295;1;1;4;1;2000.0;0;8;-1;-1;15;4;2023;16:00;1;69;69383;2;2;1;3;45.75626;4.84037;4;2;5;2;1;1; -1;1;0;1;50;Blessé léger;5
202300027826;155 631 246;B01;1;0;2;1;1;5;203 785 295;1;1;4;1;2000.0;0;8;-1;-1;15;4;2023;16:00;1;69;69383;2;2;1;3;45.75626;4.84037;4;1;3;2;1;1; -1;1;0;1;50;Blessé léger;5
202300027826;155 631 248;A01;7;0;2;2;16;1;203 785 297;1;1;1;2;2003.0;0;1;-1;-1;15;4;2023;16:00;1;69;69383;2;2;1;3;45.75626;4.84037;4;2;5;2;1;1; -1;1;0;1;50;Indemne;5
202300027826;155 631 248;A01;7;0;2;2;16;1;203 785 297;1;1;1;2;2003.0;0;1;-1;-1;15;4;2023;16:00;1;69;69383;2;2;1;3;45.75626;4.84037;4;1;3;2;1;1; -1;1;0;1;50;Indemne;5
202300027834;155 631 226;B01;1;0;2;1;1;5;203 785 271;1;1;4;1;1999.0;0;2;6;-1;23;7;2023;21:30;3;94;94076;2;1;1;2;48.782211;2.367342;3;3;2;1;1;1; -1;1;0;5;50;Blessé léger;6
202300027834;155 631 230;A01;7;0;2;5;26;1;203 785 275;1;1;1;1;1992.0;0;1;0;-1;23;7;2023;21:30;3;94;94076;2;1;1;2;48.782211;2.367342;3;3;2;1;1;1; -1;1;0;5;50;Indemne;6
202300027844;155 631 214;A01;10;0;9;1;2;1;203 785 256;1;1;1;1;1986.0;1;1;0;-1;1;8;2023;09:43;1;92;92020;2;2;1;3;48.8059802;2.27892458;4;1;2;0;1;1; -1;1;0;1;30;Indemne;1
202300027844;155 631 214;A01;10;0;9;1;2;1;203 785 256;1;1;1;1;1986.0;1;1;0;-1;1;8;2023;09:43;1;92;92020;2;2;1;3;48.8059802;2.27892458;4;2;2;0;1;1; -1;1;0;1;30;Indemne;1
202300027844;155 631 216;B01;80;0;2;7;2;3;203 785 259;1;1;4;1;1968.0;9;2;0;-1;1;8;2023;09:43;1;92;92020;2;2;1;3;48.8059802;2.27892458;4;1;2;0;1;1; -1;1;0;1;30;Blessé léger;1
202300027844;155 631 216;B01;80;0;2;7;2;3;203 785 259;1;1;4;1;1968.0;9;2;0;-1;1;8;2023;09:43;1;92;92020;2;2;1;3;48.8059802;2.27892458;4;2;2;0;1;1; -1;1;0;1;30;Blessé léger;1
202300027852;155 631 199;A01;1;1;0;1;1;5;203 785 240;1;1;4;1;1967.0;5;2;8;-1;16;4;2023;11:30;1;2A;2A004;1;1;1;2;41.92722;8.79331;2;1;2;0;1;1; -1;1;0;2;90;Blessé léger;6
202300027852;155 631 202;B01;7;0;2;6;24;1;203 785 242;1;1;1;1;1951.0;5;1;8;-1;16;4;2023;11:30;1;2A;2A004;1;1;1;2;41.92722;8.79331;2;1;2;0;1;1; -1;1;0;2;90;Indemne;6
202300027860;155 631 186;A01;1;0;1;1;1;5;203 785 225;10;3;3;1;1976.0;0;0;-1;-1;25;5;2023;16:44;1;34;34172;2;1;1;6;43.60038;3.89665;4;-1;1;0;1;1; -1;1;2;4;50;Blessé hospitalisé;3
202300027860;155 631 186;A01;1;0;1;1;1;5;203 785 229;1;1;1;1;1993.0;0;8;0;-1;25;5;2023;16:44;1;34;34172;2;1;1;6;43.60038;3.89665;4;-1;1;0;1;1; -1;1;2;4;50;Indemne;3
202300027865;155 631 180;A01;7;0;2;3;1;1;203 785 216;1;1;1;1;1966.0;5;1;0;-1;7;3;2023;18:05;2;75;75117;2;3;1;3;48.889092;2.316134;4;2; -1;0;1;1; -1;1;0;1;30;Indemne;1
202300027865;155 631 180;A01;7;0;2;3;1;1;203 785 216;1;1;1;1;1966.0;5;1;0;-1;7;3;2023;18:05;2;75;75117;2;3;1;3;48.889092;2.316134;4;2;2;1;1;1; -1;1;0;1;30;Indemne;1
202300027865;155 631 183;B01;1;0;2;3;19;5;203 785 221;1;1;4;2;2015.0;5;2;0;-1;7;3;2023;18:05;2;75;75117;2;3;1;3;48.889092;2.316134;4;2; -1;0;1;1; -1;1;0;1;30;Blessé léger;1
202300027865;155 631 183;B01;1;0;2;3;19;5;203 785 221;1;1;4;2;2015.0;5;2;0;-1;7;3;2023;18:05;2;75;75117;2;3;1;3;48.889092;2.316134;4;2;2;1;1;1; -1;1;0;1;30;Blessé léger;1
202300027872;155 631 163;A01;7;0;9;2;2;1;203 785 194;1;1;1;2;1935.0;0;1;-1;-1;1;8;2023;15:40;1;81;81156;1;1;1;2;43.909148;2.047684;3;2;2;0;2;3;4;1;0;1;50;Indemne;1
202300027872;155 631 167;B01;1;0;0;4;2;5;203 785 198;1;1;3;1;1992.0;0;2;-1;-1;1;8;2023;15:40;1;81;81156;1;1;1;2;43.909148;2.047684;3;2;2;0;2;3;4;1;0;1;50;Blessé hospitalisé;1
202300027876;155 631 155;A01;7;0;2;1;15;0;203 785 181;1;1;1;1;1973.0;1;1;-1;-1;1;8;2023;14:25;1;67;67534;2;3;1;1;48.748846;7.512197;3;2;2;0;1;1;7;1;0;1;50;Indemne;1
202300027876;155 631 155;A01;7;0;2;1;15;0;203 785 181;1;1;1;1;1973.0;1;1;-1;-1;1;8;2023;14:25;1;67;67534;2;3;1;1;48.748846;7.512197;3;2; -1;-1;1;1; -1;1;0;1;-1;Indemne;1
202300027876;155 631 159;B01;1;0;2;0;16;5;203 785 186;1;1;4;1;1943.0;5;2;-1;-1;1;8;2023;14:25;1;67;67534;2;3;1;1;48.748846;7.512197;3;2;2;0;1;1;7;1;0;1;50;Blessé léger;1
202300027876;155 631 159;B01;1;0;2;0;16;5;203 785 186;1;1;4;1;1943.0;5;2;-1;-1;1;8;2023;14:25;1;67;67534;2;3;1;1;48.748846;7.512197;3;2; -1;-1;1;1; -1;1;0;1;-1;Blessé léger;1
202300027879;155 631 151;B01;1;0;2;1;1;5;203 785 177;1;1;4;1;1979.0;0;2;-1;-1;24;5;2023;17:29;1;29;29019;2;3;1;3;48.38476;-4.5281;4;2;2;0;1;1; -1;1;0;1;50;Blessé léger;2
202300027879;155 631 151;B01;1;0;2;1;1;5;203 785 177;1;1;4;1;1979.0;0;2;-1;-1;24;5;2023;17:29;1;29;29019;2;3;1;3;48.38476;-4.5281;4;2;2;0;1;1; -1;1;0;1;50;Blessé léger;2
202300027879;155 631 153;A01;7;0;2;1;16;1;203 785 180;1;1;1;2;1997.0;9;1;-1;-1;24;5;2023;17:29;1;29;29019;2;3;1;3;48.38476;-4.5281;4;2;2;0;1;1; -1;1;0;1;50;Indemne;2
202300027879;155 631 153;A01;7;0;2;1;16;1;203 785 180;1;1;1;2;1997.0;9;1;-1;-1;24;5;2023;17:29;1;29;29019;2;3;1;3;48.38476;-4.5281;4;2;2;0;1;1; -1;1;0;1;50;Indemne;2
202300027885;155 631 138;B01;1;0;2;4;2;5;203 785 163;1;1;3;1;1938.0;5;0;-1;-1;28;7;2023;12:00;1;42;42253;1;3;1;2;46.044225;3.997607;3;2;1;1;1;1; -1;1;0;1;70;Blessé hospitalisé;4
202300027885;155 631 138;B01;1;0;2;4;2;5;203 785 163;1;1;3;1;1938.0;5;0;-1;-1;28;7;2023;12:00;1;42;42253;1;3;1;2;46.044225;3.997607;3;2;2;0;1;1; -1;1;0;1;50;Blessé hospitalisé;4
202300027885;155 631 140;A01;7;0;2;2;2;1;203 785 165;1;1;1;2;1969.0;0;1;-1;-1;28;7;2023;12:00;1;42;42253;1;3;1;2;46.044225;3.997607;3;2;1;1;1;1; -1;1;0;1;70;Indemne;4
202300027885;155 631 140;A01;7;0;2;2;2;1;203 785 165;1;1;1;2;1969.0;0;1;-1;-1;28;7;2023;12:00;1;42;42253;1;3;1;2;46.044225;3.997607;3;2;2;0;1;1; -1;1;0;1;50;Indemne;4
202300027917;155 631 087;B01;1;0;2;4;1;5;203 785 095;1;1;3;1;1992.0;1;8;0;-1;16;4;2023;09:35;1;56;56260;2;6;1;2;47.66391;-2.7558;4;4;2;0;1;3; -1;1;0;1;30;Blessé hospitalisé;6
202300027917;155 631 091;A01;7;0;2;2;2;1;203 785 097;1;1;1;2;1941.0;5;1;0;-1;16;4;2023;09:35;1;56;56260;2;6;1;2;47.66391;-2.7558;4;4;2;0;1;3; -1;1;0;1;30;Indemne;6
202300027927;155 631 067;B01;1;1;0;7;1;5;203 785 066;1;1;4;1;1977.0;4;8;0;-1;24;5;2023;13:05;1;75;75105;2;2;1;3;48.844281;2.342158;4;-1; -1;0;1;1; -1;1;0;1;30;Blessé léger;2
202300027927;155 631 067;B01;1;1;0;7;1;5;203 785 066;1;1;4;1;1977.0;4;8;0;-1;24;5;2023;13:05;1;75;75105;2;2;1;3;48.844281;2.342158;4;2;2;0;1;1; -1;1;0;1;30;Blessé léger;2
202300027927;155 631 069;A01;14;0;2;3;22;1;203 785 068;1;1;1;1;1982.0;4;8;0;-1;24;5;2023;13:05;1;75;75105;2;2;1;3;48.844281;2.342158;4;-1; -1;0;1;1; -1;1;0;1;30;Indemne;2
202300027927;155 631 069;A01;14;0;2;3;22;1;203 785 068;1;1;1;1;1982.0;4;8;0;-1;24;5;2023;13:05;1;75;75105;2;2;1;3;48.844281;2.342158;4;2;2;0;1;1; -1;1;0;1;30;Indemne;2
202300027935;155 631 052;A01;1;0;1;1;21;5;203 785 050;1;1;1;1;1986.0;9;2;8;-1;25;5;2023;18:30;1;75;75120;2;2;1;6;48.853524;2.41079;4;2;2;1;2;1; -1;1;0;4;30;Indemne;3
202300027935;155 631 052;A01;1;0;1;1;21;5;203 785 050;1;1;1;1;1986.0;9;2;8;-1;25;5;2023;18:30;1;75;75120;2;2;1;6;48.853524;2.41079;4;2; -1;-1;1;1; -1;1;0;4;-1;Indemne;3
202300027935;155 631 052;A01;1;0;1;1;21;5;203 785 051;10;3;3;2;1995.0;9;0;-1;-1;25;5;2023;18:30;1;75;75120;2;2;1;6;48.853524;2.41079;4;2;2;1;2;1; -1;1;0;4;30;Blessé hospitalisé;3
202300027935;155 631 052;A01;1;0;1;1;21;5;203 785 051;10;3;3;2;1995.0;9;0;-1;-1;25;5;2023;18:30;1;75;75120;2;2;1;6;48.853524;2.41079;4;2; -1;-1;1;1; -1;1;0;4;-1;Blessé hospitalisé;3
202300027938;155 631 048;A01;80;0;0;6;1;3;203 785 046;1;1;4;2;1990.0;9;8;0;-1;25;5;2023;09:00;1;75;75120;2;1;1;2;48.854038;2.399919;4;1;1;2;1;1; -1;1;0;1;30;Blessé léger;3
202300027942;155 631 044;A01;1;0;0;5;9;5;203 785 041;1;1;4;1;1937.0;0;0;-1;-1;20;1;2023;10:40;1;86;86221;1;3;9;3;46.806449;0.34417;4;2;2;0;1;1;4;1;0;1;70;Blessé léger;4
202300027942;155 631 044;A01;1;0;0;5;9;5;203 785 041;1;1;4;1;1937.0;0;0;-1;-1;20;1;2023;10:40;1;86;86221;1;3;9;3;46.806449;0.34417;4;2; -1;-1;1;1; -1;1;0;1;-1;Blessé léger;4
202300027942;155 631 047;B01;7;0;2;3;1;1;203 785 045;1;1;1;1;1958.0;0;1;-1;-1;20;1;2023;10:40;1;86;86221;1;3;9;3;46.806449;0.34417;4;2;2;0;1;1;4;1;0;1;70;Indemne;4
202300027942;155 631 047;B01;7;0;2;3;1;1;203 785 045;1;1;1;1;1958.0;0;1;-1;-1;20;1;2023;10:40;1;86;86221;1;3;9;3;46.806449;0.34417;4;2; -1;-1;1;1; -1;1;0;1;-1;Indemne;4
202300027956;155 631 015;B01;1;0;2;2;1;5;203 785 003;1;1;4;1;1997.0;4;8;0;-1;25;5;2023;15:00;1;75;75116;2;1;1;3;48.864421;2.277945;4;2;2;0;1;1; -1;1;0;1;30;Blessé léger;3
202300027956;155 631 018;A01;10;0;2;6;24;1;203 785 005;1;1;1;1;1987.0;4;8;0;-1;25;5;2023;15:00;1;75;75116;2;1;1;3;48.864421;2.277945;4;2;2;0;1;1; -1;1;0;1;30;Indemne;3
202300027958;155 631 012;A01;1;3;0;2;1;5;203 784 999;1;1;3;1;2004.0;1;0;-1;-1;7;3;2023;08:30;1;22;22239;1;9;1;6;48.363588;-2.134068;3;2;2;0;2;2; -1;1;0;1;70;Blessé hospitalisé;1
202300027961;155 631 005;D01;1;0;2;8;1;5;203 784 992;1;1;3;1;1955.0;5;2;0;-1;16;4;2023;11:00;1;22;22215;1;1;1;5;48.48772;-2.8249;3;2;2;0;1;4;7;1;0;1;70;Blessé hospitalisé;6
202300027961;155 631 008;C01;7;0;2;1;13;1;203 784 995;1;1;3;2;1998.0;5;1;0;-1;16;4;2023;11:00;1;22;22215;1;1;1;5;48.48772;-2.8249;3;2;2;0;1;4;7;1;0;1;70;Blessé hospitalisé;6
202300027961;155 631 010;B01;7;0;2;1;1;1;203 784 998;2;2;4;2;1990.0;5;1;0;-1;16;4;2023;11:00;1;22;22215;1;1;1;5;48.48772;-2.8249;3;2;2;0;1;4;7;1;0;1;70;Blessé léger;6
202300027961;155 631 010;B01;7;0;2;1;1;1;203 785 000;1;1;2;1;1988.0;5;1;0;-1;16;4;2023;11:00;1;22;22215;1;1;1;5;48.48772;-2.8249;3;2;2;0;1;4;7;1;0;1;70;Tué;6
202300027961;155 631 014;E01;1;0;2;0;1;5;203 785 001;1;1;4;1;1974.0;5;2;0;-1;16;4;2023;11:00;1;22;22215;1;1;1;5;48.48772;-2.8249;3;2;2;0;1;4;7;1;0;1;70;Blessé léger;6
202300027961;155 631 017;A01;7;0;2;1;5;1;203 785 007;1;1;2;1;2000.0;5;0;-1;-1;16;4;2023;11:00;1;22;22215;1;1;1;5;48.48772;-2.8249;3;2;2;0;1;4;7;1;0;1;70;Tué;6
202300027961;155 631 017;A01;7;0;2;1;5;1;203 785 009;2;2;3;2;1996.0;0;1;0;-1;16;4;2023;11:00;1;22;22215;1;1;1;5;48.48772;-2.8249;3;2;2;0;1;4;7;1;0;1;70;Blessé hospitalisé;6
202300027961;155 631 017;A01;7;0;2;1;5;1;203 785 012;4;2;3;2;2003.0;0;1;0;-1;16;4;2023;11:00;1;22;22215;1;1;1;5;48.48772;-2.8249;3;2;2;0;1;4;7;1;0;1;70;Blessé hospitalisé;6
202300027961;155 631 017;A01;7;0;2;1;5;1;203 785 015;3;2;3;1;1994.0;5;0;-1;-1;16;4;2023;11:00;1;22;22215;1;1;1;5;48.48772;-2.8249;3;2;2;0;1;4;7;1;0;1;70;Blessé hospitalisé;6
202300027983;155 630 966;B01;7;0;2;2;1;2;203 784 943;1;1;1;1;1984.0;1;1;0;-1;25;5;2023;09:15;1;75;75117;2;1;1;3;48.880107;2.287935;4;2;6;0;1;1; -1;1;0;1;30;Indemne;3
202300027983;155 630 967;A01;1;0;2;3;21;5;203 784 946;1;1;4;2;1988.0;9;2;0;-1;25;5;2023;09:15;1;75;75117;2;1;1;3;48.880107;2.287935;4;2;6;0;1;1; -1;1;0;1;30;Blessé léger;3
202300027986;155 630 960;A01;1;12;2;7;1;5;203 784 932;1;1;4;1;1985.0;1;8;0;-1;25;5;2023;08:45;1;75;75103;2;7;1;6;48.867345;2.363382;4;2;6;1;1;1; -1;1;0;5;30;Blessé léger;3
202300027986;155 630 960;A01;1;12;2;7;1;5;203 784 932;1;1;4;1;1985.0;1;8;0;-1;25;5;2023;08:45;1;75;75103;2;7;1;6;48.867345;2.363382;4;2;4;1;1;1; -1;1;0;5;30;Blessé léger;3
202300027990;155 630 955;A01;1;0;1;8;1;5;203 784 924;1;1;1;1;1977.0;1;8;6;-1;24;5;2023;20:34;2;75;75104;2;3;1;6;48.854604;2.362951;4;2;4;1;1;1; -1;1;0;5;30;Indemne;2
202300027990;155 630 955;A01;1;0;1;8;1;5;203 784 924;1;1;1;1;1977.0;1;8;6;-1;24;5;2023;20:34;2;75;75104;2;3;1;6;48.854604;2.362951;4;1;1;0;1;1; -1;1;0;1;30;Indemne;2
202300027990;155 630 955;A01;1;0;1;8;1;5;203 784 926;10;3;3;2;1967.0;9;0;-1;-1;24;5;2023;20:34;2;75;75104;2;3;1;6;48.854604;2.362951;4;2;4;1;1;1; -1;1;0;5;30;Blessé hospitalisé;2
202300027990;155 630 955;A01;1;0;1;8;1;5;203 784 926;10;3;3;2;1967.0;9;0;-1;-1;24;5;2023;20:34;2;75;75104;2;3;1;6;48.854604;2.362951;4;1;1;0;1;1; -1;1;0;1;30;Blessé hospitalisé;2
202300028001;155 630 939;A01;1;0;2;1;13;5;203 784 900;1;1;2;1;1961.0;5;2;-1;-1;6;3;2023;14:20;1;33;33314;1;1;1;5;45.192653;-0.77091;3;2;2;0;4;3;4;1;1;1;80;Tué;0
202300028001;155 630 942;C01;21;0;2;1;1;1;203 784 903;1;1;1;2;1986.0;4;0;-1;-1;6;3;2023;14:20;1;33;33314;1;1;1;5;45.192653;-0.77091;3;2;2;0;4;3;4;1;1;1;80;Indemne;0
202300028001;155 630 943;B01;1;0;2;1;13;5;203 784 904;1;1;4;1;1961.0;5;2;-1;-1;6;3;2023;14:20;1;33;33314;1;1;1;5;45.192653;-0.77091;3;2;2;0;4;3;4;1;1;1;80;Blessé léger;0
202300028015;155 630 913;A01;80;0;2;8;13;3;203 784 866;1;1;3;2;1968.0;1;2;-1;-1;2;3;2023;07:50;2;61;61298;1;1;1;3;48.764364;-0.049073;3;2;2;0;2;1; -1;1;9;1;90;Blessé hospitalisé;3
202300028015;155 630 915;B01;17;0;2;2;17;6;203 784 869;1;1;1;1;1998.0;4;1;-1;-1;2;3;2023;07:50;2;61;61298;1;1;1;3;48.764364;-0.049073;3;2;2;0;2;1; -1;1;9;1;90;Indemne;3
202300028019;155 630 903;A01;7;0;2;3;15;1;203 784 854;1;1;1;1;2003.0;5;1;0;-1;16;4;2023;18:30;1;75;75120;2;2;1;1;48.870772;2.399239;4;2; -1;-1;1;1; -1;1;0;1;30;Indemne;6
202300028019;155 630 903;A01;7;0;2;3;15;1;203 784 854;1;1;1;1;2003.0;5;1;0;-1;16;4;2023;18:30;1;75;75120;2;2;1;1;48.870772;2.399239;4;2;2;0;1;1; -1;1;0;1;30;Indemne;6
202300028019;155 630 905;B01;1;0;2;1;1;5;203 784 856;1;1;4;1;1988.0;5;8;0;-1;16;4;2023;18:30;1;75;75120;2;2;1;1;48.870772;2.399239;4;2; -1;-1;1;1; -1;1;0;1;30;Blessé léger;6
202300028019;155 630 905;B01;1;0;2;1;1;5;203 784 856;1;1;4;1;1988.0;5;8;0;-1;16;4;2023;18:30;1;75;75120;2;2;1;1;48.870772;2.399239;4;2;2;0;1;1; -1;1;0;1;30;Blessé léger;6
202300028020;155 630 900;A01;32;0;2;2;1;1;203 784 851;1;1;3;1;1967.0;0;2;6;-1;25;5;2023;01:25;5;93;93055;2;1;1;3;48.91645;2.40607;3;2;3;2;1;1; -1;1;0;8;50;Blessé hospitalisé;3
202300028020;155 630 904;B01;1;0;2;3;15;5;203 784 855;1;1;3;2;1990.0;0;8;0;-1;25;5;2023;01:25;5;93;93055;2;1;1;3;48.91645;2.40607;3;2;3;2;1;1; -1;1;0;8;50;Blessé hospitalisé;3
202300028023;155 630 895;B01;1;0;0;0;1;5;203 784 845;1;1;4;1;1967.0;5;2;0;-1;16;4;2023;13:02;1;75;75119;2;1;1;7;48.879812;2.370433;4;3;6;1;1;1; -1;1;0;5;30;Blessé léger;6
202300028023;155 630 897;A01;7;0;0;0;16;1;203 784 848;1;1;1;1;1956.0;5;1;8;-1;16;4;2023;13:02;1;75;75119;2;1;1;7;48.879812;2.370433;4;3;6;1;1;1; -1;1;0;5;30;Indemne;6
202300028028;155 630 889;A01;1;7;0;1;14;5;203 784 837;1;1;3;1;1960.0;5;2;-1;-1;5;3;2023;16:50;1;39;39404;1;1;1;6;46.696255;5.604983;3;2;2;0;2;3; -1;1;0;3;90;Blessé hospitalisé;6
202300028034;155 630 882;A01;7;0;2;2;15;1;203 784 826;1;1;1;1;1985.0;0;1;0;-1;25;5;2023;09:25;1;93;93031;2;3;1;3;48.95226449;2.30725855;3;2;4;1;1;1; -1;1;0;1;50;Indemne;3
202300028034;155 630 882;A01;7;0;2;2;15;1;203 784 826;1;1;1;1;1985.0;0;1;0;-1;25;5;2023;09:25;1;93;93031;2;3;1;3;48.95226449;2.30725855;3;2;2;0;2;1; -1;1;0;1;50;Indemne;3
202300028034;155 630 884;B01;1;0;2;1;18;5;203 784 828;1;1;4;1;1993.0;0;8;0;-1;25;5;2023;09:25;1;93;93031;2;3;1;3;48.95226449;2.30725855;3;2;4;1;1;1; -1;1;0;1;50;Blessé léger;3
202300028034;155 630 884;B01;1;0;2;1;18;5;203 784 828;1;1;4;1;1993.0;0;8;0;-1;25;5;2023;09:25;1;93;93031;2;3;1;3;48.95226449;2.30725855;3;2;2;0;2;1; -1;1;0;1;50;Blessé léger;3
202300028068;155 630 824;A01;1;0;1;1;1;5;203 784 742;10;3;4;2;1961.0;1;8;8;-1;13;11;2023;15:41;1;75;75110;2;4;2;6;48.88198545;2.35101905;4;1;1;1;1;1; -1;2;0;5;30;Blessé léger;0
202300028068;155 630 824;A01;1;0;1;1;1;5;203 784 742;10;3;4;2;1961.0;1;8;8;-1;13;11;2023;15:41;1;75;75110;2;4;2;6;48.88198545;2.35101905;4;1; -1;-1;1;1; -1;2;0;5;30;Blessé léger;0
202300028068;155 630 824;A01;1;0;1;1;1;5;203 784 745;1;1;1;1;2002.0;9;8;0;-1;13;11;2023;15:41;1;75;75110;2;4;2;6;48.88198545;2.35101905;4;1;1;1;1;1; -1;2;0;5;30;Indemne;0
202300028068;155 630 824;A01;1;0;1;1;1;5;203 784 745;1;1;1;1;2002.0;9;8;0;-1;13;11;2023;15:41;1;75;75110;2;4;2;6;48.88198545;2.35101905;4;1; -1;-1;1;1; -1;2;0;5;30;Indemne;0
202300028074;155 630 814;A01;7;0;2;3;22;1;203 784 728;1;1;1;1;1976.0;4;8;0;-1;25;5;2023;16:30;1;92;92024;2;1;1;3;48.89830608;2.31010348;3;1;3;1;1;1;10,5;1;0;5;50;Indemne;3
202300028074;155 630 816;B01;1;1;0;2;1;5;203 784 730;1;1;4;1;1989.0;1;8;-1;-1;25;5;2023;16:30;1;92;92024;2;1;1;3;48.89830608;2.31010348;3;1;3;1;1;1;10,5;1;0;5;50;Blessé léger;3
202300028082;155 630 801;B01;1;1;0;0;26;5;203 784 710;1;1;4;1;1997.0;0;2;0;-1;25;5;2023;09:00;1;92;92024;2;9;1;7;48.90079744;2.30552897;3;1;3;1;1;1;10,5;1;0;5;50;Blessé léger;3
202300028106;155 630 748;A01;1;0;6;1;1;5;203 784 639;1;1;3;1;1967.0;5;2;-1;-1;24;5;2023;11:10;1;63;63399;1;1;1;6;45.643611;2.614438;4;2;2;0;1;1; -1;1;0;1;80;Blessé hospitalisé;2
202300028110;155 630 741;A01;1;0;0;7;1;5;203 784 631;1;1;4;2;1994.0;1;2;8;-1;13;11;2023;08:00;2;92;92040;2;1;2;7;48.82641334;2.2755821;4;-1;0;0;1;1; -1;2;0;1;30;Blessé léger;0
202300028112;155 630 738;A01;7;0;9;3;1;1;203 784 628;1;1;1;2;1993.0;1;1;-1;-1;3;3;2023;07:30;2;72;72154;2;1;1;3;47.70169;-0.082795;3;2;1;1;1;1; -1;1;0;5;50;Indemne;4
202300028112;155 630 740;B01;1;0;2;7;0;5;203 784 630;1;1;3;2;1982.0;1;0;-1;-1;3;3;2023;07:30;2;72;72154;2;1;1;3;47.70169;-0.082795;3;2;1;1;1;1; -1;1;0;5;50;Blessé hospitalisé;4
202300028121;155 630 722;A01;80;0;2;8;13;3;203 784 609;1;1;3;1;1957.0;5;0;-1;-1;24;5;2023;18:20;1;56;56126;1;1;1;3;47.527808;-2.320325;3;2;2;0;1;1;0;1;0;1;80;Blessé hospitalisé;2
202300028121;155 630 724;B01;33;0;2;2;17;1;203 784 611;1;1;4;1;1970.0;5;2;-1;-1;24;5;2023;18:20;1;56;56126;1;1;1;3;47.527808;-2.320325;3;2;2;0;1;1;0;1;0;1;80;Blessé léger;2
202300028143;155 630 676;B01;10;0;0;0;1;1;203 784 554;1;1;1;1;1967.0;4;1;-1;-1;26;5;2023;11:15;1;12;12133;2;1;1;6;44.31474;2.554552;4;2;2;0;4;1; -1;1;0;4;50;Indemne;4
202300028143;155 630 678;A01;80;12;0;9;21;3;203 784 558;1;1;4;1;1992.0;5;0;-1;-1;26;5;2023;11:15;1;12;12133;2;1;1;6;44.31474;2.554552;4;2;2;0;4;1; -1;1;0;4;50;Blessé léger;4
202300028145;155 630 674;A01;1;0;0;0;21;5;203 784 552;1;1;4;1;1968.0;1;8;8;-1;5;3;2023;19:10;5;75;75105;2;3;1;7;48.848322;2.34153;4;2;2;0;2;1; -1;1;0;1;30;Blessé léger;6
202300028145;155 630 674;A01;1;0;0;0;21;5;203 784 552;1;1;4;1;1968.0;1;8;8;-1;5;3;2023;19:10;5;75;75105;2;3;1;7;48.848322;2.34153;4;1; -1;-1;1;1; -1;1;0;1;-1;Blessé léger;6