Num_Acc;id_vehicule;num_veh;catv;obs;obsm;choc;manv;motor;id_usager;place;catu;grav;sexe;an_nais;trajet;secu1;secu2;secu3;jour;mois;an;hrmn;lum;dep;com;agg;int;atm;col;lat;long;catr;circ;nbv;vosp;prof;plan;larrout;surf;infra;situ;vma;gravity;day_of_week
202300028151;155 630 665;A01;7;0;2;2;16;1;203 784 542;1;1;1;2;1947.0;5;1;8;-1;6;3;2023;10:08;1;75;75119;2;1;1;3;48.879798;2.370502;4;3;2;1;1;1; -1;1;-1;5;30;Indemne;0
202300028151;155 630 667;B01;1;0;2;1;1;5;203 784 544;1;1;4;1;1985.0;1;8;0;-1;6;3;2023;10:08;1;75;75119;2;1;1;3;48.879798;2.370502;4;3;2;1;1;1; -1;1;-1;5;30;Blessé léger;0
202300028153;155 630 660;B01;80;0;2;7;19;3;203 784 536;1;1;4;1;1983.0;1;8;0;-1;6;3;2023;08:55;1;75;75119;2;2;1;3;48.895278;2.371979;4;2;2;0;1;1; -1;1;0;1;30;Blessé léger;0
202300028153;155 630 660;B01;80;0;2;7;19;3;203 784 536;1;1;4;1;1983.0;1;8;0;-1;6;3;2023;08:55;1;75;75119;2;2;1;3;48.895278;2.371979;4;2;2;0;1;1; -1;1;0;1;30;Blessé léger;0
202300028153;155 630 661;A01;7;0;2;1;17;1;203 784 538;1;1;1;1;1966.0;1;8;0;-1;6;3;2023;08:55;1;75;75119;2;2;1;3;48.895278;2.371979;4;2;2;0;1;1; -1;1;0;1;30;Indemne;0
202300028153;155 630 661;A01;7;0;2;1;17;1;203 784 538;1;1;1;1;1966.0;1;8;0;-1;6;3;2023;08:55;1;75;75119;2;2;1;3;48.895278;2.371979;4;2;2;0;1;1; -1;1;0;1;30;Indemne;0
202300028157;155 630 650;B01;1;0;2;0;1;5;203 784 525;1;1;3;2;1963.0;3;0;-1;-1;22;5;2023;18:00;1;22;22085;1;1;1;6;48.82591685;-3.18543077;3;2;1;0;1;1; -1;1;0;1;80;Blessé hospitalisé;0
202300028157;155 630 651;A01;7;13;9;7;1;1;203 784 527;1;1;1;1;1964.0;5;8;-1;-1;22;5;2023;18:00;1;22;22085;1;1;1;6;48.82591685;-3.18543077;3;2;1;0;1;1; -1;1;0;1;80;Indemne;0
202300028159;155 630 647;B01;7;0;2;6;1;2;203 784 523;1;1;1;1;1971.0;4;1;0;-1;5;3;2023;12:30;1;75;75115;2;3;1;2;48.840895;2.305895;4;1; -1;-1;1;1; -1;1;-1;5;-1;Indemne;6
202300028159;155 630 647;B01;7;0;2;6;1;2;203 784 523;1;1;1;1;1971.0;4;1;0;-1;5;3;2023;12:30;1;75;75115;2;3;1;2;48.840895;2.305895;4;1;2;2;1;1; -1;1;-1;5;30;Indemne;6
202300028159;155 630 648;A01;80;0;2;6;1;3;203 784 524;1;1;4;2;1994.0;5;8;0;-1;5;3;2023;12:30;1;75;75115;2;3;1;2;48.840895;2.305895;4;1; -1;-1;1;1; -1;1;-1;5;-1;Blessé léger;6
202300028159;155 630 648;A01;80;0;2;6;1;3;203 784 524;1;1;4;2;1994.0;5;8;0;-1;5;3;2023;12:30;1;75;75115;2;3;1;2;48.840895;2.305895;4;1;2;2;1;1; -1;1;-1;5;30;Blessé léger;6
202300028162;155 630 641;B01;1;0;2;2;1;5;203 784 515;1;1;4;1;1960.0;5;8;0;-1;6;3;2023;18:00;2;75;75111;2;2;1;3;48.870744;2.378114;4;1;2;1;1;1; -1;1;-1;5;30;Blessé léger;0
202300028162;155 630 641;B01;1;0;2;2;1;5;203 784 515;1;1;4;1;1960.0;5;8;0;-1;6;3;2023;18:00;2;75;75111;2;2;1;3;48.870744;2.378114;4;1;1;0;1;1; -1;1;-1;5;30;Blessé léger;0
202300028162;155 630 642;A01;80;0;2;3;15;3;203 784 516;1;1;1;2;1999.0;5;8;0;-1;6;3;2023;18:00;2;75;75111;2;2;1;3;48.870744;2.378114;4;1;2;1;1;1; -1;1;-1;5;30;Indemne;0
202300028162;155 630 642;A01;80;0;2;3;15;3;203 784 516;1;1;1;2;1999.0;5;8;0;-1;6;3;2023;18:00;2;75;75111;2;2;1;3;48.870744;2.378114;4;1;1;0;1;1; -1;1;-1;5;30;Indemne;0
202300028165;155 630 635;B01;7;0;2;4;23;1;203 784 506;1;1;1;1;1997.0;9;1;0;-1;6;3;2023;15:40;1;75;75111;2;2;8;2;48.855113;2.387127;4;1;2;2;2;1; -1;1;0;1;30;Indemne;0
202300028165;155 630 635;B01;7;0;2;4;23;1;203 784 506;1;1;1;1;1997.0;9;1;0;-1;6;3;2023;15:40;1;75;75111;2;2;8;2;48.855113;2.387127;4;1;2;2;1;1; -1;1;0;1;30;Indemne;0
202300028165;155 630 635;B01;7;0;2;4;23;1;203 784 507;2;2;1;1;1987.0;9;1;0;-1;6;3;2023;15:40;1;75;75111;2;2;8;2;48.855113;2.387127;4;1;2;2;2;1; -1;1;0;1;30;Indemne;0
202300028165;155 630 635;B01;7;0;2;4;23;1;203 784 507;2;2;1;1;1987.0;9;1;0;-1;6;3;2023;15:40;1;75;75111;2;2;8;2;48.855113;2.387127;4;1;2;2;1;1; -1;1;0;1;30;Indemne;0
202300028165;155 630 636;A01;1;0;2;1;1;5;203 784 509;1;1;4;2;2005.0;1;8;0;-1;6;3;2023;15:40;1;75;75111;2;2;8;2;48.855113;2.387127;4;1;2;2;2;1; -1;1;0;1;30;Blessé léger;0
202300028165;155 630 636;A01;1;0;2;1;1;5;203 784 509;1;1;4;2;2005.0;1;8;0;-1;6;3;2023;15:40;1;75;75111;2;2;8;2;48.855113;2.387127;4;1;2;2;1;1; -1;1;0;1;30;Blessé léger;0
202300028166;155 630 634;B01;37;0;2;3;1;1;203 784 505;1;1;1;2;1985.0;4;1;-1;-1;26;5;2023;17:20;1;70;70228;2;3;1;1;47.766013;6.104847;4;1;1;0;1;1; -1;1;0;1;30;Indemne;4
202300028166;155 630 634;B01;37;0;2;3;1;1;203 784 505;1;1;1;2;1985.0;4;1;-1;-1;26;5;2023;17:20;1;70;70228;2;3;1;1;47.766013;6.104847;4;1;1;0;2;1; -1;1;0;8;30;Indemne;4
202300028166;155 630 637;A01;1;0;2;7;5;5;203 784 508;1;1;3;1;2011.0;5;0;-1;-1;26;5;2023;17:20;1;70;70228;2;3;1;1;47.766013;6.104847;4;1;1;0;1;1; -1;1;0;1;30;Blessé hospitalisé;4
202300028166;155 630 637;A01;1;0;2;7;5;5;203 784 508;1;1;3;1;2011.0;5;0;-1;-1;26;5;2023;17:20;1;70;70228;2;3;1;1;47.766013;6.104847;4;1;1;0;2;1; -1;1;0;8;30;Blessé hospitalisé;4
202300028169;155 630 627;A01;1;0;2;1;1;5;203 784 498;1;1;4;2;1984.0;1;2;8;-1;6;3;2023;09:05;1;75;75109;2;2;1;3;48.874086;2.340722;4;1; -1;-1;1;1; -1;1;0;1;-1;Blessé léger;0
202300028169;155 630 627;A01;1;0;2;1;1;5;203 784 498;1;1;4;2;1984.0;1;2;8;-1;6;3;2023;09:05;1;75;75109;2;2;1;3;48.874086;2.340722;4;1;1;0;1;1; -1;1;0;1;30;Blessé léger;0
202300028173;155 630 618;B01;1;0;2;1;1;5;203 784 484;1;1;4;1;1977.0;4;8;0;-1;5;3;2023;15:20;1;75;75104;2;2;1;1;48.853943;2.364717;4;-1;1;0;1;1; -1;1;-1;5;30;Blessé léger;6
202300028173;155 630 618;B01;1;0;2;1;1;5;203 784 484;1;1;4;1;1977.0;4;8;0;-1;5;3;2023;15:20;1;75;75104;2;2;1;1;48.853943;2.364717;4;2;3;1;1;1; -1;1;-1;5;30;Blessé léger;6
202300028173;155 630 619;A01;7;0;2;2;16;1;203 784 485;1;1;1;1;1956.0;4;1;0;-1;5;3;2023;15:20;1;75;75104;2;2;1;1;48.853943;2.364717;4;-1;1;0;1;1; -1;1;-1;5;30;Indemne;6
202300028173;155 630 619;A01;7;0;2;2;16;1;203 784 485;1;1;1;1;1956.0;4;1;0;-1;5;3;2023;15:20;1;75;75104;2;2;1;1;48.853943;2.364717;4;2;3;1;1;1; -1;1;-1;5;30;Indemne;6
202300028178;155 630 611;B01;15;0;0;4;23;1;203 784 475;1;1;1;1;1980.0;4;8;-1;-1;22;5;2023;13:32;1;45;45182;1;1;1;2;47.703802;1.791378;3;2;2;0;1;1;5,5;1;0;1;80;Indemne;0
202300028178;155 630 612;A01;1;0;2;4;2;5;203 784 476;1;1;3;1;1952.0;5;8;-1;-1;22;5;2023;13:32;1;45;45182;1;1;1;2;47.703802;1.791378;3;2;2;0;1;1;5,5;1;0;1;80;Blessé hospitalisé;0
202300028179;155 630 607;A01;33;0;2;8;1;1;203 784 470;1;1;1;1;1964.0;1;2;8;-1;6;3;2023;18:15;1;93;93048;2;3;1;3;48.85098301;2.43442789;3;2;1;0;1;1; -1;1;0;1;30;Indemne;0
202300028179;155 630 607;A01;33;0;2;8;1;1;203 784 470;1;1;1;1;1964.0;1;2;8;-1;6;3;2023;18:15;1;93;93048;2;3;1;3;48.85098301;2.43442789;3;1;1;2;1;1; -1;1;0;1;30;Indemne;0
202300028179;155 630 609;B01;1;0;2;7;2;5;203 784 473;1;1;4;1;2005.0;0;8;0;-1;6;3;2023;18:15;1;93;93048;2;3;1;3;48.85098301;2.43442789;3;2;1;0;1;1; -1;1;0;1;30;Blessé léger;0
202300028179;155 630 609;B01;1;0;2;7;2;5;203 784 473;1;1;4;1;2005.0;0;8;0;-1;6;3;2023;18:15;1;93;93048;2;3;1;3;48.85098301;2.43442789;3;1;1;2;1;1; -1;1;0;1;30;Blessé léger;0
202300028249;155 630 466;A01;1;0;2;6;1;5;203 784 310;1;1;4;1;1970.0;1;0;-1;-1;25;5;2023;19:00;1;33;33080;1;1;1;2;44.756101;-0.552042;3;2;2;0;1;1;7;1;0;1;70;Blessé léger;3
202300028252;155 630 462;B01;1;0;2;7;19;5;203 784 304;1;1;4;2;2009.0;0;0;-1;-1;25;5;2023;09:45;1;33;33422;2;6;1;3;44.809571;-0.775051;3;3;2;0;1;2; -1;1;5;6;50;Blessé léger;3
202300028252;155 630 463;A01;7;0;2;1;1;1;203 784 307;1;1;1;1;1951.0;0;1;-1;-1;25;5;2023;09:45;1;33;33422;2;6;1;3;44.809571;-0.775051;3;3;2;0;1;2; -1;1;5;6;50;Indemne;3
202300028255;155 630 454;A01;40;0;2;1;9;3;203 784 294;1;1;1;1;1987.0;4;1;-1;-1;5;3;2023;15:20;1;69;69282;2;8;1;3;45.77271;4.99028;4;2;2;2;1;1; -1;1;4;6;50;Indemne;6
202300028255;155 630 457;B01;1;0;4;6;19;5;203 784 298;1;1;4;1;1987.0;5;8;-1;-1;5;3;2023;15:20;1;69;69282;2;8;1;3;45.77271;4.99028;4;2;2;2;1;1; -1;1;4;6;50;Blessé léger;6
202300028305;155 630 364;A01;80;0;1;8;2;3;203 784 171;1;1;4;2;1962.0;9;2;8;-1;9;9;2023;13:26;1;75;75119;2;3;1;6;48.888775;2.393104;4;2;3;1;2;1; -1;1;9;1;30;Blessé léger;5
202300028305;155 630 364;A01;80;0;1;8;2;3;203 784 171;1;1;4;2;1962.0;9;2;8;-1;9;9;2023;13:26;1;75;75119;2;3;1;6;48.888775;2.393104;4;-1; -1;-1;1;1; -1;1;0;1;30;Blessé léger;5
202300028305;155 630 364;A01;80;0;1;8;2;3;203 784 174;10;3;4;1;1967.0;5;0;-1;-1;9;9;2023;13:26;1;75;75119;2;3;1;6;48.888775;2.393104;4;2;3;1;2;1; -1;1;9;1;30;Blessé léger;5
202300028305;155 630 364;A01;80;0;1;8;2;3;203 784 174;10;3;4;1;1967.0;5;0;-1;-1;9;9;2023;13:26;1;75;75119;2;3;1;6;48.888775;2.393104;4;-1; -1;-1;1;1; -1;1;0;1;30;Blessé léger;5
202300028330;155 630 307;A01;1;0;2;4;2;5;203 784 107;1;1;4;2;1996.0;5;8;0;-1;9;9;2023;00:15;5;75;75109;2;1;1;2;48.872472;2.336651;4;1;3;0;1;1; -1;1;0;1;50;Blessé léger;5
202300028335;155 630 300;A01;1;0;2;1;1;5;203 784 095;1;1;4;1;1995.0;9;8;0;-1;9;9;2023;01:25;5;75;75107;2;1;1;1;48.858989;2.330984;4;2;2;1;1;1; -1;1;0;5;30;Blessé léger;5
202300028335;155 630 302;B01;1;0;2;1;1;5;203 784 098;1;1;4;1;1997.0;5;8;0;-1;9;9;2023;01:25;5;75;75107;2;1;1;1;48.858989;2.330984;4;2;2;1;1;1; -1;1;0;5;30;Blessé léger;5
202300028338;155 630 291;Z01;1;0;1;3;16;5;203 784 084;10;3;3;1;1942.0;5;0;-1;-1;24;5;2023;09:25;1;75;75112;2;2;1;6;48.84584;2.367634;4;1;2;1;1;1; -1;1;0;5;30;Blessé hospitalisé;2
202300028338;155 630 291;Z01;1;0;1;3;16;5;203 784 084;10;3;3;1;1942.0;5;0;-1;-1;24;5;2023;09:25;1;75;75112;2;2;1;6;48.84584;2.367634;4;-1; -1;1;1;1; -1;1;0;1;30;Blessé hospitalisé;2
202300028340;155 630 286;Z01;1;0;1;1;0;5;203 784 078;10;3;4;2;1952.0;0;8;8;-1;24;5;2023;11:08;1;94;94076;2;1;1;6;48.794765;2.363775;3;2;2;0;1;1; -1;1;0;1;50;Blessé léger;2
202300028343;155 630 283;B01;7;0;2;1;1;1;203 784 072;1;1;1;1;2003.0;5;1;-1;-1;9;4;2023;17:50;1;14;14040;2;2;1;3;49.2748545;-0.74862271;3;2;2;0;2;1;4;1;0;1;50;Indemne;6
202300028343;155 630 283;B01;7;0;2;1;1;1;203 784 072;1;1;1;1;2003.0;5;1;-1;-1;9;4;2023;17:50;1;14;14040;2;2;1;3;49.2748545;-0.74862271;3;-1;2;0;4;1;4;1;0;1;50;Indemne;6
202300028343;155 630 287;A01;1;0;2;7;19;5;203 784 079;1;1;3;2;2013.0;5;2;-1;-1;9;4;2023;17:50;1;14;14040;2;2;1;3;49.2748545;-0.74862271;3;2;2;0;2;1;4;1;0;1;50;Blessé hospitalisé;6
202300028343;155 630 287;A01;1;0;2;7;19;5;203 784 079;1;1;3;2;2013.0;5;2;-1;-1;9;4;2023;17:50;1;14;14040;2;2;1;3;49.2748545;-0.74862271;3;-1;2;0;4;1;4;1;0;1;50;Blessé hospitalisé;6
202300028350;155 630 270;B01;1;0;2;1;1;5;203 784 050;1;1;4;1;1995.0;9;8;0;-1;4;3;2023;03:56;5;75;75103;2;2;1;3;48.865456;2.355997;4;1;2;1;1;1; -1;1;0;1;30;Blessé léger;5
202300028350;155 630 270;B01;1;0;2;1;1;5;203 784 050;1;1;4;1;1995.0;9;8;0;-1;4;3;2023;03:56;5;75;75103;2;2;1;3;48.865456;2.355997;4;1;3;3;1;1; -1;1;0;1;30;Blessé léger;5
202300028350;155 630 274;A01;32;0;2;1;1;1;203 784 054;2;2;4;2;1998.0;9;2;0;-1;4;3;2023;03:56;5;75;75103;2;2;1;3;48.865456;2.355997;4;1;2;1;1;1; -1;1;0;1;30;Blessé léger;5
202300028350;155 630 274;A01;32;0;2;1;1;1;203 784 054;2;2;4;2;1998.0;9;2;0;-1;4;3;2023;03:56;5;75;75103;2;2;1;3;48.865456;2.355997;4;1;3;3;1;1; -1;1;0;1;30;Blessé léger;5
202300028350;155 630 274;A01;32;0;2;1;1;1;203 784 055;1;1;4;2;1997.0;9;8;0;-1;4;3;2023;03:56;5;75;75103;2;2;1;3;48.865456;2.355997;4;1;2;1;1;1; -1;1;0;1;30;Blessé léger;5
202300028350;155 630 274;A01;32;0;2;1;1;1;203 784 055;1;1;4;2;1997.0;9;8;0;-1;4;3;2023;03:56;5;75;75103;2;2;1;3;48.865456;2.355997;4;1;3;3;1;1; -1;1;0;1;30;Blessé léger;5
202300028363;155 630 247;A01;7;0;9;3;15;1;203 784 024;1;1;1;2;1971.0;3;1;0;-1;12;11;2023;18:50;5;974;97411;2;2;1;3;-20.88492;55.45953;4;1;0;1;1;1; -1;1;0;5;50;Indemne;6
202300028363;155 630 247;A01;7;0;9;3;15;1;203 784 024;1;1;1;2;1971.0;3;1;0;-1;12;11;2023;18:50;5;974;97411;2;2;1;3;-20.88492;55.45953;4;2;1;1;1;1; -1;1;0;5;50;Indemne;6
202300028363;155 630 252;B01;80;0;2;3;1;3;203 784 029;1;1;4;1;2006.0;5;2;6;-1;12;11;2023;18:50;5;974;97411;2;2;1;3;-20.88492;55.45953;4;1;0;1;1;1; -1;1;0;5;50;Blessé léger;6
202300028363;155 630 252;B01;80;0;2;3;1;3;203 784 029;1;1;4;1;2006.0;5;2;6;-1;12;11;2023;18:50;5;974;97411;2;2;1;3;-20.88492;55.45953;4;2;1;1;1;1; -1;1;0;5;50;Blessé léger;6
202300028367;155 630 241;A01;1;0;1;1;25;5;203 784 014;1;1;1;1;2011.0;5;8;0;-1;10;11;2023;17:45;1;974;97407;2;1;1;6;-20.9362;55.3041;4;1;2;0;1;1; -1;1;6;4;50;Indemne;4
202300028367;155 630 241;A01;1;0;1;1;25;5;203 784 015;10;3;3;2;1956.0;5;0;-1;-1;10;11;2023;17:45;1;974;97407;2;1;1;6;-20.9362;55.3041;4;1;2;0;1;1; -1;1;6;4;50;Blessé hospitalisé;4
202300028391;155 630 201;B01;1;1;0;1;0;5;203 783 960;1;1;2;2;2016.0;5;0;-1;-1;23;5;2023;20:00;1;78;78621;2;4;1;6;48.77423;1.99933;3;2;2;0;1;1; -1;1;0;1;30;Tué;1
202300028391;155 630 201;B01;1;1;0;1;0;5;203 783 960;1;1;2;2;2016.0;5;0;-1;-1;23;5;2023;20:00;1;78;78621;2;4;1;6;48.77423;1.99933;3;2;2;0;2;1; -1;1;2;1;30;Tué;1
202300028391;155 630 203;A01;7;0;2;3;23;1;203 783 963;1;1;1;2;2002.0;5;1;0;-1;23;5;2023;20:00;1;78;78621;2;4;1;6;48.77423;1.99933;3;2;2;0;1;1; -1;1;0;1;30;Indemne;1
202300028391;155 630 203;A01;7;0;2;3;23;1;203 783 963;1;1;1;2;2002.0;5;1;0;-1;23;5;2023;20:00;1;78;78621;2;4;1;6;48.77423;1.99933;3;2;2;0;2;1; -1;1;2;1;30;Indemne;1
202300028432;155 630 118;A01;7;0;2;3;15;0;203 783 833;1;1;1;1;1958.0;5;8;-1;-1;5;3;2023;14:30;1;64;64472;2;1;1;1;43.371081;-0.310932;4;2;2;0;2;2;4;1;0;1;50;Indemne;6
202300028432;155 630 119;B01;1;0;2;1;16;5;203 783 835;1;1;3;1;1950.0;5;2;-1;-1;5;3;2023;14:30;1;64;64472;2;1;1;1;43.371081;-0.310932;4;2;2;0;2;2;4;1;0;1;50;Blessé hospitalisé;6
202300028446;155 630 099;B01;7;0;2;1;1;1;203 783 804;1;1;1;2;1998.0;0;1;0;-1;12;11;2023;19:15;5;76;76429;2;2;2;3;49.41121344;1.15246904;4;2;2;0;1;1; -1;2;0;1;30;Indemne;6
202300028446;155 630 099;B01;7;0;2;1;1;1;203 783 804;1;1;1;2;1998.0;0;1;0;-1;12;11;2023;19:15;5;76;76429;2;2;2;3;49.41121344;1.15246904;4;2;2;0;1;1; -1;2;0;1;30;Indemne;6
202300028446;155 630 103;A01;1;0;2;1;1;5;203 783 809;1;1;3;1;1997.0;0;8;0;-1;12;11;2023;19:15;5;76;76429;2;2;2;3;49.41121344;1.15246904;4;2;2;0;1;1; -1;2;0;1;30;Blessé hospitalisé;6
202300028446;155 630 103;A01;1;0;2;1;1;5;203 783 809;1;1;3;1;1997.0;0;8;0;-1;12;11;2023;19:15;5;76;76429;2;2;2;3;49.41121344;1.15246904;4;2;2;0;1;1; -1;2;0;1;30;Blessé hospitalisé;6
202300028447;155 630 098;A01;1;0;2;1;1;5;203 783 803;1;1;3;1;1966.0;5;2;-1;-1;9;9;2023;12:00;1;74;74232;1;3;1;3;45.796993;6.151687;3;2;2;0;2;3; -1;1;0;1;80;Blessé hospitalisé;5
202300028447;155 630 098;A01;1;0;2;1;1;5;203 783 803;1;1;3;1;1966.0;5;2;-1;-1;9;9;2023;12:00;1;74;74232;1;3;1;3;45.796993;6.151687;3;2; -1;-1;2;2; -1;1;0;1;-1;Blessé hospitalisé;5
202300028447;155 630 100;B01;7;0;2;2;11;1;203 783 806;1;1;1;1;1949.0;5;1;-1;-1;9;9;2023;12:00;1;74;74232;1;3;1;3;45.796993;6.151687;3;2;2;0;2;3; -1;1;0;1;80;Indemne;5
202300028447;155 630 100;B01;7;0;2;2;11;1;203 783 806;1;1;1;1;1949.0;5;1;-1;-1;9;9;2023;12:00;1;74;74232;1;3;1;3;45.796993;6.151687;3;2; -1;-1;2;2; -1;1;0;1;-1;Indemne;5
202300028464;155 630 067;B01;33;0;2;1;1;1;203 783 752;1;1;4;2;1981.0;5;2;6;9;9;9;2023;11:50;1;65;65018;1;1;1;1;42.991417;-0.276192;3;2;2;0;1;2;5,5;1;0;1;80;Blessé léger;5
202300028464;155 630 071;A01;1;0;2;1;5;5;203 783 756;1;1;3;1;1960.0;5;2;-1;-1;9;9;2023;11:50;1;65;65018;1;1;1;1;42.991417;-0.276192;3;2;2;0;1;2;5,5;1;0;1;80;Blessé hospitalisé;5
202300028474;155 630 049;A01;7;0;2;1;1;1;203 783 727;2;2;1;2;1961.0;5;1;-1;-1;9;9;2023;11:15;1;71;71305;1;2;1;3;46.464756;4.893808;3;2;3;0;1;1;10,5;1;0;1;80;Indemne;5
202300028474;155 630 049;A01;7;0;2;1;1;1;203 783 727;2;2;1;2;1961.0;5;1;-1;-1;9;9;2023;11:15;1;71;71305;1;2;1;3;46.464756;4.893808;3;2;3;0;2;1;10,5;1;0;8;80;Indemne;5
202300028474;155 630 049;A01;7;0;2;1;1;1;203 783 728;1;1;1;1;1957.0;5;1;-1;-1;9;9;2023;11:15;1;71;71305;1;2;1;3;46.464756;4.893808;3;2;3;0;1;1;10,5;1;0;1;80;Indemne;5
202300028474;155 630 049;A01;7;0;2;1;1;1;203 783 728;1;1;1;1;1957.0;5;1;-1;-1;9;9;2023;11:15;1;71;71305;1;2;1;3;46.464756;4.893808;3;2;3;0;2;1;10,5;1;0;8;80;Indemne;5
202300028474;155 630 051;B01;80;0;0;8;15;3;203 783 729;1;1;2;1;1945.0;5;0;-1;-1;9;9;2023;11:15;1;71;71305;1;2;1;3;46.464756;4.893808;3;2;3;0;1;1;10,5;1;0;1;80;Tué;5
202300028474;155 630 051;B01;80;0;0;8;15;3;203 783 729;1;1;2;1;1945.0;5;0;-1;-1;9;9;2023;11:15;1;71;71305;1;2;1;3;46.464756;4.893808;3;2;3;0;2;1;10,5;1;0;8;80;Tué;5
202300028478;155 630 045;A01;14;0;2;7;16;1;203 783 722;1;1;1;1;1971.0;4;1;-1;-1;24;5;2023;07:50;1;33;33063;2;2;1;3;44.821;-0.55;4;2;2;2;1;1; -1;1;8;1;50;Indemne;2
202300028478;155 630 045;A01;14;0;2;7;16;1;203 783 722;1;1;1;1;1971.0;4;1;-1;-1;24;5;2023;07:50;1;33;33063;2;2;1;3;44.821;-0.55;4;2;2;1;1;1; -1;1;8;1;50;Indemne;2
202300028478;155 630 047;B01;1;0;2;1;1;5;203 783 724;1;1;3;2;1981.0;1;0;-1;-1;24;5;2023;07:50;1;33;33063;2;2;1;3;44.821;-0.55;4;2;2;2;1;1; -1;1;8;1;50;Blessé hospitalisé;2
202300028478;155 630 047;B01;1;0;2;1;1;5;203 783 724;1;1;3;2;1981.0;1;0;-1;-1;24;5;2023;07:50;1;33;33063;2;2;1;3;44.821;-0.55;4;2;2;1;1;1; -1;1;8;1;50;Blessé hospitalisé;2
202300028487;155 630 029;B01;1;0;2;0;1;5;203 783 697;1;1;3;1;1967.0;5;2;9;-1;12;11;2023;15:50;1;42;42207;2;4;1;3;45.46993;4.52856;7;1;1;0;2;1; -1;2;5;5;50;Blessé hospitalisé;6
202300028487;155 630 029;B01;1;0;2;0;1;5;203 783 697;1;1;3;1;1967.0;5;2;9;-1;12;11;2023;15:50;1;42;42207;2;4;1;3;45.46993;4.52856;7;2;1;1;1;1; -1;2;5;5;30;Blessé hospitalisé;6
202300028487;155 630 030;A01;7;0;2;2;19;1;203 783 699;1;1;1;1;1974.0;5;1;0;-1;12;11;2023;15:50;1;42;42207;2;4;1;3;45.46993;4.52856;7;1;1;0;2;1; -1;2;5;5;50;Indemne;6
202300028487;155 630 030;A01;7;0;2;2;19;1;203 783 699;1;1;1;1;1974.0;5;1;0;-1;12;11;2023;15:50;1;42;42207;2;4;1;3;45.46993;4.52856;7;2;1;1;1;1; -1;2;5;5;30;Indemne;6
202300028530;155 629 956;B01;1;0;2;8;0;5;203 783 599;1;1;3;1;1984.0;5;2;-1;-1;9;9;2023;17:25;1;13;13044;1;3;1;3;43.622116;5.073908;3;2;2;0;1;1;6;1;5;1;80;Blessé hospitalisé;5
202300028530;155 629 956;B01;1;0;2;8;0;5;203 783 599;1;1;3;1;1984.0;5;2;-1;-1;9;9;2023;17:25;1;13;13044;1;3;1;3;43.622116;5.073908;3;2; -1;-1;1;1; -1;1;5;1;-1;Blessé hospitalisé;5
202300028530;155 629 959;A01;7;0;9;3;0;1;203 783 603;1;1;1;2;1977.0;5;1;-1;-1;9;9;2023;17:25;1;13;13044;1;3;1;3;43.622116;5.073908;3;2;2;0;1;1;6;1;5;1;80;Indemne;5
202300028530;155 629 959;A01;7;0;9;3;0;1;203 783 603;1;1;1;2;1977.0;5;1;-1;-1;9;9;2023;17:25;1;13;13044;1;3;1;3;43.622116;5.073908;3;2; -1;-1;1;1; -1;1;5;1;-1;Indemne;5
202300028538;155 629 941;A01;7;0;0;3;7;1;203 783 578;1;1;1;1;2000.0;1;1;0;-1;17;7;2023;07:50;1;13;13209;2;3;1;3;43.2638761;5.41845707;4;2;2;-1;1;1; -1;1;0;1;50;Indemne;0
202300028538;155 629 941;A01;7;0;0;3;7;1;203 783 578;1;1;1;1;2000.0;1;1;0;-1;17;7;2023;07:50;1;13;13209;2;3;1;3;43.2638761;5.41845707;4;1;2;3;1;1; -1;1;0;6;50;Indemne;0
202300028538;155 629 942;Y01;1;0;2;1;19;5;203 783 581;1;1;4;2;1984.0;5;8;0;-1;17;7;2023;07:50;1;13;13209;2;3;1;3;43.2638761;5.41845707;4;2;2;-1;1;1; -1;1;0;1;50;Blessé léger;0
202300028538;155 629 942;Y01;1;0;2;1;19;5;203 783 581;1;1;4;2;1984.0;5;8;0;-1;17;7;2023;07:50;1;13;13209;2;3;1;3;43.2638761;5.41845707;4;1;2;3;1;1; -1;1;0;6;50;Blessé léger;0
202300028538;155 629 942;Y01;1;0;2;1;19;5;203 783 583;2;2;3;2;2022.0;5;3;0;-1;17;7;2023;07:50;1;13;13209;2;3;1;3;43.2638761;5.41845707;4;2;2;-1;1;1; -1;1;0;1;50;Blessé hospitalisé;0
202300028538;155 629 942;Y01;1;0;2;1;19;5;203 783 583;2;2;3;2;2022.0;5;3;0;-1;17;7;2023;07:50;1;13;13209;2;3;1;3;43.2638761;5.41845707;4;1;2;3;1;1; -1;1;0;6;50;Blessé hospitalisé;0
202300028552;155 629 919;A01;7;0;2;2;22;2;203 783 542;1;1;1;1;1984.0;4;8;0;-1;11;11;2023;19:20;5;75;75109;2;1;1;3;48.871231;2.344595;4;2;5;1;1;1; -1;1;0;5;30;Indemne;5
202300028552;155 629 919;A01;7;0;2;2;22;2;203 783 543;2;2;1;1;1991.0;5;8;0;-1;11;11;2023;19:20;5;75;75109;2;1;1;3;48.871231;2.344595;4;2;5;1;1;1; -1;1;0;5;30;Indemne;5
202300028552;155 629 921;B01;80;1;0;3;1;3;203 783 546;1;1;4;1;1990.0;4;8;0;-1;11;11;2023;19:20;5;75;75109;2;1;1;3;48.871231;2.344595;4;2;5;1;1;1; -1;1;0;5;30;Blessé léger;5