Num_Acc;id_vehicule;num_veh;catv;obs;obsm;choc;manv;motor;id_usager;place;catu;grav;sexe;an_nais;trajet;secu1;secu2;secu3;jour;mois;an;hrmn;lum;dep;com;agg;int;atm;col;lat;long;catr;circ;nbv;vosp;prof;plan;larrout;surf;infra;situ;vma;gravity;day_of_week
202300028556;155 629 915;B01;2;0;2;7;1;3;203 783 535;1;1;4;1;2003.0;4;2;0;-1;12;11;2023;18:25;3;75;75108;2;5;3;3;48.880847;2.324824;4;-1;2;0;1;1; -1;2;0;1;50;Blessé léger;6
202300028556;155 629 915;B01;2;0;2;7;1;3;203 783 535;1;1;4;1;2003.0;4;2;0;-1;12;11;2023;18:25;3;75;75108;2;5;3;3;48.880847;2.324824;4;-1;1;1;1;1; -1;2;0;1;30;Blessé léger;6
202300028556;155 629 918;A01;1;0;2;1;1;5;203 783 540;1;1;1;1;2004.0;5;8;0;-1;12;11;2023;18:25;3;75;75108;2;5;3;3;48.880847;2.324824;4;-1;2;0;1;1; -1;2;0;1;50;Indemne;6
202300028556;155 629 918;A01;1;0;2;1;1;5;203 783 540;1;1;1;1;2004.0;5;8;0;-1;12;11;2023;18:25;3;75;75108;2;5;3;3;48.880847;2.324824;4;-1;1;1;1;1; -1;2;0;1;30;Indemne;6
202300028573;155 629 885;A01;1;0;0;0;0;5;203 783 495;1;1;4;1;1995.0;0;0;-1;-1;14;7;2023;02:30;5;74;74042;2;1;1;6;46.070971;6.427987;3;2;2;0;2;1; -1;1;2;1;50;Blessé léger;4
202300028597;155 629 841;A01;1;0;2;0;1;5;203 783 432;1;1;4;2;1983.0;1;0;-1;-1;30;8;2023;10:30;1;07;07324;2;1;1;3;45.069168;4.829125;3;2;2;0;1;1;5,5;1;0;1;30;Blessé léger;2
202300028602;155 629 832;A01;1;0;0;7;1;5;203 783 423;1;1;4;1;1986.0;5;2;-1;-1;9;9;2023;12:55;1;65;65335;1;1;1;7;43.1028;0.133284;3;2;2;0;1;1;7;1;0;1;90;Blessé léger;5
202300028623;155 629 801;A01;1;8;0;1;26;5;203 783 381;1;1;3;1;1949.0;0;0;-1;-1;8;9;2023;22:30;5;60;60628;2;1;1;7;49.415032;2.162569;3;2;2;1;2;1;7;1;0;5;70;Blessé hospitalisé;4
202300028648;155 629 760;A01;7;0;2;3;15;1;203 783 318;1;1;1;1;1955.0;9;8;-1;-1;18;10;2023;08:00;2;56;56184;2;4;2;3;47.664;-2.460213;4;2;2;0;1;1; -1;2;0;1;50;Indemne;2
202300028648;155 629 760;A01;7;0;2;3;15;1;203 783 318;1;1;1;1;1955.0;9;8;-1;-1;18;10;2023;08:00;2;56;56184;2;4;2;3;47.664;-2.460213;4;2;2;-1;1;2; -1;2;0;1;50;Indemne;2
202300028648;155 629 762;B01;1;0;2;0;1;5;203 783 322;1;1;4;1;1991.0;1;2;4;-1;18;10;2023;08:00;2;56;56184;2;4;2;3;47.664;-2.460213;4;2;2;0;1;1; -1;2;0;1;50;Blessé léger;2
202300028648;155 629 762;B01;1;0;2;0;1;5;203 783 322;1;1;4;1;1991.0;1;2;4;-1;18;10;2023;08:00;2;56;56184;2;4;2;3;47.664;-2.460213;4;2;2;-1;1;2; -1;2;0;1;50;Blessé léger;2
202300028678;155 629 709;A01;7;0;2;1;1;1;203 783 233;1;1;1;2;1964.0;0;1;0;-1;7;12;2023;09:05;1;56;56260;2;1;2;3;47.66153;-2.75858;4;1;1;1;1;1; -1;2;0;5;30;Indemne;3
202300028678;155 629 710;B01;1;0;2;7;1;5;203 783 237;1;1;4;1;1968.0;0;8;0;-1;7;12;2023;09:05;1;56;56260;2;1;2;3;47.66153;-2.75858;4;1;1;1;1;1; -1;2;0;5;30;Blessé léger;3
202300028680;155 629 703;B01;1;0;2;1;1;5;203 783 227;1;1;4;1;1945.0;5;2;0;-1;16;12;2023;11:00;1;56;56162;1;6;1;3;47.70988;-3.43859;3;2;2;0;1;1;7;1;5;1;50;Blessé léger;5
202300028680;155 629 703;B01;1;0;2;1;1;5;203 783 227;1;1;4;1;1945.0;5;2;0;-1;16;12;2023;11:00;1;56;56162;1;6;1;3;47.70988;-3.43859;3;2;2;0;1;1;7;1;5;1;50;Blessé léger;5
202300028680;155 629 705;A01;7;0;2;3;9;1;203 783 229;1;1;1;2;1951.0;5;1;0;-1;16;12;2023;11:00;1;56;56162;1;6;1;3;47.70988;-3.43859;3;2;2;0;1;1;7;1;5;1;50;Indemne;5
202300028680;155 629 705;A01;7;0;2;3;9;1;203 783 229;1;1;1;2;1951.0;5;1;0;-1;16;12;2023;11:00;1;56;56162;1;6;1;3;47.70988;-3.43859;3;2;2;0;1;1;7;1;5;1;50;Indemne;5
202300028699;155 629 669;B01;1;0;2;2;1;5;203 783 188;1;1;4;1;2008.0;5;8;-1;-1;8;9;2023;11:30;1;69;69384;2;2;1;3;45.77946;4.82935;4;1;1;2;1;1; -1;1;0;1;30;Blessé léger;4
202300028699;155 629 669;B01;1;0;2;2;1;5;203 783 188;1;1;4;1;2008.0;5;8;-1;-1;8;9;2023;11:30;1;69;69384;2;2;1;3;45.77946;4.82935;4;2;2;0;1;1; -1;1;0;1;30;Blessé léger;4
202300028699;155 629 672;A01;7;0;2;1;1;1;203 783 191;1;1;1;2;1951.0;0;1;4;-1;8;9;2023;11:30;1;69;69384;2;2;1;3;45.77946;4.82935;4;1;1;2;1;1; -1;1;0;1;30;Indemne;4
202300028699;155 629 672;A01;7;0;2;1;1;1;203 783 191;1;1;1;2;1951.0;0;1;4;-1;8;9;2023;11:30;1;69;69384;2;2;1;3;45.77946;4.82935;4;2;2;0;1;1; -1;1;0;1;30;Indemne;4
202300028701;155 629 666;A01;7;0;2;7;16;1;203 783 184;1;1;1;1;1978.0;2;8;-1;-1;7;9;2023;08:00;1;69;69149;2;4;1;3;45.72008;4.79809;7;2;2;0;1;2;5;1;0;1;50;Indemne;3
202300028701;155 629 666;A01;7;0;2;7;16;1;203 783 184;1;1;1;1;1978.0;2;8;-1;-1;7;9;2023;08:00;1;69;69149;2;4;1;3;45.72008;4.79809;7;2;3;0;1;1;5;1;0;1;50;Indemne;3
202300028701;155 629 667;B01;1;0;2;6;1;5;203 783 185;1;1;4;2;1976.0;0;8;-1;-1;7;9;2023;08:00;1;69;69149;2;4;1;3;45.72008;4.79809;7;2;2;0;1;2;5;1;0;1;50;Blessé léger;3
202300028701;155 629 667;B01;1;0;2;6;1;5;203 783 185;1;1;4;2;1976.0;0;8;-1;-1;7;9;2023;08:00;1;69;69149;2;4;1;3;45.72008;4.79809;7;2;3;0;1;1;5;1;0;1;50;Blessé léger;3
202300028708;155 629 655;A01;7;0;9;1;1;0;203 783 168;1;1;1;1;1982.0;1;1;0;-1;8;9;2023;16:46;1;95;95323;2;3;7;1;49.01769243;2.03441387;4;2;2;0;2;1; -1;1;0;1;50;Indemne;4
202300028708;155 629 655;A01;7;0;9;1;1;0;203 783 168;1;1;1;1;1982.0;1;1;0;-1;8;9;2023;16:46;1;95;95323;2;3;7;1;49.01769243;2.03441387;4;2;0;0;2;1; -1;1;0;1;50;Indemne;4
202300028708;155 629 656;B01;1;0;2;1;5;5;203 783 169;1;1;3;1;1981.0;5;2;0;-1;8;9;2023;16:46;1;95;95323;2;3;7;1;49.01769243;2.03441387;4;2;2;0;2;1; -1;1;0;1;50;Blessé hospitalisé;4
202300028708;155 629 656;B01;1;0;2;1;5;5;203 783 169;1;1;3;1;1981.0;5;2;0;-1;8;9;2023;16:46;1;95;95323;2;3;7;1;49.01769243;2.03441387;4;2;0;0;2;1; -1;1;0;1;50;Blessé hospitalisé;4
202300028710;155 629 651;A01;1;0;2;2;26;5;203 783 164;1;1;4;1;1962.0;5;2;0;-1;8;9;2023;08:15;1;91;91689;2;9;1;1;48.72521;2.31679;4;-1;2;1;1;3; -1;1;9;5;50;Blessé léger;4
202300028710;155 629 653;B01;7;0;2;2;16;1;203 783 165;1;1;1;1;1981.0;1;1;0;-1;8;9;2023;08:15;1;91;91689;2;9;1;1;48.72521;2.31679;4;-1;2;1;1;3; -1;1;9;5;50;Indemne;4
202300028713;155 629 643;A01;7;14;0;2;1;1;203 783 151;1;1;1;2;2000.0;5;8;0;-1;16;12;2023;02:45;3;22;22278;1;1;1;2;48.50645;-2.73494;2;3;4;0;1;1;10;1;0;2;90;Indemne;5
202300028713;155 629 644;B01;80;0;2;4;23;3;203 783 152;1;1;2;1;1964.0;0;8;0;-1;16;12;2023;02:45;3;22;22278;1;1;1;2;48.50645;-2.73494;2;3;4;0;1;1;10;1;0;2;90;Tué;5
202300028714;155 629 640;A01;7;0;2;2;9;2;203 783 148;1;1;1;2;1971.0;1;1;0;-1;16;12;2023;18:55;5;17;17300;2;6;1;3;46.167354;-1.140128;4;1;1;2;1;1; -1;1;0;1;50;Indemne;5
202300028714;155 629 640;A01;7;0;2;2;9;2;203 783 148;1;1;1;2;1971.0;1;1;0;-1;16;12;2023;18:55;5;17;17300;2;6;1;3;46.167354;-1.140128;4;2;2;0;1;1; -1;1;0;1;30;Indemne;5
202300028714;155 629 641;B01;1;0;2;0;0;5;203 783 149;1;1;3;1;2002.0;0;8;0;-1;16;12;2023;18:55;5;17;17300;2;6;1;3;46.167354;-1.140128;4;1;1;2;1;1; -1;1;0;1;50;Blessé hospitalisé;5
202300028714;155 629 641;B01;1;0;2;0;0;5;203 783 149;1;1;3;1;2002.0;0;8;0;-1;16;12;2023;18:55;5;17;17300;2;6;1;3;46.167354;-1.140128;4;2;2;0;1;1; -1;1;0;1;30;Blessé hospitalisé;5
202300028716;155 629 637;A01;80;0;0;7;1;3;203 783 144;1;1;3;1;1956.0;5;2;0;-1;7;9;2023;08:43;1;87;87085;2;1;1;7;45.83443;1.24704;4;2;2;0;1;1; -1;1;0;1;30;Blessé hospitalisé;3
202300028728;155 629 607;B01;1;0;9;1;26;5;203 783 104;1;1;3;1;1987.0;0;8;-1;-1;8;9;2023;11:10;1;76;76498;2;1;1;3;49.421954;1.06529504;4;2;2;0;1;1; -1;1;-1;5;50;Blessé hospitalisé;4
202300028728;155 629 609;A01;7;0;9;3;22;1;203 783 107;1;1;1;1;2001.0;0;8;-1;-1;8;9;2023;11:10;1;76;76498;2;1;1;3;49.421954;1.06529504;4;2;2;0;1;1; -1;1;-1;5;50;Indemne;4
202300028729;155 629 604;A01;7;0;2;3;22;2;203 783 101;1;1;4;1;1968.0;5;1;8;-1;16;12;2023;18:15;5;75;75118;2;3;1;3;48.898096;2.344138;4;2;6;1;1;1; -1;1;0;1;50;Blessé léger;5
202300028729;155 629 604;A01;7;0;2;3;22;2;203 783 101;1;1;4;1;1968.0;5;1;8;-1;16;12;2023;18:15;5;75;75118;2;3;1;3;48.898096;2.344138;4;1; -1;-1;1;1; -1;1;0;1;50;Blessé léger;5
202300028729;155 629 605;B01;1;1;0;1;22;5;203 783 102;1;1;4;1;1992.0;5;2;8;-1;16;12;2023;18:15;5;75;75118;2;3;1;3;48.898096;2.344138;4;2;6;1;1;1; -1;1;0;1;50;Blessé léger;5
202300028729;155 629 605;B01;1;1;0;1;22;5;203 783 102;1;1;4;1;1992.0;5;2;8;-1;16;12;2023;18:15;5;75;75118;2;3;1;3;48.898096;2.344138;4;1; -1;-1;1;1; -1;1;0;1;50;Blessé léger;5
202300028732;155 629 597;B01;1;0;2;4;2;5;203 783 094;1;1;4;2;1981.0;1;2;-1;-1;7;9;2023;07:50;1;76;76351;2;1;1;2;49.50122;0.14799;4;-1;2;0;1;1; -1;1;0;1;50;Blessé léger;3
202300028732;155 629 599;A01;7;0;9;1;1;1;203 783 096;1;1;1;1;1984.0;1;1;-1;-1;7;9;2023;07:50;1;76;76351;2;1;1;2;49.50122;0.14799;4;-1;2;0;1;1; -1;1;0;1;50;Indemne;3
202300028743;155 629 580;A01;1;0;2;7;26;5;203 783 068;1;1;4;1;2005.0;1;2;0;-1;8;9;2023;07:56;1;72;72181;2;9;1;3;48.00506;0.19407;4;2;2;3;2;1; -1;1;0;1;50;Blessé léger;4
202300028743;155 629 581;B01;7;0;2;1;26;1;203 783 069;1;1;1;2;1978.0;1;1;8;-1;8;9;2023;07:56;1;72;72181;2;9;1;3;48.00506;0.19407;4;2;2;3;2;1; -1;1;0;1;50;Indemne;4
202300028748;155 629 572;A01;1;14;0;1;1;5;203 783 057;1;1;4;1;1959.0;0;2;0;-1;16;12;2023;09:30;1;92;92048;2;1;1;1;48.8202129;2.24238396;3;-1;0;1;1;1; -1;1;9;4;50;Blessé léger;5
202300028748;155 629 573;B01;1;0;9;1;1;5;203 783 058;1;1;4;1;1974.0;0;2;0;-1;16;12;2023;09:30;1;92;92048;2;1;1;1;48.8202129;2.24238396;3;-1;0;1;1;1; -1;1;9;4;50;Blessé léger;5
202300028770;155 629 536;A01;80;0;2;7;26;3;203 783 009;1;1;3;1;2000.0;1;8;-1;-1;14;12;2023;07:38;2;62;62849;2;6;1;3;50.407969;1.647576;3;2;1;0;2;1;3;1;0;1;50;Blessé hospitalisé;3
202300028770;155 629 536;A01;80;0;2;7;26;3;203 783 009;1;1;3;1;2000.0;1;8;-1;-1;14;12;2023;07:38;2;62;62849;2;6;1;3;50.407969;1.647576;3;2;1;0;2;1;3;1;0;1;50;Blessé hospitalisé;3
202300028770;155 629 538;B01;7;0;2;1;9;1;203 783 011;1;1;1;1;1973.0;1;1;-1;-1;14;12;2023;07:38;2;62;62849;2;6;1;3;50.407969;1.647576;3;2;1;0;2;1;3;1;0;1;50;Indemne;3
202300028770;155 629 538;B01;7;0;2;1;9;1;203 783 011;1;1;1;1;1973.0;1;1;-1;-1;14;12;2023;07:38;2;62;62849;2;6;1;3;50.407969;1.647576;3;2;1;0;2;1;3;1;0;1;50;Indemne;3
202300028772;155 629 533;A01;7;0;9;2;15;1;203 783 005;1;1;1;1;1982.0;5;1;-1;-1;16;12;2023;13:00;1;72;72299;1;4;7;3;47.864857;0.337749;3;2;2;0;2;3;5;1;0;1;80;Indemne;5
202300028772;155 629 533;A01;7;0;9;2;15;1;203 783 005;1;1;1;1;1982.0;5;1;-1;-1;16;12;2023;13:00;1;72;72299;1;4;7;3;47.864857;0.337749;3;2; -1;-1;1;1; -1;1;0;1;-1;Indemne;5
202300028772;155 629 534;B01;1;0;2;1;1;5;203 783 007;1;1;2;1;1979.0;5;2;6;-1;16;12;2023;13:00;1;72;72299;1;4;7;3;47.864857;0.337749;3;2;2;0;2;3;5;1;0;1;80;Tué;5
202300028772;155 629 534;B01;1;0;2;1;1;5;203 783 007;1;1;2;1;1979.0;5;2;6;-1;16;12;2023;13:00;1;72;72299;1;4;7;3;47.864857;0.337749;3;2; -1;-1;1;1; -1;1;0;1;-1;Tué;5
202300028777;155 629 525;A01;7;0;2;0;16;1;203 782 996;1;1;1;2;2002.0;5;1;8;-1;22;8;2023;09:55;1;62;62250;2;3;1;3;50.46638969;2.94229352;3;2;2;0;1;1; -1;1;0;1;50;Indemne;1
202300028777;155 629 525;A01;7;0;2;0;16;1;203 782 996;1;1;1;2;2002.0;5;1;8;-1;22;8;2023;09:55;1;62;62250;2;3;1;3;50.46638969;2.94229352;3;2;0;0;1;1; -1;1;0;1;50;Indemne;1
202300028777;155 629 527;B01;1;0;2;0;1;5;203 782 998;1;1;3;1;1967.0;5;8;0;-1;22;8;2023;09:55;1;62;62250;2;3;1;3;50.46638969;2.94229352;3;2;2;0;1;1; -1;1;0;1;50;Blessé hospitalisé;1
202300028777;155 629 527;B01;1;0;2;0;1;5;203 782 998;1;1;3;1;1967.0;5;8;0;-1;22;8;2023;09:55;1;62;62250;2;3;1;3;50.46638969;2.94229352;3;2;0;0;1;1; -1;1;0;1;50;Blessé hospitalisé;1
202300028780;155 629 521;A01;7;12;0;3;1;1;203 782 992;1;1;1;1;1991.0;0;8;0;-1;8;9;2023;21:00;2;59;59599;2;9;1;3;50.74235;3.1826;4;2;2;0;1;1; -1;1;0;1;50;Indemne;4
202300028780;155 629 523;B01;1;12;0;1;0;5;203 782 994;1;1;4;1;2006.0;0;0;0;-1;8;9;2023;21:00;2;59;59599;2;9;1;3;50.74235;3.1826;4;2;2;0;1;1; -1;1;0;1;50;Blessé léger;4
202300028790;155 629 505;A01;7;0;2;2;16;1;203 782 972;1;1;1;1;1969.0;1;1;-1;-1;16;12;2023;12:05;1;22;22219;1;3;7;3;48.272268;-2.708538;3;2;2;0;2;2;7;1;0;8;-1;Indemne;5
202300028790;155 629 505;A01;7;0;2;2;16;1;203 782 972;1;1;1;1;1969.0;1;1;-1;-1;16;12;2023;12:05;1;22;22219;1;3;7;3;48.272268;-2.708538;3;2;2;0;1;1;7;1;0;1;80;Indemne;5
202300028790;155 629 507;B01;1;0;2;1;1;5;203 782 974;1;1;3;1;1963.0;5;2;6;-1;16;12;2023;12:05;1;22;22219;1;3;7;3;48.272268;-2.708538;3;2;2;0;2;2;7;1;0;8;-1;Blessé hospitalisé;5
202300028790;155 629 507;B01;1;0;2;1;1;5;203 782 974;1;1;3;1;1963.0;5;2;6;-1;16;12;2023;12:05;1;22;22219;1;3;7;3;48.272268;-2.708538;3;2;2;0;1;1;7;1;0;1;80;Blessé hospitalisé;5
202300028791;155 629 504;A01;7;0;2;3;20;1;203 782 971;1;1;1;1;1996.0;1;1;8;-1;6;9;2023;10:09;1;54;54373;2;1;1;6;48.57489;6.52737;3;2;4;2;1;1; -1;1;-1;5;50;Indemne;2
202300028791;155 629 506;B01;1;0;2;1;1;5;203 782 973;1;1;3;1;1942.0;5;2;0;-1;6;9;2023;10:09;1;54;54373;2;1;1;6;48.57489;6.52737;3;2;4;2;1;1; -1;1;-1;5;50;Blessé hospitalisé;2
202300028801;155 629 487;A01;1;0;0;0;0;5;203 782 954;1;1;3;1;1957.0;5;2;-1;-1;16;12;2023;16:58;2;14;14542;1;3;1;7;49.230736;-0.454825;3;2;2;0;1;1;4;1;0;3;80;Blessé hospitalisé;5
202300028801;155 629 487;A01;1;0;0;0;0;5;203 782 954;1;1;3;1;1957.0;5;2;-1;-1;16;12;2023;16:58;2;14;14542;1;3;1;7;49.230736;-0.454825;3;4;2;0;1;1; -1;1;9;1;30;Blessé hospitalisé;5
202300028804;155 629 482;B01;1;0;2;7;1;5;203 782 946;1;1;4;1;1953.0;5;2;-1;-1;17;12;2023;11:30;1;50;50341;2;6;1;3;49.490347;-1.392635;3;1;2;0;1;1;5,5;1;0;1;50;Blessé léger;6
202300028804;155 629 483;A01;7;0;2;2;9;1;203 782 948;1;1;1;1;1953.0;3;1;-1;-1;17;12;2023;11:30;1;50;50341;2;6;1;3;49.490347;-1.392635;3;1;2;0;1;1;5,5;1;0;1;50;Indemne;6
202300028810;155 629 472;A01;1;0;2;6;0;5;203 782 930;1;1;2;1;1948.0;3;2;4;9;16;12;2023;21:00;3;87;87140;1;1;1;2;45.929976;0.94005;3;2;2;0;1;1;7;1;0;1;90;Tué;5
202300028810;155 629 473;B01;10;0;2;5;17;1;203 782 931;1;1;1;1;1985.0;5;8;-1;-1;16;12;2023;21:00;3;87;87140;1;1;1;2;45.929976;0.94005;3;2;2;0;1;1;7;1;0;1;90;Indemne;5
202300028823;155 629 448;A01;7;0;2;2;1;1;203 782 894;1;1;1;1;1977.0;3;1;-1;-1;8;9;2023;18:50;1;33;33162;2;4;1;3;44.88164014;-0.64222491;4;2;2;3;1;1; -1;1;5;1;50;Indemne;4
202300028823;155 629 448;A01;7;0;2;2;1;1;203 782 894;1;1;1;1;1977.0;3;1;-1;-1;8;9;2023;18:50;1;33;33162;2;4;1;3;44.88164014;-0.64222491;4;1;1;0;1;1; -1;1;5;1;50;Indemne;4
202300028823;155 629 449;B01;80;0;2;1;15;3;203 782 895;1;1;3;1;2006.0;0;0;-1;-1;8;9;2023;18:50;1;33;33162;2;4;1;3;44.88164014;-0.64222491;4;2;2;3;1;1; -1;1;5;1;50;Blessé hospitalisé;4
202300028823;155 629 449;B01;80;0;2;1;15;3;203 782 895;1;1;3;1;2006.0;0;0;-1;-1;8;9;2023;18:50;1;33;33162;2;4;1;3;44.88164014;-0.64222491;4;1;1;0;1;1; -1;1;5;1;50;Blessé hospitalisé;4
202300028829;155 629 439;A01;33;0;2;1;2;1;203 782 878;1;1;4;1;1993.0;0;8;-1;-1;17;12;2023;03:15;3;971;97126;1;1;1;2;15.945814;-61.312809;2;2;2;0;1;1;5;1;0;1;80;Blessé léger;6
202300028829;155 629 440;B01;1;0;2;4;2;5;203 782 879;1;1;3;1;1965.0;0;0;-1;-1;17;12;2023;03:15;3;971;97126;1;1;1;2;15.945814;-61.312809;2;2;2;0;1;1;5;1;0;1;80;Blessé hospitalisé;6
202300028833;155 629 433;A01;7;0;9;5;1;0;203 782 867;2;2;1;1;1991.0;9;1;-1;-1;17;12;2023;11:30;1;30;30155;2;2;7;3;43.815449;4.469512;4;2;2;0;1;1; -1;1;0;1;-1;Indemne;6
202300028833;155 629 433;A01;7;0;9;5;1;0;203 782 869;1;1;1;2;1961.0;9;1;-1;-1;17;12;2023;11:30;1;30;30155;2;2;7;3;43.815449;4.469512;4;2;2;0;1;1; -1;1;0;1;-1;Indemne;6
202300028833;155 629 434;B01;1;0;2;1;1;5;203 782 870;1;1;3;1;1950.0;0;0;-1;-1;17;12;2023;11:30;1;30;30155;2;2;7;3;43.815449;4.469512;4;2;2;0;1;1; -1;1;0;1;-1;Blessé hospitalisé;6
202300028839;155 629 424;A01;7;0;2;7;15;0;203 782 855;1;1;1;1;1962.0;3;1;-1;-1;16;12;2023;18:32;5;88;88321;2;3;1;3;48.353019;5.68212;4;2;2;0;1;1; -1;1;9;1;50;Indemne;5
202300028839;155 629 424;A01;7;0;2;7;15;0;203 782 855;1;1;1;1;1962.0;3;1;-1;-1;16;12;2023;18:32;5;88;88321;2;3;1;3;48.353019;5.68212;4;2;2;0;1;2; -1;1;9;1;50;Indemne;5
202300028839;155 629 425;B01;1;0;2;1;19;5;203 782 856;1;1;3;2;2004.0;1;0;-1;-1;16;12;2023;18:32;5;88;88321;2;3;1;3;48.353019;5.68212;4;2;2;0;1;1; -1;1;9;1;50;Blessé hospitalisé;5
202300028839;155 629 425;B01;1;0;2;1;19;5;203 782 856;1;1;3;2;2004.0;1;0;-1;-1;16;12;2023;18:32;5;88;88321;2;3;1;3;48.353019;5.68212;4;2;2;0;1;2; -1;1;9;1;50;Blessé hospitalisé;5
202300028840;155 629 423;B01;80;0;2;1;1;3;203 782 853;1;1;4;2;1998.0;3;8;0;-1;7;9;2023;17:30;1;29;29019;2;3;1;3;48.4219;-4.46351;4;2;2;0;1;1; -1;1;0;1;50;Blessé léger;3
202300028840;155 629 423;B01;80;0;2;1;1;3;203 782 853;1;1;4;2;1998.0;3;8;0;-1;7;9;2023;17:30;1;29;29019;2;3;1;3;48.4219;-4.46351;4;2;3;1;1;1; -1;1;0;1;50;Blessé léger;3
202300028840;155 629 426;A01;7;0;2;2;16;2;203 782 857;1;1;1;1;1975.0;1;1;0;-1;7;9;2023;17:30;1;29;29019;2;3;1;3;48.4219;-4.46351;4;2;2;0;1;1; -1;1;0;1;50;Indemne;3
202300028840;155 629 426;A01;7;0;2;2;16;2;203 782 857;1;1;1;1;1975.0;1;1;0;-1;7;9;2023;17:30;1;29;29019;2;3;1;3;48.4219;-4.46351;4;2;3;1;1;1; -1;1;0;1;50;Indemne;3
202300028845;155 629 415;A01;7;0;2;7;16;1;203 782 843;1;1;1;1;1949.0;5;1;0;-1;8;9;2023;16:21;1;25;25056;2;4;7;3;47.233;5.989;4;2;2;-1;3;1; -1;-1;5;-1;-1;Indemne;4
202300028845;155 629 415;A01;7;0;2;7;16;1;203 782 843;1;1;1;1;1949.0;5;1;0;-1;8;9;2023;16:21;1;25;25056;2;4;7;3;47.233;5.989;4;2;2;2;2;4; -1;1;0;5;50;Indemne;4
202300028845;155 629 417;B01;1;0;2;1;15;5;203 782 845;1;1;4;2;1980.0;1;2;0;-1;8;9;2023;16:21;1;25;25056;2;4;7;3;47.233;5.989;4;2;2;-1;3;1; -1;-1;5;-1;-1;Blessé léger;4
202300028845;155 629 417;B01;1;0;2;1;15;5;203 782 845;1;1;4;2;1980.0;1;2;0;-1;8;9;2023;16:21;1;25;25056;2;4;7;3;47.233;5.989;4;2;2;2;2;4; -1;1;0;5;50;Blessé léger;4
202300028846;155 629 412;A01;80;0;6;0;1;3;203 782 839;1;1;3;2;1976.0;5;2;-1;-1;17;12;2023;11:30;1;01;01301;1;1;1;6;46.273036;5.143318;3;2;2;0;1;1;4;1;0;1;80;Blessé hospitalisé;6
202300028881;155 629 344;B01;1;0;2;1;1;5;203 782 754;1;1;4;1;1971.0;0;8;0;-1;15;12;2023;17:13;2;86;86194;2;2;1;1;46.585587;0.333229;4;2;2;3;2;1; -1;1;2;1;30;Blessé léger;4
202300028881;155 629 344;B01;1;0;2;1;1;5;203 782 754;1;1;4;1;1971.0;0;8;0;-1;15;12;2023;17:13;2;86;86194;2;2;1;1;46.585587;0.333229;4;2;2;0;2;1; -1;1;0;1;30;Blessé léger;4
202300028881;155 629 346;A01;50;0;2;1;1;3;203 782 756;1;1;1;1;1993.0;0;8;0;-1;15;12;2023;17:13;2;86;86194;2;2;1;1;46.585587;0.333229;4;2;2;3;2;1; -1;1;2;1;30;Indemne;4
202300028881;155 629 346;A01;50;0;2;1;1;3;203 782 756;1;1;1;1;1993.0;0;8;0;-1;15;12;2023;17:13;2;86;86194;2;2;1;1;46.585587;0.333229;4;2;2;0;2;1; -1;1;0;1;30;Indemne;4
202300028883;155 629 340;A01;7;0;2;2;16;1;203 782 750;1;1;1;1;1973.0;1;1;0;-1;15;12;2023;06:00;5;84;84035;2;9;1;3;43.81746;5.0437;4;-1;2;0;1;3; -1;1;0;1;50;Indemne;4
202300028883;155 629 341;B01;1;0;2;0;0;5;203 782 751;1;1;4;1;1994.0;1;8;0;-1;15;12;2023;06:00;5;84;84035;2;9;1;3;43.81746;5.0437;4;-1;2;0;1;3; -1;1;0;1;50;Blessé léger;4
202300028885;155 629 336;A01;7;0;9;2;1;1;203 782 745;1;1;1;1;1935.0;0;1;-1;-1;14;12;2023;18:15;5;83;83062;2;1;1;3;43.12494;6.00476;4;2;2;2;1;1; -1;1;0;5;30;Indemne;3
202300028885;155 629 336;A01;7;0;9;2;1;1;203 782 746;2;2;1;2;1935.0;0;1;-1;-1;14;12;2023;18:15;5;83;83062;2;1;1;3;43.12494;6.00476;4;2;2;2;1;1; -1;1;0;5;30;Indemne;3
202300028885;155 629 337;B01;1;0;2;5;19;5;203 782 747;1;1;4;1;1988.0;1;8;0;-1;14;12;2023;18:15;5;83;83062;2;1;1;3;43.12494;6.00476;4;2;2;2;1;1; -1;1;0;5;30;Blessé léger;3
202300028899;155 629 311;A01;7;0;2;1;1;1;203 782 703;1;1;1;1;2003.0;0;1;-1;-1;27;6;2023;23:35;5;69;69387;2;2;1;1;45.74683;4.83678;4;1;2;3;1;1; -1;1;0;1;50;Indemne;1
202300028899;155 629 311;A01;7;0;2;1;1;1;203 782 703;1;1;1;1;2003.0;0;1;-1;-1;27;6;2023;23:35;5;69;69387;2;2;1;1;45.74683;4.83678;4;1;1;1;1;1; -1;1;0;1;30;Indemne;1
202300028899;155 629 312;B01;1;0;2;1;11;5;203 782 704;1;1;4;2;1990.0;0;8;-1;-1;27;6;2023;23:35;5;69;69387;2;2;1;1;45.74683;4.83678;4;1;2;3;1;1; -1;1;0;1;50;Blessé léger;1
202300028899;155 629 312;B01;1;0;2;1;11;5;203 782 704;1;1;4;2;1990.0;0;8;-1;-1;27;6;2023;23:35;5;69;69387;2;2;1;1;45.74683;4.83678;4;1;1;1;1;1; -1;1;0;1;30;Blessé léger;1