Num_Acc;id_vehicule;num_veh;catv;obs;obsm;choc;manv;motor;id_usager;place;catu;grav;sexe;an_nais;trajet;secu1;secu2;secu3;jour;mois;an;hrmn;lum;dep;com;agg;int;atm;col;lat;long;catr;circ;nbv;vosp;prof;plan;larrout;surf;infra;situ;vma;gravity;day_of_week
202300028916;155 629 280;B01;7;0;2;2;1;1;203 782 667;1;1;1;2;1978.0;5;1;0;-1;26;6;2023;18:30;1;71;71105;2;3;1;3;46.30973;4.80018;4;2;1;0;2;1;4;1;0;1;50;Indemne;0
202300028916;155 629 280;B01;7;0;2;2;1;1;203 782 667;1;1;1;2;1978.0;5;1;0;-1;26;6;2023;18:30;1;71;71105;2;3;1;3;46.30973;4.80018;4;1;1;0;1;1;4;1;0;1;50;Indemne;0
202300028916;155 629 281;A01;1;0;2;1;5;5;203 782 668;1;1;4;1;2005.0;0;0;0;0;26;6;2023;18:30;1;71;71105;2;3;1;3;46.30973;4.80018;4;2;1;0;2;1;4;1;0;1;50;Blessé léger;0
202300028916;155 629 281;A01;1;0;2;1;5;5;203 782 668;1;1;4;1;2005.0;0;0;0;0;26;6;2023;18:30;1;71;71105;2;3;1;3;46.30973;4.80018;4;1;1;0;1;1;4;1;0;1;50;Blessé léger;0
202300028918;155 629 276;A01;1;0;2;1;21;5;203 782 663;1;1;3;2;1972.0;5;8;0;-1;27;6;2023;22:50;3;67;67482;2;1;1;1;48.57543;7.75674;4;2;2;1;1;1; -1;1;9;5;30;Blessé hospitalisé;1
202300028918;155 629 277;B01;1;0;2;1;1;5;203 782 664;1;1;1;1;1998.0;0;8;0;-1;27;6;2023;22:50;3;67;67482;2;1;1;1;48.57543;7.75674;4;2;2;1;1;1; -1;1;9;5;30;Indemne;1
202300028927;155 629 261;A01;7;0;2;2;16;1;203 782 640;1;1;1;1;1966.0;9;1;8;-1;27;6;2023;11:00;1;54;54395;2;1;1;3;48.68081262;6.1942184;4;2;2;2;1;1; -1;1;0;5;50;Indemne;1
202300028927;155 629 262;B01;1;0;2;1;1;5;203 782 641;1;1;4;1;1971.0;0;2;8;-1;27;6;2023;11:00;1;54;54395;2;1;1;3;48.68081262;6.1942184;4;2;2;2;1;1; -1;1;0;5;50;Blessé léger;1
202300028928;155 629 259;B01;80;0;2;0;1;3;203 782 638;1;1;4;1;1981.0;0;2;0;-1;26;6;2023;12:15;1;54;54395;2;1;1;3;48.69616795;6.16286606;4;2;2;1;2;1; -1;1;0;1;50;Blessé léger;0
202300028928;155 629 260;A01;7;0;2;2;20;1;203 782 639;1;1;1;1;1973.0;0;1;0;-1;26;6;2023;12:15;1;54;54395;2;1;1;3;48.69616795;6.16286606;4;2;2;1;2;1; -1;1;0;1;50;Indemne;0
202300028930;155 629 256;B01;80;9;2;7;2;0;203 782 635;1;1;4;1;1957.0;5;8;0;-1;27;6;2023;16:45;1;51;51454;2;1;1;3;49.23283;4.04788;4;2;1;1;1;1; -1;1;2;1;30;Blessé léger;1
202300028930;155 629 257;A01;1;0;2;1;9;5;203 782 636;1;1;1;1;2008.0;5;8;0;-1;27;6;2023;16:45;1;51;51454;2;1;1;3;49.23283;4.04788;4;2;1;1;1;1; -1;1;2;1;30;Indemne;1
202300028934;155 629 251;A01;7;0;2;3;9;3;203 782 627;1;1;1;2;1946.0;5;1;0;-1;26;6;2023;18:00;1;49;49015;2;6;1;3;47.5178;-0.6083;4;2;2;0;1;1; -1;1;0;1;50;Indemne;0
202300028934;155 629 252;B01;80;0;2;7;1;3;203 782 628;1;1;4;2;1968.0;1;8;0;-1;26;6;2023;18:00;1;49;49015;2;6;1;3;47.5178;-0.6083;4;2;2;0;1;1; -1;1;0;1;50;Blessé léger;0
202300028937;155 629 245;A01;7;0;2;3;1;1;203 782 620;1;1;1;1;1997.0;5;1;8;-1;27;6;2023;16:50;1;45;45234;2;1;1;3;47.90525;1.88967;4;1;1;1;2;1; -1;1;0;1;30;Indemne;1
202300028937;155 629 246;B01;1;0;2;8;23;5;203 782 621;1;1;1;2;1987.0;2;2;0;-1;27;6;2023;16:50;1;45;45234;2;1;1;3;47.90525;1.88967;4;1;1;1;2;1; -1;1;0;1;30;Indemne;1
202300028937;155 629 246;B01;1;0;2;8;23;5;203 782 622;2;2;4;1;2017.0;2;3;0;-1;27;6;2023;16:50;1;45;45234;2;1;1;3;47.90525;1.88967;4;1;1;1;2;1; -1;1;0;1;30;Blessé léger;1
202300028940;155 629 240;B01;1;0;9;7;1;5;203 782 613;1;1;4;1;1970.0;0;8;0;-1;27;6;2023;08:48;1;43;43157;2;1;1;3;45.04084;3.88707;4;-1;2;0;1;1; -1;1;0;1;50;Blessé léger;1
202300028940;155 629 241;A01;7;0;2;8;22;1;203 782 614;1;1;1;2;1952.0;0;8;0;-1;27;6;2023;08:48;1;43;43157;2;1;1;3;45.04084;3.88707;4;-1;2;0;1;1; -1;1;0;1;50;Indemne;1
202300028946;155 629 227;B01;1;0;0;0;0;5;203 782 598;1;1;4;2;1966.0;0;2;0;-1;27;6;2023;15:00;1;25;25056;2;2;1;2;47.24896;6.03135;3;2;3;0;1;1; -1;1;5;1;50;Blessé léger;1
202300028946;155 629 227;B01;1;0;0;0;0;5;203 782 598;1;1;4;2;1966.0;0;2;0;-1;27;6;2023;15:00;1;25;25056;2;2;1;2;47.24896;6.03135;3;1;2;3;1;1; -1;1;5;1;50;Blessé léger;1
202300028946;155 629 228;A01;7;0;2;1;2;0;203 782 599;1;1;1;2;1989.0;0;1;0;-1;27;6;2023;15:00;1;25;25056;2;2;1;2;47.24896;6.03135;3;2;3;0;1;1; -1;1;5;1;50;Indemne;1
202300028946;155 629 228;A01;7;0;2;1;2;0;203 782 599;1;1;1;2;1989.0;0;1;0;-1;27;6;2023;15:00;1;25;25056;2;2;1;2;47.24896;6.03135;3;1;2;3;1;1; -1;1;5;1;50;Indemne;1
202300028947;155 629 226;A01;1;2;0;2;1;5;203 782 596;1;1;4;1;1987.0;0;8;0;-1;27;6;2023;11:20;1;25;25056;2;1;1;6;47.244;6.027;4;1;2;3;2;1; -1;1;5;1;50;Blessé léger;1
202300028947;155 629 226;A01;1;2;0;2;1;5;203 782 597;10;3;4;1;1939.0;0;0;-1;-1;27;6;2023;11:20;1;25;25056;2;1;1;6;47.244;6.027;4;1;2;3;2;1; -1;1;5;1;50;Blessé léger;1
202300028948;155 629 224;A01;10;0;2;5;17;1;203 782 594;1;1;1;1;1999.0;0;1;0;-1;27;6;2023;08:20;1;25;25056;2;1;1;3;47.257674;6.017568;4;1;1;0;2;1; -1;1;0;1;50;Indemne;1
202300028948;155 629 225;B01;1;0;0;0;0;5;203 782 595;1;1;4;1;1950.0;0;8;0;-1;27;6;2023;08:20;1;25;25056;2;1;1;3;47.257674;6.017568;4;1;1;0;2;1; -1;1;0;1;50;Blessé léger;1
202300028963;155 629 195;A01;7;0;2;2;16;1;203 782 557;1;1;1;1;1967.0;5;1;0;-1;27;6;2023;10:30;1;75;75105;2;2;1;3;48.851104;2.351295;4;1; -1;-1;1;1; -1;1;-1;5;-1;Indemne;1
202300028963;155 629 195;A01;7;0;2;2;16;1;203 782 557;1;1;1;1;1967.0;5;1;0;-1;27;6;2023;10:30;1;75;75105;2;2;1;3;48.851104;2.351295;4;2;3;1;1;1; -1;1;-1;5;30;Indemne;1
202300028963;155 629 196;B01;1;0;2;1;1;5;203 782 558;1;1;4;1;1983.0;1;2;0;-1;27;6;2023;10:30;1;75;75105;2;2;1;3;48.851104;2.351295;4;1; -1;-1;1;1; -1;1;-1;5;-1;Blessé léger;1
202300028963;155 629 196;B01;1;0;2;1;1;5;203 782 558;1;1;4;1;1983.0;1;2;0;-1;27;6;2023;10:30;1;75;75105;2;2;1;3;48.851104;2.351295;4;2;3;1;1;1; -1;1;-1;5;30;Blessé léger;1
202300028967;155 629 188;A01;7;0;2;3;16;2;203 782 549;1;1;1;1;1965.0;4;1;0;-1;27;6;2023;14:55;1;75;75118;2;3;1;3;48.884531;2.326964;4;2;1;1;1;1; -1;1;-1;5;30;Indemne;1
202300028967;155 629 188;A01;7;0;2;3;16;2;203 782 549;1;1;1;1;1965.0;4;1;0;-1;27;6;2023;14:55;1;75;75118;2;3;1;3;48.884531;2.326964;4;2; -1;-1;1;1; -1;1;-1;5;-1;Indemne;1
202300028967;155 629 189;B01;80;0;2;1;1;3;203 782 550;1;1;4;1;2000.0;9;8;0;-1;27;6;2023;14:55;1;75;75118;2;3;1;3;48.884531;2.326964;4;2;1;1;1;1; -1;1;-1;5;30;Blessé léger;1
202300028967;155 629 189;B01;80;0;2;1;1;3;203 782 550;1;1;4;1;2000.0;9;8;0;-1;27;6;2023;14:55;1;75;75118;2;3;1;3;48.884531;2.326964;4;2; -1;-1;1;1; -1;1;-1;5;-1;Blessé léger;1
202300028970;155 629 183;A01;1;0;2;1;1;5;203 782 544;1;1;4;1;1955.0;5;2;0;-1;27;6;2023;09:45;1;75;75116;2;1;1;2;48.86215;2.230505;4;2;4;1;1;1; -1;1;-1;5;30;Blessé léger;1
202300028970;155 629 184;B01;14;0;2;6;23;0;203 782 545;1;1;1;1;1973.0;4;8;0;-1;27;6;2023;09:45;1;75;75116;2;1;1;2;48.86215;2.230505;4;2;4;1;1;1; -1;1;-1;5;30;Indemne;1
202300028971;155 629 182;Y01;1;0;2;4;25;5;203 782 543;1;1;4;1;2013.0;5;2;0;-1;27;6;2023;17:15;1;75;75115;2;3;1;3;48.851563;2.30026;4;2;0;0;1;1; -1;1;0;4;-1;Blessé léger;1
202300028971;155 629 182;Y01;1;0;2;4;25;5;203 782 543;1;1;4;1;2013.0;5;2;0;-1;27;6;2023;17:15;1;75;75115;2;3;1;3;48.851563;2.30026;4;1; -1;-1;1;1; -1;1;0;4;-1;Blessé léger;1
202300028972;155 629 179;B01;80;1;0;2;1;3;203 782 540;1;1;4;1;1990.0;1;8;0;-1;26;6;2023;09:25;1;75;75114;2;1;1;3;48.83178;2.330318;4;2;3;1;1;1; -1;1;8;5;50;Blessé léger;0
202300028972;155 629 180;A01;7;0;2;3;22;1;203 782 541;1;1;1;1;1993.0;4;1;0;-1;26;6;2023;09:25;1;75;75114;2;1;1;3;48.83178;2.330318;4;2;3;1;1;1; -1;1;8;5;50;Indemne;0
202300028973;155 629 177;B01;1;0;2;8;1;5;203 782 538;1;1;4;2;1966.0;1;8;0;-1;26;6;2023;08:55;1;75;75115;2;2;1;3;48.843769;2.286354;4;1;2;2;1;1; -1;1;0;1;30;Blessé léger;0
202300028973;155 629 177;B01;1;0;2;8;1;5;203 782 538;1;1;4;2;1966.0;1;8;0;-1;26;6;2023;08:55;1;75;75115;2;2;1;3;48.843769;2.286354;4;1;2;2;1;1; -1;1;0;1;30;Blessé léger;0
202300028973;155 629 178;A01;7;8;2;3;15;1;203 782 539;1;1;1;1;1992.0;1;8;0;-1;26;6;2023;08:55;1;75;75115;2;2;1;3;48.843769;2.286354;4;1;2;2;1;1; -1;1;0;1;30;Indemne;0
202300028973;155 629 178;A01;7;8;2;3;15;1;203 782 539;1;1;1;1;1992.0;1;8;0;-1;26;6;2023;08:55;1;75;75115;2;2;1;3;48.843769;2.286354;4;1;2;2;1;1; -1;1;0;1;30;Indemne;0
202300028975;155 629 174;A01;7;0;2;1;1;0;203 782 534;1;1;1;1;2000.0;-1;8;0;-1;16;6;2023;18:40;1;75;75113;2;4;1;3;48.822639;2.373072;4;2;3;0;1;1; -1;1;0;1;30;Indemne;4
202300028975;155 629 174;A01;7;0;2;1;1;0;203 782 534;1;1;1;1;2000.0;-1;8;0;-1;16;6;2023;18:40;1;75;75113;2;4;1;3;48.822639;2.373072;4;2;2;0;1;1; -1;1;0;1;30;Indemne;4
202300028975;155 629 175;B01;1;0;2;8;1;5;203 782 535;1;1;4;1;2008.0;5;8;0;-1;16;6;2023;18:40;1;75;75113;2;4;1;3;48.822639;2.373072;4;2;3;0;1;1; -1;1;0;1;30;Blessé léger;4
202300028975;155 629 175;B01;1;0;2;8;1;5;203 782 535;1;1;4;1;2008.0;5;8;0;-1;16;6;2023;18:40;1;75;75113;2;4;1;3;48.822639;2.373072;4;2;2;0;1;1; -1;1;0;1;30;Blessé léger;4
202300028979;155 629 167;A01;10;0;2;8;22;1;203 782 526;1;1;1;1;1998.0;4;1;5;-1;27;6;2023;10:34;1;75;75108;2;1;1;3;48.872742;2.321368;4;2;0;1;1;1; -1;1;-1;5;30;Indemne;1
202300028979;155 629 168;B01;1;0;2;1;1;5;203 782 527;1;1;4;2;1961.0;9;8;0;-1;27;6;2023;10:34;1;75;75108;2;1;1;3;48.872742;2.321368;4;2;0;1;1;1; -1;1;-1;5;30;Blessé léger;1
202300028986;155 629 153;A01;30;0;2;1;1;1;203 782 510;1;1;1;1;1994.0;4;2;6;-1;27;6;2023;19:05;1;94;94081;2;1;1;3;48.80264;2.403547;3;2;2;0;1;1;15;1;0;1;50;Indemne;1
202300028986;155 629 154;B01;1;0;2;0;19;5;203 782 511;1;1;4;2;2020.0;5;0;-1;-1;27;6;2023;19:05;1;94;94081;2;1;1;3;48.80264;2.403547;3;2;2;0;1;1;15;1;0;1;50;Blessé léger;1
202300028994;155 629 138;A01;3;0;0;0;24;1;203 782 488;1;1;1;2;1968.0;0;1;8;-1;27;6;2023;20:20;1;92;92064;2;1;1;7;48.851584;2.213067;3;2;2;0;2;1; -1;1;0;1;50;Indemne;1
202300028994;155 629 139;B01;1;1;0;1;1;5;203 782 489;1;1;4;2;1982.0;0;2;0;-1;27;6;2023;20:20;1;92;92064;2;1;1;7;48.851584;2.213067;3;2;2;0;2;1; -1;1;0;1;50;Blessé léger;1
202300029002;155 629 126;A01;14;0;2;5;1;1;203 782 472;1;1;1;1;1988.0;0;1;0;-1;15;6;2023;07:50;1;92;92004;2;1;1;3;48.914752;2.312129;3;-1;1;0;1;1; -1;1;0;1;50;Indemne;3
202300029002;155 629 127;B01;1;0;2;3;1;5;203 782 473;1;1;4;2;1958.0;0;2;0;-1;15;6;2023;07:50;1;92;92004;2;1;1;3;48.914752;2.312129;3;-1;1;0;1;1; -1;1;0;1;50;Blessé léger;3
202300029010;155 629 112;A01;1;0;2;1;5;5;203 782 453;1;1;2;1;1961.0;5;2;-1;-1;28;6;2023;11:14;1;44;44111;1;1;1;1;47.370269;-1.725331;4;2;2;0;2;1; -1;1;0;1;80;Tué;2
202300029010;155 629 113;B01;14;0;9;3;1;1;203 782 454;1;1;1;1;1976.0;4;1;-1;-1;28;6;2023;11:14;1;44;44111;1;1;1;1;47.370269;-1.725331;4;2;2;0;2;1; -1;1;0;1;80;Indemne;2
202300029031;155 629 067;A01;1;0;2;1;19;5;203 782 398;1;1;4;1;1981.0;5;2;-1;-1;27;6;2023;19:20;1;60;60045;2;2;1;1;49.223014;2.668675;3;2;2;0;1;1;5;1;0;1;50;Blessé léger;1
202300029031;155 629 067;A01;1;0;2;1;19;5;203 782 398;1;1;4;1;1981.0;5;2;-1;-1;27;6;2023;19:20;1;60;60045;2;2;1;1;49.223014;2.668675;3;2; -1;-1;1;1; -1;1;0;1;-1;Blessé léger;1
202300029031;155 629 068;B01;2;0;2;1;1;1;203 782 399;1;1;4;1;2008.0;5;2;-1;-1;27;6;2023;19:20;1;60;60045;2;2;1;1;49.223014;2.668675;3;2;2;0;1;1;5;1;0;1;50;Blessé léger;1
202300029031;155 629 068;B01;2;0;2;1;1;1;203 782 399;1;1;4;1;2008.0;5;2;-1;-1;27;6;2023;19:20;1;60;60045;2;2;1;1;49.223014;2.668675;3;2; -1;-1;1;1; -1;1;0;1;-1;Blessé léger;1
202300029032;155 629 065;B01;1;0;0;4;2;5;203 782 396;1;1;2;1;1955.0;0;2;-1;-1;28;6;2023;07:40;1;18;18129;1;1;1;2;46.959887;2.379089;3;2;2;0;1;1;5;1;0;1;80;Tué;2
202300029032;155 629 066;A01;10;0;0;2;17;1;203 782 397;1;1;1;1;1994.0;0;1;-1;-1;28;6;2023;07:40;1;18;18129;1;1;1;2;46.959887;2.379089;3;2;2;0;1;1;5;1;0;1;80;Indemne;2
202300029044;155 629 042;A01;1;0;2;1;15;5;203 782 370;1;1;4;1;2008.0;2;0;-1;-1;15;6;2023;12:25;1;38;38553;2;3;1;1;45.618499;5.148066;4;2;2;0;1;1; -1;1;0;1;50;Blessé léger;3
202300029044;155 629 043;B01;7;0;9;1;23;1;203 782 371;1;1;1;1;2003.0;1;1;-1;-1;15;6;2023;12:25;1;38;38553;2;3;1;1;45.618499;5.148066;4;2;2;0;1;1; -1;1;0;1;50;Indemne;3
202300029063;155 629 007;A01;7;0;2;2;15;1;203 782 319;1;1;1;1;1949.0;3;1;-1;-1;28;6;2023;11:30;1;33;33413;1;3;1;3;44.84998693;-0.32750845;3;2;2;0;1;1; -1;1;0;1;80;Indemne;2
202300029063;155 629 007;A01;7;0;2;2;15;1;203 782 319;1;1;1;1;1949.0;3;1;-1;-1;28;6;2023;11:30;1;33;33413;1;3;1;3;44.84998693;-0.32750845;3;2;2;-1;1;2; -1;6;0;1;80;Indemne;2
202300029063;155 629 008;B01;1;0;2;8;1;5;203 782 320;1;1;3;1;1958.0;5;2;6;-1;28;6;2023;11:30;1;33;33413;1;3;1;3;44.84998693;-0.32750845;3;2;2;0;1;1; -1;1;0;1;80;Blessé hospitalisé;2
202300029063;155 629 008;B01;1;0;2;8;1;5;203 782 320;1;1;3;1;1958.0;5;2;6;-1;28;6;2023;11:30;1;33;33413;1;3;1;3;44.84998693;-0.32750845;3;2;2;-1;1;2; -1;6;0;1;80;Blessé hospitalisé;2
202300029075;155 628 982;A01;7;0;2;1;15;1;203 782 280;1;1;1;2;1979.0;5;1;0;-1;9;10;2023;10:20;1;37;37261;2;4;1;3;47.41217;0.70001;4;2;2;2;1;1; -1;1;5;1;50;Indemne;0
202300029075;155 628 982;A01;7;0;2;1;15;1;203 782 280;1;1;1;2;1979.0;5;1;0;-1;9;10;2023;10:20;1;37;37261;2;4;1;3;47.41217;0.70001;4;2;2;0;2;1; -1;1;5;1;50;Indemne;0
202300029075;155 628 983;B01;1;0;2;8;1;5;203 782 281;1;1;4;2;1946.0;5;8;0;-1;9;10;2023;10:20;1;37;37261;2;4;1;3;47.41217;0.70001;4;2;2;2;1;1; -1;1;5;1;50;Blessé léger;0
202300029075;155 628 983;B01;1;0;2;8;1;5;203 782 281;1;1;4;2;1946.0;5;8;0;-1;9;10;2023;10:20;1;37;37261;2;4;1;3;47.41217;0.70001;4;2;2;0;2;1; -1;1;5;1;50;Blessé léger;0
202300029081;155 628 969;A01;80;0;2;8;1;3;203 782 265;1;1;3;1;1972.0;9;0;-1;-1;9;10;2023;18:00;1;33;33063;2;3;1;3;44.86199724;-0.55604607;4;1;1;0;1;1; -1;1;0;1;50;Blessé hospitalisé;0
202300029081;155 628 969;A01;80;0;2;8;1;3;203 782 265;1;1;3;1;1972.0;9;0;-1;-1;9;10;2023;18:00;1;33;33063;2;3;1;3;44.86199724;-0.55604607;4;2;6;3;1;1; -1;1;5;1;50;Blessé hospitalisé;0
202300029081;155 628 970;B01;7;0;2;7;16;1;203 782 266;1;1;1;1;1980.0;1;1;-1;-1;9;10;2023;18:00;1;33;33063;2;3;1;3;44.86199724;-0.55604607;4;1;1;0;1;1; -1;1;0;1;50;Indemne;0
202300029081;155 628 970;B01;7;0;2;7;16;1;203 782 266;1;1;1;1;1980.0;1;1;-1;-1;9;10;2023;18:00;1;33;33063;2;3;1;3;44.86199724;-0.55604607;4;2;6;3;1;1; -1;1;5;1;50;Indemne;0
202300029081;155 628 970;B01;7;0;2;7;16;1;203 782 267;2;2;1;2;1979.0;9;1;0;0;9;10;2023;18:00;1;33;33063;2;3;1;3;44.86199724;-0.55604607;4;1;1;0;1;1; -1;1;0;1;50;Indemne;0
202300029081;155 628 970;B01;7;0;2;7;16;1;203 782 267;2;2;1;2;1979.0;9;1;0;0;9;10;2023;18:00;1;33;33063;2;3;1;3;44.86199724;-0.55604607;4;2;6;3;1;1; -1;1;5;1;50;Indemne;0
202300029081;155 628 970;B01;7;0;2;7;16;1;203 782 268;3;2;1;1;2015.0;5;-1;-1;-1;9;10;2023;18:00;1;33;33063;2;3;1;3;44.86199724;-0.55604607;4;1;1;0;1;1; -1;1;0;1;50;Indemne;0
202300029081;155 628 970;B01;7;0;2;7;16;1;203 782 268;3;2;1;1;2015.0;5;-1;-1;-1;9;10;2023;18:00;1;33;33063;2;3;1;3;44.86199724;-0.55604607;4;2;6;3;1;1; -1;1;5;1;50;Indemne;0
202300029083;155 628 965;A01;10;0;2;3;2;1;203 782 261;1;1;1;1;1964.0;1;1;8;-1;9;10;2023;12:10;1;31;31483;2;6;1;3;43.09515;0.73609;3;2;1;0;1;4;3,5;1;0;1;50;Indemne;0
202300029083;155 628 965;A01;10;0;2;3;2;1;203 782 261;1;1;1;1;1964.0;1;1;8;-1;9;10;2023;12:10;1;31;31483;2;6;1;3;43.09515;0.73609;3;1;1;0;1;3;3,5;1;0;1;50;Indemne;0
202300029083;155 628 966;B01;1;0;2;0;0;5;203 782 262;1;1;4;1;1981.0;5;2;6;-1;9;10;2023;12:10;1;31;31483;2;6;1;3;43.09515;0.73609;3;2;1;0;1;4;3,5;1;0;1;50;Blessé léger;0
202300029083;155 628 966;B01;1;0;2;0;0;5;203 782 262;1;1;4;1;1981.0;5;2;6;-1;9;10;2023;12:10;1;31;31483;2;6;1;3;43.09515;0.73609;3;1;1;0;1;3;3,5;1;0;1;50;Blessé léger;0
202300029089;155 628 954;B01;7;0;9;3;16;1;203 782 249;1;1;1;2;1997.0;0;1;0;-1;9;10;2023;07:36;5;29;29019;2;3;1;3;48.38839489;-4.51576978;4;4;2;1;1;1; -1;1;9;1;50;Indemne;0
202300029089;155 628 954;B01;7;0;9;3;16;1;203 782 249;1;1;1;2;1997.0;0;1;0;-1;9;10;2023;07:36;5;29;29019;2;3;1;3;48.38839489;-4.51576978;4;2;2;0;2;1; -1;1;0;1;50;Indemne;0
202300029089;155 628 955;A01;1;0;2;1;19;5;203 782 250;1;1;4;1;1976.0;0;8;0;-1;9;10;2023;07:36;5;29;29019;2;3;1;3;48.38839489;-4.51576978;4;4;2;1;1;1; -1;1;9;1;50;Blessé léger;0
202300029089;155 628 955;A01;1;0;2;1;19;5;203 782 250;1;1;4;1;1976.0;0;8;0;-1;9;10;2023;07:36;5;29;29019;2;3;1;3;48.38839489;-4.51576978;4;2;2;0;2;1; -1;1;0;1;50;Blessé léger;0
202300029092;155 628 948;B01;1;0;2;4;1;5;203 782 243;1;1;4;1;1965.0;5;2;0;-1;8;10;2023;08:25;1;19;19031;2;6;1;3;45.14464;1.47591;3;1;2;0;1;3;7;1;0;1;50;Blessé léger;6
202300029092;155 628 949;A01;7;0;2;2;9;1;203 782 244;1;1;1;1;1973.0;5;1;8;-1;8;10;2023;08:25;1;19;19031;2;6;1;3;45.14464;1.47591;3;1;2;0;1;3;7;1;0;1;50;Indemne;6
202300029104;155 628 926;A01;1;0;2;4;0;5;203 782 216;1;1;4;1;2012.0;5;8;0;-1;9;10;2023;18:00;1;07;07281;2;1;1;3;44.94862;4.84538;4;2;1;0;1;3; -1;1;0;1;50;Blessé léger;0
202300029104;155 628 927;B01;7;0;9;5;16;1;203 782 217;1;1;1;1;1971.0;0;8;0;-1;9;10;2023;18:00;1;07;07281;2;1;1;3;44.94862;4.84538;4;2;1;0;1;3; -1;1;0;1;50;Indemne;0
202300029108;155 628 921;A01;1;0;0;1;26;5;203 782 204;1;1;3;1;1987.0;5;8;0;-1;9;10;2023;13:20;1;04;04070;2;1;1;7;44.08159;6.22268;9;2;1;0;2;1; -1;1;0;1;50;Blessé hospitalisé;0
202300029115;155 628 908;A01;10;0;2;6;14;1;203 782 188;1;1;1;1;1977.0;4;1;0;-1;10;10;2023;08:45;1;75;75116;2;7;1;3;48.86453;2.301301;4;1; -1;-1;1;1; -1;1;0;1;-1;Indemne;1
202300029115;155 628 908;A01;10;0;2;6;14;1;203 782 188;1;1;1;1;1977.0;4;1;0;-1;10;10;2023;08:45;1;75;75116;2;7;1;3;48.86453;2.301301;4;1;4;0;1;3; -1;1;0;1;30;Indemne;1
202300029115;155 628 909;B01;1;0;2;1;1;5;203 782 189;1;1;4;2;1977.0;9;2;0;-1;10;10;2023;08:45;1;75;75116;2;7;1;3;48.86453;2.301301;4;1; -1;-1;1;1; -1;1;0;1;-1;Blessé léger;1
202300029115;155 628 909;B01;1;0;2;1;1;5;203 782 189;1;1;4;2;1977.0;9;2;0;-1;10;10;2023;08:45;1;75;75116;2;7;1;3;48.86453;2.301301;4;1;4;0;1;3; -1;1;0;1;30;Blessé léger;1
202300029118;155 628 904;A01;7;0;2;1;9;1;203 782 184;1;1;1;1;1973.0;5;1;8;-1;10;10;2023;16:10;1;75;75113;2;9;1;3;48.825743;2.363021;4;1;1;1;2;1; -1;1;0;5;30;Indemne;1
202300029118;155 628 905;B01;1;0;2;7;5;5;203 782 185;1;1;4;1;1966.0;5;2;0;-1;10;10;2023;16:10;1;75;75113;2;9;1;3;48.825743;2.363021;4;1;1;1;2;1; -1;1;0;5;30;Blessé léger;1
202300029119;155 628 902;A01;7;0;2;3;16;1;203 782 182;1;1;1;1;1991.0;9;8;8;-1;10;10;2023;11:25;1;75;75112;2;1;1;3;48.84389;2.373163;4;2;4;1;1;1; -1;1;0;5;30;Indemne;1
202300029119;155 628 903;B01;80;0;2;1;1;3;203 782 183;1;1;4;1;2000.0;5;2;8;-1;10;10;2023;11:25;1;75;75112;2;1;1;3;48.84389;2.373163;4;2;4;1;1;1; -1;1;0;5;30;Blessé léger;1
202300029124;155 628 892;A01;50;0;2;1;13;3;203 782 172;1;1;4;1;1983.0;9;8;0;-1;10;10;2023;09:50;1;75;75108;2;7;1;1;48.86421248;2.3018074;4;2; -1;-1;1;1; -1;1;0;5;-1;Blessé léger;1
202300029124;155 628 892;A01;50;0;2;1;13;3;203 782 172;1;1;4;1;1983.0;9;8;0;-1;10;10;2023;09:50;1;75;75108;2;7;1;1;48.86421248;2.3018074;4;2;2;1;1;1; -1;1;0;5;30;Blessé léger;1
202300029124;155 628 893;B01;80;0;2;1;1;3;203 782 173;1;1;4;2;1988.0;9;2;0;-1;10;10;2023;09:50;1;75;75108;2;7;1;1;48.86421248;2.3018074;4;2; -1;-1;1;1; -1;1;0;5;-1;Blessé léger;1
202300029124;155 628 893;B01;80;0;2;1;1;3;203 782 173;1;1;4;2;1988.0;9;2;0;-1;10;10;2023;09:50;1;75;75108;2;7;1;1;48.86421248;2.3018074;4;2;2;1;1;1; -1;1;0;5;30;Blessé léger;1
202300029125;155 628 890;B01;37;0;2;5;17;1;203 782 170;1;1;4;2;1982.0;4;1;0;-1;9;10;2023;17:45;1;75;75107;2;3;1;2;48.848832;2.31142;4;1;1;0;1;1; -1;1;0;1;30;Blessé léger;0
202300029125;155 628 890;B01;37;0;2;5;17;1;203 782 170;1;1;4;2;1982.0;4;1;0;-1;9;10;2023;17:45;1;75;75107;2;3;1;2;48.848832;2.31142;4;-1; -1;0;1;1; -1;1;0;1;30;Blessé léger;0
202300029125;155 628 891;A01;1;0;2;3;21;5;203 782 171;1;1;4;2;1994.0;1;8;0;-1;9;10;2023;17:45;1;75;75107;2;3;1;2;48.848832;2.31142;4;1;1;0;1;1; -1;1;0;1;30;Blessé léger;0
202300029125;155 628 891;A01;1;0;2;3;21;5;203 782 171;1;1;4;2;1994.0;1;8;0;-1;9;10;2023;17:45;1;75;75107;2;3;1;2;48.848832;2.31142;4;-1; -1;0;1;1; -1;1;0;1;30;Blessé léger;0