Num_Acc;id_vehicule;num_veh;catv;obs;obsm;choc;manv;motor;id_usager;place;catu;grav;sexe;an_nais;trajet;secu1;secu2;secu3;jour;mois;an;hrmn;lum;dep;com;agg;int;atm;col;lat;long;catr;circ;nbv;vosp;prof;plan;larrout;surf;infra;situ;vma;gravity;day_of_week
202300029127;155 628 886;A01;1;0;1;1;1;5;203 782 165;1;1;1;2;2000.0;9;8;0;-1;10;10;2023;14:30;1;75;75101;2;2;1;6;48.859632;2.34481;4;2;3;1;1;1; -1;1;0;5;30;Indemne;1
202300029127;155 628 886;A01;1;0;1;1;1;5;203 782 165;1;1;1;2;2000.0;9;8;0;-1;10;10;2023;14:30;1;75;75101;2;2;1;6;48.859632;2.34481;4;1;1;0;1;1; -1;1;0;5;30;Indemne;1
202300029127;155 628 886;A01;1;0;1;1;1;5;203 782 166;10;3;4;2;1994.0;9;0;-1;-1;10;10;2023;14:30;1;75;75101;2;2;1;6;48.859632;2.34481;4;2;3;1;1;1; -1;1;0;5;30;Blessé léger;1
202300029127;155 628 886;A01;1;0;1;1;1;5;203 782 166;10;3;4;2;1994.0;9;0;-1;-1;10;10;2023;14:30;1;75;75101;2;2;1;6;48.859632;2.34481;4;1;1;0;1;1; -1;1;0;5;30;Blessé léger;1
202300029128;155 628 885;B01;80;0;2;1;1;3;203 782 164;1;1;4;1;2001.0;1;8;0;-1;10;10;2023;13:35;1;75;75101;2;3;1;3;48.862469;2.350437;4;3;4;1;1;1; -1;1;0;1;30;Blessé léger;1
202300029128;155 628 885;B01;80;0;2;1;1;3;203 782 164;1;1;4;1;2001.0;1;8;0;-1;10;10;2023;13:35;1;75;75101;2;3;1;3;48.862469;2.350437;4;1;1;0;1;1; -1;1;0;1;30;Blessé léger;1
202300029129;155 628 883;A01;1;0;1;1;1;5;203 782 161;10;3;4;2;1960.0;4;0;-1;-1;10;10;2023;09:30;1;75;75103;2;2;1;6;48.866844;2.361909;4;2;2;1;1;1; -1;1;0;5;30;Blessé léger;1
202300029129;155 628 883;A01;1;0;1;1;1;5;203 782 161;10;3;4;2;1960.0;4;0;-1;-1;10;10;2023;09:30;1;75;75103;2;2;1;6;48.866844;2.361909;4;1;3;3;1;1; -1;1;0;5;30;Blessé léger;1
202300029129;155 628 883;A01;1;0;1;1;1;5;203 782 162;1;1;1;2;1997.0;4;8;0;-1;10;10;2023;09:30;1;75;75103;2;2;1;6;48.866844;2.361909;4;2;2;1;1;1; -1;1;0;5;30;Indemne;1
202300029129;155 628 883;A01;1;0;1;1;1;5;203 782 162;1;1;1;2;1997.0;4;8;0;-1;10;10;2023;09:30;1;75;75103;2;2;1;6;48.866844;2.361909;4;1;3;3;1;1; -1;1;0;5;30;Indemne;1
202300029140;155 628 865;B01;1;0;2;0;15;5;203 782 137;1;1;4;1;2005.0;9;8;0;-1;9;10;2023;21:20;5;93;93071;2;3;1;3;48.94228;2.53269;4;2;2;0;1;1; -1;1;0;1;50;Blessé léger;0
202300029140;155 628 865;B01;1;0;2;0;15;5;203 782 137;1;1;4;1;2005.0;9;8;0;-1;9;10;2023;21:20;5;93;93071;2;3;1;3;48.94228;2.53269;4;1;1;0;1;1; -1;1;0;8;50;Blessé léger;0
202300029140;155 628 866;A01;10;0;2;3;16;1;203 782 138;1;1;1;1;1989.0;4;1;8;-1;9;10;2023;21:20;5;93;93071;2;3;1;3;48.94228;2.53269;4;2;2;0;1;1; -1;1;0;1;50;Indemne;0
202300029140;155 628 866;A01;10;0;2;3;16;1;203 782 138;1;1;1;1;1989.0;4;1;8;-1;9;10;2023;21:20;5;93;93071;2;3;1;3;48.94228;2.53269;4;1;1;0;1;1; -1;1;0;8;50;Indemne;0
202300029147;155 628 854;C01;31;0;2;7;1;0;203 782 123;1;1;1;1;1980.0;9;2;0;-1;10;10;2023;13:30;1;92;92051;2;1;1;3;48.89398568;2.26802149;4;3;2;0;1;1; -1;1;0;1;-1;Indemne;1
202300029147;155 628 855;A01;1;0;2;7;1;5;203 782 124;1;1;4;1;1989.0;0;2;0;-1;10;10;2023;13:30;1;92;92051;2;1;1;3;48.89398568;2.26802149;4;3;2;0;1;1; -1;1;0;1;-1;Blessé léger;1
202300029153;155 628 842;B01;1;0;2;7;26;5;203 782 109;1;1;3;2;1981.0;5;8;-1;-1;10;10;2023;11:48;1;17;17094;2;6;1;3;46.076878;-1.088076;3;-1;2;2;1;2; -1;1;0;8;50;Blessé hospitalisé;1
202300029153;155 628 843;A01;10;0;2;3;26;1;203 782 110;1;1;1;1;1968.0;4;1;-1;-1;10;10;2023;11:48;1;17;17094;2;6;1;3;46.076878;-1.088076;3;-1;2;2;1;2; -1;1;0;8;50;Indemne;1
202300029157;155 628 836;A01;16;0;9;5;1;1;203 782 101;1;1;1;1;1977.0;4;1;-1;-1;10;10;2023;08:50;1;84;84149;2;1;1;3;44.168787;4.960589;3;2;2;0;1;1;7;1;0;1;50;Indemne;1
202300029157;155 628 837;B01;1;0;2;0;1;5;203 782 102;1;1;2;1;1936.0;0;0;-1;-1;10;10;2023;08:50;1;84;84149;2;1;1;3;44.168787;4.960589;3;2;2;0;1;1;7;1;0;1;50;Tué;1
202300029169;155 628 819;A01;36;0;2;1;13;1;203 782 080;1;1;1;1;1995.0;5;1;-1;-1;11;10;2023;11:50;1;35;35187;1;4;1;1;48.078457;-1.960502;4;2;2;0;1;3; -1;1;0;1;80;Indemne;2
202300029169;155 628 819;A01;36;0;2;1;13;1;203 782 080;1;1;1;1;1995.0;5;1;-1;-1;11;10;2023;11:50;1;35;35187;1;4;1;1;48.078457;-1.960502;4;2;2;0;2;2; -1;1;0;1;80;Indemne;2
202300029169;155 628 820;B01;1;0;2;1;1;5;203 782 081;1;1;4;1;1961.0;5;2;-1;-1;11;10;2023;11:50;1;35;35187;1;4;1;1;48.078457;-1.960502;4;2;2;0;1;3; -1;1;0;1;80;Blessé léger;2
202300029169;155 628 820;B01;1;0;2;1;1;5;203 782 081;1;1;4;1;1961.0;5;2;-1;-1;11;10;2023;11:50;1;35;35187;1;4;1;1;48.078457;-1.960502;4;2;2;0;2;2; -1;1;0;1;80;Blessé léger;2
202300029181;155 628 803;A01;7;0;2;1;19;1;203 782 056;1;1;1;2;1981.0;1;1;-1;-1;10;10;2023;16:53;1;17;17483;1;2;7;1;46.015933;-1.049615;4;2;2;0;1;1;7;1;5;1;90;Indemne;1
202300029181;155 628 803;A01;7;0;2;1;19;1;203 782 056;1;1;1;2;1981.0;1;1;-1;-1;10;10;2023;16:53;1;17;17483;1;2;7;1;46.015933;-1.049615;4;2;2;-1;1;1; -1;1;5;1;50;Indemne;1
202300029181;155 628 804;B01;1;0;2;6;1;5;203 782 057;1;1;3;1;1937.0;5;2;-1;-1;10;10;2023;16:53;1;17;17483;1;2;7;1;46.015933;-1.049615;4;2;2;0;1;1;7;1;5;1;90;Blessé hospitalisé;1
202300029181;155 628 804;B01;1;0;2;6;1;5;203 782 057;1;1;3;1;1937.0;5;2;-1;-1;10;10;2023;16:53;1;17;17483;1;2;7;1;46.015933;-1.049615;4;2;2;-1;1;1; -1;1;5;1;50;Blessé hospitalisé;1
202300029190;155 628 785;A01;1;0;0;0;0;5;203 782 033;1;1;3;2;1972.0;1;0;-1;-1;11;10;2023;07:10;2;83;83035;2;1;8;7;43.180993;5.776526;3;3;0;0;2;1;0;1;0;1;50;Blessé hospitalisé;2
202300029201;155 628 766;A01;1;0;2;8;13;5;203 782 011;1;1;3;1;1965.0;5;2;-1;-1;10;10;2023;20:00;3;49;49332;1;1;1;3;47.093613;-0.92209;3;2;2;0;1;1;5,5;1;0;1;90;Blessé hospitalisé;1
202300029201;155 628 767;B01;21;0;9;6;1;1;203 782 012;1;1;1;1;2003.0;5;0;-1;-1;10;10;2023;20:00;3;49;49332;1;1;1;3;47.093613;-0.92209;3;2;2;0;1;1;5,5;1;0;1;90;Indemne;1
202300029235;155 628 698;A01;1;0;0;8;1;5;203 781 932;1;1;4;2;2007.0;2;8;0;-1;9;10;2023;17:45;1;75;75115;2;3;1;7;48.83971;2.283147;4;-1; -1;1;1;1; -1;1;0;5;30;Blessé léger;0
202300029235;155 628 698;A01;1;0;0;8;1;5;203 781 932;1;1;4;2;2007.0;2;8;0;-1;9;10;2023;17:45;1;75;75115;2;3;1;7;48.83971;2.283147;4;1;0;1;1;1; -1;1;0;5;30;Blessé léger;0
202300029238;155 628 694;A01;7;0;0;4;23;1;203 781 927;1;1;1;1;1978.0;9;1;0;-1;9;10;2023;18:00;1;75;75110;2;2;1;2;48.881616;2.365797;4;-1; -1;0;1;1; -1;1;0;1;30;Indemne;0
202300029238;155 628 694;A01;7;0;0;4;23;1;203 781 927;1;1;1;1;1978.0;9;1;0;-1;9;10;2023;18:00;1;75;75110;2;2;1;2;48.881616;2.365797;4;2;4;0;1;1; -1;1;0;1;30;Indemne;0
202300029238;155 628 695;B01;1;0;2;1;1;5;203 781 928;1;1;4;1;1998.0;9;2;0;-1;9;10;2023;18:00;1;75;75110;2;2;1;2;48.881616;2.365797;4;-1; -1;0;1;1; -1;1;0;1;30;Blessé léger;0
202300029238;155 628 695;B01;1;0;2;1;1;5;203 781 928;1;1;4;1;1998.0;9;2;0;-1;9;10;2023;18:00;1;75;75110;2;2;1;2;48.881616;2.365797;4;2;4;0;1;1; -1;1;0;1;30;Blessé léger;0
202300029239;155 628 692;B01;7;0;2;7;1;1;203 781 923;1;1;1;1;1994.0;4;1;8;-1;9;10;2023;00:40;5;75;75110;2;1;1;3;48.869611;2.367;4;1;2;1;1;1; -1;1;0;1;30;Indemne;0
202300029239;155 628 692;B01;7;0;2;7;1;1;203 781 924;2;2;1;2;1991.0;5;1;8;-1;9;10;2023;00:40;5;75;75110;2;1;1;3;48.869611;2.367;4;1;2;1;1;1; -1;1;0;1;30;Indemne;0
202300029239;155 628 692;B01;7;0;2;7;1;1;203 781 925;2;2;1;1;1989.0;5;1;8;-1;9;10;2023;00:40;5;75;75110;2;1;1;3;48.869611;2.367;4;1;2;1;1;1; -1;1;0;1;30;Indemne;0
202300029239;155 628 693;A01;80;0;2;8;13;3;203 781 926;1;1;4;1;1992.0;5;8;0;-1;9;10;2023;00:40;5;75;75110;2;1;1;3;48.869611;2.367;4;1;2;1;1;1; -1;1;0;1;30;Blessé léger;0
202300029240;155 628 690;A01;7;0;2;2;16;1;203 781 921;1;1;1;2;2000.0;5;1;0;-1;8;10;2023;22:15;5;75;75109;2;5;1;3;48.879634;2.327042;4;1; -1;-1;1;1; -1;1;0;1;30;Indemne;6
202300029240;155 628 690;A01;7;0;2;2;16;1;203 781 921;1;1;1;2;2000.0;5;1;0;-1;8;10;2023;22:15;5;75;75109;2;5;1;3;48.879634;2.327042;4;1;1;1;2;1; -1;1;5;1;30;Indemne;6
202300029240;155 628 691;B01;1;14;2;2;2;5;203 781 922;1;1;4;1;1994.0;5;8;0;-1;8;10;2023;22:15;5;75;75109;2;5;1;3;48.879634;2.327042;4;1; -1;-1;1;1; -1;1;0;1;30;Blessé léger;6
202300029240;155 628 691;B01;1;14;2;2;2;5;203 781 922;1;1;4;1;1994.0;5;8;0;-1;8;10;2023;22:15;5;75;75109;2;5;1;3;48.879634;2.327042;4;1;1;1;2;1; -1;1;5;1;30;Blessé léger;6
202300029241;155 628 688;A01;1;0;2;8;5;5;203 781 919;1;1;4;1;1979.0;9;8;8;-1;9;10;2023;01:09;3;75;75107;2;1;1;3;48.852081;2.30763;4;3;0;0;1;1; -1;1;0;1;30;Blessé léger;0
202300029241;155 628 689;B01;7;0;2;6;2;3;203 781 920;1;1;1;1;1973.0;4;1;0;-1;9;10;2023;01:09;3;75;75107;2;1;1;3;48.852081;2.30763;4;3;0;0;1;1; -1;1;0;1;30;Indemne;0
202300029255;155 628 666;B01;1;0;2;1;1;5;203 781 890;1;1;4;1;1969.0;1;0;-1;-1;9;10;2023;07:30;2;93;93031;2;3;1;3;48.962104;2.310959;4;2;2;0;1;1; -1;1;0;1;50;Blessé léger;0
202300029255;155 628 666;B01;1;0;2;1;1;5;203 781 890;1;1;4;1;1969.0;1;0;-1;-1;9;10;2023;07:30;2;93;93031;2;3;1;3;48.962104;2.310959;4;2;2;0;1;1; -1;1;0;1;50;Blessé léger;0
202300029255;155 628 667;A01;7;0;2;3;9;1;203 781 891;1;1;1;1;1947.0;5;1;0;-1;9;10;2023;07:30;2;93;93031;2;3;1;3;48.962104;2.310959;4;2;2;0;1;1; -1;1;0;1;50;Indemne;0
202300029255;155 628 667;A01;7;0;2;3;9;1;203 781 891;1;1;1;1;1947.0;5;1;0;-1;9;10;2023;07:30;2;93;93031;2;3;1;3;48.962104;2.310959;4;2;2;0;1;1; -1;1;0;1;50;Indemne;0
202300029291;155 628 607;A01;80;0;0;0;1;3;203 781 799;1;1;3;1;1988.0;9;2;0;-1;18;1;2023;08:35;1;973;97302;2;1;1;6;4.92794;-52.31392;4;2;2;0;1;1; -1;1;0;1;50;Blessé hospitalisé;2
202300029291;155 628 607;A01;80;0;0;0;1;3;203 781 801;2;2;3;2;1988.0;1;2;0;-1;18;1;2023;08:35;1;973;97302;2;1;1;6;4.92794;-52.31392;4;2;2;0;1;1; -1;1;0;1;50;Blessé hospitalisé;2
202300029298;155 628 598;A01;1;12;0;1;20;5;203 781 788;1;1;4;1;1998.0;5;8;-1;-1;21;1;2023;06:00;5;69;69388;2;1;4;6;45.74034;4.88797;4;2;2;3;1;1; -1;2;0;1;50;Blessé léger;5
202300029308;155 628 584;A01;1;0;2;4;0;5;203 781 766;1;1;2;1;1998.0;0;8;8;-1;20;1;2023;19:15;4;971;97113;1;1;1;2;16.21679;-61.51826;4;-1;2;0;2;1; -1;1;0;4;50;Tué;4
202300029319;155 628 558;B01;80;0;2;0;0;3;203 781 732;1;1;4;1;2006.0;1;8;-1;-1;21;1;2023;20:00;5;76;76319;2;9;1;3;49.347776;0.99179;7;2;2;0;1;1; -1;1;0;1;50;Blessé léger;5
202300029319;155 628 559;A01;7;0;2;3;9;1;203 781 733;1;1;1;1;1974.0;1;1;-1;-1;21;1;2023;20:00;5;76;76319;2;9;1;3;49.347776;0.99179;7;2;2;0;1;1; -1;1;0;1;50;Indemne;5
202300029331;155 628 535;B01;37;0;2;2;1;1;203 781 702;1;1;1;1;1991.0;4;1;0;-1;21;1;2023;16:30;1;56;56162;2;6;1;3;47.74105;-3.40645;3;2;4;3;2;1; -1;1;5;1;50;Indemne;5
202300029331;155 628 536;A01;1;0;2;3;9;5;203 781 704;1;1;4;1;1974.0;5;2;8;-1;21;1;2023;16:30;1;56;56162;2;6;1;3;47.74105;-3.40645;3;2;4;3;2;1; -1;1;5;1;50;Blessé léger;5
202300029355;155 628 502;A01;1;0;2;4;1;5;203 781 656;1;1;4;1;1962.0;0;0;-1;-1;21;1;2023;06:40;5;33;33063;2;2;5;3;44.86007;-0.5541;4;4;6;3;1;1; -1;1;5;1;50;Blessé léger;5
202300029355;155 628 502;A01;1;0;2;4;1;5;203 781 656;1;1;4;1;1962.0;0;0;-1;-1;21;1;2023;06:40;5;33;33063;2;2;5;3;44.86007;-0.5541;4;3;6;0;1;1; -1;1;5;1;50;Blessé léger;5
202300029355;155 628 504;Z01;7;0;2;1;1;1;203 781 658;1;1;1;1;1997.0;5;1;-1;-1;21;1;2023;06:40;5;33;33063;2;2;5;3;44.86007;-0.5541;4;4;6;3;1;1; -1;1;5;1;50;Indemne;5
202300029355;155 628 504;Z01;7;0;2;1;1;1;203 781 658;1;1;1;1;1997.0;5;1;-1;-1;21;1;2023;06:40;5;33;33063;2;2;5;3;44.86007;-0.5541;4;3;6;0;1;1; -1;1;5;1;50;Indemne;5
202300029364;155 628 483;A01;7;0;2;3;9;1;203 781 632;1;1;1;2;1952.0;9;8;0;-1;16;1;2023;16:26;1;22;22360;2;6;1;3;48.49349;-2.73784;4;2;2;0;1;1; -1;2;5;1;50;Indemne;0
202300029364;155 628 483;A01;7;0;2;3;9;1;203 781 632;1;1;1;2;1952.0;9;8;0;-1;16;1;2023;16:26;1;22;22360;2;6;1;3;48.49349;-2.73784;4;2;2;0;1;1; -1;2;5;1;50;Indemne;0
202300029364;155 628 484;B01;1;0;2;9;1;5;203 781 635;1;1;4;1;1960.0;5;2;6;-1;16;1;2023;16:26;1;22;22360;2;6;1;3;48.49349;-2.73784;4;2;2;0;1;1; -1;2;5;1;50;Blessé léger;0
202300029364;155 628 484;B01;1;0;2;9;1;5;203 781 635;1;1;4;1;1960.0;5;2;6;-1;16;1;2023;16:26;1;22;22360;2;6;1;3;48.49349;-2.73784;4;2;2;0;1;1; -1;2;5;1;50;Blessé léger;0
202300029397;155 628 428;B01;1;0;2;1;26;5;203 781 567;1;1;4;2;1969.0;1;8;0;-1;4;5;2023;14:00;1;74;74010;2;2;1;3;45.90301;6.12945;4;2;3;1;1;1; -1;1;9;5;30;Blessé léger;3
202300029397;155 628 428;B01;1;0;2;1;26;5;203 781 567;1;1;4;2;1969.0;1;8;0;-1;4;5;2023;14:00;1;74;74010;2;2;1;3;45.90301;6.12945;4;2;3;2;1;1; -1;1;9;5;30;Blessé léger;3
202300029397;155 628 430;A01;7;1;2;2;9;1;203 781 569;1;1;1;2;1983.0;1;1;0;-1;4;5;2023;14:00;1;74;74010;2;2;1;3;45.90301;6.12945;4;2;3;1;1;1; -1;1;9;5;30;Indemne;3
202300029397;155 628 430;A01;7;1;2;2;9;1;203 781 569;1;1;1;2;1983.0;1;1;0;-1;4;5;2023;14:00;1;74;74010;2;2;1;3;45.90301;6.12945;4;2;3;2;1;1; -1;1;9;5;30;Indemne;3
202300029398;155 628 426;A01;7;0;9;1;19;0;203 781 565;1;1;1;2;1992.0;0;1;0;-1;21;1;2023;13:50;1;92;92012;2;1;1;3;48.83935;2.23754;4;1;2;2;1;1; -1;1;0;1;30;Indemne;5
202300029398;155 628 427;B01;80;0;2;1;1;3;203 781 566;1;1;3;1;1985.0;0;2;0;-1;21;1;2023;13:50;1;92;92012;2;1;1;3;48.83935;2.23754;4;1;2;2;1;1; -1;1;0;1;30;Blessé hospitalisé;5
202300029404;155 628 410;B01;1;0;2;1;1;5;203 781 547;1;1;3;1;2002.0;5;2;-1;-1;21;1;2023;15:00;1;22;22206;1;1;1;5;48.558872;-2.999246;3;2;2;0;1;1; -1;1;0;1;-1;Blessé hospitalisé;5
202300029404;155 628 411;D01;1;0;2;1;1;5;203 781 548;1;1;3;1;2009.0;5;2;-1;-1;21;1;2023;15:00;1;22;22206;1;1;1;5;48.558872;-2.999246;3;2;2;0;1;1; -1;1;0;1;-1;Blessé hospitalisé;5
202300029404;155 628 413;A01;7;0;2;3;13;1;203 781 550;1;1;1;1;1991.0;5;1;-1;-1;21;1;2023;15:00;1;22;22206;1;1;1;5;48.558872;-2.999246;3;2;2;0;1;1; -1;1;0;1;-1;Indemne;5
202300029404;155 628 415;C01;1;0;2;1;1;5;203 781 552;1;1;3;1;1981.0;5;2;-1;-1;21;1;2023;15:00;1;22;22206;1;1;1;5;48.558872;-2.999246;3;2;2;0;1;1; -1;1;0;1;-1;Blessé hospitalisé;5
202300029423;155 628 380;B01;1;0;2;7;1;5;203 781 496;1;1;4;1;1972.0;1;0;-1;-1;18;1;2023;07:33;2;68;68156;2;3;4;3;47.897294;7.230594;3;2;2;0;1;1; -1;2;0;1;50;Blessé léger;2
202300029423;155 628 380;B01;1;0;2;7;1;5;203 781 496;1;1;4;1;1972.0;1;0;-1;-1;18;1;2023;07:33;2;68;68156;2;3;4;3;47.897294;7.230594;3;2; -1;-1;1;1; -1;2;0;1;-1;Blessé léger;2
202300029423;155 628 381;A01;7;0;2;1;15;1;203 781 497;1;1;1;1;1962.0;5;1;-1;-1;18;1;2023;07:33;2;68;68156;2;3;4;3;47.897294;7.230594;3;2;2;0;1;1; -1;2;0;1;50;Indemne;2
202300029423;155 628 381;A01;7;0;2;1;15;1;203 781 497;1;1;1;1;1962.0;5;1;-1;-1;18;1;2023;07:33;2;68;68156;2;3;4;3;47.897294;7.230594;3;2; -1;-1;1;1; -1;2;0;1;-1;Indemne;2
202300029426;155 628 375;A01;7;0;9;3;1;2;203 781 490;1;1;1;2;1972.0;5;1;0;-1;29;7;2023;11:19;1;86;86066;2;6;3;1;46.811375;0.54382;4;2;2;0;1;1; -1;2;5;1;30;Indemne;5
202300029426;155 628 376;B01;1;0;2;8;1;5;203 781 491;1;1;4;1;1932.0;5;8;0;-1;29;7;2023;11:19;1;86;86066;2;6;3;1;46.811375;0.54382;4;2;2;0;1;1; -1;2;5;1;30;Blessé léger;5
202300029439;155 628 351;B01;1;0;2;8;1;5;203 781 462;1;1;4;1;1958.0;5;0;-1;-1;22;1;2023;12:00;1;31;31157;2;1;1;3;43.553117;1.356745;7;-1;3;1;1;1; -1;1;0;5;50;Blessé léger;6
202300029439;155 628 352;A01;7;0;2;1;9;1;203 781 463;1;1;1;1;1964.0;3;1;-1;-1;22;1;2023;12:00;1;31;31157;2;1;1;3;43.553117;1.356745;7;-1;3;1;1;1; -1;1;0;5;50;Indemne;6
202300029456;155 628 322;C01;1;0;2;1;1;5;203 781 405;1;1;4;1;1968.0;1;2;0;-1;31;7;2023;17:50;1;45;45302;2;6;2;5;47.95595201;1.84663653;4;3;2;2;1;1; -1;2;0;1;50;Blessé léger;0
202300029456;155 628 323;B01;1;0;2;8;1;5;203 781 406;1;1;4;1;1973.0;1;2;0;-1;31;7;2023;17:50;1;45;45302;2;6;2;5;47.95595201;1.84663653;4;3;2;2;1;1; -1;2;0;1;50;Blessé léger;0
202300029456;155 628 324;A01;7;0;2;1;16;1;203 781 408;1;1;1;1;1975.0;1;1;0;-1;31;7;2023;17:50;1;45;45302;2;6;2;5;47.95595201;1.84663653;4;3;2;2;1;1; -1;2;0;1;50;Indemne;0
202300029459;155 628 318;A01;7;0;2;2;15;1;203 781 396;1;1;1;1;1961.0;5;1;-1;-1;31;7;2023;16:30;1;35;35238;2;3;3;3;48.1074;-1.67458;4;2;2;3;1;1; -1;2;0;1;50;Indemne;0
202300029459;155 628 318;A01;7;0;2;2;15;1;203 781 396;1;1;1;1;1961.0;5;1;-1;-1;31;7;2023;16:30;1;35;35238;2;3;3;3;48.1074;-1.67458;4;2;2;0;2;1; -1;2;0;1;50;Indemne;0
202300029459;155 628 318;A01;7;0;2;2;15;1;203 781 397;2;2;1;2;1959.0;5;1;-1;-1;31;7;2023;16:30;1;35;35238;2;3;3;3;48.1074;-1.67458;4;2;2;3;1;1; -1;2;0;1;50;Indemne;0
202300029459;155 628 318;A01;7;0;2;2;15;1;203 781 397;2;2;1;2;1959.0;5;1;-1;-1;31;7;2023;16:30;1;35;35238;2;3;3;3;48.1074;-1.67458;4;2;2;0;2;1; -1;2;0;1;50;Indemne;0
202300029459;155 628 320;B01;1;0;2;1;1;5;203 781 399;1;1;4;2;1997.0;5;0;-1;-1;31;7;2023;16:30;1;35;35238;2;3;3;3;48.1074;-1.67458;4;2;2;3;1;1; -1;2;0;1;50;Blessé léger;0
202300029459;155 628 320;B01;1;0;2;1;1;5;203 781 399;1;1;4;2;1997.0;5;0;-1;-1;31;7;2023;16:30;1;35;35238;2;3;3;3;48.1074;-1.67458;4;2;2;0;2;1; -1;2;0;1;50;Blessé léger;0
202300029498;155 628 253;A01;7;0;2;3;1;2;203 781 304;2;2;1;1;1992.0;5;1;0;-1;30;7;2023;18:50;1;06;06004;2;1;1;3;43.57071;7.09239;4;2;2;0;1;1; -1;1;0;1;50;Indemne;6
202300029498;155 628 253;A01;7;0;2;3;1;2;203 781 305;1;1;1;1;1990.0;5;1;8;-1;30;7;2023;18:50;1;06;06004;2;1;1;3;43.57071;7.09239;4;2;2;0;1;1; -1;1;0;1;50;Indemne;6
202300029498;155 628 255;B01;80;0;2;1;13;3;203 781 307;1;1;3;1;1970.0;5;8;0;-1;30;7;2023;18:50;1;06;06004;2;1;1;3;43.57071;7.09239;4;2;2;0;1;1; -1;1;0;1;50;Blessé hospitalisé;6
202300029505;155 628 243;A01;1;0;1;1;7;5;203 781 292;1;1;1;1;1989.0;5;2;6;-1;31;7;2023;15:00;1;75;75114;2;3;2;6;48.826913;2.326509;4;2;2;0;1;1; -1;2;0;1;30;Indemne;0
202300029505;155 628 243;A01;1;0;1;1;7;5;203 781 292;1;1;1;1;1989.0;5;2;6;-1;31;7;2023;15:00;1;75;75114;2;3;2;6;48.826913;2.326509;4;-1; -1;0;1;1; -1;2;0;1;30;Indemne;0
202300029505;155 628 243;A01;1;0;1;1;7;5;203 781 294;10;3;4;2;1948.0;5;8;8;-1;31;7;2023;15:00;1;75;75114;2;3;2;6;48.826913;2.326509;4;2;2;0;1;1; -1;2;0;1;30;Blessé léger;0
202300029505;155 628 243;A01;1;0;1;1;7;5;203 781 294;10;3;4;2;1948.0;5;8;8;-1;31;7;2023;15:00;1;75;75114;2;3;2;6;48.826913;2.326509;4;-1; -1;0;1;1; -1;2;0;1;30;Blessé léger;0
202300029506;155 628 239;A01;7;0;2;2;1;1;203 781 287;1;1;1;2;1939.0;0;1;-1;-1;22;1;2023;16:30;2;83;83028;1;1;1;2;43.574204;6.564744;3;2;2;0;1;1; -1;1;0;1;80;Indemne;6
202300029506;155 628 240;B01;1;0;0;4;1;5;203 781 289;1;1;3;1;1998.0;0;2;-1;-1;22;1;2023;16:30;2;83;83028;1;1;1;2;43.574204;6.564744;3;2;2;0;1;1; -1;1;0;1;80;Blessé hospitalisé;6
202300029511;155 628 230;A01;1;0;2;1;1;5;203 781 275;1;1;4;1;1993.0;1;0;-1;-1;31;7;2023;11:45;1;75;75113;2;1;2;3;48.819777;2.372808;4;1;6;1;1;1; -1;2;0;5;30;Blessé léger;0
202300029511;155 628 231;B01;7;0;2;2;22;1;203 781 276;2;2;1;1;1960.0;4;0;-1;-1;31;7;2023;11:45;1;75;75113;2;1;2;3;48.819777;2.372808;4;1;6;1;1;1; -1;2;0;5;30;Indemne;0
202300029511;155 628 231;B01;7;0;2;2;22;1;203 781 277;1;1;1;1;1966.0;4;1;-1;-1;31;7;2023;11:45;1;75;75113;2;1;2;3;48.819777;2.372808;4;1;6;1;1;1; -1;2;0;5;30;Indemne;0
202300029517;155 628 217;A01;1;0;2;1;5;5;203 781 259;1;1;1;1;1970.0;1;2;8;-1;31;7;2023;17:00;1;94;94015;2;1;2;1;48.842553;2.51263;4;1;1;1;1;4; -1;2;0;5;30;Indemne;0
202300029517;155 628 220;B01;1;0;2;1;1;5;203 781 261;1;1;4;1;1969.0;1;2;8;-1;31;7;2023;17:00;1;94;94015;2;1;2;1;48.842553;2.51263;4;1;1;1;1;4; -1;2;0;5;30;Blessé léger;0
202300029520;155 628 213;A01;7;0;9;2;1;1;203 781 254;1;1;1;1;1953.0;5;1;4;-1;31;7;2023;17:45;1;94;94046;2;1;2;3;48.81422452;2.4291088;4;1;1;2;1;1; -1;2;0;1;50;Indemne;0
202300029520;155 628 213;A01;7;0;9;2;1;1;203 781 256;2;2;1;1;1955.0;5;1;4;-1;31;7;2023;17:45;1;94;94046;2;1;2;3;48.81422452;2.4291088;4;1;1;2;1;1; -1;2;0;1;50;Indemne;0
202300029520;155 628 215;B01;1;0;9;0;0;5;203 781 257;1;1;4;1;1992.0;5;2;0;-1;31;7;2023;17:45;1;94;94046;2;1;2;3;48.81422452;2.4291088;4;1;1;2;1;1; -1;2;0;1;50;Blessé léger;0
202300029532;155 628 196;A01;1;0;0;0;1;5;203 781 230;1;1;2;1;1952.0;5;2;-1;-1;22;1;2023;14:45;1;13;13080;2;1;1;7;43.64757;5.421799;3;2;2;0;2;1; -1;1;0;1;30;Tué;6
202300029547;155 628 172;A01;1;0;1;1;1;5;203 781 199;10;3;4;1;1949.0;9;0;-1;-1;30;7;2023;16:00;1;92;92025;2;1;1;6;48.91819;2.24443;4;1;2;1;1;1; -1;1;0;1;30;Blessé léger;6