Num_Acc;id_vehicule;num_veh;catv;obs;obsm;choc;manv;motor;id_usager;place;catu;grav;sexe;an_nais;trajet;secu1;secu2;secu3;jour;mois;an;hrmn;lum;dep;com;agg;int;atm;col;lat;long;catr;circ;nbv;vosp;prof;plan;larrout;surf;infra;situ;vma;gravity;day_of_week
202300029547;155 628 172;A01;1;0;1;1;1;5;203 781 200;1;1;1;1;2006.0;9;2;0;-1;30;7;2023;16:00;1;92;92025;2;1;1;6;48.91819;2.24443;4;1;2;1;1;1; -1;1;0;1;30;Indemne;6
202300029591;155 628 092;A01;1;0;0;9;26;5;203 781 084;1;1;4;1;1957.0;5;2;-1;-1;31;7;2023;08:00;1;12;12102;1;1;1;7;44.303681;2.59949;4;2;2;0;2;3; -1;1;0;1;80;Blessé léger;0
202300029592;155 628 091;B01;1;0;2;1;26;5;203 781 085;1;1;3;1;1982.0;5;8;-1;-1;16;4;2023;12:10;1;06;06068;1;1;1;1;43.720544;6.974398;3;2;2;0;2;3;5;1;0;1;80;Blessé hospitalisé;6
202300029592;155 628 094;A01;7;0;9;2;21;1;203 781 089;1;1;1;2;1982.0;5;8;-1;-1;16;4;2023;12:10;1;06;06068;1;1;1;1;43.720544;6.974398;3;2;2;0;2;3;5;1;0;1;80;Indemne;6
202300029608;155 628 061;A01;50;0;2;1;5;3;203 781 037;1;1;1;1;2008.0;5;0;-1;-1;30;7;2023;15:50;1;29;29217;2;1;1;1;47.852551;-3.747832;3;2;2;0;1;1;4;1;6;1;50;Indemne;6
202300029608;155 628 062;B01;1;0;2;1;1;5;203 781 040;1;1;3;2;1972.0;5;2;-1;-1;30;7;2023;15:50;1;29;29217;2;1;1;1;47.852551;-3.747832;3;2;2;0;1;1;4;1;6;1;50;Blessé hospitalisé;6
202300029611;155 628 055;B01;7;0;2;2;16;1;203 781 030;1;1;1;2;1979.0;2;1;-1;-1;13;1;2023;07:55;5;56;56007;2;6;1;3;47.663628;-2.987874;4;2;2;2;1;2;4;1;5;5;30;Indemne;4
202300029611;155 628 056;A01;1;0;2;6;2;5;203 781 031;1;1;4;1;1946.0;5;9;-1;-1;13;1;2023;07:55;5;56;56007;2;6;1;3;47.663628;-2.987874;4;2;2;2;1;2;4;1;5;5;30;Blessé léger;4
202300029612;155 628 053;A01;1;0;0;1;1;5;203 781 028;1;1;3;1;1963.0;5;2;-1;-1;30;7;2023;10:50;1;29;29211;1;1;2;7;48.32407841;-3.75755437;3;2;2;0;3;1;6;2;0;3;80;Blessé hospitalisé;6
202300029638;155 628 015;B01;1;0;2;2;1;5;203 780 969;1;1;3;1;1943.0;5;2;-1;-1;1;8;2023;11:31;1;13;13029;2;6;1;2;43.577476;5.094464;3;1;2;0;1;2;7;1;0;1;-1;Blessé hospitalisé;1
202300029638;155 628 016;A01;7;0;9;6;9;1;203 780 970;1;1;1;1;1984.0;3;1;-1;-1;1;8;2023;11:31;1;13;13029;2;6;1;2;43.577476;5.094464;3;1;2;0;1;2;7;1;0;1;-1;Indemne;1
202300029640;155 628 008;B01;1;0;2;3;1;5;203 780 959;1;1;3;2;1971.0;1;8;0;-1;19;1;2023;07:58;1;75;75119;2;1;1;3;48.898629;2.378181;4;2;4;2;1;1; -1;1;-1;5;30;Blessé hospitalisé;3
202300029640;155 628 011;A01;17;0;2;5;16;1;203 780 961;1;1;1;1;1968.0;4;1;0;-1;19;1;2023;07:58;1;75;75119;2;1;1;3;48.898629;2.378181;4;2;4;2;1;1; -1;1;-1;5;30;Indemne;3
202300029644;155 628 003;A01;1;0;1;1;1;5;203 780 946;1;1;1;1;1965.0;9;8;0;-1;20;1;2023;23:45;5;75;75118;2;3;1;6;48.89764055;2.33234704;4;1;0;1;1;1; -1;1;-1;5;50;Indemne;4
202300029644;155 628 003;A01;1;0;1;1;1;5;203 780 946;1;1;1;1;1965.0;9;8;0;-1;20;1;2023;23:45;5;75;75118;2;3;1;6;48.89764055;2.33234704;4;1; -1;-1;1;1; -1;1;-1;5;-1;Indemne;4
202300029644;155 628 003;A01;1;0;1;1;1;5;203 780 947;10;3;4;1;2007.0;9;0;-1;-1;20;1;2023;23:45;5;75;75118;2;3;1;6;48.89764055;2.33234704;4;1;0;1;1;1; -1;1;-1;5;50;Blessé léger;4
202300029644;155 628 003;A01;1;0;1;1;1;5;203 780 947;10;3;4;1;2007.0;9;0;-1;-1;20;1;2023;23:45;5;75;75118;2;3;1;6;48.89764055;2.33234704;4;1; -1;-1;1;1; -1;1;-1;5;-1;Blessé léger;4
202300029651;155 627 991;A01;1;0;1;3;1;5;203 780 930;10;3;4;2;1964.0;5;0;-1;-1;21;1;2023;19:25;5;75;75115;2;1;1;6;48.85545871;2.28783309;4;2;2;1;1;1; -1;1;-1;5;30;Blessé léger;5
202300029651;155 627 991;A01;1;0;1;3;1;5;203 780 931;1;1;1;1;2001.0;5;2;6;-1;21;1;2023;19:25;5;75;75115;2;1;1;6;48.85545871;2.28783309;4;2;2;1;1;1; -1;1;-1;5;30;Indemne;5
202300029663;155 627 974;A01;7;0;2;2;16;2;203 780 907;1;1;1;1;1994.0;9;1;0;-1;21;1;2023;01:30;5;75;75108;2;3;1;3;48.871016;2.303483;4;1;2;1;1;1; -1;2;-1;5;30;Indemne;5
202300029663;155 627 975;B01;1;0;2;3;1;5;203 780 908;1;1;4;1;1988.0;9;8;0;-1;21;1;2023;01:30;5;75;75108;2;3;1;3;48.871016;2.303483;4;1;2;1;1;1; -1;2;-1;5;30;Blessé léger;5
202300029667;155 627 968;A01;1;0;0;4;2;5;203 780 901;1;1;3;1;1973.0;5;2;-1;-1;16;4;2023;12:35;1;83;83107;1;1;1;2;43.351755;6.713296;3;2;2;0;1;2;5,5;1;0;1;-1;Blessé hospitalisé;6
202300029667;155 627 969;B01;7;0;9;1;1;1;203 780 902;1;1;1;1;2003.0;5;1;-1;-1;16;4;2023;12:35;1;83;83107;1;1;1;2;43.351755;6.713296;3;2;2;0;1;2;5,5;1;0;1;-1;Indemne;6
202300029683;155 627 944;B01;1;1;0;1;1;5;203 780 869;1;1;4;1;1965.0;5;2;-1;-1;17;4;2023;12:35;1;01;01397;2;6;1;2;46.314754;6.108168;3;2;2;0;1;1;5,5;1;0;1;50;Blessé léger;0
202300029683;155 627 946;A01;14;0;2;6;24;1;203 780 872;1;1;1;1;1966.0;4;0;-1;-1;17;4;2023;12:35;1;01;01397;2;6;1;2;46.314754;6.108168;3;2;2;0;1;1;5,5;1;0;1;50;Indemne;0
202300029694;155 627 926;A01;7;0;0;8;0;0;203 780 840;1;1;1;2;1975.0;5;1;-1;-1;31;7;2023;19:40;2;09;09130;1;1;1;3;42.949458;1.574824;3;2;2;0;2;1;4;1;0;1;80;Indemne;0
202300029694;155 627 928;B01;1;0;0;1;1;5;203 780 842;1;1;4;1;1982.0;5;2;-1;-1;31;7;2023;19:40;2;09;09130;1;1;1;3;42.949458;1.574824;3;2;2;0;2;1;4;1;0;1;80;Blessé léger;0
202300029769;155 627 768;A01;7;0;2;2;16;1;203 780 642;1;1;1;1;1961.0;1;8;0;-1;24;5;2023;07:00;1;75;75114;2;2;1;3;48.834362;2.313625;4;-1; -1;0;1;1; -1;1;0;1;30;Indemne;2
202300029769;155 627 768;A01;7;0;2;2;16;1;203 780 642;1;1;1;1;1961.0;1;8;0;-1;24;5;2023;07:00;1;75;75114;2;2;1;3;48.834362;2.313625;4;1;1;1;1;1; -1;1;0;5;30;Indemne;2
202300029769;155 627 770;B01;1;0;2;1;1;5;203 780 643;1;1;4;1;1961.0;5;8;0;-1;24;5;2023;07:00;1;75;75114;2;2;1;3;48.834362;2.313625;4;-1; -1;0;1;1; -1;1;0;1;30;Blessé léger;2
202300029769;155 627 770;B01;1;0;2;1;1;5;203 780 643;1;1;4;1;1961.0;5;8;0;-1;24;5;2023;07:00;1;75;75114;2;2;1;3;48.834362;2.313625;4;1;1;1;1;1; -1;1;0;5;30;Blessé léger;2
202300029774;155 627 760;B01;43;0;2;1;1;1;203 780 627;1;1;4;1;1971.0;9;2;6;-1;24;5;2023;08:10;1;75;75112;2;2;1;3;48.84644;2.366836;4;-1; -1;0;1;1; -1;1;0;1;30;Blessé léger;2
202300029774;155 627 760;B01;43;0;2;1;1;1;203 780 627;1;1;4;1;1971.0;9;2;6;-1;24;5;2023;08:10;1;75;75112;2;2;1;3;48.84644;2.366836;4;2;4;2;1;1; -1;1;0;1;30;Blessé léger;2
202300029774;155 627 761;A01;80;0;2;8;19;3;203 780 630;1;1;4;1;1967.0;9;2;8;-1;24;5;2023;08:10;1;75;75112;2;2;1;3;48.84644;2.366836;4;-1; -1;0;1;1; -1;1;0;1;30;Blessé léger;2
202300029774;155 627 761;A01;80;0;2;8;19;3;203 780 630;1;1;4;1;1967.0;9;2;8;-1;24;5;2023;08:10;1;75;75112;2;2;1;3;48.84644;2.366836;4;2;4;2;1;1; -1;1;0;1;30;Blessé léger;2
202300029777;155 627 751;A01;34;0;2;3;2;1;203 780 616;1;1;4;1;1992.0;5;2;8;-1;24;5;2023;23:10;5;75;75111;2;1;1;3;48.869537;2.379691;4;1;1;0;1;1; -1;1;0;6;30;Blessé léger;2
202300029777;155 627 755;B01;1;0;2;3;2;5;203 780 621;1;1;1;1;1997.0;5;8;0;-1;24;5;2023;23:10;5;75;75111;2;1;1;3;48.869537;2.379691;4;1;1;0;1;1; -1;1;0;6;30;Indemne;2
202300029782;155 627 747;A01;1;0;0;0;1;5;203 780 611;1;1;4;2;1995.0;1;2;0;-1;24;5;2023;19:45;1;75;75110;2;1;1;7;48.872657;2.3593;4;2;6;1;1;1; -1;1;0;5;30;Blessé léger;2
202300029786;155 627 740;A01;1;0;1;1;1;5;203 780 603;1;1;4;1;1995.0;1;8;0;-1;24;5;2023;09:50;1;75;75109;2;3;1;6;48.874826;2.326777;4;-1; -1;-1;1;1; -1;1;0;1;30;Blessé léger;2
202300029786;155 627 740;A01;1;0;1;1;1;5;203 780 603;1;1;4;1;1995.0;1;8;0;-1;24;5;2023;09:50;1;75;75109;2;3;1;6;48.874826;2.326777;4;2;1;1;1;1; -1;1;0;1;30;Blessé léger;2
202300029786;155 627 740;A01;1;0;1;1;1;5;203 780 606;10;3;4;2;1966.0;9;0;-1;-1;24;5;2023;09:50;1;75;75109;2;3;1;6;48.874826;2.326777;4;-1; -1;-1;1;1; -1;1;0;1;30;Blessé léger;2
202300029786;155 627 740;A01;1;0;1;1;1;5;203 780 606;10;3;4;2;1966.0;9;0;-1;-1;24;5;2023;09:50;1;75;75109;2;3;1;6;48.874826;2.326777;4;2;1;1;1;1; -1;1;0;1;30;Blessé léger;2
202300029795;155 627 722;A01;7;0;2;2;17;1;203 780 577;1;1;1;1;1987.0;4;8;0;-1;24;5;2023;17:15;1;75;75102;2;2;1;3;48.87027;2.330054;4;1;2;3;1;1; -1;1;0;1;30;Indemne;2
202300029795;155 627 722;A01;7;0;2;2;17;1;203 780 577;1;1;1;1;1987.0;4;8;0;-1;24;5;2023;17:15;1;75;75102;2;2;1;3;48.87027;2.330054;4;-1; -1;3;1;1; -1;1;0;1;30;Indemne;2
202300029795;155 627 723;B01;80;0;2;3;13;3;203 780 578;1;1;4;1;1971.0;1;2;6;-1;24;5;2023;17:15;1;75;75102;2;2;1;3;48.87027;2.330054;4;1;2;3;1;1; -1;1;0;1;30;Blessé léger;2
202300029795;155 627 723;B01;80;0;2;3;13;3;203 780 578;1;1;4;1;1971.0;1;2;6;-1;24;5;2023;17:15;1;75;75102;2;2;1;3;48.87027;2.330054;4;-1; -1;3;1;1; -1;1;0;1;30;Blessé léger;2
202300029824;155 627 667;B01;1;0;0;0;0;5;203 780 506;1;1;4;1;1952.0;0;0;-1;-1;15;4;2023;18:55;1;17;17300;2;1;1;3;46.146271;-1.161258;4;2;2;0;1;1; -1;1;0;1;30;Blessé léger;5
202300029824;155 627 670;A01;10;1;0;4;24;1;203 780 510;1;1;1;1;1981.0;0;8;0;-1;15;4;2023;18:55;1;17;17300;2;1;1;3;46.146271;-1.161258;4;2;2;0;1;1; -1;1;0;1;30;Indemne;5
202300029831;155 627 659;B01;1;0;2;6;2;5;203 780 498;1;1;4;2;1998.0;0;8;0;-1;24;5;2023;17:27;1;93;93051;2;6;1;3;48.83862215;2.56725669;4;1;1;0;1;2; -1;1;0;1;50;Blessé léger;2
202300029831;155 627 659;B01;1;0;2;6;2;5;203 780 498;1;1;4;2;1998.0;0;8;0;-1;24;5;2023;17:27;1;93;93051;2;6;1;3;48.83862215;2.56725669;4;2;2;-1;1;1; -1;1;0;1;-1;Blessé léger;2
202300029831;155 627 661;A01;7;0;2;2;15;1;203 780 501;1;1;1;2;1981.0;0;1;0;-1;24;5;2023;17:27;1;93;93051;2;6;1;3;48.83862215;2.56725669;4;1;1;0;1;2; -1;1;0;1;50;Indemne;2
202300029831;155 627 661;A01;7;0;2;2;15;1;203 780 501;1;1;1;2;1981.0;0;1;0;-1;24;5;2023;17:27;1;93;93051;2;6;1;3;48.83862215;2.56725669;4;2;2;-1;1;1; -1;1;0;1;-1;Indemne;2
202300029854;155 627 616;A01;7;0;2;3;26;1;203 780 436;1;1;4;2;1984.0;1;1;0;-1;24;5;2023;17:30;1;93;93001;2;1;1;3;48.91275112;2.39843854;4;2;2;0;1;1; -1;1;9;1;50;Blessé léger;2
202300029854;155 627 618;B01;1;0;2;1;1;5;203 780 438;1;1;1;1;2001.0;0;8;0;-1;24;5;2023;17:30;1;93;93001;2;1;1;3;48.91275112;2.39843854;4;2;2;0;1;1; -1;1;9;1;50;Indemne;2
202300029868;155 627 592;A01;7;15;2;1;1;1;203 780 400;1;1;4;2;2001.0;5;1;-1;-1;12;11;2023;15:40;1;01;01262;1;2;2;2;45.896264;4.969278;3;2;2;0;1;1;4;2;0;1;80;Blessé léger;6
202300029868;155 627 592;A01;7;15;2;1;1;1;203 780 400;1;1;4;2;2001.0;5;1;-1;-1;12;11;2023;15:40;1;01;01262;1;2;2;2;45.896264;4.969278;3;2;2;0;1;1;4;2;0;1;80;Blessé léger;6
202300029868;155 627 596;B01;1;0;0;4;1;5;203 780 404;1;1;3;1;1970.0;5;2;9;-1;12;11;2023;15:40;1;01;01262;1;2;2;2;45.896264;4.969278;3;2;2;0;1;1;4;2;0;1;80;Blessé hospitalisé;6
202300029868;155 627 596;B01;1;0;0;4;1;5;203 780 404;1;1;3;1;1970.0;5;2;9;-1;12;11;2023;15:40;1;01;01262;1;2;2;2;45.896264;4.969278;3;2;2;0;1;1;4;2;0;1;80;Blessé hospitalisé;6
202300029869;155 627 593;A01;1;14;0;1;1;5;203 780 402;1;1;4;1;2012.0;5;2;0;-1;24;5;2023;16:10;1;92;92064;1;1;1;7;48.83667;2.19481;5;2;2;0;1;1; -1;1;0;1;50;Blessé léger;2
202300029876;155 627 579;B01;7;0;0;4;23;0;203 780 382;1;1;1;1;1959.0;5;1;-1;-1;4;3;2023;14:33;1;29;29019;2;1;1;2;48.403797;-4.486673;4;2;2;0;2;1; -1;1;0;1;50;Indemne;5
202300029876;155 627 581;A01;80;0;2;1;1;3;203 780 385;1;1;4;1;2003.0;5;2;-1;-1;4;3;2023;14:33;1;29;29019;2;1;1;2;48.403797;-4.486673;4;2;2;0;2;1; -1;1;0;1;50;Blessé léger;5
202300029879;155 627 572;A01;33;0;2;6;1;1;203 780 375;1;1;4;1;1983.0;9;2;6;-1;15;4;2023;19:38;1;75;75110;2;2;1;3;48.871757;2.357203;4;1; -1;-1;1;1; -1;1;0;1;-1;Blessé léger;5
202300029879;155 627 572;A01;33;0;2;6;1;1;203 780 375;1;1;4;1;1983.0;9;2;6;-1;15;4;2023;19:38;1;75;75110;2;2;1;3;48.871757;2.357203;4;1;2;1;1;1; -1;1;0;1;30;Blessé léger;5
202300029879;155 627 576;B01;1;0;2;1;1;5;203 780 379;1;1;4;1;2008.0;9;8;0;-1;15;4;2023;19:38;1;75;75110;2;2;1;3;48.871757;2.357203;4;1; -1;-1;1;1; -1;1;0;1;-1;Blessé léger;5
202300029879;155 627 576;B01;1;0;2;1;1;5;203 780 379;1;1;4;1;2008.0;9;8;0;-1;15;4;2023;19:38;1;75;75110;2;2;1;3;48.871757;2.357203;4;1;2;1;1;1; -1;1;0;1;30;Blessé léger;5
202300029887;155 627 560;A01;10;0;0;3;1;1;203 780 353;1;1;1;1;1985.0;1;1;-1;-1;12;11;2023;18:30;3;22;22081;2;9;2;3;48.485581;-2.64159;4;3;2;0;1;1; -1;2;0;1;50;Indemne;6
202300029887;155 627 562;B01;80;0;2;1;13;3;203 780 357;1;1;2;1;1963.0;3;0;-1;-1;12;11;2023;18:30;3;22;22081;2;9;2;3;48.485581;-2.64159;4;3;2;0;1;1; -1;2;0;1;50;Tué;6
202300029896;155 627 545;B01;1;0;2;8;16;5;203 780 330;1;1;4;1;1975.0;0;2;0;-1;24;5;2023;15:20;1;92;92004;2;1;1;3;48.908449;2.268888;3;-1;1;0;1;1; -1;1;0;1;50;Blessé léger;2
202300029896;155 627 548;A01;7;0;9;2;15;1;203 780 333;1;1;1;1;1968.0;0;1;0;-1;24;5;2023;15:20;1;92;92004;2;1;1;3;48.908449;2.268888;3;-1;1;0;1;1; -1;1;0;1;50;Indemne;2
202300029905;155 627 528;B01;1;0;2;8;16;5;203 780 312;1;1;3;1;2006.0;5;2;-1;-1;25;5;2023;15:15;1;76;76281;1;1;1;3;49.509808;0.575624;3;2;2;0;2;1;7,8;1;0;1;70;Blessé hospitalisé;3
202300029905;155 627 531;A01;10;0;2;7;1;1;203 780 315;1;1;1;1;1973.0;4;1;-1;-1;25;5;2023;15:15;1;76;76281;1;1;1;3;49.509808;0.575624;3;2;2;0;2;1;7,8;1;0;1;70;Indemne;3
202300029932;155 627 480;B01;7;0;2;3;21;1;203 780 241;1;1;1;1;1976.0;5;1;-1;-1;14;5;2023;18:25;1;01;01143;1;1;2;1;46.360757;6.120157;4;2;2;0;2;3; -1;2;0;1;80;Indemne;6
202300029932;155 627 483;A01;1;0;2;0;13;5;203 780 244;1;1;3;1;1979.0;5;0;-1;-1;14;5;2023;18:25;1;01;01143;1;1;2;1;46.360757;6.120157;4;2;2;0;2;3; -1;2;0;1;80;Blessé hospitalisé;6
202300029952;155 627 445;A01;1;0;2;1;26;5;203 780 198;1;1;4;1;1998.0;0;2;-1;-1;4;3;2023;01:14;5;69;69386;2;2;1;1;45.76371492;4.85805004;4;1;2;2;1;1; -1;1;0;1;30;Blessé léger;5
202300029952;155 627 445;A01;1;0;2;1;26;5;203 780 198;1;1;4;1;1998.0;0;2;-1;-1;4;3;2023;01:14;5;69;69386;2;2;1;1;45.76371492;4.85805004;4;1;1;2;1;1; -1;1;0;1;30;Blessé léger;5
202300029952;155 627 446;B01;1;0;2;1;0;5;203 780 199;1;1;4;1;1995.0;5;8;-1;-1;4;3;2023;01:14;5;69;69386;2;2;1;1;45.76371492;4.85805004;4;1;2;2;1;1; -1;1;0;1;30;Blessé léger;5
202300029952;155 627 446;B01;1;0;2;1;0;5;203 780 199;1;1;4;1;1995.0;5;8;-1;-1;4;3;2023;01:14;5;69;69386;2;2;1;1;45.76371492;4.85805004;4;1;1;2;1;1; -1;1;0;1;30;Blessé léger;5
202300029967;155 627 420;A01;1;0;1;1;0;5;203 780 154;1;1;3;1;1956.0;5;2;-1;-1;22;5;2023;17:30;1;51;51266;2;1;1;6;49.113118;4.034509;3;2;2;0;2;1; -1;1;0;1;50;Blessé hospitalisé;0
202300029967;155 627 420;A01;1;0;1;1;0;5;203 780 157;10;3;4;1;1955.0;5;0;-1;-1;22;5;2023;17:30;1;51;51266;2;1;1;6;49.113118;4.034509;3;2;2;0;2;1; -1;1;0;1;50;Blessé léger;0
202300029984;155 627 394;A01;7;14;9;1;1;1;203 780 116;1;1;1;1;1970.0;0;1;-1;-1;27;3;2023;15:35;1;72;72191;1;3;1;6;47.762962;0.295365;3;2;2;0;2;1; -1;1;0;1;80;Indemne;0
202300029984;155 627 394;A01;7;14;9;1;1;1;203 780 116;1;1;1;1;1970.0;0;1;-1;-1;27;3;2023;15:35;1;72;72191;1;3;1;6;47.762962;0.295365;3;-1; -1;-1;1;1; -1;1;0;1;-1;Indemne;0
202300029984;155 627 396;B01;80;0;2;8;16;3;203 780 119;1;1;3;1;1952.0;5;2;-1;-1;27;3;2023;15:35;1;72;72191;1;3;1;6;47.762962;0.295365;3;2;2;0;2;1; -1;1;0;1;80;Blessé hospitalisé;0
202300029984;155 627 396;B01;80;0;2;8;16;3;203 780 119;1;1;3;1;1952.0;5;2;-1;-1;27;3;2023;15:35;1;72;72191;1;3;1;6;47.762962;0.295365;3;-1; -1;-1;1;1; -1;1;0;1;-1;Blessé hospitalisé;0
202300029990;155 627 382;A01;1;0;2;1;15;5;203 780 100;1;1;3;1;2009.0;5;0;-1;-1;14;4;2023;15:45;1;07;07090;2;3;1;1;44.747581;4.674023;4;2;2;0;1;1; -1;1;0;1;50;Blessé hospitalisé;4
202300029990;155 627 382;A01;1;0;2;1;15;5;203 780 100;1;1;3;1;2009.0;5;0;-1;-1;14;4;2023;15:45;1;07;07090;2;3;1;1;44.747581;4.674023;4;2; -1;-1;2;1; -1;1;0;1;-1;Blessé hospitalisé;4
202300029990;155 627 383;B01;7;0;2;1;1;1;203 780 101;1;1;1;2;1959.0;5;1;-1;-1;14;4;2023;15:45;1;07;07090;2;3;1;1;44.747581;4.674023;4;2;2;0;1;1; -1;1;0;1;50;Indemne;4
202300029990;155 627 383;B01;7;0;2;1;1;1;203 780 101;1;1;1;2;1959.0;5;1;-1;-1;14;4;2023;15:45;1;07;07090;2;3;1;1;44.747581;4.674023;4;2; -1;-1;2;1; -1;1;0;1;-1;Indemne;4
202300029997;155 627 370;A01;80;0;0;9;14;3;203 780 081;1;1;2;2;1959.0;5;2;6;-1;25;5;2023;15:58;1;12;12088;1;1;1;7;44.653597;2.889351;3;2;2;0;1;1;4;1;0;3;90;Tué;3
202300029997;155 627 371;B01;15;0;0;0;1;1;203 780 082;1;1;1;1;1964.0;4;1;-1;-1;25;5;2023;15:58;1;12;12088;1;1;1;7;44.653597;2.889351;3;2;2;0;1;1;4;1;0;3;90;Indemne;3
202300030009;155 627 348;B01;1;0;2;7;16;5;203 780 047;1;1;4;1;2011.0;2;0;-1;-1;25;5;2023;07:45;1;44;44069;2;3;1;3;47.3377318;-2.4281966;4;1;1;1;1;3; -1;1;0;5;30;Blessé léger;3
202300030009;155 627 348;B01;1;0;2;7;16;5;203 780 047;1;1;4;1;2011.0;2;0;-1;-1;25;5;2023;07:45;1;44;44069;2;3;1;3;47.3377318;-2.4281966;4;2;1;0;2;1; -1;1;0;5;30;Blessé léger;3
202300030009;155 627 349;A01;37;0;2;0;11;1;203 780 050;1;1;1;1;1965.0;4;1;-1;-1;25;5;2023;07:45;1;44;44069;2;3;1;3;47.3377318;-2.4281966;4;1;1;1;1;3; -1;1;0;5;30;Indemne;3
202300030009;155 627 349;A01;37;0;2;0;11;1;203 780 050;1;1;1;1;1965.0;4;1;-1;-1;25;5;2023;07:45;1;44;44069;2;3;1;3;47.3377318;-2.4281966;4;2;1;0;2;1; -1;1;0;5;30;Indemne;3
202300030075;155 627 224;B01;1;0;2;0;13;5;203 779 887;1;1;2;1;1961.0;5;2;-1;-1;16;4;2023;10:15;1;31;31151;2;1;1;1;43.474789;1.497381;3;2;2;0;2;4;4;1;0;1;50;Tué;6
202300030075;155 627 225;A01;7;0;9;3;14;2;203 779 889;1;1;1;1;1966.0;5;1;-1;-1;16;4;2023;10:15;1;31;31151;2;1;1;1;43.474789;1.497381;3;2;2;0;2;4;4;1;0;1;50;Indemne;6
202300030078;155 627 217;A01;1;0;0;0;1;5;203 779 879;1;1;3;1;1957.0;5;8;0;-1;1;3;2023;13:23;1;49;49007;2;1;1;7;47.45044;-0.55565;4;3;4;0;1;1; -1;1;0;1;50;Blessé hospitalisé;2
202300030096;155 627 188;A01;1;0;0;0;1;5;203 779 842;1;1;2;1;1983.0;5;2;-1;-1;15;4;2023;14:00;1;62;62543;1;1;1;7;50.616415;2.304103;3;2;2;0;2;1; -1;1;0;1;80;Tué;5
202300030101;155 627 178;B01;80;0;2;0;0;3;203 779 826;1;1;4;2;1988.0;0;2;0;-1;9;11;2023;17:00;4;2A;2A004;2;1;3;3;41.9336;8.75425;4;1;3;0;1;3; -1;2;6;6;50;Blessé léger;3
202300030101;155 627 182;A01;7;0;9;2;16;1;203 779 830;1;1;1;1;1962.0;0;1;0;-1;9;11;2023;17:00;4;2A;2A004;2;1;3;3;41.9336;8.75425;4;1;3;0;1;3; -1;2;6;6;50;Indemne;3
202300030129;155 627 117;B01;1;0;2;0;0;5;203 779 746;1;1;4;1;1972.0;0;2;6;-1;14;4;2023;11:30;1;974;97407;2;1;1;3;-20.95698;55.31405;4;1;2;1;1;1; -1;1;0;5;30;Blessé léger;4
202300030129;155 627 121;A01;7;0;2;1;15;1;203 779 752;1;1;1;1;1962.0;0;1;0;-1;14;4;2023;11:30;1;974;97407;2;1;1;3;-20.95698;55.31405;4;1;2;1;1;1; -1;1;0;5;30;Indemne;4
202300030152;155 627 081;A01;7;0;2;3;1;1;203 779 701;1;1;1;1;2003.0;3;1;0;-1;11;11;2023;09:50;1;86;86194;2;1;1;3;46.58429;0.39378;3;3;2;0;1;1; -1;2;0;1;30;Indemne;5
202300030152;155 627 084;B01;1;0;2;1;1;5;203 779 706;1;1;4;1;1983.0;5;2;0;-1;11;11;2023;09:50;1;86;86194;2;1;1;3;46.58429;0.39378;3;3;2;0;1;1; -1;2;0;1;30;Blessé léger;5
202300030168;155 627 052;B01;30;0;2;7;21;1;203 779 660;1;1;4;1;1968.0;4;2;6;-1;4;3;2023;21:40;5;75;75117;2;2;1;3;48.88108;2.289708;4;1;1;2;1;1; -1;1;0;1;30;Blessé léger;5
202300030168;155 627 052;B01;30;0;2;7;21;1;203 779 660;1;1;4;1;1968.0;4;2;6;-1;4;3;2023;21:40;5;75;75117;2;2;1;3;48.88108;2.289708;4;1;1;0;1;1; -1;1;0;1;30;Blessé léger;5
202300030168;155 627 053;A01;1;0;2;0;5;5;203 779 661;1;1;1;1;2000.0;9;2;0;-1;4;3;2023;21:40;5;75;75117;2;2;1;3;48.88108;2.289708;4;1;1;2;1;1; -1;1;0;1;30;Indemne;5
202300030168;155 627 053;A01;1;0;2;0;5;5;203 779 661;1;1;1;1;2000.0;9;2;0;-1;4;3;2023;21:40;5;75;75117;2;2;1;3;48.88108;2.289708;4;1;1;0;1;1; -1;1;0;1;30;Indemne;5
202300030175;155 627 034;B01;1;0;2;1;1;5;203 779 639;1;1;4;1;1997.0;5;8;0;-1;4;3;2023;02:15;5;75;75115;2;5;1;3;48.845094;2.320125;4;3;3;1;1;1; -1;1;0;1;30;Blessé léger;5
202300030175;155 627 034;B01;1;0;2;1;1;5;203 779 639;1;1;4;1;1997.0;5;8;0;-1;4;3;2023;02:15;5;75;75115;2;5;1;3;48.845094;2.320125;4;2;3;1;1;1; -1;1;0;1;30;Blessé léger;5
202300030175;155 627 035;A01;7;0;2;3;1;1;203 779 640;1;1;1;1;1989.0;4;1;0;-1;4;3;2023;02:15;5;75;75115;2;5;1;3;48.845094;2.320125;4;3;3;1;1;1; -1;1;0;1;30;Indemne;5
202300030175;155 627 035;A01;7;0;2;3;1;1;203 779 640;1;1;1;1;1989.0;4;1;0;-1;4;3;2023;02:15;5;75;75115;2;5;1;3;48.845094;2.320125;4;2;3;1;1;1; -1;1;0;1;30;Indemne;5