Num_Acc;id_vehicule;num_veh;catv;obs;obsm;choc;manv;motor;id_usager;place;catu;grav;sexe;an_nais;trajet;secu1;secu2;secu3;jour;mois;an;hrmn;lum;dep;com;agg;int;atm;col;lat;long;catr;circ;nbv;vosp;prof;plan;larrout;surf;infra;situ;vma;gravity;day_of_week
202300030176;155 627 032;B01;1;0;2;4;19;5;203 779 636;1;1;4;1;2003.0;2;2;0;-1;23;5;2023;15:30;1;91;91477;2;6;1;2;48.71869;2.23148;4;2;3;0;1;2; -1;1;0;1;30;Blessé léger;1
202300030176;155 627 033;A01;7;0;2;1;0;1;203 779 638;1;1;1;1;1961.0;1;1;0;-1;23;5;2023;15:30;1;91;91477;2;6;1;2;48.71869;2.23148;4;2;3;0;1;2; -1;1;0;1;30;Indemne;1
202300030177;155 627 029;A01;1;0;0;2;1;5;203 779 631;10;3;4;1;2016.0;5;0;-1;-1;4;3;2023;20:45;5;75;75112;2;2;1;6;48.850356;2.381391;4;1; -1;-1;1;1; -1;1;0;1;-1;Blessé léger;5
202300030177;155 627 029;A01;1;0;0;2;1;5;203 779 631;10;3;4;1;2016.0;5;0;-1;-1;4;3;2023;20:45;5;75;75112;2;2;1;6;48.850356;2.381391;4;1;1;1;1;1; -1;1;-1;5;30;Blessé léger;5
202300030177;155 627 029;A01;1;0;0;2;1;5;203 779 632;1;1;1;1;2003.0;9;2;0;-1;4;3;2023;20:45;5;75;75112;2;2;1;6;48.850356;2.381391;4;1; -1;-1;1;1; -1;1;0;1;-1;Indemne;5
202300030177;155 627 029;A01;1;0;0;2;1;5;203 779 632;1;1;1;1;2003.0;9;2;0;-1;4;3;2023;20:45;5;75;75112;2;2;1;6;48.850356;2.381391;4;1;1;1;1;1; -1;1;-1;5;30;Indemne;5
202300030177;155 627 029;A01;1;0;0;2;1;5;203 779 634;10;3;1;2;1982.0;5;0;-1;-1;4;3;2023;20:45;5;75;75112;2;2;1;6;48.850356;2.381391;4;1; -1;-1;1;1; -1;1;0;1;-1;Indemne;5
202300030177;155 627 029;A01;1;0;0;2;1;5;203 779 634;10;3;1;2;1982.0;5;0;-1;-1;4;3;2023;20:45;5;75;75112;2;2;1;6;48.850356;2.381391;4;1;1;1;1;1; -1;1;-1;5;30;Indemne;5
202300030191;155 627 004;B01;1;0;2;4;12;5;203 779 599;1;1;4;1;2003.0;1;8;0;-1;11;11;2023;18:45;5;73;73008;2;6;1;3;45.69695;5.90741;3;1;2;0;1;2; -1;1;0;1;50;Blessé léger;5
202300030191;155 627 007;A01;7;0;2;3;26;1;203 779 602;1;1;1;1;1952.0;0;1;0;-1;11;11;2023;18:45;5;73;73008;2;6;1;3;45.69695;5.90741;3;1;2;0;1;2; -1;1;0;1;50;Indemne;5
202300030195;155 626 997;A01;1;0;2;8;2;5;203 779 591;1;1;4;1;1993.0;5;8;0;-1;23;5;2023;18:40;1;81;81004;2;6;1;3;43.91905;2.12639;3;2; -1;-1;1;1; -1;1;5;1;50;Blessé léger;1
202300030195;155 626 997;A01;1;0;2;8;2;5;203 779 591;1;1;4;1;1993.0;5;8;0;-1;23;5;2023;18:40;1;81;81004;2;6;1;3;43.91905;2.12639;3;1;1;0;1;2; -1;1;5;1;50;Blessé léger;1
202300030197;155 626 994;B01;7;0;2;5;1;1;203 779 587;1;1;1;2;1990.0;5;1;0;-1;3;3;2023;19:45;5;75;75101;2;3;1;2;48.862457;2.350516;4;1;4;3;1;1; -1;1;0;1;30;Indemne;4
202300030197;155 626 994;B01;7;0;2;5;1;1;203 779 587;1;1;1;2;1990.0;5;1;0;-1;3;3;2023;19:45;5;75;75101;2;3;1;2;48.862457;2.350516;4;-1; -1;3;1;1; -1;1;0;1;20;Indemne;4
202300030197;155 626 996;A01;1;0;2;1;1;5;203 779 589;1;1;4;1;2006.0;5;2;0;-1;3;3;2023;19:45;5;75;75101;2;3;1;2;48.862457;2.350516;4;1;4;3;1;1; -1;1;0;1;30;Blessé léger;4
202300030197;155 626 996;A01;1;0;2;1;1;5;203 779 589;1;1;4;1;2006.0;5;2;0;-1;3;3;2023;19:45;5;75;75101;2;3;1;2;48.862457;2.350516;4;-1; -1;3;1;1; -1;1;0;1;20;Blessé léger;4
202300030202;155 626 984;B01;7;0;9;8;1;1;203 779 572;1;1;1;2;1947.0;5;1;0;-1;9;11;2023;11:50;1;71;71270;2;1;3;3;46.32959;4.82361;4;3;1;0;1;1; -1;2;0;1;50;Indemne;3
202300030202;155 626 985;A01;1;0;2;8;19;5;203 779 573;1;1;4;1;2014.0;5;8;0;-1;9;11;2023;11:50;1;71;71270;2;1;3;3;46.32959;4.82361;4;3;1;0;1;1; -1;2;0;1;50;Blessé léger;3
202300030205;155 626 977;B01;1;0;2;8;1;5;203 779 564;1;1;4;1;1969.0;5;2;0;-1;4;3;2023;09:30;1;94;94021;2;6;1;3;48.76806;2.35275;9;1;3;0;1;1; -1;1;0;1;50;Blessé léger;5
202300030205;155 626 977;B01;1;0;2;8;1;5;203 779 564;1;1;4;1;1969.0;5;2;0;-1;4;3;2023;09:30;1;94;94021;2;6;1;3;48.76806;2.35275;9;1;1;0;1;2; -1;1;0;1;50;Blessé léger;5
202300030205;155 626 979;A01;10;0;9;3;15;1;203 779 567;1;1;1;1;1977.0;4;1;0;-1;4;3;2023;09:30;1;94;94021;2;6;1;3;48.76806;2.35275;9;1;3;0;1;1; -1;1;0;1;50;Indemne;5
202300030205;155 626 979;A01;10;0;9;3;15;1;203 779 567;1;1;1;1;1977.0;4;1;0;-1;4;3;2023;09:30;1;94;94021;2;6;1;3;48.76806;2.35275;9;1;1;0;1;2; -1;1;0;1;50;Indemne;5
202300030220;155 626 953;A01;7;0;9;2;1;1;203 779 533;1;1;1;1;1978.0;3;1;8;-1;9;11;2023;12:40;1;68;68224;2;1;2;1;47.74498;7.34661;4;2;3;0;1;1; -1;2;0;1;50;Indemne;3
202300030220;155 626 955;B01;1;0;2;8;1;5;203 779 536;1;1;3;2;1981.0;1;2;4;-1;9;11;2023;12:40;1;68;68224;2;1;2;1;47.74498;7.34661;4;2;3;0;1;1; -1;2;0;1;50;Blessé hospitalisé;3
202300030247;155 626 898;B01;1;0;2;1;1;5;203 779 463;1;1;4;1;1979.0;0;8;0;-1;22;5;2023;08:00;1;54;54578;2;1;1;3;48.67458097;6.1588186;4;2;2;2;1;1; -1;1;-1;1;50;Blessé léger;0
202300030247;155 626 901;A01;7;0;2;5;20;1;203 779 466;1;1;1;1;1964.0;0;1;0;-1;22;5;2023;08:00;1;54;54578;2;1;1;3;48.67458097;6.1588186;4;2;2;2;1;1; -1;1;-1;1;50;Indemne;0
202300030265;155 626 865;A01;1;0;2;4;2;5;203 779 418;1;1;4;1;1946.0;5;2;-1;-1;4;3;2023;06:45;2;34;34147;1;1;1;2;43.455878;3.207514;3;2;2;0;1;1; -1;1;0;1;90;Blessé léger;5
202300030266;155 626 864;A01;7;0;9;3;9;1;203 779 417;1;1;1;2;1979.0;5;1;0;-1;23;5;2023;14:30;1;49;49328;2;1;1;3;47.26478119;-0.09849072;4;2;2;0;1;1; -1;1;0;1;50;Indemne;1
202300030266;155 626 866;B01;1;0;2;1;1;5;203 779 419;1;1;4;1;2000.0;5;2;0;-1;23;5;2023;14:30;1;49;49328;2;1;1;3;47.26478119;-0.09849072;4;2;2;0;1;1; -1;1;0;1;50;Blessé léger;1
202300030284;155 626 832;A01;7;0;9;3;1;1;203 779 377;1;1;1;1;1976.0;5;1;-1;-1;4;3;2023;16:15;1;02;02158;1;6;1;3;49.468567;3.665174;3;2;1;0;1;3; -1;1;0;1;70;Indemne;5
202300030284;155 626 834;B01;1;0;2;7;0;5;203 779 379;1;1;4;1;1970.0;5;2;6;-1;4;3;2023;16:15;1;02;02158;1;6;1;3;49.468567;3.665174;3;2;1;0;1;3; -1;1;0;1;70;Blessé léger;5
202300030286;155 626 831;B01;1;0;2;0;0;0;203 779 376;1;1;4;2;1974.0;0;8;0;-1;9;11;2023;14:00;1;60;60057;2;2;1;3;49.42353136;2.10074367;4;2;2;0;1;1; -1;1;0;1;50;Blessé léger;3
202300030286;155 626 831;B01;1;0;2;0;0;0;203 779 376;1;1;4;2;1974.0;0;8;0;-1;9;11;2023;14:00;1;60;60057;2;2;1;3;49.42353136;2.10074367;4;2; -1;-1;1;1; -1;1;0;1;-1;Blessé léger;3
202300030286;155 626 833;A01;7;0;2;7;1;1;203 779 378;1;1;1;2;1955.0;0;8;0;-1;9;11;2023;14:00;1;60;60057;2;2;1;3;49.42353136;2.10074367;4;2;2;0;1;1; -1;1;0;1;50;Indemne;3
202300030286;155 626 833;A01;7;0;2;7;1;1;203 779 378;1;1;1;2;1955.0;0;8;0;-1;9;11;2023;14:00;1;60;60057;2;2;1;3;49.42353136;2.10074367;4;2; -1;-1;1;1; -1;1;0;1;-1;Indemne;3
202300030292;155 626 817;A01;7;0;9;3;15;1;203 779 359;1;1;1;2;1990.0;1;1;0;-1;8;11;2023;18:30;5;59;59512;2;4;3;3;50.68981;3.17914;4;1;1;0;1;1; -1;2;0;1;30;Indemne;2
202300030292;155 626 817;A01;7;0;9;3;15;1;203 779 359;1;1;1;2;1990.0;1;1;0;-1;8;11;2023;18:30;5;59;59512;2;4;3;3;50.68981;3.17914;4;1;0;0;1;2; -1;2;0;1;30;Indemne;2
202300030292;155 626 819;B01;1;0;2;1;5;5;203 779 361;1;1;4;1;1998.0;5;0;-1;-1;8;11;2023;18:30;5;59;59512;2;4;3;3;50.68981;3.17914;4;1;1;0;1;1; -1;2;0;1;30;Blessé léger;2
202300030292;155 626 819;B01;1;0;2;1;5;5;203 779 361;1;1;4;1;1998.0;5;0;-1;-1;8;11;2023;18:30;5;59;59512;2;4;3;3;50.68981;3.17914;4;1;0;0;1;2; -1;2;0;1;30;Blessé léger;2
202300030293;155 626 818;B01;1;0;2;3;1;5;203 779 360;1;1;4;1;2007.0;5;2;-1;-1;5;3;2023;10:40;1;06;06079;1;1;1;1;43.545931;6.925565;3;2;2;0;2;1; -1;1;0;1;50;Blessé léger;6
202300030313;155 626 783;A01;7;0;9;3;1;1;203 779 307;1;1;1;1;1951.0;0;1;8;-1;23;5;2023;12:00;1;11;11069;2;1;1;3;43.21573;2.34857;4;1;1;2;1;1; -1;1;0;5;50;Indemne;1
202300030313;155 626 786;B01;1;0;2;1;1;5;203 779 312;1;1;4;1;2013.0;2;8;0;-1;23;5;2023;12:00;1;11;11069;2;1;1;3;43.21573;2.34857;4;1;1;2;1;1; -1;1;0;5;50;Blessé léger;1
202300030330;155 626 752;B01;1;0;2;7;16;5;203 779 266;1;1;4;1;1961.0;9;2;8;-1;23;5;2023;10:15;1;75;75120;2;3;1;2;48.873599;2.390369;4;1;1;1;1;1; -1;1;0;1;30;Blessé léger;1
202300030330;155 626 752;B01;1;0;2;7;16;5;203 779 266;1;1;4;1;1961.0;9;2;8;-1;23;5;2023;10:15;1;75;75120;2;3;1;2;48.873599;2.390369;4;1;1;0;1;1; -1;1;0;1;30;Blessé léger;1
202300030330;155 626 754;A01;2;0;2;4;14;3;203 779 268;1;1;1;1;1999.0;9;2;6;-1;23;5;2023;10:15;1;75;75120;2;3;1;2;48.873599;2.390369;4;1;1;1;1;1; -1;1;0;1;30;Indemne;1
202300030330;155 626 754;A01;2;0;2;4;14;3;203 779 268;1;1;1;1;1999.0;9;2;6;-1;23;5;2023;10:15;1;75;75120;2;3;1;2;48.873599;2.390369;4;1;1;0;1;1; -1;1;0;1;30;Indemne;1
202300030350;155 626 721;A01;1;15;1;2;1;5;203 779 227;1;1;4;2;1978.0;9;2;0;-1;23;5;2023;19:40;1;75;75107;2;1;1;6;48.861528;2.297521;4;3;6;2;1;1; -1;1;9;5;30;Blessé léger;1
202300030350;155 626 721;A01;1;15;1;2;1;5;203 779 229;10;3;1;1;2000.0;9;0;0;0;23;5;2023;19:40;1;75;75107;2;1;1;6;48.861528;2.297521;4;3;6;2;1;1; -1;1;9;5;30;Indemne;1
202300030354;155 626 715;A01;1;0;0;0;0;5;203 779 219;1;1;4;1;1973.0;1;2;0;-1;23;5;2023;09:30;1;94;94042;2;1;1;7;48.81937503;2.46355712;3;1;4;2;2;1; -1;1;1;1;50;Blessé léger;1
202300030361;155 626 704;B01;7;0;-1;8;1;3;203 779 203;1;1;1;1;1973.0;1;1;0;-1;8;11;2023;12:15;1;49;49007;2;2;8;2;47.47384;-0.57549;4;2;2;0;1;1; -1;1;0;1;50;Indemne;2
202300030361;155 626 704;B01;7;0;-1;8;1;3;203 779 203;1;1;1;1;1973.0;1;1;0;-1;8;11;2023;12:15;1;49;49007;2;2;8;2;47.47384;-0.57549;4;2;2;0;1;1; -1;1;0;1;50;Indemne;2
202300030361;155 626 707;A01;1;0;2;1;1;5;203 779 207;1;1;4;2;1984.0;5;8;0;-1;8;11;2023;12:15;1;49;49007;2;2;8;2;47.47384;-0.57549;4;2;2;0;1;1; -1;1;0;1;50;Blessé léger;2
202300030361;155 626 707;A01;1;0;2;1;1;5;203 779 207;1;1;4;2;1984.0;5;8;0;-1;8;11;2023;12:15;1;49;49007;2;2;8;2;47.47384;-0.57549;4;2;2;0;1;1; -1;1;0;1;50;Blessé léger;2
202300030362;155 626 703;A01;1;0;1;7;1;5;203 779 201;1;1;1;1;1972.0;5;8;0;-1;23;5;2023;20:45;1;94;94041;2;3;1;6;48.81129927;2.38411897;3;2;2;3;2;1; -1;1;0;1;50;Indemne;1
202300030362;155 626 703;A01;1;0;1;7;1;5;203 779 201;1;1;1;1;1972.0;5;8;0;-1;23;5;2023;20:45;1;94;94041;2;3;1;6;48.81129927;2.38411897;3;1;1;0;1;1; -1;1;0;1;-1;Indemne;1
202300030362;155 626 703;A01;1;0;1;7;1;5;203 779 204;10;3;4;2;2008.0;0;0;-1;-1;23;5;2023;20:45;1;94;94041;2;3;1;6;48.81129927;2.38411897;3;2;2;3;2;1; -1;1;0;1;50;Blessé léger;1
202300030362;155 626 703;A01;1;0;1;7;1;5;203 779 204;10;3;4;2;2008.0;0;0;-1;-1;23;5;2023;20:45;1;94;94041;2;3;1;6;48.81129927;2.38411897;3;1;1;0;1;1; -1;1;0;1;-1;Blessé léger;1
202300030372;155 626 686;B01;1;0;2;7;9;5;203 779 177;1;1;4;1;1980.0;0;8;0;-1;11;11;2023;19:20;5;44;44109;2;6;2;3;47.20083554;-1.5444967;4;2;4;0;1;1;7;2;9;1;50;Blessé léger;5
202300030372;155 626 688;A01;7;0;2;1;1;1;203 779 180;1;1;1;1;1971.0;0;1;8;-1;11;11;2023;19:20;5;44;44109;2;6;2;3;47.20083554;-1.5444967;4;2;4;0;1;1;7;2;9;1;50;Indemne;5
202300030377;155 626 681;B01;1;0;0;0;0;5;203 779 172;1;1;4;2;1974.0;0;8;0;-1;23;5;2023;13:00;1;93;93064;2;2;1;2;48.8710314;2.4709298;3;2;2;0;1;1; -1;1;0;1;50;Blessé léger;1
202300030377;155 626 681;B01;1;0;0;0;0;5;203 779 172;1;1;4;2;1974.0;0;8;0;-1;23;5;2023;13:00;1;93;93064;2;2;1;2;48.8710314;2.4709298;3;2;2;0;1;1; -1;1;0;1;50;Blessé léger;1
202300030377;155 626 681;B01;1;0;0;0;0;5;203 779 172;1;1;4;2;1974.0;0;8;0;-1;23;5;2023;13:00;1;93;93064;2;2;1;2;48.8710314;2.4709298;3;2;2;0;1;1; -1;1;0;1;50;Blessé léger;1
202300030379;155 626 674;B01;80;0;2;1;1;3;203 779 161;1;1;4;1;2003.0;4;8;8;-1;15;12;2023;21:39;5;67;67482;2;3;1;3;48.57626;7.72681;4;2;2;0;1;1; -1;1;9;1;-1;Blessé léger;4
202300030379;155 626 674;B01;80;0;2;1;1;3;203 779 161;1;1;4;1;2003.0;4;8;8;-1;15;12;2023;21:39;5;67;67482;2;3;1;3;48.57626;7.72681;4;2;2;0;1;1;10;1;1;5;20;Blessé léger;4
202300030379;155 626 676;A01;7;0;2;3;1;3;203 779 164;1;1;1;1;1985.0;5;1;8;-1;15;12;2023;21:39;5;67;67482;2;3;1;3;48.57626;7.72681;4;2;2;0;1;1; -1;1;9;1;-1;Indemne;4
202300030379;155 626 676;A01;7;0;2;3;1;3;203 779 164;1;1;1;1;1985.0;5;1;8;-1;15;12;2023;21:39;5;67;67482;2;3;1;3;48.57626;7.72681;4;2;2;0;1;1;10;1;1;5;20;Indemne;4
202300030382;155 626 667;A01;7;0;2;3;1;1;203 779 154;1;1;1;1;1950.0;5;1;8;-1;15;12;2023;07:00;5;67;67482;2;4;1;3;48.59354;7.75853;4;1;3;0;1;1; -1;1;0;5;50;Indemne;4
202300030382;155 626 667;A01;7;0;2;3;1;1;203 779 154;1;1;1;1;1950.0;5;1;8;-1;15;12;2023;07:00;5;67;67482;2;4;1;3;48.59354;7.75853;4;2;5;1;1;1; -1;1;0;5;50;Indemne;4
202300030382;155 626 667;A01;7;0;2;3;1;1;203 779 154;1;1;1;1;1950.0;5;1;8;-1;15;12;2023;07:00;5;67;67482;2;4;1;3;48.59354;7.75853;4;1;3;0;1;1; -1;1;0;5;50;Indemne;4
202300030382;155 626 671;B01;1;0;2;1;19;5;203 779 158;1;1;4;2;1992.0;0;2;8;-1;15;12;2023;07:00;5;67;67482;2;4;1;3;48.59354;7.75853;4;1;3;0;1;1; -1;1;0;5;50;Blessé léger;4
202300030382;155 626 671;B01;1;0;2;1;19;5;203 779 158;1;1;4;2;1992.0;0;2;8;-1;15;12;2023;07:00;5;67;67482;2;4;1;3;48.59354;7.75853;4;2;5;1;1;1; -1;1;0;5;50;Blessé léger;4
202300030382;155 626 671;B01;1;0;2;1;19;5;203 779 158;1;1;4;2;1992.0;0;2;8;-1;15;12;2023;07:00;5;67;67482;2;4;1;3;48.59354;7.75853;4;1;3;0;1;1; -1;1;0;5;50;Blessé léger;4
202300030398;155 626 632;B01;33;0;2;2;2;1;203 779 116;1;1;4;1;1957.0;4;2;6;-1;23;5;2023;18:20;1;92;92044;2;3;1;3;48.89812622;2.2801432;4;2; -1;0;1;1; -1;1;0;1;50;Blessé léger;1
202300030398;155 626 636;A01;1;0;2;1;15;5;203 779 121;1;1;1;1;1978.0;1;2;0;-1;23;5;2023;18:20;1;92;92044;2;3;1;3;48.89812622;2.2801432;4;2; -1;0;1;1; -1;1;0;1;50;Indemne;1
202300030399;155 626 631;A01;10;0;2;1;1;1;203 779 113;1;1;1;1;1997.0;4;1;0;-1;9;11;2023;07:35;2;37;37261;2;6;8;3;47.37348;0.67865;4;1;4;1;1;1; -1;2;9;5;50;Indemne;3
202300030399;155 626 631;A01;10;0;2;1;1;1;203 779 113;1;1;1;1;1997.0;4;1;0;-1;9;11;2023;07:35;2;37;37261;2;6;8;3;47.37348;0.67865;4;3;4;0;1;1; -1;2;0;5;50;Indemne;3
202300030399;155 626 631;A01;10;0;2;1;1;1;203 779 113;1;1;1;1;1997.0;4;1;0;-1;9;11;2023;07:35;2;37;37261;2;6;8;3;47.37348;0.67865;4;1;2;2;1;1; -1;2;5;5;50;Indemne;3
202300030399;155 626 633;B01;1;0;2;4;19;5;203 779 115;1;1;4;1;1968.0;1;2;8;-1;9;11;2023;07:35;2;37;37261;2;6;8;3;47.37348;0.67865;4;1;4;1;1;1; -1;2;9;5;50;Blessé léger;3
202300030399;155 626 633;B01;1;0;2;4;19;5;203 779 115;1;1;4;1;1968.0;1;2;8;-1;9;11;2023;07:35;2;37;37261;2;6;8;3;47.37348;0.67865;4;3;4;0;1;1; -1;2;0;5;50;Blessé léger;3
202300030399;155 626 633;B01;1;0;2;4;19;5;203 779 115;1;1;4;1;1968.0;1;2;8;-1;9;11;2023;07:35;2;37;37261;2;6;8;3;47.37348;0.67865;4;1;2;2;1;1; -1;2;5;5;50;Blessé léger;3
202300030404;155 626 623;A01;7;14;0;1;1;1;203 779 103;1;1;1;1;1978.0;0;8;8;-1;15;12;2023;16:40;1;59;59152;2;1;8;2;50.76351;3.01048;4;2;0;0;1;1; -1;1;0;1;50;Indemne;4
202300030404;155 626 624;B01;1;0;2;4;23;5;203 779 104;1;1;4;2;2007.0;0;8;0;-1;15;12;2023;16:40;1;59;59152;2;1;8;2;50.76351;3.01048;4;2;0;0;1;1; -1;1;0;1;50;Blessé léger;4
202300030431;155 626 580;B01;1;0;2;7;1;5;203 779 049;1;1;4;1;1997.0;1;2;6;-1;8;11;2023;07:20;5;29;29019;2;6;2;3;48.385326;-4.528253;4;3;4;1;1;2; -1;2;0;1;50;Blessé léger;2
202300030431;155 626 580;B01;1;0;2;7;1;5;203 779 049;1;1;4;1;1997.0;1;2;6;-1;8;11;2023;07:20;5;29;29019;2;6;2;3;48.385326;-4.528253;4;2;2;0;1;2; -1;2;0;1;50;Blessé léger;2
202300030431;155 626 582;A01;10;0;2;1;9;1;203 779 052;1;1;1;1;1973.0;1;1;0;-1;8;11;2023;07:20;5;29;29019;2;6;2;3;48.385326;-4.528253;4;3;4;1;1;2; -1;2;0;1;50;Indemne;2
202300030431;155 626 582;A01;10;0;2;1;9;1;203 779 052;1;1;1;1;1973.0;1;1;0;-1;8;11;2023;07:20;5;29;29019;2;6;2;3;48.385326;-4.528253;4;2;2;0;1;2; -1;2;0;1;50;Indemne;2
202300030432;155 626 577;A01;7;0;2;1;16;1;203 779 046;1;1;1;1;1998.0;1;1;0;-1;14;12;2023;07:45;5;35;35238;2;6;1;3;48.10378;-1.64992;4;2;2;0;1;3; -1;1;0;1;30;Indemne;3
202300030432;155 626 577;A01;7;0;2;1;16;1;203 779 046;1;1;1;1;1998.0;1;1;0;-1;14;12;2023;07:45;5;35;35238;2;6;1;3;48.10378;-1.64992;4;3;2;1;1;3; -1;1;0;1;30;Indemne;3
202300030432;155 626 578;B01;1;0;2;8;1;5;203 779 048;1;1;4;2;2004.0;2;8;0;-1;14;12;2023;07:45;5;35;35238;2;6;1;3;48.10378;-1.64992;4;2;2;0;1;3; -1;1;0;1;30;Blessé léger;3
202300030432;155 626 578;B01;1;0;2;8;1;5;203 779 048;1;1;4;2;2004.0;2;8;0;-1;14;12;2023;07:45;5;35;35238;2;6;1;3;48.10378;-1.64992;4;3;2;1;1;3; -1;1;0;1;30;Blessé léger;3
202300030440;155 626 563;B01;7;0;2;2;1;1;203 779 029;1;1;1;2;1990.0;1;1;-1;-1;23;5;2023;16:15;1;86;86096;1;1;1;1;46.821783;0.318809;3;2;1;0;3;1; -1;1;0;1;80;Indemne;1
202300030440;155 626 566;A01;1;0;2;0;5;5;203 779 031;1;1;3;1;1953.0;5;0;-1;-1;23;5;2023;16:15;1;86;86096;1;1;1;1;46.821783;0.318809;3;2;1;0;3;1; -1;1;0;1;80;Blessé hospitalisé;1
202300030445;155 626 553;A01;7;0;2;1;26;1;203 779 015;1;1;1;1;1978.0;0;8;0;-1;14;12;2023;17:55;5;31;31555;2;1;1;3;43.592562;1.402101;4;2;3;1;2;1; -1;1;9;6;50;Indemne;3
202300030445;155 626 553;A01;7;0;2;1;26;1;203 779 017;2;2;3;1;1966.0;0;8;-1;-1;14;12;2023;17:55;5;31;31555;2;1;1;3;43.592562;1.402101;4;2;3;1;2;1; -1;1;9;6;50;Blessé hospitalisé;3
202300030445;155 626 556;C01;1;0;2;4;26;5;203 779 019;1;1;3;1;1966.0;1;2;-1;-1;14;12;2023;17:55;5;31;31555;2;1;1;3;43.592562;1.402101;4;2;3;1;2;1; -1;1;9;6;50;Blessé hospitalisé;3
202300030451;155 626 542;A01;7;0;2;1;1;1;203 779 003;1;1;1;2;1976.0;9;1;-1;-1;14;12;2023;12:12;1;29;29019;2;6;2;3;48.385273;-4.528777;4;2;4;3;1;1; -1;2;9;1;50;Indemne;3
202300030451;155 626 542;A01;7;0;2;1;1;1;203 779 003;1;1;1;2;1976.0;9;1;-1;-1;14;12;2023;12:12;1;29;29019;2;6;2;3;48.385273;-4.528777;4;-1;2;0;1;1; -1;2;0;1;50;Indemne;3
202300030451;155 626 544;B01;1;0;2;4;1;5;203 779 005;1;1;4;1;1998.0;0;2;-1;-1;14;12;2023;12:12;1;29;29019;2;6;2;3;48.385273;-4.528777;4;2;4;3;1;1; -1;2;9;1;50;Blessé léger;3
202300030451;155 626 544;B01;1;0;2;4;1;5;203 779 005;1;1;4;1;1998.0;0;2;-1;-1;14;12;2023;12:12;1;29;29019;2;6;2;3;48.385273;-4.528777;4;-1;2;0;1;1; -1;2;0;1;50;Blessé léger;3
202300030452;155 626 545;A01;7;0;0;0;0;1;203 779 007;1;1;1;2;1990.0;5;1;-1;-1;24;5;2023;11:10;1;84;84069;1;1;1;3;44.192021;5.141344;3;2;2;0;2;1;4;1;0;1;80;Indemne;2
202300030452;155 626 547;B01;1;0;0;0;0;5;203 779 008;1;1;3;1;1943.0;5;2;-1;-1;24;5;2023;11:10;1;84;84069;1;1;1;3;44.192021;5.141344;3;2;2;0;2;1;4;1;0;1;80;Blessé hospitalisé;2
202300030454;155 626 538;A01;7;0;2;1;15;1;203 778 998;1;1;1;2;2001.0;2;1;0;-1;14;12;2023;09:00;1;29;29019;2;3;2;1;48.4017;-4.48306;4;2;2;0;1;1; -1;2;0;1;30;Indemne;3
202300030454;155 626 538;A01;7;0;2;1;15;1;203 778 998;1;1;1;2;2001.0;2;1;0;-1;14;12;2023;09:00;1;29;29019;2;3;2;1;48.4017;-4.48306;4;2;3;0;1;1; -1;2;0;1;30;Indemne;3
202300030454;155 626 540;B01;1;0;2;1;1;5;203 779 001;1;1;4;1;1992.0;1;8;0;-1;14;12;2023;09:00;1;29;29019;2;3;2;1;48.4017;-4.48306;4;2;2;0;1;1; -1;2;0;1;30;Blessé léger;3
202300030454;155 626 540;B01;1;0;2;1;1;5;203 779 001;1;1;4;1;1992.0;1;8;0;-1;14;12;2023;09:00;1;29;29019;2;3;2;1;48.4017;-4.48306;4;2;3;0;1;1; -1;2;0;1;30;Blessé léger;3
202300030463;155 626 519;A01;7;0;2;1;15;1;203 778 977;1;1;1;1;1978.0;0;1;8;-1;14;12;2023;08:10;1;19;19031;2;3;1;3;45.1562;1.50316;4;2;2;0;1;1; -1;2;0;1;50;Indemne;3
202300030463;155 626 519;A01;7;0;2;1;15;1;203 778 977;1;1;1;1;1978.0;0;1;8;-1;14;12;2023;08:10;1;19;19031;2;3;1;3;45.1562;1.50316;4;2;2;0;1;1; -1;2;0;1;50;Indemne;3
202300030463;155 626 520;B01;1;0;2;1;1;5;203 778 978;1;1;4;1;2009.0;2;2;0;-1;14;12;2023;08:10;1;19;19031;2;3;1;3;45.1562;1.50316;4;2;2;0;1;1; -1;2;0;1;50;Blessé léger;3
202300030463;155 626 520;B01;1;0;2;1;1;5;203 778 978;1;1;4;1;2009.0;2;2;0;-1;14;12;2023;08:10;1;19;19031;2;3;1;3;45.1562;1.50316;4;2;2;0;1;1; -1;2;0;1;50;Blessé léger;3
202300030480;155 626 488;B01;1;0;2;7;19;5;203 778 943;1;1;4;1;1977.0;5;8;0;-1;8;9;2023;15:30;1;17;17306;2;1;7;3;45.6243;-1.02824;4;2;4;0;1;1; -1;1;0;1;30;Blessé léger;4
202300030480;155 626 491;A01;7;0;2;1;1;1;203 778 945;1;1;1;1;1933.0;5;1;0;-1;8;9;2023;15:30;1;17;17306;2;1;7;3;45.6243;-1.02824;4;2;4;0;1;1; -1;1;0;1;30;Indemne;4
202300030483;155 626 483;B01;1;0;2;1;1;5;203 778 937;1;1;3;1;1999.0;5;8;0;-1;8;9;2023;19:20;1;17;17300;2;2;1;3;46.16309;-1.16514;4;2;2;0;1;1; -1;1;0;1;30;Blessé hospitalisé;4