Num_Acc;id_vehicule;num_veh;catv;obs;obsm;choc;manv;motor;id_usager;place;catu;grav;sexe;an_nais;trajet;secu1;secu2;secu3;jour;mois;an;hrmn;lum;dep;com;agg;int;atm;col;lat;long;catr;circ;nbv;vosp;prof;plan;larrout;surf;infra;situ;vma;gravity;day_of_week
202300030483;155 626 483;B01;1;0;2;1;1;5;203 778 937;1;1;3;1;1999.0;5;8;0;-1;8;9;2023;19:20;1;17;17300;2;2;1;3;46.16309;-1.16514;4;2;2;1;1;1; -1;1;0;1;30;Blessé hospitalisé;4
202300030483;155 626 484;A01;3;0;2;3;15;1;203 778 939;1;1;1;2;1955.0;5;1;0;-1;8;9;2023;19:20;1;17;17300;2;2;1;3;46.16309;-1.16514;4;2;2;0;1;1; -1;1;0;1;30;Indemne;4
202300030483;155 626 484;A01;3;0;2;3;15;1;203 778 939;1;1;1;2;1955.0;5;1;0;-1;8;9;2023;19:20;1;17;17300;2;2;1;3;46.16309;-1.16514;4;2;2;1;1;1; -1;1;0;1;30;Indemne;4
202300030492;155 626 469;A01;7;0;2;7;22;1;203 778 919;1;1;1;2;1975.0;5;1;0;-1;13;12;2023;13:15;1;75;75106;2;1;2;3;48.844136;2.330926;4;1;1;0;1;1; -1;2;0;1;30;Indemne;2
202300030492;155 626 469;A01;7;0;2;7;22;1;203 778 921;2;2;1;2;2007.0;5;1;0;-1;13;12;2023;13:15;1;75;75106;2;1;2;3;48.844136;2.330926;4;1;1;0;1;1; -1;2;0;1;30;Indemne;2
202300030492;155 626 472;B01;1;0;2;8;1;5;203 778 924;1;1;4;2;1998.0;4;2;0;-1;13;12;2023;13:15;1;75;75106;2;1;2;3;48.844136;2.330926;4;1;1;0;1;1; -1;2;0;1;30;Blessé léger;2
202300030496;155 626 464;A01;1;0;1;1;1;5;203 778 911;1;1;1;1;1970.0;5;8;0;-1;15;12;2023;17:10;5;75;75115;2;1;1;6;48.844532;2.302242;4;2;3;3;1;1; -1;1;0;6;30;Indemne;4
202300030496;155 626 464;A01;1;0;1;1;1;5;203 778 914;10;3;4;2;1951.0;3;0;-1;-1;15;12;2023;17:10;5;75;75115;2;1;1;6;48.844532;2.302242;4;2;3;3;1;1; -1;1;0;6;30;Blessé léger;4
202300030508;155 626 443;A01;1;0;0;0;0;5;203 778 879;1;1;4;1;1998.0;0;8;0;-1;7;9;2023;12:30;1;10;10081;2;1;7;7;48.32235;4.05233;4;2;2;0;1;1; -1;1;0;1;50;Blessé léger;3
202300030511;155 626 444;B01;80;0;2;1;1;3;203 778 880;1;1;4;1;1991.0;9;8;0;-1;15;12;2023;12:05;1;75;75111;2;3;1;2;48.852832;2.374511;4;1; -1;-1;1;1; -1;1;0;1;30;Blessé léger;4
202300030511;155 626 444;B01;80;0;2;1;1;3;203 778 880;1;1;4;1;1991.0;9;8;0;-1;15;12;2023;12:05;1;75;75111;2;3;1;2;48.852832;2.374511;4;1;1;0;1;1; -1;1;0;1;30;Blessé léger;4
202300030511;155 626 447;A01;7;0;2;4;1;1;203 778 884;1;1;1;1;1981.0;9;8;0;-1;15;12;2023;12:05;1;75;75111;2;3;1;2;48.852832;2.374511;4;1; -1;-1;1;1; -1;1;0;1;30;Indemne;4
202300030511;155 626 447;A01;7;0;2;4;1;1;203 778 884;1;1;1;1;1981.0;9;8;0;-1;15;12;2023;12:05;1;75;75111;2;3;1;2;48.852832;2.374511;4;1;1;0;1;1; -1;1;0;1;30;Indemne;4
202300030517;155 626 428;B01;1;1;0;2;13;5;203 778 859;1;1;4;1;1990.0;9;8;0;-1;15;12;2023;13:30;1;75;75108;2;1;1;3;48.876146;2.318274;4;1;4;1;1;1; -1;1;0;1;50;Blessé léger;4
202300030520;155 626 424;A01;80;14;0;9;1;3;203 778 853;1;1;4;1;1975.0;4;2;8;-1;15;12;2023;13:10;1;75;75108;2;1;1;7;48.87278;2.298427;4;-1;2;1;2;1; -1;1;0;5;30;Blessé léger;4
202300030525;155 626 412;A01;7;0;2;2;16;1;203 778 838;1;1;1;2;1972.0;1;1;0;-1;15;12;2023;07:51;2;75;75107;2;3;1;1;48.860549;2.295626;4;2; -1;-1;1;1; -1;1;9;5;30;Indemne;4
202300030525;155 626 412;A01;7;0;2;2;16;1;203 778 838;1;1;1;2;1972.0;1;1;0;-1;15;12;2023;07:51;2;75;75107;2;3;1;1;48.860549;2.295626;4;2;4;1;1;1; -1;1;9;5;30;Indemne;4
202300030525;155 626 415;B01;1;0;2;2;1;5;203 778 841;1;1;4;1;1980.0;1;8;0;-1;15;12;2023;07:51;2;75;75107;2;3;1;1;48.860549;2.295626;4;2; -1;-1;1;1; -1;1;9;5;30;Blessé léger;4
202300030525;155 626 415;B01;1;0;2;2;1;5;203 778 841;1;1;4;1;1980.0;1;8;0;-1;15;12;2023;07:51;2;75;75107;2;3;1;1;48.860549;2.295626;4;2;4;1;1;1; -1;1;9;5;30;Blessé léger;4
202300030543;155 626 384;A01;1;0;0;0;1;5;203 778 800;1;1;4;2;2000.0;9;8;0;-1;8;9;2023;17:10;1;75;75120;2;4;1;7;48.863041;2.388044;4;2;4;1;2;1; -1;1;0;5;30;Blessé léger;4
202300030543;155 626 384;A01;1;0;0;0;1;5;203 778 800;1;1;4;2;2000.0;9;8;0;-1;8;9;2023;17:10;1;75;75120;2;4;1;7;48.863041;2.388044;4;1; -1;-1;2;1; -1;1;0;1;30;Blessé léger;4
202300030553;155 626 367;B01;80;0;2;1;1;3;203 778 778;1;1;3;1;2001.0;9;8;0;-1;8;9;2023;02:10;5;75;75118;2;3;1;1;48.887328;2.367064;4;-1; -1;-1;1;1; -1;1;-1;5;30;Blessé hospitalisé;4
202300030553;155 626 367;B01;80;0;2;1;1;3;203 778 778;1;1;3;1;2001.0;9;8;0;-1;8;9;2023;02:10;5;75;75118;2;3;1;1;48.887328;2.367064;4;2;2;1;1;1; -1;1;0;5;30;Blessé hospitalisé;4
202300030553;155 626 369;A01;80;0;2;1;1;3;203 778 781;1;1;4;1;1994.0;9;8;0;-1;8;9;2023;02:10;5;75;75118;2;3;1;1;48.887328;2.367064;4;-1; -1;-1;1;1; -1;1;-1;5;30;Blessé léger;4
202300030553;155 626 369;A01;80;0;2;1;1;3;203 778 781;1;1;4;1;1994.0;9;8;0;-1;8;9;2023;02:10;5;75;75118;2;3;1;1;48.887328;2.367064;4;2;2;1;1;1; -1;1;0;5;30;Blessé léger;4
202300030560;155 626 355;A01;7;0;2;3;22;1;203 778 764;1;1;1;1;1976.0;9;8;0;-1;7;9;2023;17:10;1;75;75116;2;1;1;3;48.838881;2.256821;4;2;4;0;1;1; -1;1;0;1;50;Indemne;3
202300030560;155 626 358;B01;1;0;2;1;1;5;203 778 768;1;1;4;1;1998.0;9;8;8;-1;7;9;2023;17:10;1;75;75116;2;1;1;3;48.838881;2.256821;4;2;4;0;1;1; -1;1;0;1;50;Blessé léger;3
202300030566;155 626 345;A01;7;0;2;2;25;1;203 778 746;1;1;1;2;1970.0;5;1;0;-1;15;12;2023;11:00;1;92;92012;2;1;1;3;48.83460222;2.23286703;4;-1;0;1;1;1; -1;1;6;5;-1;Indemne;4
202300030566;155 626 346;B01;80;0;2;1;1;3;203 778 750;1;1;4;2;1971.0;0;2;0;-1;15;12;2023;11:00;1;92;92012;2;1;1;3;48.83460222;2.23286703;4;-1;0;1;1;1; -1;1;6;5;-1;Blessé léger;4
202300030570;155 626 338;A01;1;0;2;1;15;5;203 778 740;1;1;3;2;1967.0;1;0;-1;-1;22;6;2023;15:10;1;84;84087;1;3;3;3;44.152;4.825;4;2;2;0;1;1; -1;2;0;1;50;Blessé hospitalisé;3
202300030570;155 626 338;A01;1;0;2;1;15;5;203 778 740;1;1;3;2;1967.0;1;0;-1;-1;22;6;2023;15:10;1;84;84087;1;3;3;3;44.152;4.825;4;2;2;0;1;1; -1;2;0;1;50;Blessé hospitalisé;3
202300030570;155 626 340;B01;7;0;2;2;17;1;203 778 742;1;1;1;2;1995.0;1;1;0;-1;22;6;2023;15:10;1;84;84087;1;3;3;3;44.152;4.825;4;2;2;0;1;1; -1;2;0;1;50;Indemne;3
202300030570;155 626 340;B01;7;0;2;2;17;1;203 778 742;1;1;1;2;1995.0;1;1;0;-1;22;6;2023;15:10;1;84;84087;1;3;3;3;44.152;4.825;4;2;2;0;1;1; -1;2;0;1;50;Indemne;3
202300030573;155 626 334;A01;1;0;1;1;1;5;203 778 734;1;1;4;2;1994.0;0;8;0;-1;26;6;2023;18:00;1;83;83137;2;9;1;6;43.118945;5.934668;4;2;5;2;1;1; -1;1;0;5;50;Blessé léger;0
202300030573;155 626 334;A01;1;0;1;1;1;5;203 778 735;10;3;4;2;1993.0;0;0;-1;-1;26;6;2023;18:00;1;83;83137;2;9;1;6;43.118945;5.934668;4;2;5;2;1;1; -1;1;0;5;50;Blessé léger;0
202300030593;155 626 300;A01;7;0;2;3;1;1;203 778 686;1;1;1;1;1979.0;5;1;-1;-1;16;12;2023;13:15;1;974;97414;1;1;1;1;-21.27233;55.414352;3;2;2;0;2;2;5;1;0;1;70;Indemne;5
202300030593;155 626 300;A01;7;0;2;3;1;1;203 778 687;2;2;1;2;1983.0;5;1;-1;-1;16;12;2023;13:15;1;974;97414;1;1;1;1;-21.27233;55.414352;3;2;2;0;2;2;5;1;0;1;70;Indemne;5
202300030593;155 626 300;A01;7;0;2;3;1;1;203 778 688;7;2;1;1;2006.0;5;1;-1;-1;16;12;2023;13:15;1;974;97414;1;1;1;1;-21.27233;55.414352;3;2;2;0;2;2;5;1;0;1;70;Indemne;5
202300030593;155 626 300;A01;7;0;2;3;1;1;203 778 691;9;2;1;2;2013.0;5;1;-1;-1;16;12;2023;13:15;1;974;97414;1;1;1;1;-21.27233;55.414352;3;2;2;0;2;2;5;1;0;1;70;Indemne;5
202300030593;155 626 305;B01;1;0;2;1;5;5;203 778 693;1;1;4;1;2008.0;5;0;-1;-1;16;12;2023;13:15;1;974;97414;1;1;1;1;-21.27233;55.414352;3;2;2;0;2;2;5;1;0;1;70;Blessé léger;5
202300030597;155 626 292;A01;7;0;2;8;24;1;203 778 677;1;1;1;2;1977.0;1;1;4;-1;26;6;2023;07:47;1;74;74012;2;1;1;3;46.19076;6.23442;4;1;1;2;1;1; -1;1;0;5;50;Indemne;0
202300030597;155 626 295;B01;80;1;0;0;0;3;203 778 680;1;1;4;1;1972.0;1;2;8;-1;26;6;2023;07:47;1;74;74012;2;1;1;3;46.19076;6.23442;4;1;1;2;1;1; -1;1;0;5;50;Blessé léger;0
202300030616;155 626 261;A01;7;1;0;3;13;1;203 778 637;1;1;1;1;1985.0;0;1;0;-1;8;9;2023;17:20;1;93;93048;2;1;1;3;48.8599571;2.43890388;3;2;2;3;1;1; -1;1;0;1;30;Indemne;4
202300030616;155 626 263;B01;1;0;0;7;17;5;203 778 640;1;1;4;1;1988.0;0;8;0;-1;8;9;2023;17:20;1;93;93048;2;1;1;3;48.8599571;2.43890388;3;2;2;3;1;1; -1;1;0;1;30;Blessé léger;4
202300030618;155 626 257;B01;1;0;2;4;1;5;203 778 629;1;1;3;2;1962.0;1;2;-1;-1;15;6;2023;11:06;1;65;65440;2;6;1;3;43.220985;0.060927;2;2;2;0;1;1; -1;1;0;1;50;Blessé hospitalisé;3
202300030618;155 626 257;B01;1;0;2;4;1;5;203 778 629;1;1;3;2;1962.0;1;2;-1;-1;15;6;2023;11:06;1;65;65440;2;6;1;3;43.220985;0.060927;2;1;2;0;1;2; -1;1;0;1;50;Blessé hospitalisé;3
202300030618;155 626 259;A01;7;0;2;4;9;1;203 778 632;1;1;1;2;1981.0;1;1;-1;-1;15;6;2023;11:06;1;65;65440;2;6;1;3;43.220985;0.060927;2;2;2;0;1;1; -1;1;0;1;50;Indemne;3
202300030618;155 626 259;A01;7;0;2;4;9;1;203 778 632;1;1;1;2;1981.0;1;1;-1;-1;15;6;2023;11:06;1;65;65440;2;6;1;3;43.220985;0.060927;2;1;2;0;1;2; -1;1;0;1;50;Indemne;3
202300030628;155 626 244;A01;7;0;2;3;1;1;203 778 614;1;1;1;2;1986.0;1;1;-1;-1;15;12;2023;18:00;3;47;47269;1;3;8;3;44.174256;0.75126;3;2;2;0;1;1;5,5;1;0;1;80;Indemne;4
202300030628;155 626 244;A01;7;0;2;3;1;1;203 778 614;1;1;1;2;1986.0;1;1;-1;-1;15;12;2023;18:00;3;47;47269;1;3;8;3;44.174256;0.75126;3;2;2;-1;1;1; -1;1;0;1;50;Indemne;4
202300030628;155 626 245;B01;1;0;2;9;10;5;203 778 615;1;1;2;1;2010.0;5;0;-1;-1;15;12;2023;18:00;3;47;47269;1;3;8;3;44.174256;0.75126;3;2;2;0;1;1;5,5;1;0;1;80;Tué;4
202300030628;155 626 245;B01;1;0;2;9;10;5;203 778 615;1;1;2;1;2010.0;5;0;-1;-1;15;12;2023;18:00;3;47;47269;1;3;8;3;44.174256;0.75126;3;2;2;-1;1;1; -1;1;0;1;50;Tué;4
202300030634;155 626 234;A01;38;0;2;7;1;1;203 778 601;1;1;1;2;1979.0;4;1;0;-1;7;6;2023;12:40;1;59;59526;2;1;1;6;50.44429651;3.41612577;3;2;2;0;1;1; -1;1;2;1;50;Indemne;2
202300030634;155 626 236;B01;1;0;2;8;1;5;203 778 604;1;1;2;1;2011.0;2;8;0;-1;7;6;2023;12:40;1;59;59526;2;1;1;6;50.44429651;3.41612577;3;2;2;0;1;1; -1;1;2;1;50;Tué;2
202300030638;155 626 225;A01;7;0;2;1;9;1;203 778 589;1;1;1;2;1983.0;0;1;0;-1;23;6;2023;07:55;1;59;59178;2;1;1;3;50.363;3.07809;3;1;3;2;1;2; -1;1;0;5;50;Indemne;4
202300030638;155 626 227;B01;1;0;2;7;1;5;203 778 591;1;1;3;1;1958.0;5;2;0;-1;23;6;2023;07:55;1;59;59178;2;1;1;3;50.363;3.07809;3;1;3;2;1;2; -1;1;0;5;50;Blessé hospitalisé;4
202300030652;155 626 200;B01;7;0;2;2;1;1;203 778 559;1;1;1;2;1979.0;0;1;8;-1;25;6;2023;12:40;1;56;56107;2;6;1;3;47.70973;-3.38444;4;2;2;0;1;1; -1;1;5;1;30;Indemne;6
202300030652;155 626 200;B01;7;0;2;2;1;1;203 778 559;1;1;1;2;1979.0;0;1;8;-1;25;6;2023;12:40;1;56;56107;2;6;1;3;47.70973;-3.38444;4;1;1;0;1;1; -1;1;5;1;30;Indemne;6
202300030652;155 626 203;A01;1;0;2;1;9;5;203 778 563;1;1;4;1;1985.0;0;2;0;-1;25;6;2023;12:40;1;56;56107;2;6;1;3;47.70973;-3.38444;4;2;2;0;1;1; -1;1;5;1;30;Blessé léger;6
202300030652;155 626 203;A01;1;0;2;1;9;5;203 778 563;1;1;4;1;1985.0;0;2;0;-1;25;6;2023;12:40;1;56;56107;2;6;1;3;47.70973;-3.38444;4;1;1;0;1;1; -1;1;5;1;30;Blessé léger;6
202300030675;155 626 160;B01;1;0;2;7;0;5;203 778 508;1;1;2;1;1951.0;0;8;0;-1;24;6;2023;15:30;1;44;44109;2;1;1;1;47.20149;-1.57702;4;3;4;3;1;1; -1;1;0;1;50;Tué;5
202300030675;155 626 162;A01;7;0;2;1;0;1;203 778 510;1;1;1;1;1984.0;0;1;0;0;24;6;2023;15:30;1;44;44109;2;1;1;1;47.20149;-1.57702;4;3;4;3;1;1; -1;1;0;1;50;Indemne;5
202300030681;155 626 154;A01;1;0;0;0;1;5;203 778 499;1;1;3;1;1959.0;5;2;-1;-1;7;9;2023;13:50;1;65;65018;1;1;1;7;42.95923377;-0.26868886;3;2;2;0;3;1;5,5;1;0;1;80;Blessé hospitalisé;3
202300030684;155 626 150;A01;1;0;2;3;1;5;203 778 494;1;1;4;2;1971.0;1;2;-1;-1;7;9;2023;07:30;2;55;55054;1;1;7;3;48.871179;5.50694;3;2;2;0;2;1;4;1;0;1;90;Blessé léger;3
202300030684;155 626 152;B01;10;0;9;2;1;1;203 778 496;1;1;1;1;1994.0;1;1;-1;-1;7;9;2023;07:30;2;55;55054;1;1;7;3;48.871179;5.50694;3;2;2;0;2;1;4;1;0;1;90;Indemne;3
202300030685;155 626 147;B01;1;0;2;8;0;5;203 778 490;1;1;3;1;1974.0;5;8;0;-1;26;6;2023;07:45;1;34;34172;2;4;1;1;43.64033;3.82872;4;2;2;0;1;1; -1;1;5;1;50;Blessé hospitalisé;0
202300030685;155 626 147;B01;1;0;2;8;0;5;203 778 490;1;1;3;1;1974.0;5;8;0;-1;26;6;2023;07:45;1;34;34172;2;4;1;1;43.64033;3.82872;4;2;2;0;1;3; -1;1;5;1;50;Blessé hospitalisé;0
202300030685;155 626 149;A01;7;0;2;3;15;1;203 778 493;1;1;1;1;1954.0;5;1;8;-1;26;6;2023;07:45;1;34;34172;2;4;1;1;43.64033;3.82872;4;2;2;0;1;1; -1;1;5;1;50;Indemne;0
202300030685;155 626 149;A01;7;0;2;3;15;1;203 778 493;1;1;1;1;1954.0;5;1;8;-1;26;6;2023;07:45;1;34;34172;2;4;1;1;43.64033;3.82872;4;2;2;0;1;3; -1;1;5;1;50;Indemne;0
202300030698;155 626 123;A01;10;0;2;3;1;1;203 778 461;1;1;1;1;1992.0;3;1;-1;-1;15;6;2023;14:10;1;33;33063;2;2;1;3;44.82119;-0.5658;4;2;2;0;1;1; -1;1;5;1;30;Indemne;3
202300030698;155 626 123;A01;10;0;2;3;1;1;203 778 461;1;1;1;1;1992.0;3;1;-1;-1;15;6;2023;14:10;1;33;33063;2;2;1;3;44.82119;-0.5658;4;1;1;2;1;1; -1;1;5;1;30;Indemne;3
202300030698;155 626 125;B01;1;0;2;7;1;5;203 778 462;1;1;3;2;2005.0;5;0;-1;-1;15;6;2023;14:10;1;33;33063;2;2;1;3;44.82119;-0.5658;4;2;2;0;1;1; -1;1;5;1;30;Blessé hospitalisé;3
202300030698;155 626 125;B01;1;0;2;7;1;5;203 778 462;1;1;3;2;2005.0;5;0;-1;-1;15;6;2023;14:10;1;33;33063;2;2;1;3;44.82119;-0.5658;4;1;1;2;1;1; -1;1;5;1;30;Blessé hospitalisé;3
202300030704;155 626 112;A01;7;0;2;8;2;1;203 778 449;1;1;1;2;2000.0;1;1;-1;-1;8;9;2023;19:10;1;10;10323;1;6;1;3;48.529548;3.709334;3;1;2;0;1;2;5,5;1;0;1;-1;Indemne;4
202300030704;155 626 113;B01;1;0;2;7;2;5;203 778 450;1;1;3;1;1986.0;0;0;-1;-1;8;9;2023;19:10;1;10;10323;1;6;1;3;48.529548;3.709334;3;1;2;0;1;2;5,5;1;0;1;-1;Blessé hospitalisé;4
202300030713;155 626 097;A01;7;0;9;2;26;1;203 778 431;1;1;1;1;1986.0;5;1;-1;-1;8;9;2023;17:00;1;976;97614;2;1;1;3;-12.824006;45.132668;3;2;2;0;1;1;5;9;0;1;50;Indemne;4
202300030713;155 626 098;B01;80;0;2;1;1;3;203 778 432;1;1;3;1;1993.0;1;2;-1;-1;8;9;2023;17:00;1;976;97614;2;1;1;3;-12.824006;45.132668;3;2;2;0;1;1;5;9;0;1;50;Blessé hospitalisé;4
202300030735;155 626 057;A01;1;0;2;1;1;5;203 778 383;1;1;4;1;2004.0;5;8;0;-1;26;6;2023;08:20;1;75;75116;2;2;1;2;48.864995;2.288663;4;2;2;0;1;1; -1;1;0;1;30;Blessé léger;0
202300030735;155 626 057;A01;1;0;2;1;1;5;203 778 383;1;1;4;1;2004.0;5;8;0;-1;26;6;2023;08:20;1;75;75116;2;2;1;2;48.864995;2.288663;4;-1; -1;0;1;1; -1;1;0;1;30;Blessé léger;0
202300030735;155 626 060;B01;7;0;2;5;1;1;203 778 385;1;1;1;1;1966.0;4;1;8;-1;26;6;2023;08:20;1;75;75116;2;2;1;2;48.864995;2.288663;4;2;2;0;1;1; -1;1;0;1;30;Indemne;0
202300030735;155 626 060;B01;7;0;2;5;1;1;203 778 385;1;1;1;1;1966.0;4;1;8;-1;26;6;2023;08:20;1;75;75116;2;2;1;2;48.864995;2.288663;4;-1; -1;0;1;1; -1;1;0;1;30;Indemne;0
202300030739;155 626 048;B01;1;0;2;8;15;5;203 778 372;1;1;1;1;2007.0;5;8;0;-1;26;6;2023;19:19;1;75;75114;2;2;1;3;48.839453;2.33757;4;2;5;1;1;1; -1;1;0;1;30;Indemne;0
202300030739;155 626 048;B01;1;0;2;8;15;5;203 778 372;1;1;1;1;2007.0;5;8;0;-1;26;6;2023;19:19;1;75;75114;2;2;1;3;48.839453;2.33757;4;1;1;0;2;1; -1;1;0;1;30;Indemne;0
202300030739;155 626 048;B01;1;0;2;8;15;5;203 778 373;2;2;1;1;2006.0;5;8;0;-1;26;6;2023;19:19;1;75;75114;2;2;1;3;48.839453;2.33757;4;2;5;1;1;1; -1;1;0;1;30;Indemne;0
202300030739;155 626 048;B01;1;0;2;8;15;5;203 778 373;2;2;1;1;2006.0;5;8;0;-1;26;6;2023;19:19;1;75;75114;2;2;1;3;48.839453;2.33757;4;1;1;0;2;1; -1;1;0;1;30;Indemne;0
202300030739;155 626 051;A01;30;0;2;1;1;1;203 778 375;1;1;4;1;1998.0;9;2;6;-1;26;6;2023;19:19;1;75;75114;2;2;1;3;48.839453;2.33757;4;2;5;1;1;1; -1;1;0;1;30;Blessé léger;0
202300030739;155 626 051;A01;30;0;2;1;1;1;203 778 375;1;1;4;1;1998.0;9;2;6;-1;26;6;2023;19:19;1;75;75114;2;2;1;3;48.839453;2.33757;4;1;1;0;2;1; -1;1;0;1;30;Blessé léger;0
202300030741;155 626 044;A01;1;0;2;7;2;5;203 778 368;1;1;4;2;1992.0;1;8;0;-1;26;6;2023;09:38;1;75;75113;2;2;1;3;48.837366;2.373853;4;-1;6;1;1;1; -1;1;0;5;30;Blessé léger;0
202300030741;155 626 044;A01;1;0;2;7;2;5;203 778 368;1;1;4;2;1992.0;1;8;0;-1;26;6;2023;09:38;1;75;75113;2;2;1;3;48.837366;2.373853;4;-1;4;1;1;1; -1;1;0;5;30;Blessé léger;0
202300030743;155 626 037;A01;80;0;2;1;17;3;203 778 358;1;1;4;2;1964.0;1;2;0;-1;26;6;2023;19:20;1;75;75112;2;1;1;3;48.830458;2.394143;4;2;4;1;1;1; -1;1;0;4;30;Blessé léger;0
202300030743;155 626 039;B01;50;0;2;1;18;3;203 778 360;1;1;1;1;1991.0;1;8;0;-1;26;6;2023;19:20;1;75;75112;2;1;1;3;48.830458;2.394143;4;2;4;1;1;1; -1;1;0;4;30;Indemne;0
202300030748;155 626 024;A01;80;0;0;1;21;3;203 778 345;1;1;4;2;1988.0;9;2;8;-1;26;6;2023;19:10;1;75;75108;2;3;1;7;48.871839;2.301138;4;1;1;1;2;1; -1;1;0;5;30;Blessé léger;0
202300030748;155 626 024;A01;80;0;0;1;21;3;203 778 345;1;1;4;2;1988.0;9;2;8;-1;26;6;2023;19:10;1;75;75108;2;3;1;7;48.871839;2.301138;4;-1; -1;1;1;1; -1;1;0;5;50;Blessé léger;0
202300030750;155 626 017;A01;1;0;2;0;1;5;203 778 337;1;1;4;1;1967.0;5;2;0;-1;25;5;2023;23:50;5;75;75107;2;2;1;1;48.85941161;2.32969165;4;1; -1;1;1;1; -1;1;0;5;-1;Blessé léger;3
202300030750;155 626 017;A01;1;0;2;0;1;5;203 778 337;1;1;4;1;1967.0;5;2;0;-1;25;5;2023;23:50;5;75;75107;2;2;1;1;48.85941161;2.32969165;4;2;3;1;1;1; -1;1;0;5;30;Blessé léger;3
202300030752;155 626 015;A01;1;0;1;1;21;5;203 778 333;1;1;4;1;1981.0;5;2;0;-1;25;6;2023;12:40;1;75;75101;2;3;1;6;48.864461;2.330144;4;2;4;1;1;1; -1;1;5;5;30;Blessé léger;6
202300030752;155 626 015;A01;1;0;1;1;21;5;203 778 333;1;1;4;1;1981.0;5;2;0;-1;25;6;2023;12:40;1;75;75101;2;3;1;6;48.864461;2.330144;4;1;1;0;1;1; -1;1;5;5;30;Blessé léger;6
202300030752;155 626 015;A01;1;0;1;1;21;5;203 778 334;10;3;1;2;1991.0;5;0;-1;-1;25;6;2023;12:40;1;75;75101;2;3;1;6;48.864461;2.330144;4;2;4;1;1;1; -1;1;5;5;30;Indemne;6
202300030752;155 626 015;A01;1;0;1;1;21;5;203 778 334;10;3;1;2;1991.0;5;0;-1;-1;25;6;2023;12:40;1;75;75101;2;3;1;6;48.864461;2.330144;4;1;1;0;1;1; -1;1;5;5;30;Indemne;6
202300030805;155 625 906;A01;1;0;1;1;19;0;203 778 204;1;1;1;1;2000.0;0;2;-1;-1;7;9;2023;15:00;1;69;69383;2;3;1;6;45.75432;4.84883;4;3;1;0;1;1; -1;1;9;5;30;Indemne;3
202300030805;155 625 906;A01;1;0;1;1;19;0;203 778 204;1;1;1;1;2000.0;0;2;-1;-1;7;9;2023;15:00;1;69;69383;2;3;1;6;45.75432;4.84883;4;1;1;0;1;1; -1;1;0;1;30;Indemne;3
202300030805;155 625 906;A01;1;0;1;1;19;0;203 778 205;10;3;4;1;1969.0;9;0;-1;-1;7;9;2023;15:00;1;69;69383;2;3;1;6;45.75432;4.84883;4;3;1;0;1;1; -1;1;9;5;30;Blessé léger;3
202300030805;155 625 906;A01;1;0;1;1;19;0;203 778 205;10;3;4;1;1969.0;9;0;-1;-1;7;9;2023;15:00;1;69;69383;2;3;1;6;45.75432;4.84883;4;1;1;0;1;1; -1;1;0;1;30;Blessé léger;3
202300030809;155 625 902;A01;1;0;2;1;1;5;203 778 199;1;1;4;1;1978.0;0;8;-1;-1;7;9;2023;08:35;1;69;69383;2;1;1;3;45.75215;4.85269;4;1;2;3;1;1; -1;1;0;1;50;Blessé léger;3
202300030809;155 625 904;B01;1;0;2;3;1;5;203 778 201;1;1;1;1;1975.0;0;2;-1;-1;7;9;2023;08:35;1;69;69383;2;1;1;3;45.75215;4.85269;4;1;2;3;1;1; -1;1;0;1;50;Indemne;3
202300030826;155 625 872;B01;7;0;2;8;15;1;203 778 158;1;1;1;2;1972.0;1;1;-1;-1;27;6;2023;08:10;1;62;62179;1;4;1;3;50.71253659;1.87998372;3;2;2;0;2;2; -1;1;0;1;80;Indemne;1
202300030826;155 625 872;B01;7;0;2;8;15;1;203 778 158;1;1;1;2;1972.0;1;1;-1;-1;27;6;2023;08:10;1;62;62179;1;4;1;3;50.71253659;1.87998372;3;2;2;0;2;1; -1;1;0;1;80;Indemne;1
202300030826;155 625 873;A01;1;0;2;1;1;5;203 778 160;1;1;3;1;1959.0;5;2;-1;-1;27;6;2023;08:10;1;62;62179;1;4;1;3;50.71253659;1.87998372;3;2;2;0;2;2; -1;1;0;1;80;Blessé hospitalisé;1
202300030826;155 625 873;A01;1;0;2;1;1;5;203 778 160;1;1;3;1;1959.0;5;2;-1;-1;27;6;2023;08:10;1;62;62179;1;4;1;3;50.71253659;1.87998372;3;2;2;0;2;1; -1;1;0;1;80;Blessé hospitalisé;1
202300030855;155 625 825;A01;7;0;2;8;15;2;203 778 090;1;1;1;1;1985.0;0;1;-1;-1;26;6;2023;17:00;1;29;29235;2;3;1;3;48.41181757;-4.39438641;4;-1;2;0;1;1; -1;1;0;1;30;Indemne;0
202300030855;155 625 825;A01;7;0;2;8;15;2;203 778 090;1;1;1;1;1985.0;0;1;-1;-1;26;6;2023;17:00;1;29;29235;2;3;1;3;48.41181757;-4.39438641;4;2;2;0;2;1; -1;1;0;1;50;Indemne;0
202300030855;155 625 827;B01;1;0;2;1;17;5;203 778 094;1;1;3;1;1977.0;0;0;-1;-1;26;6;2023;17:00;1;29;29235;2;3;1;3;48.41181757;-4.39438641;4;-1;2;0;1;1; -1;1;0;1;30;Blessé hospitalisé;0