Num_Acc;id_vehicule;num_veh;catv;obs;obsm;choc;manv;motor;id_usager;place;catu;grav;sexe;an_nais;trajet;secu1;secu2;secu3;jour;mois;an;hrmn;lum;dep;com;agg;int;atm;col;lat;long;catr;circ;nbv;vosp;prof;plan;larrout;surf;infra;situ;vma;gravity;day_of_week
202300030855;155 625 827;B01;1;0;2;1;17;5;203 778 094;1;1;3;1;1977.0;0;0;-1;-1;26;6;2023;17:00;1;29;29235;2;3;1;3;48.41181757;-4.39438641;4;2;2;0;2;1; -1;1;0;1;50;Blessé hospitalisé;0
202300030862;155 625 813;A01;1;0;0;9;1;5;203 778 075;1;1;4;1;1988.0;3;0;-1;-1;23;6;2023;19:15;2;72;72191;2;1;1;7;47.756524;0.273821;4;1;1;0;1;1; -1;1;0;1;50;Blessé léger;4
202300030869;155 625 803;B01;1;0;2;8;11;5;203 778 064;1;1;3;1;2009.0;5;0;-1;-1;27;6;2023;17:03;1;50;50029;1;3;1;3;48.59937;-0.836801;3;2;2;0;2;1;5,5;1;0;1;80;Blessé hospitalisé;1
202300030869;155 625 803;B01;1;0;2;8;11;5;203 778 064;1;1;3;1;2009.0;5;0;-1;-1;27;6;2023;17:03;1;50;50029;1;3;1;3;48.59937;-0.836801;3;2; -1;-1;1;1; -1;1;0;1;50;Blessé hospitalisé;1
202300030869;155 625 805;A01;7;0;2;1;1;0;203 778 066;1;1;1;1;1981.0;1;1;-1;-1;27;6;2023;17:03;1;50;50029;1;3;1;3;48.59937;-0.836801;3;2;2;0;2;1;5,5;1;0;1;80;Indemne;1
202300030869;155 625 805;A01;7;0;2;1;1;0;203 778 066;1;1;1;1;1981.0;1;1;-1;-1;27;6;2023;17:03;1;50;50029;1;3;1;3;48.59937;-0.836801;3;2; -1;-1;1;1; -1;1;0;1;50;Indemne;1
202300030870;155 625 799;A01;7;0;2;2;1;1;203 778 059;1;1;1;2;1988.0;2;1;0;-1;7;9;2023;08:10;1;77;77438;2;1;1;3;48.86128;2.67319;3;2;2;1;2;1;5,5;1;6;1;50;Indemne;3
202300030870;155 625 801;B01;1;0;2;8;19;5;203 778 062;1;1;4;1;1960.0;5;2;8;-1;7;9;2023;08:10;1;77;77438;2;1;1;3;48.86128;2.67319;3;2;2;1;2;1;5,5;1;6;1;50;Blessé léger;3
202300030873;155 625 794;A01;7;0;2;2;15;1;203 778 054;1;1;1;1;1998.0;0;1;-1;-1;24;6;2023;16:00;1;64;64058;2;4;1;3;43.085502;-0.253158;3;2;2;0;1;3;5,5;1;5;1;50;Indemne;5
202300030873;155 625 794;A01;7;0;2;2;15;1;203 778 054;1;1;1;1;1998.0;0;1;-1;-1;24;6;2023;16:00;1;64;64058;2;4;1;3;43.085502;-0.253158;3;2; -1;-1;-1;-1; -1;-1;-1;-1;-1;Indemne;5
202300030873;155 625 795;B01;1;0;2;1;1;5;203 778 056;1;1;3;1;1956.0;5;2;-1;-1;24;6;2023;16:00;1;64;64058;2;4;1;3;43.085502;-0.253158;3;2;2;0;1;3;5,5;1;5;1;50;Blessé hospitalisé;5
202300030873;155 625 795;B01;1;0;2;1;1;5;203 778 056;1;1;3;1;1956.0;5;2;-1;-1;24;6;2023;16:00;1;64;64058;2;4;1;3;43.085502;-0.253158;3;2; -1;-1;-1;-1; -1;-1;-1;-1;-1;Blessé hospitalisé;5
202300030881;155 625 780;A01;10;0;2;1;1;1;203 778 037;1;1;1;1;2001.0;5;1;-1;-1;23;6;2023;13:25;1;37;37159;2;1;1;1;47.296042;0.658;4;1;1;0;2;1; -1;1;0;1;50;Indemne;4
202300030881;155 625 782;B01;1;0;2;1;5;5;203 778 039;1;1;4;1;2008.0;5;0;-1;-1;23;6;2023;13:25;1;37;37159;2;1;1;1;47.296042;0.658;4;1;1;0;2;1; -1;1;0;1;50;Blessé léger;4
202300030886;155 625 771;B01;1;0;2;2;19;5;203 778 022;1;1;4;1;1976.0;5;8;0;-1;13;12;2023;19:00;5;89;89387;2;9;2;3;48.19666;3.30307;4;3;2;2;1;2; -1;2;0;5;50;Blessé léger;2
202300030886;155 625 774;A01;7;0;9;3;16;1;203 778 026;1;1;1;2;1986.0;1;1;8;-1;13;12;2023;19:00;5;89;89387;2;9;2;3;48.19666;3.30307;4;3;2;2;1;2; -1;2;0;5;50;Indemne;2
202300030907;155 625 739;A01;7;0;9;8;16;1;203 777 982;1;1;1;2;1985.0;0;1;8;-1;7;9;2023;15:10;1;64;64445;2;9;1;3;43.301565;-0.343627;4;2;2;0;1;1; -1;1;9;1;30;Indemne;3
202300030907;155 625 742;B01;80;0;2;7;1;3;203 777 985;1;1;4;2;1969.0;1;2;8;-1;7;9;2023;15:10;1;64;64445;2;9;1;3;43.301565;-0.343627;4;2;2;0;1;1; -1;1;9;1;30;Blessé léger;3
202300030916;155 625 719;A01;7;0;2;1;1;1;203 777 958;1;1;1;1;1946.0;0;1;-1;-1;7;9;2023;10:50;1;61;61001;2;2;1;3;48.42464;0.09118;3;2;2;-1;1;1; -1;1;0;1;30;Indemne;3
202300030916;155 625 719;A01;7;0;2;1;1;1;203 777 958;1;1;1;1;1946.0;0;1;-1;-1;7;9;2023;10:50;1;61;61001;2;2;1;3;48.42464;0.09118;3;2;3;2;1;1;7;1;0;1;50;Indemne;3
202300030916;155 625 721;B01;1;0;2;8;16;5;203 777 960;1;1;4;1;2005.0;1;2;-1;-1;7;9;2023;10:50;1;61;61001;2;2;1;3;48.42464;0.09118;3;2;2;-1;1;1; -1;1;0;1;30;Blessé léger;3
202300030916;155 625 721;B01;1;0;2;8;16;5;203 777 960;1;1;4;1;2005.0;1;2;-1;-1;7;9;2023;10:50;1;61;61001;2;2;1;3;48.42464;0.09118;3;2;3;2;1;1;7;1;0;1;50;Blessé léger;3
202300030923;155 625 709;A01;7;0;2;6;13;3;203 777 944;1;1;1;1;1973.0;1;1;-1;-1;27;6;2023;07:40;1;13;13053;1;6;1;3;43.71806;5.178388;3;2;2;0;1;1;10,5;1;0;1;80;Indemne;1
202300030923;155 625 710;B01;1;0;2;2;14;5;203 777 945;1;1;3;1;1962.0;0;2;-1;-1;27;6;2023;07:40;1;13;13053;1;6;1;3;43.71806;5.178388;3;2;2;0;1;1;10,5;1;0;1;80;Blessé hospitalisé;1
202300030931;155 625 696;A01;33;0;2;9;1;1;203 777 924;1;1;3;1;1973.0;5;6;2;-1;25;6;2023;13:15;1;73;73285;1;1;1;3;45.629592;6.822507;3;2;2;0;2;3;7;1;0;1;80;Blessé hospitalisé;6
202300030931;155 625 700;B01;1;0;2;1;1;5;203 777 928;2;2;1;2;1971.0;5;2;-1;-1;25;6;2023;13:15;1;73;73285;1;1;1;3;45.629592;6.822507;3;2;2;0;2;3;7;1;0;1;80;Indemne;6
202300030931;155 625 700;B01;1;0;2;1;1;5;203 777 929;1;1;1;1;1974.0;5;2;-1;-1;25;6;2023;13:15;1;73;73285;1;1;1;3;45.629592;6.822507;3;2;2;0;2;3;7;1;0;1;80;Indemne;6
202300030932;155 625 695;A01;7;0;9;1;1;1;203 777 923;1;1;1;2;1970.0;5;1;0;-1;6;9;2023;07:55;1;57;57666;2;3;1;2;49.34568087;6.14987612;3;2;2;0;1;1;7;1;0;1;50;Indemne;2
202300030932;155 625 695;A01;7;0;9;1;1;1;203 777 923;1;1;1;2;1970.0;5;1;0;-1;6;9;2023;07:55;1;57;57666;2;3;1;2;49.34568087;6.14987612;3;3;2;0;1;1;7;1;0;1;50;Indemne;2
202300030932;155 625 698;B01;1;0;2;4;15;5;203 777 926;1;1;3;2;1979.0;1;8;0;-1;6;9;2023;07:55;1;57;57666;2;3;1;2;49.34568087;6.14987612;3;2;2;0;1;1;7;1;0;1;50;Blessé hospitalisé;2
202300030932;155 625 698;B01;1;0;2;4;15;5;203 777 926;1;1;3;2;1979.0;1;8;0;-1;6;9;2023;07:55;1;57;57666;2;3;1;2;49.34568087;6.14987612;3;3;2;0;1;1;7;1;0;1;50;Blessé hospitalisé;2
202300030937;155 625 686;B01;1;0;2;8;19;5;203 777 915;1;1;3;1;2017.0;2;8;0;-1;7;9;2023;08:25;1;54;54079;2;1;1;3;48.8813;6.04843;4;2;2;0;1;1; -1;1;0;1;50;Blessé hospitalisé;3
202300030937;155 625 689;A01;10;0;2;1;1;1;203 777 917;1;1;1;1;1995.0;5;1;0;-1;7;9;2023;08:25;1;54;54079;2;1;1;3;48.8813;6.04843;4;2;2;0;1;1; -1;1;0;1;50;Indemne;3
202300030938;155 625 683;A01;7;0;2;7;17;1;203 777 907;2;2;1;2;2008.0;5;1;-1;-1;27;6;2023;17:45;1;65;65145;1;1;8;3;42.91744996;-0.03980783;3;2;2;0;2;3;5,5;1;0;1;80;Indemne;1
202300030938;155 625 683;A01;7;0;2;7;17;1;203 777 909;1;1;1;1;1968.0;5;1;-1;-1;27;6;2023;17:45;1;65;65145;1;1;8;3;42.91744996;-0.03980783;3;2;2;0;2;3;5,5;1;0;1;80;Indemne;1
202300030938;155 625 685;B01;1;0;0;8;1;5;203 777 913;1;1;4;1;1947.0;5;2;-1;-1;27;6;2023;17:45;1;65;65145;1;1;8;3;42.91744996;-0.03980783;3;2;2;0;2;3;5,5;1;0;1;80;Blessé léger;1
202300030939;155 625 682;B01;7;0;2;1;1;1;203 777 906;1;1;1;2;2004.0;0;1;0;-1;6;9;2023;15:55;1;54;54395;2;2;1;3;48.703359;6.181878;4;2;2;0;2;1; -1;1;0;1;50;Indemne;2
202300030939;155 625 682;B01;7;0;2;1;1;1;203 777 906;1;1;1;2;2004.0;0;1;0;-1;6;9;2023;15:55;1;54;54395;2;2;1;3;48.703359;6.181878;4;2;2;0;2;1; -1;1;2;1;50;Indemne;2
202300030939;155 625 684;A01;1;0;2;1;1;5;203 777 911;1;1;4;1;1982.0;0;2;0;-1;6;9;2023;15:55;1;54;54395;2;2;1;3;48.703359;6.181878;4;2;2;0;2;1; -1;1;0;1;50;Blessé léger;2
202300030939;155 625 684;A01;1;0;2;1;1;5;203 777 911;1;1;4;1;1982.0;0;2;0;-1;6;9;2023;15:55;1;54;54395;2;2;1;3;48.703359;6.181878;4;2;2;0;2;1; -1;1;2;1;50;Blessé léger;2
202300030959;155 625 648;B01;1;0;2;0;1;5;203 777 862;1;1;4;1;1963.0;5;8;0;-1;6;9;2023;19:04;1;49;49246;2;1;7;3;47.43168;-0.53574;3;3;2;0;1;1; -1;1;0;1;50;Blessé léger;2
202300030964;155 625 640;B01;1;0;2;8;16;5;203 777 855;1;1;4;1;1959.0;0;2;0;-1;14;12;2023;11:35;1;72;72181;2;6;1;3;48.00968;0.195;4;2;2;1;2;3; -1;1;1;1;50;Blessé léger;3
202300030964;155 625 642;A01;14;0;2;7;16;1;203 777 856;1;1;1;1;1964.0;1;1;8;-1;14;12;2023;11:35;1;72;72181;2;6;1;3;48.00968;0.195;4;2;2;1;2;3; -1;1;1;1;50;Indemne;3
202300030992;155 625 595;A01;7;0;2;8;22;1;203 777 796;2;2;1;2;2006.0;2;1;8;-1;12;12;2023;16:15;1;64;64122;2;1;2;3;43.48512091;-1.54830113;4;2;2;0;1;1; -1;2;0;1;30;Indemne;1
202300030992;155 625 595;A01;7;0;2;8;22;1;203 777 797;1;1;1;1;1982.0;5;8;0;-1;12;12;2023;16:15;1;64;64122;2;1;2;3;43.48512091;-1.54830113;4;2;2;0;1;1; -1;2;0;1;30;Indemne;1
202300030992;155 625 596;B01;1;1;0;7;1;5;203 777 798;1;1;4;1;2008.0;2;0;-1;-1;12;12;2023;16:15;1;64;64122;2;1;2;3;43.48512091;-1.54830113;4;2;2;0;1;1; -1;2;0;1;30;Blessé léger;1
202300030995;155 625 588;B01;1;0;2;8;2;5;203 777 789;1;1;3;1;1988.0;1;2;0;-1;6;9;2023;18:36;1;14;14366;2;1;1;3;49.15613;0.22765;3;2;2;0;1;1; -1;1;0;1;80;Blessé hospitalisé;2
202300030995;155 625 589;A01;7;0;9;7;17;1;203 777 790;1;1;1;1;1977.0;3;1;0;-1;6;9;2023;18:36;1;14;14366;2;1;1;3;49.15613;0.22765;3;2;2;0;1;1; -1;1;0;1;80;Indemne;2
202300031001;155 625 579;A01;1;0;0;0;0;5;203 777 774;1;1;1;1;2011.0;2;2;-1;-1;28;9;2023;17:25;1;85;85109;2;1;1;6;46.85716;-1.0158061;4;-1;2;1;2;4; -1;1;1;5;-1;Indemne;3
202300031001;155 625 579;A01;1;0;0;0;0;5;203 777 775;10;3;3;2;1940.0;9;0;-1;-1;28;9;2023;17:25;1;85;85109;2;1;1;6;46.85716;-1.0158061;4;-1;2;1;2;4; -1;1;1;5;-1;Blessé hospitalisé;3
202300031014;155 625 558;A01;7;0;2;8;9;1;203 777 749;1;1;1;1;1995.0;0;1;-1;-1;8;10;2023;12:00;1;29;29075;2;6;1;3;48.428346;-4.412427;4;1;1;0;1;2; -1;1;0;1;50;Indemne;6
202300031014;155 625 558;A01;7;0;2;8;9;1;203 777 749;1;1;1;1;1995.0;0;1;-1;-1;8;10;2023;12:00;1;29;29075;2;6;1;3;48.428346;-4.412427;4;1;1;0;2;3; -1;1;9;1;50;Indemne;6
202300031014;155 625 559;B01;1;0;2;2;1;5;203 777 750;1;1;3;2;1967.0;0;0;-1;-1;8;10;2023;12:00;1;29;29075;2;6;1;3;48.428346;-4.412427;4;1;1;0;1;2; -1;1;0;1;50;Blessé hospitalisé;6
202300031014;155 625 559;B01;1;0;2;2;1;5;203 777 750;1;1;3;2;1967.0;0;0;-1;-1;8;10;2023;12:00;1;29;29075;2;6;1;3;48.428346;-4.412427;4;1;1;0;2;3; -1;1;9;1;50;Blessé hospitalisé;6
202300031020;155 625 548;B01;1;0;2;7;19;5;203 777 736;1;1;4;1;2007.0;2;0;-1;-1;10;10;2023;07:00;1;973;97309;2;6;1;3;4.886966;-52.285078;3;2;2;1;1;3; -1;1;0;5;70;Blessé léger;1
202300031020;155 625 549;A01;10;0;2;2;1;1;203 777 737;1;1;1;1;1971.0;4;1;-1;-1;10;10;2023;07:00;1;973;97309;2;6;1;3;4.886966;-52.285078;3;2;2;1;1;3; -1;1;0;5;70;Indemne;1
202300031033;155 625 529;A01;1;0;1;1;2;5;203 777 707;10;3;3;2;1958.0;5;0;-1;-1;8;10;2023;10:00;1;13;13022;2;1;1;2;43.222597;5.557942;4;-1;2;0;2;1; -1;1;0;1;50;Blessé hospitalisé;6
202300031033;155 625 529;A01;1;0;1;1;2;5;203 777 708;1;1;1;1;2000.0;5;2;-1;-1;8;10;2023;10:00;1;13;13022;2;1;1;2;43.222597;5.557942;4;-1;2;0;2;1; -1;1;0;1;50;Indemne;6
202300031034;155 625 528;B01;1;0;2;8;11;5;203 777 706;1;1;4;1;1970.0;1;2;-1;-1;10;10;2023;07:30;2;26;26313;2;6;1;3;44.968259;4.951057;3;2;2;0;1;1;7;1;9;1;50;Blessé léger;1
202300031064;155 625 462;B01;1;0;2;8;19;0;203 777 610;1;1;4;2;2014.0;5;2;-1;-1;8;10;2023;17:55;1;69;69386;2;4;1;3;45.77336;4.84138;4;2;3;1;1;1; -1;1;0;1;50;Blessé léger;6
202300031064;155 625 462;B01;1;0;2;8;19;0;203 777 610;1;1;4;2;2014.0;5;2;-1;-1;8;10;2023;17:55;1;69;69386;2;4;1;3;45.77336;4.84138;4;1;1;2;1;1; -1;1;0;1;30;Blessé léger;6
202300031068;155 625 451;A01;7;0;2;2;1;1;203 777 598;1;1;1;1;1995.0;9;1;0;-1;7;10;2023;13:35;1;86;86158;1;1;1;3;46.623114;0.319479;4;3;1;0;1;1; -1;1;0;1;50;Indemne;5
202300031068;155 625 452;B01;1;0;2;1;1;5;203 777 599;1;1;3;1;1990.0;9;2;0;-1;7;10;2023;13:35;1;86;86158;1;1;1;3;46.623114;0.319479;4;3;1;0;1;1; -1;1;0;1;50;Blessé hospitalisé;5
202300031073;155 625 443;B01;1;0;0;0;0;5;203 777 588;1;1;4;1;1961.0;5;8;0;-1;8;10;2023;08:30;1;81;81004;2;1;1;1;43.9154479;2.1541068;4;2;2;0;1;1; -1;1;0;1;50;Blessé léger;6
202300031081;155 625 423;A01;7;0;9;1;15;1;203 777 561;1;1;1;2;1984.0;5;1;8;-1;1;10;2023;17:45;1;57;57631;2;1;1;3;49.10152;7.06773;3;2;2;0;2;1;7;1;0;1;50;Indemne;6
202300031081;155 625 424;B01;80;0;2;1;1;3;203 777 562;1;1;3;1;1963.0;5;8;0;-1;1;10;2023;17:45;1;57;57631;2;1;1;3;49.10152;7.06773;3;2;2;0;2;1;7;1;0;1;50;Blessé hospitalisé;6
202300031090;155 625 410;A01;7;0;9;2;5;1;203 777 545;1;1;1;1;1985.0;5;1;0;-1;8;10;2023;19:15;1;35;35238;2;2;1;3;48.123829;-1.668266;4;2;2;0;2;1; -1;1;0;1;50;Indemne;6
202300031090;155 625 410;A01;7;0;9;2;5;1;203 777 545;1;1;1;1;1985.0;5;1;0;-1;8;10;2023;19:15;1;35;35238;2;2;1;3;48.123829;-1.668266;4;2;4;2;1;1; -1;1;0;1;50;Indemne;6
202300031090;155 625 411;B01;1;0;2;8;15;5;203 777 546;1;1;2;2;1978.0;5;8;0;-1;8;10;2023;19:15;1;35;35238;2;2;1;3;48.123829;-1.668266;4;2;2;0;2;1; -1;1;0;1;50;Tué;6
202300031090;155 625 411;B01;1;0;2;8;15;5;203 777 546;1;1;2;2;1978.0;5;8;0;-1;8;10;2023;19:15;1;35;35238;2;2;1;3;48.123829;-1.668266;4;2;4;2;1;1; -1;1;0;1;50;Tué;6
202300031110;155 625 375;A01;37;1;2;5;1;6;203 777 501;1;1;1;1;1975.0;4;1;0;-1;8;10;2023;17:08;1;75;75106;2;2;1;3;48.848909;2.328732;4;2; -1;-1;1;1; -1;1;0;1;30;Indemne;6
202300031110;155 625 375;A01;37;1;2;5;1;6;203 777 501;1;1;1;1;1975.0;4;1;0;-1;8;10;2023;17:08;1;75;75106;2;2;1;3;48.848909;2.328732;4;2;2;0;1;1; -1;1;0;1;30;Indemne;6
202300031110;155 625 376;B01;80;1;2;8;13;3;203 777 502;1;1;4;1;2003.0;5;8;0;-1;8;10;2023;17:08;1;75;75106;2;2;1;3;48.848909;2.328732;4;2; -1;-1;1;1; -1;1;0;1;30;Blessé léger;6
202300031110;155 625 376;B01;80;1;2;8;13;3;203 777 502;1;1;4;1;2003.0;5;8;0;-1;8;10;2023;17:08;1;75;75106;2;2;1;3;48.848909;2.328732;4;2;2;0;1;1; -1;1;0;1;30;Blessé léger;6
202300031112;155 625 371;A01;1;0;2;1;2;5;203 777 495;1;1;4;2;2005.0;1;8;0;-1;8;10;2023;10:50;1;75;75117;2;3;1;2;48.889587;2.304004;4;2;5;3;1;3; -1;1;0;1;30;Blessé léger;6
202300031112;155 625 371;A01;1;0;2;1;2;5;203 777 495;1;1;4;2;2005.0;1;8;0;-1;8;10;2023;10:50;1;75;75117;2;3;1;2;48.889587;2.304004;4;1;1;0;1;1; -1;1;0;1;30;Blessé léger;6
202300031112;155 625 372;B01;7;0;2;4;16;1;203 777 496;1;1;1;1;1944.0;3;8;0;-1;8;10;2023;10:50;1;75;75117;2;3;1;2;48.889587;2.304004;4;2;5;3;1;3; -1;1;0;1;30;Indemne;6
202300031112;155 625 372;B01;7;0;2;4;16;1;203 777 496;1;1;1;1;1944.0;3;8;0;-1;8;10;2023;10:50;1;75;75117;2;3;1;2;48.889587;2.304004;4;1;1;0;1;1; -1;1;0;1;30;Indemne;6
202300031151;155 625 308;A01;1;0;0;0;1;5;203 777 408;1;1;4;1;1987.0;5;0;-1;-1;8;10;2023;22:15;3;60;60260;1;1;1;7;49.280871;2.931558;3;2;2;0;2;1;5,5;1;0;1;80;Blessé léger;6
202300031162;155 625 289;A01;7;0;2;1;1;0;203 777 384;2;2;1;2;1991.0;4;8;-1;-1;7;10;2023;15:00;1;32;32462;2;4;7;3;43.757939;0.302942;4;1;1;0;1;1; -1;1;0;1;30;Indemne;5
202300031162;155 625 289;A01;7;0;2;1;1;0;203 777 385;1;1;1;2;1985.0;4;8;-1;-1;7;10;2023;15:00;1;32;32462;2;4;7;3;43.757939;0.302942;4;1;1;0;1;1; -1;1;0;1;30;Indemne;5
202300031162;155 625 290;B01;1;0;2;8;1;5;203 777 386;1;1;3;1;2006.0;5;0;-1;-1;7;10;2023;15:00;1;32;32462;2;4;7;3;43.757939;0.302942;4;1;1;0;1;1; -1;1;0;1;30;Blessé hospitalisé;5
202300031173;155 625 276;A01;1;0;0;0;1;5;203 777 368;1;1;3;1;1954.0;5;0;-1;-1;7;10;2023;13:45;1;22;22218;1;1;1;7;48.833112;-3.259748;4;2;2;0;2;4; -1;1;0;1;80;Blessé hospitalisé;5
202300031177;155 625 270;A01;7;0;0;2;1;1;203 777 360;1;1;1;2;1974.0;0;1;-1;-1;6;10;2023;09:03;1;44;44186;2;1;7;3;47.098493;-1.827752;3;2;2;0;1;1; -1;1;0;3;80;Indemne;4
202300031177;155 625 271;B01;1;0;2;6;1;5;203 777 361;1;1;3;2;1942.0;5;0;-1;-1;6;10;2023;09:03;1;44;44186;2;1;7;3;47.098493;-1.827752;3;2;2;0;1;1; -1;1;0;3;80;Blessé hospitalisé;4
202300031194;155 625 244;B01;1;0;2;1;1;5;203 777 324;1;1;4;1;1968.0;0;8;0;-1;21;1;2023;11:00;1;92;92024;2;2;1;3;48.905369;2.31031;3;2;2;0;1;1; -1;1;0;1;50;Blessé léger;5
202300031194;155 625 244;B01;1;0;2;1;1;5;203 777 324;1;1;4;1;1968.0;0;8;0;-1;21;1;2023;11:00;1;92;92024;2;2;1;3;48.905369;2.31031;3;1;1;0;1;1; -1;1;0;1;30;Blessé léger;5
202300031194;155 625 245;A01;33;0;2;2;10;1;203 777 325;1;1;1;1;1989.0;0;2;6;-1;21;1;2023;11:00;1;92;92024;2;2;1;3;48.905369;2.31031;3;2;2;0;1;1; -1;1;0;1;50;Indemne;5
202300031194;155 625 245;A01;33;0;2;2;10;1;203 777 325;1;1;1;1;1989.0;0;2;6;-1;21;1;2023;11:00;1;92;92024;2;2;1;3;48.905369;2.31031;3;1;1;0;1;1; -1;1;0;1;30;Indemne;5
202300031205;155 625 227;A01;7;0;2;2;2;1;203 777 296;1;1;1;1;1943.0;5;1;0;-1;20;1;2023;19:14;5;10;10387;2;4;2;2;48.29822527;4.07866091;4;2;2;1;1;1; -1;2;0;1;50;Indemne;4
202300031205;155 625 227;A01;7;0;2;2;2;1;203 777 296;1;1;1;1;1943.0;5;1;0;-1;20;1;2023;19:14;5;10;10387;2;4;2;2;48.29822527;4.07866091;4;2;2;0;1;1; -1;2;0;1;50;Indemne;4
202300031205;155 625 227;A01;7;0;2;2;2;1;203 777 297;2;2;1;2;1945.0;5;1;0;-1;20;1;2023;19:14;5;10;10387;2;4;2;2;48.29822527;4.07866091;4;2;2;1;1;1; -1;2;0;1;50;Indemne;4
202300031205;155 625 227;A01;7;0;2;2;2;1;203 777 297;2;2;1;2;1945.0;5;1;0;-1;20;1;2023;19:14;5;10;10387;2;4;2;2;48.29822527;4.07866091;4;2;2;0;1;1; -1;2;0;1;50;Indemne;4
202300031205;155 625 228;B01;1;0;2;8;9;5;203 777 298;1;1;4;1;1974.0;5;8;0;-1;20;1;2023;19:14;5;10;10387;2;4;2;2;48.29822527;4.07866091;4;2;2;1;1;1; -1;2;0;1;50;Blessé léger;4
202300031205;155 625 228;B01;1;0;2;8;9;5;203 777 298;1;1;4;1;1974.0;5;8;0;-1;20;1;2023;19:14;5;10;10387;2;4;2;2;48.29822527;4.07866091;4;2;2;0;1;1; -1;2;0;1;50;Blessé léger;4
202300031213;155 625 217;A01;1;0;1;1;1;5;203 777 282;1;1;1;1;2000.0;0;2;-1;-1;20;1;2023;15:30;1;69;69383;2;1;8;6;45.7464;4.8736;4;1;1;2;1;1; -1;1;0;5;30;Indemne;4
202300031213;155 625 217;A01;1;0;1;1;1;5;203 777 283;10;3;4;2;1948.0;3;0;-1;-1;20;1;2023;15:30;1;69;69383;2;1;8;6;45.7464;4.8736;4;1;1;2;1;1; -1;1;0;5;30;Blessé léger;4
202300031258;155 625 140;A01;7;0;2;1;1;1;203 777 178;1;1;1;1;1958.0;5;1;8;-1;20;1;2023;11:20;1;31;31555;2;1;8;2;43.61546;1.43739;7;2;2;1;1;1; -1;1;0;1;50;Indemne;4
202300031258;155 625 141;B01;1;0;2;4;1;5;203 777 179;1;1;3;2;1960.0;0;8;0;-1;20;1;2023;11:20;1;31;31555;2;1;8;2;43.61546;1.43739;7;2;2;1;1;1; -1;1;0;1;50;Blessé hospitalisé;4
202300031263;155 625 131;B01;1;0;2;4;1;5;203 777 168;1;1;4;1;1981.0;1;2;0;-1;20;1;2023;03:50;3;19;19031;2;1;9;2;45.15800259;1.52361274;4;2;2;0;1;1; -1;9;0;1;50;Blessé léger;4
202300031263;155 625 132;A01;7;0;2;1;1;1;203 777 169;1;1;1;1;1976.0;5;8;0;-1;20;1;2023;03:50;3;19;19031;2;1;9;2;45.15800259;1.52361274;4;2;2;0;1;1; -1;9;0;1;50;Indemne;4
202300031265;155 625 127;A01;7;0;2;3;1;1;203 777 164;1;1;1;2;1941.0;5;1;0;-1;20;1;2023;17:20;1;17;17306;2;3;1;3;45.627951;-1.016089;4;2;2;0;1;1; -1;1;0;1;50;Indemne;4
202300031265;155 625 127;A01;7;0;2;3;1;1;203 777 164;1;1;1;2;1941.0;5;1;0;-1;20;1;2023;17:20;1;17;17306;2;3;1;3;45.627951;-1.016089;4;2;2;-1;1;1; -1;1;5;1;50;Indemne;4
202300031265;155 625 128;B01;1;0;2;1;15;5;203 777 165;1;1;4;2;1954.0;0;8;0;-1;20;1;2023;17:20;1;17;17306;2;3;1;3;45.627951;-1.016089;4;2;2;0;1;1; -1;1;0;1;50;Blessé léger;4
202300031265;155 625 128;B01;1;0;2;1;15;5;203 777 165;1;1;4;2;1954.0;0;8;0;-1;20;1;2023;17:20;1;17;17306;2;3;1;3;45.627951;-1.016089;4;2;2;-1;1;1; -1;1;5;1;50;Blessé léger;4
202300031275;155 625 111;A01;80;0;1;1;0;3;203 777 144;1;1;4;1;1992.0;1;8;0;-1;20;1;2023;07:48;5;10;10387;2;1;8;6;48.30724;4.05486;4;1;2;1;1;1; -1;2;0;5;50;Blessé léger;4
202300031275;155 625 111;A01;80;0;1;1;0;3;203 777 145;10;3;4;2;1991.0;2;8;8;-1;20;1;2023;07:48;5;10;10387;2;1;8;6;48.30724;4.05486;4;1;2;1;1;1; -1;2;0;5;50;Blessé léger;4
202300031288;155 625 088;A01;1;0;2;1;1;5;203 777 114;1;1;1;1;2000.0;4;8;0;-1;20;1;2023;16:40;1;75;75107;2;1;8;2;48.849071;2.321686;4;-1;3;0;1;1; -1;2;0;1;30;Indemne;4
202300031288;155 625 089;B01;80;0;2;4;1;3;203 777 115;1;1;4;2;1983.0;2;2;8;-1;20;1;2023;16:40;1;75;75107;2;1;8;2;48.849071;2.321686;4;-1;3;0;1;1; -1;2;0;1;30;Blessé léger;4
202300031298;155 625 073;B01;1;0;2;1;0;5;203 777 094;1;1;4;1;2000.0;0;2;0;-1;20;1;2023;16:20;1;92;92051;2;9;8;2;48.89132927;2.27518246;4;-1;2;0;1;1; -1;1;0;1;50;Blessé léger;4
202300031298;155 625 074;A01;3;0;9;4;2;0;203 777 095;1;1;1;2;2000.0;0;1;0;-1;20;1;2023;16:20;1;92;92051;2;9;8;2;48.89132927;2.27518246;4;-1;2;0;1;1; -1;1;0;1;50;Indemne;4
202300031301;155 625 068;A01;10;0;9;8;22;1;203 777 088;1;1;1;1;1995.0;1;8;0;-1;19;1;2023;18:40;5;92;92049;2;1;2;3;48.81683;2.306747;3;1;1;1;1;1; -1;2;0;1;50;Indemne;3