Num_Acc;id_vehicule;num_veh;catv;obs;obsm;choc;manv;motor;id_usager;place;catu;grav;sexe;an_nais;trajet;secu1;secu2;secu3;jour;mois;an;hrmn;lum;dep;com;agg;int;atm;col;lat;long;catr;circ;nbv;vosp;prof;plan;larrout;surf;infra;situ;vma;gravity;day_of_week
202300031301;155 625 069;B01;1;1;0;1;1;5;203 777 089;1;1;4;1;1972.0;1;2;8;-1;19;1;2023;18:40;5;92;92049;2;1;2;3;48.81683;2.306747;3;1;1;1;1;1; -1;2;0;1;50;Blessé léger;3
202300031323;155 625 025;A01;10;0;2;1;9;1;203 777 031;1;1;1;1;1997.0;0;8;-1;-1;19;1;2023;18:20;5;69;69383;2;2;1;3;45.74933;4.884;4;1;1;2;1;1; -1;1;0;1;30;Indemne;3
202300031323;155 625 025;A01;10;0;2;1;9;1;203 777 031;1;1;1;1;1997.0;0;8;-1;-1;19;1;2023;18:20;5;69;69383;2;2;1;3;45.74933;4.884;4;1;1;0;1;1; -1;1;0;1;30;Indemne;3
202300031323;155 625 027;B01;1;0;2;7;26;5;203 777 034;1;1;4;1;1991.0;0;8;-1;-1;19;1;2023;18:20;5;69;69383;2;2;1;3;45.74933;4.884;4;1;1;2;1;1; -1;1;0;1;30;Blessé léger;3
202300031323;155 625 027;B01;1;0;2;7;26;5;203 777 034;1;1;4;1;1991.0;0;8;-1;-1;19;1;2023;18:20;5;69;69383;2;2;1;3;45.74933;4.884;4;1;1;0;1;1; -1;1;0;1;30;Blessé léger;3
202300031325;155 625 022;A01;7;0;2;1;12;1;203 777 027;1;1;1;1;2000.0;5;1;-1;-1;19;1;2023;03:47;4;69;69387;2;1;1;2;45.74388;4.84604;4;1;2;1;1;1; -1;1;0;1;50;Indemne;3
202300031325;155 625 023;B01;1;0;2;4;1;5;203 777 028;1;1;2;2;2002.0;0;0;-1;-1;19;1;2023;03:47;4;69;69387;2;1;1;2;45.74388;4.84604;4;1;2;1;1;1; -1;1;0;1;50;Tué;3
202300031327;155 625 016;A01;7;0;2;3;1;1;203 777 020;1;1;1;2;1958.0;5;1;0;-1;30;7;2023;18:00;1;91;91657;2;6;1;3;48.69843;2.42606;4;1;1;0;1;2; -1;1;0;1;50;Indemne;6
202300031327;155 625 016;A01;7;0;2;3;1;1;203 777 020;1;1;1;2;1958.0;5;1;0;-1;30;7;2023;18:00;1;91;91657;2;6;1;3;48.69843;2.42606;4;1;1;0;1;1; -1;1;5;1;50;Indemne;6
202300031327;155 625 018;B01;1;0;2;2;0;5;203 777 022;1;1;3;2;1958.0;5;8;0;-1;30;7;2023;18:00;1;91;91657;2;6;1;3;48.69843;2.42606;4;1;1;0;1;2; -1;1;0;1;50;Blessé hospitalisé;6
202300031327;155 625 018;B01;1;0;2;2;0;5;203 777 022;1;1;3;2;1958.0;5;8;0;-1;30;7;2023;18:00;1;91;91657;2;6;1;3;48.69843;2.42606;4;1;1;0;1;1; -1;1;5;1;50;Blessé hospitalisé;6
202300031356;155 624 961;B01;80;1;0;1;21;3;203 776 940;1;1;3;1;1999.0;1;2;-1;-1;25;7;2023;13:15;1;12;12145;2;1;1;3;44.09822;3.07679;4;2;2;0;1;1; -1;1;0;1;30;Blessé hospitalisé;1
202300031356;155 624 962;A01;10;0;2;8;24;1;203 776 941;1;1;1;1;1997.0;4;0;-1;-1;25;7;2023;13:15;1;12;12145;2;1;1;3;44.09822;3.07679;4;2;2;0;1;1; -1;1;0;1;30;Indemne;1
202300031362;155 624 949;A01;7;0;2;2;22;1;203 776 920;1;1;1;1;1969.0;3;1;0;-1;30;7;2023;14:20;1;75;75118;2;2;1;3;48.8905;2.349606;4;1;1;1;1;1; -1;1;0;5;30;Indemne;6
202300031362;155 624 949;A01;7;0;2;2;22;1;203 776 920;1;1;1;1;1969.0;3;1;0;-1;30;7;2023;14:20;1;75;75118;2;2;1;3;48.8905;2.349606;4;-1; -1;0;1;1; -1;1;0;5;30;Indemne;6
202300031362;155 624 949;A01;7;0;2;2;22;1;203 776 921;2;2;1;2;1985.0;3;1;0;-1;30;7;2023;14:20;1;75;75118;2;2;1;3;48.8905;2.349606;4;1;1;1;1;1; -1;1;0;5;30;Indemne;6
202300031362;155 624 949;A01;7;0;2;2;22;1;203 776 921;2;2;1;2;1985.0;3;1;0;-1;30;7;2023;14:20;1;75;75118;2;2;1;3;48.8905;2.349606;4;-1; -1;0;1;1; -1;1;0;5;30;Indemne;6
202300031362;155 624 951;B01;1;0;2;1;1;5;203 776 922;1;1;4;2;1994.0;9;8;0;-1;30;7;2023;14:20;1;75;75118;2;2;1;3;48.8905;2.349606;4;1;1;1;1;1; -1;1;0;5;30;Blessé léger;6
202300031362;155 624 951;B01;1;0;2;1;1;5;203 776 922;1;1;4;2;1994.0;9;8;0;-1;30;7;2023;14:20;1;75;75118;2;2;1;3;48.8905;2.349606;4;-1; -1;0;1;1; -1;1;0;5;30;Blessé léger;6
202300031365;155 624 946;A01;10;0;2;4;20;1;203 776 915;1;1;1;1;1980.0;5;1;0;-1;30;7;2023;16:00;1;75;75116;2;2;1;2;48.847916;2.25947;4;1;1;2;1;1; -1;1;0;1;50;Indemne;6
202300031365;155 624 946;A01;10;0;2;4;20;1;203 776 915;1;1;1;1;1980.0;5;1;0;-1;30;7;2023;16:00;1;75;75116;2;2;1;2;48.847916;2.25947;4;-1; -1;-1;1;1; -1;1;0;1;50;Indemne;6
202300031365;155 624 947;B01;1;0;2;1;1;5;203 776 916;1;1;4;2;1971.0;5;2;0;-1;30;7;2023;16:00;1;75;75116;2;2;1;2;48.847916;2.25947;4;1;1;2;1;1; -1;1;0;1;50;Blessé léger;6
202300031365;155 624 947;B01;1;0;2;1;1;5;203 776 916;1;1;4;2;1971.0;5;2;0;-1;30;7;2023;16:00;1;75;75116;2;2;1;2;48.847916;2.25947;4;-1; -1;-1;1;1; -1;1;0;1;50;Blessé léger;6
202300031369;155 624 936;A01;1;1;2;0;1;5;203 776 901;1;1;4;2;1990.0;9;8;0;-1;30;7;2023;15:45;1;75;75103;2;2;1;3;48.861654;2.351627;4;1;0;0;1;1; -1;1;6;1;30;Blessé léger;6
202300031369;155 624 936;A01;1;1;2;0;1;5;203 776 901;1;1;4;2;1990.0;9;8;0;-1;30;7;2023;15:45;1;75;75103;2;2;1;3;48.861654;2.351627;4;1; -1;0;1;1; -1;1;6;1;30;Blessé léger;6
202300031369;155 624 938;B01;7;0;2;0;22;1;203 776 903;1;1;1;1;1963.0;9;0;-1;-1;30;7;2023;15:45;1;75;75103;2;2;1;3;48.861654;2.351627;4;1;0;0;1;1; -1;1;6;1;30;Indemne;6
202300031369;155 624 938;B01;7;0;2;0;22;1;203 776 903;1;1;1;1;1963.0;9;0;-1;-1;30;7;2023;15:45;1;75;75103;2;2;1;3;48.861654;2.351627;4;1; -1;0;1;1; -1;1;6;1;30;Indemne;6
202300031371;155 624 932;A01;7;0;2;1;1;1;203 776 895;1;1;1;1;1969.0;1;1;0;-1;19;1;2023;07:05;5;68;68066;2;1;1;3;48.09316;7.35526;3;3;4;0;2;1; -1;1;0;5;50;Indemne;3
202300031371;155 624 934;B01;1;0;2;7;1;5;203 776 898;1;1;4;1;1991.0;1;8;0;-1;19;1;2023;07:05;5;68;68066;2;1;1;3;48.09316;7.35526;3;3;4;0;2;1; -1;1;0;5;50;Blessé léger;3
202300031390;155 624 902;A01;1;0;2;1;2;5;203 776 857;1;1;3;1;1948.0;5;2;-1;-1;31;7;2023;16:00;1;52;52114;1;1;1;2;48.044962;4.905202;3;2;2;0;1;1; -1;1;0;1;80;Blessé hospitalisé;0
202300031390;155 624 903;B01;1;0;2;4;2;5;203 776 858;1;1;1;1;1961.0;5;2;-1;-1;31;7;2023;16:00;1;52;52114;1;1;1;2;48.044962;4.905202;3;2;2;0;1;1; -1;1;0;1;80;Indemne;0
202300031406;155 624 880;B01;1;0;2;4;16;5;203 776 827;1;1;4;1;2008.0;2;2;0;-1;18;1;2023;07:57;5;49;49015;2;3;1;2;47.50166;-0.59244;4;2;5;0;1;1; -1;7;0;1;50;Blessé léger;2
202300031406;155 624 880;B01;1;0;2;4;16;5;203 776 827;1;1;4;1;2008.0;2;2;0;-1;18;1;2023;07:57;5;49;49015;2;3;1;2;47.50166;-0.59244;4;3;4;1;1;3; -1;7;0;1;20;Blessé léger;2
202300031406;155 624 882;A01;7;0;2;2;16;1;203 776 829;1;1;1;2;1978.0;1;1;0;-1;18;1;2023;07:57;5;49;49015;2;3;1;2;47.50166;-0.59244;4;2;5;0;1;1; -1;7;0;1;50;Indemne;2
202300031406;155 624 882;A01;7;0;2;2;16;1;203 776 829;1;1;1;2;1978.0;1;1;0;-1;18;1;2023;07:57;5;49;49015;2;3;1;2;47.50166;-0.59244;4;3;4;1;1;3; -1;7;0;1;20;Indemne;2
202300031407;155 624 878;A01;1;0;0;0;1;5;203 776 822;1;1;4;2;2000.0;1;8;0;-1;18;1;2023;07:10;5;49;49246;2;1;1;7;47.44396;-0.51118;4;1;1;0;1;2; -1;7;0;1;30;Blessé léger;2
202300031431;155 624 843;A01;7;0;2;7;17;0;203 776 777;1;1;1;2;1935.0;5;1;-1;-1;25;7;2023;16:15;1;22;22222;1;1;1;3;48.669029;-2.894039;3;2;2;0;1;1; -1;1;0;1;80;Indemne;1
202300031431;155 624 844;B01;1;0;0;8;1;5;203 776 778;1;1;3;1;1964.0;5;2;-1;-1;25;7;2023;16:15;1;22;22222;1;1;1;3;48.669029;-2.894039;3;2;2;0;1;1; -1;1;0;1;80;Blessé hospitalisé;1
202300031433;155 624 840;A01;1;0;2;1;5;5;203 776 772;1;1;3;1;1999.0;1;0;-1;-1;28;7;2023;07:40;1;39;39286;2;1;1;1;46.386506;5.7806;4;1;1;0;1;3; -1;1;0;1;50;Blessé hospitalisé;4
202300031433;155 624 842;B01;7;0;2;1;1;1;203 776 774;1;1;1;2;1961.0;1;1;-1;-1;28;7;2023;07:40;1;39;39286;2;1;1;1;46.386506;5.7806;4;1;1;0;1;3; -1;1;0;1;50;Indemne;4
202300031449;155 624 808;A01;10;0;2;2;17;1;203 776 720;1;1;1;1;1966.0;5;8;-1;-1;28;7;2023;09:30;1;03;03072;1;1;1;2;46.501819;2.544601;3;2;2;0;1;1;5,5;1;0;1;90;Indemne;4
202300031449;155 624 809;B01;1;0;0;4;2;5;203 776 723;1;1;2;1;1944.0;5;2;-1;-1;28;7;2023;09:30;1;03;03072;1;1;1;2;46.501819;2.544601;3;2;2;0;1;1;5,5;1;0;1;90;Tué;4
202300031456;155 624 797;B01;1;0;2;3;15;5;203 776 708;1;1;3;1;1987.0;5;2;0;-1;27;7;2023;19:15;1;83;83124;1;3;1;3;43.585489;6.634433;3;2;2;0;1;1;6;1;0;1;80;Blessé hospitalisé;3
202300031456;155 624 797;B01;1;0;2;3;15;5;203 776 708;1;1;3;1;1987.0;5;2;0;-1;27;7;2023;19:15;1;83;83124;1;3;1;3;43.585489;6.634433;3;2; -1;-1;1;1; -1;1;0;1;-1;Blessé hospitalisé;3
202300031456;155 624 799;A01;7;0;2;2;17;0;203 776 710;1;1;1;1;1979.0;5;1;-1;-1;27;7;2023;19:15;1;83;83124;1;3;1;3;43.585489;6.634433;3;2;2;0;1;1;6;1;0;1;80;Indemne;3
202300031456;155 624 799;A01;7;0;2;2;17;0;203 776 710;1;1;1;1;1979.0;5;1;-1;-1;27;7;2023;19:15;1;83;83124;1;3;1;3;43.585489;6.634433;3;2; -1;-1;1;1; -1;1;0;1;-1;Indemne;3
202300031462;155 624 788;A01;1;3;0;9;21;5;203 776 696;1;1;3;1;1952.0;5;2;0;-1;20;6;2023;13:55;1;73;73164;1;1;1;6;45.704595;5.998801;3;2;2;0;2;1; -1;1;0;1;70;Blessé hospitalisé;1
202300031464;155 624 785;A01;1;0;6;1;1;5;203 776 683;1;1;3;1;1953.0;5;2;-1;-1;30;7;2023;09:30;1;16;16425;1;1;1;6;45.747177;0.449774;3;2;2;0;2;1;4;1;0;1;80;Blessé hospitalisé;6
202300031466;155 624 781;C01;1;0;0;1;1;5;203 776 678;1;1;4;1;1970.0;5;2;-1;-1;29;7;2023;11:00;1;21;21445;1;1;1;7;47.318332;4.317701;3;2;2;0;2;2;4;1;0;1;80;Blessé léger;5
202300031466;155 624 782;A01;1;0;5;1;1;5;203 776 679;1;1;3;1;1950.0;5;2;-1;-1;29;7;2023;11:00;1;21;21445;1;1;1;7;47.318332;4.317701;3;2;2;0;2;2;4;1;0;1;80;Blessé hospitalisé;5
202300031466;155 624 783;B01;1;16;0;1;1;5;203 776 680;1;1;4;2;1991.0;5;2;-1;-1;29;7;2023;11:00;1;21;21445;1;1;1;7;47.318332;4.317701;3;2;2;0;2;2;4;1;0;1;80;Blessé léger;5
202300031467;155 624 779;A01;7;0;2;2;15;1;203 776 676;1;1;1;2;1972.0;1;1;-1;-1;21;7;2023;08:10;1;04;04094;2;1;1;1;43.757798;5.894026;3;-1;2;0;2;1;5,5;1;0;1;30;Indemne;4
202300031467;155 624 780;B01;1;0;2;1;1;5;203 776 677;1;1;3;1;1963.0;5;2;-1;-1;21;7;2023;08:10;1;04;04094;2;1;1;1;43.757798;5.894026;3;-1;2;0;2;1;5,5;1;0;1;30;Blessé hospitalisé;4
202300031470;155 624 772;A01;7;0;9;3;17;1;203 776 668;1;1;1;1;1957.0;9;1;-1;-1;31;7;2023;11:45;1;28;28052;1;1;2;5;48.56626;1.527234;3;2;2;0;1;2;5,5;2;0;1;80;Indemne;0
202300031470;155 624 773;B01;1;0;2;8;1;5;203 776 669;1;1;4;1;1956.0;5;2;-1;-1;31;7;2023;11:45;1;28;28052;1;1;2;5;48.56626;1.527234;3;2;2;0;1;2;5,5;2;0;1;80;Blessé léger;0
202300031470;155 624 774;C01;1;0;2;8;1;5;203 776 670;1;1;3;2;1961.0;5;2;9;-1;31;7;2023;11:45;1;28;28052;1;1;2;5;48.56626;1.527234;3;2;2;0;1;2;5,5;2;0;1;80;Blessé hospitalisé;0
202300031470;155 624 775;D01;1;0;2;8;1;5;203 776 671;1;1;3;2;1958.0;5;2;-1;-1;31;7;2023;11:45;1;28;28052;1;1;2;5;48.56626;1.527234;3;2;2;0;1;2;5,5;2;0;1;80;Blessé hospitalisé;0
202300031505;155 624 714;A01;7;0;2;0;0;1;203 776 571;1;1;1;1;1941.0;5;1;-1;-1;26;7;2023;14:45;1;22;22198;1;1;1;3;48.798636;-3.540667;3;-1;2;0;1;1;5,5;1;0;1;70;Indemne;2
202300031505;155 624 715;B01;1;0;2;0;13;5;203 776 572;1;1;3;1;2007.0;5;0;-1;-1;26;7;2023;14:45;1;22;22198;1;1;1;3;48.798636;-3.540667;3;-1;2;0;1;1;5,5;1;0;1;70;Blessé hospitalisé;2
202300031506;155 624 712;A01;7;0;2;3;15;1;203 776 569;1;1;1;1;1934.0;5;1;-1;-1;31;7;2023;09:40;1;22;22186;1;2;8;3;48.585384;-2.5175;4;3;2;0;1;1; -1;1;0;1;80;Indemne;0
202300031506;155 624 712;A01;7;0;2;3;15;1;203 776 569;1;1;1;1;1934.0;5;1;-1;-1;31;7;2023;09:40;1;22;22186;1;2;8;3;48.585384;-2.5175;4;2;2;0;1;1; -1;1;0;1;80;Indemne;0
202300031506;155 624 713;B01;1;0;2;8;1;5;203 776 570;1;1;4;1;1992.0;5;2;-1;-1;31;7;2023;09:40;1;22;22186;1;2;8;3;48.585384;-2.5175;4;3;2;0;1;1; -1;1;0;1;80;Blessé léger;0
202300031506;155 624 713;B01;1;0;2;8;1;5;203 776 570;1;1;4;1;1992.0;5;2;-1;-1;31;7;2023;09:40;1;22;22186;1;2;8;3;48.585384;-2.5175;4;2;2;0;1;1; -1;1;0;1;80;Blessé léger;0
202300031534;155 624 660;A01;7;0;9;1;9;1;203 776 479;1;1;1;2;1994.0;9;1;0;-1;14;4;2023;08:36;1;60;60057;2;9;1;1;49.43364;2.09372;4;1;1;1;1;1; -1;1;0;5;30;Indemne;4
202300031534;155 624 662;B01;1;0;2;8;5;5;203 776 480;1;1;4;2;1969.0;0;8;0;-1;14;4;2023;08:36;1;60;60057;2;9;1;1;49.43364;2.09372;4;1;1;1;1;1; -1;1;0;5;30;Blessé léger;4
202300031557;155 624 613;A01;7;0;2;2;15;1;203 776 419;1;1;1;2;2002.0;5;1;8;-1;29;7;2023;22:50;5;64;64122;2;1;1;3;43.46247;-1.55125;4;2;3;0;2;1; -1;1;0;1;50;Indemne;5
202300031557;155 624 613;A01;7;0;2;2;15;1;203 776 420;3;2;1;2;2003.0;5;1;8;-1;29;7;2023;22:50;5;64;64122;2;1;1;3;43.46247;-1.55125;4;2;3;0;2;1; -1;1;0;1;50;Indemne;5
202300031557;155 624 613;A01;7;0;2;2;15;1;203 776 422;2;2;1;1;1999.0;5;1;8;-1;29;7;2023;22:50;5;64;64122;2;1;1;3;43.46247;-1.55125;4;2;3;0;2;1; -1;1;0;1;50;Indemne;5
202300031557;155 624 615;B01;1;0;2;1;1;5;203 776 424;1;1;3;1;2001.0;5;8;0;-1;29;7;2023;22:50;5;64;64122;2;1;1;3;43.46247;-1.55125;4;2;3;0;2;1; -1;1;0;1;50;Blessé hospitalisé;5
202300031559;155 624 609;A01;7;0;0;3;16;1;203 776 410;1;1;1;1;1978.0;5;1;0;-1;14;4;2023;17:55;1;38;38151;2;3;1;3;45.15461;5.71226;4;2;2;1;1;1; -1;1;0;5;50;Indemne;4
202300031559;155 624 609;A01;7;0;0;3;16;1;203 776 410;1;1;1;1;1978.0;5;1;0;-1;14;4;2023;17:55;1;38;38151;2;3;1;3;45.15461;5.71226;4;2;2;0;1;3; -1;1;0;5;50;Indemne;4
202300031559;155 624 610;B01;1;0;2;1;1;5;203 776 413;1;1;4;1;1999.0;1;2;0;-1;14;4;2023;17:55;1;38;38151;2;3;1;3;45.15461;5.71226;4;2;2;1;1;1; -1;1;0;5;50;Blessé léger;4
202300031559;155 624 610;B01;1;0;2;1;1;5;203 776 413;1;1;4;1;1999.0;1;2;0;-1;14;4;2023;17:55;1;38;38151;2;3;1;3;45.15461;5.71226;4;2;2;0;1;3; -1;1;0;5;50;Blessé léger;4
202300031581;155 624 579;A01;1;0;0;0;26;5;203 776 343;1;1;4;1;2007.0;5;8;0;-1;28;7;2023;12:20;1;37;37261;2;9;2;6;47.36295;0.69682;4;1;2;1;2;1; -1;2;9;5;50;Blessé léger;4
202300031591;155 624 565;B01;1;12;0;8;13;5;203 776 326;1;1;4;1;2004.0;0;8;0;-1;14;4;2023;09:45;1;27;27681;2;1;1;3;49.09086;1.48277;4;1;1;0;1;1; -1;1;0;1;30;Blessé léger;4
202300031591;155 624 567;A01;7;0;9;7;17;1;203 776 328;1;1;1;1;1959.0;1;1;0;-1;14;4;2023;09:45;1;27;27681;2;1;1;3;49.09086;1.48277;4;1;1;0;1;1; -1;1;0;1;30;Indemne;4
202300031598;155 624 554;Z01;1;0;1;0;1;5;203 776 310;10;3;4;2;1954.0;9;0;-1;-1;8;4;2023;10:30;1;22;22278;2;1;1;6;48.51252;-2.76155;4;1;1;0;1;1; -1;1;0;1;30;Blessé léger;5
202300031602;155 624 545;A01;31;0;2;1;13;1;203 776 299;1;1;1;1;2008.0;5;2;0;-1;28;7;2023;12:00;1;04;04070;2;1;1;1;44.07386;6.19593;4;2;2;0;1;1; -1;1;0;1;50;Indemne;4
202300031602;155 624 547;B01;1;0;2;1;1;5;203 776 301;1;1;3;1;1954.0;5;8;0;-1;28;7;2023;12:00;1;04;04070;2;1;1;1;44.07386;6.19593;4;2;2;0;1;1; -1;1;0;1;50;Blessé hospitalisé;4
202300031606;155 624 538;A01;1;0;2;1;1;5;203 776 288;1;1;4;1;2005.0;1;2;0;-1;7;4;2023;12:20;1;19;19031;2;2;1;3;45.15938;1.53217;4;1;1;0;1;1; -1;1;0;1;30;Blessé léger;4
202300031606;155 624 538;A01;1;0;2;1;1;5;203 776 288;1;1;4;1;2005.0;1;2;0;-1;7;4;2023;12:20;1;19;19031;2;2;1;3;45.15938;1.53217;4;1;1;0;1;1; -1;1;0;1;30;Blessé léger;4
202300031606;155 624 541;B01;1;0;2;3;1;5;203 776 293;1;1;4;2;1964.0;1;2;0;-1;7;4;2023;12:20;1;19;19031;2;2;1;3;45.15938;1.53217;4;1;1;0;1;1; -1;1;0;1;30;Blessé léger;4
202300031606;155 624 541;B01;1;0;2;3;1;5;203 776 293;1;1;4;2;1964.0;1;2;0;-1;7;4;2023;12:20;1;19;19031;2;2;1;3;45.15938;1.53217;4;1;1;0;1;1; -1;1;0;1;30;Blessé léger;4
202300031625;155 624 507;B01;1;0;0;0;0;5;203 776 241;1;1;3;1;1949.0;0;8;0;-1;13;4;2023;18:09;1;10;10387;2;1;1;6;48.303;4.077;4;1;1;1;1;1; -1;1;0;1;50;Blessé hospitalisé;3
202300031625;155 624 510;A01;7;0;2;1;1;1;203 776 244;1;1;1;1;2003.0;0;1;0;-1;13;4;2023;18:09;1;10;10387;2;1;1;6;48.303;4.077;4;1;1;1;1;1; -1;1;0;1;50;Indemne;3
202300031628;155 624 501;A01;31;0;2;7;18;1;203 776 234;1;1;1;1;2006.0;0;2;6;-1;11;11;2023;11:35;1;10;10333;2;1;2;3;48.2754;4.057;4;2;2;0;1;1; -1;2;0;1;50;Indemne;5
202300031628;155 624 504;B01;1;0;2;2;1;5;203 776 239;1;1;4;1;1946.0;0;2;0;-1;11;11;2023;11:35;1;10;10333;2;1;2;3;48.2754;4.057;4;2;2;0;1;1; -1;2;0;1;50;Blessé léger;5
202300031639;155 624 484;A01;80;0;2;2;14;3;203 776 209;1;1;4;1;1967.0;1;8;8;-1;2;3;2023;17:20;1;974;97411;2;6;1;3;-20.87649;55.44227;2;1;2;1;1;3; -1;1;9;1;50;Blessé léger;3
202300031639;155 624 486;B01;7;0;2;3;9;0;203 776 213;1;1;1;2;1995.0;0;1;0;-1;2;3;2023;17:20;1;974;97411;2;6;1;3;-20.87649;55.44227;2;1;2;1;1;3; -1;1;9;1;50;Indemne;3
202300031643;155 624 476;A01;7;0;2;3;1;1;203 776 199;1;1;4;1;1974.0;1;1;8;-1;14;4;2023;12:30;1;75;75120;2;2;1;3;48.85764;2.403897;4;2;2;0;2;1; -1;1;0;1;30;Blessé léger;4
202300031643;155 624 476;A01;7;0;2;3;1;1;203 776 199;1;1;4;1;1974.0;1;1;8;-1;14;4;2023;12:30;1;75;75120;2;2;1;3;48.85764;2.403897;4;1;0;0;1;1; -1;1;0;1;30;Blessé léger;4
202300031643;155 624 481;B01;1;0;2;1;1;5;203 776 205;1;1;1;1;1973.0;9;2;0;-1;14;4;2023;12:30;1;75;75120;2;2;1;3;48.85764;2.403897;4;2;2;0;2;1; -1;1;0;1;30;Indemne;4
202300031643;155 624 481;B01;1;0;2;1;1;5;203 776 205;1;1;1;1;1973.0;9;2;0;-1;14;4;2023;12:30;1;75;75120;2;2;1;3;48.85764;2.403897;4;1;0;0;1;1; -1;1;0;1;30;Indemne;4
202300031653;155 624 462;A01;1;0;2;0;17;5;203 776 183;1;1;1;1;1996.0;9;2;8;-1;14;4;2023;09:10;1;75;75118;2;3;1;3;48.88527;2.349529;4;1;1;1;1;1; -1;1;0;5;25;Indemne;4
202300031653;155 624 462;A01;1;0;2;0;17;5;203 776 183;1;1;1;1;1996.0;9;2;8;-1;14;4;2023;09:10;1;75;75118;2;3;1;3;48.88527;2.349529;4;1; -1;1;1;1; -1;1;0;1;30;Indemne;4
202300031653;155 624 464;B01;1;8;2;0;1;5;203 776 184;1;1;4;1;1983.0;9;2;8;-1;14;4;2023;09:10;1;75;75118;2;3;1;3;48.88527;2.349529;4;1;1;1;1;1; -1;1;0;5;25;Blessé léger;4
202300031653;155 624 464;B01;1;8;2;0;1;5;203 776 184;1;1;4;1;1983.0;9;2;8;-1;14;4;2023;09:10;1;75;75118;2;3;1;3;48.88527;2.349529;4;1; -1;1;1;1; -1;1;0;1;30;Blessé léger;4
202300031658;155 624 454;A01;7;1;0;6;13;1;203 776 174;1;1;1;2;1968.0;9;8;0;-1;11;11;2023;01:25;5;75;75120;2;1;1;2;48.875344;2.396486;4;2;2;0;2;1; -1;1;0;1;30;Indemne;5
202300031658;155 624 456;B01;80;0;2;1;17;3;203 776 176;1;1;4;1;1972.0;9;8;0;-1;11;11;2023;01:25;5;75;75120;2;1;1;2;48.875344;2.396486;4;2;2;0;2;1; -1;1;0;1;30;Blessé léger;5
202300031664;155 624 446;A01;7;0;2;1;15;1;203 776 162;1;1;1;2;2005.0;5;1;8;-1;11;11;2023;16:10;1;75;75117;2;2;1;3;48.893559;2.322663;4;1;1;0;1;1; -1;1;0;1;30;Indemne;5
202300031664;155 624 446;A01;7;0;2;1;15;1;203 776 162;1;1;1;2;2005.0;5;1;8;-1;11;11;2023;16:10;1;75;75117;2;2;1;3;48.893559;2.322663;4;1;1;0;1;1; -1;1;0;1;30;Indemne;5
202300031664;155 624 448;B01;1;0;2;1;5;5;203 776 164;1;1;4;1;1988.0;5;8;0;-1;11;11;2023;16:10;1;75;75117;2;2;1;3;48.893559;2.322663;4;1;1;0;1;1; -1;1;0;1;30;Blessé léger;5
202300031664;155 624 448;B01;1;0;2;1;5;5;203 776 164;1;1;4;1;1988.0;5;8;0;-1;11;11;2023;16:10;1;75;75117;2;2;1;3;48.893559;2.322663;4;1;1;0;1;1; -1;1;0;1;30;Blessé léger;5
202300031682;155 624 414;B01;7;0;2;2;2;3;203 776 118;4;2;1;1;1949.0;4;1;0;-1;14;4;2023;18:25;1;75;75109;2;2;2;3;48.875199;2.335222;4;1;1;0;1;1; -1;2;0;1;30;Indemne;4
202300031682;155 624 414;B01;7;0;2;2;2;3;203 776 118;4;2;1;1;1949.0;4;1;0;-1;14;4;2023;18:25;1;75;75109;2;2;2;3;48.875199;2.335222;4;1;1;0;1;1; -1;2;0;1;30;Indemne;4
202300031682;155 624 414;B01;7;0;2;2;2;3;203 776 120;1;1;1;1;1972.0;4;1;0;-1;14;4;2023;18:25;1;75;75109;2;2;2;3;48.875199;2.335222;4;1;1;0;1;1; -1;2;0;1;30;Indemne;4
202300031682;155 624 414;B01;7;0;2;2;2;3;203 776 120;1;1;1;1;1972.0;4;1;0;-1;14;4;2023;18:25;1;75;75109;2;2;2;3;48.875199;2.335222;4;1;1;0;1;1; -1;2;0;1;30;Indemne;4
202300031682;155 624 416;A01;80;0;2;2;19;3;203 776 123;1;1;4;1;2001.0;1;8;0;-1;14;4;2023;18:25;1;75;75109;2;2;2;3;48.875199;2.335222;4;1;1;0;1;1; -1;2;0;1;30;Blessé léger;4
202300031682;155 624 416;A01;80;0;2;2;19;3;203 776 123;1;1;4;1;2001.0;1;8;0;-1;14;4;2023;18:25;1;75;75109;2;2;2;3;48.875199;2.335222;4;1;1;0;1;1; -1;2;0;1;30;Blessé léger;4
202300031689;155 624 403;A01;80;0;0;1;1;3;203 776 105;1;1;4;1;1957.0;1;8;0;-1;13;4;2023;19:52;1;75;75104;2;1;1;7;48.853932;2.358344;4;1;2;1;1;1; -1;1;0;1;30;Blessé léger;3
202300031690;155 624 402;A01;80;0;1;8;1;3;203 776 104;1;1;1;1;1976.0;5;8;0;-1;11;11;2023;17:25;5;75;75110;2;1;1;6;48.872979;2.356313;4;1;0;1;1;1; -1;1;0;5;30;Indemne;5
202300031690;155 624 402;A01;80;0;1;8;1;3;203 776 106;10;3;4;1;2018.0;3;0;-1;-1;11;11;2023;17:25;5;75;75110;2;1;1;6;48.872979;2.356313;4;1;0;1;1;1; -1;1;0;5;30;Blessé léger;5
202300031690;155 624 402;A01;80;0;1;8;1;3;203 776 107;10;3;1;2;1994.0;3;0;-1;-1;11;11;2023;17:25;5;75;75110;2;1;1;6;48.872979;2.356313;4;1;0;1;1;1; -1;1;0;5;30;Indemne;5