Num_Acc;id_vehicule;num_veh;catv;obs;obsm;choc;manv;motor;id_usager;place;catu;grav;sexe;an_nais;trajet;secu1;secu2;secu3;jour;mois;an;hrmn;lum;dep;com;agg;int;atm;col;lat;long;catr;circ;nbv;vosp;prof;plan;larrout;surf;infra;situ;vma;gravity;day_of_week
202300031697;155 624 394;B01;1;0;2;0;2;5;203 776 096;1;1;4;1;2003.0;5;8;0;-1;25;2;2023;02:37;5;80;80021;2;1;1;6;49.87435;2.3065;4;2;2;0;1;1; -1;1;9;1;50;Blessé léger;5
202300031740;155 624 318;A01;1;13;0;2;14;5;203 776 003;1;1;3;1;1957.0;5;2;-1;-1;23;5;2023;14:00;1;73;73019;1;1;1;6;45.519662;6.317954;3;2;2;0;2;4;5,5;1;0;3;80;Blessé hospitalisé;1
202300031755;155 624 289;A01;7;0;2;2;5;2;203 775 968;1;1;1;1;1978.0;1;1;0;-1;14;4;2023;16:45;1;92;92050;2;1;2;3;48.90973433;2.21578091;4;2;4;0;1;1; -1;2;1;1;50;Indemne;4
202300031755;155 624 293;B01;1;0;2;8;5;5;203 775 972;1;1;4;1;1965.0;5;8;0;-1;14;4;2023;16:45;1;92;92050;2;1;2;3;48.90973433;2.21578091;4;2;4;0;1;1; -1;2;1;1;50;Blessé léger;4
202300031770;155 624 266;A01;7;0;2;0;22;1;203 775 936;1;1;1;1;1947.0;5;8;0;-1;2;3;2023;09:00;1;59;59350;2;1;1;7;50.63737496;3.07057679;4;1;1;2;1;1; -1;1;9;5;30;Indemne;3
202300031770;155 624 266;A01;7;0;2;0;22;1;203 775 937;2;2;1;1;1972.0;0;8;0;-1;2;3;2023;09:00;1;59;59350;2;1;1;7;50.63737496;3.07057679;4;1;1;2;1;1; -1;1;9;5;30;Indemne;3
202300031770;155 624 269;B01;1;0;2;0;2;5;203 775 940;1;1;4;1;1981.0;1;2;8;-1;2;3;2023;09:00;1;59;59350;2;1;1;7;50.63737496;3.07057679;4;1;1;2;1;1; -1;1;9;5;30;Blessé léger;3
202300031772;155 624 258;A01;7;0;2;0;0;0;203 775 928;1;1;1;1;1980.0;0;1;0;-1;14;4;2023;06:30;2;92;92012;2;3;1;3;48.83472775;2.24703938;3;2;2;0;1;1; -1;1;0;1;50;Indemne;4
202300031772;155 624 258;A01;7;0;2;0;0;0;203 775 928;1;1;1;1;1980.0;0;1;0;-1;14;4;2023;06:30;2;92;92012;2;3;1;3;48.83472775;2.24703938;3;1;4;0;1;1; -1;1;0;1;50;Indemne;4
202300031772;155 624 262;B01;1;0;2;7;1;5;203 775 932;1;1;4;1;2004.0;0;8;0;-1;14;4;2023;06:30;2;92;92012;2;3;1;3;48.83472775;2.24703938;3;2;2;0;1;1; -1;1;0;1;50;Blessé léger;4
202300031772;155 624 262;B01;1;0;2;7;1;5;203 775 932;1;1;4;1;2004.0;0;8;0;-1;14;4;2023;06:30;2;92;92012;2;3;1;3;48.83472775;2.24703938;3;1;4;0;1;1; -1;1;0;1;50;Blessé léger;4
202300031778;155 624 247;A01;7;0;2;3;9;1;203 775 912;1;1;1;1;1958.0;1;1;-1;-1;13;4;2023;06:30;1;972;97217;2;6;1;3;14.469744;-60.85708;3;1;2;0;1;2;3;1;5;1;50;Indemne;3
202300031778;155 624 250;B01;1;0;2;5;2;5;203 775 914;1;1;4;1;1972.0;1;2;-1;-1;13;4;2023;06:30;1;972;97217;2;6;1;3;14.469744;-60.85708;3;1;2;0;1;2;3;1;5;1;50;Blessé léger;3
202300031787;155 624 230;B01;1;8;2;1;2;5;203 775 887;1;1;4;1;1981.0;1;2;0;-1;1;3;2023;07:40;1;56;56121;2;1;1;3;47.73755;-3.38225;4;3;2;1;2;1; -1;1;0;1;30;Blessé léger;2
202300031787;155 624 231;A01;10;0;2;7;14;1;203 775 888;1;1;1;1;1971.0;4;1;8;-1;1;3;2023;07:40;1;56;56121;2;1;1;3;47.73755;-3.38225;4;3;2;1;2;1; -1;1;0;1;30;Indemne;2
202300031804;155 624 205;A01;80;0;1;0;21;3;203 775 849;10;3;4;1;2005.0;5;0;-1;-1;15;4;2023;00:45;3;56;56186;2;1;1;6;47.479766;-3.123143;4;1;1;2;2;1; -1;1;0;1;30;Blessé léger;5
202300031804;155 624 205;A01;80;0;1;0;21;3;203 775 852;1;1;1;1;1991.0;5;0;-1;-1;15;4;2023;00:45;3;56;56186;2;1;1;6;47.479766;-3.123143;4;1;1;2;2;1; -1;1;0;1;30;Indemne;5
202300031820;155 624 185;A01;1;0;0;0;1;5;203 775 822;1;1;4;1;1940.0;5;0;-1;-1;24;5;2023;16:40;1;55;55414;1;1;1;7;48.809939;4.914755;3;3;2;0;1;1;4;1;0;3;90;Blessé léger;2
202300031828;155 624 168;B01;1;0;2;1;1;5;203 775 804;1;1;4;1;2009.0;5;0;-1;-1;11;11;2023;16:15;1;07;07319;2;1;1;1;44.536409;4.67185;4;2;2;0;2;3; -1;1;0;1;50;Blessé léger;5
202300031828;155 624 170;A01;7;0;2;1;1;0;203 775 806;1;1;1;2;1966.0;0;1;-1;-1;11;11;2023;16:15;1;07;07319;2;1;1;1;44.536409;4.67185;4;2;2;0;2;3; -1;1;0;1;50;Indemne;5
202300031883;155 624 067;A01;7;0;2;2;17;1;203 775 674;1;1;1;1;1936.0;5;1;-1;-1;8;4;2023;10:35;1;78;78128;1;3;1;3;48.669426;1.956596;3;2;2;2;1;1; -1;1;5;1;70;Indemne;5
202300031883;155 624 067;A01;7;0;2;2;17;1;203 775 674;1;1;1;1;1936.0;5;1;-1;-1;8;4;2023;10:35;1;78;78128;1;3;1;3;48.669426;1.956596;3;2; -1;-1;1;1; -1;1;0;1;-1;Indemne;5
202300031883;155 624 070;B01;1;0;2;8;15;5;203 775 678;1;1;4;1;1995.0;5;2;-1;-1;8;4;2023;10:35;1;78;78128;1;3;1;3;48.669426;1.956596;3;2;2;2;1;1; -1;1;5;1;70;Blessé léger;5
202300031883;155 624 070;B01;1;0;2;8;15;5;203 775 678;1;1;4;1;1995.0;5;2;-1;-1;8;4;2023;10:35;1;78;78128;1;3;1;3;48.669426;1.956596;3;2; -1;-1;1;1; -1;1;0;1;-1;Blessé léger;5
202300031889;155 624 056;A01;1;0;2;8;1;5;203 775 660;1;1;3;1;1995.0;5;0;-1;-1;14;4;2023;13:35;1;2B;2B296;1;1;1;3;42.580993;8.902665;3;2;2;0;2;4;5;1;0;1;80;Blessé hospitalisé;4
202300031889;155 624 060;B01;38;0;2;8;23;1;203 775 662;1;1;1;1;1951.0;4;1;-1;-1;14;4;2023;13:35;1;2B;2B296;1;1;1;3;42.580993;8.902665;3;2;2;0;2;4;5;1;0;1;80;Indemne;4
202300031891;155 624 052;A01;1;0;2;1;1;5;203 775 654;1;1;3;2;1956.0;3;0;-1;-1;11;11;2023;11:48;1;68;68351;1;1;2;1;48.019525;7.576511;3;2;2;1;1;1;7;2;9;5;50;Blessé hospitalisé;5
202300031891;155 624 054;B01;1;0;2;1;9;5;203 775 658;1;1;4;1;1959.0;5;2;-1;-1;11;11;2023;11:48;1;68;68351;1;1;2;1;48.019525;7.576511;3;2;2;1;1;1;7;2;9;5;50;Blessé léger;5
202300031908;155 624 018;B01;80;0;2;2;1;3;203 775 608;1;1;3;1;1956.0;0;0;-1;-1;11;11;2023;10:35;1;29;29057;2;3;8;3;47.90519511;-3.99507291;3;2;2;1;1;1;5,5;1;0;5;70;Blessé hospitalisé;5
202300031908;155 624 018;B01;80;0;2;2;1;3;203 775 608;1;1;3;1;1956.0;0;0;-1;-1;11;11;2023;10:35;1;29;29057;2;3;8;3;47.90519511;-3.99507291;3;2;2;0;1;1;5,5;1;9;5;50;Blessé hospitalisé;5
202300031908;155 624 022;A01;7;0;2;3;9;1;203 775 613;1;1;1;2;1973.0;0;1;-1;-1;11;11;2023;10:35;1;29;29057;2;3;8;3;47.90519511;-3.99507291;3;2;2;1;1;1;5,5;1;0;5;70;Indemne;5
202300031908;155 624 022;A01;7;0;2;3;9;1;203 775 613;1;1;1;2;1973.0;0;1;-1;-1;11;11;2023;10:35;1;29;29057;2;3;8;3;47.90519511;-3.99507291;3;2;2;0;1;1;5,5;1;9;5;50;Indemne;5
202300031952;155 623 928;A01;1;0;2;8;15;5;203 775 488;1;1;1;1;1988.0;9;2;0;-1;3;3;2023;16:35;1;75;75111;2;3;1;3;48.86212;2.380157;4;2; -1;-1;1;1; -1;1;0;1;-1;Indemne;4
202300031952;155 623 928;A01;1;0;2;8;15;5;203 775 488;1;1;1;1;1988.0;9;2;0;-1;3;3;2023;16:35;1;75;75111;2;3;1;3;48.86212;2.380157;4;1;2;2;1;1; -1;1;8;1;30;Indemne;4
202300031952;155 623 929;B01;50;0;2;2;17;3;203 775 492;1;1;4;1;1965.0;1;2;8;-1;3;3;2023;16:35;1;75;75111;2;3;1;3;48.86212;2.380157;4;2; -1;-1;1;1; -1;1;0;1;-1;Blessé léger;4
202300031952;155 623 929;B01;50;0;2;2;17;3;203 775 492;1;1;4;1;1965.0;1;2;8;-1;3;3;2023;16:35;1;75;75111;2;3;1;3;48.86212;2.380157;4;1;2;2;1;1; -1;1;8;1;30;Blessé léger;4
202300031969;155 623 895;B01;7;0;2;3;1;1;203 775 440;1;1;1;1;1969.0;9;1;0;-1;2;3;2023;22:55;5;75;75102;2;2;1;3;48.863402;2.350948;4;1;3;1;1;1; -1;1;-1;5;30;Indemne;3
202300031969;155 623 895;B01;7;0;2;3;1;1;203 775 440;1;1;1;1;1969.0;9;1;0;-1;2;3;2023;22:55;5;75;75102;2;2;1;3;48.863402;2.350948;4;2;3;0;1;1; -1;1;-1;5;30;Indemne;3
202300031969;155 623 899;A01;1;0;2;1;1;5;203 775 445;1;1;4;1;1996.0;9;8;0;-1;2;3;2023;22:55;5;75;75102;2;2;1;3;48.863402;2.350948;4;1;3;1;1;1; -1;1;-1;5;30;Blessé léger;3
202300031969;155 623 899;A01;1;0;2;1;1;5;203 775 445;1;1;4;1;1996.0;9;8;0;-1;2;3;2023;22:55;5;75;75102;2;2;1;3;48.863402;2.350948;4;2;3;0;1;1; -1;1;-1;5;30;Blessé léger;3
202300031977;155 623 881;A01;14;0;2;7;1;1;203 775 423;1;1;1;1;1995.0;4;1;-1;-1;13;4;2023;14:10;1;83;83061;2;9;6;3;43.432637;6.725205;3;1;2;0;1;1; -1;1;9;8;50;Indemne;3
202300031977;155 623 883;B01;80;0;2;8;19;3;203 775 424;1;1;3;2;1969.0;5;8;0;-1;13;4;2023;14:10;1;83;83061;2;9;6;3;43.432637;6.725205;3;1;2;0;1;1; -1;1;9;8;50;Blessé hospitalisé;3
202300031978;155 623 880;A01;1;0;2;0;0;5;203 775 422;1;1;2;1;1949.0;5;2;-1;-1;12;3;2023;14:50;1;43;43234;2;6;1;3;44.956071;3.541213;3;1;1;0;1;2; -1;1;5;1;50;Tué;6
202300031978;155 623 882;B01;7;0;9;8;1;1;203 775 425;1;1;1;2;1962.0;5;1;-1;-1;12;3;2023;14:50;1;43;43234;2;6;1;3;44.956071;3.541213;3;1;1;0;1;2; -1;1;5;1;50;Indemne;6
202300031997;155 623 839;B01;1;0;2;2;1;5;203 775 370;1;1;4;2;1972.0;1;8;-1;-1;22;5;2023;13:20;1;69;69386;2;1;1;1;45.76543137;4.84947962;4;1;1;2;1;1; -1;1;0;1;50;Blessé léger;0
202300031997;155 623 843;A01;7;0;2;1;20;1;203 775 374;1;1;1;1;2001.0;0;8;-1;-1;22;5;2023;13:20;1;69;69386;2;1;1;1;45.76543137;4.84947962;4;1;1;2;1;1; -1;1;0;1;50;Indemne;0
202300032003;155 623 830;A01;7;0;2;2;16;1;203 775 360;1;1;1;1;1973.0;1;1;0;-1;2;3;2023;16:00;1;94;94017;2;9;1;3;48.8135;2.52804;3;3;2;1;1;1; -1;1;0;1;50;Indemne;3
202300032003;155 623 834;B01;1;0;2;1;1;5;203 775 363;1;1;4;1;1983.0;1;2;0;-1;2;3;2023;16:00;1;94;94017;2;9;1;3;48.8135;2.52804;3;3;2;1;1;1; -1;1;0;1;50;Blessé léger;3
202300032013;155 623 811;A01;1;0;2;1;19;5;203 775 336;1;1;3;2;1968.0;0;8;0;-1;13;4;2023;11:20;1;67;67482;2;3;1;2;48.55448;7.76639;4;2;3;2;1;1; -1;1;0;1;50;Blessé hospitalisé;3
202300032013;155 623 811;A01;1;0;2;1;19;5;203 775 336;1;1;3;2;1968.0;0;8;0;-1;13;4;2023;11:20;1;67;67482;2;3;1;2;48.55448;7.76639;4;2;4;2;1;1; -1;1;0;1;50;Blessé hospitalisé;3
202300032017;155 623 802;A01;7;0;2;3;9;0;203 775 322;1;1;1;1;1964.0;1;1;-1;-1;10;11;2023;08:40;1;69;69387;2;1;3;3;45.74686;4.84511;4;1;1;2;1;1; -1;2;0;1;30;Indemne;4
202300032017;155 623 804;B01;1;0;2;2;1;5;203 775 328;1;1;3;2;1976.0;9;2;-1;-1;10;11;2023;08:40;1;69;69387;2;1;3;3;45.74686;4.84511;4;1;1;2;1;1; -1;2;0;1;30;Blessé hospitalisé;4
202300032036;155 623 767;B01;80;0;9;4;1;3;203 775 270;1;1;4;2;1957.0;0;2;8;-1;3;3;2023;19:40;5;92;92046;2;1;1;2;48.81378952;2.27865055;3;2;2;0;2;1; -1;1;0;1;50;Blessé léger;4
202300032037;155 623 766;A01;1;0;0;0;1;5;203 775 269;1;1;3;1;1968.0;5;2;0;-1;21;5;2023;11:56;1;87;87085;2;1;1;7;45.91065;1.30529;4;2;2;0;1;1; -1;1;0;1;50;Blessé hospitalisé;6
202300032041;155 623 759;B01;1;0;2;1;2;5;203 775 259;1;1;4;1;1952.0;5;2;9;-1;3;3;2023;16:35;1;92;92073;2;9;1;3;48.864697;2.219001;3;2;4;0;1;2; -1;1;0;1;50;Blessé léger;4
202300032041;155 623 762;A01;7;0;9;7;10;1;203 775 263;1;1;1;1;2002.0;0;1;0;-1;3;3;2023;16:35;1;92;92073;2;9;1;3;48.864697;2.219001;3;2;4;0;1;2; -1;1;0;1;50;Indemne;4
202300032062;155 623 727;B01;1;0;2;8;1;5;203 775 212;1;1;4;2;1992.0;1;2;0;-1;13;4;2023;18:20;1;36;36044;2;1;8;3;46.81;1.68;4;2;2;1;2;1; -1;2;0;5;50;Blessé léger;3
202300032075;155 623 702;A01;7;0;9;2;1;1;203 775 183;1;1;1;1;1989.0;5;1;-1;-1;4;3;2023;15:20;1;972;97232;1;1;1;1;14.53984;-60.875657;3;2;2;0;2;2; -1;1;0;1;-1;Indemne;5
202300032075;155 623 705;B01;1;0;2;1;5;5;203 775 186;1;1;3;1;2002.0;9;2;-1;-1;4;3;2023;15:20;1;972;97232;1;1;1;1;14.53984;-60.875657;3;2;2;0;2;2; -1;1;0;1;-1;Blessé hospitalisé;5
202300032082;155 623 692;A01;1;0;0;1;16;5;203 775 173;1;1;4;1;1983.0;0;2;-1;-1;12;4;2023;12:10;1;29;29019;1;2;1;1;48.38086;-4.54786;4;-1;8;0;1;1; -1;1;0;1;50;Blessé léger;2
202300032082;155 623 692;A01;1;0;0;1;16;5;203 775 173;1;1;4;1;1983.0;0;2;-1;-1;12;4;2023;12:10;1;29;29019;1;2;1;1;48.38086;-4.54786;4;2; -1;-1;1;1; -1;1;5;1;-1;Blessé léger;2
202300032082;155 623 694;B01;15;0;2;1;1;1;203 775 175;1;1;1;1;1962.0;0;1;-1;-1;12;4;2023;12:10;1;29;29019;1;2;1;1;48.38086;-4.54786;4;-1;8;0;1;1; -1;1;0;1;50;Indemne;2
202300032082;155 623 694;B01;15;0;2;1;1;1;203 775 175;1;1;1;1;1962.0;0;1;-1;-1;12;4;2023;12:10;1;29;29019;1;2;1;1;48.38086;-4.54786;4;2; -1;-1;1;1; -1;1;5;1;-1;Indemne;2
202300032087;155 623 684;A01;1;0;1;1;15;5;203 775 163;1;1;4;2;1988.0;1;8;8;-1;22;5;2023;11:30;1;67;67447;2;3;1;6;48.60669;7.74927;4;2;2;0;1;1; -1;1;0;1;30;Blessé léger;0
202300032087;155 623 684;A01;1;0;1;1;15;5;203 775 163;1;1;4;2;1988.0;1;8;8;-1;22;5;2023;11:30;1;67;67447;2;3;1;6;48.60669;7.74927;4;1;2;2;1;2; -1;1;0;1;30;Blessé léger;0
202300032087;155 623 684;A01;1;0;1;1;15;5;203 775 168;10;3;1;1;1974.0;5;0;-1;-1;22;5;2023;11:30;1;67;67447;2;3;1;6;48.60669;7.74927;4;2;2;0;1;1; -1;1;0;1;30;Indemne;0
202300032087;155 623 684;A01;1;0;1;1;15;5;203 775 168;10;3;1;1;1974.0;5;0;-1;-1;22;5;2023;11:30;1;67;67447;2;3;1;6;48.60669;7.74927;4;1;2;2;1;2; -1;1;0;1;30;Indemne;0
202300032119;155 623 627;A01;7;0;2;1;1;1;203 775 082;1;1;1;1;1997.0;5;1;8;-1;10;11;2023;09:35;1;67;67218;2;3;1;1;48.52265;7.7158;4;2;2;0;1;1; -1;2;0;1;50;Indemne;4
202300032119;155 623 627;A01;7;0;2;1;1;1;203 775 082;1;1;1;1;1997.0;5;1;8;-1;10;11;2023;09:35;1;67;67218;2;3;1;1;48.52265;7.7158;4;2;2;0;1;1; -1;2;0;1;50;Indemne;4
202300032119;155 623 633;B01;1;0;2;1;16;5;203 775 087;1;1;4;1;1940.0;5;8;8;-1;10;11;2023;09:35;1;67;67218;2;3;1;1;48.52265;7.7158;4;2;2;0;1;1; -1;2;0;1;50;Blessé léger;4
202300032119;155 623 633;B01;1;0;2;1;16;5;203 775 087;1;1;4;1;1940.0;5;8;8;-1;10;11;2023;09:35;1;67;67218;2;3;1;1;48.52265;7.7158;4;2;2;0;1;1; -1;2;0;1;50;Blessé léger;4
202300032126;155 623 613;B01;1;0;2;4;2;5;203 775 063;1;1;3;1;1954.0;0;0;-1;-1;11;4;2023;11:40;1;09;09122;2;6;1;2;42.96358;1.60423;3;2;2;0;3;1;5;1;0;1;30;Blessé hospitalisé;1
202300032126;155 623 613;B01;1;0;2;4;2;5;203 775 063;1;1;3;1;1954.0;0;0;-1;-1;11;4;2023;11:40;1;09;09122;2;6;1;2;42.96358;1.60423;3;2;2;0;3;1;5,5;1;0;1;30;Blessé hospitalisé;1
202300032126;155 623 614;A01;7;0;2;2;2;1;203 775 066;1;1;1;2;1998.0;0;1;8;-1;11;4;2023;11:40;1;09;09122;2;6;1;2;42.96358;1.60423;3;2;2;0;3;1;5;1;0;1;30;Indemne;1
202300032126;155 623 614;A01;7;0;2;2;2;1;203 775 066;1;1;1;2;1998.0;0;1;8;-1;11;4;2023;11:40;1;09;09122;2;6;1;2;42.96358;1.60423;3;2;2;0;3;1;5,5;1;0;1;30;Indemne;1
202300032127;155 623 609;B01;1;0;2;0;1;5;203 775 061;1;1;3;1;1992.0;5;0;-1;-1;3;3;2023;15:25;1;44;44029;1;1;1;2;47.26575822;-1.31680281;3;2;2;0;1;1; -1;1;0;1;80;Blessé hospitalisé;4
202300032127;155 623 611;A01;7;0;9;2;2;1;203 775 065;1;1;1;1;1957.0;5;8;-1;-1;3;3;2023;15:25;1;44;44029;1;1;1;2;47.26575822;-1.31680281;3;2;2;0;1;1; -1;1;0;1;80;Indemne;4
202300032131;155 623 601;B01;1;0;2;4;1;5;203 775 050;1;1;3;1;1945.0;5;2;-1;-1;3;3;2023;14:00;1;35;35327;1;1;1;2;48.102996;-1.464996;3;2;2;0;1;1;7;1;0;1;70;Blessé hospitalisé;4
202300032131;155 623 604;A01;15;0;2;2;1;1;203 775 053;1;1;1;1;1963.0;4;1;-1;-1;3;3;2023;14:00;1;35;35327;1;1;1;2;48.102996;-1.464996;3;2;2;0;1;1;7;1;0;1;70;Indemne;4
202300032148;155 623 569;A01;7;0;2;7;2;6;203 775 005;1;1;1;1;1986.0;1;1;8;-1;6;10;2023;18:30;1;62;62263;2;9;1;3;50.28852;2.73842;4;-1;2;0;1;1; -1;1;0;5;50;Indemne;4
202300032148;155 623 571;B01;1;0;2;1;19;5;203 775 008;1;1;3;2;1986.0;9;2;8;-1;6;10;2023;18:30;1;62;62263;2;9;1;3;50.28852;2.73842;4;-1;2;0;1;1; -1;1;0;5;50;Blessé hospitalisé;4
202300032149;155 623 570;B01;1;0;2;1;1;5;203 775 007;1;1;4;1;1998.0;1;9;-1;-1;3;3;2023;16:45;1;72;72386;1;2;1;3;48.01237;0.276386;3;3;1;0;1;1; -1;1;0;1;50;Blessé léger;4
202300032149;155 623 570;B01;1;0;2;1;1;5;203 775 007;1;1;4;1;1998.0;1;9;-1;-1;3;3;2023;16:45;1;72;72386;1;2;1;3;48.01237;0.276386;3;2; -1;-1;1;1; -1;1;0;1;-1;Blessé léger;4
202300032149;155 623 573;A01;7;0;2;3;9;1;203 775 011;1;1;1;2;1952.0;0;1;-1;-1;3;3;2023;16:45;1;72;72386;1;2;1;3;48.01237;0.276386;3;3;1;0;1;1; -1;1;0;1;50;Indemne;4
202300032149;155 623 573;A01;7;0;2;3;9;1;203 775 011;1;1;1;2;1952.0;0;1;-1;-1;3;3;2023;16:45;1;72;72386;1;2;1;3;48.01237;0.276386;3;2; -1;-1;1;1; -1;1;0;1;-1;Indemne;4
202300032187;155 623 496;A01;7;0;2;3;9;1;203 774 908;1;1;1;1;1981.0;5;1;0;-1;25;6;2023;20:30;1;59;59122;2;6;7;3;50.17011498;3.23101938;3;1;2;0;1;1; -1;1;0;1;50;Indemne;6
202300032187;155 623 496;A01;7;0;2;3;9;1;203 774 908;1;1;1;1;1981.0;5;1;0;-1;25;6;2023;20:30;1;59;59122;2;6;7;3;50.17011498;3.23101938;3;2;2;0;1;1; -1;1;0;1;50;Indemne;6
202300032187;155 623 499;B01;1;0;2;2;1;5;203 774 910;1;1;4;1;2006.0;5;2;0;-1;25;6;2023;20:30;1;59;59122;2;6;7;3;50.17011498;3.23101938;3;1;2;0;1;1; -1;1;0;1;50;Blessé léger;6
202300032187;155 623 499;B01;1;0;2;2;1;5;203 774 910;1;1;4;1;2006.0;5;2;0;-1;25;6;2023;20:30;1;59;59122;2;6;7;3;50.17011498;3.23101938;3;2;2;0;1;1; -1;1;0;1;50;Blessé léger;6
202300032189;155 623 495;A01;1;8;0;1;21;5;203 774 907;1;1;4;1;1985.0;1;2;0;-1;22;5;2023;09:05;1;75;75117;2;1;1;6;48.895937;2.317355;4;2;4;1;1;1; -1;1;0;5;30;Blessé léger;0
202300032201;155 623 477;B01;1;0;2;0;1;5;203 774 884;1;1;4;1;1980.0;1;8;0;-1;22;5;2023;19:30;1;75;75108;2;4;1;3;48.867236;2.30599;4;1; -1;1;1;1; -1;1;0;1;30;Blessé léger;0
202300032201;155 623 477;B01;1;0;2;0;1;5;203 774 884;1;1;4;1;1980.0;1;8;0;-1;22;5;2023;19:30;1;75;75108;2;4;1;3;48.867236;2.30599;4;1;2;1;2;1; -1;1;0;1;30;Blessé léger;0
202300032201;155 623 480;A01;7;0;2;7;20;1;203 774 889;1;1;1;2;1945.0;9;1;0;-1;22;5;2023;19:30;1;75;75108;2;4;1;3;48.867236;2.30599;4;1; -1;1;1;1; -1;1;0;1;30;Indemne;0
202300032201;155 623 480;A01;7;0;2;7;20;1;203 774 889;1;1;1;2;1945.0;9;1;0;-1;22;5;2023;19:30;1;75;75108;2;4;1;3;48.867236;2.30599;4;1;2;1;2;1; -1;1;0;1;30;Indemne;0
202300032203;155 623 468;A01;1;12;0;2;14;5;203 774 870;1;1;4;2;1963.0;9;8;0;-1;22;5;2023;12:52;1;75;75108;2;3;1;6;48.875131;2.29601;4;2;2;0;1;1; -1;1;0;1;30;Blessé léger;0
202300032203;155 623 468;A01;1;12;0;2;14;5;203 774 870;1;1;4;2;1963.0;9;8;0;-1;22;5;2023;12:52;1;75;75108;2;3;1;6;48.875131;2.29601;4;1;1;1;1;2; -1;1;0;1;30;Blessé léger;0
202300032221;155 623 443;A01;7;0;2;3;9;1;203 774 834;1;1;1;2;1995.0;3;1;0;-1;10;11;2023;14:10;1;43;43251;2;6;2;3;45.0279;3.88072;4;1;1;0;1;2; -1;2;0;1;50;Indemne;4
202300032221;155 623 443;A01;7;0;2;3;9;1;203 774 834;1;1;1;2;1995.0;3;1;0;-1;10;11;2023;14:10;1;43;43251;2;6;2;3;45.0279;3.88072;4;2;2;0;1;1; -1;2;0;1;50;Indemne;4
202300032221;155 623 444;B01;1;0;2;7;1;5;203 774 836;1;1;4;1;1967.0;1;2;0;-1;10;11;2023;14:10;1;43;43251;2;6;2;3;45.0279;3.88072;4;1;1;0;1;2; -1;2;0;1;50;Blessé léger;4
202300032221;155 623 444;B01;1;0;2;7;1;5;203 774 836;1;1;4;1;1967.0;1;2;0;-1;10;11;2023;14:10;1;43;43251;2;6;2;3;45.0279;3.88072;4;2;2;0;1;1; -1;2;0;1;50;Blessé léger;4
202300032223;155 623 437;A01;14;0;9;1;21;1;203 774 827;1;1;1;1;2001.0;4;1;0;-1;13;12;2023;06:25;4;62;62570;1;1;1;2;50.40685;2.86699;3;2;2;0;1;1; -1;2;0;1;70;Indemne;2
202300032223;155 623 440;B01;1;0;2;4;1;5;203 774 830;1;1;4;1;1997.0;1;8;0;-1;13;12;2023;06:25;4;62;62570;1;1;1;2;50.40685;2.86699;3;2;2;0;1;1; -1;2;0;1;70;Blessé léger;2
202300032233;155 623 417;B01;1;1;0;1;26;5;203 774 799;1;1;4;1;1976.0;5;2;9;-1;3;3;2023;13:30;1;31;31395;1;1;1;6;43.433738;1.284895;3;2;2;0;1;1; -1;1;0;1;80;Blessé léger;4
202300032279;155 623 335;B01;7;0;2;2;1;1;203 774 682;1;1;1;2;1959.0;5;1;0;-1;25;6;2023;12:20;1;45;45234;2;2;1;3;47.91356;1.9099;4;2;3;2;1;1; -1;1;0;1;50;Indemne;6
202300032279;155 623 335;B01;7;0;2;2;1;1;203 774 682;1;1;1;2;1959.0;5;1;0;-1;25;6;2023;12:20;1;45;45234;2;2;1;3;47.91356;1.9099;4;2;3;2;1;1; -1;1;0;1;50;Indemne;6
202300032279;155 623 339;A01;1;0;2;8;1;5;203 774 687;1;1;4;1;2000.0;1;8;0;-1;25;6;2023;12:20;1;45;45234;2;2;1;3;47.91356;1.9099;4;2;3;2;1;1; -1;1;0;1;50;Blessé léger;6
202300032279;155 623 339;A01;1;0;2;8;1;5;203 774 687;1;1;4;1;2000.0;1;8;0;-1;25;6;2023;12:20;1;45;45234;2;2;1;3;47.91356;1.9099;4;2;3;2;1;1; -1;1;0;1;50;Blessé léger;6
202300032297;155 623 307;P01;1;0;2;5;15;5;203 774 646;1;1;4;1;1978.0;1;8;8;-1;10;11;2023;13:50;1;29;29232;2;6;2;3;47.980347;-4.072361;3;1;1;0;2;2; -1;2;0;1;50;Blessé léger;4
202300032297;155 623 311;B01;7;0;2;2;1;1;203 774 649;1;1;1;1;2004.0;0;1;8;-1;10;11;2023;13:50;1;29;29232;2;6;2;3;47.980347;-4.072361;3;1;1;0;2;2; -1;2;0;1;50;Indemne;4
202300032321;155 623 261;A01;7;0;2;7;17;1;203 774 586;1;1;1;2;1972.0;3;1;0;-1;24;6;2023;12:00;1;21;21054;2;4;1;3;47.04198;4.83996;4;2; -1;-1;2;3; -1;1;0;1;50;Indemne;5
202300032321;155 623 261;A01;7;0;2;7;17;1;203 774 586;1;1;1;2;1972.0;3;1;0;-1;24;6;2023;12:00;1;21;21054;2;4;1;3;47.04198;4.83996;4;2;3;0;2;1; -1;1;0;1;50;Indemne;5
202300032321;155 623 261;A01;7;0;2;7;17;1;203 774 588;2;2;1;2;2007.0;3;1;0;-1;24;6;2023;12:00;1;21;21054;2;4;1;3;47.04198;4.83996;4;2; -1;-1;2;3; -1;1;0;1;50;Indemne;5