Num_Acc;id_vehicule;num_veh;catv;obs;obsm;choc;manv;motor;id_usager;place;catu;grav;sexe;an_nais;trajet;secu1;secu2;secu3;jour;mois;an;hrmn;lum;dep;com;agg;int;atm;col;lat;long;catr;circ;nbv;vosp;prof;plan;larrout;surf;infra;situ;vma;gravity;day_of_week
202300032321;155 623 261;A01;7;0;2;7;17;1;203 774 588;2;2;1;2;2007.0;3;1;0;-1;24;6;2023;12:00;1;21;21054;2;4;1;3;47.04198;4.83996;4;2;3;0;2;1; -1;1;0;1;50;Indemne;5
202300032321;155 623 264;B01;80;0;2;8;15;3;203 774 590;1;1;4;2;1946.0;3;8;0;-1;24;6;2023;12:00;1;21;21054;2;4;1;3;47.04198;4.83996;4;2; -1;-1;2;3; -1;1;0;1;50;Blessé léger;5
202300032321;155 623 264;B01;80;0;2;8;15;3;203 774 590;1;1;4;2;1946.0;3;8;0;-1;24;6;2023;12:00;1;21;21054;2;4;1;3;47.04198;4.83996;4;2;3;0;2;1; -1;1;0;1;50;Blessé léger;5
202300032333;155 623 237;A01;1;0;2;1;5;5;203 774 552;1;1;4;1;2007.0;5;0;-1;-1;22;5;2023;21:05;1;28;28158;1;6;1;1;48.413935;1.431441;3;2;1;0;1;2;4;1;5;1;30;Blessé léger;0
202300032333;155 623 240;B01;7;0;2;1;1;1;203 774 555;1;1;1;1;1984.0;0;1;-1;-1;22;5;2023;21:05;1;28;28158;1;6;1;1;48.413935;1.431441;3;2;1;0;1;2;4;1;5;1;30;Indemne;0
202300032333;155 623 240;B01;7;0;2;1;1;1;203 774 557;2;2;1;1;2013.0;0;1;-1;-1;22;5;2023;21:05;1;28;28158;1;6;1;1;48.413935;1.431441;3;2;1;0;1;2;4;1;5;1;30;Indemne;0
202300032333;155 623 240;B01;7;0;2;1;1;1;203 774 561;9;2;1;1;2017.0;0;1;-1;-1;22;5;2023;21:05;1;28;28158;1;6;1;1;48.413935;1.431441;3;2;1;0;1;2;4;1;5;1;30;Indemne;0
202300032339;155 623 227;B01;1;0;0;0;0;5;203 774 539;1;1;3;1;2017.0;0;2;0;-1;14;12;2023;19:10;5;44;44109;2;6;2;2;47.22606;-1.52298;4;3;2;0;1;1; -1;2;0;1;30;Blessé hospitalisé;3
202300032339;155 623 227;B01;1;0;0;0;0;5;203 774 539;1;1;3;1;2017.0;0;2;0;-1;14;12;2023;19:10;5;44;44109;2;6;2;2;47.22606;-1.52298;4;-1; -1;0;1;1; -1;2;0;1;30;Blessé hospitalisé;3
202300032339;155 623 230;A01;7;0;2;1;26;1;203 774 543;1;1;1;2;1974.0;0;1;0;-1;14;12;2023;19:10;5;44;44109;2;6;2;2;47.22606;-1.52298;4;3;2;0;1;1; -1;2;0;1;30;Indemne;3
202300032339;155 623 230;A01;7;0;2;1;26;1;203 774 543;1;1;1;2;1974.0;0;1;0;-1;14;12;2023;19:10;5;44;44109;2;6;2;2;47.22606;-1.52298;4;-1; -1;0;1;1; -1;2;0;1;30;Indemne;3
202300032345;155 623 217;A01;7;0;2;2;1;1;203 774 528;1;1;1;1;1985.0;1;1;-1;-1;1;3;2023;09:12;1;69;69388;2;2;1;2;45.7298;4.85382;4;2;3;2;1;1; -1;1;0;1;30;Indemne;2
202300032345;155 623 217;A01;7;0;2;2;1;1;203 774 528;1;1;1;1;1985.0;1;1;-1;-1;1;3;2023;09:12;1;69;69388;2;2;1;2;45.7298;4.85382;4;2;3;2;1;1; -1;1;0;1;30;Indemne;2
202300032345;155 623 221;B01;1;0;2;6;1;0;203 774 532;1;1;4;1;2004.0;4;2;4;-1;1;3;2023;09:12;1;69;69388;2;2;1;2;45.7298;4.85382;4;2;3;2;1;1; -1;1;0;1;30;Blessé léger;2
202300032345;155 623 221;B01;1;0;2;6;1;0;203 774 532;1;1;4;1;2004.0;4;2;4;-1;1;3;2023;09:12;1;69;69388;2;2;1;2;45.7298;4.85382;4;2;3;2;1;1; -1;1;0;1;30;Blessé léger;2
202300032356;155 623 195;A01;50;0;2;1;5;3;203 774 492;1;1;4;1;1992.0;9;2;6;-1;25;6;2023;08:25;1;75;75119;2;3;1;1;48.895784;2.383602;4;2;2;0;1;1; -1;1;0;1;30;Blessé léger;6
202300032356;155 623 195;A01;50;0;2;1;5;3;203 774 492;1;1;4;1;1992.0;9;2;6;-1;25;6;2023;08:25;1;75;75119;2;3;1;1;48.895784;2.383602;4;1;3;2;1;1; -1;1;0;1;30;Blessé léger;6
202300032356;155 623 196;Y01;1;0;2;1;1;5;203 774 493;1;1;4;1;1979.0;5;2;6;-1;25;6;2023;08:25;1;75;75119;2;3;1;1;48.895784;2.383602;4;2;2;0;1;1; -1;1;0;1;30;Blessé léger;6
202300032356;155 623 196;Y01;1;0;2;1;1;5;203 774 493;1;1;4;1;1979.0;5;2;6;-1;25;6;2023;08:25;1;75;75119;2;3;1;1;48.895784;2.383602;4;1;3;2;1;1; -1;1;0;1;30;Blessé léger;6
202300032365;155 623 182;A01;80;0;0;7;15;3;203 774 476;1;1;4;1;1979.0;1;2;-1;-1;1;3;2023;08:30;1;69;69384;2;1;1;7;45.77974;4.83959;4;2;2;0;2;2; -1;1;0;1;50;Blessé léger;2
202300032368;155 623 175;A01;1;9;0;1;1;5;203 774 465;1;1;3;1;2003.0;5;8;0;-1;25;6;2023;05:56;1;75;75116;2;2;1;7;48.852733;2.275894;4;1;2;0;1;1; -1;1;1;1;30;Blessé hospitalisé;6
202300032368;155 623 175;A01;1;9;0;1;1;5;203 774 465;1;1;3;1;2003.0;5;8;0;-1;25;6;2023;05:56;1;75;75116;2;2;1;7;48.852733;2.275894;4;2;2;0;1;1; -1;1;0;1;30;Blessé hospitalisé;6
202300032391;155 623 134;B01;1;0;2;1;19;5;203 774 417;1;1;4;1;1994.0;0;8;0;-1;14;12;2023;12:22;1;27;27562;2;6;1;3;49.09556;1.45989;4;2;2;0;1;1; -1;1;9;1;50;Blessé léger;3
202300032391;155 623 134;B01;1;0;2;1;19;5;203 774 417;1;1;4;1;1994.0;0;8;0;-1;14;12;2023;12:22;1;27;27562;2;6;1;3;49.09556;1.45989;4;2;2;0;1;1; -1;1;0;1;50;Blessé léger;3
202300032391;155 623 138;A01;7;0;2;2;26;1;203 774 420;1;1;1;1;1973.0;5;1;0;-1;14;12;2023;12:22;1;27;27562;2;6;1;3;49.09556;1.45989;4;2;2;0;1;1; -1;1;9;1;50;Indemne;3
202300032391;155 623 138;A01;7;0;2;2;26;1;203 774 420;1;1;1;1;1973.0;5;1;0;-1;14;12;2023;12:22;1;27;27562;2;6;1;3;49.09556;1.45989;4;2;2;0;1;1; -1;1;0;1;50;Indemne;3
202300032394;155 623 131;A01;10;0;2;1;1;1;203 774 413;1;1;1;1;1950.0;5;1;0;-1;7;11;2023;13:34;1;05;05061;2;1;1;3;44.56165;6.08413;4;2;3;0;2;1;7;1;9;1;50;Indemne;1
202300032394;155 623 135;B01;1;0;2;4;1;5;203 774 416;1;1;4;1;1996.0;1;8;0;-1;7;11;2023;13:34;1;05;05061;2;1;1;3;44.56165;6.08413;4;2;3;0;2;1;7;1;9;1;50;Blessé léger;1
202300032413;155 623 102;B01;80;0;2;1;0;3;203 774 370;1;1;1;1;1958.0;0;2;0;-1;28;2;2023;14:25;1;72;72181;2;4;1;1;47.98542;0.1784;4;1;0;1;1;3; -1;1;0;5;50;Indemne;1
202300032413;155 623 102;B01;80;0;2;1;0;3;203 774 370;1;1;1;1;1958.0;0;2;0;-1;28;2;2023;14:25;1;72;72181;2;4;1;1;47.98542;0.1784;4;-1;2;0;1;3; -1;1;0;1;50;Indemne;1
202300032413;155 623 105;A01;7;0;2;1;16;1;203 774 373;1;1;4;1;2004.0;0;1;8;-1;28;2;2023;14:25;1;72;72181;2;4;1;1;47.98542;0.1784;4;1;0;1;1;3; -1;1;0;5;50;Blessé léger;1
202300032413;155 623 105;A01;7;0;2;1;16;1;203 774 373;1;1;4;1;2004.0;0;1;8;-1;28;2;2023;14:25;1;72;72181;2;4;1;1;47.98542;0.1784;4;-1;2;0;1;3; -1;1;0;1;50;Blessé léger;1
202300032434;155 623 070;A01;7;0;2;1;15;1;203 774 330;1;1;1;1;1978.0;3;1;0;-1;25;6;2023;11:20;1;93;93064;2;2;1;3;48.87120698;2.4709623;3;2;2;0;1;1; -1;1;0;1;50;Indemne;6
202300032434;155 623 070;A01;7;0;2;1;15;1;203 774 330;1;1;1;1;1978.0;3;1;0;-1;25;6;2023;11:20;1;93;93064;2;2;1;3;48.87120698;2.4709623;3;2;4;2;1;1; -1;1;0;1;50;Indemne;6
202300032434;155 623 073;B01;1;0;2;1;15;5;203 774 333;1;1;4;1;1963.0;5;0;-1;-1;25;6;2023;11:20;1;93;93064;2;2;1;3;48.87120698;2.4709623;3;2;2;0;1;1; -1;1;0;1;50;Blessé léger;6
202300032434;155 623 073;B01;1;0;2;1;15;5;203 774 333;1;1;4;1;1963.0;5;0;-1;-1;25;6;2023;11:20;1;93;93064;2;2;1;3;48.87120698;2.4709623;3;2;4;2;1;1; -1;1;0;1;50;Blessé léger;6
202300032446;155 623 050;B01;1;0;2;8;0;5;203 774 284;1;1;4;2;2012.0;0;2;0;-1;6;9;2023;14:00;1;10;10343;2;1;1;3;48.27305;4.08987;4;1;2;2;1;1; -1;1;0;5;50;Blessé léger;2
202300032446;155 623 053;A01;7;0;2;3;1;1;203 774 289;1;1;1;1;2001.0;0;1;0;-1;6;9;2023;14:00;1;10;10343;2;1;1;3;48.27305;4.08987;4;1;2;2;1;1; -1;1;0;5;50;Indemne;2
202300032453;155 623 039;A01;7;0;2;2;1;1;203 774 262;1;1;1;2;2003.0;2;1;0;-1;1;3;2023;16:35;1;59;59512;2;1;7;3;50.69308;3.16119;7;-1;2;0;1;1; -1;1;9;1;30;Indemne;2
202300032453;155 623 042;B01;1;0;2;7;19;5;203 774 265;1;1;4;1;2001.0;1;8;0;-1;1;3;2023;16:35;1;59;59512;2;1;7;3;50.69308;3.16119;7;-1;2;0;1;1; -1;1;9;1;30;Blessé léger;2
202300032461;155 623 022;A01;32;0;2;8;13;1;203 774 240;1;1;1;1;1974.0;9;2;0;-1;25;6;2023;10:30;1;92;92048;2;1;1;3;48.81662891;2.24758007;4;3;2;1;2;1; -1;1;0;1;50;Indemne;6
202300032461;155 623 026;B01;1;0;2;2;17;5;203 774 244;1;1;4;1;1979.0;0;8;0;-1;25;6;2023;10:30;1;92;92048;2;1;1;3;48.81662891;2.24758007;4;3;2;1;2;1; -1;1;0;1;50;Blessé léger;6
202300032485;155 622 973;B01;1;0;2;1;9;5;203 774 168;1;1;4;1;1975.0;1;2;8;-1;14;12;2023;08:30;1;75;75120;2;2;8;1;48.848978;2.41129;4;1;1;2;1;3; -1;2;0;1;30;Blessé léger;3
202300032485;155 622 973;B01;1;0;2;1;9;5;203 774 168;1;1;4;1;1975.0;1;2;8;-1;14;12;2023;08:30;1;75;75120;2;2;8;1;48.848978;2.41129;4;1; -1;0;1;2; -1;2;0;1;30;Blessé léger;3
202300032485;155 622 977;A01;7;0;2;1;1;1;203 774 173;1;1;1;1;1980.0;9;1;0;-1;14;12;2023;08:30;1;75;75120;2;2;8;1;48.848978;2.41129;4;1;1;2;1;3; -1;2;0;1;30;Indemne;3
202300032485;155 622 977;A01;7;0;2;1;1;1;203 774 173;1;1;1;1;1980.0;9;1;0;-1;14;12;2023;08:30;1;75;75120;2;2;8;1;48.848978;2.41129;4;1; -1;0;1;2; -1;2;0;1;30;Indemne;3
202300032504;155 622 937;B01;7;0;2;1;1;2;203 774 122;1;1;1;1;1979.0;5;1;0;-1;6;9;2023;22:25;5;75;75114;2;2;1;3;48.82264408;2.31484294;4;2;3;1;1;1; -1;1;0;1;30;Indemne;2
202300032504;155 622 937;B01;7;0;2;1;1;2;203 774 122;1;1;1;1;1979.0;5;1;0;-1;6;9;2023;22:25;5;75;75114;2;2;1;3;48.82264408;2.31484294;4;1; -1;-1;2;1; -1;1;0;1;30;Indemne;2
202300032504;155 622 939;A01;80;0;2;8;1;3;203 774 126;1;1;4;1;2002.0;5;8;0;-1;6;9;2023;22:25;5;75;75114;2;2;1;3;48.82264408;2.31484294;4;2;3;1;1;1; -1;1;0;1;30;Blessé léger;2
202300032504;155 622 939;A01;80;0;2;8;1;3;203 774 126;1;1;4;1;2002.0;5;8;0;-1;6;9;2023;22:25;5;75;75114;2;2;1;3;48.82264408;2.31484294;4;1; -1;-1;2;1; -1;1;0;1;30;Blessé léger;2
202300032511;155 622 926;B01;7;0;2;0;13;1;203 774 107;1;1;1;2;1999.0;9;1;0;-1;1;12;2023;20:20;5;75;75116;2;1;1;3;48.854617;2.250647;4;1;2;0;1;1; -1;1;0;1;50;Indemne;4
202300032511;155 622 927;A01;1;0;2;7;1;5;203 774 109;1;1;4;2;1977.0;9;2;8;-1;1;12;2023;20:20;5;75;75116;2;1;1;3;48.854617;2.250647;4;1;2;0;1;1; -1;1;0;1;50;Blessé léger;4
202300032521;155 622 911;A01;7;0;2;3;1;3;203 774 087;1;1;1;1;1977.0;9;1;8;-1;14;12;2023;12:45;1;75;75115;2;2;1;3;48.83797;2.29897;4;1; -1;0;1;1; -1;1;0;1;30;Indemne;3
202300032521;155 622 911;A01;7;0;2;3;1;3;203 774 087;1;1;1;1;1977.0;9;1;8;-1;14;12;2023;12:45;1;75;75115;2;2;1;3;48.83797;2.29897;4;1;2;0;1;1; -1;1;0;1;30;Indemne;3
202300032521;155 622 912;B01;1;0;2;7;1;5;203 774 088;1;1;4;1;1952.0;9;8;0;-1;14;12;2023;12:45;1;75;75115;2;2;1;3;48.83797;2.29897;4;1; -1;0;1;1; -1;1;0;1;30;Blessé léger;3
202300032521;155 622 912;B01;1;0;2;7;1;5;203 774 088;1;1;4;1;1952.0;9;8;0;-1;14;12;2023;12:45;1;75;75115;2;2;1;3;48.83797;2.29897;4;1;2;0;1;1; -1;1;0;1;30;Blessé léger;3
202300032532;155 622 893;A01;7;0;2;3;9;1;203 774 065;1;1;1;2;1937.0;5;1;-1;-1;17;6;2023;09:15;1;42;42020;1;6;1;3;45.63782025;4.20589525;3;-1;1;0;1;1;3,5;1;0;1;80;Indemne;5
202300032532;155 622 895;B01;1;0;2;0;1;5;203 774 068;1;1;3;1;1957.0;5;2;-1;-1;17;6;2023;09:15;1;42;42020;1;6;1;3;45.63782025;4.20589525;3;-1;1;0;1;1;3,5;1;0;1;80;Blessé hospitalisé;5
202300032537;155 622 882;A01;7;0;9;6;15;1;203 774 053;1;1;1;1;1932.0;9;8;-1;-1;25;6;2023;18:40;2;34;34239;2;4;1;2;43.650462;3.502235;3;4;3;0;1;1; -1;1;0;1;50;Indemne;6
202300032537;155 622 882;A01;7;0;9;6;15;1;203 774 053;1;1;1;1;1932.0;9;8;-1;-1;25;6;2023;18:40;2;34;34239;2;4;1;2;43.650462;3.502235;3;2; -1;-1;1;1; -1;1;0;1;-1;Indemne;6
202300032537;155 622 884;B01;1;0;2;2;1;5;203 774 055;1;1;4;1;1991.0;5;2;-1;-1;25;6;2023;18:40;2;34;34239;2;4;1;2;43.650462;3.502235;3;4;3;0;1;1; -1;1;0;1;50;Blessé léger;6
202300032537;155 622 884;B01;1;0;2;2;1;5;203 774 055;1;1;4;1;1991.0;5;2;-1;-1;25;6;2023;18:40;2;34;34239;2;4;1;2;43.650462;3.502235;3;2; -1;-1;1;1; -1;1;0;1;-1;Blessé léger;6
202300032540;155 622 877;A01;1;0;2;1;5;5;203 774 046;1;1;1;1;1990.0;0;2;4;0;14;12;2023;18:10;5;94;94058;2;1;1;1;48.834226;2.516914;3;1;1;1;1;1; -1;1;-1;5;30;Indemne;3
202300032540;155 622 879;B01;1;0;2;1;1;5;203 774 049;1;1;4;1;2006.0;0;8;8;8;14;12;2023;18:10;5;94;94058;2;1;1;1;48.834226;2.516914;3;1;1;1;1;1; -1;1;-1;5;30;Blessé léger;3
202300032554;155 622 852;A01;7;0;2;3;9;1;203 774 009;1;1;1;1;1948.0;5;1;-1;-1;24;6;2023;17:12;1;29;29235;2;6;7;3;48.404869;-4.418937;4;1;2;0;2;1; -1;1;0;1;30;Indemne;5
202300032554;155 622 852;A01;7;0;2;3;9;1;203 774 009;1;1;1;1;1948.0;5;1;-1;-1;24;6;2023;17:12;1;29;29235;2;6;7;3;48.404869;-4.418937;4;2;2;0;2;1; -1;1;0;1;30;Indemne;5
202300032554;155 622 854;B01;80;0;2;7;1;3;203 774 011;1;1;3;1;2003.0;5;2;6;-1;24;6;2023;17:12;1;29;29235;2;6;7;3;48.404869;-4.418937;4;1;2;0;2;1; -1;1;0;1;30;Blessé hospitalisé;5
202300032554;155 622 854;B01;80;0;2;7;1;3;203 774 011;1;1;3;1;2003.0;5;2;6;-1;24;6;2023;17:12;1;29;29235;2;6;7;3;48.404869;-4.418937;4;2;2;0;2;1; -1;1;0;1;30;Blessé hospitalisé;5
202300032555;155 622 851;A01;1;0;2;1;5;5;203 774 007;1;1;4;1;2001.0;4;8;0;0;14;12;2023;18:40;3;94;94002;2;2;1;1;48.80575;2.41516;4;1;1;0;1;1; -1;1;0;1;50;Blessé léger;3
202300032555;155 622 853;B01;7;0;2;1;1;1;203 774 010;1;1;1;1;1971.0;1;1;0;0;14;12;2023;18:40;3;94;94002;2;2;1;1;48.80575;2.41516;4;1;1;0;1;1; -1;1;0;1;50;Indemne;3
202300032560;155 622 838;A01;99;0;2;3;15;1;203 773 992;1;1;1;2;1961.0;4;1;0;-1;13;12;2023;08:00;2;93;93078;2;2;1;3;48.9546;2.5361;3;2;2;0;1;1; -1;1;5;1;50;Indemne;2
202300032560;155 622 838;A01;99;0;2;3;15;1;203 773 992;1;1;1;2;1961.0;4;1;0;-1;13;12;2023;08:00;2;93;93078;2;2;1;3;48.9546;2.5361;3;2;2;0;1;1; -1;1;5;1;50;Indemne;2
202300032560;155 622 840;B01;1;0;2;1;1;5;203 773 994;1;1;4;2;1974.0;1;2;0;-1;13;12;2023;08:00;2;93;93078;2;2;1;3;48.9546;2.5361;3;2;2;0;1;1; -1;1;5;1;50;Blessé léger;2
202300032560;155 622 840;B01;1;0;2;1;1;5;203 773 994;1;1;4;2;1974.0;1;2;0;-1;13;12;2023;08:00;2;93;93078;2;2;1;3;48.9546;2.5361;3;2;2;0;1;1; -1;1;5;1;50;Blessé léger;2
202300032565;155 622 830;A01;1;0;0;0;1;5;203 773 983;1;1;4;2;1982.0;1;2;0;-1;7;9;2023;11:11;1;92;92049;2;1;1;7;48.81309029;2.32608676;3;2;2;1;1;1; -1;8;0;5;50;Blessé léger;3
202300032570;155 622 822;A01;80;8;0;1;0;3;203 773 975;1;1;4;2;1986.0;1;2;0;-1;7;9;2023;19:15;1;92;92012;2;1;1;6;48.82745192;2.24518955;4;1;1;0;1;1; -1;1;0;4;50;Blessé léger;3
202300032571;155 622 819;B01;1;0;2;4;13;5;203 773 969;1;1;4;2;1964.0;5;2;-1;-1;26;6;2023;12:30;1;14;14582;1;1;1;2;49.081301;0.19298;3;2;2;0;1;1;9;1;0;1;90;Blessé léger;0
202300032571;155 622 821;A01;10;0;2;1;1;1;203 773 972;1;1;1;2;1998.0;4;1;-1;-1;26;6;2023;12:30;1;14;14582;1;1;1;2;49.081301;0.19298;3;2;2;0;1;1;9;1;0;1;90;Indemne;0
202300032571;155 622 821;A01;10;0;2;1;1;1;203 773 974;8;2;1;2;1978.0;4;1;-1;-1;26;6;2023;12:30;1;14;14582;1;1;1;2;49.081301;0.19298;3;2;2;0;1;1;9;1;0;1;90;Indemne;0
202300032585;155 622 799;B01;1;0;0;4;1;5;203 773 940;1;1;3;1;1979.0;1;2;-1;-1;8;9;2023;08:00;1;31;31454;2;1;1;2;43.411953;1.128609;3;2;2;0;1;1;7;1;0;1;50;Blessé hospitalisé;4
202300032585;155 622 800;A01;7;0;2;2;1;1;203 773 941;1;1;1;1;1936.0;3;1;-1;-1;8;9;2023;08:00;1;31;31454;2;1;1;2;43.411953;1.128609;3;2;2;0;1;1;7;1;0;1;50;Indemne;4
202300032588;155 622 793;B01;10;0;9;3;1;1;203 773 931;1;1;1;1;1971.0;9;1;8;-1;13;12;2023;14:25;1;92;92046;2;2;1;3;48.82049841;2.30394579;4;1;1;0;1;1; -1;1;0;8;50;Indemne;2
202300032588;155 622 793;B01;10;0;9;3;1;1;203 773 931;1;1;1;1;1971.0;9;1;8;-1;13;12;2023;14:25;1;92;92046;2;2;1;3;48.82049841;2.30394579;4;-1;1;0;1;1; -1;1;0;1;50;Indemne;2
202300032588;155 622 797;A01;1;0;0;0;0;5;203 773 937;1;1;4;2;1987.0;1;8;0;-1;13;12;2023;14:25;1;92;92046;2;2;1;3;48.82049841;2.30394579;4;1;1;0;1;1; -1;1;0;8;50;Blessé léger;2
202300032588;155 622 797;A01;1;0;0;0;0;5;203 773 937;1;1;4;2;1987.0;1;8;0;-1;13;12;2023;14:25;1;92;92046;2;2;1;3;48.82049841;2.30394579;4;-1;1;0;1;1; -1;1;0;1;50;Blessé léger;2
202300032590;155 622 788;A01;1;0;2;7;1;5;203 773 925;1;1;4;1;1968.0;5;0;-1;-1;25;6;2023;08:50;1;53;53062;2;6;7;3;47.82531;-0.68758;2;2;2;0;1;1;7;1;0;1;70;Blessé léger;6
202300032590;155 622 789;B01;7;0;2;3;9;0;203 773 926;1;1;1;1;1967.0;5;1;-1;-1;25;6;2023;08:50;1;53;53062;2;6;7;3;47.82531;-0.68758;2;2;2;0;1;1;7;1;0;1;70;Indemne;6
202300032593;155 622 784;A01;31;0;9;1;2;0;203 773 919;1;1;4;1;1975.0;5;2;-1;-1;10;8;2023;19:40;3;974;97416;1;1;1;2;-21.297656;55.418606;2;2;1;2;1;1;4;1;2;1;70;Blessé léger;3
202300032593;155 622 786;B01;1;0;0;4;2;5;203 773 922;1;1;3;1;2007.0;5;0;-1;-1;10;8;2023;19:40;3;974;97416;1;1;1;2;-21.297656;55.418606;2;2;1;2;1;1;4;1;2;1;70;Blessé hospitalisé;3
202300032608;155 622 752;A01;7;0;9;7;15;1;203 773 878;1;1;1;2;1983.0;2;1;-1;-1;8;9;2023;08:45;1;74;74177;1;4;1;3;46.049367;6.177471;3;2;2;0;2;1;5,5;1;5;1;-1;Indemne;4
202300032608;155 622 752;A01;7;0;9;7;15;1;203 773 878;1;1;1;2;1983.0;2;1;-1;-1;8;9;2023;08:45;1;74;74177;1;4;1;3;46.049367;6.177471;3;2; -1;-1;1;1; -1;1;0;1;-1;Indemne;4
202300032608;155 622 754;B01;1;0;2;1;1;5;203 773 881;1;1;3;1;1969.0;5;2;-1;-1;8;9;2023;08:45;1;74;74177;1;4;1;3;46.049367;6.177471;3;2;2;0;2;1;5,5;1;5;1;-1;Blessé hospitalisé;4
202300032608;155 622 754;B01;1;0;2;1;1;5;203 773 881;1;1;3;1;1969.0;5;2;-1;-1;8;9;2023;08:45;1;74;74177;1;4;1;3;46.049367;6.177471;3;2; -1;-1;1;1; -1;1;0;1;-1;Blessé hospitalisé;4
202300032634;155 622 706;A01;7;0;2;2;9;1;203 773 805;1;1;1;1;1948.0;9;1;-1;-1;13;12;2023;16:45;2;87;87143;1;3;1;3;45.917499;1.122462;3;3;2;0;3;1;5,5;2;0;1;50;Indemne;2
202300032634;155 622 706;A01;7;0;2;2;9;1;203 773 805;1;1;1;1;1948.0;9;1;-1;-1;13;12;2023;16:45;2;87;87143;1;3;1;3;45.917499;1.122462;3;-1; -1;-1;1;1; -1;-1;5;1;-1;Indemne;2
202300032634;155 622 708;B01;1;0;2;3;2;5;203 773 807;1;1;3;1;1952.0;9;0;-1;-1;13;12;2023;16:45;2;87;87143;1;3;1;3;45.917499;1.122462;3;3;2;0;3;1;5,5;2;0;1;50;Blessé hospitalisé;2
202300032634;155 622 708;B01;1;0;2;3;2;5;203 773 807;1;1;3;1;1952.0;9;0;-1;-1;13;12;2023;16:45;2;87;87143;1;3;1;3;45.917499;1.122462;3;-1; -1;-1;1;1; -1;-1;5;1;-1;Blessé hospitalisé;2
202300032664;155 622 658;A01;7;0;9;1;1;1;203 773 738;1;1;1;1;1941.0;5;1;-1;-1;15;12;2023;17:45;3;81;81262;1;1;1;2;44.068359;1.970469;3;2;2;0;1;1;5,5;1;0;1;80;Indemne;4
202300032664;155 622 661;B01;1;0;2;4;1;5;203 773 740;1;1;3;1;1989.0;3;0;-1;-1;15;12;2023;17:45;3;81;81262;1;1;1;2;44.068359;1.970469;3;2;2;0;1;1;5,5;1;0;1;80;Blessé hospitalisé;4
202300032697;155 622 599;A01;7;0;2;1;9;1;203 773 652;1;1;1;1;1995.0;5;1;0;-1;24;6;2023;20:45;1;72;72181;2;4;1;1;47.99049;0.20239;4;1;1;1;1;2; -1;1;1;1;50;Indemne;5
202300032697;155 622 599;A01;7;0;2;1;9;1;203 773 652;1;1;1;1;1995.0;5;1;0;-1;24;6;2023;20:45;1;72;72181;2;4;1;1;47.99049;0.20239;4;2;2;1;1;1; -1;1;0;1;50;Indemne;5
202300032697;155 622 599;A01;7;0;2;1;9;1;203 773 652;1;1;1;1;1995.0;5;1;0;-1;24;6;2023;20:45;1;72;72181;2;4;1;1;47.99049;0.20239;4;1;1;1;1;1; -1;1;0;1;50;Indemne;5
202300032697;155 622 600;B01;1;0;2;1;1;6;203 773 654;1;1;4;2;2000.0;5;8;0;-1;24;6;2023;20:45;1;72;72181;2;4;1;1;47.99049;0.20239;4;1;1;1;1;2; -1;1;1;1;50;Blessé léger;5
202300032697;155 622 600;B01;1;0;2;1;1;6;203 773 654;1;1;4;2;2000.0;5;8;0;-1;24;6;2023;20:45;1;72;72181;2;4;1;1;47.99049;0.20239;4;2;2;1;1;1; -1;1;0;1;50;Blessé léger;5
202300032697;155 622 600;B01;1;0;2;1;1;6;203 773 654;1;1;4;2;2000.0;5;8;0;-1;24;6;2023;20:45;1;72;72181;2;4;1;1;47.99049;0.20239;4;1;1;1;1;1; -1;1;0;1;50;Blessé léger;5
202300032719;155 622 558;A01;7;0;2;3;16;1;203 773 601;1;1;1;1;2005.0;9;1;0;-1;23;6;2023;17:36;1;91;91692;2;3;1;3;48.68253;2.1709;4;2;0;0;1;1; -1;1;0;1;50;Indemne;4
202300032719;155 622 558;A01;7;0;2;3;16;1;203 773 601;1;1;1;1;2005.0;9;1;0;-1;23;6;2023;17:36;1;91;91692;2;3;1;3;48.68253;2.1709;4;2;0;0;1;1; -1;1;0;1;50;Indemne;4
202300032719;155 622 559;B01;1;0;2;1;19;5;203 773 603;1;1;4;1;2012.0;0;8;0;-1;23;6;2023;17:36;1;91;91692;2;3;1;3;48.68253;2.1709;4;2;0;0;1;1; -1;1;0;1;50;Blessé léger;4
202300032719;155 622 559;B01;1;0;2;1;19;5;203 773 603;1;1;4;1;2012.0;0;8;0;-1;23;6;2023;17:36;1;91;91692;2;3;1;3;48.68253;2.1709;4;2;0;0;1;1; -1;1;0;1;50;Blessé léger;4
202300032734;155 622 531;A01;7;0;2;1;1;1;203 773 570;1;1;1;2;1988.0;5;1;0;-1;24;6;2023;11:30;1;78;78551;1;1;1;3;48.91584;2.06576;3;2;2;0;1;1;10,5;1;6;1;70;Indemne;5
202300032734;155 622 532;B01;1;0;2;7;19;5;203 773 571;1;1;4;2;2001.0;5;0;0;-1;24;6;2023;11:30;1;78;78551;1;1;1;3;48.91584;2.06576;3;2;2;0;1;1;10,5;1;6;1;70;Blessé léger;5
202300032741;155 622 517;B01;1;0;0;4;2;5;203 773 554;1;1;3;1;1987.0;1;0;-1;-1;8;9;2023;08:12;1;84;84034;1;1;7;2;43.896252;4.978152;3;2;2;0;1;1;5,5;1;0;1;80;Blessé hospitalisé;4