Num_Acc;id_vehicule;num_veh;catv;obs;obsm;choc;manv;motor;id_usager;place;catu;grav;sexe;an_nais;trajet;secu1;secu2;secu3;jour;mois;an;hrmn;lum;dep;com;agg;int;atm;col;lat;long;catr;circ;nbv;vosp;prof;plan;larrout;surf;infra;situ;vma;gravity;day_of_week
202300032741;155 622 520;A01;7;0;2;2;2;1;203 773 558;1;1;4;1;1977.0;1;1;-1;-1;8;9;2023;08:12;1;84;84034;1;1;7;2;43.896252;4.978152;3;2;2;0;1;1;5,5;1;0;1;80;Blessé léger;4
202300032755;155 622 492;A01;1;15;9;1;2;5;203 773 524;1;1;3;1;1992.0;5;0;-1;-1;8;9;2023;19:00;1;65;65481;1;1;1;6;42.907461;0.143745;3;2;2;0;2;2;5,5;1;0;1;80;Blessé hospitalisé;4
202300032756;155 622 489;B01;7;0;2;3;2;1;203 773 521;1;1;1;1;1957.0;5;1;8;-1;24;6;2023;10:10;1;67;67482;2;1;1;3;48.58441;7.76971;4;2;4;0;1;1; -1;1;0;1;50;Indemne;5
202300032756;155 622 491;A01;1;0;2;1;19;5;203 773 522;1;1;4;2;1997.0;0;8;8;-1;24;6;2023;10:10;1;67;67482;2;1;1;3;48.58441;7.76971;4;2;4;0;1;1; -1;1;0;1;50;Blessé léger;5
202300032762;155 622 480;A01;10;0;2;1;13;1;203 773 505;1;1;1;1;1991.0;4;1;8;-1;23;6;2023;11:55;1;67;67365;2;1;1;1;48.55316;7.71271;4;2;2;0;1;1; -1;1;0;1;30;Indemne;4
202300032762;155 622 481;B01;1;0;2;1;16;5;203 773 506;2;2;1;2;2015.0;2;8;0;-1;23;6;2023;11:55;1;67;67365;2;1;1;1;48.55316;7.71271;4;2;2;0;1;1; -1;1;0;1;30;Indemne;4
202300032762;155 622 481;B01;1;0;2;1;16;5;203 773 508;1;1;4;1;1962.0;2;8;0;-1;23;6;2023;11:55;1;67;67365;2;1;1;1;48.55316;7.71271;4;2;2;0;1;1; -1;1;0;1;30;Blessé léger;4
202300032765;155 622 475;A01;7;0;9;3;0;1;203 773 500;1;1;1;2;1980.0;5;1;0;-1;24;6;2023;19:29;1;64;64189;2;9;1;3;43.38267;-1.66655;4;2;2;0;1;1; -1;1;0;1;50;Indemne;5
202300032765;155 622 476;B01;1;0;2;3;1;5;203 773 501;1;1;4;2;2001.0;5;8;0;-1;24;6;2023;19:29;1;64;64189;2;9;1;3;43.38267;-1.66655;4;2;2;0;1;1; -1;1;0;1;50;Blessé léger;5
202300032768;155 622 469;B01;1;0;2;1;1;5;203 773 493;1;1;3;1;1954.0;5;2;-1;-1;15;12;2023;09:30;1;13;13073;2;1;1;1;43.386911;5.555686;3;2;2;1;2;1;8;1;5;3;-1;Blessé hospitalisé;4
202300032768;155 622 470;A01;7;0;9;2;15;1;203 773 499;1;1;1;1;1935.0;3;1;-1;-1;15;12;2023;09:30;1;13;13073;2;1;1;1;43.386911;5.555686;3;2;2;1;2;1;8;1;5;3;-1;Indemne;4
202300032825;155 622 342;A01;7;0;2;1;9;0;203 773 334;1;1;1;1;2000.0;1;1;0;-1;11;10;2023;09:00;1;37;37233;2;6;1;6;47.3949;0.71827;4;-1;1;0;1;1; -1;1;0;1;50;Indemne;2
202300032825;155 622 342;A01;7;0;2;1;9;0;203 773 334;1;1;1;1;2000.0;1;1;0;-1;11;10;2023;09:00;1;37;37233;2;6;1;6;47.3949;0.71827;4;-1;1;0;1;1; -1;1;0;1;50;Indemne;2
202300032825;155 622 343;B01;1;0;0;1;0;5;203 773 338;1;1;4;2;1993.0;1;8;0;-1;11;10;2023;09:00;1;37;37233;2;6;1;6;47.3949;0.71827;4;-1;1;0;1;1; -1;1;0;1;50;Blessé léger;2
202300032825;155 622 343;B01;1;0;0;1;0;5;203 773 338;1;1;4;2;1993.0;1;8;0;-1;11;10;2023;09:00;1;37;37233;2;6;1;6;47.3949;0.71827;4;-1;1;0;1;1; -1;1;0;1;50;Blessé léger;2
202300032840;155 622 314;A01;7;0;2;5;16;1;203 773 288;1;1;1;1;1968.0;0;1;-1;-1;6;9;2023;08:30;1;69;69386;2;1;1;3;45.768;4.85915;4;2;3;2;1;2; -1;1;0;5;50;Indemne;2
202300032840;155 622 315;B01;80;0;2;8;7;3;203 773 289;1;1;4;2;1993.0;1;2;-1;-1;6;9;2023;08:30;1;69;69386;2;1;1;3;45.768;4.85915;4;2;3;2;1;2; -1;1;0;5;50;Blessé léger;2
202300032852;155 622 294;A01;1;0;0;4;1;5;203 773 261;1;1;4;1;2007.0;1;8;0;-1;13;12;2023;13:55;1;973;97302;2;1;1;7;4.92531;-52.30843;4;2;2;0;1;1; -1;1;0;1;50;Blessé léger;2
202300032854;155 622 289;B01;1;0;1;1;1;5;203 773 255;10;3;4;2;2004.0;0;8;-1;-1;13;12;2023;18:30;5;69;69383;2;9;1;6;45.76363;4.86236;4;1;1;2;1;1; -1;1;0;1;30;Blessé léger;2
202300032854;155 622 289;B01;1;0;1;1;1;5;203 773 256;1;1;1;1;2000.0;0;8;-1;-1;13;12;2023;18:30;5;69;69383;2;9;1;6;45.76363;4.86236;4;1;1;2;1;1; -1;1;0;1;30;Indemne;2
202300032858;155 622 284;B01;1;0;2;1;1;5;203 773 250;1;1;4;2;1997.0;1;8;-1;-1;13;12;2023;13:50;1;69;69383;2;3;1;3;45.74995;4.8605;4;2;2;2;1;1; -1;1;0;1;30;Blessé léger;2
202300032858;155 622 284;B01;1;0;2;1;1;5;203 773 250;1;1;4;2;1997.0;1;8;-1;-1;13;12;2023;13:50;1;69;69383;2;3;1;3;45.74995;4.8605;4;2;3;1;2;1; -1;1;0;5;30;Blessé léger;2
202300032858;155 622 287;A01;10;9;2;2;16;1;203 773 252;1;1;1;1;1977.0;0;8;-1;-1;13;12;2023;13:50;1;69;69383;2;3;1;3;45.74995;4.8605;4;2;2;2;1;1; -1;1;0;1;30;Indemne;2
202300032858;155 622 287;A01;10;9;2;2;16;1;203 773 252;1;1;1;1;1977.0;0;8;-1;-1;13;12;2023;13:50;1;69;69383;2;3;1;3;45.74995;4.8605;4;2;3;1;2;1; -1;1;0;5;30;Indemne;2
202300032871;155 622 261;A01;7;0;2;5;1;1;203 773 216;1;1;1;2;1999.0;1;1;8;-1;13;12;2023;19:28;3;2B;2B120;2;1;1;3;42.66279;9.44254;4;3;4;0;1;1; -1;1;0;1;50;Indemne;2
202300032871;155 622 263;B01;1;0;2;5;19;5;203 773 219;1;1;4;1;2000.0;9;-1;0;-1;13;12;2023;19:28;3;2B;2B120;2;1;1;3;42.66279;9.44254;4;3;4;0;1;1; -1;1;0;1;50;Blessé léger;2
202300032880;155 622 245;A01;30;0;2;1;16;1;203 773 197;1;1;4;1;2005.0;1;2;6;-1;5;9;2023;08:00;1;56;56121;2;1;1;1;47.76023;-3.36567;4;2;2;0;1;3; -1;1;0;5;30;Blessé léger;1
202300032880;155 622 246;B01;1;0;2;1;5;5;203 773 198;1;1;4;1;2002.0;0;2;0;-1;5;9;2023;08:00;1;56;56121;2;1;1;1;47.76023;-3.36567;4;2;2;0;1;3; -1;1;0;5;30;Blessé léger;1
202300032881;155 622 244;A01;1;0;1;1;1;5;203 773 195;10;3;4;1;1956.0;5;0;-1;-1;5;9;2023;07:00;2;56;56121;2;1;1;6;47.74139;-3.37276;4;3;2;2;1;1; -1;1;-1;5;30;Blessé léger;1
202300032881;155 622 244;A01;1;0;1;1;1;5;203 773 196;1;1;4;1;1991.0;1;8;0;-1;5;9;2023;07:00;2;56;56121;2;1;1;6;47.74139;-3.37276;4;3;2;2;1;1; -1;1;-1;5;30;Blessé léger;1
202300032888;155 622 234;A01;1;0;2;8;21;5;203 773 182;1;1;4;1;2004.0;2;8;0;-1;6;9;2023;07:50;1;45;45234;2;2;1;2;47.91353;1.90988;4;2;3;1;1;1; -1;1;0;1;50;Blessé léger;2
202300032888;155 622 234;A01;1;0;2;8;21;5;203 773 182;1;1;4;1;2004.0;2;8;0;-1;6;9;2023;07:50;1;45;45234;2;2;1;2;47.91353;1.90988;4;2;3;1;1;1; -1;1;0;1;50;Blessé léger;2
202300032888;155 622 236;B01;7;0;2;5;23;1;203 773 184;1;1;1;2;1975.0;1;1;0;-1;6;9;2023;07:50;1;45;45234;2;2;1;2;47.91353;1.90988;4;2;3;1;1;1; -1;1;0;1;50;Indemne;2
202300032888;155 622 236;B01;7;0;2;5;23;1;203 773 184;1;1;1;2;1975.0;1;1;0;-1;6;9;2023;07:50;1;45;45234;2;2;1;2;47.91353;1.90988;4;2;3;1;1;1; -1;1;0;1;50;Indemne;2
202300032894;155 622 216;A01;1;0;2;1;1;5;203 773 161;1;1;4;2;1989.0;9;0;-1;-1;6;9;2023;13:45;1;33;33069;2;2;1;3;44.86247253;-0.58469206;4;2;4;3;1;1; -1;1;0;1;50;Blessé léger;2
202300032894;155 622 216;A01;1;0;2;1;1;5;203 773 161;1;1;4;2;1989.0;9;0;-1;-1;6;9;2023;13:45;1;33;33069;2;2;1;3;44.86247253;-0.58469206;4;2;2;0;1;1; -1;1;0;1;50;Blessé léger;2
202300032894;155 622 218;B01;7;0;2;3;15;1;203 773 164;1;1;1;1;1990.0;9;1;-1;-1;6;9;2023;13:45;1;33;33069;2;2;1;3;44.86247253;-0.58469206;4;2;4;3;1;1; -1;1;0;1;50;Indemne;2
202300032894;155 622 218;B01;7;0;2;3;15;1;203 773 164;1;1;1;1;1990.0;9;1;-1;-1;6;9;2023;13:45;1;33;33069;2;2;1;3;44.86247253;-0.58469206;4;2;2;0;1;1; -1;1;0;1;50;Indemne;2
202300032903;155 622 200;A01;7;0;2;8;0;1;203 773 140;1;1;1;1;1981.0;0;1;-1;-1;13;12;2023;20:10;5;76;76540;2;2;2;3;49.4470007;1.06980121;7;2;2;3;1;1; -1;2;-1;5;-1;Indemne;2
202300032903;155 622 200;A01;7;0;2;8;0;1;203 773 140;1;1;1;1;1981.0;0;1;-1;-1;13;12;2023;20:10;5;76;76540;2;2;2;3;49.4470007;1.06980121;7;2;2;0;1;1; -1;2;0;5;50;Indemne;2
202300032903;155 622 201;B01;80;0;2;1;0;3;203 773 142;1;1;3;1;1997.0;4;8;-1;-1;13;12;2023;20:10;5;76;76540;2;2;2;3;49.4470007;1.06980121;7;2;2;3;1;1; -1;2;-1;5;-1;Blessé hospitalisé;2
202300032903;155 622 201;B01;80;0;2;1;0;3;203 773 142;1;1;3;1;1997.0;4;8;-1;-1;13;12;2023;20:10;5;76;76540;2;2;2;3;49.4470007;1.06980121;7;2;2;0;1;1; -1;2;0;5;50;Blessé hospitalisé;2
202300032909;155 622 188;A01;1;0;2;1;9;5;203 773 122;2;2;4;1;2007.0;5;2;0;-1;3;9;2023;17:35;1;19;19031;2;3;1;3;45.16222;1.53064;4;2;0;0;1;1; -1;1;0;1;50;Blessé léger;6
202300032909;155 622 188;A01;1;0;2;1;9;5;203 773 122;2;2;4;1;2007.0;5;2;0;-1;3;9;2023;17:35;1;19;19031;2;3;1;3;45.16222;1.53064;4;1;1;0;1;1; -1;1;0;1;50;Blessé léger;6
202300032909;155 622 188;A01;1;0;2;1;9;5;203 773 123;1;1;1;1;2007.0;5;2;0;-1;3;9;2023;17:35;1;19;19031;2;3;1;3;45.16222;1.53064;4;2;0;0;1;1; -1;1;0;1;50;Indemne;6
202300032909;155 622 188;A01;1;0;2;1;9;5;203 773 123;1;1;1;1;2007.0;5;2;0;-1;3;9;2023;17:35;1;19;19031;2;3;1;3;45.16222;1.53064;4;1;1;0;1;1; -1;1;0;1;50;Indemne;6
202300032909;155 622 191;B01;7;0;2;1;1;1;203 773 126;1;1;1;2;1982.0;5;1;8;-1;3;9;2023;17:35;1;19;19031;2;3;1;3;45.16222;1.53064;4;2;0;0;1;1; -1;1;0;1;50;Indemne;6
202300032909;155 622 191;B01;7;0;2;1;1;1;203 773 126;1;1;1;2;1982.0;5;1;8;-1;3;9;2023;17:35;1;19;19031;2;3;1;3;45.16222;1.53064;4;1;1;0;1;1; -1;1;0;1;50;Indemne;6
202300032910;155 622 190;B01;1;0;2;4;1;5;203 773 125;1;1;4;1;2007.0;0;8;0;-1;13;12;2023;19:30;4;73;73065;2;2;3;3;45.56909502;5.91952533;4;2;2;2;1;1; -1;2;5;5;50;Blessé léger;2
202300032910;155 622 190;B01;1;0;2;4;1;5;203 773 125;1;1;4;1;2007.0;0;8;0;-1;13;12;2023;19:30;4;73;73065;2;2;3;3;45.56909502;5.91952533;4;1;1;2;1;1; -1;2;5;1;50;Blessé léger;2
202300032910;155 622 190;B01;1;0;2;4;1;5;203 773 125;1;1;4;1;2007.0;0;8;0;-1;13;12;2023;19:30;4;73;73065;2;2;3;3;45.56909502;5.91952533;4;1;1;2;1;1; -1;2;-1;5;50;Blessé léger;2
202300032922;155 622 167;A01;1;0;1;1;1;5;203 773 094;10;3;4;2;1939.0;5;8;8;-1;6;9;2023;16:30;1;75;75120;2;2;1;6;48.864663;2.404629;4;1; -1;-1;1;1; -1;1;0;1;30;Blessé léger;2
202300032922;155 622 167;A01;1;0;1;1;1;5;203 773 094;10;3;4;2;1939.0;5;8;8;-1;6;9;2023;16:30;1;75;75120;2;2;1;6;48.864663;2.404629;4;2;4;1;1;1; -1;1;0;5;30;Blessé léger;2
202300032922;155 622 167;A01;1;0;1;1;1;5;203 773 095;1;1;1;1;2000.0;1;8;0;-1;6;9;2023;16:30;1;75;75120;2;2;1;6;48.864663;2.404629;4;1; -1;-1;1;1; -1;1;0;1;30;Indemne;2
202300032922;155 622 167;A01;1;0;1;1;1;5;203 773 095;1;1;1;1;2000.0;1;8;0;-1;6;9;2023;16:30;1;75;75120;2;2;1;6;48.864663;2.404629;4;2;4;1;1;1; -1;1;0;5;30;Indemne;2
202300032926;155 622 161;B01;1;0;2;1;1;5;203 773 084;1;1;4;2;1989.0;9;8;0;-1;6;9;2023;16:55;1;75;75115;2;2;1;1;48.838604;2.289416;4;1;2;2;1;1; -1;1;0;1;30;Blessé léger;2
202300032926;155 622 161;B01;1;0;2;1;1;5;203 773 084;1;1;4;2;1989.0;9;8;0;-1;6;9;2023;16:55;1;75;75115;2;2;1;1;48.838604;2.289416;4;1;2;2;1;1; -1;1;0;1;30;Blessé léger;2
202300032926;155 622 162;A01;7;0;2;1;15;1;203 773 085;1;1;1;2;1952.0;9;1;0;-1;6;9;2023;16:55;1;75;75115;2;2;1;1;48.838604;2.289416;4;1;2;2;1;1; -1;1;0;1;30;Indemne;2
202300032926;155 622 162;A01;7;0;2;1;15;1;203 773 085;1;1;1;2;1952.0;9;1;0;-1;6;9;2023;16:55;1;75;75115;2;2;1;1;48.838604;2.289416;4;1;2;2;1;1; -1;1;0;1;30;Indemne;2
202300032927;155 622 159;A01;1;1;1;7;1;5;203 773 081;1;1;1;1;1988.0;1;8;0;-1;6;9;2023;16:39;1;75;75113;2;1;1;6;48.83587;2.361091;4;1;1;0;1;1; -1;1;0;1;30;Indemne;2
202300032927;155 622 159;A01;1;1;1;7;1;5;203 773 082;10;3;4;2;2013.0;5;0;-1;-1;6;9;2023;16:39;1;75;75113;2;1;1;6;48.83587;2.361091;4;1;1;0;1;1; -1;1;0;1;30;Blessé léger;2
202300032947;155 622 128;A01;1;0;0;0;0;5;203 773 036;1;1;4;1;1962.0;5;4;-1;-1;9;10;2023;09:55;1;13;13008;2;1;1;7;43.661589;5.156145;3;2;2;0;2;1; -1;1;0;1;50;Blessé léger;0
202300032953;155 622 117;A01;7;0;9;2;1;1;203 773 021;1;1;1;1;2003.0;0;8;-1;-1;8;10;2023;20:20;5;973;97311;2;3;1;1;5.47676;-54.038551;3;2;2;2;1;1; -1;1;0;1;50;Indemne;6
202300032953;155 622 117;A01;7;0;9;2;1;1;203 773 021;1;1;1;1;2003.0;0;8;-1;-1;8;10;2023;20:20;5;973;97311;2;3;1;1;5.47676;-54.038551;3;2; -1;-1;1;1; -1;1;0;1;-1;Indemne;6
202300032953;155 622 118;B01;1;0;2;0;15;5;203 773 022;1;1;4;1;1970.0;0;0;-1;-1;8;10;2023;20:20;5;973;97311;2;3;1;1;5.47676;-54.038551;3;2;2;2;1;1; -1;1;0;1;50;Blessé léger;6
202300032953;155 622 118;B01;1;0;2;0;15;5;203 773 022;1;1;4;1;1970.0;0;0;-1;-1;8;10;2023;20:20;5;973;97311;2;3;1;1;5.47676;-54.038551;3;2; -1;-1;1;1; -1;1;0;1;-1;Blessé léger;6
202300032957;155 622 113;A01;1;0;0;0;26;5;203 773 011;1;1;3;1;1981.0;5;0;-1;-1;7;10;2023;15:10;1;95;95438;1;1;1;7;49.132679;1.931577;3;2;2;1;2;3;5;1;0;1;80;Blessé hospitalisé;5
202300032958;155 622 111;A01;7;0;2;3;15;1;203 773 009;1;1;1;1;1967.0;5;1;-1;-1;8;10;2023;11:10;1;78;78334;2;3;1;3;48.723971;1.956173;3;2;2;0;2;1;5,5;1;0;1;50;Indemne;6
202300032958;155 622 111;A01;7;0;2;3;15;1;203 773 009;1;1;1;1;1967.0;5;1;-1;-1;8;10;2023;11:10;1;78;78334;2;3;1;3;48.723971;1.956173;3;2;2;0;1;1;5,5;1;0;1;50;Indemne;6
202300032958;155 622 112;B01;1;0;2;1;1;5;203 773 010;1;1;4;1;1961.0;5;2;-1;-1;8;10;2023;11:10;1;78;78334;2;3;1;3;48.723971;1.956173;3;2;2;0;2;1;5,5;1;0;1;50;Blessé léger;6
202300032958;155 622 112;B01;1;0;2;1;1;5;203 773 010;1;1;4;1;1961.0;5;2;-1;-1;8;10;2023;11:10;1;78;78334;2;3;1;3;48.723971;1.956173;3;2;2;0;1;1;5,5;1;0;1;50;Blessé léger;6
202300033021;155 621 999;A01;7;0;2;1;1;1;203 772 855;1;1;1;1;1992.0;0;8;0;-1;7;10;2023;17:05;1;77;77285;2;1;1;3;48.53802;2.6228;4;2;2;0;1;1; -1;1;9;1;50;Indemne;5
202300033021;155 622 000;B01;1;0;2;7;19;5;203 772 856;1;1;3;1;2014.0;5;2;0;-1;7;10;2023;17:05;1;77;77285;2;1;1;3;48.53802;2.6228;4;2;2;0;1;1; -1;1;9;1;50;Blessé hospitalisé;5
202300033031;155 621 985;A01;7;0;2;3;15;1;203 772 835;1;1;1;1;1942.0;3;1;8;-1;7;10;2023;15:30;1;67;67482;2;3;1;3;48.58092;7.76979;4;3;6;1;1;2; -1;1;0;1;50;Indemne;5
202300033031;155 621 985;A01;7;0;2;3;15;1;203 772 835;1;1;1;1;1942.0;3;1;8;-1;7;10;2023;15:30;1;67;67482;2;3;1;3;48.58092;7.76979;4;3;4;3;1;1; -1;1;0;1;50;Indemne;5
202300033031;155 621 986;B01;1;0;2;7;15;5;203 772 836;1;1;4;2;2001.0;0;8;8;-1;7;10;2023;15:30;1;67;67482;2;3;1;3;48.58092;7.76979;4;3;6;1;1;2; -1;1;0;1;50;Blessé léger;5
202300033031;155 621 986;B01;1;0;2;7;15;5;203 772 836;1;1;4;2;2001.0;0;8;8;-1;7;10;2023;15:30;1;67;67482;2;3;1;3;48.58092;7.76979;4;3;4;3;1;1; -1;1;0;1;50;Blessé léger;5
202300033037;155 621 976;B01;1;0;2;8;19;5;203 772 822;1;1;2;1;1969.0;5;8;0;-1;7;10;2023;10:10;1;59;59350;2;1;1;3;50.6168;3.03397;1;1;1;0;2;3; -1;1;3;1;50;Tué;5
202300033037;155 621 977;A01;7;0;2;3;1;1;203 772 823;1;1;1;1;1984.0;5;1;0;-1;7;10;2023;10:10;1;59;59350;2;1;1;3;50.6168;3.03397;1;1;1;0;2;3; -1;1;3;1;50;Indemne;5
202300033041;155 621 969;A01;7;0;2;2;1;1;203 772 814;1;1;1;1;1995.0;0;1;0;-1;7;10;2023;19:49;5;45;45234;2;6;1;1;47.90111;1.91922;4;-1;1;0;1;1; -1;1;0;1;50;Indemne;5
202300033041;155 621 969;A01;7;0;2;2;1;1;203 772 814;1;1;1;1;1995.0;0;1;0;-1;7;10;2023;19:49;5;45;45234;2;6;1;1;47.90111;1.91922;4;-1;2;0;1;1; -1;1;0;1;50;Indemne;5
202300033041;155 621 970;B01;1;0;2;1;1;5;203 772 815;1;1;4;1;1969.0;0;8;0;-1;7;10;2023;19:49;5;45;45234;2;6;1;1;47.90111;1.91922;4;-1;1;0;1;1; -1;1;0;1;50;Blessé léger;5
202300033041;155 621 970;B01;1;0;2;1;1;5;203 772 815;1;1;4;1;1969.0;0;8;0;-1;7;10;2023;19:49;5;45;45234;2;6;1;1;47.90111;1.91922;4;-1;2;0;1;1; -1;1;0;1;50;Blessé léger;5
202300033053;155 621 950;B01;7;0;9;3;1;1;203 772 788;1;1;1;1;2002.0;1;1;0;-1;7;10;2023;22:00;5;31;31555;2;2;1;3;43.6365;1.4333;4;2;2;0;1;1; -1;1;5;1;50;Indemne;5
202300033053;155 621 950;B01;7;0;9;3;1;1;203 772 788;1;1;1;1;2002.0;1;1;0;-1;7;10;2023;22:00;5;31;31555;2;2;1;3;43.6365;1.4333;4;2;2;0;1;1; -1;1;5;1;50;Indemne;5
202300033053;155 621 952;A01;1;0;2;1;1;5;203 772 794;1;1;4;1;2000.0;1;8;0;-1;7;10;2023;22:00;5;31;31555;2;2;1;3;43.6365;1.4333;4;2;2;0;1;1; -1;1;5;1;50;Blessé léger;5
202300033053;155 621 952;A01;1;0;2;1;1;5;203 772 794;1;1;4;1;2000.0;1;8;0;-1;7;10;2023;22:00;5;31;31555;2;2;1;3;43.6365;1.4333;4;2;2;0;1;1; -1;1;5;1;50;Blessé léger;5
202300033056;155 621 945;B01;30;0;2;1;1;1;203 772 782;1;1;4;1;1983.0;5;2;6;-1;17;1;2023;21:20;5;75;75105;2;4;1;3;48.840861;2.337333;4;2;3;3;1;1; -1;1;0;1;30;Blessé léger;1
202300033056;155 621 945;B01;30;0;2;1;1;1;203 772 782;1;1;4;1;1983.0;5;2;6;-1;17;1;2023;21:20;5;75;75105;2;4;1;3;48.840861;2.337333;4;1; -1;-1;1;1; -1;1;0;1;-1;Blessé léger;1
202300033056;155 621 946;A01;1;0;2;1;15;5;203 772 784;1;1;1;1;2003.0;5;8;0;-1;17;1;2023;21:20;5;75;75105;2;4;1;3;48.840861;2.337333;4;2;3;3;1;1; -1;1;0;1;30;Indemne;1
202300033056;155 621 946;A01;1;0;2;1;15;5;203 772 784;1;1;1;1;2003.0;5;8;0;-1;17;1;2023;21:20;5;75;75105;2;4;1;3;48.840861;2.337333;4;1; -1;-1;1;1; -1;1;0;1;-1;Indemne;1
202300033058;155 621 940;A01;7;0;2;3;22;1;203 772 775;1;1;1;1;1987.0;9;1;0;-1;19;1;2023;15:50;1;75;75119;2;3;1;3;48.882199;2.374522;4;1; -1;-1;1;1; -1;1;0;1;-1;Indemne;3
202300033058;155 621 940;A01;7;0;2;3;22;1;203 772 775;1;1;1;1;1987.0;9;1;0;-1;19;1;2023;15:50;1;75;75119;2;3;1;3;48.882199;2.374522;4;1;1;0;1;1; -1;1;0;1;30;Indemne;3
202300033058;155 621 941;B01;1;0;2;1;1;5;203 772 776;1;1;4;2;1984.0;9;2;0;-1;19;1;2023;15:50;1;75;75119;2;3;1;3;48.882199;2.374522;4;1; -1;-1;1;1; -1;1;0;1;-1;Blessé léger;3
202300033058;155 621 941;B01;1;0;2;1;1;5;203 772 776;1;1;4;2;1984.0;9;2;0;-1;19;1;2023;15:50;1;75;75119;2;3;1;3;48.882199;2.374522;4;1;1;0;1;1; -1;1;0;1;30;Blessé léger;3
202300033061;155 621 936;B01;1;0;2;1;1;5;203 772 770;1;1;4;1;1989.0;9;8;0;-1;19;1;2023;11:20;1;75;75109;2;3;1;1;48.878914;2.339831;4;1; -1;-1;1;1; -1;1;-1;5;-1;Blessé léger;3
202300033061;155 621 936;B01;1;0;2;1;1;5;203 772 770;1;1;4;1;1989.0;9;8;0;-1;19;1;2023;11:20;1;75;75109;2;3;1;1;48.878914;2.339831;4;2;2;1;2;1; -1;1;-1;5;50;Blessé léger;3
202300033061;155 621 937;A01;30;0;2;1;9;3;203 772 771;1;1;1;1;1989.0;4;2;6;-1;19;1;2023;11:20;1;75;75109;2;3;1;1;48.878914;2.339831;4;1; -1;-1;1;1; -1;1;-1;5;-1;Indemne;3
202300033061;155 621 937;A01;30;0;2;1;9;3;203 772 771;1;1;1;1;1989.0;4;2;6;-1;19;1;2023;11:20;1;75;75109;2;3;1;1;48.878914;2.339831;4;2;2;1;2;1; -1;1;-1;5;50;Indemne;3
202300033071;155 621 920;B01;80;0;2;3;1;3;203 772 746;1;1;4;1;2000.0;9;2;0;-1;19;1;2023;20:50;5;75;75112;2;2;2;3;48.833763;2.382569;4;3; -1;-1;1;1; -1;2;0;1;-1;Blessé léger;3
202300033071;155 621 920;B01;80;0;2;3;1;3;203 772 746;1;1;4;1;2000.0;9;2;0;-1;19;1;2023;20:50;5;75;75112;2;2;2;3;48.833763;2.382569;4;2;4;0;1;1; -1;2;0;1;30;Blessé léger;3
202300033071;155 621 921;A01;13;0;2;5;15;3;203 772 748;2;2;1;1;1993.0;4;1;8;-1;19;1;2023;20:50;5;75;75112;2;2;2;3;48.833763;2.382569;4;3; -1;-1;1;1; -1;2;0;1;-1;Indemne;3
202300033071;155 621 921;A01;13;0;2;5;15;3;203 772 748;2;2;1;1;1993.0;4;1;8;-1;19;1;2023;20:50;5;75;75112;2;2;2;3;48.833763;2.382569;4;2;4;0;1;1; -1;2;0;1;30;Indemne;3
202300033071;155 621 921;A01;13;0;2;5;15;3;203 772 749;2;2;1;1;1999.0;4;1;8;-1;19;1;2023;20:50;5;75;75112;2;2;2;3;48.833763;2.382569;4;3; -1;-1;1;1; -1;2;0;1;-1;Indemne;3
202300033071;155 621 921;A01;13;0;2;5;15;3;203 772 749;2;2;1;1;1999.0;4;1;8;-1;19;1;2023;20:50;5;75;75112;2;2;2;3;48.833763;2.382569;4;2;4;0;1;1; -1;2;0;1;30;Indemne;3
202300033071;155 621 921;A01;13;0;2;5;15;3;203 772 750;1;1;1;1;1984.0;4;1;8;-1;19;1;2023;20:50;5;75;75112;2;2;2;3;48.833763;2.382569;4;3; -1;-1;1;1; -1;2;0;1;-1;Indemne;3
202300033071;155 621 921;A01;13;0;2;5;15;3;203 772 750;1;1;1;1;1984.0;4;1;8;-1;19;1;2023;20:50;5;75;75112;2;2;2;3;48.833763;2.382569;4;2;4;0;1;1; -1;2;0;1;30;Indemne;3
202300033074;155 621 915;A01;7;0;2;4;2;1;203 772 741;1;1;1;2;1969.0;1;8;0;-1;6;10;2023;17:55;1;14;14242;2;1;1;2;49.221821;-0.363826;4;2;2;1;2;1; -1;1;0;1;50;Indemne;4
202300033074;155 621 917;B01;80;14;0;4;1;3;203 772 743;1;1;3;1;2001.0;1;8;0;-1;6;10;2023;17:55;1;14;14242;2;1;1;2;49.221821;-0.363826;4;2;2;1;2;1; -1;1;0;1;50;Blessé hospitalisé;4
202300033076;155 621 913;A01;1;0;0;2;15;5;203 772 737;1;1;4;2;1961.0;9;2;0;-1;19;1;2023;15:40;1;75;75102;2;2;1;6;48.86442;2.351493;4;2;4;1;1;1; -1;1;-1;5;30;Blessé léger;3
202300033076;155 621 913;A01;1;0;0;2;15;5;203 772 737;1;1;4;2;1961.0;9;2;0;-1;19;1;2023;15:40;1;75;75102;2;2;1;6;48.86442;2.351493;4;2;3;1;1;1; -1;1;-1;5;30;Blessé léger;3
202300033091;155 621 884;B01;1;0;2;4;14;5;203 772 699;1;1;4;1;1976.0;0;2;0;-1;18;1;2023;18:50;5;93;93010;2;6;2;2;48.91815001;2.47684888;4;2;2;0;1;2; -1;2;9;8;30;Blessé léger;2