Num_Acc;id_vehicule;num_veh;catv;obs;obsm;choc;manv;motor;id_usager;place;catu;grav;sexe;an_nais;trajet;secu1;secu2;secu3;jour;mois;an;hrmn;lum;dep;com;agg;int;atm;col;lat;long;catr;circ;nbv;vosp;prof;plan;larrout;surf;infra;situ;vma;gravity;day_of_week
202300033091;155 621 886;A01;7;0;2;4;14;1;203 772 701;1;1;1;1;1974.0;0;1;0;-1;18;1;2023;18:50;5;93;93010;2;6;2;2;48.91815001;2.47684888;4;2;2;0;1;2; -1;2;9;8;30;Indemne;2
202300033093;155 621 882;B01;1;0;2;1;1;5;203 772 698;1;1;4;1;2010.0;5;8;0;-1;7;10;2023;12:19;1;10;10081;2;3;1;3;48.30819;4.03504;4;-1;1;0;1;1; -1;1;0;1;50;Blessé léger;5
202300033093;155 621 882;B01;1;0;2;1;1;5;203 772 698;1;1;4;1;2010.0;5;8;0;-1;7;10;2023;12:19;1;10;10081;2;3;1;3;48.30819;4.03504;4;2;2;0;1;1; -1;1;0;1;50;Blessé léger;5
202300033094;155 621 879;A01;1;0;1;1;2;5;203 772 693;1;1;4;1;1999.0;0;2;0;-1;18;1;2023;13:30;1;92;92073;2;1;1;6;48.87220276;2.22853214;4;1;2;1;1;1; -1;1;0;1;30;Blessé léger;2
202300033094;155 621 879;A01;1;0;1;1;2;5;203 772 694;10;3;4;2;1965.0;5;8;8;-1;18;1;2023;13:30;1;92;92073;2;1;1;6;48.87220276;2.22853214;4;1;2;1;1;1; -1;1;0;1;30;Blessé léger;2
202300033114;155 621 844;A01;1;0;1;1;1;5;203 772 651;1;1;1;1;1995.0;5;2;8;-1;7;10;2023;20:25;5;75;75120;2;3;1;6;48.859696;2.404855;4;1; -1;-1;1;1; -1;1;0;1;-1;Indemne;5
202300033114;155 621 844;A01;1;0;1;1;1;5;203 772 651;1;1;1;1;1995.0;5;2;8;-1;7;10;2023;20:25;5;75;75120;2;3;1;6;48.859696;2.404855;4;1;1;0;2;1; -1;1;0;1;20;Indemne;5
202300033114;155 621 844;A01;1;0;1;1;1;5;203 772 652;10;3;4;2;2019.0;5;0;-1;-1;7;10;2023;20:25;5;75;75120;2;3;1;6;48.859696;2.404855;4;1; -1;-1;1;1; -1;1;0;1;-1;Blessé léger;5
202300033114;155 621 844;A01;1;0;1;1;1;5;203 772 652;10;3;4;2;2019.0;5;0;-1;-1;7;10;2023;20:25;5;75;75120;2;3;1;6;48.859696;2.404855;4;1;1;0;2;1; -1;1;0;1;20;Blessé léger;5
202300033130;155 621 819;A01;7;0;2;4;4;1;203 772 621;1;1;1;1;1976.0;9;1;8;-1;7;10;2023;00:35;5;75;75110;2;1;1;2;48.86886;2.364678;4;1;1;0;1;1; -1;1;0;1;30;Indemne;5
202300033130;155 621 820;B01;1;0;2;1;1;5;203 772 622;1;1;4;1;2001.0;5;2;8;-1;7;10;2023;00:35;5;75;75110;2;1;1;2;48.86886;2.364678;4;1;1;0;1;1; -1;1;0;1;30;Blessé léger;5
202300033141;155 621 800;B01;1;0;2;0;19;5;203 772 599;1;1;4;2;2019.0;5;0;-1;-1;7;10;2023;17:00;1;94;94021;2;1;1;6;48.771329;2.361179;3;2;2;0;1;1;7;1;0;4;30;Blessé léger;5
202300033141;155 621 801;A01;7;0;2;7;2;1;203 772 600;1;1;1;1;1966.0;0;1;8;-1;7;10;2023;17:00;1;94;94021;2;1;1;6;48.771329;2.361179;3;2;2;0;1;1;7;1;0;4;30;Indemne;5
202300033141;155 621 801;A01;7;0;2;7;2;1;203 772 601;10;3;1;2;1986.0;0;0;-1;-1;7;10;2023;17:00;1;94;94021;2;1;1;6;48.771329;2.361179;3;2;2;0;1;1;7;1;0;4;30;Indemne;5
202300033163;155 621 760;B01;1;0;2;7;15;5;203 772 541;1;1;3;1;1965.0;5;2;9;-1;6;10;2023;18:00;2;86;86046;2;6;1;3;46.774089;0.536782;4;4;1;0;1;3; -1;1;0;1;30;Blessé hospitalisé;4
202300033163;155 621 762;A01;7;0;2;1;9;0;203 772 543;1;1;1;1;1965.0;3;1;-1;-1;6;10;2023;18:00;2;86;86046;2;6;1;3;46.774089;0.536782;4;4;1;0;1;3; -1;1;0;1;30;Indemne;4
202300033165;155 621 756;B01;1;0;2;8;1;5;203 772 537;1;1;4;1;1953.0;5;2;9;-1;6;10;2023;16:30;1;52;52114;2;9;1;3;48.031752;4.912906;3;2;2;0;1;1;7;1;0;3;50;Blessé léger;4
202300033165;155 621 758;A01;7;0;9;1;15;1;203 772 539;1;1;1;1;1998.0;5;1;-1;-1;6;10;2023;16:30;1;52;52114;2;9;1;3;48.031752;4.912906;3;2;2;0;1;1;7;1;0;3;50;Indemne;4
202300033171;155 621 743;B01;1;0;2;7;1;5;203 772 520;1;1;4;1;1989.0;5;2;6;-1;23;9;2023;10:40;1;01;01353;1;1;1;3;45.964784;4.798488;3;2;2;0;2;1;5,5;1;0;1;80;Blessé léger;5
202300033171;155 621 744;A01;7;0;2;2;14;1;203 772 522;1;1;1;1;2005.0;1;8;-1;-1;23;9;2023;10:40;1;01;01353;1;1;1;3;45.964784;4.798488;3;2;2;0;2;1;5,5;1;0;1;80;Indemne;5
202300033176;155 621 728;A01;7;0;9;5;1;1;203 772 501;1;1;1;2;1978.0;5;1;-1;-1;7;10;2023;15:30;1;30;30209;2;3;1;3;44.009225;4.783769;4;2;2;0;2;1; -1;1;0;1;50;Indemne;5
202300033176;155 621 728;A01;7;0;9;5;1;1;203 772 501;1;1;1;2;1978.0;5;1;-1;-1;7;10;2023;15:30;1;30;30209;2;3;1;3;44.009225;4.783769;4;2;2;0;1;1; -1;1;0;1;50;Indemne;5
202300033176;155 621 729;B01;1;0;2;1;1;5;203 772 503;1;1;3;1;2018.0;5;2;-1;-1;7;10;2023;15:30;1;30;30209;2;3;1;3;44.009225;4.783769;4;2;2;0;2;1; -1;1;0;1;50;Blessé hospitalisé;5
202300033176;155 621 729;B01;1;0;2;1;1;5;203 772 503;1;1;3;1;2018.0;5;2;-1;-1;7;10;2023;15:30;1;30;30209;2;3;1;3;44.009225;4.783769;4;2;2;0;1;1; -1;1;0;1;50;Blessé hospitalisé;5
202300033182;155 621 715;A01;1;12;0;0;25;5;203 772 487;1;1;4;1;2004.0;5;0;-1;-1;7;10;2023;12:10;1;77;77519;2;1;1;6;48.650401;3.409039;3;2;2;0;1;1;5;1;0;4;50;Blessé léger;5
202300033190;155 621 696;A01;7;0;2;1;1;1;203 772 463;1;1;1;1;1957.0;5;1;-1;-1;5;10;2023;17:10;1;33;33480;1;1;1;4;44.884968;-0.199418;3;2;2;0;1;1;5,5;1;0;1;70;Indemne;3
202300033190;155 621 697;B01;7;8;2;4;1;1;203 772 464;1;1;1;1;2003.0;5;1;-1;-1;5;10;2023;17:10;1;33;33480;1;1;1;4;44.884968;-0.199418;3;2;2;0;1;1;5,5;1;0;1;70;Indemne;3
202300033190;155 621 697;B01;7;8;2;4;1;1;203 772 465;2;2;1;2;2002.0;5;1;-1;-1;5;10;2023;17:10;1;33;33480;1;1;1;4;44.884968;-0.199418;3;2;2;0;1;1;5,5;1;0;1;70;Indemne;3
202300033190;155 621 698;C01;1;13;2;4;1;5;203 772 466;1;1;3;1;1958.0;5;2;-1;-1;5;10;2023;17:10;1;33;33480;1;1;1;4;44.884968;-0.199418;3;2;2;0;1;1;5,5;1;0;1;70;Blessé hospitalisé;3
202300033200;155 621 683;A01;1;0;2;4;19;5;203 772 444;1;1;4;2;2000.0;1;8;8;-1;16;1;2023;19:30;5;67;67482;2;1;6;3;48.57601;7.75298;4;2;4;3;1;1; -1;2;0;1;50;Blessé léger;0
202300033203;155 621 676;A01;7;0;2;1;15;3;203 772 437;1;1;1;1;1975.0;5;1;8;-1;17;1;2023;20:40;5;59;59328;2;2;9;3;50.64096;3.03168;7;2;3;1;4;1; -1;7;0;1;50;Indemne;1
202300033203;155 621 676;A01;7;0;2;1;15;3;203 772 437;1;1;1;1;1975.0;5;1;8;-1;17;1;2023;20:40;5;59;59328;2;2;9;3;50.64096;3.03168;7;2;2;0;1;1; -1;7;0;1;50;Indemne;1
202300033203;155 621 677;B01;1;0;2;8;1;5;203 772 438;1;1;4;1;1982.0;1;8;0;-1;17;1;2023;20:40;5;59;59328;2;2;9;3;50.64096;3.03168;7;2;3;1;4;1; -1;7;0;1;50;Blessé léger;1
202300033203;155 621 677;B01;1;0;2;8;1;5;203 772 438;1;1;4;1;1982.0;1;8;0;-1;17;1;2023;20:40;5;59;59328;2;2;9;3;50.64096;3.03168;7;2;2;0;1;1; -1;7;0;1;50;Blessé léger;1
202300033205;155 621 673;A01;7;0;2;1;9;1;203 772 433;1;1;1;1;1977.0;5;1;8;-1;17;1;2023;18:25;5;56;56098;2;6;8;3;47.75936;-3.32644;3;2;2;0;1;1; -1;2;5;1;50;Indemne;1
202300033205;155 621 673;A01;7;0;2;1;9;1;203 772 433;1;1;1;1;1977.0;5;1;8;-1;17;1;2023;18:25;5;56;56098;2;6;8;3;47.75936;-3.32644;3;2;2;0;1;2; -1;2;5;1;30;Indemne;1
202300033205;155 621 674;B01;1;0;2;7;1;5;203 772 434;1;1;4;1;2006.0;5;2;0;-1;17;1;2023;18:25;5;56;56098;2;6;8;3;47.75936;-3.32644;3;2;2;0;1;1; -1;2;5;1;50;Blessé léger;1
202300033205;155 621 674;B01;1;0;2;7;1;5;203 772 434;1;1;4;1;2006.0;5;2;0;-1;17;1;2023;18:25;5;56;56098;2;6;8;3;47.75936;-3.32644;3;2;2;0;1;2; -1;2;5;1;30;Blessé léger;1
202300033208;155 621 669;B01;80;0;2;7;19;3;203 772 427;1;1;4;2;1969.0;0;2;4;-1;17;1;2023;18:35;3;54;54328;2;3;4;3;48.61604;6.17633;4;2;3;0;3;1; -1;2;0;1;50;Blessé léger;1
202300033208;155 621 669;B01;80;0;2;7;19;3;203 772 427;1;1;4;2;1969.0;0;2;4;-1;17;1;2023;18:35;3;54;54328;2;3;4;3;48.61604;6.17633;4;2;3;1;2;1; -1;2;-1;1;50;Blessé léger;1
202300033208;155 621 670;A01;7;0;2;1;1;1;203 772 428;1;1;1;2;1971.0;1;1;0;-1;17;1;2023;18:35;3;54;54328;2;3;4;3;48.61604;6.17633;4;2;3;0;3;1; -1;2;0;1;50;Indemne;1
202300033208;155 621 670;A01;7;0;2;1;1;1;203 772 428;1;1;1;2;1971.0;1;1;0;-1;17;1;2023;18:35;3;54;54328;2;3;4;3;48.61604;6.17633;4;2;3;1;2;1; -1;2;-1;1;50;Indemne;1
202300033209;155 621 667;A01;7;0;2;1;11;1;203 772 425;1;1;1;2;1967.0;1;1;0;-1;17;1;2023;08:25;1;54;54395;2;1;1;1;48.68247;6.16595;4;1;1;1;1;1; -1;2;0;1;30;Indemne;1
202300033209;155 621 668;B01;1;0;2;1;1;5;203 772 426;1;1;4;1;2000.0;1;2;0;-1;17;1;2023;08:25;1;54;54395;2;1;1;1;48.68247;6.16595;4;1;1;1;1;1; -1;2;0;1;30;Blessé léger;1
202300033221;155 621 647;A01;1;0;2;2;15;5;203 772 401;1;1;4;2;1993.0;1;0;-1;-1;18;1;2023;08:50;1;33;33318;2;5;8;3;44.80948194;-0.62678665;4;2;2;2;1;1; -1;1;5;1;30;Blessé léger;2
202300033221;155 621 647;A01;1;0;2;2;15;5;203 772 401;1;1;4;2;1993.0;1;0;-1;-1;18;1;2023;08:50;1;33;33318;2;5;8;3;44.80948194;-0.62678665;4;2;2;0;1;2; -1;1;5;1;50;Blessé léger;2
202300033221;155 621 648;B01;7;0;2;3;16;1;203 772 402;1;1;1;2;1984.0;1;1;-1;-1;18;1;2023;08:50;1;33;33318;2;5;8;3;44.80948194;-0.62678665;4;2;2;2;1;1; -1;1;5;1;30;Indemne;2
202300033221;155 621 648;B01;7;0;2;3;16;1;203 772 402;1;1;1;2;1984.0;1;1;-1;-1;18;1;2023;08:50;1;33;33318;2;5;8;3;44.80948194;-0.62678665;4;2;2;0;1;2; -1;1;5;1;50;Indemne;2
202300033233;155 621 626;A01;35;0;2;8;9;3;203 772 374;2;2;1;1;2010.0;2;1;0;-1;18;1;2023;07:35;5;07;07019;2;6;8;3;44.61046;4.39;4;1;1;0;2;2; -1;1;0;1;50;Indemne;2
202300033233;155 621 626;A01;35;0;2;8;9;3;203 772 374;2;2;1;1;2010.0;2;1;0;-1;18;1;2023;07:35;5;07;07019;2;6;8;3;44.61046;4.39;4;1;1;0;2;2; -1;1;0;1;50;Indemne;2
202300033233;155 621 626;A01;35;0;2;8;9;3;203 772 375;1;1;4;2;2007.0;2;1;0;-1;18;1;2023;07:35;5;07;07019;2;6;8;3;44.61046;4.39;4;1;1;0;2;2; -1;1;0;1;50;Blessé léger;2
202300033233;155 621 626;A01;35;0;2;8;9;3;203 772 375;1;1;4;2;2007.0;2;1;0;-1;18;1;2023;07:35;5;07;07019;2;6;8;3;44.61046;4.39;4;1;1;0;2;2; -1;1;0;1;50;Blessé léger;2
202300033233;155 621 627;B01;1;0;2;1;1;5;203 772 376;1;1;4;1;1992.0;1;8;0;-1;18;1;2023;07:35;5;07;07019;2;6;8;3;44.61046;4.39;4;1;1;0;2;2; -1;1;0;1;50;Blessé léger;2
202300033233;155 621 627;B01;1;0;2;1;1;5;203 772 376;1;1;4;1;1992.0;1;8;0;-1;18;1;2023;07:35;5;07;07019;2;6;8;3;44.61046;4.39;4;1;1;0;2;2; -1;1;0;1;50;Blessé léger;2
202300033239;155 621 615;A01;1;0;0;0;21;5;203 772 358;1;1;3;1;1946.0;5;8;0;-1;18;1;2023;20:25;5;75;75119;2;7;8;7;48.882785;2.370285;4;2;1;1;1;3; -1;2;-1;5;-1;Blessé hospitalisé;2
202300033239;155 621 615;A01;1;0;0;0;21;5;203 772 358;1;1;3;1;1946.0;5;8;0;-1;18;1;2023;20:25;5;75;75119;2;7;8;7;48.882785;2.370285;4;3; -1;-1;1;1; -1;2;-1;5;-1;Blessé hospitalisé;2
202300033240;155 621 614;A01;1;0;1;1;1;5;203 772 356;1;1;4;2;1993.0;5;2;0;-1;18;1;2023;15:30;1;75;75119;2;3;1;6;48.875273;2.395223;4;2;2;0;1;1; -1;1;0;1;30;Blessé léger;2
202300033240;155 621 614;A01;1;0;1;1;1;5;203 772 356;1;1;4;2;1993.0;5;2;0;-1;18;1;2023;15:30;1;75;75119;2;3;1;6;48.875273;2.395223;4;2;2;0;1;1; -1;1;0;1;30;Blessé léger;2
202300033240;155 621 614;A01;1;0;1;1;1;5;203 772 357;10;3;4;2;1948.0;5;0;-1;-1;18;1;2023;15:30;1;75;75119;2;3;1;6;48.875273;2.395223;4;2;2;0;1;1; -1;1;0;1;30;Blessé léger;2
202300033240;155 621 614;A01;1;0;1;1;1;5;203 772 357;10;3;4;2;1948.0;5;0;-1;-1;18;1;2023;15:30;1;75;75119;2;3;1;6;48.875273;2.395223;4;2;2;0;1;1; -1;1;0;1;30;Blessé léger;2
202300033241;155 621 612;B01;1;0;2;2;1;5;203 772 354;1;1;4;2;1999.0;4;2;0;-1;18;1;2023;16:00;1;75;75117;2;1;1;3;48.896502;2.319399;4;3;3;2;2;1; -1;1;-1;5;30;Blessé léger;2
202300033241;155 621 613;A01;10;0;2;3;9;1;203 772 355;1;1;1;1;1983.0;4;8;0;-1;18;1;2023;16:00;1;75;75117;2;1;1;3;48.896502;2.319399;4;3;3;2;2;1; -1;1;-1;5;30;Indemne;2
202300033248;155 621 601;A01;1;12;0;3;13;5;203 772 341;1;1;4;2;1956.0;5;8;0;-1;18;1;2023;19:45;5;75;75101;2;3;1;6;48.863764;2.332116;4;2;4;1;1;1; -1;1;-1;5;30;Blessé léger;2
202300033248;155 621 601;A01;1;12;0;3;13;5;203 772 341;1;1;4;2;1956.0;5;8;0;-1;18;1;2023;19:45;5;75;75101;2;3;1;6;48.863764;2.332116;4;1;1;1;1;1; -1;1;-1;5;30;Blessé léger;2
202300033256;155 621 588;B01;1;0;2;0;19;5;203 772 324;1;1;4;2;1977.0;0;2;0;-1;17;1;2023;08:40;1;94;94041;2;3;1;3;48.8224;2.39234;3;2;2;0;1;1; -1;1;0;1;50;Blessé léger;1
202300033256;155 621 588;B01;1;0;2;0;19;5;203 772 324;1;1;4;2;1977.0;0;2;0;-1;17;1;2023;08:40;1;94;94041;2;3;1;3;48.8224;2.39234;3;2;2;3;1;1; -1;1;0;1;-1;Blessé léger;1
202300033256;155 621 589;A01;7;0;9;0;0;1;203 772 325;1;1;1;1;1960.0;9;1;0;-1;17;1;2023;08:40;1;94;94041;2;3;1;3;48.8224;2.39234;3;2;2;0;1;1; -1;1;0;1;50;Indemne;1
202300033256;155 621 589;A01;7;0;9;0;0;1;203 772 325;1;1;1;1;1960.0;9;1;0;-1;17;1;2023;08:40;1;94;94041;2;3;1;3;48.8224;2.39234;3;2;2;3;1;1; -1;1;0;1;-1;Indemne;1
202300033267;155 621 573;A01;1;0;2;2;2;5;203 772 303;1;1;4;1;1965.0;1;2;6;-1;18;1;2023;08:35;1;92;92062;2;1;1;2;48.87724105;2.24402457;3;3;4;0;2;1; -1;1;2;1;50;Blessé léger;2
202300033267;155 621 574;B01;7;0;9;6;2;1;203 772 304;1;1;1;1;1965.0;1;1;8;-1;18;1;2023;08:35;1;92;92062;2;1;1;2;48.87724105;2.24402457;3;3;4;0;2;1; -1;1;2;1;50;Indemne;2
202300033285;155 621 535;A01;1;0;2;8;5;5;203 772 247;1;1;4;1;2006.0;0;8;0;-1;17;1;2023;11:15;1;973;97302;2;2;1;3;4.94235483;-52.32242256;4;2;2;0;1;1; -1;1;0;1;30;Blessé léger;1
202300033285;155 621 535;A01;1;0;2;8;5;5;203 772 247;1;1;4;1;2006.0;0;8;0;-1;17;1;2023;11:15;1;973;97302;2;2;1;3;4.94235483;-52.32242256;4;1;1;0;1;1; -1;1;0;1;30;Blessé léger;1
202300033285;155 621 536;B01;7;6;0;1;9;1;203 772 248;1;1;1;2;1953.0;0;1;8;-1;17;1;2023;11:15;1;973;97302;2;2;1;3;4.94235483;-52.32242256;4;2;2;0;1;1; -1;1;0;1;30;Indemne;1
202300033285;155 621 536;B01;7;6;0;1;9;1;203 772 248;1;1;1;2;1953.0;0;1;8;-1;17;1;2023;11:15;1;973;97302;2;2;1;3;4.94235483;-52.32242256;4;1;1;0;1;1; -1;1;0;1;30;Indemne;1
202300033288;155 621 529;B01;1;0;2;8;1;5;203 772 239;1;1;4;2;1966.0;0;2;-1;-1;17;1;2023;12:45;1;69;69034;2;1;8;3;45.79124;4.86229;4;2;4;2;1;1; -1;2;0;1;50;Blessé léger;1
202300033288;155 621 530;A01;43;0;2;7;1;1;203 772 240;1;1;1;1;1972.0;0;8;-1;-1;17;1;2023;12:45;1;69;69034;2;1;8;3;45.79124;4.86229;4;2;4;2;1;1; -1;2;0;1;50;Indemne;1
202300033289;155 621 527;B01;1;0;2;1;2;5;203 772 237;1;1;4;1;1986.0;0;8;-1;-1;17;1;2023;07:30;4;69;69081;2;1;2;3;45.77623;4.77881;4;2;2;0;2;1; -1;2;0;4;50;Blessé léger;1
202300033289;155 621 528;A01;7;0;2;2;15;1;203 772 238;1;1;1;1;1975.0;1;1;-1;-1;17;1;2023;07:30;4;69;69081;2;1;2;3;45.77623;4.77881;4;2;2;0;2;1; -1;2;0;4;50;Indemne;1
202300033292;155 621 522;B01;1;0;2;1;1;5;203 772 232;1;1;4;1;1991.0;9;2;8;-1;17;1;2023;06:40;1;971;97113;1;1;1;3;16.2076;-61.45709;2;3;1;0;1;1; -1;1;0;1;70;Blessé léger;1
202300033292;155 621 523;A01;7;0;2;3;22;1;203 772 233;1;1;1;1;1974.0;0;1;8;-1;17;1;2023;06:40;1;971;97113;1;1;1;3;16.2076;-61.45709;2;3;1;0;1;1; -1;1;0;1;70;Indemne;1
202300033295;155 621 516;B01;1;0;2;1;1;5;203 772 224;1;1;4;1;1973.0;1;-1;8;-1;17;1;2023;19:06;5;91;91161;2;3;2;1;48.691478;2.315644;4;2;2;0;1;1; -1;2;0;1;30;Blessé léger;1
202300033295;155 621 516;B01;1;0;2;1;1;5;203 772 224;1;1;4;1;1973.0;1;-1;8;-1;17;1;2023;19:06;5;91;91161;2;3;2;1;48.691478;2.315644;4;2;2;0;1;1; -1;2;0;1;30;Blessé léger;1
202300033295;155 621 517;A01;7;0;2;3;15;1;203 772 225;1;1;1;2;1992.0;1;1;0;-1;17;1;2023;19:06;5;91;91161;2;3;2;1;48.691478;2.315644;4;2;2;0;1;1; -1;2;0;1;30;Indemne;1
202300033295;155 621 517;A01;7;0;2;3;15;1;203 772 225;1;1;1;2;1992.0;1;1;0;-1;17;1;2023;19:06;5;91;91161;2;3;2;1;48.691478;2.315644;4;2;2;0;1;1; -1;2;0;1;30;Indemne;1
202300033301;155 621 507;B01;1;0;2;2;1;5;203 772 212;1;1;4;1;2005.0;3;8;0;-1;17;1;2023;19:05;5;78;78440;2;3;1;3;48.983848;1.911631;3;1;2;1;1;1; -1;1;5;1;50;Blessé léger;1
202300033301;155 621 507;B01;1;0;2;2;1;5;203 772 212;1;1;4;1;2005.0;3;8;0;-1;17;1;2023;19:05;5;78;78440;2;3;1;3;48.983848;1.911631;3;2;2;0;1;1; -1;1;0;1;50;Blessé léger;1
202300033301;155 621 508;A01;7;0;2;2;16;1;203 772 213;1;1;1;1;1944.0;9;1;0;-1;17;1;2023;19:05;5;78;78440;2;3;1;3;48.983848;1.911631;3;1;2;1;1;1; -1;1;5;1;50;Indemne;1
202300033301;155 621 508;A01;7;0;2;2;16;1;203 772 213;1;1;1;1;1944.0;9;1;0;-1;17;1;2023;19:05;5;78;78440;2;3;1;3;48.983848;1.911631;3;2;2;0;1;1; -1;1;0;1;50;Indemne;1
202300033307;155 621 497;B01;80;0;0;0;0;3;203 772 198;1;1;4;1;1990.0;4;0;8;-1;17;1;2023;19:30;5;59;59527;2;1;1;1;50.66138;3.05028;7;2;2;1;1;1; -1;1;0;5;50;Blessé léger;1
202300033307;155 621 498;A01;7;0;0;1;16;3;203 772 199;1;1;1;1;1966.0;0;1;0;-1;17;1;2023;19:30;5;59;59527;2;1;1;1;50.66138;3.05028;7;2;2;1;1;1; -1;1;0;5;50;Indemne;1
202300033308;155 621 495;B01;1;0;2;0;7;5;203 772 196;1;1;4;1;1992.0;0;2;8;-1;12;1;2023;18:00;2;59;59507;2;1;3;1;50.60709;3.0766;7;2;3;3;1;1; -1;2;0;6;50;Blessé léger;3
202300033308;155 621 496;Z01;7;0;9;0;0;1;203 772 197;1;1;1;1;1973.0;0;8;0;-1;12;1;2023;18:00;2;59;59507;2;1;3;1;50.60709;3.0766;7;2;3;3;1;1; -1;2;0;6;50;Indemne;3
202300033310;155 621 492;B01;80;0;2;1;1;3;203 772 192;1;1;3;2;1996.0;1;2;8;-1;17;1;2023;08:40;1;56;56260;2;6;8;3;47.638511;-2.767611;4;1;2;0;1;2; -1;2;5;1;50;Blessé hospitalisé;1
202300033310;155 621 493;A01;7;0;2;8;9;1;203 772 193;1;1;1;1;1967.0;1;1;8;-1;17;1;2023;08:40;1;56;56260;2;6;8;3;47.638511;-2.767611;4;1;2;0;1;2; -1;2;5;1;50;Indemne;1
202300033317;155 621 482;B01;1;0;2;8;0;5;203 772 174;1;1;4;1;2008.0;0;8;0;-1;29;7;2023;20:30;2;94;94028;2;3;1;3;48.80107754;2.46425003;4;1;1;0;2;1; -1;1;0;1;50;Blessé léger;5
202300033317;155 621 482;B01;1;0;2;8;0;5;203 772 174;1;1;4;1;2008.0;0;8;0;-1;29;7;2023;20:30;2;94;94028;2;3;1;3;48.80107754;2.46425003;4;2;2;0;1;1; -1;1;0;1;50;Blessé léger;5
202300033317;155 621 483;A01;7;0;2;1;0;2;203 772 175;1;1;1;1;1970.0;0;1;0;-1;29;7;2023;20:30;2;94;94028;2;3;1;3;48.80107754;2.46425003;4;1;1;0;2;1; -1;1;0;1;50;Indemne;5
202300033317;155 621 483;A01;7;0;2;1;0;2;203 772 175;1;1;1;1;1970.0;0;1;0;-1;29;7;2023;20:30;2;94;94028;2;3;1;3;48.80107754;2.46425003;4;2;2;0;1;1; -1;1;0;1;50;Indemne;5
202300033317;155 621 483;A01;7;0;2;1;0;2;203 772 176;2;2;1;2;1970.0;0;1;0;-1;29;7;2023;20:30;2;94;94028;2;3;1;3;48.80107754;2.46425003;4;1;1;0;2;1; -1;1;0;1;50;Indemne;5
202300033317;155 621 483;A01;7;0;2;1;0;2;203 772 176;2;2;1;2;1970.0;0;1;0;-1;29;7;2023;20:30;2;94;94028;2;3;1;3;48.80107754;2.46425003;4;2;2;0;1;1; -1;1;0;1;50;Indemne;5
202300033317;155 621 483;A01;7;0;2;1;0;2;203 772 177;3;2;1;1;2006.0;0;1;0;-1;29;7;2023;20:30;2;94;94028;2;3;1;3;48.80107754;2.46425003;4;1;1;0;2;1; -1;1;0;1;50;Indemne;5
202300033317;155 621 483;A01;7;0;2;1;0;2;203 772 177;3;2;1;1;2006.0;0;1;0;-1;29;7;2023;20:30;2;94;94028;2;3;1;3;48.80107754;2.46425003;4;2;2;0;1;1; -1;1;0;1;50;Indemne;5
202300033352;155 621 414;A01;7;0;2;1;9;1;203 772 076;1;1;1;2;1983.0;5;1;0;-1;27;7;2023;18:30;1;85;85194;2;2;1;3;46.50276;-1.79819;4;4;2;0;1;1; -1;1;0;5;50;Indemne;3
202300033352;155 621 414;A01;7;0;2;1;9;1;203 772 076;1;1;1;2;1983.0;5;1;0;-1;27;7;2023;18:30;1;85;85194;2;2;1;3;46.50276;-1.79819;4;3;2;0;1;1; -1;1;0;5;50;Indemne;3
202300033352;155 621 415;B01;1;0;2;1;1;5;203 772 077;1;1;4;2;1983.0;5;2;0;-1;27;7;2023;18:30;1;85;85194;2;2;1;3;46.50276;-1.79819;4;4;2;0;1;1; -1;1;0;5;50;Blessé léger;3
202300033352;155 621 415;B01;1;0;2;1;1;5;203 772 077;1;1;4;2;1983.0;5;2;0;-1;27;7;2023;18:30;1;85;85194;2;2;1;3;46.50276;-1.79819;4;3;2;0;1;1; -1;1;0;5;50;Blessé léger;3
202300033370;155 621 379;A01;1;0;2;1;1;5;203 772 022;1;1;4;1;1969.0;5;8;0;-1;29;7;2023;00:36;4;64;64024;2;1;1;1;43.48881;-1.51955;4;2;2;0;1;1; -1;1;0;1;30;Blessé léger;5
202300033370;155 621 380;B01;80;0;2;1;1;3;203 772 023;1;1;4;2;1973.0;5;8;0;-1;29;7;2023;00:36;4;64;64024;2;1;1;1;43.48881;-1.51955;4;2;2;0;1;1; -1;1;0;1;30;Blessé léger;5
202300033378;155 621 364;B01;1;0;2;2;1;5;203 772 000;1;1;3;1;1963.0;5;8;0;-1;27;7;2023;12:00;1;51;51108;2;3;1;3;48.95599;4.35922;4;2;2;0;1;1; -1;1;0;1;30;Blessé hospitalisé;3
202300033378;155 621 364;B01;1;0;2;2;1;5;203 772 000;1;1;3;1;1963.0;5;8;0;-1;27;7;2023;12:00;1;51;51108;2;3;1;3;48.95599;4.35922;4;2;2;1;1;1; -1;1;0;1;30;Blessé hospitalisé;3
202300033378;155 621 365;A01;7;0;2;3;15;1;203 772 001;1;1;1;2;1975.0;5;1;8;-1;27;7;2023;12:00;1;51;51108;2;3;1;3;48.95599;4.35922;4;2;2;0;1;1; -1;1;0;1;30;Indemne;3
202300033378;155 621 365;A01;7;0;2;3;15;1;203 772 001;1;1;1;2;1975.0;5;1;8;-1;27;7;2023;12:00;1;51;51108;2;3;1;3;48.95599;4.35922;4;2;2;1;1;1; -1;1;0;1;30;Indemne;3
202300033386;155 621 352;B01;1;0;2;7;1;5;203 771 987;1;1;4;2;1982.0;0;0;-1;-1;18;6;2023;16:30;1;47;47001;2;6;1;3;44.20876;0.6279;3;2;2;0;1;1; -1;1;0;1;50;Blessé léger;6