Num_Acc;id_vehicule;num_veh;catv;obs;obsm;choc;manv;motor;id_usager;place;catu;grav;sexe;an_nais;trajet;secu1;secu2;secu3;jour;mois;an;hrmn;lum;dep;com;agg;int;atm;col;lat;long;catr;circ;nbv;vosp;prof;plan;larrout;surf;infra;situ;vma;gravity;day_of_week
202300033386;155 621 352;B01;1;0;2;7;1;5;203 771 987;1;1;4;2;1982.0;0;0;-1;-1;18;6;2023;16:30;1;47;47001;2;6;1;3;44.20876;0.6279;3;2;3;0;1;2; -1;1;0;1;50;Blessé léger;6
202300033386;155 621 353;A01;7;0;2;3;9;1;203 771 988;1;1;1;1;1970.0;0;8;-1;-1;18;6;2023;16:30;1;47;47001;2;6;1;3;44.20876;0.6279;3;2;2;0;1;1; -1;1;0;1;50;Indemne;6
202300033386;155 621 353;A01;7;0;2;3;9;1;203 771 988;1;1;1;1;1970.0;0;8;-1;-1;18;6;2023;16:30;1;47;47001;2;6;1;3;44.20876;0.6279;3;2;3;0;1;2; -1;1;0;1;50;Indemne;6
202300033391;155 621 343;A01;1;0;2;3;1;5;203 771 975;1;1;3;1;2004.0;0;8;-1;-1;28;7;2023;06:50;1;38;38185;2;2;2;3;45.16183;5.71571;7;2;0;2;1;1; -1;2;0;5;30;Blessé hospitalisé;4
202300033391;155 621 343;A01;1;0;2;3;1;5;203 771 975;1;1;3;1;2004.0;0;8;-1;-1;28;7;2023;06:50;1;38;38185;2;2;2;3;45.16183;5.71571;7;2;5;1;1;1; -1;2;0;5;30;Blessé hospitalisé;4
202300033391;155 621 344;B01;7;0;2;3;15;1;203 771 976;2;2;1;1;1965.0;1;1;0;-1;28;7;2023;06:50;1;38;38185;2;2;2;3;45.16183;5.71571;7;2;0;2;1;1; -1;2;0;5;30;Indemne;4
202300033391;155 621 344;B01;7;0;2;3;15;1;203 771 976;2;2;1;1;1965.0;1;1;0;-1;28;7;2023;06:50;1;38;38185;2;2;2;3;45.16183;5.71571;7;2;5;1;1;1; -1;2;0;5;30;Indemne;4
202300033391;155 621 344;B01;7;0;2;3;15;1;203 771 977;1;1;1;1;1993.0;1;1;0;-1;28;7;2023;06:50;1;38;38185;2;2;2;3;45.16183;5.71571;7;2;0;2;1;1; -1;2;0;5;30;Indemne;4
202300033391;155 621 344;B01;7;0;2;3;15;1;203 771 977;1;1;1;1;1993.0;1;1;0;-1;28;7;2023;06:50;1;38;38185;2;2;2;3;45.16183;5.71571;7;2;5;1;1;1; -1;2;0;5;30;Indemne;4
202300033400;155 621 328;B01;1;14;0;4;1;5;203 771 951;1;1;4;2;1978.0;5;2;-1;-1;16;6;2023;19:00;1;33;33529;1;1;1;6;44.63350779;-1.18222386;3;2;2;0;4;3; -1;1;0;1;70;Blessé léger;4
202300033403;155 621 323;A01;10;0;2;7;9;1;203 771 944;1;1;1;1;1964.0;0;1;0;-1;17;6;2023;10:20;1;29;29232;1;1;1;3;47.990399;-4.07394;3;1;2;0;1;2;8;1;0;1;30;Indemne;5
202300033403;155 621 324;B01;1;0;2;8;2;5;203 771 945;1;1;4;1;1994.0;5;2;8;-1;17;6;2023;10:20;1;29;29232;1;1;1;3;47.990399;-4.07394;3;1;2;0;1;2;8;1;0;1;30;Blessé léger;5
202300033437;155 621 260;A01;1;0;2;1;9;5;203 771 849;1;1;3;1;1973.0;5;8;0;-1;22;7;2023;14:25;1;02;02408;2;6;1;2;49.56864;3.64677;3;1;2;0;1;2; -1;1;0;1;30;Blessé hospitalisé;5
202300033437;155 621 260;A01;1;0;2;1;9;5;203 771 849;1;1;3;1;1973.0;5;8;0;-1;22;7;2023;14:25;1;02;02408;2;6;1;2;49.56864;3.64677;3;1;2;0;1;2; -1;1;0;1;30;Blessé hospitalisé;5
202300033437;155 621 261;B01;7;0;2;8;1;1;203 771 850;2;2;1;2;1953.0;5;1;0;-1;22;7;2023;14:25;1;02;02408;2;6;1;2;49.56864;3.64677;3;1;2;0;1;2; -1;1;0;1;30;Indemne;5
202300033437;155 621 261;B01;7;0;2;8;1;1;203 771 850;2;2;1;2;1953.0;5;1;0;-1;22;7;2023;14:25;1;02;02408;2;6;1;2;49.56864;3.64677;3;1;2;0;1;2; -1;1;0;1;30;Indemne;5
202300033437;155 621 261;B01;7;0;2;8;1;1;203 771 851;1;1;1;1;1975.0;5;1;0;-1;22;7;2023;14:25;1;02;02408;2;6;1;2;49.56864;3.64677;3;1;2;0;1;2; -1;1;0;1;30;Indemne;5
202300033437;155 621 261;B01;7;0;2;8;1;1;203 771 851;1;1;1;1;1975.0;5;1;0;-1;22;7;2023;14:25;1;02;02408;2;6;1;2;49.56864;3.64677;3;1;2;0;1;2; -1;1;0;1;30;Indemne;5
202300033437;155 621 261;B01;7;0;2;8;1;1;203 771 852;3;2;1;2;1965.0;5;1;0;-1;22;7;2023;14:25;1;02;02408;2;6;1;2;49.56864;3.64677;3;1;2;0;1;2; -1;1;0;1;30;Indemne;5
202300033437;155 621 261;B01;7;0;2;8;1;1;203 771 852;3;2;1;2;1965.0;5;1;0;-1;22;7;2023;14:25;1;02;02408;2;6;1;2;49.56864;3.64677;3;1;2;0;1;2; -1;1;0;1;30;Indemne;5
202300033454;155 621 230;B01;7;0;2;1;9;1;203 771 811;1;1;1;1;2002.0;0;1;0;-1;26;7;2023;11:40;1;94;94017;2;3;1;2;48.82746;2.52208;3;2;3;0;1;1;9;1;0;1;50;Indemne;2
202300033454;155 621 230;B01;7;0;2;1;9;1;203 771 811;1;1;1;1;2002.0;0;1;0;-1;26;7;2023;11:40;1;94;94017;2;3;1;2;48.82746;2.52208;3;1;3;0;1;1;9;1;0;1;50;Indemne;2
202300033454;155 621 231;A01;1;0;2;4;3;5;203 771 812;1;1;4;1;1952.0;0;8;0;-1;26;7;2023;11:40;1;94;94017;2;3;1;2;48.82746;2.52208;3;2;3;0;1;1;9;1;0;1;50;Blessé léger;2
202300033454;155 621 231;A01;1;0;2;4;3;5;203 771 812;1;1;4;1;1952.0;0;8;0;-1;26;7;2023;11:40;1;94;94017;2;3;1;2;48.82746;2.52208;3;1;3;0;1;1;9;1;0;1;50;Blessé léger;2
202300033481;155 621 183;B01;80;0;2;4;1;3;203 771 740;1;1;3;1;1939.0;5;2;9;6;29;7;2023;07:20;2;12;12231;1;1;7;2;44.019727;3.346257;3;2;2;0;1;1;5,5;1;0;1;70;Blessé hospitalisé;5
202300033481;155 621 185;A01;7;0;2;2;17;1;203 771 742;1;1;1;1;1938.0;3;1;-1;-1;29;7;2023;07:20;2;12;12231;1;1;7;2;44.019727;3.346257;3;2;2;0;1;1;5,5;1;0;1;70;Indemne;5
202300033486;155 621 177;A01;7;0;2;8;22;1;203 771 731;1;1;1;2;1997.0;5;8;0;-1;9;11;2023;23:40;5;75;75117;2;1;1;2;48.885735;2.299167;4;1;1;0;1;1; -1;1;0;1;30;Indemne;3
202300033486;155 621 178;B01;1;0;2;1;1;5;203 771 733;1;1;4;2;1990.0;1;8;0;-1;9;11;2023;23:40;5;75;75117;2;1;1;2;48.885735;2.299167;4;1;1;0;1;1; -1;1;0;1;30;Blessé léger;3
202300033490;155 621 169;A01;7;0;9;1;0;1;203 771 724;1;1;1;1;1999.0;5;8;-1;-1;28;7;2023;20:00;1;25;25410;2;1;1;1;47.225692;6.066465;4;2;2;0;2;1; -1;1;0;1;50;Indemne;4
202300033490;155 621 171;B01;1;0;2;1;0;5;203 771 726;1;1;3;1;2006.0;5;0;-1;-1;28;7;2023;20:00;1;25;25410;2;1;1;1;47.225692;6.066465;4;2;2;0;2;1; -1;1;0;1;50;Blessé hospitalisé;4
202300033494;155 621 164;A01;1;0;2;2;19;5;203 771 720;1;1;4;1;1983.0;9;8;0;-1;7;11;2023;17:00;1;75;75116;2;2;1;3;48.872522;2.264425;4;2;4;0;1;1; -1;1;9;1;50;Blessé léger;1
202300033494;155 621 164;A01;1;0;2;2;19;5;203 771 720;1;1;4;1;1983.0;9;8;0;-1;7;11;2023;17:00;1;75;75116;2;2;1;3;48.872522;2.264425;4;2; -1;-1;1;1; -1;1;0;1;-1;Blessé léger;1
202300033494;155 621 166;B01;43;0;2;1;1;1;203 771 721;1;1;1;1;1977.0;1;2;6;-1;7;11;2023;17:00;1;75;75116;2;2;1;3;48.872522;2.264425;4;2;4;0;1;1; -1;1;9;1;50;Indemne;1
202300033494;155 621 166;B01;43;0;2;1;1;1;203 771 721;1;1;1;1;1977.0;1;2;6;-1;7;11;2023;17:00;1;75;75116;2;2;1;3;48.872522;2.264425;4;2; -1;-1;1;1; -1;1;0;1;-1;Indemne;1
202300033498;155 621 154;A01;30;0;2;1;3;1;203 771 708;1;1;1;1;1975.0;9;8;8;-1;10;11;2023;11:40;1;75;75114;2;4;1;3;48.828778;2.327704;4;2;4;3;1;1; -1;1;0;1;50;Indemne;4
202300033498;155 621 154;A01;30;0;2;1;3;1;203 771 708;1;1;1;1;1975.0;9;8;8;-1;10;11;2023;11:40;1;75;75114;2;4;1;3;48.828778;2.327704;4;-1;1;0;1;1; -1;1;0;1;50;Indemne;4
202300033498;155 621 156;B01;1;0;0;8;15;5;203 771 710;1;1;4;2;1968.0;1;2;0;-1;10;11;2023;11:40;1;75;75114;2;4;1;3;48.828778;2.327704;4;2;4;3;1;1; -1;1;0;1;50;Blessé léger;4
202300033498;155 621 156;B01;1;0;0;8;15;5;203 771 710;1;1;4;2;1968.0;1;2;0;-1;10;11;2023;11:40;1;75;75114;2;4;1;3;48.828778;2.327704;4;-1;1;0;1;1; -1;1;0;1;50;Blessé léger;4
202300033501;155 621 150;A01;7;0;2;2;15;0;203 771 703;1;1;1;2;1991.0;9;1;0;-1;9;11;2023;18:20;5;75;75112;2;3;1;3;48.844836;2.380444;4;2;2;1;1;1; -1;2;0;5;30;Indemne;3
202300033501;155 621 150;A01;7;0;2;2;15;0;203 771 703;1;1;1;2;1991.0;9;1;0;-1;9;11;2023;18:20;5;75;75112;2;3;1;3;48.844836;2.380444;4;1;1;0;1;1; -1;1;0;5;30;Indemne;3
202300033501;155 621 152;B01;1;0;2;1;1;5;203 771 705;1;1;4;2;1997.0;9;8;0;-1;9;11;2023;18:20;5;75;75112;2;3;1;3;48.844836;2.380444;4;2;2;1;1;1; -1;2;0;5;30;Blessé léger;3
202300033501;155 621 152;B01;1;0;2;1;1;5;203 771 705;1;1;4;2;1997.0;9;8;0;-1;9;11;2023;18:20;5;75;75112;2;3;1;3;48.844836;2.380444;4;1;1;0;1;1; -1;1;0;5;30;Blessé léger;3
202300033503;155 621 147;B01;7;0;2;1;1;1;203 771 697;1;1;1;1;2000.0;5;1;0;-1;10;11;2023;20:35;5;75;75111;2;4;1;1;48.857354;2.380839;4;2;1;1;1;1; -1;2;0;1;30;Indemne;4
202300033503;155 621 147;B01;7;0;2;1;1;1;203 771 697;1;1;1;1;2000.0;5;1;0;-1;10;11;2023;20:35;5;75;75111;2;4;1;1;48.857354;2.380839;4;1; -1;0;1;1; -1;2;0;1;30;Indemne;4
202300033503;155 621 148;A01;80;0;2;1;5;3;203 771 701;1;1;4;1;1993.0;5;8;0;-1;10;11;2023;20:35;5;75;75111;2;4;1;1;48.857354;2.380839;4;2;1;1;1;1; -1;2;0;1;30;Blessé léger;4
202300033503;155 621 148;A01;80;0;2;1;5;3;203 771 701;1;1;4;1;1993.0;5;8;0;-1;10;11;2023;20:35;5;75;75111;2;4;1;1;48.857354;2.380839;4;1; -1;0;1;1; -1;2;0;1;30;Blessé léger;4
202300033506;155 621 142;A01;7;0;2;2;15;2;203 771 690;1;1;1;2;1997.0;1;8;0;-1;10;11;2023;16:28;1;75;75107;2;3;3;3;48.853925;2.310305;4;2;2;0;1;1; -1;2;0;1;30;Indemne;4
202300033506;155 621 142;A01;7;0;2;2;15;2;203 771 690;1;1;1;2;1997.0;1;8;0;-1;10;11;2023;16:28;1;75;75107;2;3;3;3;48.853925;2.310305;4;2; -1;0;1;1; -1;2;0;1;30;Indemne;4
202300033506;155 621 144;B01;80;0;2;3;15;3;203 771 692;1;1;4;1;1996.0;5;8;0;-1;10;11;2023;16:28;1;75;75107;2;3;3;3;48.853925;2.310305;4;2;2;0;1;1; -1;2;0;1;30;Blessé léger;4
202300033506;155 621 144;B01;80;0;2;3;15;3;203 771 692;1;1;4;1;1996.0;5;8;0;-1;10;11;2023;16:28;1;75;75107;2;3;3;3;48.853925;2.310305;4;2; -1;0;1;1; -1;2;0;1;30;Blessé léger;4
202300033509;155 621 137;A01;7;0;9;2;2;1;203 771 684;1;1;1;1;2003.0;5;1;-1;-1;27;7;2023;16:02;2;43;43184;1;9;1;2;45.341951;4.272566;3;2;2;0;1;1;5;1;0;1;80;Indemne;3
202300033509;155 621 138;B01;1;0;0;4;2;5;203 771 685;1;1;3;1;1972.0;5;2;-1;-1;27;7;2023;16:02;2;43;43184;1;9;1;2;45.341951;4.272566;3;2;2;0;1;1;5;1;0;1;80;Blessé hospitalisé;3
202300033511;155 621 135;B01;1;0;0;0;1;5;203 771 682;1;1;4;2;1995.0;9;8;0;-1;10;11;2023;00:20;5;75;75104;2;3;1;3;48.853982;2.364785;4;1; -1;0;1;1; -1;1;0;1;30;Blessé léger;4
202300033511;155 621 135;B01;1;0;0;0;1;5;203 771 682;1;1;4;2;1995.0;9;8;0;-1;10;11;2023;00:20;5;75;75104;2;3;1;3;48.853982;2.364785;4;-1;2;1;1;1; -1;1;5;5;30;Blessé léger;4
202300033511;155 621 136;A01;7;0;0;1;16;6;203 771 683;1;1;1;1;1958.0;4;1;0;-1;10;11;2023;00:20;5;75;75104;2;3;1;3;48.853982;2.364785;4;1; -1;0;1;1; -1;1;0;1;30;Indemne;4
202300033511;155 621 136;A01;7;0;0;1;16;6;203 771 683;1;1;1;1;1958.0;4;1;0;-1;10;11;2023;00:20;5;75;75104;2;3;1;3;48.853982;2.364785;4;-1;2;1;1;1; -1;1;5;5;30;Indemne;4
202300033516;155 621 125;B01;1;0;2;1;1;5;203 771 667;1;1;3;1;1950.0;5;0;-1;-1;28;7;2023;08:10;1;30;30152;1;3;1;3;44.243414;4.178503;3;1;1;0;1;1;3,5;1;0;1;80;Blessé hospitalisé;4
202300033516;155 621 125;B01;1;0;2;1;1;5;203 771 667;1;1;3;1;1950.0;5;0;-1;-1;28;7;2023;08:10;1;30;30152;1;3;1;3;44.243414;4.178503;3;2;2;0;1;1; -1;1;0;1;80;Blessé hospitalisé;4
202300033516;155 621 126;A01;13;0;9;3;19;1;203 771 668;1;1;1;1;1986.0;4;1;-1;-1;28;7;2023;08:10;1;30;30152;1;3;1;3;44.243414;4.178503;3;1;1;0;1;1;3,5;1;0;1;80;Indemne;4
202300033516;155 621 126;A01;13;0;9;3;19;1;203 771 668;1;1;1;1;1986.0;4;1;-1;-1;28;7;2023;08:10;1;30;30152;1;3;1;3;44.243414;4.178503;3;2;2;0;1;1; -1;1;0;1;80;Indemne;4
202300033529;155 621 101;A01;7;0;2;2;1;1;203 771 629;1;1;1;1;1959.0;5;8;-1;-1;28;7;2023;14:00;1;987;98740;1;1;1;3;-15.364;-147.964;2;2;2;0;1;1; -1;1;0;1;60;Indemne;4
202300033529;155 621 102;B01;1;0;2;8;1;5;203 771 630;1;1;4;2;2009.0;5;0;-1;-1;28;7;2023;14:00;1;987;98740;1;1;1;3;-15.364;-147.964;2;2;2;0;1;1; -1;1;0;1;60;Blessé léger;4
202300033567;155 621 041;B01;7;0;2;2;26;1;203 771 544;1;1;1;2;1993.0;5;1;0;-1;8;11;2023;16:10;1;92;92025;2;1;2;3;48.92348245;2.25734782;3;4;4;1;2;3; -1;2;0;5;30;Indemne;2
202300033567;155 621 041;B01;7;0;2;2;26;1;203 771 546;2;2;1;2;1965.0;0;1;0;-1;8;11;2023;16:10;1;92;92025;2;1;2;3;48.92348245;2.25734782;3;4;4;1;2;3; -1;2;0;5;30;Indemne;2
202300033567;155 621 043;A01;1;0;2;1;5;5;203 771 547;1;1;4;1;1961.0;0;8;0;-1;8;11;2023;16:10;1;92;92025;2;1;2;3;48.92348245;2.25734782;3;4;4;1;2;3; -1;2;0;5;30;Blessé léger;2
202300033576;155 621 026;C01;7;0;2;1;2;1;203 771 524;1;1;1;2;1975.0;5;1;0;-1;12;4;2023;20:43;5;75;75108;2;2;1;5;48.878669;2.300854;4;2;4;2;1;1; -1;1;0;5;50;Indemne;2
202300033576;155 621 026;C01;7;0;2;1;2;1;203 771 524;1;1;1;2;1975.0;5;1;0;-1;12;4;2023;20:43;5;75;75108;2;2;1;5;48.878669;2.300854;4;1; -1;-1;1;1; -1;1;0;5;50;Indemne;2
202300033576;155 621 027;A01;7;0;2;8;22;1;203 771 525;1;1;1;2;1975.0;4;1;0;-1;12;4;2023;20:43;5;75;75108;2;2;1;5;48.878669;2.300854;4;2;4;2;1;1; -1;1;0;5;50;Indemne;2
202300033576;155 621 027;A01;7;0;2;8;22;1;203 771 525;1;1;1;2;1975.0;4;1;0;-1;12;4;2023;20:43;5;75;75108;2;2;1;5;48.878669;2.300854;4;1; -1;-1;1;1; -1;1;0;5;50;Indemne;2
202300033576;155 621 029;B01;80;0;2;1;2;3;203 771 526;1;1;3;1;1992.0;9;8;0;-1;12;4;2023;20:43;5;75;75108;2;2;1;5;48.878669;2.300854;4;2;4;2;1;1; -1;1;0;5;50;Blessé hospitalisé;2
202300033576;155 621 029;B01;80;0;2;1;2;3;203 771 526;1;1;3;1;1992.0;9;8;0;-1;12;4;2023;20:43;5;75;75108;2;2;1;5;48.878669;2.300854;4;1; -1;-1;1;1; -1;1;0;5;50;Blessé hospitalisé;2
202300033578;155 621 022;B01;1;0;2;1;5;5;203 771 518;1;1;4;1;2006.0;2;8;0;-1;13;4;2023;19:30;1;75;75105;2;2;1;2;48.851397;2.343175;4;1;3;0;1;1; -1;1;0;1;30;Blessé léger;3
202300033578;155 621 022;B01;1;0;2;1;5;5;203 771 518;1;1;4;1;2006.0;2;8;0;-1;13;4;2023;19:30;1;75;75105;2;2;1;2;48.851397;2.343175;4;1;3;1;2;1; -1;1;0;1;30;Blessé léger;3
202300033578;155 621 023;A01;1;0;2;4;21;5;203 771 521;1;1;4;1;1986.0;1;8;0;-1;13;4;2023;19:30;1;75;75105;2;2;1;2;48.851397;2.343175;4;1;3;0;1;1; -1;1;0;1;30;Blessé léger;3
202300033578;155 621 023;A01;1;0;2;4;21;5;203 771 521;1;1;4;1;1986.0;1;8;0;-1;13;4;2023;19:30;1;75;75105;2;2;1;2;48.851397;2.343175;4;1;3;1;2;1; -1;1;0;1;30;Blessé léger;3
202300033590;155 621 002;A01;31;0;0;0;9;1;203 771 486;1;1;4;1;2003.0;5;0;-1;-1;11;11;2023;11:35;1;14;14689;1;3;2;6;48.979745;-0.526282;3;2;2;0;1;1;5,5;2;0;1;70;Blessé léger;5
202300033590;155 621 002;A01;31;0;0;0;9;1;203 771 486;1;1;4;1;2003.0;5;0;-1;-1;11;11;2023;11:35;1;14;14689;1;3;2;6;48.979745;-0.526282;3;2;2;0;2;1; -1;2;0;1;50;Blessé léger;5
202300033590;155 621 004;B01;1;0;2;4;1;5;203 771 489;1;1;4;1;1991.0;5;2;-1;-1;11;11;2023;11:35;1;14;14689;1;3;2;6;48.979745;-0.526282;3;2;2;0;1;1;5,5;2;0;1;70;Blessé léger;5
202300033590;155 621 004;B01;1;0;2;4;1;5;203 771 489;1;1;4;1;1991.0;5;2;-1;-1;11;11;2023;11:35;1;14;14689;1;3;2;6;48.979745;-0.526282;3;2;2;0;2;1; -1;2;0;1;50;Blessé léger;5
202300033590;155 621 006;C01;1;0;2;1;2;5;203 771 491;1;1;4;2;1993.0;5;2;-1;-1;11;11;2023;11:35;1;14;14689;1;3;2;6;48.979745;-0.526282;3;2;2;0;1;1;5,5;2;0;1;70;Blessé léger;5
202300033590;155 621 006;C01;1;0;2;1;2;5;203 771 491;1;1;4;2;1993.0;5;2;-1;-1;11;11;2023;11:35;1;14;14689;1;3;2;6;48.979745;-0.526282;3;2;2;0;2;1; -1;2;0;1;50;Blessé léger;5
202300033595;155 620 993;B01;7;0;2;4;1;1;203 771 470;1;1;1;1;2001.0;9;1;0;-1;13;4;2023;13:15;1;75;75115;2;1;2;2;48.841365;2.318507;4;2;4;3;1;1; -1;2;0;1;30;Indemne;3
202300033595;155 620 995;A01;1;0;2;4;1;5;203 771 472;1;1;4;2;2000.0;9;8;0;-1;13;4;2023;13:15;1;75;75115;2;1;2;2;48.841365;2.318507;4;2;4;3;1;1; -1;2;0;1;30;Blessé léger;3
202300033597;155 620 989;B01;80;0;2;4;2;3;203 771 466;1;1;4;1;1974.0;9;8;0;-1;13;4;2023;17:26;1;75;75113;2;7;1;2;48.831869;2.355266;4;1;4;0;1;1; -1;1;0;1;30;Blessé léger;3
202300033597;155 620 989;B01;80;0;2;4;2;3;203 771 466;1;1;4;1;1974.0;9;8;0;-1;13;4;2023;17:26;1;75;75113;2;7;1;2;48.831869;2.355266;4;1;4;0;1;2; -1;1;0;1;30;Blessé léger;3
202300033597;155 620 991;A01;7;0;2;2;2;2;203 771 467;1;1;1;1;1991.0;9;1;0;-1;13;4;2023;17:26;1;75;75113;2;7;1;2;48.831869;2.355266;4;1;4;0;1;1; -1;1;0;1;30;Indemne;3
202300033597;155 620 991;A01;7;0;2;2;2;2;203 771 467;1;1;1;1;1991.0;9;1;0;-1;13;4;2023;17:26;1;75;75113;2;7;1;2;48.831869;2.355266;4;1;4;0;1;2; -1;1;0;1;30;Indemne;3
202300033600;155 620 983;A01;1;0;2;2;16;5;203 771 459;1;1;4;1;1996.0;1;2;0;-1;12;4;2023;09:00;1;75;75113;2;4;2;3;48.839829;2.361667;4;2;6;1;2;1; -1;2;0;1;30;Blessé léger;2
202300033600;155 620 983;A01;1;0;2;2;16;5;203 771 459;1;1;4;1;1996.0;1;2;0;-1;12;4;2023;09:00;1;75;75113;2;4;2;3;48.839829;2.361667;4;2;4;1;1;1; -1;2;0;1;30;Blessé léger;2
202300033600;155 620 985;B01;7;0;2;3;1;3;203 771 461;1;1;1;2;1998.0;1;1;0;-1;12;4;2023;09:00;1;75;75113;2;4;2;3;48.839829;2.361667;4;2;6;1;2;1; -1;2;0;1;30;Indemne;2
202300033600;155 620 985;B01;7;0;2;3;1;3;203 771 461;1;1;1;2;1998.0;1;1;0;-1;12;4;2023;09:00;1;75;75113;2;4;2;3;48.839829;2.361667;4;2;4;1;1;1; -1;2;0;1;30;Indemne;2
202300033602;155 620 979;Z01;30;0;2;0;1;0;203 771 452;1;1;1;-1;2004.0;-1;-1;-1;-1;12;4;2023;22:00;5;75;75120;2;2;8;3;48.853526;2.410791;4;3;4;3;1;1; -1;2;6;6;50;Indemne;2
202300033602;155 620 979;Z01;30;0;2;0;1;0;203 771 452;1;1;1;-1;2004.0;-1;-1;-1;-1;12;4;2023;22:00;5;75;75120;2;2;8;3;48.853526;2.410791;4;-1; -1;-1;1;1; -1;2;6;6;50;Indemne;2
202300033602;155 620 980;B01;1;0;2;0;19;5;203 771 453;1;1;4;1;2000.0;9;8;0;-1;12;4;2023;22:00;5;75;75120;2;2;8;3;48.853526;2.410791;4;3;4;3;1;1; -1;2;6;6;50;Blessé léger;2
202300033602;155 620 980;B01;1;0;2;0;19;5;203 771 453;1;1;4;1;2000.0;9;8;0;-1;12;4;2023;22:00;5;75;75120;2;2;8;3;48.853526;2.410791;4;-1; -1;-1;1;1; -1;2;6;6;50;Blessé léger;2
202300033605;155 620 975;Z01;1;0;1;2;1;5;203 771 448;10;3;4;2;1966.0;4;8;8;-1;13;4;2023;16:15;1;75;75110;2;3;1;6;48.878575;2.350545;4;-1; -1;1;1;1; -1;1;0;1;30;Blessé léger;3
202300033605;155 620 975;Z01;1;0;1;2;1;5;203 771 448;10;3;4;2;1966.0;4;8;8;-1;13;4;2023;16:15;1;75;75110;2;3;1;6;48.878575;2.350545;4;2;2;2;2;1; -1;1;0;1;30;Blessé léger;3
202300033610;155 620 966;A01;3;0;2;8;22;3;203 771 434;1;1;1;1;1969.0;4;1;0;-1;12;4;2023;19:00;1;75;75108;2;3;4;3;48.880889;2.31759;4;-1; -1;-1;1;1; -1;2;0;1;30;Indemne;2
202300033610;155 620 966;A01;3;0;2;8;22;3;203 771 434;1;1;1;1;1969.0;4;1;0;-1;12;4;2023;19:00;1;75;75108;2;3;4;3;48.880889;2.31759;4;1;1;0;1;1; -1;2;0;1;30;Indemne;2
202300033610;155 620 968;B01;80;0;2;1;1;3;203 771 435;1;1;3;1;1966.0;9;8;0;-1;12;4;2023;19:00;1;75;75108;2;3;4;3;48.880889;2.31759;4;-1; -1;-1;1;1; -1;2;0;1;30;Blessé hospitalisé;2
202300033610;155 620 968;B01;80;0;2;1;1;3;203 771 435;1;1;3;1;1966.0;9;8;0;-1;12;4;2023;19:00;1;75;75108;2;3;4;3;48.880889;2.31759;4;1;1;0;1;1; -1;2;0;1;30;Blessé hospitalisé;2
202300033615;155 620 961;A01;1;0;1;7;1;5;203 771 425;1;1;1;2;1981.0;1;2;6;-1;12;4;2023;08:50;1;75;75104;2;3;2;6;48.853254;2.36859;4;2;1;1;1;1; -1;2;0;5;30;Indemne;2
202300033615;155 620 961;A01;1;0;1;7;1;5;203 771 425;1;1;1;2;1981.0;1;2;6;-1;12;4;2023;08:50;1;75;75104;2;3;2;6;48.853254;2.36859;4;4;2;3;1;1; -1;2;0;5;30;Indemne;2
202300033615;155 620 961;A01;1;0;1;7;1;5;203 771 426;10;3;4;2;1962.0;5;0;-1;-1;12;4;2023;08:50;1;75;75104;2;3;2;6;48.853254;2.36859;4;2;1;1;1;1; -1;2;0;5;30;Blessé léger;2
202300033615;155 620 961;A01;1;0;1;7;1;5;203 771 426;10;3;4;2;1962.0;5;0;-1;-1;12;4;2023;08:50;1;75;75104;2;3;2;6;48.853254;2.36859;4;4;2;3;1;1; -1;2;0;5;30;Blessé léger;2
202300033619;155 620 954;A01;16;0;0;2;2;1;203 771 418;1;1;1;1;1988.0;1;1;-1;-1;10;11;2023;17:30;2;41;41214;2;1;2;6;47.925871;1.20506;4;2;2;0;1;1; -1;2;0;1;50;Indemne;4
202300033619;155 620 957;B01;1;0;0;0;1;5;203 771 421;1;1;2;1;1972.0;5;2;-1;-1;10;11;2023;17:30;2;41;41214;2;1;2;6;47.925871;1.20506;4;2;2;0;1;1; -1;2;0;1;50;Tué;4
202300033653;155 620 900;B01;1;0;2;1;5;5;203 771 321;1;1;4;1;1997.0;0;2;0;-1;13;4;2023;07:25;1;92;92046;2;3;1;3;48.81296829;2.293109;4;1;2;1;1;1; -1;1;0;1;30;Blessé léger;3
202300033653;155 620 900;B01;1;0;2;1;5;5;203 771 321;1;1;4;1;1997.0;0;2;0;-1;13;4;2023;07:25;1;92;92046;2;3;1;3;48.81296829;2.293109;4;1;2;0;1;1; -1;1;0;1;30;Blessé léger;3
202300033653;155 620 901;A01;43;0;2;7;16;1;203 771 325;1;1;1;1;1968.0;1;2;6;-1;13;4;2023;07:25;1;92;92046;2;3;1;3;48.81296829;2.293109;4;1;2;1;1;1; -1;1;0;1;30;Indemne;3
202300033653;155 620 901;A01;43;0;2;7;16;1;203 771 325;1;1;1;1;1968.0;1;2;6;-1;13;4;2023;07:25;1;92;92046;2;3;1;3;48.81296829;2.293109;4;1;2;0;1;1; -1;1;0;1;30;Indemne;3
202300033675;155 620 867;B01;1;0;2;1;1;5;203 771 273;1;1;4;1;1985.0;5;8;0;-1;20;5;2023;00:10;5;75;75113;2;3;1;3;48.825793;2.357422;4;2;6;1;1;1; -1;1;0;5;30;Blessé léger;5