Num_Acc;id_vehicule;num_veh;catv;obs;obsm;choc;manv;motor;id_usager;place;catu;grav;sexe;an_nais;trajet;secu1;secu2;secu3;jour;mois;an;hrmn;lum;dep;com;agg;int;atm;col;lat;long;catr;circ;nbv;vosp;prof;plan;larrout;surf;infra;situ;vma;gravity;day_of_week
202300033675;155 620 867;B01;1;0;2;1;1;5;203 771 273;1;1;4;1;1985.0;5;8;0;-1;20;5;2023;00:10;5;75;75113;2;3;1;3;48.825793;2.357422;4;1; -1;0;1;1; -1;1;0;1;30;Blessé léger;5
202300033675;155 620 869;A01;7;0;2;5;22;1;203 771 276;2;2;1;2;1983.0;4;1;0;-1;20;5;2023;00:10;5;75;75113;2;3;1;3;48.825793;2.357422;4;2;6;1;1;1; -1;1;0;5;30;Indemne;5
202300033675;155 620 869;A01;7;0;2;5;22;1;203 771 276;2;2;1;2;1983.0;4;1;0;-1;20;5;2023;00:10;5;75;75113;2;3;1;3;48.825793;2.357422;4;1; -1;0;1;1; -1;1;0;1;30;Indemne;5
202300033675;155 620 869;A01;7;0;2;5;22;1;203 771 277;1;1;1;1;1961.0;4;1;0;-1;20;5;2023;00:10;5;75;75113;2;3;1;3;48.825793;2.357422;4;2;6;1;1;1; -1;1;0;5;30;Indemne;5
202300033675;155 620 869;A01;7;0;2;5;22;1;203 771 277;1;1;1;1;1961.0;4;1;0;-1;20;5;2023;00:10;5;75;75113;2;3;1;3;48.825793;2.357422;4;1; -1;0;1;1; -1;1;0;1;30;Indemne;5
202300033681;155 620 858;A01;80;0;2;2;14;3;203 771 264;1;1;1;1;1990.0;9;8;0;-1;21;5;2023;20:25;1;75;75111;2;9;1;2;48.855479;2.381832;4;1;1;1;1;1; -1;1;0;5;30;Indemne;6
202300033681;155 620 858;A01;80;0;2;2;14;3;203 771 264;1;1;1;1;1990.0;9;8;0;-1;21;5;2023;20:25;1;75;75111;2;9;1;2;48.855479;2.381832;4;1; -1;1;1;1; -1;1;0;1;30;Indemne;6
202300033681;155 620 861;B01;80;0;2;8;2;3;203 771 266;1;1;4;1;1998.0;5;8;0;-1;21;5;2023;20:25;1;75;75111;2;9;1;2;48.855479;2.381832;4;1;1;1;1;1; -1;1;0;5;30;Blessé léger;6
202300033681;155 620 861;B01;80;0;2;8;2;3;203 771 266;1;1;4;1;1998.0;5;8;0;-1;21;5;2023;20:25;1;75;75111;2;9;1;2;48.855479;2.381832;4;1; -1;1;1;1; -1;1;0;1;30;Blessé léger;6
202300033697;155 620 823;B01;1;0;2;7;2;5;203 771 223;1;1;4;1;1981.0;1;0;0;0;28;2;2023;18:25;1;44;44184;1;6;1;3;47.26789;-2.27812;4;2;2;0;2;1; -1;1;0;1;50;Blessé léger;1
202300033697;155 620 823;B01;1;0;2;7;2;5;203 771 223;1;1;4;1;1981.0;1;0;0;0;28;2;2023;18:25;1;44;44184;1;6;1;3;47.26789;-2.27812;4;2;2;0;2;1; -1;1;0;1;50;Blessé léger;1
202300033697;155 620 827;A01;7;0;2;1;2;1;203 771 227;1;1;1;1;1987.0;1;1;0;0;28;2;2023;18:25;1;44;44184;1;6;1;3;47.26789;-2.27812;4;2;2;0;2;1; -1;1;0;1;50;Indemne;1
202300033697;155 620 827;A01;7;0;2;1;2;1;203 771 227;1;1;1;1;1987.0;1;1;0;0;28;2;2023;18:25;1;44;44184;1;6;1;3;47.26789;-2.27812;4;2;2;0;2;1; -1;1;0;1;50;Indemne;1
202300033703;155 620 816;A01;14;0;2;7;16;1;203 771 214;1;1;1;1;1998.0;4;1;8;-1;1;3;2023;08:50;1;37;37233;2;3;1;3;47.38723;0.71304;4;1; -1;0;1;1; -1;1;0;1;50;Indemne;2
202300033703;155 620 816;A01;14;0;2;7;16;1;203 771 215;2;2;1;1;1994.0;4;1;0;-1;1;3;2023;08:50;1;37;37233;2;3;1;3;47.38723;0.71304;4;1; -1;0;1;1; -1;1;0;1;50;Indemne;2
202300033703;155 620 820;B01;1;0;2;1;1;5;203 771 220;1;1;4;1;1972.0;1;2;4;-1;1;3;2023;08:50;1;37;37233;2;3;1;3;47.38723;0.71304;4;1; -1;0;1;1; -1;1;0;1;50;Blessé léger;2
202300033716;155 620 794;A01;7;0;2;7;14;1;203 771 186;1;1;1;2;1975.0;1;1;-1;-1;1;3;2023;19:05;5;33;33063;2;1;1;3;44.83864;-0.62031;4;2;2;1;1;1; -1;1;0;5;50;Indemne;2
202300033716;155 620 797;B01;1;0;2;8;1;5;203 771 189;1;1;4;2;1994.0;1;0;-1;-1;1;3;2023;19:05;5;33;33063;2;1;1;3;44.83864;-0.62031;4;2;2;1;1;1; -1;1;0;5;50;Blessé léger;2
202300033720;155 620 788;A01;34;0;2;1;14;1;203 771 180;1;1;1;1;1993.0;1;2;6;-1;1;3;2023;15:00;1;33;33119;2;1;1;2;44.84631425;-0.53611189;4;3;6;0;2;1; -1;1;0;1;50;Indemne;2
202300033720;155 620 790;B01;1;0;2;4;1;5;203 771 182;1;1;4;2;1998.0;5;2;-1;-1;1;3;2023;15:00;1;33;33119;2;1;1;2;44.84631425;-0.53611189;4;3;6;0;2;1; -1;1;0;1;50;Blessé léger;2
202300033739;155 620 747;B01;1;0;2;5;1;5;203 771 120;1;1;3;1;1946.0;5;0;-1;-1;13;4;2023;10:10;1;17;17385;2;6;1;3;45.944805;-1.309583;3;2;1;0;1;1;2,5;1;0;1;50;Blessé hospitalisé;3
202300033739;155 620 747;B01;1;0;2;5;1;5;203 771 120;1;1;3;1;1946.0;5;0;-1;-1;13;4;2023;10:10;1;17;17385;2;6;1;3;45.944805;-1.309583;3;2;2;0;1;2; -1;1;0;1;50;Blessé hospitalisé;3
202300033739;155 620 751;A01;7;0;2;1;9;1;203 771 125;1;1;1;2;1946.0;5;1;-1;-1;13;4;2023;10:10;1;17;17385;2;6;1;3;45.944805;-1.309583;3;2;1;0;1;1;2,5;1;0;1;50;Indemne;3
202300033739;155 620 751;A01;7;0;2;1;9;1;203 771 125;1;1;1;2;1946.0;5;1;-1;-1;13;4;2023;10:10;1;17;17385;2;6;1;3;45.944805;-1.309583;3;2;2;0;1;2; -1;1;0;1;50;Indemne;3
202300033758;155 620 715;A01;1;0;2;1;0;5;203 771 083;1;1;3;1;1996.0;5;2;-1;-1;14;4;2023;11:25;1;08;08449;1;4;1;3;49.71379;4.50874;3;2;2;0;1;2;4;1;0;1;80;Blessé hospitalisé;4
202300033758;155 620 715;A01;1;0;2;1;0;5;203 771 083;1;1;3;1;1996.0;5;2;-1;-1;14;4;2023;11:25;1;08;08449;1;4;1;3;49.71379;4.50874;3;2;2;0;1;3;4;1;0;1;80;Blessé hospitalisé;4
202300033758;155 620 720;B01;7;0;9;2;0;1;203 771 090;1;1;1;1;1981.0;1;1;-1;-1;14;4;2023;11:25;1;08;08449;1;4;1;3;49.71379;4.50874;3;2;2;0;1;2;4;1;0;1;80;Indemne;4
202300033758;155 620 720;B01;7;0;9;2;0;1;203 771 090;1;1;1;1;1981.0;1;1;-1;-1;14;4;2023;11:25;1;08;08449;1;4;1;3;49.71379;4.50874;3;2;2;0;1;3;4;1;0;1;80;Indemne;4
202300033762;155 620 710;B01;7;0;9;8;15;1;203 771 073;1;1;1;2;1983.0;5;1;-1;-1;13;4;2023;17:51;1;68;68321;2;3;1;3;47.828418;7.25099;3;2;2;0;1;1;7;1;5;1;50;Indemne;3
202300033762;155 620 710;B01;7;0;9;8;15;1;203 771 073;1;1;1;2;1983.0;5;1;-1;-1;13;4;2023;17:51;1;68;68321;2;3;1;3;47.828418;7.25099;3;2;2;0;1;1;7;1;5;1;50;Indemne;3
202300033762;155 620 712;A01;1;0;2;1;1;5;203 771 079;1;1;4;1;1962.0;0;2;-1;-1;13;4;2023;17:51;1;68;68321;2;3;1;3;47.828418;7.25099;3;2;2;0;1;1;7;1;5;1;50;Blessé léger;3
202300033762;155 620 712;A01;1;0;2;1;1;5;203 771 079;1;1;4;1;1962.0;0;2;-1;-1;13;4;2023;17:51;1;68;68321;2;3;1;3;47.828418;7.25099;3;2;2;0;1;1;7;1;5;1;50;Blessé léger;3
202300033770;155 620 697;A01;1;0;2;6;19;5;203 771 055;1;1;1;2;2009.0;5;8;0;-1;9;11;2023;22:35;3;75;75117;2;1;8;3;48.89245;2.30913;4;1;6;1;1;1; -1;1;0;1;30;Indemne;3
202300033770;155 620 700;B01;32;0;2;1;1;1;203 771 058;1;1;4;1;2002.0;1;2;8;-1;9;11;2023;22:35;3;75;75117;2;1;8;3;48.89245;2.30913;4;1;6;1;1;1; -1;1;0;1;30;Blessé léger;3
202300033771;155 620 698;A01;1;0;1;1;1;5;203 771 054;10;3;4;2;1970.0;9;0;-1;-1;2;3;2023;17:45;1;75;75118;2;7;1;6;48.884783;2.359282;4;1; -1;-1;1;1; -1;1;0;1;-1;Blessé léger;3
202300033771;155 620 698;A01;1;0;1;1;1;5;203 771 054;10;3;4;2;1970.0;9;0;-1;-1;2;3;2023;17:45;1;75;75118;2;7;1;6;48.884783;2.359282;4;1;2;0;1;1; -1;1;0;1;30;Blessé léger;3
202300033771;155 620 698;A01;1;0;1;1;1;5;203 771 056;1;1;1;1;1991.0;9;2;8;-1;2;3;2023;17:45;1;75;75118;2;7;1;6;48.884783;2.359282;4;1; -1;-1;1;1; -1;1;0;1;-1;Indemne;3
202300033771;155 620 698;A01;1;0;1;1;1;5;203 771 056;1;1;1;1;1991.0;9;2;8;-1;2;3;2023;17:45;1;75;75118;2;7;1;6;48.884783;2.359282;4;1;2;0;1;1; -1;1;0;1;30;Indemne;3
202300033778;155 620 680;A01;7;0;2;2;16;2;203 771 031;1;1;1;1;1969.0;5;1;0;-1;7;11;2023;20:58;5;75;75114;2;2;1;3;48.83277;2.31149;4;1;1;0;1;1; -1;1;0;5;30;Indemne;1
202300033778;155 620 680;A01;7;0;2;2;16;2;203 771 031;1;1;1;1;1969.0;5;1;0;-1;7;11;2023;20:58;5;75;75114;2;2;1;3;48.83277;2.31149;4;1;2;2;1;1; -1;1;0;5;30;Indemne;1
202300033778;155 620 683;B01;1;0;2;2;1;5;203 771 034;1;1;4;1;2000.0;5;8;0;-1;7;11;2023;20:58;5;75;75114;2;2;1;3;48.83277;2.31149;4;1;1;0;1;1; -1;1;0;5;30;Blessé léger;1
202300033778;155 620 683;B01;1;0;2;2;1;5;203 771 034;1;1;4;1;2000.0;5;8;0;-1;7;11;2023;20:58;5;75;75114;2;2;1;3;48.83277;2.31149;4;1;2;2;1;1; -1;1;0;5;30;Blessé léger;1
202300033793;155 620 653;A01;1;0;0;0;1;5;203 770 987;1;1;4;2;2004.0;5;2;0;-1;8;11;2023;17:00;5;75;75107;2;2;2;7;48.860024;2.324574;4;1; -1;-1;1;1; -1;2;0;1;30;Blessé léger;2
202300033793;155 620 653;A01;1;0;0;0;1;5;203 770 987;1;1;4;2;2004.0;5;2;0;-1;8;11;2023;17:00;5;75;75107;2;2;2;7;48.860024;2.324574;4;1;1;1;1;1; -1;2;0;1;30;Blessé léger;2
202300033795;155 620 651;A01;1;0;2;1;1;5;203 770 988;1;1;4;2;1987.0;1;8;0;-1;2;3;2023;08:40;1;75;75115;2;1;1;3;48.840683;2.280367;4;1;1;0;1;1; -1;1;-1;5;30;Blessé léger;3
202300033795;155 620 655;B01;10;0;2;5;22;6;203 770 990;1;1;1;1;1973.0;4;1;8;-1;2;3;2023;08:40;1;75;75115;2;1;1;3;48.840683;2.280367;4;1;1;0;1;1; -1;1;-1;5;30;Indemne;3
202300033796;155 620 650;A01;7;0;9;3;9;1;203 770 985;1;1;4;2;1958.0;5;8;-1;-1;21;5;2023;12:10;1;83;83152;2;3;1;1;43.15650229;6.47234023;3;2;2;0;1;1;5,5;1;0;1;50;Blessé léger;6
202300033796;155 620 650;A01;7;0;9;3;9;1;203 770 985;1;1;4;2;1958.0;5;8;-1;-1;21;5;2023;12:10;1;83;83152;2;3;1;1;43.15650229;6.47234023;3;2;2;0;4;2; -1;1;0;1;50;Blessé léger;6
202300033796;155 620 656;B01;1;0;2;1;1;5;203 770 993;1;1;3;1;1971.0;5;2;-1;-1;21;5;2023;12:10;1;83;83152;2;3;1;1;43.15650229;6.47234023;3;2;2;0;1;1;5,5;1;0;1;50;Blessé hospitalisé;6
202300033796;155 620 656;B01;1;0;2;1;1;5;203 770 993;1;1;3;1;1971.0;5;2;-1;-1;21;5;2023;12:10;1;83;83152;2;3;1;1;43.15650229;6.47234023;3;2;2;0;4;2; -1;1;0;1;50;Blessé hospitalisé;6
202300033797;155 620 648;A01;1;0;0;8;21;5;203 770 983;1;1;4;2;2000.0;2;2;8;-1;9;11;2023;09:35;1;75;75102;2;1;1;7;48.86871;2.348668;4;1;1;1;1;1; -1;1;0;1;30;Blessé léger;3
202300033798;155 620 645;A01;7;0;2;3;9;1;203 770 980;1;1;1;1;2005.0;5;1;0;-1;23;6;2023;13:50;1;56;56121;2;6;1;3;47.74724;-3.37655;4;2;2;0;1;1; -1;1;5;1;30;Indemne;4
202300033798;155 620 645;A01;7;0;2;3;9;1;203 770 980;1;1;1;1;2005.0;5;1;0;-1;23;6;2023;13:50;1;56;56121;2;6;1;3;47.74724;-3.37655;4;2;2;0;2;1; -1;1;5;1;30;Indemne;4
202300033798;155 620 649;B01;80;0;2;1;1;3;203 770 984;1;1;4;2;1979.0;1;8;0;-1;23;6;2023;13:50;1;56;56121;2;6;1;3;47.74724;-3.37655;4;2;2;0;1;1; -1;1;5;1;30;Blessé léger;4
202300033798;155 620 649;B01;80;0;2;1;1;3;203 770 984;1;1;4;2;1979.0;1;8;0;-1;23;6;2023;13:50;1;56;56121;2;6;1;3;47.74724;-3.37655;4;2;2;0;2;1; -1;1;5;1;30;Blessé léger;4
202300033806;155 620 631;B01;1;0;2;1;1;5;203 770 957;1;1;4;1;2010.0;5;2;0;-1;27;5;2023;15:00;1;42;42218;1;1;1;3;45.43395044;4.30323958;7;3;2;0;2;1; -1;1;0;1;50;Blessé léger;5
202300033806;155 620 635;A01;7;0;9;8;13;3;203 770 960;1;1;1;1;1979.0;5;8;0;-1;27;5;2023;15:00;1;42;42218;1;1;1;3;45.43395044;4.30323958;7;3;2;0;2;1; -1;1;0;1;50;Indemne;5
202300033809;155 620 627;A01;1;0;2;3;19;5;203 770 953;1;1;4;2;1982.0;5;2;0;-1;2;3;2023;18:30;5;75;75110;2;4;1;3;48.875538;2.356732;4;2;6;0;1;1; -1;1;-1;5;30;Blessé léger;3
202300033809;155 620 627;A01;1;0;2;3;19;5;203 770 953;1;1;4;2;1982.0;5;2;0;-1;2;3;2023;18:30;5;75;75110;2;4;1;3;48.875538;2.356732;4;1; -1;-1;1;1; -1;1;-1;5;-1;Blessé léger;3
202300033814;155 620 617;A01;80;0;1;1;5;3;203 770 941;10;3;4;1;2009.0;9;0;-1;-1;2;3;2023;12:15;1;75;75109;2;1;1;6;48.881608;2.336706;4;2;2;1;2;1; -1;1;-1;5;30;Blessé léger;3
202300033814;155 620 617;A01;80;0;1;1;5;3;203 770 942;1;1;1;1;1989.0;4;8;6;-1;2;3;2023;12:15;1;75;75109;2;1;1;6;48.881608;2.336706;4;2;2;1;2;1; -1;1;-1;5;30;Indemne;3
202300033823;155 620 600;A01;32;0;2;3;9;1;203 770 922;1;1;4;2;1968.0;9;2;0;-1;1;3;2023;15:35;1;75;75108;2;2;8;3;48.87440182;2.30105639;4;1; -1;-1;1;1; -1;1;0;1;-1;Blessé léger;2
202300033823;155 620 600;A01;32;0;2;3;9;1;203 770 922;1;1;4;2;1968.0;9;2;0;-1;1;3;2023;15:35;1;75;75108;2;2;8;3;48.87440182;2.30105639;4;1;1;0;1;1; -1;1;0;1;30;Blessé léger;2
202300033823;155 620 602;B01;80;0;2;2;1;3;203 770 926;1;1;4;1;2001.0;9;8;0;-1;1;3;2023;15:35;1;75;75108;2;2;8;3;48.87440182;2.30105639;4;1; -1;-1;1;1; -1;1;0;1;-1;Blessé léger;2
202300033823;155 620 602;B01;80;0;2;2;1;3;203 770 926;1;1;4;1;2001.0;9;8;0;-1;1;3;2023;15:35;1;75;75108;2;2;8;3;48.87440182;2.30105639;4;1;1;0;1;1; -1;1;0;1;30;Blessé léger;2
202300033836;155 620 579;A01;10;0;2;3;15;1;203 770 896;1;1;1;1;1989.0;4;1;0;-1;2;3;2023;07:50;1;75;75102;2;2;1;3;48.867052;2.352974;4;1;4;1;1;1; -1;1;-1;5;30;Indemne;3
202300033836;155 620 579;A01;10;0;2;3;15;1;203 770 896;1;1;1;1;1989.0;4;1;0;-1;2;3;2023;07:50;1;75;75102;2;2;1;3;48.867052;2.352974;4;2;2;2;1;1; -1;1;-1;5;30;Indemne;3
202300033836;155 620 582;B01;1;0;2;1;1;5;203 770 899;1;1;4;1;1990.0;1;8;0;-1;2;3;2023;07:50;1;75;75102;2;2;1;3;48.867052;2.352974;4;1;4;1;1;1; -1;1;-1;5;30;Blessé léger;3
202300033836;155 620 582;B01;1;0;2;1;1;5;203 770 899;1;1;4;1;1990.0;1;8;0;-1;2;3;2023;07:50;1;75;75102;2;2;1;3;48.867052;2.352974;4;2;2;2;1;1; -1;1;-1;5;30;Blessé léger;3
202300033838;155 620 575;Y01;1;0;2;8;1;5;203 770 891;1;1;4;2;2000.0;0;8;0;-1;9;11;2023;07:10;2;93;93001;2;2;1;3;48.915275;2.371344;3;2;2;2;1;1; -1;1;2;5;50;Blessé léger;3
202300033838;155 620 575;Y01;1;0;2;8;1;5;203 770 891;1;1;4;2;2000.0;0;8;0;-1;9;11;2023;07:10;2;93;93001;2;2;1;3;48.915275;2.371344;3;2;2;1;1;1; -1;1;2;5;50;Blessé léger;3
202300033838;155 620 580;A01;7;0;2;2;1;1;203 770 897;1;1;1;1;1974.0;1;1;0;-1;9;11;2023;07:10;2;93;93001;2;2;1;3;48.915275;2.371344;3;2;2;2;1;1; -1;1;2;5;50;Indemne;3
202300033838;155 620 580;A01;7;0;2;2;1;1;203 770 897;1;1;1;1;1974.0;1;1;0;-1;9;11;2023;07:10;2;93;93001;2;2;1;3;48.915275;2.371344;3;2;2;1;1;1; -1;1;2;5;50;Indemne;3
202300033841;155 620 568;B01;1;0;2;4;16;5;203 770 882;1;1;4;1;1997.0;1;8;0;-1;1;3;2023;09:10;1;94;94068;2;6;1;3;48.79385509;2.48661;4;1;1;1;1;2; -1;1;0;1;30;Blessé léger;2
202300033841;155 620 568;B01;1;0;2;4;16;5;203 770 882;1;1;4;1;1997.0;1;8;0;-1;1;3;2023;09:10;1;94;94068;2;6;1;3;48.79385509;2.48661;4;1;1;2;1;1; -1;1;0;1;30;Blessé léger;2
202300033841;155 620 571;A01;7;0;9;1;1;1;203 770 886;1;1;1;2;1948.0;3;1;0;-1;1;3;2023;09:10;1;94;94068;2;6;1;3;48.79385509;2.48661;4;1;1;1;1;2; -1;1;0;1;30;Indemne;2
202300033841;155 620 571;A01;7;0;9;1;1;1;203 770 886;1;1;1;2;1948.0;3;1;0;-1;1;3;2023;09:10;1;94;94068;2;6;1;3;48.79385509;2.48661;4;1;1;2;1;1; -1;1;0;1;30;Indemne;2
202300033851;155 620 550;A01;1;0;1;1;1;5;203 770 858;10;3;4;2;1947.0;0;0;-1;-1;11;4;2023;16:21;1;60;60612;2;1;1;6;49.1971;2.570282;4;2;2;0;1;1; -1;1;0;1;50;Blessé léger;1
202300033851;155 620 550;A01;1;0;1;1;1;5;203 770 860;1;1;1;1;1968.0;1;0;-1;-1;11;4;2023;16:21;1;60;60612;2;1;1;6;49.1971;2.570282;4;2;2;0;1;1; -1;1;0;1;50;Indemne;1
202300033856;155 620 544;A01;7;0;2;1;16;1;203 770 846;1;1;1;1;1993.0;0;1;0;-1;8;11;2023;15:50;1;92;92063;2;9;2;2;48.87624713;2.20113471;4;1;2;0;1;1; -1;2;5;1;30;Indemne;2
202300033856;155 620 544;A01;7;0;2;1;16;1;203 770 846;1;1;1;1;1993.0;0;1;0;-1;8;11;2023;15:50;1;92;92063;2;9;2;2;48.87624713;2.20113471;4;2;1;1;2;1; -1;2;0;1;30;Indemne;2
202300033856;155 620 547;B01;1;0;0;0;0;5;203 770 854;1;1;4;1;2008.0;0;0;-1;-1;8;11;2023;15:50;1;92;92063;2;9;2;2;48.87624713;2.20113471;4;1;2;0;1;1; -1;2;5;1;30;Blessé léger;2
202300033856;155 620 547;B01;1;0;0;0;0;5;203 770 854;1;1;4;1;2008.0;0;0;-1;-1;8;11;2023;15:50;1;92;92063;2;9;2;2;48.87624713;2.20113471;4;2;1;1;2;1; -1;2;0;1;30;Blessé léger;2
202300033865;155 620 529;A01;3;0;9;2;2;3;203 770 826;1;1;1;2;1977.0;9;8;0;-1;9;11;2023;09:00;1;92;92040;2;1;8;2;48.82382;2.27237;3;2;2;0;1;1; -1;2;0;1;50;Indemne;3
202300033865;155 620 532;B01;1;0;0;8;1;5;203 770 829;1;1;4;2;1971.0;1;2;0;-1;9;11;2023;09:00;1;92;92040;2;1;8;2;48.82382;2.27237;3;2;2;0;1;1; -1;2;0;1;50;Blessé léger;3
202300033902;155 620 462;A01;1;0;0;0;1;5;203 770 737;1;1;2;1;1960.0;5;2;-1;-1;25;2;2023;14:15;1;33;33308;2;1;1;7;44.657275;-0.284899;4;2;2;0;2;1;4;1;0;1;50;Tué;5
202300033923;155 620 424;A01;80;0;1;1;1;3;203 770 687;1;1;1;1;2001.0;5;8;0;-1;24;6;2023;14:15;1;75;75116;2;3;1;6;48.860424;2.285909;4;2; -1;-1;1;1; -1;1;0;1;-1;Indemne;5
202300033923;155 620 424;A01;80;0;1;1;1;3;203 770 687;1;1;1;1;2001.0;5;8;0;-1;24;6;2023;14:15;1;75;75116;2;3;1;6;48.860424;2.285909;4;-1;2;0;1;1; -1;1;0;1;50;Indemne;5
202300033923;155 620 424;A01;80;0;1;1;1;3;203 770 688;10;3;4;2;1952.0;5;0;-1;-1;24;6;2023;14:15;1;75;75116;2;3;1;6;48.860424;2.285909;4;2; -1;-1;1;1; -1;1;0;1;-1;Blessé léger;5
202300033923;155 620 424;A01;80;0;1;1;1;3;203 770 688;10;3;4;2;1952.0;5;0;-1;-1;24;6;2023;14:15;1;75;75116;2;3;1;6;48.860424;2.285909;4;-1;2;0;1;1; -1;1;0;1;50;Blessé léger;5
202300033953;155 620 380;A01;1;0;0;0;1;5;203 770 626;1;1;4;1;1944.0;5;8;0;-1;24;6;2023;16:35;1;75;75101;2;3;1;7;48.864667;2.329299;4;1;1;0;1;1; -1;1;-1;5;30;Blessé léger;5
202300033953;155 620 380;A01;1;0;0;0;1;5;203 770 626;1;1;4;1;1944.0;5;8;0;-1;24;6;2023;16:35;1;75;75101;2;3;1;7;48.864667;2.329299;4;2;5;1;1;1; -1;1;-1;5;30;Blessé léger;5
202300033969;155 620 349;A01;7;0;2;1;1;1;203 770 591;1;1;1;1;1970.0;5;1;-1;-1;3;3;2023;01:15;4;971;97128;1;1;1;2;16.219074;-61.406772;2;2;2;0;1;1; -1;1;0;1;70;Indemne;4
202300033969;155 620 352;B01;1;0;2;4;1;5;203 770 594;1;1;3;1;1983.0;5;0;-1;-1;3;3;2023;01:15;4;971;97128;1;1;1;2;16.219074;-61.406772;2;2;2;0;1;1; -1;1;0;1;70;Blessé hospitalisé;4
202300033977;155 620 336;A01;7;0;2;7;15;1;203 770 575;1;1;1;2;1997.0;3;1;-1;-1;7;11;2023;12:30;1;44;44158;2;1;1;3;47.274971;-1.784254;3;2;2;0;1;1;5;1;5;1;50;Indemne;1
202300033977;155 620 338;B01;1;0;2;7;5;5;203 770 577;1;1;3;1;1962.0;5;2;-1;-1;7;11;2023;12:30;1;44;44158;2;1;1;3;47.274971;-1.784254;3;2;2;0;1;1;5;1;5;1;50;Blessé hospitalisé;1
202300033978;155 620 332;B01;1;0;2;1;2;5;203 770 572;1;1;4;2;1993.0;1;8;-1;-1;11;4;2023;08:15;1;69;69142;2;1;1;3;45.72952;4.81608;7;1;2;0;1;1;6;1;2;1;50;Blessé léger;1
202300033978;155 620 335;A01;7;0;2;3;2;1;203 770 574;1;1;1;1;1971.0;1;8;-1;-1;11;4;2023;08:15;1;69;69142;2;1;1;3;45.72952;4.81608;7;1;2;0;1;1;6;1;2;1;50;Indemne;1
202300034000;155 620 293;B01;7;0;2;2;1;1;203 770 513;1;1;1;1;1969.0;1;1;-1;-1;8;11;2023;08:35;1;38;38039;2;2;1;3;45.270447;5.867407;3;2;2;0;2;1;7;1;5;1;30;Indemne;2
202300034000;155 620 293;B01;7;0;2;2;1;1;203 770 513;1;1;1;1;1969.0;1;1;-1;-1;8;11;2023;08:35;1;38;38039;2;2;1;3;45.270447;5.867407;3;2;2;0;4;1;7;1;0;1;30;Indemne;2
202300034000;155 620 296;A01;80;0;2;1;1;3;203 770 517;1;1;3;2;1974.0;1;0;-1;-1;8;11;2023;08:35;1;38;38039;2;2;1;3;45.270447;5.867407;3;2;2;0;2;1;7;1;5;1;30;Blessé hospitalisé;2
202300034000;155 620 296;A01;80;0;2;1;1;3;203 770 517;1;1;3;2;1974.0;1;0;-1;-1;8;11;2023;08:35;1;38;38039;2;2;1;3;45.270447;5.867407;3;2;2;0;4;1;7;1;0;1;30;Blessé hospitalisé;2
202300034050;155 620 207;B01;1;0;0;8;26;5;203 770 389;1;1;3;1;1964.0;0;0;-1;-1;20;5;2023;12:00;1;50;50298;1;1;1;3;49.267097;-1.290797;3;2;2;0;1;1;5,5;1;0;1;80;Blessé hospitalisé;5
202300034050;155 620 210;A01;7;0;2;7;17;1;203 770 394;1;1;1;1;1940.0;0;1;-1;-1;20;5;2023;12:00;1;50;50298;1;1;1;3;49.267097;-1.290797;3;2;2;0;1;1;5,5;1;0;1;80;Indemne;5
202300034070;155 620 171;A01;7;0;9;3;20;1;203 770 344;1;1;1;1;1953.0;2;1;0;-1;12;4;2023;08:10;1;64;64269;2;1;1;3;43.28997;-0.31087;4;2;2;0;1;1; -1;1;0;1;30;Indemne;2
202300034070;155 620 173;B01;1;0;2;3;0;5;203 770 347;1;1;4;1;1979.0;1;2;4;-1;12;4;2023;08:10;1;64;64269;2;1;1;3;43.28997;-0.31087;4;2;2;0;1;1; -1;1;0;1;30;Blessé léger;2
202300034093;155 620 133;A01;1;0;0;0;1;5;203 770 295;1;1;4;2;2008.0;0;2;0;-1;23;6;2023;18:45;1;92;92004;2;1;1;6;48.91493269;2.27504835;3;1;0;0;1;1; -1;1;0;1;50;Blessé léger;4
202300034096;155 620 126;A01;1;6;0;3;1;5;203 770 285;1;1;2;1;1946.0;5;2;-1;-1;25;6;2023;09:55;1;60;60623;2;1;1;6;49.546928;1.857135;3;2;2;0;2;1;5,5;1;0;1;50;Tué;6
202300034153;155 620 024;A01;1;0;2;2;1;5;203 770 163;1;1;4;1;1962.0;5;2;-1;-1;12;4;2023;10:50;1;33;33550;2;6;2;3;44.77948;-0.58797;4;2;2;0;1;1; -1;2;0;1;50;Blessé léger;2
202300034153;155 620 024;A01;1;0;2;2;1;5;203 770 163;1;1;4;1;1962.0;5;2;-1;-1;12;4;2023;10:50;1;33;33550;2;6;2;3;44.77948;-0.58797;4;2;2;0;2;1; -1;2;0;1;50;Blessé léger;2
202300034153;155 620 029;B01;7;0;2;3;9;1;203 770 171;1;1;1;1;1955.0;5;1;-1;-1;12;4;2023;10:50;1;33;33550;2;6;2;3;44.77948;-0.58797;4;2;2;0;1;1; -1;2;0;1;50;Indemne;2
202300034153;155 620 029;B01;7;0;2;3;9;1;203 770 171;1;1;1;1;1955.0;5;1;-1;-1;12;4;2023;10:50;1;33;33550;2;6;2;3;44.77948;-0.58797;4;2;2;0;2;1; -1;2;0;1;50;Indemne;2