Num_Acc;id_vehicule;num_veh;catv;obs;obsm;choc;manv;motor;id_usager;place;catu;grav;sexe;an_nais;trajet;secu1;secu2;secu3;jour;mois;an;hrmn;lum;dep;com;agg;int;atm;col;lat;long;catr;circ;nbv;vosp;prof;plan;larrout;surf;infra;situ;vma;gravity;day_of_week
202300034179;155 619 981;A01;80;0;0;1;0;3;203 770 106;1;1;3;2;1975.0;5;2;-1;-1;25;6;2023;13:30;1;11;11163;1;1;1;7;42.761833;2.325209;3;2;2;0;2;1;4;1;0;1;80;Blessé hospitalisé;6
202300034185;155 619 969;A01;1;9;0;1;16;5;203 770 092;1;1;2;1;1944.0;5;8;0;-1;4;4;2023;14:00;1;13;13004;2;7;1;1;43.67664;4.62779;4;2;1;0;2;1; -1;1;9;1;20;Tué;1
202300034224;155 619 891;A01;7;0;9;2;12;1;203 769 986;1;1;1;1;1968.0;5;8;-1;-1;24;6;2023;17:45;1;66;66085;1;1;1;2;42.58118375;2.35233486;2;3;4;0;1;1; -1;1;0;3;90;Indemne;5
202300034224;155 619 893;B01;1;0;2;4;1;5;203 769 990;1;1;4;1;1961.0;5;0;-1;-1;24;6;2023;17:45;1;66;66085;1;1;1;2;42.58118375;2.35233486;2;3;4;0;1;1; -1;1;0;3;90;Blessé léger;5
202300034227;155 619 887;A01;80;0;2;3;13;3;203 769 982;1;1;4;2;2002.0;5;8;8;-1;28;2;2023;12:15;1;67;67482;2;1;1;3;48.54914;7.7415;4;3;8;2;1;1; -1;1;0;1;50;Blessé léger;1
202300034227;155 619 889;B01;10;0;2;2;1;1;203 769 984;1;1;1;1;1995.0;4;1;8;-1;28;2;2023;12:15;1;67;67482;2;1;1;3;48.54914;7.7415;4;3;8;2;1;1; -1;1;0;1;50;Indemne;1
202300034230;155 619 882;B01;1;0;2;2;19;5;203 769 975;1;1;4;2;1986.0;0;8;8;-1;27;2;2023;11:20;1;67;67482;2;3;7;3;48.59056;7.74461;4;2;6;0;1;1; -1;1;0;1;50;Blessé léger;0
202300034230;155 619 882;B01;1;0;2;2;19;5;203 769 975;1;1;4;2;1986.0;0;8;8;-1;27;2;2023;11:20;1;67;67482;2;3;7;3;48.59056;7.74461;4;2;3;0;1;2; -1;1;0;1;50;Blessé léger;0
202300034230;155 619 883;A01;7;0;2;1;15;1;203 769 977;1;1;1;2;1973.0;0;1;8;-1;27;2;2023;11:20;1;67;67482;2;3;7;3;48.59056;7.74461;4;2;6;0;1;1; -1;1;0;1;50;Indemne;0
202300034230;155 619 883;A01;7;0;2;1;15;1;203 769 977;1;1;1;2;1973.0;0;1;8;-1;27;2;2023;11:20;1;67;67482;2;3;7;3;48.59056;7.74461;4;2;3;0;1;2; -1;1;0;1;50;Indemne;0
202300034244;155 619 860;A01;7;0;2;7;24;1;203 769 948;2;2;1;1;2000.0;9;1;0;-1;12;4;2023;09:15;1;75;75117;2;1;2;3;48.877221;2.297517;4;2;6;1;1;1; -1;2;0;1;30;Indemne;2
202300034244;155 619 860;A01;7;0;2;7;24;1;203 769 949;1;1;1;2;1983.0;4;1;0;-1;12;4;2023;09:15;1;75;75117;2;1;2;3;48.877221;2.297517;4;2;6;1;1;1; -1;2;0;1;30;Indemne;2
202300034244;155 619 863;B01;80;1;0;1;1;3;203 769 952;1;1;4;2;1988.0;1;8;0;-1;12;4;2023;09:15;1;75;75117;2;1;2;3;48.877221;2.297517;4;2;6;1;1;1; -1;2;0;1;30;Blessé léger;2
202300034259;155 619 835;A01;1;0;0;0;1;5;203 769 914;1;1;3;1;1951.0;5;2;-1;-1;19;5;2023;10:20;1;76;76351;2;1;1;7;49.48199;0.1148;4;2;2;0;1;1; -1;1;4;1;50;Blessé hospitalisé;4
202300034264;155 619 824;B01;1;0;2;4;1;5;203 769 898;1;1;4;1;1985.0;1;8;-1;-1;28;2;2023;06:50;5;50;50129;2;9;1;3;49.63463;-1.60167;3;2;4;1;1;1; -1;1;0;5;50;Blessé léger;1
202300034305;155 619 759;A01;1;0;2;1;1;5;203 769 801;1;1;4;1;1999.0;5;8;8;-1;18;5;2023;22:50;5;67;67482;2;1;1;1;48.5913;7.73136;4;2;2;1;1;1; -1;1;0;5;25;Blessé léger;3
202300034314;155 619 740;B01;1;0;2;1;15;5;203 769 778;1;1;4;1;2002.0;0;0;-1;-1;28;2;2023;06:30;5;33;33281;2;3;1;1;44.82696;-0.66417;4;2;3;2;1;1; -1;1;0;1;50;Blessé léger;1
202300034314;155 619 740;B01;1;0;2;1;15;5;203 769 778;1;1;4;1;2002.0;0;0;-1;-1;28;2;2023;06:30;5;33;33281;2;3;1;1;44.82696;-0.66417;4;2;2;0;1;1; -1;1;0;1;30;Blessé léger;1
202300034314;155 619 744;A01;7;0;2;1;15;1;203 769 784;1;1;1;1;2003.0;1;1;-1;-1;28;2;2023;06:30;5;33;33281;2;3;1;1;44.82696;-0.66417;4;2;3;2;1;1; -1;1;0;1;50;Indemne;1
202300034314;155 619 744;A01;7;0;2;1;15;1;203 769 784;1;1;1;1;2003.0;1;1;-1;-1;28;2;2023;06:30;5;33;33281;2;3;1;1;44.82696;-0.66417;4;2;2;0;1;1; -1;1;0;1;30;Indemne;1
202300034321;155 619 726;A01;1;6;0;1;0;5;203 769 762;1;1;3;1;2000.0;5;8;-1;-1;25;6;2023;15:00;1;974;97415;1;6;1;6;-21.087904;55.237541;2;2;2;1;2;1; -1;1;0;4;-1;Blessé hospitalisé;6
202300034327;155 619 716;B01;1;0;2;0;0;5;203 769 750;2;2;4;1;2009.0;5;8;0;-1;18;5;2023;21:10;1;61;61001;2;1;1;3;48.411841;0.095846;4;2;2;0;1;2; -1;1;0;1;30;Blessé léger;3
202300034327;155 619 716;B01;1;0;2;0;0;5;203 769 752;1;1;3;1;2011.0;5;8;0;-1;18;5;2023;21:10;1;61;61001;2;1;1;3;48.411841;0.095846;4;2;2;0;1;2; -1;1;0;1;30;Blessé hospitalisé;3
202300034327;155 619 718;A01;7;0;2;3;13;1;203 769 753;1;1;1;1;2000.0;5;1;-1;-1;18;5;2023;21:10;1;61;61001;2;1;1;3;48.411841;0.095846;4;2;2;0;1;2; -1;1;0;1;30;Indemne;3
202300034332;155 619 709;A01;7;0;2;7;1;1;203 769 739;1;1;1;1;1945.0;5;1;0;-1;25;2;2023;11:35;1;19;19031;2;6;1;3;45.16726;1.54247;4;2;2;0;1;1; -1;1;0;1;50;Indemne;5
202300034332;155 619 709;A01;7;0;2;7;1;1;203 769 739;1;1;1;1;1945.0;5;1;0;-1;25;2;2023;11:35;1;19;19031;2;6;1;3;45.16726;1.54247;4;2;2;0;1;1; -1;1;0;1;50;Indemne;5
202300034332;155 619 712;B01;1;0;2;8;1;5;203 769 743;1;1;3;2;1978.0;3;8;0;-1;25;2;2023;11:35;1;19;19031;2;6;1;3;45.16726;1.54247;4;2;2;0;1;1; -1;1;0;1;50;Blessé hospitalisé;5
202300034332;155 619 712;B01;1;0;2;8;1;5;203 769 743;1;1;3;2;1978.0;3;8;0;-1;25;2;2023;11:35;1;19;19031;2;6;1;3;45.16726;1.54247;4;2;2;0;1;1; -1;1;0;1;50;Blessé hospitalisé;5
202300034333;155 619 705;A01;1;0;2;0;1;5;203 769 734;1;1;1;1;2006.0;4;8;0;-1;12;4;2023;17:50;1;92;92035;2;7;1;6;48.90556373;2.23967671;4;3;2;1;1;1; -1;1;0;5;-1;Indemne;2
202300034333;155 619 707;Y01;60;0;2;3;19;5;203 769 737;1;1;4;2;1949.0;0;0;-1;-1;12;4;2023;17:50;1;92;92035;2;7;1;6;48.90556373;2.23967671;4;3;2;1;1;1; -1;1;0;5;-1;Blessé léger;2
202300034349;155 619 680;A01;7;0;9;8;13;0;203 769 704;1;1;1;1;1979.0;0;1;-1;-1;25;6;2023;09:45;1;66;66112;1;1;1;1;42.58099;2.736438;3;2;2;0;2;3;4;1;2;1;80;Indemne;6
202300034349;155 619 683;B01;1;0;2;0;1;5;203 769 708;1;1;3;1;1965.0;5;2;6;-1;25;6;2023;09:45;1;66;66112;1;1;1;1;42.58099;2.736438;3;2;2;0;2;3;4;1;2;1;80;Blessé hospitalisé;6
202300034366;155 619 653;A01;7;0;2;0;1;1;203 769 672;1;1;1;2;1985.0;0;1;0;-1;17;5;2023;16:45;1;49;49007;2;1;1;3;47.48258;-0.52144;4;2;4;0;1;1; -1;1;0;1;50;Indemne;2
202300034366;155 619 656;B01;1;0;2;0;0;5;203 769 676;1;1;4;2;1956.0;0;8;0;-1;17;5;2023;16:45;1;49;49007;2;1;1;3;47.48258;-0.52144;4;2;4;0;1;1; -1;1;0;1;50;Blessé léger;2
202300034381;155 619 629;A01;7;0;2;8;22;1;203 769 642;1;1;1;1;1973.0;9;1;0;-1;1;3;2023;19:01;5;75;75116;2;1;1;3;48.846706;2.27303;4;2;4;0;1;1; -1;1;0;1;30;Indemne;2
202300034381;155 619 632;B01;1;0;2;2;1;5;203 769 645;1;1;4;2;1982.0;1;8;4;-1;1;3;2023;19:01;5;75;75116;2;1;1;3;48.846706;2.27303;4;2;4;0;1;1; -1;1;0;1;30;Blessé léger;2
202300034382;155 619 630;B01;1;0;2;1;19;5;203 769 643;1;1;3;1;2009.0;5;2;-1;-1;12;4;2023;15:25;1;33;33507;1;2;1;3;44.393818;-0.196788;3;2;2;0;1;1;4;1;5;1;80;Blessé hospitalisé;2
202300034382;155 619 630;B01;1;0;2;1;19;5;203 769 643;1;1;3;1;2009.0;5;2;-1;-1;12;4;2023;15:25;1;33;33507;1;2;1;3;44.393818;-0.196788;3;2;2;0;1;1;4;1;5;1;80;Blessé hospitalisé;2
202300034382;155 619 635;A01;7;0;9;2;1;1;203 769 649;1;1;1;1;1987.0;5;1;-1;-1;12;4;2023;15:25;1;33;33507;1;2;1;3;44.393818;-0.196788;3;2;2;0;1;1;4;1;5;1;80;Indemne;2
202300034382;155 619 635;A01;7;0;9;2;1;1;203 769 649;1;1;1;1;1987.0;5;1;-1;-1;12;4;2023;15:25;1;33;33507;1;2;1;3;44.393818;-0.196788;3;2;2;0;1;1;4;1;5;1;80;Indemne;2
202300034395;155 619 606;A01;1;0;1;1;1;5;203 769 605;1;1;4;2;1962.0;1;8;0;-1;1;3;2023;08:50;1;75;75115;2;2;1;6;48.835125;2.289045;4;1; -1;-1;1;1; -1;1;-1;5;-1;Blessé léger;2
202300034395;155 619 606;A01;1;0;1;1;1;5;203 769 605;1;1;4;2;1962.0;1;8;0;-1;1;3;2023;08:50;1;75;75115;2;2;1;6;48.835125;2.289045;4;1;2;1;2;1; -1;1;-1;5;30;Blessé léger;2
202300034395;155 619 606;A01;1;0;1;1;1;5;203 769 607;10;3;1;1;1989.0;1;0;-1;-1;1;3;2023;08:50;1;75;75115;2;2;1;6;48.835125;2.289045;4;1; -1;-1;1;1; -1;1;-1;5;-1;Indemne;2
202300034395;155 619 606;A01;1;0;1;1;1;5;203 769 607;10;3;1;1;1989.0;1;0;-1;-1;1;3;2023;08:50;1;75;75115;2;2;1;6;48.835125;2.289045;4;1;2;1;2;1; -1;1;-1;5;30;Indemne;2
202300034455;155 619 510;A01;80;0;1;1;1;3;203 769 477;10;3;4;1;1961.0;5;8;8;-1;6;9;2023;09:45;1;75;75109;2;3;1;6;48.877298;2.339391;4;1; -1;-1;2;1; -1;1;0;1;30;Blessé léger;2
202300034455;155 619 510;A01;80;0;1;1;1;3;203 769 477;10;3;4;1;1961.0;5;8;8;-1;6;9;2023;09:45;1;75;75109;2;3;1;6;48.877298;2.339391;4;2;2;1;2;1; -1;1;0;1;30;Blessé léger;2
202300034455;155 619 510;A01;80;0;1;1;1;3;203 769 479;1;1;1;2;1998.0;1;8;0;-1;6;9;2023;09:45;1;75;75109;2;3;1;6;48.877298;2.339391;4;1; -1;-1;2;1; -1;1;0;1;30;Indemne;2
202300034455;155 619 510;A01;80;0;1;1;1;3;203 769 479;1;1;1;2;1998.0;1;8;0;-1;6;9;2023;09:45;1;75;75109;2;3;1;6;48.877298;2.339391;4;2;2;1;2;1; -1;1;0;1;30;Indemne;2
202300034465;155 619 486;B01;1;0;2;7;1;5;203 769 447;1;1;4;1;1979.0;1;8;0;-1;13;12;2023;21:10;5;62;62160;2;6;2;3;50.71435951;1.6070559;3;2;2;0;1;1;5;2;0;1;50;Blessé léger;2
202300034465;155 619 486;B01;1;0;2;7;1;5;203 769 447;1;1;4;1;1979.0;1;8;0;-1;13;12;2023;21:10;5;62;62160;2;6;2;3;50.71435951;1.6070559;3;2;2;0;1;1;5;2;0;1;50;Blessé léger;2
202300034465;155 619 490;A01;7;0;2;1;9;1;203 769 451;1;1;1;1;2004.0;5;8;0;-1;13;12;2023;21:10;5;62;62160;2;6;2;3;50.71435951;1.6070559;3;2;2;0;1;1;5;2;0;1;50;Indemne;2
202300034465;155 619 490;A01;7;0;2;1;9;1;203 769 451;1;1;1;1;2004.0;5;8;0;-1;13;12;2023;21:10;5;62;62160;2;6;2;3;50.71435951;1.6070559;3;2;2;0;1;1;5;2;0;1;50;Indemne;2
202300034473;155 619 473;A01;7;0;2;2;15;3;203 769 429;1;1;1;2;1963.0;1;1;0;-1;13;12;2023;11:30;1;59;59350;2;4;3;1;50.63488;3.04755;4;1;1;2;1;1; -1;2;0;1;30;Indemne;2
202300034473;155 619 473;A01;7;0;2;2;15;3;203 769 429;1;1;1;2;1963.0;1;1;0;-1;13;12;2023;11:30;1;59;59350;2;4;3;1;50.63488;3.04755;4;2;3;1;1;1; -1;2;0;1;50;Indemne;2
202300034473;155 619 476;B01;1;0;2;1;1;5;203 769 433;1;1;4;1;1979.0;3;8;0;-1;13;12;2023;11:30;1;59;59350;2;4;3;1;50.63488;3.04755;4;1;1;2;1;1; -1;2;0;1;30;Blessé léger;2
202300034473;155 619 476;B01;1;0;2;1;1;5;203 769 433;1;1;4;1;1979.0;3;8;0;-1;13;12;2023;11:30;1;59;59350;2;4;3;1;50.63488;3.04755;4;2;3;1;1;1; -1;2;0;1;50;Blessé léger;2
202300034486;155 619 451;B01;1;0;2;8;19;5;203 769 400;1;1;4;1;2011.0;5;2;0;-1;7;12;2023;17:25;2;49;49099;2;6;2;6;47.07266;-0.89885;3;3;0;0;2;1;0;2;0;1;70;Blessé léger;3
202300034486;155 619 451;B01;1;0;2;8;19;5;203 769 400;1;1;4;1;2011.0;5;2;0;-1;7;12;2023;17:25;2;49;49099;2;6;2;6;47.07266;-0.89885;3;3;0;0;1;1;0;2;0;1;50;Blessé léger;3
202300034486;155 619 452;A01;10;0;2;1;16;1;203 769 402;1;1;1;1;2001.0;1;1;0;-1;7;12;2023;17:25;2;49;49099;2;6;2;6;47.07266;-0.89885;3;3;0;0;2;1;0;2;0;1;70;Indemne;3
202300034486;155 619 452;A01;10;0;2;1;16;1;203 769 402;1;1;1;1;2001.0;1;1;0;-1;7;12;2023;17:25;2;49;49099;2;6;2;6;47.07266;-0.89885;3;3;0;0;1;1;0;2;0;1;50;Indemne;3
202300034526;155 619 379;B01;1;0;2;8;2;5;203 769 314;1;1;3;2;1966.0;1;8;-1;-1;4;9;2023;07:40;2;51;51352;1;1;1;3;48.722651;4.631639;3;2;2;0;1;1;4;1;0;1;-1;Blessé hospitalisé;0
202300034526;155 619 380;A01;7;0;9;2;1;1;203 769 315;1;1;1;2;1987.0;1;1;-1;-1;4;9;2023;07:40;2;51;51352;1;1;1;3;48.722651;4.631639;3;2;2;0;1;1;4;1;0;1;-1;Indemne;0
202300034532;155 619 370;A01;1;0;2;1;13;5;203 769 299;1;1;3;1;1993.0;5;2;-1;-1;7;9;2023;11:10;1;05;05161;1;1;1;1;44.96144368;6.58739483;3;2;2;0;2;3;4;1;0;1;80;Blessé hospitalisé;3
202300034532;155 619 371;B01;7;0;2;1;1;1;203 769 301;1;1;1;2;1954.0;5;1;-1;-1;7;9;2023;11:10;1;05;05161;1;1;1;1;44.96144368;6.58739483;3;2;2;0;2;3;4;1;0;1;80;Indemne;3
202300034555;155 619 328;A01;1;0;2;1;1;5;203 769 247;1;1;4;1;1991.0;9;8;0;-1;13;12;2023;19:40;5;75;75111;2;2;2;1;48.855752;2.391328;4;2;2;0;1;1; -1;2;0;1;30;Blessé léger;2
202300034555;155 619 328;A01;1;0;2;1;1;5;203 769 247;1;1;4;1;1991.0;9;8;0;-1;13;12;2023;19:40;5;75;75111;2;2;2;1;48.855752;2.391328;4;2;2;0;1;1; -1;2;0;1;30;Blessé léger;2
202300034555;155 619 329;B01;10;0;2;3;15;1;203 769 248;1;1;1;1;1995.0;4;8;0;-1;13;12;2023;19:40;5;75;75111;2;2;2;1;48.855752;2.391328;4;2;2;0;1;1; -1;2;0;1;30;Indemne;2
202300034555;155 619 329;B01;10;0;2;3;15;1;203 769 248;1;1;1;1;1995.0;4;8;0;-1;13;12;2023;19:40;5;75;75111;2;2;2;1;48.855752;2.391328;4;2;2;0;1;1; -1;2;0;1;30;Indemne;2
202300034557;155 619 324;A01;1;0;1;8;1;5;203 769 243;10;3;4;2;1958.0;5;8;8;-1;13;12;2023;13:40;1;75;75111;2;1;2;6;48.8549;2.37302;4;1;1;0;1;1; -1;2;0;1;30;Blessé léger;2
202300034560;155 619 318;A01;7;0;9;2;2;1;203 769 236;1;1;1;1;1996.0;5;1;-1;-1;7;9;2023;16:20;1;55;55568;1;1;1;3;48.711849;5.061663;3;2;2;0;1;1;5,5;1;0;1;90;Indemne;3
202300034560;155 619 319;B01;1;0;2;8;1;5;203 769 237;1;1;4;1;1987.0;5;2;-1;-1;7;9;2023;16:20;1;55;55568;1;1;1;3;48.711849;5.061663;3;2;2;0;1;1;5,5;1;0;1;90;Blessé léger;3
202300034572;155 619 300;A01;1;0;5;8;1;5;203 769 210;1;1;4;1;1947.0;5;2;9;-1;2;9;2023;15:00;1;01;01272;1;1;1;6;46.138274;5.036244;4;2;2;0;1;2; -1;1;0;1;80;Blessé léger;5
202300034582;155 619 285;A01;14;0;2;0;2;1;203 769 187;1;1;1;1;1998.0;4;1;8;-1;13;12;2023;10:20;1;92;92009;2;1;1;3;48.92652976;2.2724703;3;2;2;0;1;1; -1;1;0;1;50;Indemne;2
202300034582;155 619 287;B01;1;0;2;0;2;5;203 769 189;1;1;3;1;1951.0;5;2;0;-1;13;12;2023;10:20;1;92;92009;2;1;1;3;48.92652976;2.2724703;3;2;2;0;1;1; -1;1;0;1;50;Blessé hospitalisé;2
202300034626;155 619 212;A01;1;0;1;1;25;5;203 769 075;10;3;3;2;1961.0;5;0;-1;-1;6;9;2023;14:45;1;17;17283;2;1;1;6;45.579222;-0.544505;4;1;1;0;1;1; -1;1;6;4;30;Blessé hospitalisé;2
202300034633;155 619 199;A01;7;0;0;2;1;1;203 769 056;1;1;1;2;1996.0;1;1;-1;-1;7;9;2023;08:35;1;22;22136;2;1;1;2;48.187978;-2.756254;4;2;2;1;1;1; -1;1;9;5;30;Indemne;3
202300034633;155 619 200;B01;1;0;0;4;1;5;203 769 058;1;1;3;1;1970.0;0;0;-1;-1;7;9;2023;08:35;1;22;22136;2;1;1;2;48.187978;-2.756254;4;2;2;1;1;1; -1;1;9;5;30;Blessé hospitalisé;3
202300034661;155 619 144;A01;7;0;2;0;9;1;203 768 996;1;1;1;2;1955.0;0;1;0;-1;4;9;2023;19:50;1;54;54257;2;1;7;2;48.65103791;6.20799422;4;2;2;0;1;1; -1;1;0;1;50;Indemne;0
202300034661;155 619 146;B01;1;0;2;0;1;5;203 768 998;1;1;4;1;1992.0;0;2;0;-1;4;9;2023;19:50;1;54;54257;2;1;7;2;48.65103791;6.20799422;4;2;2;0;1;1; -1;1;0;1;50;Blessé léger;0
202300034672;155 619 122;A01;7;0;9;1;2;1;203 768 968;1;1;1;2;2004.0;1;1;0;-1;5;9;2023;07:10;1;974;97416;2;6;7;1;-21.325277;55.48628;2;2;2;0;1;1; -1;1;5;5;50;Indemne;1
202300034672;155 619 122;A01;7;0;9;1;2;1;203 768 968;1;1;1;2;2004.0;1;1;0;-1;5;9;2023;07:10;1;974;97416;2;6;7;1;-21.325277;55.48628;2;1;4;1;1;1; -1;1;0;5;50;Indemne;1
202300034672;155 619 123;B01;80;0;9;0;0;3;203 768 969;1;1;4;2;1987.0;9;2;0;-1;5;9;2023;07:10;1;974;97416;2;6;7;1;-21.325277;55.48628;2;2;2;0;1;1; -1;1;5;5;50;Blessé léger;1
202300034672;155 619 123;B01;80;0;9;0;0;3;203 768 969;1;1;4;2;1987.0;9;2;0;-1;5;9;2023;07:10;1;974;97416;2;6;7;1;-21.325277;55.48628;2;1;4;1;1;1; -1;1;0;5;50;Blessé léger;1
202300034676;155 619 114;A01;7;0;2;6;1;1;203 768 959;1;1;1;1;1964.0;5;1;-1;-1;5;9;2023;22:20;5;69;69383;2;2;1;3;45.75279;4.85209;4;1;1;2;1;1; -1;1;0;1;30;Indemne;1
202300034676;155 619 114;A01;7;0;2;6;1;1;203 768 959;1;1;1;1;1964.0;5;1;-1;-1;5;9;2023;22:20;5;69;69383;2;2;1;3;45.75279;4.85209;4;1;1;3;1;1; -1;1;0;1;50;Indemne;1
202300034676;155 619 115;B01;1;0;2;1;1;5;203 768 960;1;1;4;1;1994.0;5;8;-1;-1;5;9;2023;22:20;5;69;69383;2;2;1;3;45.75279;4.85209;4;1;1;2;1;1; -1;1;0;1;30;Blessé léger;1
202300034676;155 619 115;B01;1;0;2;1;1;5;203 768 960;1;1;4;1;1994.0;5;8;-1;-1;5;9;2023;22:20;5;69;69383;2;2;1;3;45.75279;4.85209;4;1;1;3;1;1; -1;1;0;1;50;Blessé léger;1
202300034687;155 619 099;A01;7;0;9;1;9;1;203 768 939;1;1;1;2;1956.0;5;1;8;-1;5;9;2023;08:00;1;95;95280;2;6;1;3;49.02288;2.45772;4;1;2;0;1;3; -1;1;0;1;50;Indemne;1
202300034687;155 619 099;A01;7;0;9;1;9;1;203 768 939;1;1;1;2;1956.0;5;1;8;-1;5;9;2023;08:00;1;95;95280;2;6;1;3;49.02288;2.45772;4;2;2;0;1;1; -1;1;0;1;50;Indemne;1
202300034687;155 619 100;B01;1;0;2;7;1;5;203 768 942;1;1;4;1;1999.0;1;2;0;-1;5;9;2023;08:00;1;95;95280;2;6;1;3;49.02288;2.45772;4;1;2;0;1;3; -1;1;0;1;50;Blessé léger;1
202300034687;155 619 100;B01;1;0;2;7;1;5;203 768 942;1;1;4;1;1999.0;1;2;0;-1;5;9;2023;08:00;1;95;95280;2;6;1;3;49.02288;2.45772;4;2;2;0;1;1; -1;1;0;1;50;Blessé léger;1
202300034693;155 619 088;A01;80;0;1;1;1;3;203 768 925;10;3;4;1;1939.0;0;0;-1;-1;4;9;2023;17:35;1;88;88383;2;1;7;6;48.01312109;6.59442008;4;2;2;0;1;1; -1;1;0;1;50;Blessé léger;0
202300034693;155 619 088;A01;80;0;1;1;1;3;203 768 926;1;1;4;2;1956.0;5;2;8;-1;4;9;2023;17:35;1;88;88383;2;1;7;6;48.01312109;6.59442008;4;2;2;0;1;1; -1;1;0;1;50;Blessé léger;0
202300034695;155 619 085;B01;80;14;2;1;1;3;203 768 920;1;1;3;2;1948.0;5;8;0;-1;4;9;2023;12:00;1;85;85194;2;3;1;1;46.49761;-1.74136;4;2; -1;-1;1;1; -1;1;0;5;-1;Blessé hospitalisé;0
202300034695;155 619 085;B01;80;14;2;1;1;3;203 768 920;1;1;3;2;1948.0;5;8;0;-1;4;9;2023;12:00;1;85;85194;2;3;1;1;46.49761;-1.74136;4;2;2;1;2;2; -1;1;-1;5;20;Blessé hospitalisé;0
202300034695;155 619 086;A01;1;14;2;1;1;5;203 768 921;1;1;1;1;2009.0;5;2;0;-1;4;9;2023;12:00;1;85;85194;2;3;1;1;46.49761;-1.74136;4;2; -1;-1;1;1; -1;1;0;5;-1;Indemne;0
202300034695;155 619 086;A01;1;14;2;1;1;5;203 768 921;1;1;1;1;2009.0;5;2;0;-1;4;9;2023;12:00;1;85;85194;2;3;1;1;46.49761;-1.74136;4;2;2;1;2;2; -1;1;-1;5;20;Indemne;0
202300034767;155 618 947;B01;1;1;0;1;1;5;203 768 742;1;1;4;2;1994.0;0;8;-1;-1;5;9;2023;20:00;2;35;35238;2;1;1;2;48.10598642;-1.66653425;4;2;2;2;1;1; -1;1;0;5;50;Blessé léger;1
202300034767;155 618 948;A01;7;0;2;8;24;1;203 768 743;1;1;1;1;1974.0;0;8;-1;-1;5;9;2023;20:00;2;35;35238;2;1;1;2;48.10598642;-1.66653425;4;2;2;2;1;1; -1;1;0;5;50;Indemne;1
202300034780;155 618 926;B01;1;0;2;8;1;5;203 768 717;1;1;4;1;2008.0;0;-1;0;-1;5;9;2023;18:10;1;27;27681;2;2;7;1;49.0801;1.48654;6;-1;0;0;1;1; -1;1;0;1;50;Blessé léger;1
202300034780;155 618 926;B01;1;0;2;8;1;5;203 768 717;1;1;4;1;2008.0;0;-1;0;-1;5;9;2023;18:10;1;27;27681;2;2;7;1;49.0801;1.48654;6;-1;0;0;2;1; -1;1;0;1;50;Blessé léger;1
202300034780;155 618 927;A01;7;0;2;1;1;1;203 768 718;1;1;1;2;1939.0;3;1;0;-1;5;9;2023;18:10;1;27;27681;2;2;7;1;49.0801;1.48654;6;-1;0;0;1;1; -1;1;0;1;50;Indemne;1
202300034780;155 618 927;A01;7;0;2;1;1;1;203 768 718;1;1;1;2;1939.0;3;1;0;-1;5;9;2023;18:10;1;27;27681;2;2;7;1;49.0801;1.48654;6;-1;0;0;2;1; -1;1;0;1;50;Indemne;1
202300034786;155 618 918;B01;1;0;2;1;2;5;203 768 706;1;1;4;2;1951.0;5;2;0;-1;5;9;2023;18:00;1;17;17415;2;3;1;3;45.742376;-0.626195;4;2;2;0;1;1; -1;1;0;1;50;Blessé léger;1
202300034786;155 618 918;B01;1;0;2;1;2;5;203 768 706;1;1;4;2;1951.0;5;2;0;-1;5;9;2023;18:00;1;17;17415;2;3;1;3;45.742376;-0.626195;4;3;2;0;1;1; -1;1;0;1;50;Blessé léger;1
202300034786;155 618 919;A01;7;0;2;5;16;1;203 768 707;1;1;1;2;1946.0;5;1;8;-1;5;9;2023;18:00;1;17;17415;2;3;1;3;45.742376;-0.626195;4;2;2;0;1;1; -1;1;0;1;50;Indemne;1
202300034786;155 618 919;A01;7;0;2;5;16;1;203 768 707;1;1;1;2;1946.0;5;1;8;-1;5;9;2023;18:00;1;17;17415;2;3;1;3;45.742376;-0.626195;4;3;2;0;1;1; -1;1;0;1;50;Indemne;1
202300034790;155 618 911;A01;7;0;9;2;9;1;203 768 696;1;1;1;1;1995.0;0;1;0;-1;5;9;2023;13:10;1;13;13075;2;9;1;3;43.34325;5.46753;4;2;2;1;2;1;7;1;0;5;50;Indemne;1
202300034790;155 618 911;A01;7;0;9;2;9;1;203 768 697;2;2;1;2;1991.0;0;1;0;-1;5;9;2023;13:10;1;13;13075;2;9;1;3;43.34325;5.46753;4;2;2;1;2;1;7;1;0;5;50;Indemne;1
202300034790;155 618 913;B01;1;0;2;3;1;5;203 768 699;1;1;4;2;1985.0;5;8;0;-1;5;9;2023;13:10;1;13;13075;2;9;1;3;43.34325;5.46753;4;2;2;1;2;1;7;1;0;5;50;Blessé léger;1
202300034806;155 618 882;A01;37;0;2;1;1;6;203 768 650;1;1;1;1;1976.0;4;1;0;-1;5;9;2023;17:45;1;75;75118;2;3;1;3;48.89202;2.359882;4;-1; -1;-1;1;1; -1;1;0;1;30;Indemne;1
202300034806;155 618 882;A01;37;0;2;1;1;6;203 768 650;1;1;1;1;1976.0;4;1;0;-1;5;9;2023;17:45;1;75;75118;2;3;1;3;48.89202;2.359882;4;-1;2;0;1;1; -1;1;0;1;30;Indemne;1
202300034806;155 618 882;A01;37;0;2;1;1;6;203 768 651;8;2;4;1;1942.0;5;8;0;-1;5;9;2023;17:45;1;75;75118;2;3;1;3;48.89202;2.359882;4;-1; -1;-1;1;1; -1;1;0;1;30;Blessé léger;1