Num_Acc;id_vehicule;num_veh;catv;obs;obsm;choc;manv;motor;id_usager;place;catu;grav;sexe;an_nais;trajet;secu1;secu2;secu3;jour;mois;an;hrmn;lum;dep;com;agg;int;atm;col;lat;long;catr;circ;nbv;vosp;prof;plan;larrout;surf;infra;situ;vma;gravity;day_of_week
202300034806;155 618 882;A01;37;0;2;1;1;6;203 768 651;8;2;4;1;1942.0;5;8;0;-1;5;9;2023;17:45;1;75;75118;2;3;1;3;48.89202;2.359882;4;-1;2;0;1;1; -1;1;0;1;30;Blessé léger;1
202300034806;155 618 884;B01;1;0;2;7;14;5;203 768 654;1;1;1;1;2000.0;5;8;0;-1;5;9;2023;17:45;1;75;75118;2;3;1;3;48.89202;2.359882;4;-1; -1;-1;1;1; -1;1;0;1;30;Indemne;1
202300034806;155 618 884;B01;1;0;2;7;14;5;203 768 654;1;1;1;1;2000.0;5;8;0;-1;5;9;2023;17:45;1;75;75118;2;3;1;3;48.89202;2.359882;4;-1;2;0;1;1; -1;1;0;1;30;Indemne;1
202300034818;155 618 864;A01;7;0;2;2;9;3;203 768 619;1;1;1;1;2000.0;1;1;8;-1;12;12;2023;17:35;5;64;64445;1;6;2;3;43.32348659;-0.32586694;4;2;2;0;1;2; -1;2;0;1;50;Indemne;1
202300034818;155 618 864;A01;7;0;2;2;9;3;203 768 619;1;1;1;1;2000.0;1;1;8;-1;12;12;2023;17:35;5;64;64445;1;6;2;3;43.32348659;-0.32586694;4;2;0;0;1;2; -1;2;0;1;50;Indemne;1
202300034818;155 618 865;B01;80;0;2;3;1;3;203 768 620;1;1;4;2;1982.0;1;2;4;-1;12;12;2023;17:35;5;64;64445;1;6;2;3;43.32348659;-0.32586694;4;2;2;0;1;2; -1;2;0;1;50;Blessé léger;1
202300034818;155 618 865;B01;80;0;2;3;1;3;203 768 620;1;1;4;2;1982.0;1;2;4;-1;12;12;2023;17:35;5;64;64445;1;6;2;3;43.32348659;-0.32586694;4;2;0;0;1;2; -1;2;0;1;50;Blessé léger;1
202300034822;155 618 859;A01;1;16;0;0;1;5;203 768 612;1;1;3;1;1957.0;5;2;0;-1;10;10;2023;11:00;1;64;64024;1;9;1;7;43.52754;-1.5184;5;-1;0;1;1;1; -1;1;0;3;-1;Blessé hospitalisé;1
202300034828;155 618 850;B01;1;0;2;0;1;5;203 768 600;1;1;3;1;1975.0;1;0;0;-1;12;12;2023;19:25;5;59;59163;2;3;2;7;50.67819;3.15511;4;2;2;2;1;1; -1;2;6;6;50;Blessé hospitalisé;1
202300034828;155 618 850;B01;1;0;2;0;1;5;203 768 600;1;1;3;1;1975.0;1;0;0;-1;12;12;2023;19:25;5;59;59163;2;3;2;7;50.67819;3.15511;4;2;2;1;1;1; -1;2;6;5;30;Blessé hospitalisé;1
202300034828;155 618 851;A01;7;0;2;0;15;1;203 768 601;1;1;1;2;1965.0;0;0;-1;-1;12;12;2023;19:25;5;59;59163;2;3;2;7;50.67819;3.15511;4;2;2;2;1;1; -1;2;6;6;50;Indemne;1
202300034828;155 618 851;A01;7;0;2;0;15;1;203 768 601;1;1;1;2;1965.0;0;0;-1;-1;12;12;2023;19:25;5;59;59163;2;3;2;7;50.67819;3.15511;4;2;2;1;1;1; -1;2;6;5;30;Indemne;1
202300034832;155 618 845;A01;7;1;0;7;17;1;203 768 591;1;1;1;2;1956.0;0;8;0;-1;12;12;2023;14:05;1;57;57463;2;1;8;3;49.09316;6.22265;4;2;3;0;2;1; -1;2;0;1;50;Indemne;1
202300034832;155 618 845;A01;7;1;0;7;17;1;203 768 592;2;2;1;2;1967.0;0;8;0;-1;12;12;2023;14:05;1;57;57463;2;1;8;3;49.09316;6.22265;4;2;3;0;2;1; -1;2;0;1;50;Indemne;1
202300034832;155 618 846;B01;1;1;0;8;18;5;203 768 593;1;1;4;1;1952.0;0;8;0;-1;12;12;2023;14:05;1;57;57463;2;1;8;3;49.09316;6.22265;4;2;3;0;2;1; -1;2;0;1;50;Blessé léger;1
202300034836;155 618 837;B01;80;0;2;3;1;3;203 768 581;1;1;4;1;1967.0;1;8;0;-1;12;12;2023;08:20;1;49;49007;2;6;1;1;47.46477;-0.54893;4;1;2;0;1;4; -1;2;0;1;50;Blessé léger;1
202300034836;155 618 837;B01;80;0;2;3;1;3;203 768 581;1;1;4;1;1967.0;1;8;0;-1;12;12;2023;08:20;1;49;49007;2;6;1;1;47.46477;-0.54893;4;2;3;1;1;1; -1;2;0;1;50;Blessé léger;1
202300034836;155 618 837;B01;80;0;2;3;1;3;203 768 581;1;1;4;1;1967.0;1;8;0;-1;12;12;2023;08:20;1;49;49007;2;6;1;1;47.46477;-0.54893;4;1;3;0;1;1; -1;2;0;1;50;Blessé léger;1
202300034836;155 618 838;A01;7;0;2;2;5;1;203 768 582;1;1;1;2;2003.0;0;1;0;-1;12;12;2023;08:20;1;49;49007;2;6;1;1;47.46477;-0.54893;4;1;2;0;1;4; -1;2;0;1;50;Indemne;1
202300034836;155 618 838;A01;7;0;2;2;5;1;203 768 582;1;1;1;2;2003.0;0;1;0;-1;12;12;2023;08:20;1;49;49007;2;6;1;1;47.46477;-0.54893;4;2;3;1;1;1; -1;2;0;1;50;Indemne;1
202300034836;155 618 838;A01;7;0;2;2;5;1;203 768 582;1;1;1;2;2003.0;0;1;0;-1;12;12;2023;08:20;1;49;49007;2;6;1;1;47.46477;-0.54893;4;1;3;0;1;1; -1;2;0;1;50;Indemne;1
202300034842;155 618 826;B01;1;0;2;4;2;5;203 768 568;1;1;2;2;1961.0;5;2;4;-1;8;12;2023;17:45;3;36;36159;1;1;2;3;46.78304642;1.74619808;3;2;2;0;1;1;5,5;2;0;1;80;Tué;4
202300034842;155 618 827;A01;10;0;2;2;2;1;203 768 569;1;1;1;1;2003.0;1;1;8;-1;8;12;2023;17:45;3;36;36159;1;1;2;3;46.78304642;1.74619808;3;2;2;0;1;1;5,5;2;0;1;80;Indemne;4
202300034844;155 618 823;B01;1;0;2;4;1;5;203 768 565;1;1;4;1;2006.0;5;8;0;-1;11;12;2023;22:00;5;35;35115;2;1;2;2;48.355228;-1.20837;4;2;2;0;2;1; -1;2;0;5;30;Blessé léger;0
202300034857;155 618 798;B01;1;0;2;1;1;5;203 768 532;1;1;4;1;1994.0;1;8;0;-1;12;12;2023;19:45;5;25;25056;2;6;1;3;47.25209;5.99846;4;3;3;3;1;2; -1;2;0;1;30;Blessé léger;1
202300034857;155 618 798;B01;1;0;2;1;1;5;203 768 532;1;1;4;1;1994.0;1;8;0;-1;12;12;2023;19:45;5;25;25056;2;6;1;3;47.25209;5.99846;4;2;2;2;1;2; -1;2;0;1;30;Blessé léger;1
202300034857;155 618 799;A01;7;0;9;3;26;1;203 768 533;1;1;1;1;1998.0;2;8;0;-1;12;12;2023;19:45;5;25;25056;2;6;1;3;47.25209;5.99846;4;3;3;3;1;2; -1;2;0;1;30;Indemne;1
202300034857;155 618 799;A01;7;0;9;3;26;1;203 768 533;1;1;1;1;1998.0;2;8;0;-1;12;12;2023;19:45;5;25;25056;2;6;1;3;47.25209;5.99846;4;2;2;2;1;2; -1;2;0;1;30;Indemne;1
202300034863;155 618 786;B01;1;0;0;8;19;5;203 768 518;1;1;3;2;1958.0;0;2;-1;-1;6;10;2023;18:10;1;68;68218;2;6;1;3;47.73687615;7.28790897;3;2;1;1;1;1;3,5;1;0;1;50;Blessé hospitalisé;4
202300034863;155 618 786;B01;1;0;0;8;19;5;203 768 518;1;1;3;2;1958.0;0;2;-1;-1;6;10;2023;18:10;1;68;68218;2;6;1;3;47.73687615;7.28790897;3;2;1;0;1;1;3,5;1;0;1;50;Blessé hospitalisé;4
202300034863;155 618 787;A01;7;0;2;2;1;1;203 768 519;1;1;1;1;1949.0;0;1;-1;-1;6;10;2023;18:10;1;68;68218;2;6;1;3;47.73687615;7.28790897;3;2;1;1;1;1;3,5;1;0;1;50;Indemne;4
202300034863;155 618 787;A01;7;0;2;2;1;1;203 768 519;1;1;1;1;1949.0;0;1;-1;-1;6;10;2023;18:10;1;68;68218;2;6;1;3;47.73687615;7.28790897;3;2;1;0;1;1;3,5;1;0;1;50;Indemne;4
202300034895;155 618 735;A01;7;0;2;1;16;1;203 768 441;1;1;1;2;1970.0;0;8;-1;-1;5;10;2023;17:00;1;973;97309;2;3;1;3;4.922952;-52.28224;3;2;2;0;1;1; -1;1;0;2;50;Indemne;3
202300034895;155 618 735;A01;7;0;2;1;16;1;203 768 441;1;1;1;2;1970.0;0;8;-1;-1;5;10;2023;17:00;1;973;97309;2;3;1;3;4.922952;-52.28224;3;2;2;0;1;1; -1;1;0;1;50;Indemne;3
202300034895;155 618 736;B01;1;0;2;1;5;5;203 768 442;1;1;4;2;1962.0;0;0;8;-1;5;10;2023;17:00;1;973;97309;2;3;1;3;4.922952;-52.28224;3;2;2;0;1;1; -1;1;0;2;50;Blessé léger;3
202300034895;155 618 736;B01;1;0;2;1;5;5;203 768 442;1;1;4;2;1962.0;0;0;8;-1;5;10;2023;17:00;1;973;97309;2;3;1;3;4.922952;-52.28224;3;2;2;0;1;1; -1;1;0;1;50;Blessé léger;3
202300034920;155 618 685;A01;1;0;0;3;1;5;203 768 367;1;1;3;1;1946.0;0;0;-1;-1;1;10;2023;10:18;1;47;47157;2;2;7;3;44.501412;0.158945;3;2;2;0;1;1; -1;1;0;1;50;Blessé hospitalisé;6
202300034920;155 618 685;A01;1;0;0;3;1;5;203 768 367;1;1;3;1;1946.0;0;0;-1;-1;1;10;2023;10:18;1;47;47157;2;2;7;3;44.501412;0.158945;3;4;5;0;1;2; -1;1;0;1;50;Blessé hospitalisé;6
202300034920;155 618 686;B01;7;0;9;2;15;1;203 768 368;1;1;1;1;1989.0;0;8;-1;-1;1;10;2023;10:18;1;47;47157;2;2;7;3;44.501412;0.158945;3;2;2;0;1;1; -1;1;0;1;50;Indemne;6
202300034920;155 618 686;B01;7;0;9;2;15;1;203 768 368;1;1;1;1;1989.0;0;8;-1;-1;1;10;2023;10:18;1;47;47157;2;2;7;3;44.501412;0.158945;3;4;5;0;1;2; -1;1;0;1;50;Indemne;6
202300034946;155 618 629;A01;7;0;2;7;17;1;203 768 303;1;1;1;1;1977.0;0;1;-1;-1;6;10;2023;16:30;1;69;69388;2;1;1;3;45.73265662;4.85346131;4;2;2;2;1;1; -1;1;0;1;50;Indemne;4
202300034946;155 618 630;B01;1;0;2;8;1;0;203 768 304;1;1;3;2;1972.0;0;2;-1;-1;6;10;2023;16:30;1;69;69388;2;1;1;3;45.73265662;4.85346131;4;2;2;2;1;1; -1;1;0;1;50;Blessé hospitalisé;4
202300034947;155 618 626;B01;1;0;2;7;1;5;203 768 300;1;1;4;1;1989.0;1;8;-1;-1;6;10;2023;08:40;1;69;69388;2;2;1;5;45.74033;4.86769;4;1;1;3;1;1; -1;1;0;1;30;Blessé léger;4
202300034947;155 618 626;B01;1;0;2;7;1;5;203 768 300;1;1;4;1;1989.0;1;8;-1;-1;6;10;2023;08:40;1;69;69388;2;2;1;5;45.74033;4.86769;4;2;2;0;1;1; -1;1;0;1;30;Blessé léger;4
202300034947;155 618 627;C01;7;0;2;5;16;1;203 768 301;1;1;1;1;1971.0;0;1;-1;-1;6;10;2023;08:40;1;69;69388;2;2;1;5;45.74033;4.86769;4;1;1;3;1;1; -1;1;0;1;30;Indemne;4
202300034947;155 618 627;C01;7;0;2;5;16;1;203 768 301;1;1;1;1;1971.0;0;1;-1;-1;6;10;2023;08:40;1;69;69388;2;2;1;5;45.74033;4.86769;4;2;2;0;1;1; -1;1;0;1;30;Indemne;4
202300034947;155 618 628;A01;7;0;2;1;16;1;203 768 302;1;1;1;1;2003.0;2;1;-1;-1;6;10;2023;08:40;1;69;69388;2;2;1;5;45.74033;4.86769;4;1;1;3;1;1; -1;1;0;1;30;Indemne;4
202300034947;155 618 628;A01;7;0;2;1;16;1;203 768 302;1;1;1;1;2003.0;2;1;-1;-1;6;10;2023;08:40;1;69;69388;2;2;1;5;45.74033;4.86769;4;2;2;0;1;1; -1;1;0;1;30;Indemne;4
202300034962;155 618 597;C01;1;0;2;1;1;5;203 768 260;1;1;4;1;2004.0;0;8;8;-1;6;10;2023;14:20;1;78;78551;1;1;1;2;48.984453;2.11777;4;3;4;0;2;1; -1;1;0;1;50;Blessé léger;4
202300034962;155 618 598;B01;10;0;2;6;23;1;203 768 261;1;1;1;1;1988.0;4;1;0;-1;6;10;2023;14:20;1;78;78551;1;1;1;2;48.984453;2.11777;4;3;4;0;2;1; -1;1;0;1;50;Indemne;4
202300034969;155 618 581;A01;7;0;2;3;15;1;203 768 241;1;1;1;2;1998.0;0;8;8;-1;6;10;2023;09:05;1;72;72181;2;9;1;3;47.99234;0.2165;4;2;2;2;1;2; -1;1;0;1;50;Indemne;4
202300034969;155 618 582;B01;1;0;2;7;15;5;203 768 242;1;1;4;1;1963.0;0;8;0;-1;6;10;2023;09:05;1;72;72181;2;9;1;3;47.99234;0.2165;4;2;2;2;1;2; -1;1;0;1;50;Blessé léger;4
202300034976;155 618 567;B01;1;0;2;7;14;5;203 768 224;1;1;4;1;2012.0;2;2;4;-1;6;10;2023;07:58;1;64;64445;2;6;1;3;43.30265;-0.35206;4;-1;5;0;1;1; -1;1;0;1;50;Blessé léger;4
202300034976;155 618 567;B01;1;0;2;7;14;5;203 768 224;1;1;4;1;2012.0;2;2;4;-1;6;10;2023;07:58;1;64;64445;2;6;1;3;43.30265;-0.35206;4;-1;5;0;1;1; -1;1;0;1;50;Blessé léger;4
202300034976;155 618 568;A01;7;0;2;8;9;1;203 768 225;1;1;1;2;1968.0;0;1;8;-1;6;10;2023;07:58;1;64;64445;2;6;1;3;43.30265;-0.35206;4;-1;5;0;1;1; -1;1;0;1;50;Indemne;4
202300034976;155 618 568;A01;7;0;2;8;9;1;203 768 225;1;1;1;2;1968.0;0;1;8;-1;6;10;2023;07:58;1;64;64445;2;6;1;3;43.30265;-0.35206;4;-1;5;0;1;1; -1;1;0;1;50;Indemne;4
202300035021;155 618 489;A01;7;0;2;1;26;1;203 768 127;1;1;1;1;1987.0;0;1;0;-1;6;10;2023;17:52;1;44;44109;2;1;1;3;47.24195;-1.54001;4;2;0;0;1;1; -1;1;0;1;30;Indemne;4
202300035021;155 618 490;B01;1;0;0;0;0;5;203 768 128;1;1;4;1;2006.0;0;2;0;-1;6;10;2023;17:52;1;44;44109;2;1;1;3;47.24195;-1.54001;4;2;0;0;1;1; -1;1;0;1;30;Blessé léger;4
202300035042;155 618 454;B01;7;0;2;1;2;1;203 768 075;1;1;1;1;1991.0;4;1;-1;-1;12;1;2023;12:55;1;69;69388;2;3;1;3;45.73148374;4.87405658;4;3;3;3;1;1; -1;1;5;6;50;Indemne;3
202300035042;155 618 454;B01;7;0;2;1;2;1;203 768 075;1;1;1;1;1991.0;4;1;-1;-1;12;1;2023;12:55;1;69;69388;2;3;1;3;45.73148374;4.87405658;4;2;2;3;1;1; -1;1;5;6;50;Indemne;3
202300035042;155 618 455;A01;1;0;2;7;13;5;203 768 076;1;1;4;1;1952.0;9;8;-1;-1;12;1;2023;12:55;1;69;69388;2;3;1;3;45.73148374;4.87405658;4;3;3;3;1;1; -1;1;5;6;50;Blessé léger;3
202300035042;155 618 455;A01;1;0;2;7;13;5;203 768 076;1;1;4;1;1952.0;9;8;-1;-1;12;1;2023;12:55;1;69;69388;2;3;1;3;45.73148374;4.87405658;4;2;2;3;1;1; -1;1;5;6;50;Blessé léger;3
202300035046;155 618 445;A01;7;0;2;2;15;1;203 768 065;1;1;1;1;1970.0;5;1;8;-1;5;10;2023;17:25;1;23;23096;2;3;7;3;46.1803;1.884;4;2;2;0;2;1; -1;1;0;1;50;Indemne;3
202300035046;155 618 445;A01;7;0;2;2;15;1;203 768 065;1;1;1;1;1970.0;5;1;8;-1;5;10;2023;17:25;1;23;23096;2;3;7;3;46.1803;1.884;4;2;2;0;1;1; -1;1;0;8;50;Indemne;3
202300035046;155 618 446;B01;1;0;2;1;1;5;203 768 066;1;1;2;1;1957.0;5;2;8;-1;5;10;2023;17:25;1;23;23096;2;3;7;3;46.1803;1.884;4;2;2;0;2;1; -1;1;0;1;50;Tué;3
202300035046;155 618 446;B01;1;0;2;1;1;5;203 768 066;1;1;2;1;1957.0;5;2;8;-1;5;10;2023;17:25;1;23;23096;2;3;7;3;46.1803;1.884;4;2;2;0;1;1; -1;1;0;8;50;Tué;3
202300035059;155 618 426;A01;1;12;0;1;1;5;203 768 038;1;1;4;2;1971.0;0;0;0;0;5;10;2023;15:45;1;15;15014;2;1;1;6;44.91956;2.43901;4;2;4;0;1;1; -1;1;0;1;50;Blessé léger;3
202300035061;155 618 422;A01;1;0;2;8;17;5;203 768 034;1;1;3;1;1982.0;1;8;8;-1;5;10;2023;13:05;1;14;14366;2;1;1;3;49.14545;0.23557;4;3;2;0;2;1; -1;1;0;1;50;Blessé hospitalisé;3
202300035061;155 618 424;B01;7;0;2;8;1;1;203 768 036;1;1;1;1;1990.0;4;1;0;-1;5;10;2023;13:05;1;14;14366;2;1;1;3;49.14545;0.23557;4;3;2;0;2;1; -1;1;0;1;50;Indemne;3
202300035067;155 618 412;A01;7;0;2;1;19;1;203 768 020;1;1;1;2;1977.0;0;1;0;-1;7;1;2023;19:10;5;84;84007;2;4;1;3;43.93951;4.84232;4;2;2;0;1;1; -1;1;5;1;50;Indemne;5
202300035067;155 618 412;A01;7;0;2;1;19;1;203 768 020;1;1;1;2;1977.0;0;1;0;-1;7;1;2023;19:10;5;84;84007;2;4;1;3;43.93951;4.84232;4;2;2;1;1;1; -1;1;5;5;50;Indemne;5
202300035067;155 618 413;B01;1;0;2;7;1;5;203 768 021;1;1;3;1;1973.0;0;8;0;-1;7;1;2023;19:10;5;84;84007;2;4;1;3;43.93951;4.84232;4;2;2;0;1;1; -1;1;5;1;50;Blessé hospitalisé;5
202300035067;155 618 413;B01;1;0;2;7;1;5;203 768 021;1;1;3;1;1973.0;0;8;0;-1;7;1;2023;19:10;5;84;84007;2;4;1;3;43.93951;4.84232;4;2;2;1;1;1; -1;1;5;5;50;Blessé hospitalisé;5
202300035069;155 618 406;C01;1;0;2;8;2;5;203 768 012;1;1;4;1;1950.0;5;2;0;-1;13;1;2023;12:25;1;83;83009;2;1;1;4;43.14154788;5.7702671;3;2;4;0;1;1; -1;1;0;1;50;Blessé léger;4
202300035069;155 618 408;A01;10;0;2;7;14;1;203 768 015;2;2;1;1;1952.0;5;1;-1;-1;13;1;2023;12:25;1;83;83009;2;1;1;4;43.14154788;5.7702671;3;2;4;0;1;1; -1;1;0;1;50;Indemne;4
202300035069;155 618 408;A01;10;0;2;7;14;1;203 768 016;1;1;1;2;1955.0;5;1;-1;-1;13;1;2023;12:25;1;83;83009;2;1;1;4;43.14154788;5.7702671;3;2;4;0;1;1; -1;1;0;1;50;Indemne;4
202300035069;155 618 409;B01;1;0;2;8;2;5;203 768 017;1;1;3;1;1949.0;5;2;0;-1;13;1;2023;12:25;1;83;83009;2;1;1;4;43.14154788;5.7702671;3;2;4;0;1;1; -1;1;0;1;50;Blessé hospitalisé;4
202300035089;155 618 370;B01;37;0;2;4;23;3;203 767 968;1;1;1;1;1974.0;4;1;0;-1;5;10;2023;23:52;5;75;75105;2;2;1;2;48.85138118;2.34318084;4;1;3;3;1;1; -1;1;0;1;30;Indemne;3
202300035089;155 618 370;B01;37;0;2;4;23;3;203 767 968;1;1;1;1;1974.0;4;1;0;-1;5;10;2023;23:52;5;75;75105;2;2;1;2;48.85138118;2.34318084;4;1; -1;-1;1;1; -1;1;0;1;30;Indemne;3
202300035089;155 618 371;A01;1;0;2;1;12;5;203 767 969;1;1;3;1;1991.0;9;8;0;-1;5;10;2023;23:52;5;75;75105;2;2;1;2;48.85138118;2.34318084;4;1;3;3;1;1; -1;1;0;1;30;Blessé hospitalisé;3
202300035089;155 618 371;A01;1;0;2;1;12;5;203 767 969;1;1;3;1;1991.0;9;8;0;-1;5;10;2023;23:52;5;75;75105;2;2;1;2;48.85138118;2.34318084;4;1; -1;-1;1;1; -1;1;0;1;30;Blessé hospitalisé;3
202300035095;155 618 359;A01;1;0;2;8;1;5;203 767 955;1;1;4;2;2005.0;9;8;0;-1;6;10;2023;13:45;1;75;75113;2;2;1;3;48.82618;2.357259;4;2; -1;-1;1;1; -1;1;0;1;-1;Blessé léger;4
202300035095;155 618 359;A01;1;0;2;8;1;5;203 767 955;1;1;4;2;2005.0;9;8;0;-1;6;10;2023;13:45;1;75;75113;2;2;1;3;48.82618;2.357259;4;2;4;3;1;1; -1;1;0;1;20;Blessé léger;4
202300035095;155 618 360;B01;30;0;2;1;1;0;203 767 956;1;1;4;1;1989.0;9;2;8;-1;6;10;2023;13:45;1;75;75113;2;2;1;3;48.82618;2.357259;4;2; -1;-1;1;1; -1;1;0;1;-1;Blessé léger;4
202300035095;155 618 360;B01;30;0;2;1;1;0;203 767 956;1;1;4;1;1989.0;9;2;8;-1;6;10;2023;13:45;1;75;75113;2;2;1;3;48.82618;2.357259;4;2;4;3;1;1; -1;1;0;1;20;Blessé léger;4
202300035102;155 618 346;B01;80;0;2;8;1;3;203 767 940;1;1;4;2;2004.0;9;8;0;-1;6;10;2023;22:00;5;75;75110;2;1;1;3;48.87455;2.358749;4;1;1;0;2;1; -1;1;8;1;30;Blessé léger;4
202300035105;155 618 343;A01;80;0;2;4;1;3;203 767 936;1;1;4;2;2001.0;5;2;0;-1;6;10;2023;20:15;5;75;75110;2;2;1;2;48.873293;2.358743;4;1;1;3;1;1; -1;1;0;1;30;Blessé léger;4
202300035105;155 618 343;A01;80;0;2;4;1;3;203 767 936;1;1;4;2;2001.0;5;2;0;-1;6;10;2023;20:15;5;75;75110;2;2;1;2;48.873293;2.358743;4;1; -1;-1;1;1; -1;1;0;1;-1;Blessé léger;4
202300035107;155 618 341;A01;1;0;2;8;1;5;203 767 933;1;1;4;2;1985.0;1;8;0;-1;6;10;2023;15:05;1;75;75110;2;2;1;3;48.881492;2.370056;4;3;3;1;1;1; -1;1;0;1;30;Blessé léger;4
202300035107;155 618 341;A01;1;0;2;8;1;5;203 767 933;1;1;4;2;1985.0;1;8;0;-1;6;10;2023;15:05;1;75;75110;2;2;1;3;48.881492;2.370056;4;1;2;1;1;3; -1;1;0;1;30;Blessé léger;4
202300035117;155 618 325;B01;1;0;2;1;1;5;203 767 908;1;1;4;2;1970.0;5;8;0;-1;4;10;2023;15:05;1;75;75101;2;2;1;1;48.85852;2.348224;4;1;4;1;1;1; -1;1;0;5;30;Blessé léger;2
202300035117;155 618 325;B01;1;0;2;1;1;5;203 767 908;1;1;4;2;1970.0;5;8;0;-1;4;10;2023;15:05;1;75;75101;2;2;1;1;48.85852;2.348224;4;1;3;1;1;1; -1;1;0;5;30;Blessé léger;2
202300035117;155 618 326;A01;1;0;2;1;13;5;203 767 910;1;1;1;1;1984.0;9;2;8;-1;4;10;2023;15:05;1;75;75101;2;2;1;1;48.85852;2.348224;4;1;4;1;1;1; -1;1;0;5;30;Indemne;2
202300035117;155 618 326;A01;1;0;2;1;13;5;203 767 910;1;1;1;1;1984.0;9;2;8;-1;4;10;2023;15:05;1;75;75101;2;2;1;1;48.85852;2.348224;4;1;3;1;1;1; -1;1;0;5;30;Indemne;2
202300035123;155 618 314;A01;10;0;2;4;4;6;203 767 892;1;1;1;1;1999.0;4;1;8;-1;10;1;2023;12:46;1;40;40192;2;1;1;2;43.888918;-0.49959868;4;1;1;0;1;1; -1;1;0;1;30;Indemne;1
202300035123;155 618 315;B01;1;0;2;1;1;5;203 767 893;1;1;4;1;1976.0;5;2;8;-1;10;1;2023;12:46;1;40;40192;2;1;1;2;43.888918;-0.49959868;4;1;1;0;1;1; -1;1;0;1;30;Blessé léger;1
202300035148;155 618 259;A01;1;0;1;8;1;5;203 767 821;1;1;4;2;1967.0;9;8;0;-1;17;1;2023;08:36;1;75;75106;2;1;1;6;48.856033;2.332494;4;1;1;1;1;1; -1;1;-1;5;30;Blessé léger;1
202300035148;155 618 259;A01;1;0;1;8;1;5;203 767 822;10;3;1;1;2001.0;4;8;8;-1;17;1;2023;08:36;1;75;75106;2;1;1;6;48.856033;2.332494;4;1;1;1;1;1; -1;1;-1;5;30;Indemne;1
202300035159;155 618 245;A01;1;0;1;1;1;5;203 767 801;10;3;4;2;1966.0;9;0;-1;-1;16;1;2023;19:15;5;75;75114;2;7;2;6;48.822081;2.325438;4;1;3;3;1;1; -1;2;0;1;30;Blessé léger;0
202300035159;155 618 245;A01;1;0;1;1;1;5;203 767 801;10;3;4;2;1966.0;9;0;-1;-1;16;1;2023;19:15;5;75;75114;2;7;2;6;48.822081;2.325438;4;3;8;3;1;1; -1;2;0;1;30;Blessé léger;0
202300035159;155 618 245;A01;1;0;1;1;1;5;203 767 802;1;1;1;1;1997.0;1;8;0;-1;16;1;2023;19:15;5;75;75114;2;7;2;6;48.822081;2.325438;4;1;3;3;1;1; -1;2;0;1;30;Indemne;0
202300035159;155 618 245;A01;1;0;1;1;1;5;203 767 802;1;1;1;1;1997.0;1;8;0;-1;16;1;2023;19:15;5;75;75114;2;7;2;6;48.822081;2.325438;4;3;8;3;1;1; -1;2;0;1;30;Indemne;0
202300035160;155 618 244;A01;1;0;0;0;1;5;203 767 800;1;1;4;1;1994.0;9;8;0;-1;16;1;2023;17:54;2;75;75110;2;2;2;7;48.87633534;2.35598266;4;1;1;1;1;1; -1;2;-1;5;30;Blessé léger;0
202300035160;155 618 244;A01;1;0;0;0;1;5;203 767 800;1;1;4;1;1994.0;9;8;0;-1;16;1;2023;17:54;2;75;75110;2;2;2;7;48.87633534;2.35598266;4;1; -1;-1;1;1; -1;2;-1;5;-1;Blessé léger;0
202300035163;155 618 239;B01;32;0;2;2;15;1;203 767 792;1;1;1;1;1956.0;5;2;6;-1;17;1;2023;17:05;5;75;75103;2;3;8;3;48.857599;2.368034;4;2;5;3;1;1; -1;2;-1;6;30;Indemne;1
202300035163;155 618 239;B01;32;0;2;2;15;1;203 767 792;1;1;1;1;1956.0;5;2;6;-1;17;1;2023;17:05;5;75;75103;2;3;8;3;48.857599;2.368034;4;1;1;0;2;1; -1;2;-1;6;30;Indemne;1
202300035163;155 618 240;A01;1;0;2;8;7;5;203 767 793;1;1;4;1;1998.0;1;2;8;-1;17;1;2023;17:05;5;75;75103;2;3;8;3;48.857599;2.368034;4;2;5;3;1;1; -1;2;-1;6;30;Blessé léger;1
202300035163;155 618 240;A01;1;0;2;8;7;5;203 767 793;1;1;4;1;1998.0;1;2;8;-1;17;1;2023;17:05;5;75;75103;2;3;8;3;48.857599;2.368034;4;1;1;0;2;1; -1;2;-1;6;30;Blessé léger;1
202300035200;155 618 165;A01;7;0;2;1;1;1;203 767 698;1;1;1;1;1989.0;5;1;4;-1;15;1;2023;15:15;1;974;97416;2;1;1;3;-21.3377;55.46401;4;2;2;0;1;1; -1;1;0;1;50;Indemne;6
202300035200;155 618 166;Y01;1;0;2;1;13;5;203 767 699;1;1;4;1;2007.0;0;8;0;-1;15;1;2023;15:15;1;974;97416;2;1;1;3;-21.3377;55.46401;4;2;2;0;1;1; -1;1;0;1;50;Blessé léger;6
202300035233;155 618 114;B01;80;0;2;3;19;3;203 767 615;1;1;4;1;2002.0;5;8;0;-1;16;1;2023;19:40;5;75;75106;2;4;1;3;48.841421;2.337499;4;2;4;1;1;1; -1;2;8;1;30;Blessé léger;0