Num_Acc;id_vehicule;num_veh;catv;obs;obsm;choc;manv;motor;id_usager;place;catu;grav;sexe;an_nais;trajet;secu1;secu2;secu3;jour;mois;an;hrmn;lum;dep;com;agg;int;atm;col;lat;long;catr;circ;nbv;vosp;prof;plan;larrout;surf;infra;situ;vma;gravity;day_of_week
202300035233;155 618 114;B01;80;0;2;3;19;3;203 767 615;1;1;4;1;2002.0;5;8;0;-1;16;1;2023;19:40;5;75;75106;2;4;1;3;48.841421;2.337499;4;2; -1;-1;1;1; -1;2;8;1;-1;Blessé léger;0
202300035233;155 618 115;A01;43;0;2;2;1;1;203 767 616;1;1;1;1;1968.0;1;2;6;-1;16;1;2023;19:40;5;75;75106;2;4;1;3;48.841421;2.337499;4;2;4;1;1;1; -1;2;8;1;30;Indemne;0
202300035233;155 618 115;A01;43;0;2;2;1;1;203 767 616;1;1;1;1;1968.0;1;2;6;-1;16;1;2023;19:40;5;75;75106;2;4;1;3;48.841421;2.337499;4;2; -1;-1;1;1; -1;2;8;1;-1;Indemne;0
202300035247;155 618 094;B01;7;0;2;1;15;1;203 767 589;1;1;1;1;1995.0;5;1;-1;-1;28;7;2023;09:45;1;63;63077;1;4;1;1;45.577898;2.880875;3;2;2;0;2;2;5,5;1;0;1;90;Indemne;4
202300035247;155 618 094;B01;7;0;2;1;15;1;203 767 589;1;1;1;1;1995.0;5;1;-1;-1;28;7;2023;09:45;1;63;63077;1;4;1;1;45.577898;2.880875;3;2;2;-1;4;2; -1;-1;0;-1;-1;Indemne;4
202300035247;155 618 095;A01;1;0;2;1;1;5;203 767 590;1;1;3;1;1971.0;5;2;-1;-1;28;7;2023;09:45;1;63;63077;1;4;1;1;45.577898;2.880875;3;2;2;0;2;2;5,5;1;0;1;90;Blessé hospitalisé;4
202300035247;155 618 095;A01;1;0;2;1;1;5;203 767 590;1;1;3;1;1971.0;5;2;-1;-1;28;7;2023;09:45;1;63;63077;1;4;1;1;45.577898;2.880875;3;2;2;-1;4;2; -1;-1;0;-1;-1;Blessé hospitalisé;4
202300035276;155 618 043;A01;1;1;2;8;17;5;203 767 523;1;1;4;2;1973.0;0;8;0;-1;16;6;2023;07:40;1;976;97611;2;1;1;3;-12.771;45.225267;4;2;2;0;1;1; -1;1;0;1;50;Blessé léger;4
202300035276;155 618 044;B01;7;0;2;8;24;1;203 767 524;2;2;1;1;1964.0;9;8;0;-1;16;6;2023;07:40;1;976;97611;2;1;1;3;-12.771;45.225267;4;2;2;0;1;1; -1;1;0;1;50;Indemne;4
202300035281;155 618 036;A01;7;0;2;1;1;1;203 767 513;1;1;1;2;1997.0;1;1;8;-1;15;6;2023;07:45;1;974;97407;2;3;1;1;-20.95543;55.31474;4;1;1;0;2;1; -1;1;0;1;50;Indemne;3
202300035281;155 618 036;A01;7;0;2;1;1;1;203 767 513;1;1;1;2;1997.0;1;1;8;-1;15;6;2023;07:45;1;974;97407;2;3;1;1;-20.95543;55.31474;4;2;2;0;1;1; -1;1;0;1;50;Indemne;3
202300035281;155 618 037;B01;1;0;2;1;1;5;203 767 514;1;1;4;1;2009.0;2;8;0;-1;15;6;2023;07:45;1;974;97407;2;3;1;1;-20.95543;55.31474;4;1;1;0;2;1; -1;1;0;1;50;Blessé léger;3
202300035281;155 618 037;B01;1;0;2;1;1;5;203 767 514;1;1;4;1;2009.0;2;8;0;-1;15;6;2023;07:45;1;974;97407;2;3;1;1;-20.95543;55.31474;4;2;2;0;1;1; -1;1;0;1;50;Blessé léger;3
202300035286;155 618 027;B01;7;0;2;2;1;1;203 767 503;1;1;1;1;1999.0;5;1;0;-1;15;6;2023;19:20;5;973;97302;2;2;1;3;4.93588309;-52.32466677;4;2;2;0;1;1; -1;1;0;1;50;Indemne;3
202300035286;155 618 028;A01;80;0;2;1;1;3;203 767 504;1;1;4;2;2006.0;3;8;0;-1;15;6;2023;19:20;5;973;97302;2;2;1;3;4.93588309;-52.32466677;4;2;2;0;1;1; -1;1;0;1;50;Blessé léger;3
202300035289;155 618 022;A01;1;9;1;1;2;5;203 767 495;1;1;1;1;2000.0;0;8;-1;-1;16;6;2023;12:25;1;69;69387;2;7;1;6;45.74523;4.84179;4;2;4;3;1;1; -1;1;0;6;50;Indemne;4
202300035289;155 618 022;A01;1;9;1;1;2;5;203 767 496;10;3;4;2;2004.0;0;0;-1;-1;16;6;2023;12:25;1;69;69387;2;7;1;6;45.74523;4.84179;4;2;4;3;1;1; -1;1;0;6;50;Blessé léger;4
202300035290;155 618 021;B01;1;0;2;1;1;0;203 767 494;1;1;4;1;1966.0;0;2;-1;-1;16;6;2023;08:30;1;69;69388;2;2;1;3;45.74056;4.86388;4;1;1;3;1;1; -1;1;0;1;30;Blessé léger;4
202300035290;155 618 021;B01;1;0;2;1;1;0;203 767 494;1;1;4;1;1966.0;0;2;-1;-1;16;6;2023;08:30;1;69;69388;2;2;1;3;45.74056;4.86388;4;1;1;2;1;1; -1;1;0;1;30;Blessé léger;4
202300035303;155 617 997;B01;1;0;2;4;2;5;203 767 461;1;1;4;1;1960.0;5;8;0;-1;15;6;2023;18:29;1;95;95277;2;1;1;2;48.9904473;2.43018329;4;2;2;0;1;3; -1;1;0;1;30;Blessé léger;3
202300035303;155 617 998;A01;7;0;2;1;2;1;203 767 462;1;1;1;2;1979.0;1;1;0;-1;15;6;2023;18:29;1;95;95277;2;1;1;2;48.9904473;2.43018329;4;2;2;0;1;3; -1;1;0;1;30;Indemne;3
202300035312;155 617 981;B01;1;0;0;0;0;5;203 767 440;1;1;4;1;1996.0;0;2;0;-1;15;6;2023;17:17;1;91;91433;2;1;1;6;48.46914;2.19515;3;2;2;0;1;1;5;1;0;1;50;Blessé léger;3
202300035312;155 617 982;A01;1;0;0;0;0;5;203 767 441;1;1;4;1;1995.0;0;2;0;-1;15;6;2023;17:17;1;91;91433;2;1;1;6;48.46914;2.19515;3;2;2;0;1;1;5;1;0;1;50;Blessé léger;3
202300035315;155 617 977;B01;1;0;2;0;1;5;203 767 435;1;1;3;2;2020.0;5;8;-1;-1;26;7;2023;19:15;1;83;83069;2;1;1;1;43.04107;6.12795;5;-1;1;0;1;1; -1;9;0;6;-1;Blessé hospitalisé;2
202300035315;155 617 978;A01;3;0;2;1;1;3;203 767 436;1;1;1;1;1976.0;4;8;-1;-1;26;7;2023;19:15;1;83;83069;2;1;1;1;43.04107;6.12795;5;-1;1;0;1;1; -1;9;0;6;-1;Indemne;2
202300035322;155 617 960;A01;7;0;2;0;14;1;203 767 413;1;1;1;1;1988.0;9;1;0;-1;14;6;2023;11:04;1;72;72181;2;1;1;3;47.97922;0.2248;4;2;4;2;1;1; -1;1;0;1;50;Indemne;2
202300035322;155 617 961;B01;1;0;2;0;1;5;203 767 414;1;1;4;1;1944.0;0;8;0;-1;14;6;2023;11:04;1;72;72181;2;1;1;3;47.97922;0.2248;4;2;4;2;1;1; -1;1;0;1;50;Blessé léger;2
202300035323;155 617 958;A01;7;0;2;5;2;1;203 767 411;1;1;1;1;2003.0;1;1;8;-1;26;7;2023;08:30;1;71;71270;2;9;1;3;46.29759;4.82128;3;2;2;1;1;3; -1;1;5;5;30;Indemne;2
202300035323;155 617 959;B01;1;0;2;5;2;5;203 767 412;1;1;3;1;1944.0;5;8;0;-1;26;7;2023;08:30;1;71;71270;2;9;1;3;46.29759;4.82128;3;2;2;1;1;3; -1;1;5;5;30;Blessé hospitalisé;2
202300035330;155 617 944;B01;1;0;2;7;1;5;203 767 391;1;1;3;2;2001.0;0;8;0;-1;27;7;2023;15:45;1;67;67218;2;1;1;3;48.5313;7.7137;4;1;1;0;1;1; -1;1;0;1;50;Blessé hospitalisé;3
202300035330;155 617 945;A01;7;0;9;8;22;1;203 767 392;2;2;1;2;1941.0;0;1;0;-1;27;7;2023;15:45;1;67;67218;2;1;1;3;48.5313;7.7137;4;1;1;0;1;1; -1;1;0;1;50;Indemne;3
202300035330;155 617 945;A01;7;0;9;8;22;1;203 767 393;1;1;1;1;1939.0;5;8;0;-1;27;7;2023;15:45;1;67;67218;2;1;1;3;48.5313;7.7137;4;1;1;0;1;1; -1;1;0;1;50;Indemne;3
202300035332;155 617 940;A01;1;0;2;3;15;5;203 767 387;1;1;4;1;2002.0;9;2;-1;-1;18;4;2023;18:59;1;65;65440;2;2;1;3;43.2396;0.07381;3;4;3;0;1;1; -1;2;0;1;50;Blessé léger;1
202300035332;155 617 940;A01;1;0;2;3;15;5;203 767 387;1;1;4;1;2002.0;9;2;-1;-1;18;4;2023;18:59;1;65;65440;2;2;1;3;43.2396;0.07381;3;2;2;0;3;1; -1;2;0;1;50;Blessé léger;1
202300035332;155 617 941;B01;7;0;2;7;1;1;203 767 388;1;1;1;1;2002.0;5;1;-1;-1;18;4;2023;18:59;1;65;65440;2;2;1;3;43.2396;0.07381;3;4;3;0;1;1; -1;2;0;1;50;Indemne;1
202300035332;155 617 941;B01;7;0;2;7;1;1;203 767 388;1;1;1;1;2002.0;5;1;-1;-1;18;4;2023;18:59;1;65;65440;2;2;1;3;43.2396;0.07381;3;2;2;0;3;1; -1;2;0;1;50;Indemne;1
202300035335;155 617 935;A01;7;1;0;8;26;1;203 767 381;1;1;1;1;1998.0;1;8;0;-1;16;6;2023;09:30;1;63;63113;2;1;1;6;45.78202;3.1059;4;1;2;1;1;1; -1;1;-1;5;30;Indemne;4
202300035335;155 617 936;B01;1;1;0;7;1;5;203 767 382;1;1;4;2;2003.0;1;8;-1;-1;16;6;2023;09:30;1;63;63113;2;1;1;6;45.78202;3.1059;4;1;2;1;1;1; -1;1;-1;5;30;Blessé léger;4
202300035351;155 617 910;A01;7;0;2;8;1;1;203 767 343;1;1;1;1;1959.0;0;1;0;-1;14;6;2023;19:45;1;51;51454;2;6;1;3;49.232901;4.004006;4;1;1;0;1;2; -1;1;0;1;50;Indemne;2
202300035351;155 617 911;B01;1;0;2;1;1;5;203 767 344;1;1;4;2;2005.0;0;2;0;-1;14;6;2023;19:45;1;51;51454;2;6;1;3;49.232901;4.004006;4;1;1;0;1;2; -1;1;0;1;50;Blessé léger;2
202300035354;155 617 905;B01;1;0;2;8;9;5;203 767 338;1;1;4;1;1967.0;1;8;0;-1;15;6;2023;17:15;1;49;49267;1;6;1;3;47.48143;-0.49148;3;3;2;0;1;1; -1;1;0;1;50;Blessé léger;3
202300035354;155 617 905;B01;1;0;2;8;9;5;203 767 338;1;1;4;1;1967.0;1;8;0;-1;15;6;2023;17:15;1;49;49267;1;6;1;3;47.48143;-0.49148;3;3;2;0;1;1; -1;1;0;1;50;Blessé léger;3
202300035354;155 617 906;A01;7;0;2;1;9;1;203 767 339;1;1;1;1;1998.0;1;8;0;-1;15;6;2023;17:15;1;49;49267;1;6;1;3;47.48143;-0.49148;3;3;2;0;1;1; -1;1;0;1;50;Indemne;3
202300035354;155 617 906;A01;7;0;2;1;9;1;203 767 339;1;1;1;1;1998.0;1;8;0;-1;15;6;2023;17:15;1;49;49267;1;6;1;3;47.48143;-0.49148;3;3;2;0;1;1; -1;1;0;1;50;Indemne;3
202300035360;155 617 895;A01;7;0;9;2;15;1;203 767 326;1;1;1;1;1997.0;5;1;0;-1;16;6;2023;01:40;5;37;37261;2;2;1;3;47.41424;0.69666;4;1;1;0;1;1; -1;1;0;1;50;Indemne;4
202300035360;155 617 895;A01;7;0;9;2;15;1;203 767 326;1;1;1;1;1997.0;5;1;0;-1;16;6;2023;01:40;5;37;37261;2;2;1;3;47.41424;0.69666;4;2;2;0;1;1; -1;1;0;1;50;Indemne;4
202300035360;155 617 896;B01;1;0;2;1;1;5;203 767 327;1;1;4;1;1991.0;5;8;0;-1;16;6;2023;01:40;5;37;37261;2;2;1;3;47.41424;0.69666;4;1;1;0;1;1; -1;1;0;1;50;Blessé léger;4
202300035360;155 617 896;B01;1;0;2;1;1;5;203 767 327;1;1;4;1;1991.0;5;8;0;-1;16;6;2023;01:40;5;37;37261;2;2;1;3;47.41424;0.69666;4;2;2;0;1;1; -1;1;0;1;50;Blessé léger;4
202300035364;155 617 887;B01;1;0;2;1;1;5;203 767 315;1;1;4;1;1999.0;5;8;-1;-1;16;6;2023;19:15;1;35;35238;2;6;1;3;48.08961;-1.68179;4;2;2;0;1;1; -1;1;0;5;50;Blessé léger;4
202300035364;155 617 887;B01;1;0;2;1;1;5;203 767 315;1;1;4;1;1999.0;5;8;-1;-1;16;6;2023;19:15;1;35;35238;2;6;1;3;48.08961;-1.68179;4;1;1;1;1;2; -1;1;0;5;50;Blessé léger;4
202300035364;155 617 888;A01;7;0;2;3;9;1;203 767 316;1;1;1;2;1979.0;4;1;-1;-1;16;6;2023;19:15;1;35;35238;2;6;1;3;48.08961;-1.68179;4;2;2;0;1;1; -1;1;0;5;50;Indemne;4
202300035364;155 617 888;A01;7;0;2;3;9;1;203 767 316;1;1;1;2;1979.0;4;1;-1;-1;16;6;2023;19:15;1;35;35238;2;6;1;3;48.08961;-1.68179;4;1;1;1;1;2; -1;1;0;5;50;Indemne;4
202300035382;155 617 859;B01;1;0;1;1;2;5;203 767 280;1;1;3;2;1973.0;5;8;0;-1;16;6;2023;10:52;1;17;17300;2;1;1;6;46.165656;-1.159037;4;1;1;0;1;1; -1;1;0;1;30;Blessé hospitalisé;4
202300035382;155 617 859;B01;1;0;1;1;2;5;203 767 281;10;3;3;2;1998.0;0;0;-1;-1;16;6;2023;10:52;1;17;17300;2;1;1;6;46.165656;-1.159037;4;1;1;0;1;1; -1;1;0;1;30;Blessé hospitalisé;4
202300035384;155 617 855;B01;1;0;2;4;9;5;203 767 276;1;1;4;1;1961.0;5;2;8;-1;22;7;2023;12:53;1;15;15014;2;6;1;2;44.90825;2.4225;2;1;2;0;2;3;5,5;1;0;1;50;Blessé léger;5
202300035384;155 617 856;A01;7;0;9;1;9;1;203 767 277;1;1;1;1;1975.0;0;1;0;-1;22;7;2023;12:53;1;15;15014;2;6;1;2;44.90825;2.4225;2;1;2;0;2;3;5,5;1;0;1;50;Indemne;5
202300035402;155 617 823;B01;1;0;2;1;1;5;203 767 231;1;1;4;2;1973.0;9;8;0;-1;27;7;2023;19:30;1;75;75118;2;2;2;3;48.890551;2.334289;4;1;1;-1;1;1; -1;2;0;1;30;Blessé léger;3
202300035402;155 617 823;B01;1;0;2;1;1;5;203 767 231;1;1;4;2;1973.0;9;8;0;-1;27;7;2023;19:30;1;75;75118;2;2;2;3;48.890551;2.334289;4;1;1;0;1;1; -1;2;0;1;30;Blessé léger;3
202300035402;155 617 824;A01;7;0;2;5;16;1;203 767 232;1;1;1;1;1998.0;4;1;0;-1;27;7;2023;19:30;1;75;75118;2;2;2;3;48.890551;2.334289;4;1;1;-1;1;1; -1;2;0;1;30;Indemne;3
202300035402;155 617 824;A01;7;0;2;5;16;1;203 767 232;1;1;1;1;1998.0;4;1;0;-1;27;7;2023;19:30;1;75;75118;2;2;2;3;48.890551;2.334289;4;1;1;0;1;1; -1;2;0;1;30;Indemne;3
202300035404;155 617 819;B01;7;0;2;8;22;1;203 767 227;1;1;1;1;1968.0;5;8;0;-1;26;7;2023;14:00;1;75;75117;2;3;1;3;48.886716;2.308657;4;2; -1;-1;1;1; -1;1;0;1;30;Indemne;2
202300035404;155 617 819;B01;7;0;2;8;22;1;203 767 227;1;1;1;1;1968.0;5;8;0;-1;26;7;2023;14:00;1;75;75117;2;3;1;3;48.886716;2.308657;4;2;2;0;1;1; -1;1;0;1;30;Indemne;2
202300035404;155 617 820;A01;1;0;2;1;1;5;203 767 228;1;1;4;2;1976.0;1;2;0;-1;26;7;2023;14:00;1;75;75117;2;3;1;3;48.886716;2.308657;4;2; -1;-1;1;1; -1;1;0;1;30;Blessé léger;2
202300035404;155 617 820;A01;1;0;2;1;1;5;203 767 228;1;1;4;2;1976.0;1;2;0;-1;26;7;2023;14:00;1;75;75117;2;3;1;3;48.886716;2.308657;4;2;2;0;1;1; -1;1;0;1;30;Blessé léger;2
202300035405;155 617 817;A01;7;0;2;1;15;0;203 767 225;1;1;1;1;1975.0;4;8;0;-1;27;7;2023;17:20;1;75;75115;2;2;2;1;48.841096;2.287903;4;2;2;-1;1;1; -1;2;0;1;30;Indemne;3
202300035405;155 617 817;A01;7;0;2;1;15;0;203 767 225;1;1;1;1;1975.0;4;8;0;-1;27;7;2023;17:20;1;75;75115;2;2;2;1;48.841096;2.287903;4;2;2;0;1;1; -1;2;0;1;30;Indemne;3
202300035405;155 617 818;B01;1;0;2;0;1;5;203 767 226;1;1;4;1;1973.0;9;8;0;-1;27;7;2023;17:20;1;75;75115;2;2;2;1;48.841096;2.287903;4;2;2;-1;1;1; -1;2;0;1;30;Blessé léger;3
202300035405;155 617 818;B01;1;0;2;0;1;5;203 767 226;1;1;4;1;1973.0;9;8;0;-1;27;7;2023;17:20;1;75;75115;2;2;2;1;48.841096;2.287903;4;2;2;0;1;1; -1;2;0;1;30;Blessé léger;3
202300035409;155 617 809;B01;1;1;0;1;1;5;203 767 217;1;1;4;1;1979.0;5;8;0;-1;25;7;2023;17:30;1;75;75103;2;2;2;3;48.86622;2.352533;4;1;4;1;1;1; -1;2;0;5;30;Blessé léger;1
202300035409;155 617 809;B01;1;1;0;1;1;5;203 767 217;1;1;4;1;1979.0;5;8;0;-1;25;7;2023;17:30;1;75;75103;2;2;2;3;48.86622;2.352533;4;1;3;0;1;1; -1;2;0;5;30;Blessé léger;1
202300035409;155 617 810;A01;7;1;0;8;24;1;203 767 218;1;1;1;2;1982.0;3;8;0;-1;25;7;2023;17:30;1;75;75103;2;2;2;3;48.86622;2.352533;4;1;4;1;1;1; -1;2;0;5;30;Indemne;1
202300035409;155 617 810;A01;7;1;0;8;24;1;203 767 218;1;1;1;2;1982.0;3;8;0;-1;25;7;2023;17:30;1;75;75103;2;2;2;3;48.86622;2.352533;4;1;3;0;1;1; -1;2;0;5;30;Indemne;1
202300035412;155 617 803;A01;7;0;2;0;0;0;203 767 211;1;1;1;1;1996.0;0;1;8;-1;24;7;2023;08:30;1;94;94015;2;1;1;3;48.833886;2.518577;4;-1;1;0;4;1; -1;1;0;8;50;Indemne;0
202300035412;155 617 804;B01;1;0;2;0;0;5;203 767 212;1;1;4;1;1978.0;0;0;0;-1;24;7;2023;08:30;1;94;94015;2;1;1;3;48.833886;2.518577;4;-1;1;0;4;1; -1;1;0;8;50;Blessé léger;0
202300035419;155 617 789;A01;7;0;2;3;15;0;203 767 195;1;1;1;1;1986.0;1;1;0;-1;27;7;2023;14:18;1;92;92025;2;1;2;5;48.93654616;2.25714684;4;2;2;0;1;1; -1;2;0;1;50;Indemne;3
202300035419;155 617 790;B01;34;0;2;1;1;0;203 767 196;1;1;3;1;1953.0;1;2;0;-1;27;7;2023;14:18;1;92;92025;2;1;2;5;48.93654616;2.25714684;4;2;2;0;1;1; -1;2;0;1;50;Blessé hospitalisé;3
202300035419;155 617 791;C01;1;0;2;1;5;5;203 767 197;1;1;3;1;1963.0;1;8;0;-1;27;7;2023;14:18;1;92;92025;2;1;2;5;48.93654616;2.25714684;4;2;2;0;1;1; -1;2;0;1;50;Blessé hospitalisé;3
202300035421;155 617 786;A01;7;0;2;2;12;1;203 767 192;1;1;1;2;1965.0;5;1;0;-1;27;7;2023;17:32;1;92;92014;2;2;3;3;48.78313;2.31507;3;1;3;1;1;1; -1;2;5;5;50;Indemne;3
202300035421;155 617 786;A01;7;0;2;2;12;1;203 767 192;1;1;1;2;1965.0;5;1;0;-1;27;7;2023;17:32;1;92;92014;2;2;3;3;48.78313;2.31507;3;1;0;1;1;1; -1;2;5;5;50;Indemne;3
202300035421;155 617 787;B01;1;14;0;8;2;5;203 767 193;1;1;4;2;1990.0;1;2;8;-1;27;7;2023;17:32;1;92;92014;2;2;3;3;48.78313;2.31507;3;1;3;1;1;1; -1;2;5;5;50;Blessé léger;3
202300035421;155 617 787;B01;1;14;0;8;2;5;203 767 193;1;1;4;2;1990.0;1;2;8;-1;27;7;2023;17:32;1;92;92014;2;2;3;3;48.78313;2.31507;3;1;0;1;1;1; -1;2;5;5;50;Blessé léger;3
202300035425;155 617 778;B01;1;0;2;1;1;5;203 767 183;1;1;3;1;1990.0;1;2;-1;-1;27;7;2023;18:50;1;06;06161;1;1;1;3;43.627938;7.133804;3;2;2;1;1;1;6;1;9;5;70;Blessé hospitalisé;3
202300035425;155 617 779;A01;7;0;2;3;9;0;203 767 184;1;1;1;1;1998.0;1;1;-1;-1;27;7;2023;18:50;1;06;06161;1;1;1;3;43.627938;7.133804;3;2;2;1;1;1;6;1;9;5;70;Indemne;3
202300035436;155 617 758;A01;7;0;2;8;15;1;203 767 159;1;1;1;1;1977.0;0;1;8;-1;19;5;2023;15:40;1;31;31555;2;1;1;3;43.58007188;1.36858039;4;2;3;1;1;1; -1;1;0;1;50;Indemne;4
202300035436;155 617 759;B01;1;0;2;7;17;5;203 767 160;1;1;4;1;1977.0;5;2;0;-1;19;5;2023;15:40;1;31;31555;2;1;1;3;43.58007188;1.36858039;4;2;3;1;1;1; -1;1;0;1;50;Blessé léger;4
202300035437;155 617 756;A01;10;0;2;2;17;3;203 767 157;1;1;1;2;1989.0;4;1;0;-1;17;5;2023;11:35;1;31;31555;2;1;1;2;43.60009723;1.44259326;4;2;2;3;1;1; -1;1;0;1;30;Indemne;2
202300035437;155 617 757;B01;1;0;2;8;1;5;203 767 158;1;1;4;1;1975.0;1;8;0;-1;17;5;2023;11:35;1;31;31555;2;1;1;2;43.60009723;1.44259326;4;2;2;3;1;1; -1;1;0;1;30;Blessé léger;2
202300035450;155 617 733;A01;7;0;2;1;1;1;203 767 131;1;1;1;2;1983.0;5;1;0;-1;19;5;2023;16:18;1;17;17300;2;2;1;3;46.1447;-1.13787;4;2;2;0;1;1; -1;1;0;1;50;Indemne;4
202300035450;155 617 733;A01;7;0;2;1;1;1;203 767 131;1;1;1;2;1983.0;5;1;0;-1;19;5;2023;16:18;1;17;17300;2;2;1;3;46.1447;-1.13787;4;2;2;1;1;1; -1;1;0;1;50;Indemne;4
202300035450;155 617 735;B01;1;0;2;8;1;5;203 767 133;1;1;4;1;2004.0;5;8;0;-1;19;5;2023;16:18;1;17;17300;2;2;1;3;46.1447;-1.13787;4;2;2;0;1;1; -1;1;0;1;50;Blessé léger;4
202300035450;155 617 735;B01;1;0;2;8;1;5;203 767 133;1;1;4;1;2004.0;5;8;0;-1;19;5;2023;16:18;1;17;17300;2;2;1;3;46.1447;-1.13787;4;2;2;1;1;1; -1;1;0;1;50;Blessé léger;4
202300035462;155 617 715;A01;7;0;2;1;26;0;203 767 107;1;1;1;1;1959.0;0;1;8;-1;19;5;2023;14:15;1;13;13208;2;1;8;3;43.27682;5.3989;4;1;3;0;1;1; -1;1;0;1;50;Indemne;4
202300035462;155 617 716;B01;1;0;2;7;19;5;203 767 108;1;1;4;1;2013.0;0;2;8;-1;19;5;2023;14:15;1;13;13208;2;1;8;3;43.27682;5.3989;4;1;3;0;1;1; -1;1;0;1;50;Blessé léger;4
202300035496;155 617 646;A01;7;0;2;3;22;1;203 767 024;1;1;1;1;1973.0;5;1;0;-1;19;5;2023;18:53;1;75;75119;2;2;1;3;48.87958;2.38951;4;-1; -1;0;1;1; -1;1;0;1;30;Indemne;4
202300035496;155 617 646;A01;7;0;2;3;22;1;203 767 024;1;1;1;1;1973.0;5;1;0;-1;19;5;2023;18:53;1;75;75119;2;2;1;3;48.87958;2.38951;4;2;2;0;2;1; -1;1;0;1;30;Indemne;4
202300035496;155 617 648;B01;80;0;2;7;1;3;203 767 026;2;2;4;2;2012.0;5;2;8;-1;19;5;2023;18:53;1;75;75119;2;2;1;3;48.87958;2.38951;4;-1; -1;0;1;1; -1;1;0;1;30;Blessé léger;4
202300035496;155 617 648;B01;80;0;2;7;1;3;203 767 026;2;2;4;2;2012.0;5;2;8;-1;19;5;2023;18:53;1;75;75119;2;2;1;3;48.87958;2.38951;4;2;2;0;2;1; -1;1;0;1;30;Blessé léger;4
202300035496;155 617 648;B01;80;0;2;7;1;3;203 767 027;1;1;4;1;1977.0;5;2;8;-1;19;5;2023;18:53;1;75;75119;2;2;1;3;48.87958;2.38951;4;-1; -1;0;1;1; -1;1;0;1;30;Blessé léger;4
202300035496;155 617 648;B01;80;0;2;7;1;3;203 767 027;1;1;4;1;1977.0;5;2;8;-1;19;5;2023;18:53;1;75;75119;2;2;1;3;48.87958;2.38951;4;2;2;0;2;1; -1;1;0;1;30;Blessé léger;4
202300035506;155 617 628;A01;7;0;2;2;26;1;203 767 000;1;1;1;2;2001.0;1;1;0;-1;23;6;2023;12:35;1;61;61001;2;1;1;3;48.44946;0.08948;4;-1;2;0;1;1; -1;1;0;1;50;Indemne;4
202300035506;155 617 630;B01;80;0;2;1;2;3;203 767 002;1;1;4;2;1982.0;1;8;0;-1;23;6;2023;12:35;1;61;61001;2;1;1;3;48.44946;0.08948;4;-1;2;0;1;1; -1;1;0;1;50;Blessé léger;4
202300035510;155 617 619;A01;1;0;2;2;19;5;203 766 988;1;1;4;2;2005.0;5;8;0;-1;20;5;2023;04:52;5;75;75114;2;4;1;3;48.823536;2.319439;4;2;2;3;1;1; -1;1;0;1;30;Blessé léger;5
202300035510;155 617 619;A01;1;0;2;2;19;5;203 766 988;1;1;4;2;2005.0;5;8;0;-1;20;5;2023;04:52;5;75;75114;2;4;1;3;48.823536;2.319439;4;1;1;0;1;1; -1;1;0;1;30;Blessé léger;5
202300035510;155 617 620;B01;37;0;2;2;1;1;203 766 989;1;1;1;1;1968.0;4;1;0;-1;20;5;2023;04:52;5;75;75114;2;4;1;3;48.823536;2.319439;4;2;2;3;1;1; -1;1;0;1;30;Indemne;5
202300035510;155 617 620;B01;37;0;2;2;1;1;203 766 989;1;1;1;1;1968.0;4;1;0;-1;20;5;2023;04:52;5;75;75114;2;4;1;3;48.823536;2.319439;4;1;1;0;1;1; -1;1;0;1;30;Indemne;5
202300035512;155 617 614;A01;10;0;2;2;16;1;203 766 983;1;1;1;1;1976.0;1;1;0;-1;19;5;2023;12:00;1;75;75114;2;3;1;3;48.824688;2.325963;4;2;5;1;1;1; -1;1;0;5;30;Indemne;4
202300035512;155 617 614;A01;10;0;2;2;16;1;203 766 983;1;1;1;1;1976.0;1;1;0;-1;19;5;2023;12:00;1;75;75114;2;3;1;3;48.824688;2.325963;4;1;1;0;1;1; -1;1;0;1;30;Indemne;4
202300035512;155 617 616;B01;1;0;2;3;1;5;203 766 984;1;1;4;1;1991.0;5;2;0;-1;19;5;2023;12:00;1;75;75114;2;3;1;3;48.824688;2.325963;4;2;5;1;1;1; -1;1;0;5;30;Blessé léger;4
202300035512;155 617 616;B01;1;0;2;3;1;5;203 766 984;1;1;4;1;1991.0;5;2;0;-1;19;5;2023;12:00;1;75;75114;2;3;1;3;48.824688;2.325963;4;1;1;0;1;1; -1;1;0;1;30;Blessé léger;4
202300035514;155 617 609;B01;7;0;2;6;23;1;203 766 977;1;1;1;1;1985.0;5;1;0;-1;18;5;2023;00:25;5;75;75114;2;2;1;2;48.829219;2.317295;4;1; -1;0;1;1; -1;1;0;1;30;Indemne;3
202300035514;155 617 609;B01;7;0;2;6;23;1;203 766 977;1;1;1;1;1985.0;5;1;0;-1;18;5;2023;00:25;5;75;75114;2;2;1;2;48.829219;2.317295;4;1;2;1;1;1; -1;1;0;1;30;Indemne;3
202300035514;155 617 610;A01;1;1;0;1;1;5;203 766 978;1;1;4;1;1998.0;5;2;0;-1;18;5;2023;00:25;5;75;75114;2;2;1;2;48.829219;2.317295;4;1; -1;0;1;1; -1;1;0;1;30;Blessé léger;3
202300035514;155 617 610;A01;1;1;0;1;1;5;203 766 978;1;1;4;1;1998.0;5;2;0;-1;18;5;2023;00:25;5;75;75114;2;2;1;2;48.829219;2.317295;4;1;2;1;1;1; -1;1;0;1;30;Blessé léger;3