Num_Acc;id_vehicule;num_veh;catv;obs;obsm;choc;manv;motor;id_usager;place;catu;grav;sexe;an_nais;trajet;secu1;secu2;secu3;jour;mois;an;hrmn;lum;dep;com;agg;int;atm;col;lat;long;catr;circ;nbv;vosp;prof;plan;larrout;surf;infra;situ;vma;gravity;day_of_week
202300035517;155 617 606;A01;80;0;1;1;1;3;203 766 972;1;1;1;1;1990.0;1;8;6;-1;20;5;2023;17:40;1;75;75113;2;2;1;6;48.827058;2.374241;4;1;1;0;1;1; -1;1;0;1;30;Indemne;5
202300035517;155 617 606;A01;80;0;1;1;1;3;203 766 972;1;1;1;1;1990.0;1;8;6;-1;20;5;2023;17:40;1;75;75113;2;2;1;6;48.827058;2.374241;4;1;1;0;2;1; -1;1;0;1;30;Indemne;5
202300035517;155 617 606;A01;80;0;1;1;1;3;203 766 973;10;3;4;2;1954.0;3;0;-1;-1;20;5;2023;17:40;1;75;75113;2;2;1;6;48.827058;2.374241;4;1;1;0;1;1; -1;1;0;1;30;Blessé léger;5
202300035517;155 617 606;A01;80;0;1;1;1;3;203 766 973;10;3;4;2;1954.0;3;0;-1;-1;20;5;2023;17:40;1;75;75113;2;2;1;6;48.827058;2.374241;4;1;1;0;2;1; -1;1;0;1;30;Blessé léger;5
202300035537;155 617 565;A01;7;0;2;2;0;1;203 766 923;1;1;1;2;1973.0;1;1;0;-1;22;6;2023;08:05;1;49;49007;2;3;1;3;47.46456;-0.55208;4;2;2;0;1;1; -1;2;0;1;50;Indemne;3
202300035537;155 617 565;A01;7;0;2;2;0;1;203 766 923;1;1;1;2;1973.0;1;1;0;-1;22;6;2023;08:05;1;49;49007;2;3;1;3;47.46456;-0.55208;4;2; -1;-1;1;1; -1;2;0;1;-1;Indemne;3
202300035537;155 617 567;B01;1;0;2;1;1;5;203 766 925;1;1;3;1;1984.0;1;8;0;-1;22;6;2023;08:05;1;49;49007;2;3;1;3;47.46456;-0.55208;4;2;2;0;1;1; -1;2;0;1;50;Blessé hospitalisé;3
202300035537;155 617 567;B01;1;0;2;1;1;5;203 766 925;1;1;3;1;1984.0;1;8;0;-1;22;6;2023;08:05;1;49;49007;2;3;1;3;47.46456;-0.55208;4;2; -1;-1;1;1; -1;2;0;1;-1;Blessé hospitalisé;3
202300035545;155 617 552;B01;1;0;2;2;0;5;203 766 909;1;1;4;2;2006.0;3;8;8;-1;8;11;2023;17:45;4;59;59350;2;2;2;3;50.62438;3.06778;4;3;4;0;1;1; -1;2;0;1;30;Blessé léger;2
202300035545;155 617 552;B01;1;0;2;2;0;5;203 766 909;1;1;4;2;2006.0;3;8;8;-1;8;11;2023;17:45;4;59;59350;2;2;2;3;50.62438;3.06778;4;2;0;1;1;1; -1;2;5;1;30;Blessé léger;2
202300035545;155 617 555;A01;7;0;9;3;1;0;203 766 912;1;1;1;2;1988.0;0;8;0;-1;8;11;2023;17:45;4;59;59350;2;2;2;3;50.62438;3.06778;4;3;4;0;1;1; -1;2;0;1;30;Indemne;2
202300035545;155 617 555;A01;7;0;9;3;1;0;203 766 912;1;1;1;2;1988.0;0;8;0;-1;8;11;2023;17:45;4;59;59350;2;2;2;3;50.62438;3.06778;4;2;0;1;1;1; -1;2;5;1;30;Indemne;2
202300035547;155 617 549;B01;80;0;2;3;1;3;203 766 906;1;1;4;2;1979.0;4;8;0;-1;23;6;2023;08:50;1;44;44184;2;3;1;3;47.26371;-2.2397;4;2;2;0;1;3; -1;1;5;1;50;Blessé léger;4
202300035547;155 617 549;B01;80;0;2;3;1;3;203 766 906;1;1;4;2;1979.0;4;8;0;-1;23;6;2023;08:50;1;44;44184;2;3;1;3;47.26371;-2.2397;4;1;2;0;2;1; -1;1;5;1;50;Blessé léger;4
202300035547;155 617 551;A01;14;0;2;5;16;1;203 766 908;1;1;1;1;1979.0;4;1;0;-1;23;6;2023;08:50;1;44;44184;2;3;1;3;47.26371;-2.2397;4;2;2;0;1;3; -1;1;5;1;50;Indemne;4
202300035547;155 617 551;A01;14;0;2;5;16;1;203 766 908;1;1;1;1;1979.0;4;1;0;-1;23;6;2023;08:50;1;44;44184;2;3;1;3;47.26371;-2.2397;4;1;2;0;2;1; -1;1;5;1;50;Indemne;4
202300035549;155 617 545;B01;1;0;2;0;0;5;203 766 901;1;1;4;1;2001.0;0;8;0;-1;24;6;2023;01:10;5;44;44162;2;1;1;3;47.2207048;-1.6284012;4;3;4;2;1;1; -1;1;0;1;50;Blessé léger;5
202300035549;155 617 547;A01;32;0;2;1;1;1;203 766 903;1;1;1;1;1993.0;0;2;0;-1;24;6;2023;01:10;5;44;44162;2;1;1;3;47.2207048;-1.6284012;4;3;4;2;1;1; -1;1;0;1;50;Indemne;5
202300035551;155 617 542;B01;1;0;2;1;17;5;203 766 896;1;1;4;2;1977.0;5;2;8;-1;8;11;2023;07:25;2;59;59350;2;1;1;3;50.64063;3.06887;4;2;2;3;1;1; -1;2;9;1;50;Blessé léger;2
202300035551;155 617 543;A01;37;0;2;3;9;1;203 766 897;1;1;1;1;1978.0;4;1;8;-1;8;11;2023;07:25;2;59;59350;2;1;1;3;50.64063;3.06887;4;2;2;3;1;1; -1;2;9;1;50;Indemne;2
202300035554;155 617 534;B01;1;0;2;0;0;5;203 766 888;1;1;4;1;1962.0;0;0;0;-1;20;5;2023;16:50;1;94;94028;2;1;1;3;48.77491265;2.4424307;4;1;0;0;1;1;0;1;0;1;50;Blessé léger;5
202300035554;155 617 535;A01;7;0;2;1;2;1;203 766 889;1;1;1;2;2003.0;9;1;0;-1;20;5;2023;16:50;1;94;94028;2;1;1;3;48.77491265;2.4424307;4;1;0;0;1;1;0;1;0;1;50;Indemne;5
202300035567;155 617 510;B01;1;0;2;8;2;5;203 766 856;1;1;3;1;1976.0;0;0;-1;-1;9;4;2023;16:40;1;72;72328;1;6;1;3;48.022381;0.230809;3;-1;1;0;1;2;8;1;0;1;50;Blessé hospitalisé;6
202300035567;155 617 511;A01;7;0;2;5;1;0;203 766 857;1;1;1;1;1952.0;5;1;-1;-1;9;4;2023;16:40;1;72;72328;1;6;1;3;48.022381;0.230809;3;-1;1;0;1;2;8;1;0;1;50;Indemne;6
202300035569;155 617 508;B01;1;0;2;1;1;5;203 766 853;1;1;4;2;2010.0;-1;0;-1;-1;8;11;2023;08:20;1;49;49328;2;6;1;3;47.26932;-0.0714;4;2;2;0;1;1; -1;2;0;1;50;Blessé léger;2
202300035569;155 617 508;B01;1;0;2;1;1;5;203 766 853;1;1;4;2;2010.0;-1;0;-1;-1;8;11;2023;08:20;1;49;49328;2;6;1;3;47.26932;-0.0714;4;2;2;0;1;2; -1;2;0;1;50;Blessé léger;2
202300035569;155 617 509;A01;7;0;2;3;9;1;203 766 855;1;1;1;1;2004.0;1;-1;0;-1;8;11;2023;08:20;1;49;49328;2;6;1;3;47.26932;-0.0714;4;2;2;0;1;1; -1;2;0;1;50;Indemne;2
202300035569;155 617 509;A01;7;0;2;3;9;1;203 766 855;1;1;1;1;2004.0;1;-1;0;-1;8;11;2023;08:20;1;49;49328;2;6;1;3;47.26932;-0.0714;4;2;2;0;1;2; -1;2;0;1;50;Indemne;2
202300035594;155 617 463;B01;7;0;2;7;1;0;203 766 798;1;1;1;2;1985.0;4;1;0;-1;23;6;2023;08:58;1;34;34129;2;3;1;3;43.58574;3.91988;4;-1;1;1;1;1; -1;1;0;1;50;Indemne;4
202300035594;155 617 463;B01;7;0;2;7;1;0;203 766 798;1;1;1;2;1985.0;4;1;0;-1;23;6;2023;08:58;1;34;34129;2;3;1;3;43.58574;3.91988;4;2;2;0;1;3; -1;1;0;1;50;Indemne;4
202300035594;155 617 466;A01;1;0;2;1;5;5;203 766 802;1;1;4;2;1975.0;0;2;0;-1;23;6;2023;08:58;1;34;34129;2;3;1;3;43.58574;3.91988;4;-1;1;1;1;1; -1;1;0;1;50;Blessé léger;4
202300035594;155 617 466;A01;1;0;2;1;5;5;203 766 802;1;1;4;2;1975.0;0;2;0;-1;23;6;2023;08:58;1;34;34129;2;3;1;3;43.58574;3.91988;4;2;2;0;1;3; -1;1;0;1;50;Blessé léger;4
202300035605;155 617 446;A01;80;0;2;1;1;3;203 766 780;1;1;4;1;1965.0;0;8;-1;-1;7;11;2023;17:45;5;35;35238;2;3;1;3;48.10673;-1.69312;4;1;1;2;1;1; -1;1;0;5;30;Blessé léger;1
202300035605;155 617 446;A01;80;0;2;1;1;3;203 766 780;1;1;4;1;1965.0;0;8;-1;-1;7;11;2023;17:45;5;35;35238;2;3;1;3;48.10673;-1.69312;4;2;2;1;4;1; -1;1;0;5;30;Blessé léger;1
202300035605;155 617 451;B01;7;0;2;8;15;1;203 766 784;1;1;1;2;1952.0;5;1;-1;-1;7;11;2023;17:45;5;35;35238;2;3;1;3;48.10673;-1.69312;4;1;1;2;1;1; -1;1;0;5;30;Indemne;1
202300035605;155 617 451;B01;7;0;2;8;15;1;203 766 784;1;1;1;2;1952.0;5;1;-1;-1;7;11;2023;17:45;5;35;35238;2;3;1;3;48.10673;-1.69312;4;2;2;1;4;1; -1;1;0;5;30;Indemne;1
202300035611;155 617 435;A01;7;2;2;3;1;0;203 766 765;1;1;1;2;1945.0;0;1;0;-1;19;5;2023;12:20;1;93;93005;2;1;1;3;48.92968282;2.4906025;4;1;1;0;1;1; -1;1;0;1;50;Indemne;4
202300035611;155 617 436;B01;1;2;2;2;1;5;203 766 766;1;1;4;1;1956.0;0;8;0;-1;19;5;2023;12:20;1;93;93005;2;1;1;3;48.92968282;2.4906025;4;1;1;0;1;1; -1;1;0;1;50;Blessé léger;4
202300035617;155 617 420;A01;7;0;2;6;2;1;203 766 742;1;1;1;1;1984.0;1;1;0;-1;18;5;2023;10:47;1;92;92051;2;1;1;2;48.89029;2.26076;3;1;2;0;1;1; -1;1;0;1;50;Indemne;3
202300035617;155 617 421;B01;1;0;2;1;2;5;203 766 744;1;1;4;1;1986.0;5;2;8;-1;18;5;2023;10:47;1;92;92051;2;1;1;2;48.89029;2.26076;3;1;2;0;1;1; -1;1;0;1;50;Blessé léger;3
202300035618;155 617 425;B01;1;0;2;1;1;5;203 766 752;1;1;4;2;1973.0;0;0;-1;-1;8;11;2023;22:51;5;33;33063;2;1;8;1;44.83853201;-0.56261212;4;2;2;3;1;1; -1;2;0;1;50;Blessé léger;2
202300035618;155 617 430;A01;32;0;9;1;1;1;203 766 762;1;1;1;1;2002.0;0;2;6;-1;8;11;2023;22:51;5;33;33063;2;1;8;1;44.83853201;-0.56261212;4;2;2;3;1;1; -1;2;0;1;50;Indemne;2
202300035645;155 617 371;A01;1;0;2;2;1;5;203 766 677;1;1;4;1;2007.0;0;8;0;-1;22;6;2023;15:05;1;10;10387;2;2;8;3;48.29514;4.07168;4;1;1;0;2;1; -1;2;0;1;50;Blessé léger;3
202300035645;155 617 371;A01;1;0;2;2;1;5;203 766 677;1;1;4;1;2007.0;0;8;0;-1;22;6;2023;15:05;1;10;10387;2;2;8;3;48.29514;4.07168;4;1;1;0;2;1; -1;2;0;1;50;Blessé léger;3
202300035645;155 617 376;B01;7;0;2;1;1;1;203 766 683;1;1;1;1;1990.0;0;1;0;-1;22;6;2023;15:05;1;10;10387;2;2;8;3;48.29514;4.07168;4;1;1;0;2;1; -1;2;0;1;50;Indemne;3
202300035645;155 617 376;B01;7;0;2;1;1;1;203 766 683;1;1;1;1;1990.0;0;1;0;-1;22;6;2023;15:05;1;10;10387;2;2;8;3;48.29514;4.07168;4;1;1;0;2;1; -1;2;0;1;50;Indemne;3
202300035649;155 617 360;A01;7;0;2;1;13;1;203 766 665;1;1;1;1;1973.0;5;1;-1;-1;21;5;2023;08:30;1;62;62169;1;1;1;1;50.73016;2.021838;4;2;2;0;1;3; -1;1;0;1;80;Indemne;6
202300035649;155 617 363;B01;1;0;2;1;1;5;203 766 668;1;1;3;1;1975.0;5;2;-1;-1;21;5;2023;08:30;1;62;62169;1;1;1;1;50.73016;2.021838;4;2;2;0;1;3; -1;1;0;1;80;Blessé hospitalisé;6
202300035652;155 617 355;A01;7;0;9;4;26;0;203 766 658;1;1;1;2;1995.0;5;1;0;-1;20;6;2023;11:35;1;04;04070;2;1;1;2;44.08382;6.2054;4;-1;1;0;1;1; -1;1;9;1;50;Indemne;1
202300035652;155 617 355;A01;7;0;9;4;26;0;203 766 660;2;2;1;1;1995.0;0;1;0;-1;20;6;2023;11:35;1;04;04070;2;1;1;2;44.08382;6.2054;4;-1;1;0;1;1; -1;1;9;1;50;Indemne;1
202300035652;155 617 358;B01;1;0;2;1;1;5;203 766 663;1;1;4;1;1956.0;5;2;0;-1;20;6;2023;11:35;1;04;04070;2;1;1;2;44.08382;6.2054;4;-1;1;0;1;1; -1;1;9;1;50;Blessé léger;1
202300035657;155 617 343;B01;7;0;0;3;1;0;203 766 644;1;1;1;1;1957.0;0;8;-1;-1;19;5;2023;12:00;1;22;22209;2;1;1;1;48.58687;-2.143782;3;2;2;1;4;1;6;1;0;1;70;Indemne;4
202300035657;155 617 346;A01;80;0;0;0;13;3;203 766 647;1;1;2;1;1944.0;3;0;-1;-1;19;5;2023;12:00;1;22;22209;2;1;1;1;48.58687;-2.143782;3;2;2;1;4;1;6;1;0;1;70;Tué;4
202300035662;155 617 336;B01;1;0;2;1;0;5;203 766 635;1;1;4;1;1975.0;0;2;0;-1;8;11;2023;19:30;5;25;25056;2;6;1;3;47.259831;6.008732;3;2;2;0;2;3; -1;1;5;1;50;Blessé léger;2
202300035662;155 617 336;B01;1;0;2;1;0;5;203 766 635;1;1;4;1;1975.0;0;2;0;-1;8;11;2023;19:30;5;25;25056;2;6;1;3;47.259831;6.008732;3;-1; -1;-1;2;1; -1;1;5;1;-1;Blessé léger;2
202300035662;155 617 342;A01;7;0;9;3;1;1;203 766 642;1;1;1;2;1977.0;0;1;0;-1;8;11;2023;19:30;5;25;25056;2;6;1;3;47.259831;6.008732;3;2;2;0;2;3; -1;1;5;1;50;Indemne;2
202300035662;155 617 342;A01;7;0;9;3;1;1;203 766 642;1;1;1;2;1977.0;0;1;0;-1;8;11;2023;19:30;5;25;25056;2;6;1;3;47.259831;6.008732;3;-1; -1;-1;2;1; -1;1;5;1;-1;Indemne;2
202300035667;155 617 325;A01;7;0;2;6;4;1;203 766 622;1;1;1;2;1992.0;0;1;-1;-1;19;5;2023;13:00;1;68;68295;2;1;1;2;48.001402;7.381477;3;2;2;0;1;1;4;1;0;1;50;Indemne;4
202300035667;155 617 329;B01;1;0;2;1;1;5;203 766 626;1;1;3;1;1959.0;3;2;-1;-1;19;5;2023;13:00;1;68;68295;2;1;1;2;48.001402;7.381477;3;2;2;0;1;1;4;1;0;1;50;Blessé hospitalisé;4
202300035705;155 617 253;A01;10;0;2;7;16;3;203 766 536;1;1;1;1;1969.0;4;1;8;-1;23;6;2023;12:39;1;75;75105;2;3;1;3;48.841334;2.343671;4;2;3;2;1;1; -1;1;0;5;30;Indemne;4
202300035705;155 617 253;A01;10;0;2;7;16;3;203 766 536;1;1;1;1;1969.0;4;1;8;-1;23;6;2023;12:39;1;75;75105;2;3;1;3;48.841334;2.343671;4;2;2;2;1;1; -1;1;0;5;30;Indemne;4
202300035705;155 617 257;B01;1;0;2;1;1;5;203 766 541;1;1;4;2;1964.0;9;8;8;-1;23;6;2023;12:39;1;75;75105;2;3;1;3;48.841334;2.343671;4;2;3;2;1;1; -1;1;0;5;30;Blessé léger;4
202300035705;155 617 257;B01;1;0;2;1;1;5;203 766 541;1;1;4;2;1964.0;9;8;8;-1;23;6;2023;12:39;1;75;75105;2;3;1;3;48.841334;2.343671;4;2;2;2;1;1; -1;1;0;5;30;Blessé léger;4
202300035721;155 617 226;A01;80;0;2;8;15;3;203 766 492;1;1;4;1;1955.0;5;8;0;-1;22;6;2023;17:10;1;75;75105;2;3;1;3;48.839952;2.351406;4;1;1;0;1;3; -1;1;0;1;30;Blessé léger;3
202300035721;155 617 226;A01;80;0;2;8;15;3;203 766 492;1;1;4;1;1955.0;5;8;0;-1;22;6;2023;17:10;1;75;75105;2;3;1;3;48.839952;2.351406;4;2;2;0;2;1; -1;1;0;1;30;Blessé léger;3
202300035721;155 617 229;B01;7;0;2;1;1;3;203 766 496;1;1;1;1;1976.0;1;1;0;-1;22;6;2023;17:10;1;75;75105;2;3;1;3;48.839952;2.351406;4;1;1;0;1;3; -1;1;0;1;30;Indemne;3
202300035721;155 617 229;B01;7;0;2;1;1;3;203 766 496;1;1;1;1;1976.0;1;1;0;-1;22;6;2023;17:10;1;75;75105;2;3;1;3;48.839952;2.351406;4;2;2;0;2;1; -1;1;0;1;30;Indemne;3
202300035727;155 617 214;A01;7;0;2;4;14;1;203 766 474;2;2;1;2;1966.0;5;8;-1;-1;19;5;2023;20:15;2;69;69063;2;1;2;2;45.81601;4.849632;7;2;2;1;1;1;10,5;2;0;5;50;Indemne;4
202300035727;155 617 214;A01;7;0;2;4;14;1;203 766 478;1;1;1;1;1959.0;5;8;-1;-1;19;5;2023;20:15;2;69;69063;2;1;2;2;45.81601;4.849632;7;2;2;1;1;1;10,5;2;0;5;50;Indemne;4
202300035727;155 617 218;B01;1;0;2;1;1;5;203 766 481;1;1;3;1;1958.0;5;2;9;-1;19;5;2023;20:15;2;69;69063;2;1;2;2;45.81601;4.849632;7;2;2;1;1;1;10,5;2;0;5;50;Blessé hospitalisé;4
202300035735;155 617 205;B01;1;0;2;1;1;5;203 766 460;1;1;4;1;1958.0;0;8;0;-1;27;2;2023;07:00;1;974;97411;2;3;1;1;-20.8925;55.4626;4;2;2;0;2;1; -1;1;0;1;50;Blessé léger;0
202300035735;155 617 205;B01;1;0;2;1;1;5;203 766 460;1;1;4;1;1958.0;0;8;0;-1;27;2;2023;07:00;1;974;97411;2;3;1;1;-20.8925;55.4626;4;2;2;0;1;1; -1;1;0;1;50;Blessé léger;0
202300035735;155 617 207;A01;7;0;2;2;15;1;203 766 465;1;1;1;1;1962.0;1;1;0;-1;27;2;2023;07:00;1;974;97411;2;3;1;1;-20.8925;55.4626;4;2;2;0;2;1; -1;1;0;1;50;Indemne;0
202300035735;155 617 207;A01;7;0;2;2;15;1;203 766 465;1;1;1;1;1962.0;1;1;0;-1;27;2;2023;07:00;1;974;97411;2;3;1;1;-20.8925;55.4626;4;2;2;0;1;1; -1;1;0;1;50;Indemne;0
202300035737;155 617 201;A01;7;0;2;4;8;1;203 766 457;1;1;1;1;1976.0;4;1;0;-1;8;11;2023;22:20;5;75;75106;2;7;2;2;48.8535583;2.334211;4;1;3;3;1;1; -1;2;0;1;30;Indemne;2
202300035737;155 617 201;A01;7;0;2;4;8;1;203 766 457;1;1;1;1;1976.0;4;1;0;-1;8;11;2023;22:20;5;75;75106;2;7;2;2;48.8535583;2.334211;4;1; -1;-1;1;1; -1;2;0;1;30;Indemne;2
202300035737;155 617 204;B01;1;0;2;1;2;5;203 766 461;1;1;4;1;2003.0;1;8;0;-1;8;11;2023;22:20;5;75;75106;2;7;2;2;48.8535583;2.334211;4;1;3;3;1;1; -1;2;0;1;30;Blessé léger;2
202300035737;155 617 204;B01;1;0;2;1;2;5;203 766 461;1;1;4;1;2003.0;1;8;0;-1;8;11;2023;22:20;5;75;75106;2;7;2;2;48.8535583;2.334211;4;1; -1;-1;1;1; -1;2;0;1;30;Blessé léger;2
202300035743;155 617 192;A01;7;0;2;2;1;3;203 766 447;1;1;1;2;1963.0;1;1;8;-1;8;11;2023;07:23;2;75;75106;2;3;1;3;48.85715;2.33863;4;1; -1;-1;1;1; -1;1;0;1;-1;Indemne;2
202300035743;155 617 192;A01;7;0;2;2;1;3;203 766 447;1;1;1;2;1963.0;1;1;8;-1;8;11;2023;07:23;2;75;75106;2;3;1;3;48.85715;2.33863;4;1;2;0;1;1; -1;1;0;1;30;Indemne;2
202300035743;155 617 195;B01;1;0;2;3;15;5;203 766 450;1;1;4;1;2001.0;4;8;8;-1;8;11;2023;07:23;2;75;75106;2;3;1;3;48.85715;2.33863;4;1; -1;-1;1;1; -1;1;0;1;-1;Blessé léger;2
202300035743;155 617 195;B01;1;0;2;3;15;5;203 766 450;1;1;4;1;2001.0;4;8;8;-1;8;11;2023;07:23;2;75;75106;2;3;1;3;48.85715;2.33863;4;1;2;0;1;1; -1;1;0;1;30;Blessé léger;2
202300035745;155 617 189;B01;1;0;2;3;1;5;203 766 442;1;1;4;1;1989.0;5;2;0;-1;11;4;2023;15:30;1;974;97411;1;1;1;1;-20.88626;55.43987;3;-1;2;0;2;2; -1;1;0;8;50;Blessé léger;1
202300035745;155 617 191;A01;10;0;9;3;11;1;203 766 445;1;1;1;1;1994.0;4;1;0;-1;11;4;2023;15:30;1;974;97411;1;1;1;1;-20.88626;55.43987;3;-1;2;0;2;2; -1;1;0;8;50;Indemne;1
202300035745;155 617 191;A01;10;0;9;3;11;1;203 766 448;2;2;4;1;1989.0;0;1;0;-1;11;4;2023;15:30;1;974;97411;1;1;1;1;-20.88626;55.43987;3;-1;2;0;2;2; -1;1;0;8;50;Blessé léger;1
202300035755;155 617 174;A01;1;1;2;3;9;5;203 766 421;1;1;1;1;1983.0;1;2;0;-1;8;11;2023;10:19;1;75;75113;2;3;1;3;48.819473;2.363779;4;4;5;1;1;1; -1;1;0;5;30;Indemne;2
202300035755;155 617 174;A01;1;1;2;3;9;5;203 766 421;1;1;1;1;1983.0;1;2;0;-1;8;11;2023;10:19;1;75;75113;2;3;1;3;48.819473;2.363779;4;1; -1;-1;1;1; -1;1;0;5;30;Indemne;2
202300035755;155 617 175;B01;1;0;2;1;1;5;203 766 423;1;1;4;2;1993.0;1;2;8;-1;8;11;2023;10:19;1;75;75113;2;3;1;3;48.819473;2.363779;4;4;5;1;1;1; -1;1;0;5;30;Blessé léger;2
202300035755;155 617 175;B01;1;0;2;1;1;5;203 766 423;1;1;4;2;1993.0;1;2;8;-1;8;11;2023;10:19;1;75;75113;2;3;1;3;48.819473;2.363779;4;1; -1;-1;1;1; -1;1;0;5;30;Blessé léger;2
202300035762;155 617 159;A01;7;0;2;2;16;0;203 766 403;1;1;1;2;1974.0;1;1;0;-1;23;6;2023;16:15;1;94;94076;2;9;1;3;48.80104;2.36515;3;3;4;3;1;1; -1;1;-1;1;50;Indemne;4
202300035762;155 617 159;A01;7;0;2;2;16;0;203 766 403;1;1;1;2;1974.0;1;1;0;-1;23;6;2023;16:15;1;94;94076;2;9;1;3;48.80104;2.36515;3;1;1;0;1;1; -1;1;0;1;-1;Indemne;4
202300035762;155 617 160;B01;1;0;0;0;0;5;203 766 405;1;1;4;1;1981.0;0;-1;0;-1;23;6;2023;16:15;1;94;94076;2;9;1;3;48.80104;2.36515;3;3;4;3;1;1; -1;1;-1;1;50;Blessé léger;4
202300035762;155 617 160;B01;1;0;0;0;0;5;203 766 405;1;1;4;1;1981.0;0;-1;0;-1;23;6;2023;16:15;1;94;94076;2;9;1;3;48.80104;2.36515;3;1;1;0;1;1; -1;1;0;1;-1;Blessé léger;4
202300035781;155 617 123;A01;1;0;1;1;1;5;203 766 359;1;1;1;1;2002.0;9;2;0;-1;8;11;2023;11:40;1;75;75109;2;2;8;6;48.875523;2.326634;4;2; -1;-1;1;1; -1;1;0;1;30;Indemne;2
202300035781;155 617 123;A01;1;0;1;1;1;5;203 766 359;1;1;1;1;2002.0;9;2;0;-1;8;11;2023;11:40;1;75;75109;2;2;8;6;48.875523;2.326634;4;2;4;1;1;1; -1;1;0;5;30;Indemne;2
202300035781;155 617 123;A01;1;0;1;1;1;5;203 766 361;10;3;4;2;1962.0;9;0;-1;-1;8;11;2023;11:40;1;75;75109;2;2;8;6;48.875523;2.326634;4;2; -1;-1;1;1; -1;1;0;1;30;Blessé léger;2
202300035781;155 617 123;A01;1;0;1;1;1;5;203 766 361;10;3;4;2;1962.0;9;0;-1;-1;8;11;2023;11:40;1;75;75109;2;2;8;6;48.875523;2.326634;4;2;4;1;1;1; -1;1;0;5;30;Blessé léger;2
202300035785;155 617 119;A01;7;0;2;3;9;1;203 766 352;1;1;1;1;1996.0;5;8;0;-1;11;4;2023;19:30;1;95;95598;2;1;2;3;48.9903;2.29634;4;1;1;0;1;1; -1;2;0;1;50;Indemne;1
202300035785;155 617 122;B01;1;0;2;1;1;5;203 766 356;1;1;4;1;1958.0;5;2;0;-1;11;4;2023;19:30;1;95;95598;2;1;2;3;48.9903;2.29634;4;1;1;0;1;1; -1;2;0;1;50;Blessé léger;1
202300035790;155 617 108;A01;1;14;0;7;14;5;203 766 340;1;1;4;1;1960.0;1;8;0;-1;8;11;2023;07:25;5;75;75104;2;1;1;6;48.856401;2.356131;4;2;3;1;1;1; -1;1;0;5;30;Blessé léger;2
202300035799;155 617 090;B01;80;1;0;1;1;5;203 766 309;1;1;4;1;1989.0;4;8;8;-1;11;4;2023;10:40;1;88;88087;2;1;1;6;48.17612;6.41242;3;2;2;0;1;1; -1;1;0;1;50;Blessé léger;1
202300035822;155 617 046;A01;10;0;2;2;16;1;203 766 257;1;1;1;1;1984.0;5;1;0;-1;23;6;2023;11:45;1;93;93014;2;3;1;3;48.90856087;2.54341757;4;2;4;2;2;1; -1;1;6;1;50;Indemne;4
202300035822;155 617 046;A01;10;0;2;2;16;1;203 766 257;1;1;1;1;1984.0;5;1;0;-1;23;6;2023;11:45;1;93;93014;2;3;1;3;48.90856087;2.54341757;4;2;2;-1;1;1; -1;1;0;1;-1;Indemne;4
202300035822;155 617 050;B01;1;0;2;0;1;5;203 766 262;1;1;4;1;1993.0;1;2;0;-1;23;6;2023;11:45;1;93;93014;2;3;1;3;48.90856087;2.54341757;4;2;4;2;2;1; -1;1;6;1;50;Blessé léger;4
202300035822;155 617 050;B01;1;0;2;0;1;5;203 766 262;1;1;4;1;1993.0;1;2;0;-1;23;6;2023;11:45;1;93;93014;2;3;1;3;48.90856087;2.54341757;4;2;2;-1;1;1; -1;1;0;1;-1;Blessé léger;4
202300035828;155 617 036;A01;7;0;2;4;4;1;203 766 245;1;1;1;1;1971.0;9;1;-1;-1;19;5;2023;16:15;1;14;14528;2;3;1;2;49.341919;0.317944;3;2;2;0;1;2; -1;1;0;1;50;Indemne;4
202300035828;155 617 036;A01;7;0;2;4;4;1;203 766 245;1;1;1;1;1971.0;9;1;-1;-1;19;5;2023;16:15;1;14;14528;2;3;1;2;49.341919;0.317944;3;2;2;0;1;1; -1;1;0;1;50;Indemne;4
202300035828;155 617 038;B01;1;0;2;1;15;5;203 766 247;1;1;4;1;2005.0;5;2;-1;-1;19;5;2023;16:15;1;14;14528;2;3;1;2;49.341919;0.317944;3;2;2;0;1;2; -1;1;0;1;50;Blessé léger;4
202300035828;155 617 038;B01;1;0;2;1;15;5;203 766 247;1;1;4;1;2005.0;5;2;-1;-1;19;5;2023;16:15;1;14;14528;2;3;1;2;49.341919;0.317944;3;2;2;0;1;1; -1;1;0;1;50;Blessé léger;4
202300035829;155 617 035;A01;1;0;1;1;15;5;203 766 242;1;1;1;1;1997.0;5;8;0;-1;22;6;2023;21:30;2;92;92072;2;1;1;6;48.82312;2.20957;3;3;2;1;1;1; -1;1;9;5;50;Indemne;3
202300035829;155 617 035;A01;1;0;1;1;15;5;203 766 244;10;3;4;2;1971.0;0;0;-1;-1;22;6;2023;21:30;2;92;92072;2;1;1;6;48.82312;2.20957;3;3;2;1;1;1; -1;1;9;5;50;Blessé léger;3
202300035849;155 617 001;A01;1;0;2;3;1;5;203 766 194;1;1;4;1;1983.0;0;2;0;-1;22;6;2023;17:40;1;92;92036;2;6;1;3;48.936788;2.304033;3;1;1;0;1;2; -1;1;0;1;50;Blessé léger;3
202300035849;155 617 001;A01;1;0;2;3;1;5;203 766 194;1;1;4;1;1983.0;0;2;0;-1;22;6;2023;17:40;1;92;92036;2;6;1;3;48.936788;2.304033;3;3;4;0;1;1; -1;1;0;1;50;Blessé léger;3