Num_Acc;id_vehicule;num_veh;catv;obs;obsm;choc;manv;motor;id_usager;place;catu;grav;sexe;an_nais;trajet;secu1;secu2;secu3;jour;mois;an;hrmn;lum;dep;com;agg;int;atm;col;lat;long;catr;circ;nbv;vosp;prof;plan;larrout;surf;infra;situ;vma;gravity;day_of_week
202300035849;155 617 002;B01;7;0;2;1;9;1;203 766 197;1;1;1;1;1986.0;0;1;8;-1;22;6;2023;17:40;1;92;92036;2;6;1;3;48.936788;2.304033;3;1;1;0;1;2; -1;1;0;1;50;Indemne;3
202300035849;155 617 002;B01;7;0;2;1;9;1;203 766 197;1;1;1;1;1986.0;0;1;8;-1;22;6;2023;17:40;1;92;92036;2;6;1;3;48.936788;2.304033;3;3;4;0;1;1; -1;1;0;1;50;Indemne;3
202300035861;155 616 979;A01;7;0;9;3;0;6;203 766 164;1;1;1;1;1953.0;5;1;0;-1;23;6;2023;12:00;1;92;92002;2;9;1;3;48.74973;2.30881;4;1;2;0;1;2; -1;1;9;1;50;Indemne;4
202300035861;155 616 982;B01;1;0;2;7;0;5;203 766 168;1;1;4;1;1973.0;1;2;0;-1;23;6;2023;12:00;1;92;92002;2;9;1;3;48.74973;2.30881;4;1;2;0;1;2; -1;1;9;1;50;Blessé léger;4
202300035871;155 616 961;A01;1;0;2;0;1;5;203 766 145;1;1;4;1;1979.0;3;0;-1;-1;21;5;2023;12:04;1;53;53162;1;6;1;3;48.262727;-0.629053;3;1;1;0;1;1;4;1;9;4;70;Blessé léger;6
202300035871;155 616 967;B01;1;0;0;0;0;5;203 766 149;1;1;1;2;1991.0;5;2;6;-1;21;5;2023;12:04;1;53;53162;1;6;1;3;48.262727;-0.629053;3;1;1;0;1;1;4;1;9;4;70;Indemne;6
202300035872;155 616 962;A01;7;0;2;2;2;1;203 766 144;1;1;1;1;1987.0;5;1;-1;-1;23;6;2023;18:50;1;01;01085;1;3;1;2;46.090555;5.028001;3;2;2;0;2;1;4;1;0;1;80;Indemne;4
202300035872;155 616 962;A01;7;0;2;2;2;1;203 766 144;1;1;1;1;1987.0;5;1;-1;-1;23;6;2023;18:50;1;01;01085;1;3;1;2;46.090555;5.028001;3;2;2;0;2;1;4;1;0;1;80;Indemne;4
202300035872;155 616 966;B01;1;0;0;4;2;5;203 766 151;1;1;3;1;1984.0;5;0;-1;-1;23;6;2023;18:50;1;01;01085;1;3;1;2;46.090555;5.028001;3;2;2;0;2;1;4;1;0;1;80;Blessé hospitalisé;4
202300035872;155 616 966;B01;1;0;0;4;2;5;203 766 151;1;1;3;1;1984.0;5;0;-1;-1;23;6;2023;18:50;1;01;01085;1;3;1;2;46.090555;5.028001;3;2;2;0;2;1;4;1;0;1;80;Blessé hospitalisé;4
202300035878;155 616 951;A01;7;1;2;0;22;1;203 766 132;1;1;1;1;1998.0;4;1;8;-1;6;11;2023;12:10;1;92;92063;2;1;1;3;48.85951315;2.18204141;4;2;2;0;1;1; -1;1;0;1;50;Indemne;0
202300035878;155 616 953;B01;1;1;0;0;1;5;203 766 135;1;1;3;2;1952.0;0;2;8;-1;6;11;2023;12:10;1;92;92063;2;1;1;3;48.85951315;2.18204141;4;2;2;0;1;1; -1;1;0;1;50;Blessé hospitalisé;0
202300035890;155 616 930;A01;1;0;0;2;1;5;203 766 094;1;1;3;1;1950.0;5;2;6;-1;19;5;2023;13:22;1;87;87154;2;1;1;7;45.902306;0.929356;4;2;2;0;1;1; -1;1;0;1;50;Blessé hospitalisé;4
202300035892;155 616 924;A01;1;0;9;0;0;5;203 766 087;1;1;1;1;1973.0;0;2;0;-1;8;11;2023;08:00;1;92;92050;2;3;8;3;48.890812;2.21579343;4;1;2;1;1;1; -1;1;0;1;50;Indemne;2
202300035892;155 616 924;A01;1;0;9;0;0;5;203 766 087;1;1;1;1;1973.0;0;2;0;-1;8;11;2023;08:00;1;92;92050;2;3;8;3;48.890812;2.21579343;4;2;2;2;1;1; -1;1;5;5;30;Indemne;2
202300035892;155 616 928;B01;50;0;9;0;0;3;203 766 092;1;1;4;1;2004.0;0;8;0;-1;8;11;2023;08:00;1;92;92050;2;3;8;3;48.890812;2.21579343;4;1;2;1;1;1; -1;1;0;1;50;Blessé léger;2
202300035892;155 616 928;B01;50;0;9;0;0;3;203 766 092;1;1;4;1;2004.0;0;8;0;-1;8;11;2023;08:00;1;92;92050;2;3;8;3;48.890812;2.21579343;4;2;2;2;1;1; -1;1;5;5;30;Blessé léger;2
202300035900;155 616 914;A01;1;0;1;1;0;5;203 766 071;10;3;3;2;1979.0;5;9;-1;-1;9;6;2023;18:40;2;974;97404;1;1;1;6;-21.281312;55.346584;4;2;2;1;1;3; -1;1;6;5;80;Blessé hospitalisé;4
202300035900;155 616 914;A01;1;0;1;1;0;5;203 766 072;1;1;1;1;1981.0;5;2;-1;-1;9;6;2023;18:40;2;974;97404;1;1;1;6;-21.281312;55.346584;4;2;2;1;1;3; -1;1;6;5;80;Indemne;4
202300035902;155 616 913;A01;1;0;1;1;25;5;203 766 068;10;3;4;2;1984.0;1;0;-1;-1;27;2;2023;08:15;1;37;37261;2;1;1;6;47.38611804;0.69905877;4;-1;0;3;1;1; -1;1;6;6;30;Blessé léger;0
202300035902;155 616 913;A01;1;0;1;1;25;5;203 766 070;1;1;1;1;1978.0;5;2;8;-1;27;2;2023;08:15;1;37;37261;2;1;1;6;47.38611804;0.69905877;4;-1;0;3;1;1; -1;1;6;6;30;Indemne;0
202300035924;155 616 874;A01;7;0;9;2;2;1;203 766 022;1;1;1;1;1998.0;3;1;-1;-1;18;5;2023;21:25;2;67;67309;1;1;1;3;48.637801;7.72702;7;2;2;1;2;1;5,5;1;2;1;80;Indemne;3
202300035924;155 616 876;B01;80;0;0;8;13;3;203 766 024;1;1;3;1;1999.0;4;0;-1;-1;18;5;2023;21:25;2;67;67309;1;1;1;3;48.637801;7.72702;7;2;2;1;2;1;5,5;1;2;1;80;Blessé hospitalisé;3
202300035932;155 616 856;A01;7;0;2;3;16;1;203 765 999;1;1;1;1;1963.0;5;1;-1;-1;8;11;2023;20:15;5;59;59082;1;1;3;3;50.985042;2.405381;3;2;2;1;1;1; -1;2;0;5;80;Indemne;2
202300035932;155 616 859;B01;1;0;0;1;1;5;203 766 002;1;1;3;1;1973.0;5;2;4;-1;8;11;2023;20:15;5;59;59082;1;1;3;3;50.985042;2.405381;3;2;2;1;1;1; -1;2;0;5;80;Blessé hospitalisé;2
202300035962;155 616 806;A01;1;0;2;1;13;5;203 765 927;1;1;3;1;1971.0;5;4;-1;-1;18;5;2023;19:00;3;971;97125;1;1;1;1;16.259447;-61.301388;4;2;2;0;2;4; -1;1;0;1;80;Blessé hospitalisé;3
202300035962;155 616 807;B01;10;0;9;1;1;1;203 765 929;1;1;1;1;1971.0;5;1;-1;-1;18;5;2023;19:00;3;971;97125;1;1;1;1;16.259447;-61.301388;4;2;2;0;2;4; -1;1;0;1;80;Indemne;3
202300035979;155 616 782;A01;1;0;0;1;1;5;203 765 890;1;1;4;2;1964.0;5;8;0;-1;11;4;2023;07:55;1;43;43002;2;1;2;7;45.052264;3.881304;4;2;2;0;2;1; -1;2;0;1;50;Blessé léger;1
202300035985;155 616 776;A01;7;0;2;5;16;1;203 765 881;1;1;1;1;1981.0;1;8;-1;-1;8;11;2023;17:30;5;03;03119;2;7;1;2;46.731119;3.61153;3;2;2;0;1;1;5,5;1;9;1;50;Indemne;2
202300035985;155 616 780;B01;1;0;2;1;1;5;203 765 887;1;1;3;1;1987.0;1;8;-1;-1;8;11;2023;17:30;5;03;03119;2;7;1;2;46.731119;3.61153;3;2;2;0;1;1;5,5;1;9;1;50;Blessé hospitalisé;2
202300035987;155 616 766;B01;1;0;2;8;9;5;203 765 868;1;1;3;1;1964.0;5;2;-1;-1;24;6;2023;11:30;1;42;42235;1;1;1;1;45.369721;4.047121;3;2;2;0;1;2; -1;1;0;1;80;Blessé hospitalisé;5
202300035987;155 616 769;A01;7;0;2;2;1;1;203 765 870;1;1;1;2;1980.0;5;1;-1;-1;24;6;2023;11:30;1;42;42235;1;1;1;1;45.369721;4.047121;3;2;2;0;1;2; -1;1;0;1;80;Indemne;5
202300035994;155 616 756;B01;7;0;2;4;2;1;203 765 854;1;1;1;1;1998.0;9;1;-1;-1;11;4;2023;18:10;1;35;35238;2;1;1;2;48.09573;-1.67472;4;2;2;2;1;1; -1;1;0;1;30;Indemne;1
202300035994;155 616 759;A01;1;0;2;1;2;5;203 765 858;1;1;4;1;2003.0;2;8;-1;-1;11;4;2023;18:10;1;35;35238;2;1;1;2;48.09573;-1.67472;4;2;2;2;1;1; -1;1;0;1;30;Blessé léger;1
202300035996;155 616 752;B01;1;0;2;1;15;5;203 765 849;1;1;3;1;1970.0;5;2;-1;-1;21;5;2023;12:40;1;83;83071;1;3;1;1;43.126233;6.198617;3;2;2;0;1;1;7;9;0;1;70;Blessé hospitalisé;6
202300035996;155 616 752;B01;1;0;2;1;15;5;203 765 849;1;1;3;1;1970.0;5;2;-1;-1;21;5;2023;12:40;1;83;83071;1;3;1;1;43.126233;6.198617;3;2;2;0;1;1; -1;1;0;1;50;Blessé hospitalisé;6
202300035996;155 616 755;A01;7;0;2;1;1;1;203 765 852;1;1;1;1;1982.0;5;1;-1;-1;21;5;2023;12:40;1;83;83071;1;3;1;1;43.126233;6.198617;3;2;2;0;1;1;7;9;0;1;70;Indemne;6
202300035996;155 616 755;A01;7;0;2;1;1;1;203 765 852;1;1;1;1;1982.0;5;1;-1;-1;21;5;2023;12:40;1;83;83071;1;3;1;1;43.126233;6.198617;3;2;2;0;1;1; -1;1;0;1;50;Indemne;6
202300036000;155 616 745;A01;1;0;0;7;1;5;203 765 837;1;1;3;1;1981.0;5;2;-1;-1;23;6;2023;19:50;1;35;35331;2;1;1;7;48.110411;-1.92795;4;2;2;2;2;3; -1;1;0;1;30;Blessé hospitalisé;4
202300036002;155 616 741;A01;7;0;0;4;2;1;203 765 834;1;1;1;2;1956.0;5;1;-1;-1;20;5;2023;11:20;1;06;06070;2;1;2;2;43.796062;6.945387;3;2;2;0;2;1;5;2;9;1;50;Indemne;5
202300036002;155 616 746;B01;1;0;2;1;2;5;203 765 841;1;1;3;1;1958.0;5;2;-1;-1;20;5;2023;11:20;1;06;06070;2;1;2;2;43.796062;6.945387;3;2;2;0;2;1;5;2;9;1;50;Blessé hospitalisé;5
202300036005;155 616 739;A01;80;6;0;1;1;3;203 765 832;1;1;3;2;1972.0;5;9;-1;-1;24;6;2023;16:10;1;29;29168;1;1;1;6;48.034102;-4.719567;4;2;2;0;2;1; -1;1;0;3;-1;Blessé hospitalisé;5
202300036010;155 616 732;A01;7;0;2;1;9;1;203 765 821;1;1;1;1;1967.0;4;1;-1;-1;11;4;2023;08:30;1;33;33318;2;6;1;2;44.79315;-0.64589;4;3;2;1;1;1; -1;1;0;1;50;Indemne;1
202300036010;155 616 732;A01;7;0;2;1;9;1;203 765 821;1;1;1;1;1967.0;4;1;-1;-1;11;4;2023;08:30;1;33;33318;2;6;1;2;44.79315;-0.64589;4;2; -1;-1;1;1; -1;1;0;1;-1;Indemne;1
202300036010;155 616 736;B01;1;0;2;5;1;5;203 765 826;1;1;4;1;2000.0;1;0;-1;-1;11;4;2023;08:30;1;33;33318;2;6;1;2;44.79315;-0.64589;4;3;2;1;1;1; -1;1;0;1;50;Blessé léger;1
202300036010;155 616 736;B01;1;0;2;5;1;5;203 765 826;1;1;4;1;2000.0;1;0;-1;-1;11;4;2023;08:30;1;33;33318;2;6;1;2;44.79315;-0.64589;4;2; -1;-1;1;1; -1;1;0;1;-1;Blessé léger;1
202300036011;155 616 726;B01;7;0;0;0;9;1;203 765 811;1;1;1;1;1957.0;5;1;-1;-1;8;11;2023;10:30;1;16;16167;1;3;1;7;45.684369;-0.153283;3;2;2;0;1;1;9;1;5;1;80;Indemne;2
202300036011;155 616 726;B01;7;0;0;0;9;1;203 765 811;1;1;1;1;1957.0;5;1;-1;-1;8;11;2023;10:30;1;16;16167;1;3;1;7;45.684369;-0.153283;3;2; -1;-1;1;1;5;1;5;1;50;Indemne;2
202300036011;155 616 729;A01;80;0;0;0;21;3;203 765 818;1;1;4;1;1951.0;5;2;-1;-1;8;11;2023;10:30;1;16;16167;1;3;1;7;45.684369;-0.153283;3;2;2;0;1;1;9;1;5;1;80;Blessé léger;2
202300036011;155 616 729;A01;80;0;0;0;21;3;203 765 818;1;1;4;1;1951.0;5;2;-1;-1;8;11;2023;10:30;1;16;16167;1;3;1;7;45.684369;-0.153283;3;2; -1;-1;1;1;5;1;5;1;50;Blessé léger;2
202300036013;155 616 728;A01;1;0;1;1;1;5;203 765 813;10;3;4;2;1985.0;9;0;-1;-1;28;2;2023;18:40;5;75;75107;2;2;1;6;48.85745;2.291115;4;2; -1;-1;1;1; -1;1;-1;5;-1;Blessé léger;1
202300036013;155 616 728;A01;1;0;1;1;1;5;203 765 813;10;3;4;2;1985.0;9;0;-1;-1;28;2;2023;18:40;5;75;75107;2;2;1;6;48.85745;2.291115;4;2;1;1;1;1; -1;1;-1;5;30;Blessé léger;1
202300036013;155 616 728;A01;1;0;1;1;1;5;203 765 817;1;1;1;2;1995.0;9;8;0;-1;28;2;2023;18:40;5;75;75107;2;2;1;6;48.85745;2.291115;4;2; -1;-1;1;1; -1;1;-1;5;-1;Indemne;1
202300036013;155 616 728;A01;1;0;1;1;1;5;203 765 817;1;1;1;2;1995.0;9;8;0;-1;28;2;2023;18:40;5;75;75107;2;2;1;6;48.85745;2.291115;4;2;1;1;1;1; -1;1;-1;5;30;Indemne;1
202300036018;155 616 713;B01;80;0;2;4;2;3;203 765 790;1;1;3;1;1950.0;5;2;6;-1;24;6;2023;09:07;1;02;02827;1;6;7;2;49.731484;3.754481;2;2;2;0;1;2;7;1;0;1;80;Blessé hospitalisé;5
202300036018;155 616 713;B01;80;0;2;4;2;3;203 765 790;1;1;3;1;1950.0;5;2;6;-1;24;6;2023;09:07;1;02;02827;1;6;7;2;49.731484;3.754481;2;2;2;0;1;3;7;1;0;1;80;Blessé hospitalisé;5
202300036018;155 616 716;A01;7;0;2;3;9;1;203 765 794;1;1;1;2;1958.0;5;1;-1;-1;24;6;2023;09:07;1;02;02827;1;6;7;2;49.731484;3.754481;2;2;2;0;1;2;7;1;0;1;80;Indemne;5
202300036018;155 616 716;A01;7;0;2;3;9;1;203 765 794;1;1;1;2;1958.0;5;1;-1;-1;24;6;2023;09:07;1;02;02827;1;6;7;2;49.731484;3.754481;2;2;2;0;1;3;7;1;0;1;80;Indemne;5
202300036022;155 616 708;B01;1;0;2;8;19;5;203 765 781;1;1;3;1;2015.0;5;0;-1;-1;24;6;2023;12:45;1;02;02560;2;3;1;1;49.698761;3.459465;3;2;2;0;1;1;4;1;0;1;50;Blessé hospitalisé;5
202300036022;155 616 708;B01;1;0;2;8;19;5;203 765 781;1;1;3;1;2015.0;5;0;-1;-1;24;6;2023;12:45;1;02;02560;2;3;1;1;49.698761;3.459465;3;2;2;0;1;1;4;1;0;1;50;Blessé hospitalisé;5
202300036022;155 616 710;A01;7;0;2;2;1;1;203 765 784;1;1;1;2;2001.0;9;1;-1;-1;24;6;2023;12:45;1;02;02560;2;3;1;1;49.698761;3.459465;3;2;2;0;1;1;4;1;0;1;50;Indemne;5
202300036022;155 616 710;A01;7;0;2;2;1;1;203 765 784;1;1;1;2;2001.0;9;1;-1;-1;24;6;2023;12:45;1;02;02560;2;3;1;1;49.698761;3.459465;3;2;2;0;1;1;4;1;0;1;50;Indemne;5
202300036038;155 616 683;A01;1;0;2;1;2;5;203 765 747;1;1;3;1;1993.0;5;2;-1;-1;7;6;2023;12:57;1;06;06105;2;1;1;2;43.663622;7.054805;3;2;2;0;2;1;6;1;0;1;50;Blessé hospitalisé;2
202300036038;155 616 684;B01;7;0;9;6;2;0;203 765 748;1;1;1;1;1987.0;0;1;-1;-1;7;6;2023;12:57;1;06;06105;2;1;1;2;43.663622;7.054805;3;2;2;0;2;1;6;1;0;1;50;Indemne;2
202300036060;155 616 647;B01;1;0;2;8;19;5;203 765 696;1;1;3;1;1971.0;5;2;-1;-1;24;6;2023;15:20;1;88;88426;2;2;1;3;47.853587;6.812671;4;2;2;0;2;1; -1;1;5;1;50;Blessé hospitalisé;5
202300036060;155 616 647;B01;1;0;2;8;19;5;203 765 696;1;1;3;1;1971.0;5;2;-1;-1;24;6;2023;15:20;1;88;88426;2;2;1;3;47.853587;6.812671;4;2; -1;3;1;1; -1;1;5;1;-1;Blessé hospitalisé;5
202300036060;155 616 651;A01;7;0;9;1;1;1;203 765 699;1;1;1;1;1993.0;0;8;-1;-1;24;6;2023;15:20;1;88;88426;2;2;1;3;47.853587;6.812671;4;2;2;0;2;1; -1;1;5;1;50;Indemne;5
202300036060;155 616 651;A01;7;0;9;1;1;1;203 765 699;1;1;1;1;1993.0;0;8;-1;-1;24;6;2023;15:20;1;88;88426;2;2;1;3;47.853587;6.812671;4;2; -1;3;1;1; -1;1;5;1;-1;Indemne;5
202300036075;155 616 618;A01;10;0;2;2;15;1;203 765 657;1;1;1;1;1967.0;0;1;-1;-1;31;10;2023;11:35;1;26;26347;2;4;8;3;45.069379;4.841088;2;2;3;0;1;1;9;1;0;1;50;Indemne;1
202300036075;155 616 618;A01;10;0;2;2;15;1;203 765 657;1;1;1;1;1967.0;0;1;-1;-1;31;10;2023;11:35;1;26;26347;2;4;8;3;45.069379;4.841088;2;2;3;0;1;1;9;1;0;1;50;Indemne;1
202300036075;155 616 619;B01;1;0;2;1;1;5;203 765 660;1;1;3;1;1947.0;0;0;-1;-1;31;10;2023;11:35;1;26;26347;2;4;8;3;45.069379;4.841088;2;2;3;0;1;1;9;1;0;1;50;Blessé hospitalisé;1
202300036075;155 616 619;B01;1;0;2;1;1;5;203 765 660;1;1;3;1;1947.0;0;0;-1;-1;31;10;2023;11:35;1;26;26347;2;4;8;3;45.069379;4.841088;2;2;3;0;1;1;9;1;0;1;50;Blessé hospitalisé;1
202300036084;155 616 594;A01;50;0;2;1;15;3;203 765 613;1;1;1;1;1963.0;5;0;-1;-1;22;6;2023;12:00;1;987;98726;1;1;1;1;-16.609;-143.295;3;2;2;0;1;1; -1;1;0;1;50;Indemne;3
202300036084;155 616 595;B01;1;0;2;1;1;5;203 765 616;1;1;3;1;1979.0;5;0;-1;-1;22;6;2023;12:00;1;987;98726;1;1;1;1;-16.609;-143.295;3;2;2;0;1;1; -1;1;0;1;50;Blessé hospitalisé;3
202300036089;155 616 584;B01;1;0;2;1;5;5;203 765 602;1;1;3;2;1987.0;5;0;-1;-1;10;4;2023;15:45;1;69;69387;2;1;1;1;45.74354;4.8538;4;2;2;2;1;1; -1;1;0;5;30;Blessé hospitalisé;0
202300036089;155 616 587;A01;7;0;2;2;18;1;203 765 605;1;1;1;1;2000.0;0;8;-1;-1;10;4;2023;15:45;1;69;69387;2;1;1;1;45.74354;4.8538;4;2;2;2;1;1; -1;1;0;5;30;Indemne;0
202300036091;155 616 579;A01;7;0;2;1;2;1;203 765 592;1;1;1;1;1968.0;5;8;-1;-1;21;6;2023;19:15;5;971;97128;1;1;1;2;16.235473;-61.369693;4;2;2;0;1;1; -1;1;0;1;70;Indemne;2
202300036091;155 616 582;B01;1;0;0;4;2;5;203 765 598;1;1;2;1;1962.0;5;0;-1;-1;21;6;2023;19:15;5;971;97128;1;1;1;2;16.235473;-61.369693;4;2;2;0;1;1; -1;1;0;1;70;Tué;2
202300036145;155 616 483;B01;1;0;2;7;2;5;203 765 461;1;1;4;1;1972.0;5;8;0;-1;10;4;2023;09:10;1;38;38423;2;1;1;3;45.21434;5.69685;7;3;0;2;1;1;0;1;0;5;50;Blessé léger;0
202300036145;155 616 487;A01;14;0;9;7;2;1;203 765 466;1;1;1;1;1980.0;4;8;0;-1;10;4;2023;09:10;1;38;38423;2;1;1;3;45.21434;5.69685;7;3;0;2;1;1;0;1;0;5;50;Indemne;0
202300036160;155 616 455;A01;7;0;9;2;2;1;203 765 420;1;1;1;2;1954.0;5;1;-1;-1;24;6;2023;10:50;1;64;64139;1;1;1;2;43.22341;-0.358815;3;2;2;0;2;2;5,5;1;0;1;70;Indemne;5
202300036160;155 616 458;B01;1;0;0;4;2;5;203 765 423;1;1;3;2;1954.0;5;2;-1;-1;24;6;2023;10:50;1;64;64139;1;1;1;2;43.22341;-0.358815;3;2;2;0;2;2;5,5;1;0;1;70;Blessé hospitalisé;5
202300036207;155 616 362;A01;1;0;2;8;18;5;203 765 304;1;1;4;2;1994.0;1;2;0;-1;11;4;2023;11:20;1;75;75119;2;2;1;3;48.882737;2.370306;4;2;4;0;1;1; -1;1;0;1;30;Blessé léger;1
202300036207;155 616 362;A01;1;0;2;8;18;5;203 765 304;1;1;4;2;1994.0;1;2;0;-1;11;4;2023;11:20;1;75;75119;2;2;1;3;48.882737;2.370306;4;2;0;0;1;1; -1;1;0;1;30;Blessé léger;1
202300036212;155 616 350;A01;1;0;2;1;1;5;203 765 291;1;1;4;1;1988.0;1;8;0;-1;11;4;2023;08:50;1;75;75119;2;2;1;2;48.884029;2.368837;4;-1; -1;0;1;1; -1;1;0;1;30;Blessé léger;1
202300036212;155 616 350;A01;1;0;2;1;1;5;203 765 291;1;1;4;1;1988.0;1;8;0;-1;11;4;2023;08:50;1;75;75119;2;2;1;2;48.884029;2.368837;4;1;3;2;1;2; -1;1;0;1;30;Blessé léger;1
202300036212;155 616 352;B01;7;0;0;0;23;1;203 765 293;2;2;1;2;1996.0;5;1;8;-1;11;4;2023;08:50;1;75;75119;2;2;1;2;48.884029;2.368837;4;-1; -1;0;1;1; -1;1;0;1;30;Indemne;1
202300036212;155 616 352;B01;7;0;0;0;23;1;203 765 293;2;2;1;2;1996.0;5;1;8;-1;11;4;2023;08:50;1;75;75119;2;2;1;2;48.884029;2.368837;4;1;3;2;1;2; -1;1;0;1;30;Indemne;1
202300036212;155 616 352;B01;7;0;0;0;23;1;203 765 295;1;1;1;2;1996.0;5;1;8;-1;11;4;2023;08:50;1;75;75119;2;2;1;2;48.884029;2.368837;4;-1; -1;0;1;1; -1;1;0;1;30;Indemne;1
202300036212;155 616 352;B01;7;0;0;0;23;1;203 765 295;1;1;1;2;1996.0;5;1;8;-1;11;4;2023;08:50;1;75;75119;2;2;1;2;48.884029;2.368837;4;1;3;2;1;2; -1;1;0;1;30;Indemne;1
202300036213;155 616 346;B01;1;0;2;3;2;5;203 765 287;1;1;4;1;1983.0;5;2;-1;-1;1;3;2023;07:35;1;33;33051;2;9;1;2;44.633876;-0.976974;3;2;2;1;1;1; -1;1;0;1;50;Blessé léger;2
202300036213;155 616 347;A01;7;0;9;5;17;1;203 765 288;1;1;1;1;1974.0;1;1;-1;-1;1;3;2023;07:35;1;33;33051;2;9;1;2;44.633876;-0.976974;3;2;2;1;1;1; -1;1;0;1;50;Indemne;2
202300036214;155 616 345;A01;7;0;2;1;19;1;203 765 286;1;1;1;1;1940.0;5;1;-1;-1;7;11;2023;10:30;1;69;69387;2;2;1;3;45.75135;4.84488;4;1;1;2;1;1; -1;1;0;1;30;Indemne;1
202300036214;155 616 345;A01;7;0;2;1;19;1;203 765 286;1;1;1;1;1940.0;5;1;-1;-1;7;11;2023;10:30;1;69;69387;2;2;1;3;45.75135;4.84488;4;1;1;2;1;1; -1;1;0;1;30;Indemne;1
202300036214;155 616 348;B01;1;0;2;7;2;5;203 765 289;1;1;4;1;1996.0;2;8;-1;-1;7;11;2023;10:30;1;69;69387;2;2;1;3;45.75135;4.84488;4;1;1;2;1;1; -1;1;0;1;30;Blessé léger;1
202300036214;155 616 348;B01;1;0;2;7;2;5;203 765 289;1;1;4;1;1996.0;2;8;-1;-1;7;11;2023;10:30;1;69;69387;2;2;1;3;45.75135;4.84488;4;1;1;2;1;1; -1;1;0;1;30;Blessé léger;1
202300036228;155 616 321;A01;1;0;0;7;1;5;203 765 258;1;1;4;1;1960.0;1;8;0;-1;11;4;2023;09:00;1;75;75114;2;2;1;7;48.823005;2.326634;4;1;1;1;1;1; -1;1;0;5;50;Blessé léger;1
202300036228;155 616 321;A01;1;0;0;7;1;5;203 765 258;1;1;4;1;1960.0;1;8;0;-1;11;4;2023;09:00;1;75;75114;2;2;1;7;48.823005;2.326634;4;1; -1;0;1;1; -1;1;0;5;30;Blessé léger;1
202300036232;155 616 312;A01;1;0;2;1;19;5;203 765 246;1;1;1;1;2007.0;5;8;0;-1;11;4;2023;10:20;1;75;75112;2;3;1;3;48.832059;2.398795;4;3;4;0;1;1; -1;1;9;1;50;Indemne;1
202300036232;155 616 312;A01;1;0;2;1;19;5;203 765 246;1;1;1;1;2007.0;5;8;0;-1;11;4;2023;10:20;1;75;75112;2;3;1;3;48.832059;2.398795;4;-1; -1;0;1;1; -1;1;0;1;30;Indemne;1
202300036232;155 616 314;B01;31;0;2;8;1;1;203 765 249;1;1;4;1;1970.0;9;2;6;-1;11;4;2023;10:20;1;75;75112;2;3;1;3;48.832059;2.398795;4;3;4;0;1;1; -1;1;9;1;50;Blessé léger;1
202300036232;155 616 314;B01;31;0;2;8;1;1;203 765 249;1;1;4;1;1970.0;9;2;6;-1;11;4;2023;10:20;1;75;75112;2;3;1;3;48.832059;2.398795;4;-1; -1;0;1;1; -1;1;0;1;30;Blessé léger;1
202300036236;155 616 306;A01;33;0;2;7;17;1;203 765 239;1;1;1;1;1986.0;5;2;8;-1;11;4;2023;09:50;1;75;75112;2;2;1;3;48.84565965;2.36730695;4;2; -1;-1;1;1; -1;1;-1;6;-1;Indemne;1
202300036236;155 616 306;A01;33;0;2;7;17;1;203 765 239;1;1;1;1;1986.0;5;2;8;-1;11;4;2023;09:50;1;75;75112;2;2;1;3;48.84565965;2.36730695;4;1;6;1;1;2; -1;1;-1;6;30;Indemne;1
202300036236;155 616 309;B01;80;0;2;8;1;3;203 765 242;1;1;4;2;1970.0;1;2;8;-1;11;4;2023;09:50;1;75;75112;2;2;1;3;48.84565965;2.36730695;4;2; -1;-1;1;1; -1;1;-1;6;-1;Blessé léger;1
202300036236;155 616 309;B01;80;0;2;8;1;3;203 765 242;1;1;4;2;1970.0;1;2;8;-1;11;4;2023;09:50;1;75;75112;2;2;1;3;48.84565965;2.36730695;4;1;6;1;1;2; -1;1;-1;6;30;Blessé léger;1
202300036260;155 616 261;B01;1;0;2;8;1;5;203 765 182;1;1;3;2;1965.0;5;0;0;-1;7;11;2023;19:35;5;73;73011;2;1;1;3;45.66818;6.38301;4;2;2;0;1;1; -1;1;0;1;50;Blessé hospitalisé;1
202300036260;155 616 262;A01;7;0;2;3;15;1;203 765 183;1;1;1;1;1957.0;0;8;0;-1;7;11;2023;19:35;5;73;73011;2;1;1;3;45.66818;6.38301;4;2;2;0;1;1; -1;1;0;1;50;Indemne;1
202300036261;155 616 258;B01;7;0;2;3;1;2;203 765 178;1;1;1;1;1975.0;9;8;8;-1;27;2;2023;08:10;1;75;75119;2;2;1;3;48.8755;2.392093;4;2;2;0;1;1; -1;1;0;1;30;Indemne;0
202300036261;155 616 258;B01;7;0;2;3;1;2;203 765 178;1;1;1;1;1975.0;9;8;8;-1;27;2;2023;08:10;1;75;75119;2;2;1;3;48.8755;2.392093;4;1;2;0;1;1; -1;1;0;1;30;Indemne;0
202300036261;155 616 260;A01;80;0;2;1;1;3;203 765 181;1;1;4;2;1999.0;9;8;8;-1;27;2;2023;08:10;1;75;75119;2;2;1;3;48.8755;2.392093;4;2;2;0;1;1; -1;1;0;1;30;Blessé léger;0