Num_Acc;id_vehicule;num_veh;catv;obs;obsm;choc;manv;motor;id_usager;place;catu;grav;sexe;an_nais;trajet;secu1;secu2;secu3;jour;mois;an;hrmn;lum;dep;com;agg;int;atm;col;lat;long;catr;circ;nbv;vosp;prof;plan;larrout;surf;infra;situ;vma;gravity;day_of_week
202300036261;155 616 260;A01;80;0;2;1;1;3;203 765 181;1;1;4;2;1999.0;9;8;8;-1;27;2;2023;08:10;1;75;75119;2;2;1;3;48.8755;2.392093;4;1;2;0;1;1; -1;1;0;1;30;Blessé léger;0
202300036267;155 616 250;B01;80;0;2;8;1;3;203 765 168;1;1;4;1;1968.0;1;8;0;-1;27;2;2023;18:15;2;75;75117;2;7;1;3;48.881147;2.283996;4;2; -1;-1;1;1; -1;1;0;1;-1;Blessé léger;0
202300036267;155 616 250;B01;80;0;2;8;1;3;203 765 168;1;1;4;1;1968.0;1;8;0;-1;27;2;2023;18:15;2;75;75117;2;7;1;3;48.881147;2.283996;4;2;3;0;1;2; -1;1;0;1;30;Blessé léger;0
202300036267;155 616 252;A01;7;0;2;7;16;1;203 765 169;1;1;1;1;1967.0;1;1;0;-1;27;2;2023;18:15;2;75;75117;2;7;1;3;48.881147;2.283996;4;2; -1;-1;1;1; -1;1;0;1;-1;Indemne;0
202300036267;155 616 252;A01;7;0;2;7;16;1;203 765 169;1;1;1;1;1967.0;1;1;0;-1;27;2;2023;18:15;2;75;75117;2;7;1;3;48.881147;2.283996;4;2;3;0;1;2; -1;1;0;1;30;Indemne;0
202300036269;155 616 245;A01;1;0;2;8;1;5;203 765 161;1;1;4;2;1986.0;9;2;8;-1;20;2;2023;09:15;1;75;75116;2;4;1;1;48.866669;2.264905;4;2; -1;-1;1;1; -1;1;0;1;-1;Blessé léger;0
202300036269;155 616 245;A01;1;0;2;8;1;5;203 765 161;1;1;4;2;1986.0;9;2;8;-1;20;2;2023;09:15;1;75;75116;2;4;1;1;48.866669;2.264905;4;-1;1;0;1;1; -1;1;0;1;30;Blessé léger;0
202300036269;155 616 246;B01;80;0;2;0;11;3;203 765 162;1;1;1;1;1982.0;9;8;0;-1;20;2;2023;09:15;1;75;75116;2;4;1;1;48.866669;2.264905;4;2; -1;-1;1;1; -1;1;0;1;-1;Indemne;0
202300036269;155 616 246;B01;80;0;2;0;11;3;203 765 162;1;1;1;1;1982.0;9;8;0;-1;20;2;2023;09:15;1;75;75116;2;4;1;1;48.866669;2.264905;4;-1;1;0;1;1; -1;1;0;1;30;Indemne;0
202300036272;155 616 241;A01;1;0;2;1;1;5;203 765 154;1;1;1;2;2010.0;2;8;0;-1;10;4;2023;18:45;1;94;94079;2;3;3;3;48.82555;2.53521;4;2;2;0;1;1; -1;2;0;1;-1;Indemne;0
202300036272;155 616 241;A01;1;0;2;1;1;5;203 765 154;1;1;1;2;2010.0;2;8;0;-1;10;4;2023;18:45;1;94;94079;2;3;3;3;48.82555;2.53521;4;2;2;0;2;1; -1;2;0;1;50;Indemne;0
202300036272;155 616 241;A01;1;0;2;1;1;5;203 765 155;2;2;3;2;2009.0;9;8;0;-1;10;4;2023;18:45;1;94;94079;2;3;3;3;48.82555;2.53521;4;2;2;0;1;1; -1;2;0;1;-1;Blessé hospitalisé;0
202300036272;155 616 241;A01;1;0;2;1;1;5;203 765 155;2;2;3;2;2009.0;9;8;0;-1;10;4;2023;18:45;1;94;94079;2;3;3;3;48.82555;2.53521;4;2;2;0;2;1; -1;2;0;1;50;Blessé hospitalisé;0
202300036272;155 616 242;B01;7;0;2;3;11;1;203 765 157;1;1;1;2;1986.0;0;1;0;-1;10;4;2023;18:45;1;94;94079;2;3;3;3;48.82555;2.53521;4;2;2;0;1;1; -1;2;0;1;-1;Indemne;0
202300036272;155 616 242;B01;7;0;2;3;11;1;203 765 157;1;1;1;2;1986.0;0;1;0;-1;10;4;2023;18:45;1;94;94079;2;3;3;3;48.82555;2.53521;4;2;2;0;2;1; -1;2;0;1;50;Indemne;0
202300036276;155 616 233;A01;7;0;2;0;0;0;203 765 145;1;1;1;1;1989.0;3;1;0;-1;11;4;2023;08:30;1;93;93031;2;1;1;3;48.95424761;2.33487958;3;2;2;1;1;1; -1;1;0;5;50;Indemne;1
202300036276;155 616 235;BB01;1;0;2;1;0;5;203 765 147;1;1;4;1;1974.0;1;2;0;-1;11;4;2023;08:30;1;93;93031;2;1;1;3;48.95424761;2.33487958;3;2;2;1;1;1; -1;1;0;5;50;Blessé léger;1
202300036277;155 616 234;A01;10;0;2;8;24;1;203 765 146;1;1;1;1;1968.0;4;8;0;-1;27;2;2023;11:51;1;75;75107;2;3;1;3;48.849825;2.323295;4;1; -1;-1;1;1; -1;1;0;1;-1;Indemne;0
202300036277;155 616 234;A01;10;0;2;8;24;1;203 765 146;1;1;1;1;1968.0;4;8;0;-1;27;2;2023;11:51;1;75;75107;2;3;1;3;48.849825;2.323295;4;2;3;0;1;1; -1;1;9;1;30;Indemne;0
202300036277;155 616 236;B01;1;0;2;1;1;5;203 765 148;1;1;4;2;1969.0;9;8;0;-1;27;2;2023;11:51;1;75;75107;2;3;1;3;48.849825;2.323295;4;1; -1;-1;1;1; -1;1;0;1;-1;Blessé léger;0
202300036277;155 616 236;B01;1;0;2;1;1;5;203 765 148;1;1;4;2;1969.0;9;8;0;-1;27;2;2023;11:51;1;75;75107;2;3;1;3;48.849825;2.323295;4;2;3;0;1;1; -1;1;9;1;30;Blessé léger;0
202300036290;155 616 215;A01;7;0;2;5;23;1;203 765 118;1;1;1;2;1987.0;5;1;0;-1;11;4;2023;09:17;1;92;92012;2;1;1;3;48.84638958;2.24724591;4;2;2;0;1;1; -1;1;0;1;50;Indemne;1
202300036290;155 616 217;B01;1;0;2;1;1;5;203 765 119;1;1;4;1;1975.0;1;2;0;-1;11;4;2023;09:17;1;92;92012;2;1;1;3;48.84638958;2.24724591;4;2;2;0;1;1; -1;1;0;1;50;Blessé léger;1
202300036292;155 616 213;A01;33;0;9;1;1;1;203 765 116;1;1;1;1;1998.0;0;2;6;-1;11;4;2023;09:35;1;92;92004;2;1;1;3;48.9157912;2.29473978;4;-1;1;0;1;1; -1;1;0;1;50;Indemne;1
202300036292;155 616 214;B01;1;0;2;8;19;5;203 765 117;1;1;4;1;1986.0;0;8;0;-1;11;4;2023;09:35;1;92;92004;2;1;1;3;48.9157912;2.29473978;4;-1;1;0;1;1; -1;1;0;1;50;Blessé léger;1
202300036299;155 616 203;A01;7;0;2;3;9;1;203 765 104;1;1;1;2;1965.0;5;0;-1;-1;11;4;2023;09:30;1;974;97404;2;6;1;3;-21.26511;55.334069;4;2;2;0;1;1; -1;1;5;1;-1;Indemne;1
202300036299;155 616 204;B01;1;0;0;7;1;5;203 765 105;1;1;4;1;1986.0;5;0;-1;-1;11;4;2023;09:30;1;974;97404;2;6;1;3;-21.26511;55.334069;4;2;2;0;1;1; -1;1;5;1;-1;Blessé léger;1
202300036306;155 616 192;B01;1;0;2;0;0;5;203 765 086;1;1;3;1;1995.0;0;8;0;-1;23;2;2023;11:22;1;92;92004;2;1;1;3;48.91259;2.27394;4;1;1;0;1;1; -1;1;0;1;50;Blessé hospitalisé;3
202300036306;155 616 193;A01;14;0;2;7;2;1;203 765 088;1;1;1;1;1973.0;0;1;0;-1;23;2;2023;11:22;1;92;92004;2;1;1;3;48.91259;2.27394;4;1;1;0;1;1; -1;1;0;1;50;Indemne;3
202300036307;155 616 189;A01;1;0;0;1;14;5;203 765 079;1;1;4;1;2007.0;2;8;0;-1;5;9;2023;08:00;1;75;75113;2;1;1;7;48.820558;2.365893;4;2;4;0;1;1; -1;1;0;4;30;Blessé léger;1
202300036310;155 616 186;A01;1;0;0;1;1;5;203 765 073;1;1;4;2;1970.0;1;2;0;-1;5;9;2023;08:41;1;75;75110;2;3;1;7;48.874308;2.358612;4;-1; -1;-1;1;1; -1;1;0;1;30;Blessé léger;1
202300036310;155 616 186;A01;1;0;0;1;1;5;203 765 073;1;1;4;2;1970.0;1;2;0;-1;5;9;2023;08:41;1;75;75110;2;3;1;7;48.874308;2.358612;4;3;2;0;1;1; -1;1;0;1;30;Blessé léger;1
202300036317;155 616 174;A01;7;0;2;2;16;2;203 765 057;1;1;1;1;1974.0;4;1;0;-1;4;9;2023;09:17;1;75;75108;2;2;1;2;48.865148;2.299851;4;2;7;3;2;3; -1;1;0;1;30;Indemne;0
202300036317;155 616 174;A01;7;0;2;2;16;2;203 765 057;1;1;1;1;1974.0;4;1;0;-1;4;9;2023;09:17;1;75;75108;2;2;1;2;48.865148;2.299851;4;-1; -1;3;1;1; -1;1;0;1;30;Indemne;0
202300036317;155 616 177;B01;1;0;2;4;2;5;203 765 060;1;1;4;1;1997.0;9;8;0;-1;4;9;2023;09:17;1;75;75108;2;2;1;2;48.865148;2.299851;4;2;7;3;2;3; -1;1;0;1;30;Blessé léger;0
202300036317;155 616 177;B01;1;0;2;4;2;5;203 765 060;1;1;4;1;1997.0;9;8;0;-1;4;9;2023;09:17;1;75;75108;2;2;1;2;48.865148;2.299851;4;-1; -1;3;1;1; -1;1;0;1;30;Blessé léger;0
202300036321;155 616 168;B01;1;0;2;2;11;5;203 765 049;1;1;4;1;2000.0;5;8;0;-1;5;9;2023;15:10;1;75;75104;2;1;1;2;48.861075;2.349647;4;1;5;3;1;1; -1;1;0;1;30;Blessé léger;1
202300036321;155 616 170;A01;10;0;2;4;4;1;203 765 051;1;1;1;1;1984.0;9;1;0;-1;5;9;2023;15:10;1;75;75104;2;1;1;2;48.861075;2.349647;4;1;5;3;1;1; -1;1;0;1;30;Indemne;1
202300036323;155 616 164;A01;7;0;2;2;16;2;203 765 042;1;1;1;1;1971.0;4;1;8;-1;5;9;2023;10:55;1;75;75104;2;2;1;3;48.853982;2.364784;4;1;1;0;1;1; -1;1;5;5;30;Indemne;1
202300036323;155 616 164;A01;7;0;2;2;16;2;203 765 042;1;1;1;1;1971.0;4;1;8;-1;5;9;2023;10:55;1;75;75104;2;2;1;3;48.853982;2.364784;4;2;4;1;1;1; -1;1;5;5;30;Indemne;1
202300036323;155 616 165;B01;1;0;2;2;1;5;203 765 045;1;1;4;2;1965.0;1;8;0;-1;5;9;2023;10:55;1;75;75104;2;2;1;3;48.853982;2.364784;4;1;1;0;1;1; -1;1;5;5;30;Blessé léger;1
202300036323;155 616 165;B01;1;0;2;2;1;5;203 765 045;1;1;4;2;1965.0;1;8;0;-1;5;9;2023;10:55;1;75;75104;2;2;1;3;48.853982;2.364784;4;2;4;1;1;1; -1;1;5;5;30;Blessé léger;1
202300036346;155 616 122;C01;60;0;0;4;2;5;203 764 988;1;1;2;2;2008.0;5;0;-1;-1;11;4;2023;22:05;3;64;64466;1;1;1;4;43.343095;-0.874701;3;2;2;0;1;1;7;1;0;1;80;Tué;1
202300036346;155 616 124;D01;7;0;2;2;1;1;203 764 990;1;1;1;1;1991.0;5;1;-1;-1;11;4;2023;22:05;3;64;64466;1;1;1;4;43.343095;-0.874701;3;2;2;0;1;1;7;1;0;1;80;Indemne;1
202300036346;155 616 126;B01;1;0;0;0;2;5;203 764 992;1;1;4;1;2010.0;5;0;-1;-1;11;4;2023;22:05;3;64;64466;1;1;1;4;43.343095;-0.874701;3;2;2;0;1;1;7;1;0;1;80;Blessé léger;1
202300036346;155 616 129;A01;1;0;0;0;2;5;203 764 995;1;1;4;1;2006.0;5;0;-1;-1;11;4;2023;22:05;3;64;64466;1;1;1;4;43.343095;-0.874701;3;2;2;0;1;1;7;1;0;1;80;Blessé léger;1
202300036350;155 616 116;B01;50;0;2;1;25;3;203 764 980;1;1;1;1;2010.0;2;8;0;-1;4;9;2023;14:15;1;93;93029;2;1;1;1;48.92794194;2.43189674;4;1;1;0;1;1; -1;1;0;4;50;Indemne;0
202300036350;155 616 117;A01;1;0;2;1;25;5;203 764 981;1;1;4;2;1951.0;5;8;0;-1;4;9;2023;14:15;1;93;93029;2;1;1;1;48.92794194;2.43189674;4;1;1;0;1;1; -1;1;0;4;50;Blessé léger;0
202300036360;155 616 100;B01;80;0;2;7;1;3;203 764 960;1;1;4;1;2012.0;0;0;-1;-1;5;9;2023;16:50;1;92;92050;2;3;1;3;48.88851299;2.22431409;4;2;1;0;1;1; -1;1;0;1;50;Blessé léger;1
202300036360;155 616 100;B01;80;0;2;7;1;3;203 764 960;1;1;4;1;2012.0;0;0;-1;-1;5;9;2023;16:50;1;92;92050;2;3;1;3;48.88851299;2.22431409;4;2;2;0;1;1; -1;1;0;1;50;Blessé léger;1
202300036360;155 616 101;A01;7;0;2;7;16;0;203 764 961;1;1;1;1;1968.0;1;1;0;-1;5;9;2023;16:50;1;92;92050;2;3;1;3;48.88851299;2.22431409;4;2;1;0;1;1; -1;1;0;1;50;Indemne;1
202300036360;155 616 101;A01;7;0;2;7;16;0;203 764 961;1;1;1;1;1968.0;1;1;0;-1;5;9;2023;16:50;1;92;92050;2;3;1;3;48.88851299;2.22431409;4;2;2;0;1;1; -1;1;0;1;50;Indemne;1
202300036380;155 616 063;A01;7;0;2;3;1;1;203 764 911;1;1;1;1;1999.0;0;1;0;-1;4;9;2023;17:45;1;92;92004;2;1;1;3;48.91562;2.30787;4;2;2;0;1;1; -1;1;0;1;50;Indemne;0
202300036380;155 616 066;B01;1;0;2;1;3;5;203 764 914;1;1;4;1;2011.0;0;8;0;-1;4;9;2023;17:45;1;92;92004;2;1;1;3;48.91562;2.30787;4;2;2;0;1;1; -1;1;0;1;50;Blessé léger;0
202300036382;155 616 058;B01;1;0;2;1;0;5;203 764 904;1;1;4;2;1994.0;2;2;0;-1;4;9;2023;07:52;2;92;92004;2;4;1;1;48.91352;2.29914;4;-1;0;0;1;2; -1;1;0;1;50;Blessé léger;0
202300036382;155 616 058;B01;1;0;2;1;0;5;203 764 904;1;1;4;2;1994.0;2;2;0;-1;4;9;2023;07:52;2;92;92004;2;4;1;1;48.91352;2.29914;4;2;2;0;1;2; -1;1;0;1;50;Blessé léger;0
202300036382;155 616 060;A01;7;0;2;3;1;3;203 764 906;1;1;1;1;1980.0;1;1;0;-1;4;9;2023;07:52;2;92;92004;2;4;1;1;48.91352;2.29914;4;-1;0;0;1;2; -1;1;0;1;50;Indemne;0
202300036382;155 616 060;A01;7;0;2;3;1;3;203 764 906;1;1;1;1;1980.0;1;1;0;-1;4;9;2023;07:52;2;92;92004;2;4;1;1;48.91352;2.29914;4;2;2;0;1;2; -1;1;0;1;50;Indemne;0
202300036399;155 616 032;B01;1;0;2;8;16;5;203 764 868;1;1;2;1;1950.0;3;2;-1;-1;5;9;2023;10:35;1;07;07191;1;6;1;3;44.580033;4.703817;3;2;1;2;1;3;3,5;1;0;1;90;Tué;1
202300036399;155 616 033;A01;14;0;2;7;16;1;203 764 869;1;1;1;1;1987.0;4;1;-1;-1;5;9;2023;10:35;1;07;07191;1;6;1;3;44.580033;4.703817;3;2;1;2;1;3;3,5;1;0;1;90;Indemne;1
202300036406;155 616 019;B01;80;0;2;1;0;3;203 764 853;1;1;3;1;1965.0;0;0;-1;-1;28;2;2023;06:45;2;60;60369;1;1;1;2;49.348808;2.717625;3;2;2;1;1;1;4;1;0;8;80;Blessé hospitalisé;1
202300036406;155 616 022;A01;7;0;9;3;0;1;203 764 856;1;1;1;1;1980.0;1;1;-1;-1;28;2;2023;06:45;2;60;60369;1;1;1;2;49.348808;2.717625;3;2;2;1;1;1;4;1;0;8;80;Indemne;1
202300036410;155 616 012;A01;80;0;0;0;26;3;203 764 846;1;1;2;1;1936.0;5;2;-1;-1;6;9;2023;09:25;1;01;01354;2;6;1;7;46.264544;6.043784;3;2;2;0;1;2;4;1;0;1;50;Tué;2
202300036426;155 615 987;A01;80;0;0;0;1;3;203 764 808;1;1;4;2;1993.0;9;8;0;-1;10;4;2023;23:00;5;75;75120;2;2;2;7;48.865429;2.394894;4;-1; -1;1;1;1; -1;2;0;1;30;Blessé léger;0
202300036426;155 615 987;A01;80;0;0;0;1;3;203 764 808;1;1;4;2;1993.0;9;8;0;-1;10;4;2023;23:00;5;75;75120;2;2;2;7;48.865429;2.394894;4;1;1;2;2;1; -1;2;0;1;30;Blessé léger;0
202300036429;155 615 982;A01;1;0;0;0;1;5;203 764 800;1;1;4;2;2002.0;5;8;0;-1;10;4;2023;18:55;1;75;75119;2;3;2;7;48.886641;2.38482;4;2;4;1;1;1; -1;2;0;5;30;Blessé léger;0
202300036429;155 615 982;A01;1;0;0;0;1;5;203 764 800;1;1;4;2;2002.0;5;8;0;-1;10;4;2023;18:55;1;75;75119;2;3;2;7;48.886641;2.38482;4;-1; -1;1;1;1; -1;2;0;5;30;Blessé léger;0
202300036433;155 615 975;A01;1;0;2;7;9;5;203 764 793;1;1;4;1;1944.0;5;2;8;-1;7;4;2023;13:00;1;75;75116;2;3;1;3;48.861972;2.230384;4;1; -1;1;1;1; -1;1;0;5;50;Blessé léger;4
202300036433;155 615 975;A01;1;0;2;7;9;5;203 764 793;1;1;4;1;1944.0;5;2;8;-1;7;4;2023;13:00;1;75;75116;2;3;1;3;48.861972;2.230384;4;1;1;1;1;3; -1;1;0;5;50;Blessé léger;4
202300036433;155 615 976;B01;1;0;2;1;1;5;203 764 794;1;1;1;1;1994.0;5;2;8;-1;7;4;2023;13:00;1;75;75116;2;3;1;3;48.861972;2.230384;4;1; -1;1;1;1; -1;1;0;5;50;Indemne;4
202300036433;155 615 976;B01;1;0;2;1;1;5;203 764 794;1;1;1;1;1994.0;5;2;8;-1;7;4;2023;13:00;1;75;75116;2;3;1;3;48.861972;2.230384;4;1;1;1;1;3; -1;1;0;5;50;Indemne;4
202300036436;155 615 969;A01;1;0;2;5;2;5;203 764 786;1;1;4;2;1999.0;5;8;0;-1;10;4;2023;02:55;5;75;75111;2;1;1;3;48.850462;2.383078;4;1;1;0;1;1; -1;1;0;1;30;Blessé léger;0
202300036436;155 615 972;B01;2;0;2;3;2;3;203 764 789;1;1;1;1;1981.0;5;2;0;-1;10;4;2023;02:55;5;75;75111;2;1;1;3;48.850462;2.383078;4;1;1;0;1;1; -1;1;0;1;30;Indemne;0
202300036449;155 615 946;A01;1;0;2;1;15;5;203 764 752;1;1;4;1;2009.0;5;2;-1;-1;5;9;2023;19:38;1;70;70312;2;2;7;3;47.597068;6.739664;3;2;2;0;1;3; -1;1;0;1;30;Blessé léger;1
202300036449;155 615 946;A01;1;0;2;1;15;5;203 764 752;1;1;4;1;2009.0;5;2;-1;-1;5;9;2023;19:38;1;70;70312;2;2;7;3;47.597068;6.739664;3;2;2;0;2;1; -1;1;5;1;30;Blessé léger;1
202300036449;155 615 947;B01;7;0;2;2;1;1;203 764 753;1;1;1;2;1964.0;5;1;-1;-1;5;9;2023;19:38;1;70;70312;2;2;7;3;47.597068;6.739664;3;2;2;0;1;3; -1;1;0;1;30;Indemne;1
202300036449;155 615 947;B01;7;0;2;2;1;1;203 764 753;1;1;1;2;1964.0;5;1;-1;-1;5;9;2023;19:38;1;70;70312;2;2;7;3;47.597068;6.739664;3;2;2;0;2;1; -1;1;5;1;30;Indemne;1
202300036477;155 615 898;A01;1;0;2;8;1;5;203 764 692;1;1;3;1;1941.0;5;0;-1;-1;3;9;2023;14:45;1;26;26170;1;2;1;3;44.903239;4.942909;3;2;2;0;1;1;6;1;0;1;80;Blessé hospitalisé;6
202300036477;155 615 898;A01;1;0;2;8;1;5;203 764 692;1;1;3;1;1941.0;5;0;-1;-1;3;9;2023;14:45;1;26;26170;1;2;1;3;44.903239;4.942909;3;2;2;0;1;1;6;1;0;1;70;Blessé hospitalisé;6
202300036477;155 615 899;B01;7;0;2;1;1;3;203 764 693;1;1;1;1;1937.0;5;1;-1;-1;3;9;2023;14:45;1;26;26170;1;2;1;3;44.903239;4.942909;3;2;2;0;1;1;6;1;0;1;80;Indemne;6
202300036477;155 615 899;B01;7;0;2;1;1;3;203 764 693;1;1;1;1;1937.0;5;1;-1;-1;3;9;2023;14:45;1;26;26170;1;2;1;3;44.903239;4.942909;3;2;2;0;1;1;6;1;0;1;70;Indemne;6
202300036482;155 615 891;A01;1;0;0;0;1;5;203 764 684;1;1;4;1;1968.0;5;2;6;-1;6;9;2023;10:40;1;29;29021;2;1;1;7;48.654311;-4.303011;4;2;2;0;1;1; -1;1;0;1;50;Blessé léger;2
202300036510;155 615 840;B01;1;0;0;0;0;5;203 764 613;1;1;3;1;1986.0;5;2;8;-1;20;8;2023;08:34;1;95;95210;2;2;1;7;48.97174;2.30509;4;-1;2;0;1;1; -1;1;0;1;30;Blessé hospitalisé;6
202300036510;155 615 840;B01;1;0;0;0;0;5;203 764 613;1;1;3;1;1986.0;5;2;8;-1;20;8;2023;08:34;1;95;95210;2;2;1;7;48.97174;2.30509;4;-1;2;0;1;1; -1;1;0;1;30;Blessé hospitalisé;6
202300036520;155 615 822;B01;1;0;2;2;26;5;203 764 589;1;1;4;1;1980.0;9;8;0;-1;4;9;2023;12:00;1;77;77307;2;1;1;3;48.857398;2.755314;4;-1;1;0;1;1; -1;1;6;1;20;Blessé léger;0
202300036520;155 615 823;A01;10;0;9;2;26;1;203 764 590;1;1;1;1;1966.0;1;1;0;-1;4;9;2023;12:00;1;77;77307;2;1;1;3;48.857398;2.755314;4;-1;1;0;1;1; -1;1;6;1;20;Indemne;0
202300036537;155 615 796;A01;7;0;2;2;15;1;203 764 556;1;1;1;2;1992.0;2;1;0;-1;4;9;2023;16:35;1;45;45234;2;6;1;3;47.88797444;1.90552175;4;2;2;0;1;1;5,5;1;0;1;30;Indemne;0
202300036537;155 615 796;A01;7;0;2;2;15;1;203 764 556;1;1;1;2;1992.0;2;1;0;-1;4;9;2023;16:35;1;45;45234;2;6;1;3;47.88797444;1.90552175;4;2;2;0;1;1;5,5;1;0;1;30;Indemne;0
202300036537;155 615 797;B01;1;0;2;1;1;5;203 764 557;1;1;4;1;1940.0;5;8;0;-1;4;9;2023;16:35;1;45;45234;2;6;1;3;47.88797444;1.90552175;4;2;2;0;1;1;5,5;1;0;1;30;Blessé léger;0
202300036537;155 615 797;B01;1;0;2;1;1;5;203 764 557;1;1;4;1;1940.0;5;8;0;-1;4;9;2023;16:35;1;45;45234;2;6;1;3;47.88797444;1.90552175;4;2;2;0;1;1;5,5;1;0;1;30;Blessé léger;0
202300036540;155 615 792;A01;1;0;2;0;0;5;203 764 550;1;1;4;1;1983.0;0;2;8;-1;4;9;2023;13:50;1;38;38421;2;1;1;3;45.18766;5.77486;4;2;1;0;1;1; -1;1;0;1;50;Blessé léger;0
202300036566;155 615 746;A01;1;0;2;1;5;5;203 764 497;1;1;4;1;1945.0;5;2;0;-1;11;12;2023;20:13;5;75;75105;2;3;1;1;48.847389;2.353126;4;1; -1;-1;1;1; -1;1;0;1;30;Blessé léger;0
202300036566;155 615 746;A01;1;0;2;1;5;5;203 764 497;1;1;4;1;1945.0;5;2;0;-1;11;12;2023;20:13;5;75;75105;2;3;1;1;48.847389;2.353126;4;2;2;0;1;1; -1;1;0;1;30;Blessé léger;0
202300036566;155 615 747;B01;10;0;2;3;1;1;203 764 500;1;1;1;1;1963.0;5;1;0;-1;11;12;2023;20:13;5;75;75105;2;3;1;1;48.847389;2.353126;4;1; -1;-1;1;1; -1;1;0;1;30;Indemne;0
202300036566;155 615 747;B01;10;0;2;3;1;1;203 764 500;1;1;1;1;1963.0;5;1;0;-1;11;12;2023;20:13;5;75;75105;2;3;1;1;48.847389;2.353126;4;2;2;0;1;1; -1;1;0;1;30;Indemne;0
202300036572;155 615 733;A01;7;0;2;2;1;1;203 764 477;1;1;1;1;1959.0;4;1;0;-1;12;12;2023;09:42;1;75;75114;2;2;2;2;48.822253;2.324494;4;2;2;0;1;1; -1;2;0;1;30;Indemne;1
202300036572;155 615 733;A01;7;0;2;2;1;1;203 764 477;1;1;1;1;1959.0;4;1;0;-1;12;12;2023;09:42;1;75;75114;2;2;2;2;48.822253;2.324494;4;1;4;2;1;1; -1;2;0;5;30;Indemne;1
202300036572;155 615 734;B01;1;0;2;4;1;5;203 764 478;1;1;4;1;1977.0;1;8;0;-1;12;12;2023;09:42;1;75;75114;2;2;2;2;48.822253;2.324494;4;2;2;0;1;1; -1;2;0;1;30;Blessé léger;1
202300036572;155 615 734;B01;1;0;2;4;1;5;203 764 478;1;1;4;1;1977.0;1;8;0;-1;12;12;2023;09:42;1;75;75114;2;2;2;2;48.822253;2.324494;4;1;4;2;1;1; -1;2;0;5;30;Blessé léger;1
202300036584;155 615 713;B01;7;0;2;1;1;1;203 764 449;1;1;1;1;2000.0;9;8;0;-1;4;9;2023;18:42;1;75;75119;2;7;1;3;48.878327;2.37062;4;-1; -1;0;1;1; -1;1;0;1;30;Indemne;0
202300036584;155 615 713;B01;7;0;2;1;1;1;203 764 449;1;1;1;1;2000.0;9;8;0;-1;4;9;2023;18:42;1;75;75119;2;7;1;3;48.878327;2.37062;4;1;3;0;1;1; -1;1;0;1;30;Indemne;0
202300036584;155 615 715;A01;1;0;2;1;5;5;203 764 451;1;1;4;1;2004.0;5;2;0;-1;4;9;2023;18:42;1;75;75119;2;7;1;3;48.878327;2.37062;4;-1; -1;0;1;1; -1;1;0;1;30;Blessé léger;0
202300036584;155 615 715;A01;1;0;2;1;5;5;203 764 451;1;1;4;1;2004.0;5;2;0;-1;4;9;2023;18:42;1;75;75119;2;7;1;3;48.878327;2.37062;4;1;3;0;1;1; -1;1;0;1;30;Blessé léger;0
202300036585;155 615 709;A01;1;0;2;7;19;5;203 764 445;1;1;4;1;1995.0;5;8;0;-1;12;12;2023;00:40;5;75;75110;2;2;1;3;48.877746;2.365361;4;1;2;1;1;1; -1;1;0;1;30;Blessé léger;1
202300036585;155 615 709;A01;1;0;2;7;19;5;203 764 445;1;1;4;1;1995.0;5;8;0;-1;12;12;2023;00:40;5;75;75110;2;2;1;3;48.877746;2.365361;4;1;1;0;1;1; -1;1;0;1;30;Blessé léger;1
202300036585;155 615 711;Z01;7;0;2;1;19;0;203 764 447;1;1;1;1;2000.0;-1;-1;-1;-1;12;12;2023;00:40;5;75;75110;2;2;1;3;48.877746;2.365361;4;1;2;1;1;1; -1;1;0;1;30;Indemne;1
202300036585;155 615 711;Z01;7;0;2;1;19;0;203 764 447;1;1;1;1;2000.0;-1;-1;-1;-1;12;12;2023;00:40;5;75;75110;2;2;1;3;48.877746;2.365361;4;1;1;0;1;1; -1;1;0;1;30;Indemne;1
202300036589;155 615 703;A01;7;0;2;3;1;2;203 764 438;1;1;1;1;1999.0;9;8;0;-1;11;12;2023;17:00;5;75;75104;2;2;1;3;48.851274;2.358113;4;1;2;2;1;1; -1;1;5;1;30;Indemne;0
202300036589;155 615 703;A01;7;0;2;3;1;2;203 764 438;1;1;1;1;1999.0;9;8;0;-1;11;12;2023;17:00;5;75;75104;2;2;1;3;48.851274;2.358113;4;1;2;1;1;1; -1;1;0;1;30;Indemne;0
202300036589;155 615 705;B01;1;0;2;2;1;5;203 764 440;1;1;4;1;1987.0;9;8;0;-1;11;12;2023;17:00;5;75;75104;2;2;1;3;48.851274;2.358113;4;1;2;2;1;1; -1;1;5;1;30;Blessé léger;0
202300036589;155 615 705;B01;1;0;2;2;1;5;203 764 440;1;1;4;1;1987.0;9;8;0;-1;11;12;2023;17:00;5;75;75104;2;2;1;3;48.851274;2.358113;4;1;2;1;1;1; -1;1;0;1;30;Blessé léger;0
202300036596;155 615 691;B01;80;0;2;4;15;3;203 764 421;1;1;4;1;1969.0;5;2;8;-1;4;9;2023;14:10;1;75;75116;2;2;1;3;48.872427;2.294055;4;2;3;0;1;1; -1;1;0;1;50;Blessé léger;0
202300036596;155 615 691;B01;80;0;2;4;15;3;203 764 421;1;1;4;1;1969.0;5;2;8;-1;4;9;2023;14:10;1;75;75116;2;2;1;3;48.872427;2.294055;4;-1; -1;0;1;1; -1;1;0;1;30;Blessé léger;0