Num_Acc;id_vehicule;num_veh;catv;obs;obsm;choc;manv;motor;id_usager;place;catu;grav;sexe;an_nais;trajet;secu1;secu2;secu3;jour;mois;an;hrmn;lum;dep;com;agg;int;atm;col;lat;long;catr;circ;nbv;vosp;prof;plan;larrout;surf;infra;situ;vma;gravity;day_of_week
202300036596;155 615 692;A01;7;0;2;1;1;2;203 764 422;1;1;1;1;1969.0;4;1;8;-1;4;9;2023;14:10;1;75;75116;2;2;1;3;48.872427;2.294055;4;2;3;0;1;1; -1;1;0;1;50;Indemne;0
202300036596;155 615 692;A01;7;0;2;1;1;2;203 764 422;1;1;1;1;1969.0;4;1;8;-1;4;9;2023;14:10;1;75;75116;2;2;1;3;48.872427;2.294055;4;-1; -1;0;1;1; -1;1;0;1;30;Indemne;0
202300036611;155 615 672;A01;7;0;2;8;22;2;203 764 395;1;1;1;1;1979.0;4;8;0;-1;4;9;2023;12:35;1;75;75108;2;3;7;3;48.874572;2.309649;4;-1; -1;0;1;1; -1;1;0;1;30;Indemne;0
202300036611;155 615 672;A01;7;0;2;8;22;2;203 764 395;1;1;1;1;1979.0;4;8;0;-1;4;9;2023;12:35;1;75;75108;2;3;7;3;48.874572;2.309649;4;2;3;3;2;1; -1;1;0;1;30;Indemne;0
202300036611;155 615 675;B01;1;1;0;1;1;5;203 764 397;1;1;4;2;1989.0;1;2;8;-1;4;9;2023;12:35;1;75;75108;2;3;7;3;48.874572;2.309649;4;-1; -1;0;1;1; -1;1;0;1;30;Blessé léger;0
202300036611;155 615 675;B01;1;1;0;1;1;5;203 764 397;1;1;4;2;1989.0;1;2;8;-1;4;9;2023;12:35;1;75;75108;2;3;7;3;48.874572;2.309649;4;2;3;3;2;1; -1;1;0;1;30;Blessé léger;0
202300036615;155 615 663;A01;1;0;2;4;2;5;203 764 385;1;1;4;1;1989.0;1;8;8;-1;4;9;2023;17:51;1;75;75101;2;3;1;2;48.8647;2.329329;4;1;1;0;1;1; -1;1;0;5;30;Blessé léger;0
202300036615;155 615 663;A01;1;0;2;4;2;5;203 764 385;1;1;4;1;1989.0;1;8;8;-1;4;9;2023;17:51;1;75;75101;2;3;1;2;48.8647;2.329329;4;2;3;1;1;1; -1;1;0;1;30;Blessé léger;0
202300036616;155 615 661;A01;1;0;2;7;1;5;203 764 383;1;1;4;1;1995.0;0;8;0;-1;12;12;2023;14:05;1;92;92035;2;3;8;3;48.90227914;2.23975025;3;3;2;0;1;1; -1;2;0;1;50;Blessé léger;1
202300036616;155 615 661;A01;1;0;2;7;1;5;203 764 383;1;1;4;1;1995.0;0;8;0;-1;12;12;2023;14:05;1;92;92035;2;3;8;3;48.90227914;2.23975025;3;1;3;1;1;1; -1;2;0;1;50;Blessé léger;1
202300036616;155 615 662;B01;10;0;2;1;1;1;203 764 384;1;1;1;1;1977.0;4;1;0;-1;12;12;2023;14:05;1;92;92035;2;3;8;3;48.90227914;2.23975025;3;3;2;0;1;1; -1;2;0;1;50;Indemne;1
202300036616;155 615 662;B01;10;0;2;1;1;1;203 764 384;1;1;1;1;1977.0;4;1;0;-1;12;12;2023;14:05;1;92;92035;2;3;8;3;48.90227914;2.23975025;3;1;3;1;1;1; -1;2;0;1;50;Indemne;1
202300036617;155 615 659;B01;7;0;2;3;15;1;203 764 381;1;1;1;1;1977.0;5;8;8;-1;3;9;2023;13:00;1;75;75102;2;3;1;3;48.871696;2.341618;4;2;4;1;1;1; -1;1;0;1;30;Indemne;6
202300036617;155 615 659;B01;7;0;2;3;15;1;203 764 381;1;1;1;1;1977.0;5;8;8;-1;3;9;2023;13:00;1;75;75102;2;3;1;3;48.871696;2.341618;4;2;2;1;1;1; -1;1;0;1;30;Indemne;6
202300036617;155 615 660;A01;1;0;2;3;19;5;203 764 382;1;1;4;1;1956.0;5;8;0;-1;3;9;2023;13:00;1;75;75102;2;3;1;3;48.871696;2.341618;4;2;4;1;1;1; -1;1;0;1;30;Blessé léger;6
202300036617;155 615 660;A01;1;0;2;3;19;5;203 764 382;1;1;4;1;1956.0;5;8;0;-1;3;9;2023;13:00;1;75;75102;2;3;1;3;48.871696;2.341618;4;2;2;1;1;1; -1;1;0;1;30;Blessé léger;6
202300036621;155 615 651;B01;1;0;2;3;1;5;203 764 372;1;1;4;2;1961.0;5;2;0;-1;4;9;2023;12:30;1;94;94046;2;1;1;3;48.80433;2.43269;3;2;4;0;1;1;12;1;0;1;50;Blessé léger;0
202300036621;155 615 653;A01;7;0;2;2;10;4;203 764 374;1;1;1;1;1961.0;5;1;0;-1;4;9;2023;12:30;1;94;94046;2;1;1;3;48.80433;2.43269;3;2;4;0;1;1;12;1;0;1;50;Indemne;0
202300036663;155 615 578;B01;7;0;2;2;1;0;203 764 268;1;1;1;2;1964.0;4;1;-1;-1;13;12;2023;10:50;1;69;69097;1;2;1;3;45.49657662;4.72172487;3;2;2;0;1;1;5;1;0;1;-1;Indemne;2
202300036663;155 615 578;B01;7;0;2;2;1;0;203 764 268;1;1;1;2;1964.0;4;1;-1;-1;13;12;2023;10:50;1;69;69097;1;2;1;3;45.49657662;4.72172487;3;2;2;0;2;1;5;1;0;1;80;Indemne;2
202300036663;155 615 579;A01;1;0;2;0;1;5;203 764 269;1;1;4;1;1963.0;5;2;-1;-1;13;12;2023;10:50;1;69;69097;1;2;1;3;45.49657662;4.72172487;3;2;2;0;1;1;5;1;0;1;-1;Blessé léger;2
202300036663;155 615 579;A01;1;0;2;0;1;5;203 764 269;1;1;4;1;1963.0;5;2;-1;-1;13;12;2023;10:50;1;69;69097;1;2;1;3;45.49657662;4.72172487;3;2;2;0;2;1;5;1;0;1;80;Blessé léger;2
202300036665;155 615 575;A01;7;0;2;1;15;1;203 764 264;1;1;1;2;1977.0;0;1;-1;-1;12;12;2023;21:30;5;973;97311;2;3;1;3;5.488647;-54.018871;4;2;2;0;1;1; -1;2;0;1;50;Indemne;1
202300036665;155 615 575;A01;7;0;2;1;15;1;203 764 264;1;1;1;2;1977.0;0;1;-1;-1;12;12;2023;21:30;5;973;97311;2;3;1;3;5.488647;-54.018871;4;2; -1;-1;1;1; -1;2;0;1;-1;Indemne;1
202300036665;155 615 576;B01;80;0;2;7;0;3;203 764 265;2;2;4;1;2005.0;0;0;-1;-1;12;12;2023;21:30;5;973;97311;2;3;1;3;5.488647;-54.018871;4;2;2;0;1;1; -1;2;0;1;50;Blessé léger;1
202300036665;155 615 576;B01;80;0;2;7;0;3;203 764 265;2;2;4;1;2005.0;0;0;-1;-1;12;12;2023;21:30;5;973;97311;2;3;1;3;5.488647;-54.018871;4;2; -1;-1;1;1; -1;2;0;1;-1;Blessé léger;1
202300036665;155 615 576;B01;80;0;2;7;0;3;203 764 266;1;1;3;1;1999.0;0;2;-1;-1;12;12;2023;21:30;5;973;97311;2;3;1;3;5.488647;-54.018871;4;2;2;0;1;1; -1;2;0;1;50;Blessé hospitalisé;1
202300036665;155 615 576;B01;80;0;2;7;0;3;203 764 266;1;1;3;1;1999.0;0;2;-1;-1;12;12;2023;21:30;5;973;97311;2;3;1;3;5.488647;-54.018871;4;2; -1;-1;1;1; -1;2;0;1;-1;Blessé hospitalisé;1
202300036695;155 615 521;A01;7;0;2;7;14;1;203 764 197;1;1;1;2;1975.0;1;1;-1;-1;10;10;2023;18:00;1;69;69276;2;6;1;3;45.66188;4.84285;7;1;2;0;1;1; -1;1;0;5;50;Indemne;1
202300036695;155 615 521;A01;7;0;2;7;14;1;203 764 197;1;1;1;2;1975.0;1;1;-1;-1;10;10;2023;18:00;1;69;69276;2;6;1;3;45.66188;4.84285;7;2;2;0;1;1; -1;1;0;5;50;Indemne;1
202300036695;155 615 522;B01;1;0;2;8;2;5;203 764 198;1;1;4;1;1985.0;5;2;-1;-1;10;10;2023;18:00;1;69;69276;2;6;1;3;45.66188;4.84285;7;1;2;0;1;1; -1;1;0;5;50;Blessé léger;1
202300036695;155 615 522;B01;1;0;2;8;2;5;203 764 198;1;1;4;1;1985.0;5;2;-1;-1;10;10;2023;18:00;1;69;69276;2;6;1;3;45.66188;4.84285;7;2;2;0;1;1; -1;1;0;5;50;Blessé léger;1
202300036697;155 615 519;A01;1;0;1;0;1;5;203 764 192;10;3;4;2;1958.0;5;0;-1;-1;10;10;2023;16:55;1;64;64445;2;1;1;6;43.30759;-0.35668;4;2;1;3;1;1; -1;1;6;4;50;Blessé léger;1
202300036697;155 615 519;A01;1;0;1;0;1;5;203 764 193;1;1;1;1;1958.0;5;2;0;-1;10;10;2023;16:55;1;64;64445;2;1;1;6;43.30759;-0.35668;4;2;1;3;1;1; -1;1;6;4;50;Indemne;1
202300036701;155 615 510;B01;1;0;2;1;1;5;203 764 181;1;1;4;1;1968.0;1;8;0;-1;10;10;2023;16:25;1;45;45234;2;1;1;3;47.89477837;1.90495312;3;2;2;0;1;1;5,5;1;0;1;50;Blessé léger;1
202300036701;155 615 511;A01;7;0;2;1;15;1;203 764 182;1;1;1;1;2003.0;5;1;0;-1;10;10;2023;16:25;1;45;45234;2;1;1;3;47.89477837;1.90495312;3;2;2;0;1;1;5,5;1;0;1;50;Indemne;1
202300036706;155 615 498;A01;33;0;2;1;17;1;203 764 169;1;1;1;1;2000.0;1;2;8;-1;11;12;2023;07:40;1;974;97416;2;3;1;5;-21.33253;55.4805;2;2;2;0;1;1; -1;1;0;1;50;Indemne;0
202300036706;155 615 498;A01;33;0;2;1;17;1;203 764 169;1;1;1;1;2000.0;1;2;8;-1;11;12;2023;07:40;1;974;97416;2;3;1;5;-21.33253;55.4805;2;2;2;0;1;1; -1;1;0;1;50;Indemne;0
202300036706;155 615 499;B01;1;0;2;3;0;5;203 764 170;1;1;4;2;2003.0;2;8;0;-1;11;12;2023;07:40;1;974;97416;2;3;1;5;-21.33253;55.4805;2;2;2;0;1;1; -1;1;0;1;50;Blessé léger;0
202300036706;155 615 499;B01;1;0;2;3;0;5;203 764 170;1;1;4;2;2003.0;2;8;0;-1;11;12;2023;07:40;1;974;97416;2;3;1;5;-21.33253;55.4805;2;2;2;0;1;1; -1;1;0;1;50;Blessé léger;0
202300036706;155 615 500;C01;7;0;2;1;1;1;203 764 171;1;1;1;1;1965.0;1;1;0;-1;11;12;2023;07:40;1;974;97416;2;3;1;5;-21.33253;55.4805;2;2;2;0;1;1; -1;1;0;1;50;Indemne;0
202300036706;155 615 500;C01;7;0;2;1;1;1;203 764 171;1;1;1;1;1965.0;1;1;0;-1;11;12;2023;07:40;1;974;97416;2;3;1;5;-21.33253;55.4805;2;2;2;0;1;1; -1;1;0;1;50;Indemne;0
202300036708;155 615 494;A01;7;0;2;2;16;1;203 764 163;1;1;1;1;1965.0;0;1;-1;-1;11;12;2023;12:00;1;69;69383;2;1;2;3;45.75669538;4.83889877;4;2;4;2;1;1; -1;2;2;5;30;Indemne;0
202300036708;155 615 495;B01;1;0;2;8;19;5;203 764 164;1;1;4;2;1996.0;0;0;-1;-1;11;12;2023;12:00;1;69;69383;2;1;2;3;45.75669538;4.83889877;4;2;4;2;1;1; -1;2;2;5;30;Blessé léger;0
202300036715;155 615 479;A01;7;0;2;7;26;1;203 764 146;1;1;1;2;1990.0;0;1;0;-1;11;12;2023;13:35;1;91;91201;2;3;8;3;48.684682;2.415642;4;2;2;0;1;1; -1;1;0;1;50;Indemne;0
202300036715;155 615 479;A01;7;0;2;7;26;1;203 764 146;1;1;1;2;1990.0;0;1;0;-1;11;12;2023;13:35;1;91;91201;2;3;8;3;48.684682;2.415642;4;1;2;0;1;1; -1;1;0;1;50;Indemne;0
202300036715;155 615 480;B01;80;0;2;3;2;3;203 764 147;1;1;4;1;1983.0;0;8;0;-1;11;12;2023;13:35;1;91;91201;2;3;8;3;48.684682;2.415642;4;2;2;0;1;1; -1;1;0;1;50;Blessé léger;0
202300036715;155 615 480;B01;80;0;2;3;2;3;203 764 147;1;1;4;1;1983.0;0;8;0;-1;11;12;2023;13:35;1;91;91201;2;3;8;3;48.684682;2.415642;4;1;2;0;1;1; -1;1;0;1;50;Blessé léger;0
202300036739;155 615 437;A01;7;0;2;1;15;1;203 764 092;1;1;1;2;1961.0;0;1;0;-1;11;12;2023;08:20;1;59;59378;2;1;1;6;50.66756;3.07667;7;3;1;0;1;1; -1;1;0;1;50;Indemne;0
202300036739;155 615 438;B01;1;0;2;0;1;5;203 764 093;1;1;4;1;1961.0;1;8;0;-1;11;12;2023;08:20;1;59;59378;2;1;1;6;50.66756;3.07667;7;3;1;0;1;1; -1;1;0;1;50;Blessé léger;0
202300036753;155 615 416;A01;7;0;2;8;9;1;203 764 062;1;1;1;2;1958.0;5;1;0;-1;11;12;2023;14:20;1;35;35238;2;6;1;3;48.08678;-1.68271;4;3;2;1;1;1; -1;1;0;1;30;Indemne;0
202300036753;155 615 416;A01;7;0;2;8;9;1;203 764 062;1;1;1;2;1958.0;5;1;0;-1;11;12;2023;14:20;1;35;35238;2;6;1;3;48.08678;-1.68271;4;2;2;0;1;1; -1;1;0;1;30;Indemne;0
202300036753;155 615 417;B01;1;0;2;1;1;5;203 764 063;1;1;4;2;1990.0;5;2;0;-1;11;12;2023;14:20;1;35;35238;2;6;1;3;48.08678;-1.68271;4;3;2;1;1;1; -1;1;0;1;30;Blessé léger;0
202300036753;155 615 417;B01;1;0;2;1;1;5;203 764 063;1;1;4;2;1990.0;5;2;0;-1;11;12;2023;14:20;1;35;35238;2;6;1;3;48.08678;-1.68271;4;2;2;0;1;1; -1;1;0;1;30;Blessé léger;0
202300036754;155 615 414;A01;1;0;2;1;21;5;203 764 060;1;1;3;1;1996.0;0;8;0;-1;11;12;2023;15:40;1;34;34172;2;1;1;2;43.60055;3.87912;4;2;2;0;2;1; -1;1;0;1;30;Blessé hospitalisé;0
202300036754;155 615 415;B01;7;0;2;4;23;2;203 764 061;1;1;1;1;1982.0;4;1;0;-1;11;12;2023;15:40;1;34;34172;2;1;1;2;43.60055;3.87912;4;2;2;0;2;1; -1;1;0;1;30;Indemne;0
202300036755;155 615 412;B01;1;0;2;7;1;5;203 764 058;1;1;4;1;1993.0;1;0;-1;-1;11;12;2023;07:30;2;31;31149;2;1;1;3;43.61968;1.33669;7;1;2;1;1;3;4;1;0;1;50;Blessé léger;0
202300036755;155 615 413;A01;7;0;9;1;1;1;203 764 059;1;1;1;1;1988.0;0;1;0;-1;11;12;2023;07:30;2;31;31149;2;1;1;3;43.61968;1.33669;7;1;2;1;1;3;4;1;0;1;50;Indemne;0
202300036761;155 615 403;B01;1;0;2;8;0;5;203 764 044;1;1;4;2;1996.0;0;8;0;-1;11;12;2023;19:40;5;13;13204;2;9;1;3;43.31313179;5.40344655;4;1;1;0;1;1; -1;1;0;1;50;Blessé léger;0
202300036775;155 615 376;A01;1;0;1;2;1;5;203 763 994;10;3;4;2;1986.0;9;0;-1;-1;11;12;2023;08:52;1;75;75111;2;9;1;6;48.850412;2.387305;4;1; -1;-1;1;1; -1;1;0;5;30;Blessé léger;0
202300036775;155 615 376;A01;1;0;1;2;1;5;203 763 994;10;3;4;2;1986.0;9;0;-1;-1;11;12;2023;08:52;1;75;75111;2;9;1;6;48.850412;2.387305;4;1;1;2;2;1; -1;1;0;5;30;Blessé léger;0
202300036775;155 615 376;A01;1;0;1;2;1;5;203 763 995;1;1;1;2;1996.0;5;2;0;-1;11;12;2023;08:52;1;75;75111;2;9;1;6;48.850412;2.387305;4;1; -1;-1;1;1; -1;1;0;5;30;Indemne;0
202300036775;155 615 376;A01;1;0;1;2;1;5;203 763 995;1;1;1;2;1996.0;5;2;0;-1;11;12;2023;08:52;1;75;75111;2;9;1;6;48.850412;2.387305;4;1;1;2;2;1; -1;1;0;5;30;Indemne;0
202300036799;155 615 335;A01;1;0;0;0;1;5;203 763 937;1;1;1;1;1970.0;9;2;8;-1;5;10;2023;13:40;1;92;92022;2;5;1;7;48.80862581;2.18759045;3;2;4;0;2;1; -1;1;5;1;50;Indemne;3
202300036799;155 615 335;A01;1;0;0;0;1;5;203 763 937;1;1;1;1;1970.0;9;2;8;-1;5;10;2023;13:40;1;92;92022;2;5;1;7;48.80862581;2.18759045;3;2;3;0;1;1; -1;1;5;1;50;Indemne;3
202300036799;155 615 336;B01;30;0;2;0;21;1;203 763 938;1;1;4;2;2004.0;2;2;8;-1;5;10;2023;13:40;1;92;92022;2;5;1;7;48.80862581;2.18759045;3;2;4;0;2;1; -1;1;5;1;50;Blessé léger;3
202300036799;155 615 336;B01;30;0;2;0;21;1;203 763 938;1;1;4;2;2004.0;2;2;8;-1;5;10;2023;13:40;1;92;92022;2;5;1;7;48.80862581;2.18759045;3;2;3;0;1;1; -1;1;5;1;50;Blessé léger;3
202300036838;155 615 264;A01;80;0;2;8;2;3;203 763 846;1;1;3;1;1972.0;0;2;-1;-1;5;10;2023;15:30;1;69;69389;2;2;1;3;45.7786;4.7982;4;2;2;0;1;1; -1;1;0;1;30;Blessé hospitalisé;3
202300036838;155 615 264;A01;80;0;2;8;2;3;203 763 846;1;1;3;1;1972.0;0;2;-1;-1;5;10;2023;15:30;1;69;69389;2;2;1;3;45.7786;4.7982;4;2;2;0;1;1; -1;1;5;1;30;Blessé hospitalisé;3
202300036838;155 615 265;B01;34;8;2;3;1;1;203 763 847;1;1;3;1;1999.0;0;2;6;-1;5;10;2023;15:30;1;69;69389;2;2;1;3;45.7786;4.7982;4;2;2;0;1;1; -1;1;0;1;30;Blessé hospitalisé;3
202300036838;155 615 265;B01;34;8;2;3;1;1;203 763 847;1;1;3;1;1999.0;0;2;6;-1;5;10;2023;15:30;1;69;69389;2;2;1;3;45.7786;4.7982;4;2;2;0;1;1; -1;1;5;1;30;Blessé hospitalisé;3
202300036838;155 615 265;B01;34;8;2;3;1;1;203 763 848;2;2;3;1;1999.0;0;8;-1;-1;5;10;2023;15:30;1;69;69389;2;2;1;3;45.7786;4.7982;4;2;2;0;1;1; -1;1;0;1;30;Blessé hospitalisé;3
202300036838;155 615 265;B01;34;8;2;3;1;1;203 763 848;2;2;3;1;1999.0;0;8;-1;-1;5;10;2023;15:30;1;69;69389;2;2;1;3;45.7786;4.7982;4;2;2;0;1;1; -1;1;5;1;30;Blessé hospitalisé;3
202300036844;155 615 251;B01;1;0;2;1;0;5;203 763 831;1;1;4;1;1999.0;5;8;0;-1;5;10;2023;14:32;1;87;87085;2;3;1;3;45.83218;1.24233;4;2;2;0;1;1; -1;1;0;1;30;Blessé léger;3
202300036844;155 615 251;B01;1;0;2;1;0;5;203 763 831;1;1;4;1;1999.0;5;8;0;-1;5;10;2023;14:32;1;87;87085;2;3;1;3;45.83218;1.24233;4;2;2;0;1;1; -1;1;0;1;30;Blessé léger;3
202300036844;155 615 252;A01;7;0;2;2;15;1;203 763 832;1;1;1;2;2004.0;5;1;0;-1;5;10;2023;14:32;1;87;87085;2;3;1;3;45.83218;1.24233;4;2;2;0;1;1; -1;1;0;1;30;Indemne;3
202300036844;155 615 252;A01;7;0;2;2;15;1;203 763 832;1;1;1;2;2004.0;5;1;0;-1;5;10;2023;14:32;1;87;87085;2;3;1;3;45.83218;1.24233;4;2;2;0;1;1; -1;1;0;1;30;Indemne;3
202300036847;155 615 246;B01;1;0;2;8;0;5;203 763 826;1;1;3;1;1983.0;5;8;0;-1;2;10;2023;14:18;1;84;84007;2;4;1;3;43.95087;4.80229;4;3;2;2;2;3; -1;1;5;5;30;Blessé hospitalisé;0
202300036847;155 615 246;B01;1;0;2;8;0;5;203 763 826;1;1;3;1;1983.0;5;8;0;-1;2;10;2023;14:18;1;84;84007;2;4;1;3;43.95087;4.80229;4;1;1;0;2;1; -1;1;5;5;30;Blessé hospitalisé;0
202300036866;155 615 218;A01;1;0;2;8;19;5;203 763 783;10;3;4;2;1984.0;1;8;8;-1;16;1;2023;09:45;1;93;93001;2;1;2;6;48.91722952;2.38198418;3;4;2;3;1;1; -1;2;0;1;50;Blessé léger;0
202300036866;155 615 218;A01;1;0;2;8;19;5;203 763 784;1;1;1;2;1984.0;1;2;0;-1;16;1;2023;09:45;1;93;93001;2;1;2;6;48.91722952;2.38198418;3;4;2;3;1;1; -1;2;0;1;50;Indemne;0
202300036873;155 615 207;A01;7;0;2;3;15;1;203 763 771;1;1;1;1;1996.0;3;1;0;-1;3;10;2023;08:55;1;73;73065;2;3;1;3;45.58048;5.89136;3;2;2;0;1;1; -1;1;0;5;50;Indemne;1
202300036873;155 615 207;A01;7;0;2;3;15;1;203 763 771;1;1;1;1;1996.0;3;1;0;-1;3;10;2023;08:55;1;73;73065;2;3;1;3;45.58048;5.89136;3;2;2;2;1;1; -1;1;0;5;50;Indemne;1
202300036873;155 615 210;B01;1;0;2;8;1;5;203 763 773;1;1;3;1;1996.0;1;0;0;-1;3;10;2023;08:55;1;73;73065;2;3;1;3;45.58048;5.89136;3;2;2;0;1;1; -1;1;0;5;50;Blessé hospitalisé;1
202300036873;155 615 210;B01;1;0;2;8;1;5;203 763 773;1;1;3;1;1996.0;1;0;0;-1;3;10;2023;08:55;1;73;73065;2;3;1;3;45.58048;5.89136;3;2;2;2;1;1; -1;1;0;5;50;Blessé hospitalisé;1
202300036877;155 615 200;A01;3;0;2;1;1;6;203 763 761;1;1;1;1;1977.0;0;1;0;-1;16;1;2023;18:20;5;92;92007;2;9;8;3;48.8076764;2.32614362;3;1;6;1;1;1; -1;2;0;5;50;Indemne;0
202300036877;155 615 202;B01;1;0;2;8;9;5;203 763 763;1;1;4;1;1998.0;1;8;8;-1;16;1;2023;18:20;5;92;92007;2;9;8;3;48.8076764;2.32614362;3;1;6;1;1;1; -1;2;0;5;50;Blessé léger;0
202300036884;155 615 185;B01;7;0;2;2;16;1;203 763 744;1;1;1;2;1934.0;5;1;-1;-1;17;1;2023;10:46;1;56;56240;2;9;1;3;47.509138;-2.685651;3;2;2;0;1;1; -1;2;0;1;50;Indemne;1
202300036884;155 615 187;A01;1;0;2;1;1;5;203 763 745;1;1;4;1;1973.0;5;0;-1;-1;17;1;2023;10:46;1;56;56240;2;9;1;3;47.509138;-2.685651;3;2;2;0;1;1; -1;2;0;1;50;Blessé léger;1
202300036889;155 615 175;B01;1;0;2;8;0;5;203 763 730;1;1;4;1;2005.0;9;8;0;-1;5;10;2023;15:45;1;67;67482;2;1;1;3;48.589561;7.751145;4;2;1;0;1;1; -1;1;0;1;50;Blessé léger;3
202300036889;155 615 176;A01;7;0;2;3;0;1;203 763 733;1;1;1;1;2004.0;0;1;0;-1;5;10;2023;15:45;1;67;67482;2;1;1;3;48.589561;7.751145;4;2;1;0;1;1; -1;1;0;1;50;Indemne;3
202300036923;155 615 121;B01;1;0;2;7;19;5;203 763 654;1;1;4;1;1950.0;5;8;0;-1;5;7;2023;14:30;1;60;60159;2;6;1;6;49.40770157;2.80081898;4;3;4;0;1;1; -1;1;0;1;70;Blessé léger;2
202300036923;155 615 121;B01;1;0;2;7;19;5;203 763 654;1;1;4;1;1950.0;5;8;0;-1;5;7;2023;14:30;1;60;60159;2;6;1;6;49.40770157;2.80081898;4;2;2;0;1;1; -1;1;0;1;50;Blessé léger;2
202300036937;155 615 098;B01;1;0;2;1;1;5;203 763 623;1;1;4;2;1991.0;0;8;8;-1;4;10;2023;19:40;5;51;51454;2;5;1;2;49.24595;4.03083;4;2; -1;-1;1;1; -1;1;-1;1;-1;Blessé léger;2
202300036937;155 615 098;B01;1;0;2;1;1;5;203 763 623;1;1;4;2;1991.0;0;8;8;-1;4;10;2023;19:40;5;51;51454;2;5;1;2;49.24595;4.03083;4;2;3;2;1;1; -1;1;2;1;50;Blessé léger;2
202300036953;155 615 064;A01;7;0;2;1;1;1;203 763 585;1;1;1;2;1988.0;4;1;0;-1;5;10;2023;09:58;1;44;44184;2;1;1;1;47.2786;-2.2475;4;2;2;0;2;1;10,5;1;0;1;50;Indemne;3
202300036953;155 615 066;B01;1;0;2;8;19;5;203 763 587;1;1;2;1;1947.0;5;2;0;-1;5;10;2023;09:58;1;44;44184;2;1;1;1;47.2786;-2.2475;4;2;2;0;2;1;10,5;1;0;1;50;Tué;3
202300036958;155 615 055;A01;7;0;2;3;9;1;203 763 569;1;1;1;2;1998.0;5;8;8;-1;5;10;2023;18:18;1;37;37214;2;6;1;3;47.42918;0.65004;4;3;2;1;1;2; -1;1;9;1;50;Indemne;3
202300036958;155 615 055;A01;7;0;2;3;9;1;203 763 569;1;1;1;2;1998.0;5;8;8;-1;5;10;2023;18:18;1;37;37214;2;6;1;3;47.42918;0.65004;4;-1;1;0;1;1; -1;1;9;8;50;Indemne;3
202300036958;155 615 057;B01;1;0;2;1;1;5;203 763 571;1;1;4;1;2001.0;5;2;0;-1;5;10;2023;18:18;1;37;37214;2;6;1;3;47.42918;0.65004;4;3;2;1;1;2; -1;1;9;1;50;Blessé léger;3
202300036958;155 615 057;B01;1;0;2;1;1;5;203 763 571;1;1;4;1;2001.0;5;2;0;-1;5;10;2023;18:18;1;37;37214;2;6;1;3;47.42918;0.65004;4;-1;1;0;1;1; -1;1;9;8;50;Blessé léger;3
202300036961;155 615 053;A01;1;0;1;7;1;5;203 763 565;1;1;4;2;1978.0;5;2;0;-1;5;10;2023;13:50;1;37;37261;2;1;1;6;47.37286;0.71135;9;2;1;3;1;1; -1;1;2;6;30;Blessé léger;3
202300036962;155 615 050;B01;80;0;2;1;1;3;203 763 561;1;1;4;1;1986.0;1;8;4;-1;15;1;2023;01:00;5;75;75113;2;1;2;3;48.830009;2.365732;4;2;2;0;1;1; -1;2;0;1;30;Blessé léger;6
202300036962;155 615 051;A01;7;0;2;6;22;1;203 763 563;1;1;1;1;1987.0;9;8;8;-1;15;1;2023;01:00;5;75;75113;2;1;2;3;48.830009;2.365732;4;2;2;0;1;1; -1;2;0;1;30;Indemne;6
202300036970;155 615 035;A01;1;0;2;7;1;5;203 763 543;1;1;4;1;1989.0;5;2;0;-1;14;1;2023;18:32;5;75;75101;2;2;1;3;48.860577;2.34941;4;1;5;1;1;1; -1;1;-1;5;30;Blessé léger;5
202300036970;155 615 035;A01;1;0;2;7;1;5;203 763 543;1;1;4;1;1989.0;5;2;0;-1;14;1;2023;18:32;5;75;75101;2;2;1;3;48.860577;2.34941;4;-1;0;3;1;1; -1;1;-1;5;-1;Blessé léger;5
202300036973;155 615 029;A01;1;0;2;4;2;5;203 763 537;1;1;4;2;1992.0;0;2;0;-1;14;1;2023;21:30;5;93;93059;2;1;2;2;48.95298;2.35819;3;3;4;0;2;1; -1;2;2;1;50;Blessé léger;5
202300036973;155 615 031;B01;7;0;2;1;2;1;203 763 539;1;1;1;1;1965.0;0;1;0;-1;14;1;2023;21:30;5;93;93059;2;1;2;2;48.95298;2.35819;3;3;4;0;2;1; -1;2;2;1;50;Indemne;5
202300036995;155 614 991;A01;1;0;2;4;1;5;203 763 487;1;1;3;2;2001.0;1;2;0;-1;1;10;2023;01:45;5;29;29051;2;1;1;2;47.9962;-4.05246;4;-1;2;0;2;1; -1;1;0;1;50;Blessé hospitalisé;6
202300036995;155 614 993;B01;7;0;9;1;1;1;203 763 489;1;1;1;1;1987.0;9;8;-1;-1;1;10;2023;01:45;5;29;29051;2;1;1;2;47.9962;-4.05246;4;-1;2;0;2;1; -1;1;0;1;50;Indemne;6
202300037000;155 614 980;A01;7;0;2;1;9;1;203 763 475;1;1;1;1;1973.0;1;1;-1;-1;11;1;2023;19:00;3;56;56206;2;6;2;2;47.678838;-2.739855;3;2;3;0;1;3; -1;2;5;1;50;Indemne;2