Num_Acc;id_vehicule;num_veh;catv;obs;obsm;choc;manv;motor;id_usager;place;catu;grav;sexe;an_nais;trajet;secu1;secu2;secu3;jour;mois;an;hrmn;lum;dep;com;agg;int;atm;col;lat;long;catr;circ;nbv;vosp;prof;plan;larrout;surf;infra;situ;vma;gravity;day_of_week
202300037631;155 613 855;B01;1;0;1;3;1;5;203 761 949;1;1;4;1;1978.0;9;2;-1;-1;18;5;2023;17:05;1;29;29232;2;1;1;6;47.97964;-4.10868;4;2;2;3;4;1; -1;1;9;1;50;Blessé léger;3
202300037631;155 613 855;B01;1;0;1;3;1;5;203 761 950;10;3;4;2;1931.0;5;8;-1;-1;18;5;2023;17:05;1;29;29232;2;1;1;6;47.97964;-4.10868;4;2;2;3;4;1; -1;1;9;1;50;Blessé léger;3
202300037645;155 613 827;A01;7;0;2;1;26;1;203 761 915;1;1;1;2;1947.0;3;1;0;-1;7;11;2023;10:45;1;29;29051;2;1;1;1;47.99510944;-4.06315135;3;2;1;0;2;1;4;1;0;1;50;Indemne;1
202300037645;155 613 830;B01;1;0;2;2;19;5;203 761 917;1;1;4;1;2003.0;1;2;-1;-1;7;11;2023;10:45;1;29;29051;2;1;1;1;47.99510944;-4.06315135;3;2;1;0;2;1;4;1;0;1;50;Blessé léger;1
202300037647;155 613 826;A01;7;0;9;3;9;1;203 761 914;1;1;1;1;1969.0;0;1;0;-1;17;5;2023;14:30;1;15;15014;2;6;1;3;44.900172;2.431249;4;1;1;0;1;2; -1;1;0;1;50;Indemne;2
202300037647;155 613 826;A01;7;0;9;3;9;1;203 761 914;1;1;1;1;1969.0;0;1;0;-1;17;5;2023;14:30;1;15;15014;2;6;1;3;44.900172;2.431249;4;1;1;0;2;2; -1;1;0;1;50;Indemne;2
202300037647;155 613 828;B01;1;0;2;7;1;5;203 761 916;1;1;4;1;1949.0;5;0;0;-1;17;5;2023;14:30;1;15;15014;2;6;1;3;44.900172;2.431249;4;1;1;0;1;2; -1;1;0;1;50;Blessé léger;2
202300037647;155 613 828;B01;1;0;2;7;1;5;203 761 916;1;1;4;1;1949.0;5;0;0;-1;17;5;2023;14:30;1;15;15014;2;6;1;3;44.900172;2.431249;4;1;1;0;2;2; -1;1;0;1;50;Blessé léger;2
202300037651;155 613 818;B01;1;0;2;0;1;5;203 761 900;1;1;2;1;1951.0;5;2;-1;-1;23;6;2023;08:00;1;27;27290;1;2;1;3;49.130018;0.792303;3;2;2;0;1;1;5;1;0;1;80;Tué;4
202300037651;155 613 818;B01;1;0;2;0;1;5;203 761 900;1;1;2;1;1951.0;5;2;-1;-1;23;6;2023;08:00;1;27;27290;1;2;1;3;49.130018;0.792303;3;2;2;0;1;1; -1;1;0;1;80;Tué;4
202300037651;155 613 822;A01;13;0;9;1;1;1;203 761 910;1;1;1;1;1981.0;1;1;-1;-1;23;6;2023;08:00;1;27;27290;1;2;1;3;49.130018;0.792303;3;2;2;0;1;1;5;1;0;1;80;Indemne;4
202300037651;155 613 822;A01;13;0;9;1;1;1;203 761 910;1;1;1;1;1981.0;1;1;-1;-1;23;6;2023;08:00;1;27;27290;1;2;1;3;49.130018;0.792303;3;2;2;0;1;1; -1;1;0;1;80;Indemne;4
202300037661;155 613 798;A01;7;0;2;4;9;1;203 761 876;1;1;1;1;1966.0;5;1;0;-1;18;5;2023;12:55;1;04;04070;2;2;2;2;44.09119;6.23114;4;1;2;0;1;2; -1;2;0;1;50;Indemne;3
202300037661;155 613 798;A01;7;0;2;4;9;1;203 761 876;1;1;1;1;1966.0;5;1;0;-1;18;5;2023;12:55;1;04;04070;2;2;2;2;44.09119;6.23114;4;1;2;0;1;1; -1;2;5;8;50;Indemne;3
202300037661;155 613 800;B01;1;0;0;4;0;5;203 761 879;1;1;4;2;1974.0;5;2;8;-1;18;5;2023;12:55;1;04;04070;2;2;2;2;44.09119;6.23114;4;1;2;0;1;2; -1;2;0;1;50;Blessé léger;3
202300037661;155 613 800;B01;1;0;0;4;0;5;203 761 879;1;1;4;2;1974.0;5;2;8;-1;18;5;2023;12:55;1;04;04070;2;2;2;2;44.09119;6.23114;4;1;2;0;1;1; -1;2;5;8;50;Blessé léger;3
202300037678;155 613 771;A01;1;0;2;0;1;5;203 761 838;1;1;4;1;1961.0;5;2;0;-1;18;5;2023;17:00;1;75;75115;2;3;1;6;48.849155;2.298149;4;1;0;1;1;1; -1;1;0;1;30;Blessé léger;3
202300037678;155 613 771;A01;1;0;2;0;1;5;203 761 838;1;1;4;1;1961.0;5;2;0;-1;18;5;2023;17:00;1;75;75115;2;3;1;6;48.849155;2.298149;4;2;2;0;1;1; -1;1;0;1;30;Blessé léger;3
202300037693;155 613 743;B01;1;0;2;1;1;5;203 761 799;1;1;2;2;1972.0;5;2;0;-1;6;11;2023;11:33;1;05;05061;1;1;2;5;44.54434;6.0915;3;2;2;0;2;3;5,5;2;0;1;80;Tué;0
202300037693;155 613 744;C01;1;0;2;1;1;5;203 761 800;1;1;3;1;2005.0;5;2;0;-1;6;11;2023;11:33;1;05;05061;1;1;2;5;44.54434;6.0915;3;2;2;0;2;3;5,5;2;0;1;80;Blessé hospitalisé;0
202300037693;155 613 746;A01;7;0;2;1;13;1;203 761 802;1;1;1;1;1931.0;5;1;0;-1;6;11;2023;11:33;1;05;05061;1;1;2;5;44.54434;6.0915;3;2;2;0;2;3;5,5;2;0;1;80;Indemne;0
202300037693;155 613 746;A01;7;0;2;1;13;1;203 761 804;4;2;1;2;2006.0;9;1;0;-1;6;11;2023;11:33;1;05;05061;1;1;2;5;44.54434;6.0915;3;2;2;0;2;3;5,5;2;0;1;80;Indemne;0
202300037693;155 613 746;A01;7;0;2;1;13;1;203 761 805;3;2;1;2;2006.0;2;1;0;-1;6;11;2023;11:33;1;05;05061;1;1;2;5;44.54434;6.0915;3;2;2;0;2;3;5,5;2;0;1;80;Indemne;0
202300037695;155 613 739;B01;1;0;2;3;1;5;203 761 795;1;1;4;2;1989.0;5;2;0;-1;18;5;2023;16:00;1;94;94042;2;1;1;2;48.814053;2.464715;3;2;2;0;1;1; -1;1;0;1;50;Blessé léger;3
202300037695;155 613 741;A01;7;0;2;5;20;1;203 761 797;1;1;1;1;1974.0;3;1;0;-1;18;5;2023;16:00;1;94;94042;2;1;1;2;48.814053;2.464715;3;2;2;0;1;1; -1;1;0;1;50;Indemne;3
202300037696;155 613 736;A01;7;0;2;4;23;1;203 761 792;1;1;1;2;1991.0;5;1;0;-1;6;11;2023;13:28;1;05;05023;1;1;1;2;44.88108563;6.62109196;3;2;2;0;1;1; -1;1;2;1;30;Indemne;0
202300037696;155 613 738;B01;1;0;2;1;2;5;203 761 794;1;1;4;1;1964.0;1;8;0;-1;6;11;2023;13:28;1;05;05023;1;1;1;2;44.88108563;6.62109196;3;2;2;0;1;1; -1;1;2;1;30;Blessé léger;0
202300037702;155 613 725;B01;1;0;2;1;1;5;203 761 777;1;1;4;1;1968.0;5;2;8;-1;18;5;2023;11:30;1;94;94004;2;2;1;1;48.748812;2.51285;3;2;2;0;3;1; -1;-1;5;-1;-1;Blessé léger;3
202300037702;155 613 725;B01;1;0;2;1;1;5;203 761 777;1;1;4;1;1968.0;5;2;8;-1;18;5;2023;11:30;1;94;94004;2;2;1;1;48.748812;2.51285;3;2;2;0;1;1; -1;1;5;1;50;Blessé léger;3
202300037702;155 613 727;A01;7;0;2;1;15;1;203 761 779;1;1;1;2;1991.0;5;1;8;-1;18;5;2023;11:30;1;94;94004;2;2;1;1;48.748812;2.51285;3;2;2;0;3;1; -1;-1;5;-1;-1;Indemne;3
202300037702;155 613 727;A01;7;0;2;1;15;1;203 761 779;1;1;1;2;1991.0;5;1;8;-1;18;5;2023;11:30;1;94;94004;2;2;1;1;48.748812;2.51285;3;2;2;0;1;1; -1;1;5;1;50;Indemne;3
202300037726;155 613 681;A01;7;0;2;1;17;1;203 761 720;1;1;4;2;1996.0;5;1;0;-1;26;2;2023;02:15;3;13;13207;2;1;1;1;43.29222;5.36472;4;2;3;0;1;1; -1;1;0;1;50;Blessé léger;6
202300037726;155 613 682;B01;1;0;2;0;0;5;203 761 722;1;1;4;1;2006.0;5;8;0;-1;26;2;2023;02:15;3;13;13207;2;1;1;1;43.29222;5.36472;4;2;3;0;1;1; -1;1;0;1;50;Blessé léger;6
202300037738;155 613 659;A01;1;0;1;1;1;5;203 761 688;1;1;4;1;1967.0;5;2;-1;-1;18;5;2023;12:50;1;62;62245;1;1;1;6;50.717327;2.005589;4;2;2;0;2;2; -1;1;0;1;80;Blessé léger;3
202300037738;155 613 659;A01;1;0;1;1;1;5;203 761 690;10;3;3;1;1950.0;5;0;-1;-1;18;5;2023;12:50;1;62;62245;1;1;1;6;50.717327;2.005589;4;2;2;0;2;2; -1;1;0;1;80;Blessé hospitalisé;3
202300037746;155 613 651;A01;14;0;2;7;16;1;203 761 678;1;1;1;1;1978.0;1;8;4;-1;7;11;2023;09:40;1;75;75116;2;3;1;3;48.863204;2.296176;4;3;2;1;1;1; -1;2;0;5;30;Indemne;1
202300037746;155 613 651;A01;14;0;2;7;16;1;203 761 678;1;1;1;1;1978.0;1;8;4;-1;7;11;2023;09:40;1;75;75116;2;3;1;3;48.863204;2.296176;4;2; -1;-1;1;1; -1;2;0;5;-1;Indemne;1
202300037746;155 613 652;B01;1;0;2;1;1;5;203 761 680;1;1;4;1;1979.0;1;2;8;-1;7;11;2023;09:40;1;75;75116;2;3;1;3;48.863204;2.296176;4;3;2;1;1;1; -1;2;0;5;30;Blessé léger;1
202300037746;155 613 652;B01;1;0;2;1;1;5;203 761 680;1;1;4;1;1979.0;1;2;8;-1;7;11;2023;09:40;1;75;75116;2;3;1;3;48.863204;2.296176;4;2; -1;-1;1;1; -1;2;0;5;-1;Blessé léger;1
202300037759;155 613 627;A01;43;0;2;1;18;1;203 761 645;1;1;1;1;1995.0;1;2;0;-1;7;11;2023;13:45;1;75;75115;2;3;1;1;48.832105;2.293429;4;1; -1;-1;1;1; -1;1;0;5;-1;Indemne;1
202300037759;155 613 627;A01;43;0;2;1;18;1;203 761 645;1;1;1;1;1995.0;1;2;0;-1;7;11;2023;13:45;1;75;75115;2;3;1;1;48.832105;2.293429;4;1;1;2;2;1; -1;1;0;5;30;Indemne;1
202300037759;155 613 628;B01;1;0;2;3;5;5;203 761 646;1;1;4;2;1975.0;1;2;0;-1;7;11;2023;13:45;1;75;75115;2;3;1;1;48.832105;2.293429;4;1; -1;-1;1;1; -1;1;0;5;-1;Blessé léger;1
202300037759;155 613 628;B01;1;0;2;3;5;5;203 761 646;1;1;4;2;1975.0;1;2;0;-1;7;11;2023;13:45;1;75;75115;2;3;1;1;48.832105;2.293429;4;1;1;2;2;1; -1;1;0;5;30;Blessé léger;1
202300037760;155 613 623;A01;7;0;2;3;1;1;203 761 641;1;1;1;1;1997.0;1;1;-1;-1;16;5;2023;18:15;1;62;62338;1;2;1;3;50.642751;2.81975;4;2;2;0;1;1; -1;1;0;1;50;Indemne;1
202300037760;155 613 625;B01;1;0;2;8;19;5;203 761 643;1;1;3;1;2015.0;5;2;-1;-1;16;5;2023;18:15;1;62;62338;1;2;1;3;50.642751;2.81975;4;2;2;0;1;1; -1;1;0;1;50;Blessé hospitalisé;1
202300037774;155 613 599;A01;7;0;2;8;22;1;203 761 611;1;1;1;1;1978.0;5;1;0;-1;7;11;2023;16:55;2;75;75107;2;3;1;3;48.847388;2.318199;4;1; -1;-1;1;1; -1;1;0;5;-1;Indemne;1
202300037774;155 613 599;A01;7;0;2;8;22;1;203 761 611;1;1;1;1;1978.0;5;1;0;-1;7;11;2023;16:55;2;75;75107;2;3;1;3;48.847388;2.318199;4;-1;2;1;1;1; -1;1;0;5;30;Indemne;1
202300037774;155 613 601;B01;1;0;2;7;1;5;203 761 613;1;1;4;1;1990.0;2;8;0;-1;7;11;2023;16:55;2;75;75107;2;3;1;3;48.847388;2.318199;4;1; -1;-1;1;1; -1;1;0;5;-1;Blessé léger;1
202300037774;155 613 601;B01;1;0;2;7;1;5;203 761 613;1;1;4;1;1990.0;2;8;0;-1;7;11;2023;16:55;2;75;75107;2;3;1;3;48.847388;2.318199;4;-1;2;1;1;1; -1;1;0;5;30;Blessé léger;1
202300037778;155 613 592;A01;7;0;2;3;22;1;203 761 601;1;1;1;2;1949.0;5;1;0;-1;7;11;2023;12:45;1;75;75107;2;1;1;3;48.855076;2.306714;4;2;2;0;1;1; -1;1;0;1;30;Indemne;1
202300037778;155 613 595;B01;1;0;2;1;1;5;203 761 606;1;1;4;2;1991.0;9;8;0;-1;7;11;2023;12:45;1;75;75107;2;1;1;3;48.855076;2.306714;4;2;2;0;1;1; -1;1;0;1;30;Blessé léger;1
202300037779;155 613 591;B01;1;0;2;8;1;5;203 761 600;1;1;4;1;1976.0;0;8;0;-1;25;2;2023;10:32;1;77;77058;2;2;1;3;48.83913;2.72143;3;2;2;1;1;1; -1;1;5;1;50;Blessé léger;5
202300037779;155 613 591;B01;1;0;2;8;1;5;203 761 600;1;1;4;1;1976.0;0;8;0;-1;25;2;2023;10:32;1;77;77058;2;2;1;3;48.83913;2.72143;3;2;2;0;1;1; -1;1;5;1;50;Blessé léger;5
202300037779;155 613 594;A01;7;0;2;2;1;1;203 761 603;1;1;1;1;1976.0;0;8;-1;-1;25;2;2023;10:32;1;77;77058;2;2;1;3;48.83913;2.72143;3;2;2;1;1;1; -1;1;5;1;50;Indemne;5
202300037779;155 613 594;A01;7;0;2;2;1;1;203 761 603;1;1;1;1;1976.0;0;8;-1;-1;25;2;2023;10:32;1;77;77058;2;2;1;3;48.83913;2.72143;3;2;2;0;1;1; -1;1;5;1;50;Indemne;5
202300037779;155 613 594;A01;7;0;2;2;1;1;203 761 605;2;2;1;2;1982.0;0;8;0;-1;25;2;2023;10:32;1;77;77058;2;2;1;3;48.83913;2.72143;3;2;2;1;1;1; -1;1;5;1;50;Indemne;5
202300037779;155 613 594;A01;7;0;2;2;1;1;203 761 605;2;2;1;2;1982.0;0;8;0;-1;25;2;2023;10:32;1;77;77058;2;2;1;3;48.83913;2.72143;3;2;2;0;1;1; -1;1;5;1;50;Indemne;5
202300037784;155 613 580;A01;80;0;2;2;18;3;203 761 585;1;1;4;2;2002.0;2;8;0;-1;7;11;2023;12:40;1;75;75104;2;3;1;3;48.857304;2.349907;4;1;2;3;1;1; -1;1;-1;6;30;Blessé léger;1
202300037784;155 613 580;A01;80;0;2;2;18;3;203 761 585;1;1;4;2;2002.0;2;8;0;-1;7;11;2023;12:40;1;75;75104;2;3;1;3;48.857304;2.349907;4;2;0;0;1;3; -1;1;-1;6;30;Blessé léger;1
202300037784;155 613 583;B01;10;0;2;2;16;1;203 761 590;1;1;1;1;1978.0;4;8;0;-1;7;11;2023;12:40;1;75;75104;2;3;1;3;48.857304;2.349907;4;1;2;3;1;1; -1;1;-1;6;30;Indemne;1
202300037784;155 613 583;B01;10;0;2;2;16;1;203 761 590;1;1;1;1;1978.0;4;8;0;-1;7;11;2023;12:40;1;75;75104;2;3;1;3;48.857304;2.349907;4;2;0;0;1;3; -1;1;-1;6;30;Indemne;1
202300037827;155 613 505;A01;7;0;2;8;16;1;203 761 477;1;1;1;1;1954.0;5;1;-1;-1;18;5;2023;14:25;1;44;44154;2;6;1;3;47.245124;-2.162456;3;1;2;1;1;2;5;1;0;5;-1;Indemne;3
202300037827;155 613 507;B01;80;0;0;7;1;3;203 761 479;1;1;3;2;1964.0;5;2;-1;-1;18;5;2023;14:25;1;44;44154;2;6;1;3;47.245124;-2.162456;3;1;2;1;1;2;5;1;0;5;-1;Blessé hospitalisé;3
202300037831;155 613 501;A01;7;0;2;6;23;1;203 761 473;1;1;1;2;1991.0;1;1;0;0;7;11;2023;10:15;1;92;92051;2;1;1;2;48.88296914;2.27547669;4;2;1;2;1;1; -1;1;0;5;50;Indemne;1
202300037831;155 613 503;B01;1;0;2;1;1;5;203 761 475;1;1;4;2;1960.0;9;8;0;0;7;11;2023;10:15;1;92;92051;2;1;1;2;48.88296914;2.27547669;4;2;1;2;1;1; -1;1;0;5;50;Blessé léger;1
202300037833;155 613 497;A01;7;0;2;1;1;0;203 761 469;1;1;1;1;1972.0;5;1;-1;-1;18;5;2023;10:45;1;29;29235;2;3;1;3;48.4101111;-4.390315;4;2;2;0;2;3; -1;1;5;1;30;Indemne;3
202300037833;155 613 497;A01;7;0;2;1;1;0;203 761 469;1;1;1;1;1972.0;5;1;-1;-1;18;5;2023;10:45;1;29;29235;2;3;1;3;48.4101111;-4.390315;4;2;2;2;2;1; -1;1;5;1;30;Indemne;3
202300037833;155 613 499;B01;1;0;2;8;16;5;203 761 471;1;1;3;1;2013.0;5;2;-1;-1;18;5;2023;10:45;1;29;29235;2;3;1;3;48.4101111;-4.390315;4;2;2;0;2;3; -1;1;5;1;30;Blessé hospitalisé;3
202300037833;155 613 499;B01;1;0;2;8;16;5;203 761 471;1;1;3;1;2013.0;5;2;-1;-1;18;5;2023;10:45;1;29;29235;2;3;1;3;48.4101111;-4.390315;4;2;2;2;2;1; -1;1;5;1;30;Blessé hospitalisé;3
202300037838;155 613 491;A01;10;0;2;4;4;3;203 761 459;1;1;1;1;1994.0;4;1;-1;-1;25;2;2023;09:40;1;33;33167;2;1;1;2;44.84217;-0.52077;4;2;2;0;1;1; -1;1;0;1;30;Indemne;5
202300037838;155 613 493;B01;1;0;2;1;23;5;203 761 462;1;1;3;2;1950.0;0;2;-1;-1;25;2;2023;09:40;1;33;33167;2;1;1;2;44.84217;-0.52077;4;2;2;0;1;1; -1;1;0;1;30;Blessé hospitalisé;5
202300037853;155 613 467;A01;7;0;2;7;1;1;203 761 428;1;1;1;1;1954.0;5;1;0;-1;25;2;2023;11:25;1;17;17300;2;1;1;3;46.165248;-1.1859;4;2;2;2;1;1; -1;1;0;1;30;Indemne;5
202300037853;155 613 469;B01;1;0;2;8;1;5;203 761 430;1;1;4;1;1952.0;5;8;0;-1;25;2;2023;11:25;1;17;17300;2;1;1;3;46.165248;-1.1859;4;2;2;2;1;1; -1;1;0;1;30;Blessé léger;5
202300037856;155 613 464;B01;1;0;2;1;1;5;203 761 425;1;1;4;1;1967.0;5;2;0;-1;25;2;2023;18:40;5;13;13208;2;1;1;1;43.27361;5.39854;4;1;4;1;1;1; -1;1;0;5;50;Blessé léger;5
202300037861;155 613 452;A01;7;0;2;2;1;1;203 761 410;1;1;1;1;1936.0;5;1;-1;-1;7;11;2023;17:20;2;35;35345;1;1;8;2;48.362284;-1.905581;3;2;2;0;1;1;7;2;0;1;70;Indemne;1
202300037861;155 613 454;B01;80;0;2;4;1;3;203 761 412;1;1;3;1;1953.0;5;4;-1;-1;7;11;2023;17:20;2;35;35345;1;1;8;2;48.362284;-1.905581;3;2;2;0;1;1;7;2;0;1;70;Blessé hospitalisé;1
202300037879;155 613 423;A01;7;0;0;2;1;1;203 761 373;1;1;1;2;1968.0;5;8;-1;-1;5;11;2023;13:25;1;34;34270;2;1;1;1;43.57667303;3.8484925;3;2;2;0;1;3;7;1;0;1;50;Indemne;6
202300037879;155 613 425;B01;1;0;0;1;1;5;203 761 375;1;1;3;1;1947.0;5;2;-1;-1;5;11;2023;13:25;1;34;34270;2;1;1;1;43.57667303;3.8484925;3;2;2;0;1;3;7;1;0;1;50;Blessé hospitalisé;6
202300037921;155 613 344;B01;1;0;0;7;1;5;203 761 265;1;1;3;1;1976.0;5;2;-1;-1;20;2;2023;14:00;1;86;86165;2;6;1;3;46.426871;0.859288;3;1;1;0;1;2; -1;1;0;1;50;Blessé hospitalisé;0
202300037921;155 613 346;A01;7;0;0;1;9;1;203 761 267;1;1;1;1;1978.0;1;8;-1;-1;20;2;2023;14:00;1;86;86165;2;6;1;3;46.426871;0.859288;3;1;1;0;1;2; -1;1;0;1;50;Indemne;0
202300037924;155 613 339;B01;1;0;2;4;1;5;203 761 258;1;1;2;1;1989.0;0;0;-1;-1;27;2;2023;19:10;3;51;51090;1;1;1;2;48.774184;3.865977;3;2;2;0;1;1;4;1;0;1;80;Tué;0
202300037924;155 613 340;A01;7;0;2;1;1;0;203 761 259;1;1;1;1;1996.0;1;1;-1;-1;27;2;2023;19:10;3;51;51090;1;1;1;2;48.774184;3.865977;3;2;2;0;1;1;4;1;0;1;80;Indemne;0
202300037931;155 613 322;A01;50;0;2;1;13;3;203 761 237;1;1;1;1;2000.0;5;8;0;-1;10;4;2023;10:54;1;75;75110;2;3;2;1;48.87614;2.358289;4;2;2;3;1;1; -1;2;0;1;30;Indemne;0
202300037931;155 613 322;A01;50;0;2;1;13;3;203 761 237;1;1;1;1;2000.0;5;8;0;-1;10;4;2023;10:54;1;75;75110;2;3;2;1;48.87614;2.358289;4;2;2;3;1;1; -1;2;0;1;30;Indemne;0
202300037931;155 613 326;B01;1;0;2;1;14;5;203 761 241;1;1;4;1;1997.0;9;2;0;-1;10;4;2023;10:54;1;75;75110;2;3;2;1;48.87614;2.358289;4;2;2;3;1;1; -1;2;0;1;30;Blessé léger;0
202300037931;155 613 326;B01;1;0;2;1;14;5;203 761 241;1;1;4;1;1997.0;9;2;0;-1;10;4;2023;10:54;1;75;75110;2;3;2;1;48.87614;2.358289;4;2;2;3;1;1; -1;2;0;1;30;Blessé léger;0
202300037935;155 613 315;A01;1;0;1;1;1;5;203 761 224;1;1;4;1;1998.0;5;8;0;-1;10;4;2023;18:40;1;75;75104;2;2;1;6;48.851831;2.356554;4;2;2;2;1;1; -1;1;0;1;30;Blessé léger;0
202300037935;155 613 315;A01;1;0;1;1;1;5;203 761 224;1;1;4;1;1998.0;5;8;0;-1;10;4;2023;18:40;1;75;75104;2;2;1;6;48.851831;2.356554;4;2;2;2;1;1; -1;1;0;1;30;Blessé léger;0
202300037935;155 613 315;A01;1;0;1;1;1;5;203 761 227;10;3;1;1;1960.0;9;0;-1;-1;10;4;2023;18:40;1;75;75104;2;2;1;6;48.851831;2.356554;4;2;2;2;1;1; -1;1;0;1;30;Indemne;0
202300037935;155 613 315;A01;1;0;1;1;1;5;203 761 227;10;3;1;1;1960.0;9;0;-1;-1;10;4;2023;18:40;1;75;75104;2;2;1;6;48.851831;2.356554;4;2;2;2;1;1; -1;1;0;1;30;Indemne;0
202300037943;155 613 305;A01;1;0;2;0;17;5;203 761 212;1;1;4;1;1961.0;5;8;0;-1;10;4;2023;10:35;1;75;75104;2;9;2;3;48.854155;2.354715;4;2;2;1;1;1; -1;2;6;5;30;Blessé léger;0
202300037952;155 613 286;A01;2;0;2;1;9;1;203 761 181;1;1;4;1;1993.0;0;2;6;-1;9;4;2023;23:35;5;94;94041;2;2;1;1;48.81806242;2.39792114;3;1;2;0;1;1; -1;1;5;6;30;Blessé léger;6
202300037952;155 613 286;A01;2;0;2;1;9;1;203 761 181;1;1;4;1;1993.0;0;2;6;-1;9;4;2023;23:35;5;94;94041;2;2;1;1;48.81806242;2.39792114;3;2;3;3;1;1; -1;1;5;1;30;Blessé léger;6
202300037952;155 613 289;B01;1;0;2;1;0;5;203 761 185;1;1;4;1;2008.0;9;0;-1;-1;9;4;2023;23:35;5;94;94041;2;2;1;1;48.81806242;2.39792114;3;1;2;0;1;1; -1;1;5;6;30;Blessé léger;6
202300037952;155 613 289;B01;1;0;2;1;0;5;203 761 185;1;1;4;1;2008.0;9;0;-1;-1;9;4;2023;23:35;5;94;94041;2;2;1;1;48.81806242;2.39792114;3;2;3;3;1;1; -1;1;5;1;30;Blessé léger;6
202300037953;155 613 285;B01;1;0;0;6;15;5;203 761 180;1;1;3;1;1957.0;1;2;4;9;27;2;2023;08:45;1;22;22079;1;1;1;3;48.39716416;-2.62604088;3;2;2;0;1;1; -1;1;0;1;80;Blessé hospitalisé;0
202300037953;155 613 287;A01;7;0;0;2;17;1;203 761 182;1;1;1;1;1984.0;1;1;-1;-1;27;2;2023;08:45;1;22;22079;1;1;1;3;48.39716416;-2.62604088;3;2;2;0;1;1; -1;1;0;1;80;Indemne;0
202300037955;155 613 283;A01;1;0;2;0;1;5;203 761 178;1;1;4;2;1994.0;0;8;-1;-1;18;5;2023;00:00;5;69;69383;2;1;1;6;45.76059;4.84116;4;1;3;1;1;1; -1;1;0;1;50;Blessé léger;3
202300037962;155 613 270;A01;7;0;0;2;1;1;203 761 157;1;1;3;1;2002.0;1;8;-1;-1;6;11;2023;16:44;1;30;30155;2;1;1;2;43.815754;4.464966;3;2;2;0;1;1;5;1;0;1;30;Blessé hospitalisé;0
202300037962;155 613 274;B01;1;0;2;4;2;5;203 761 161;1;1;3;1;1934.0;0;0;-1;-1;6;11;2023;16:44;1;30;30155;2;1;1;2;43.815754;4.464966;3;2;2;0;1;1;5;1;0;1;30;Blessé hospitalisé;0
202300037964;155 613 264;A01;7;0;2;2;1;1;203 761 150;1;1;1;1;1998.0;0;1;0;-1;10;4;2023;19:00;2;93;93039;2;2;3;3;48.93579;2.340828;3;2;2;2;1;1;12;2;4;1;50;Indemne;0
202300037964;155 613 264;A01;7;0;2;2;1;1;203 761 150;1;1;1;1;1998.0;0;1;0;-1;10;4;2023;19:00;2;93;93039;2;2;3;3;48.93579;2.340828;3;2;2;0;1;1;9;2;4;1;50;Indemne;0
202300037964;155 613 268;B01;1;0;2;1;1;5;203 761 155;1;1;4;1;1989.0;0;8;0;-1;10;4;2023;19:00;2;93;93039;2;2;3;3;48.93579;2.340828;3;2;2;2;1;1;12;2;4;1;50;Blessé léger;0
202300037964;155 613 268;B01;1;0;2;1;1;5;203 761 155;1;1;4;1;1989.0;0;8;0;-1;10;4;2023;19:00;2;93;93039;2;2;3;3;48.93579;2.340828;3;2;2;0;1;1;9;2;4;1;50;Blessé léger;0
202300037990;155 613 209;A01;7;0;9;3;9;1;203 761 080;1;1;1;1;2000.0;3;1;-1;-1;25;2;2023;16:45;1;85;85128;1;6;8;3;46.461301;-1.129199;6;-1; -1;0;1;3;5;1;5;1;-1;Indemne;5
202300037990;155 613 213;B01;80;0;2;1;1;3;203 761 084;1;1;3;2;1970.0;3;0;-1;-1;25;2;2023;16:45;1;85;85128;1;6;8;3;46.461301;-1.129199;6;-1; -1;0;1;3;5;1;5;1;-1;Blessé hospitalisé;5
202300038051;155 613 096;A01;1;0;1;1;1;5;203 760 925;1;1;1;1;2003.0;9;8;0;-1;25;2;2023;16:35;1;75;75120;2;3;8;6;48.872532;2.378555;4;1; -1;-1;1;1; -1;1;0;1;-1;Indemne;5
202300038051;155 613 096;A01;1;0;1;1;1;5;203 760 925;1;1;1;1;2003.0;9;8;0;-1;25;2;2023;16:35;1;75;75120;2;3;8;6;48.872532;2.378555;4;2;2;0;4;1; -1;1;0;1;30;Indemne;5
202300038051;155 613 096;A01;1;0;1;1;1;5;203 760 927;10;3;4;2;1977.0;9;0;-1;-1;25;2;2023;16:35;1;75;75120;2;3;8;6;48.872532;2.378555;4;1; -1;-1;1;1; -1;1;0;1;-1;Blessé léger;5
202300038051;155 613 096;A01;1;0;1;1;1;5;203 760 927;10;3;4;2;1977.0;9;0;-1;-1;25;2;2023;16:35;1;75;75120;2;3;8;6;48.872532;2.378555;4;2;2;0;4;1; -1;1;0;1;30;Blessé léger;5
202300038055;155 613 085;A01;1;0;1;1;1;5;203 760 911;10;3;4;2;1972.0;1;0;-1;-1;16;5;2023;08:27;1;72;72181;2;9;1;6;48.00563;0.20106;4;1;0;1;1;1; -1;1;0;5;50;Blessé léger;1
202300038055;155 613 085;A01;1;0;1;1;1;5;203 760 912;1;1;1;2;1977.0;1;8;0;-1;16;5;2023;08:27;1;72;72181;2;9;1;6;48.00563;0.20106;4;1;0;1;1;1; -1;1;0;5;50;Indemne;1
202300038058;155 613 081;A01;1;0;2;4;2;5;203 760 907;1;1;4;1;1960.0;9;8;0;-1;25;2;2023;11:20;1;75;75116;2;1;1;2;48.859428;2.229364;4;2;2;2;1;3; -1;1;-1;5;30;Blessé léger;5