Num_Acc;id_vehicule;num_veh;catv;obs;obsm;choc;manv;motor;id_usager;place;catu;grav;sexe;an_nais;trajet;secu1;secu2;secu3;jour;mois;an;hrmn;lum;dep;com;agg;int;atm;col;lat;long;catr;circ;nbv;vosp;prof;plan;larrout;surf;infra;situ;vma;gravity;day_of_week
202300038058;155 613 082;B01;1;0;2;1;2;5;203 760 908;1;1;4;1;1959.0;5;8;0;-1;25;2;2023;11:20;1;75;75116;2;1;1;2;48.859428;2.229364;4;2;2;2;1;3; -1;1;-1;5;30;Blessé léger;5
202300038063;155 613 071;B01;1;0;2;7;1;5;203 760 897;1;1;4;1;1954.0;0;8;8;-1;17;5;2023;18:55;1;67;67482;2;3;1;1;48.5961;7.78917;4;-1;2;1;1;1; -1;1;0;5;50;Blessé léger;2
202300038063;155 613 071;B01;1;0;2;7;1;5;203 760 897;1;1;4;1;1954.0;0;8;8;-1;17;5;2023;18:55;1;67;67482;2;3;1;1;48.5961;7.78917;4;2;2;0;1;1; -1;1;0;1;50;Blessé léger;2
202300038063;155 613 075;A01;7;0;2;1;16;1;203 760 901;1;1;1;1;1972.0;0;1;8;-1;17;5;2023;18:55;1;67;67482;2;3;1;1;48.5961;7.78917;4;-1;2;1;1;1; -1;1;0;5;50;Indemne;2
202300038063;155 613 075;A01;7;0;2;1;16;1;203 760 901;1;1;1;1;1972.0;0;1;8;-1;17;5;2023;18:55;1;67;67482;2;3;1;1;48.5961;7.78917;4;2;2;0;1;1; -1;1;0;1;50;Indemne;2
202300038066;155 613 068;A01;1;0;1;1;1;5;203 760 892;1;1;4;1;1992.0;5;2;0;-1;25;2;2023;11:55;1;75;75115;2;2;1;6;48.83598;2.27826;4;3;7;0;1;1; -1;1;0;1;50;Blessé léger;5
202300038066;155 613 068;A01;1;0;1;1;1;5;203 760 892;1;1;4;1;1992.0;5;2;0;-1;25;2;2023;11:55;1;75;75115;2;2;1;6;48.83598;2.27826;4;2; -1;-1;1;1; -1;1;0;1;-1;Blessé léger;5
202300038066;155 613 068;A01;1;0;1;1;1;5;203 760 893;10;3;4;2;1963.0;9;0;-1;-1;25;2;2023;11:55;1;75;75115;2;2;1;6;48.83598;2.27826;4;3;7;0;1;1; -1;1;0;1;50;Blessé léger;5
202300038066;155 613 068;A01;1;0;1;1;1;5;203 760 893;10;3;4;2;1963.0;9;0;-1;-1;25;2;2023;11:55;1;75;75115;2;2;1;6;48.83598;2.27826;4;2; -1;-1;1;1; -1;1;0;1;-1;Blessé léger;5
202300038070;155 613 062;A01;1;0;2;1;2;5;203 760 885;1;1;4;1;1976.0;1;2;0;-1;25;2;2023;13:00;1;75;75114;2;2;1;2;48.824903;2.318393;4;3;8;0;1;1; -1;1;0;1;50;Blessé léger;5
202300038070;155 613 062;A01;1;0;2;1;2;5;203 760 885;1;1;4;1;1976.0;1;2;0;-1;25;2;2023;13:00;1;75;75114;2;2;1;2;48.824903;2.318393;4;1; -1;-1;1;1; -1;1;0;1;-1;Blessé léger;5
202300038070;155 613 064;B01;7;0;2;5;23;1;203 760 887;1;1;1;2;1947.0;5;1;0;-1;25;2;2023;13:00;1;75;75114;2;2;1;2;48.824903;2.318393;4;3;8;0;1;1; -1;1;0;1;50;Indemne;5
202300038070;155 613 064;B01;7;0;2;5;23;1;203 760 887;1;1;1;2;1947.0;5;1;0;-1;25;2;2023;13:00;1;75;75114;2;2;1;2;48.824903;2.318393;4;1; -1;-1;1;1; -1;1;0;1;-1;Indemne;5
202300038071;155 613 059;B01;31;0;2;1;2;1;203 760 880;1;1;1;1;2002.0;1;2;6;-1;17;5;2023;08:30;1;67;67482;2;1;1;3;48.58215;7.75782;4;1;1;1;1;1; -1;1;0;1;30;Indemne;2
202300038071;155 613 060;A01;1;0;2;8;10;5;203 760 882;1;1;4;1;1962.0;1;8;0;-1;17;5;2023;08:30;1;67;67482;2;1;1;3;48.58215;7.75782;4;1;1;1;1;1; -1;1;0;1;30;Blessé léger;2
202300038082;155 613 038;A01;7;0;2;2;14;1;203 760 857;1;1;1;1;1968.0;3;1;0;-1;17;5;2023;13:25;1;61;61117;1;1;1;2;48.4357;0.03211;3;2;2;0;2;1; -1;1;0;3;90;Indemne;2
202300038082;155 613 041;B01;1;0;2;4;2;5;203 760 860;1;1;4;1;2000.0;1;8;0;-1;17;5;2023;13:25;1;61;61117;1;1;1;2;48.4357;0.03211;3;2;2;0;2;1; -1;1;0;3;90;Blessé léger;2
202300038105;155 612 991;B01;39;0;2;1;1;3;203 760 789;1;1;1;1;1988.0;4;8;0;-1;16;5;2023;07:20;1;54;54403;2;8;1;3;48.93287;6.03911;4;-1; -1;3;1;2; -1;1;4;6;-1;Indemne;1
202300038105;155 612 991;B01;39;0;2;1;1;3;203 760 789;1;1;1;1;1988.0;4;8;0;-1;16;5;2023;07:20;1;54;54403;2;8;1;3;48.93287;6.03911;4;2;2;0;1;1;9;1;4;6;30;Indemne;1
202300038105;155 612 994;A01;80;0;4;7;19;5;203 760 794;1;1;2;1;1979.0;1;8;0;-1;16;5;2023;07:20;1;54;54403;2;8;1;3;48.93287;6.03911;4;-1; -1;3;1;2; -1;1;4;6;-1;Tué;1
202300038105;155 612 994;A01;80;0;4;7;19;5;203 760 794;1;1;2;1;1979.0;1;8;0;-1;16;5;2023;07:20;1;54;54403;2;8;1;3;48.93287;6.03911;4;2;2;0;1;1;9;1;4;6;30;Tué;1
202300038113;155 612 978;A01;80;0;0;0;1;3;203 760 776;1;1;3;1;1944.0;5;2;-1;-1;10;4;2023;16:25;1;43;43051;1;1;1;7;45.027102;4.303213;3;2;2;0;2;1;5,5;1;0;3;90;Blessé hospitalisé;0
202300038119;155 612 969;B01;1;0;2;8;19;5;203 760 763;1;1;4;2;1964.0;1;8;0;-1;16;5;2023;17:45;1;54;54526;2;2;1;3;48.68355528;6.22092247;4;2;2;0;1;3; -1;1;9;1;30;Blessé léger;1
202300038119;155 612 969;B01;1;0;2;8;19;5;203 760 763;1;1;4;2;1964.0;1;8;0;-1;16;5;2023;17:45;1;54;54526;2;2;1;3;48.68355528;6.22092247;4;2;2;1;2;1; -1;1;-1;1;50;Blessé léger;1
202300038119;155 612 971;A01;7;0;9;1;16;1;203 760 765;1;1;1;1;1977.0;5;1;0;-1;16;5;2023;17:45;1;54;54526;2;2;1;3;48.68355528;6.22092247;4;2;2;0;1;3; -1;1;9;1;30;Indemne;1
202300038119;155 612 971;A01;7;0;9;1;16;1;203 760 765;1;1;1;1;1977.0;5;1;0;-1;16;5;2023;17:45;1;54;54526;2;2;1;3;48.68355528;6.22092247;4;2;2;1;2;1; -1;1;-1;1;50;Indemne;1
202300038127;155 612 948;B01;1;0;2;2;17;5;203 760 731;1;1;4;1;1972.0;5;2;-1;-1;9;4;2023;10:30;1;13;13069;2;6;1;3;43.633304;5.16719;3;-1;2;0;1;1;9;1;0;1;50;Blessé léger;6
202300038127;155 612 950;A01;7;0;9;3;1;1;203 760 733;1;1;1;2;1979.0;5;1;-1;-1;9;4;2023;10:30;1;13;13069;2;6;1;3;43.633304;5.16719;3;-1;2;0;1;1;9;1;0;1;50;Indemne;6
202300038134;155 612 936;A01;1;0;2;0;16;5;203 760 705;1;1;3;1;2005.0;0;0;0;-1;17;5;2023;10:41;1;49;49020;2;3;1;3;47.47405;-0.60472;4;2;2;0;1;1; -1;1;0;1;30;Blessé hospitalisé;2
202300038134;155 612 936;A01;1;0;2;0;16;5;203 760 705;1;1;3;1;2005.0;0;0;0;-1;17;5;2023;10:41;1;49;49020;2;3;1;3;47.47405;-0.60472;4;2; -1;-1;1;1; -1;1;0;1;-1;Blessé hospitalisé;2
202300038134;155 612 939;B01;14;0;2;1;1;1;203 760 709;1;1;1;1;1965.0;1;1;0;-1;17;5;2023;10:41;1;49;49020;2;3;1;3;47.47405;-0.60472;4;2;2;0;1;1; -1;1;0;1;30;Indemne;2
202300038134;155 612 939;B01;14;0;2;1;1;1;203 760 709;1;1;1;1;1965.0;1;1;0;-1;17;5;2023;10:41;1;49;49020;2;3;1;3;47.47405;-0.60472;4;2; -1;-1;1;1; -1;1;0;1;-1;Indemne;2
202300038135;155 612 931;A01;1;0;2;1;1;5;203 760 697;1;1;4;1;1993.0;0;8;0;-1;17;5;2023;09:55;1;49;49007;2;1;1;3;47.46486;-0.55414;4;2;3;2;1;1; -1;1;0;1;30;Blessé léger;2
202300038135;155 612 934;B01;7;0;2;7;16;1;203 760 702;1;1;1;1;1951.0;0;8;0;-1;17;5;2023;09:55;1;49;49007;2;1;1;3;47.46486;-0.55414;4;2;3;2;1;1; -1;1;0;1;30;Indemne;2
202300038149;155 612 913;B01;1;0;0;4;2;5;203 760 664;1;1;4;2;2001.0;5;0;-1;-1;6;2;2023;19:50;3;64;64269;1;1;1;2;43.291271;-0.277888;3;2;2;0;1;1; -1;1;0;1;90;Blessé léger;0
202300038149;155 612 914;A01;2;0;9;2;2;1;203 760 666;1;1;1;1;2001.0;1;2;6;-1;6;2;2023;19:50;3;64;64269;1;1;1;2;43.291271;-0.277888;3;2;2;0;1;1; -1;1;0;1;90;Indemne;0
202300038163;155 612 896;A01;33;0;1;1;17;1;203 760 640;1;1;4;1;1998.0;5;2;-1;-1;9;4;2023;14:45;1;84;84136;2;1;1;1;44.145728;4.981836;4;2;2;0;1;1; -1;1;0;1;50;Blessé léger;6
202300038163;155 612 897;B01;1;0;2;1;1;5;203 760 642;1;1;3;1;1968.0;5;2;6;9;9;4;2023;14:45;1;84;84136;2;1;1;1;44.145728;4.981836;4;2;2;0;1;1; -1;1;0;1;50;Blessé hospitalisé;6
202300038171;155 612 883;B01;1;1;0;1;1;5;203 760 622;1;1;3;1;1961.0;5;2;-1;-1;27;1;2023;11:40;1;83;83047;1;1;1;3;43.115526;6.057168;3;2;2;2;2;1; -1;1;0;5;70;Blessé hospitalisé;4
202300038171;155 612 885;A01;10;0;9;3;23;1;203 760 624;1;1;1;1;1981.0;9;1;-1;-1;27;1;2023;11:40;1;83;83047;1;1;1;3;43.115526;6.057168;3;2;2;2;2;1; -1;1;0;5;70;Indemne;4
202300038193;155 612 847;A01;7;0;2;3;26;1;203 760 573;1;1;1;1;1989.0;5;1;-1;-1;10;4;2023;18:20;1;85;85035;2;3;1;1;46.623465;-1.868497;4;2; -1;-1;1;1; -1;1;0;1;-1;Indemne;0
202300038193;155 612 847;A01;7;0;2;3;26;1;203 760 573;1;1;1;1;1989.0;5;1;-1;-1;10;4;2023;18:20;1;85;85035;2;3;1;1;46.623465;-1.868497;4;2;2;0;1;1; -1;1;0;1;50;Indemne;0
202300038193;155 612 851;B01;1;0;2;3;16;5;203 760 577;1;1;4;1;1953.0;5;0;-1;-1;10;4;2023;18:20;1;85;85035;2;3;1;1;46.623465;-1.868497;4;2; -1;-1;1;1; -1;1;0;1;-1;Blessé léger;0
202300038193;155 612 851;B01;1;0;2;3;16;5;203 760 577;1;1;4;1;1953.0;5;0;-1;-1;10;4;2023;18:20;1;85;85035;2;3;1;1;46.623465;-1.868497;4;2;2;0;1;1; -1;1;0;1;50;Blessé léger;0
202300038198;155 612 841;B01;1;0;2;4;2;5;203 760 567;1;1;1;1;1969.0;1;2;-1;-1;9;4;2023;17:30;1;72;72264;1;1;1;3;47.868135;-0.337958;3;2;2;0;1;1;5;1;0;1;90;Indemne;6
202300038198;155 612 843;A01;1;0;2;1;2;5;203 760 569;1;1;3;1;1963.0;5;2;-1;-1;9;4;2023;17:30;1;72;72264;1;1;1;3;47.868135;-0.337958;3;2;2;0;1;1;5;1;0;1;90;Blessé hospitalisé;6
202300038199;155 612 838;B01;1;0;2;1;14;5;203 760 564;1;1;4;2;1977.0;0;2;4;-1;4;9;2023;14:49;1;92;92026;2;2;1;3;48.90040439;2.26077855;3;-1;1;0;1;1; -1;1;0;1;50;Blessé léger;0
202300038199;155 612 838;B01;1;0;2;1;14;5;203 760 564;1;1;4;2;1977.0;0;2;4;-1;4;9;2023;14:49;1;92;92026;2;2;1;3;48.90040439;2.26077855;3;-1;1;0;1;1; -1;1;0;1;50;Blessé léger;0
202300038199;155 612 840;A01;7;0;2;2;15;1;203 760 566;1;1;1;1;1960.0;0;1;0;-1;4;9;2023;14:49;1;92;92026;2;2;1;3;48.90040439;2.26077855;3;-1;1;0;1;1; -1;1;0;1;50;Indemne;0
202300038199;155 612 840;A01;7;0;2;2;15;1;203 760 566;1;1;1;1;1960.0;0;1;0;-1;4;9;2023;14:49;1;92;92026;2;2;1;3;48.90040439;2.26077855;3;-1;1;0;1;1; -1;1;0;1;50;Indemne;0
202300038204;155 612 828;A01;7;0;2;5;1;1;203 760 553;1;1;1;2;1955.0;5;1;0;-1;4;9;2023;17:15;1;92;92014;2;1;1;3;48.77951057;2.31537625;3;1;2;0;1;1; -1;1;0;1;50;Indemne;0
202300038204;155 612 831;B01;1;0;2;3;1;5;203 760 556;1;1;4;1;1943.0;5;2;0;-1;4;9;2023;17:15;1;92;92014;2;1;1;3;48.77951057;2.31537625;3;1;2;0;1;1; -1;1;0;1;50;Blessé léger;0
202300038207;155 612 823;A01;7;0;9;7;2;1;203 760 548;1;1;1;1;1997.0;9;1;-1;-1;5;9;2023;07:48;2;60;60318;1;1;7;2;49.34461924;2.63065367;3;2;2;0;1;1;5,5;1;0;1;80;Indemne;1
202300038207;155 612 825;B01;1;0;0;4;2;5;203 760 551;1;1;3;2;1979.0;1;2;9;-1;5;9;2023;07:48;2;60;60318;1;1;7;2;49.34461924;2.63065367;3;2;2;0;1;1;5,5;1;0;1;80;Blessé hospitalisé;1
202300038214;155 612 813;A01;7;0;9;2;0;1;203 760 531;1;1;1;2;1961.0;5;1;-1;-1;10;8;2023;14:30;1;80;80047;1;1;9;2;50.036442;2.655559;3;2;2;0;1;1;5;1;0;1;-1;Indemne;3
202300038214;155 612 815;B01;1;0;0;4;0;5;203 760 536;1;1;3;1;1958.0;5;2;-1;-1;10;8;2023;14:30;1;80;80047;1;1;9;2;50.036442;2.655559;3;2;2;0;1;1;5;1;0;1;-1;Blessé hospitalisé;3
202300038216;155 612 810;A01;1;0;0;0;1;5;203 760 528;1;1;3;1;1961.0;5;2;-1;-1;5;9;2023;10:55;1;50;50117;1;1;1;7;48.734339;-1.532845;3;2;2;0;1;1;5,5;1;0;1;80;Blessé hospitalisé;1
202300038227;155 612 795;A01;50;0;2;8;15;3;203 760 507;1;1;1;1;2009.0;5;8;-1;-1;9;4;2023;16:45;1;69;69383;2;1;1;3;45.7592547;4.84093628;4;1;3;1;1;1; -1;1;0;5;-1;Indemne;6
202300038227;155 612 797;B01;1;0;2;8;1;5;203 760 509;1;1;4;1;1960.0;5;2;-1;-1;9;4;2023;16:45;1;69;69383;2;1;1;3;45.7592547;4.84093628;4;1;3;1;1;1; -1;1;0;5;-1;Blessé léger;6
202300038244;155 612 759;H01;1;0;2;4;1;5;203 760 453;1;1;4;1;1959.0;5;2;-1;-1;3;9;2023;09:00;1;14;14061;1;1;7;4;48.909836;-0.928731;3;2;2;0;3;1;4;1;0;1;80;Blessé léger;6
202300038244;155 612 761;D01;1;0;2;4;1;5;203 760 455;1;1;3;1;1952.0;5;2;-1;-1;3;9;2023;09:00;1;14;14061;1;1;7;4;48.909836;-0.928731;3;2;2;0;3;1;4;1;0;1;80;Blessé hospitalisé;6
202300038244;155 612 763;F01;1;0;2;4;1;5;203 760 457;1;1;4;1;1951.0;5;2;-1;-1;3;9;2023;09:00;1;14;14061;1;1;7;4;48.909836;-0.928731;3;2;2;0;3;1;4;1;0;1;80;Blessé léger;6
202300038244;155 612 764;I01;1;0;2;4;1;5;203 760 458;1;1;4;2;1966.0;5;2;-1;-1;3;9;2023;09:00;1;14;14061;1;1;7;4;48.909836;-0.928731;3;2;2;0;3;1;4;1;0;1;80;Blessé léger;6
202300038244;155 612 766;G01;1;0;2;4;1;5;203 760 460;1;1;4;1;1959.0;5;2;-1;-1;3;9;2023;09:00;1;14;14061;1;1;7;4;48.909836;-0.928731;3;2;2;0;3;1;4;1;0;1;80;Blessé léger;6
202300038244;155 612 767;A01;7;0;2;1;1;1;203 760 462;2;2;1;2;1990.0;5;1;-1;-1;3;9;2023;09:00;1;14;14061;1;1;7;4;48.909836;-0.928731;3;2;2;0;3;1;4;1;0;1;80;Indemne;6
202300038244;155 612 767;A01;7;0;2;1;1;1;203 760 463;1;1;1;1;1985.0;5;1;-1;-1;3;9;2023;09:00;1;14;14061;1;1;7;4;48.909836;-0.928731;3;2;2;0;3;1;4;1;0;1;80;Indemne;6
202300038244;155 612 768;B01;1;0;2;4;1;5;203 760 464;1;1;3;1;1951.0;5;2;-1;-1;3;9;2023;09:00;1;14;14061;1;1;7;4;48.909836;-0.928731;3;2;2;0;3;1;4;1;0;1;80;Blessé hospitalisé;6
202300038244;155 612 770;C01;1;0;2;4;1;5;203 760 465;1;1;3;1;1953.0;5;2;-1;-1;3;9;2023;09:00;1;14;14061;1;1;7;4;48.909836;-0.928731;3;2;2;0;3;1;4;1;0;1;80;Blessé hospitalisé;6
202300038244;155 612 771;E01;1;0;2;4;1;5;203 760 467;1;1;4;1;1963.0;5;2;-1;-1;3;9;2023;09:00;1;14;14061;1;1;7;4;48.909836;-0.928731;3;2;2;0;3;1;4;1;0;1;80;Blessé léger;6
202300038250;155 612 751;A01;1;0;9;1;1;5;203 760 439;1;1;3;1;2004.0;1;2;8;-1;9;4;2023;18:55;1;72;72181;2;1;1;7;47.95515;0.22603;4;2;0;0;1;1; -1;1;0;1;50;Blessé hospitalisé;6
202300038261;155 612 734;B01;7;0;9;1;16;1;203 760 412;1;1;1;1;1968.0;5;1;8;-1;9;4;2023;18:20;1;64;64024;2;9;1;1;43.51171544;-1.52746654;4;2;2;0;1;1; -1;1;0;1;30;Indemne;6
202300038261;155 612 735;A01;1;0;2;1;9;5;203 760 414;1;1;4;1;1975.0;5;8;0;-1;9;4;2023;18:20;1;64;64024;2;9;1;1;43.51171544;-1.52746654;4;2;2;0;1;1; -1;1;0;1;30;Blessé léger;6
202300038282;155 612 699;B01;7;0;2;1;1;1;203 760 369;1;1;4;2;1998.0;1;1;0;-1;8;4;2023;12:50;1;50;50129;2;1;1;3;49.61711;-1.59749;4;2;2;0;1;1; -1;1;0;1;30;Blessé léger;5
202300038282;155 612 701;A01;1;0;2;8;19;5;203 760 371;1;1;4;1;2015.0;5;8;0;-1;8;4;2023;12:50;1;50;50129;2;1;1;3;49.61711;-1.59749;4;2;2;0;1;1; -1;1;0;1;30;Blessé léger;5
202300038319;155 612 628;A01;7;1;0;3;20;1;203 760 267;1;1;1;1;2005.0;2;1;0;-1;11;12;2023;18:20;5;92;92007;2;1;1;3;48.79253215;2.31556356;4;2;2;0;1;1; -1;1;0;1;50;Indemne;0
202300038319;155 612 629;B01;80;0;2;2;1;3;203 760 269;1;1;4;1;1989.0;1;8;0;-1;11;12;2023;18:20;5;92;92007;2;1;1;3;48.79253215;2.31556356;4;2;2;0;1;1; -1;1;0;1;50;Blessé léger;0
202300038321;155 612 622;A01;14;0;2;0;2;1;203 760 260;1;1;1;1;1969.0;4;1;0;-1;11;12;2023;13:10;1;92;92004;2;1;1;3;48.9289;2.27947;3;1;2;2;1;1; -1;1;0;1;50;Indemne;0
202300038321;155 612 624;B01;1;0;2;0;0;5;203 760 262;1;1;4;2;1958.0;0;2;0;-1;11;12;2023;13:10;1;92;92004;2;1;1;3;48.9289;2.27947;3;1;2;2;1;1; -1;1;0;1;50;Blessé léger;0
202300038327;155 612 613;B01;1;0;2;0;1;5;203 760 249;1;1;4;1;1963.0;5;2;8;-1;9;4;2023;07:35;1;75;75119;2;4;1;1;48.889652;2.38261;4;1; -1;-1;1;1; -1;1;0;5;-1;Blessé léger;6
202300038327;155 612 613;B01;1;0;2;0;1;5;203 760 249;1;1;4;1;1963.0;5;2;8;-1;9;4;2023;07:35;1;75;75119;2;4;1;1;48.889652;2.38261;4;2;2;1;1;1; -1;1;0;5;30;Blessé léger;6
202300038327;155 612 615;A01;1;0;0;0;13;5;203 760 252;1;1;1;1;1997.0;5;8;0;-1;9;4;2023;07:35;1;75;75119;2;4;1;1;48.889652;2.38261;4;1; -1;-1;1;1; -1;1;0;5;-1;Indemne;6
202300038327;155 612 615;A01;1;0;0;0;13;5;203 760 252;1;1;1;1;1997.0;5;8;0;-1;9;4;2023;07:35;1;75;75119;2;4;1;1;48.889652;2.38261;4;2;2;1;1;1; -1;1;0;5;30;Indemne;6
202300038334;155 612 602;A01;7;0;2;8;22;1;203 760 233;1;1;1;1;1970.0;9;1;0;-1;9;4;2023;16:35;1;75;75116;2;1;1;3;48.844041;2.265746;4;1;2;0;1;1; -1;1;0;1;30;Indemne;6
202300038334;155 612 604;B01;1;1;0;1;1;5;203 760 237;1;1;4;1;1989.0;9;8;0;-1;9;4;2023;16:35;1;75;75116;2;1;1;3;48.844041;2.265746;4;1;2;0;1;1; -1;1;0;1;30;Blessé léger;6
202300038340;155 612 592;A01;7;1;0;8;22;1;203 760 217;1;1;1;1;1964.0;1;1;0;-1;9;4;2023;14:05;1;94;94016;2;1;1;3;48.79742;2.32974;3;2;3;2;2;1; -1;1;0;1;50;Indemne;6
202300038340;155 612 593;B01;80;1;0;1;21;3;203 760 218;1;1;4;2;1974.0;5;2;0;-1;9;4;2023;14:05;1;94;94016;2;1;1;3;48.79742;2.32974;3;2;3;2;2;1; -1;1;0;1;50;Blessé léger;6
202300038345;155 612 582;B01;1;13;2;3;1;5;203 760 207;1;1;3;1;1973.0;5;2;-1;-1;10;12;2023;17:30;3;39;39574;1;1;2;3;46.738162;5.478863;3;2;2;0;1;1;5;2;0;1;80;Blessé hospitalisé;6
202300038345;155 612 583;A01;7;0;2;3;13;1;203 760 208;1;1;1;2;1939.0;5;8;-1;-1;10;12;2023;17:30;3;39;39574;1;1;2;3;46.738162;5.478863;3;2;2;0;1;1;5;2;0;1;80;Indemne;6
202300038347;155 612 580;A01;1;0;0;0;1;5;203 760 204;1;1;2;1;1975.0;5;2;-1;-1;4;9;2023;09:48;1;02;02067;2;1;1;7;50.029937;3.716286;3;2;2;0;2;1;5,5;1;0;1;50;Tué;0
202300038351;155 612 574;B01;1;0;2;6;16;5;203 760 198;1;1;3;1;1965.0;5;0;-1;-1;21;8;2023;10:55;1;84;84133;2;1;1;3;43.719439;5.539148;3;2;2;0;1;3;7;1;0;1;50;Blessé hospitalisé;0
202300038351;155 612 576;A01;7;0;0;5;9;1;203 760 200;1;1;1;1;1956.0;9;1;-1;-1;21;8;2023;10:55;1;84;84133;2;1;1;3;43.719439;5.539148;3;2;2;0;1;3;7;1;0;1;50;Indemne;0
202300038391;155 612 504;D01;1;0;2;8;19;5;203 760 093;1;1;4;1;1950.0;5;2;-1;-1;3;9;2023;18:05;1;64;64320;1;2;1;4;43.000661;-0.420361;3;2;2;1;1;1;7;1;0;1;80;Blessé léger;6
202300038391;155 612 504;D01;1;0;2;8;19;5;203 760 093;1;1;4;1;1950.0;5;2;-1;-1;3;9;2023;18:05;1;64;64320;1;2;1;4;43.000661;-0.420361;3;2; -1;-1;1;1; -1;1;0;1;-1;Blessé léger;6
202300038391;155 612 507;A01;7;0;0;0;0;0;203 760 098;1;1;1;1;1991.0;0;8;-1;-1;3;9;2023;18:05;1;64;64320;1;2;1;4;43.000661;-0.420361;3;2;2;1;1;1;7;1;0;1;80;Indemne;6
202300038391;155 612 507;A01;7;0;0;0;0;0;203 760 098;1;1;1;1;1991.0;0;8;-1;-1;3;9;2023;18:05;1;64;64320;1;2;1;4;43.000661;-0.420361;3;2; -1;-1;1;1; -1;1;0;1;-1;Indemne;6
202300038391;155 612 508;B01;7;0;0;0;2;0;203 760 100;2;2;3;2;1968.0;0;8;-1;-1;3;9;2023;18:05;1;64;64320;1;2;1;4;43.000661;-0.420361;3;2;2;1;1;1;7;1;0;1;80;Blessé hospitalisé;6
202300038391;155 612 508;B01;7;0;0;0;2;0;203 760 100;2;2;3;2;1968.0;0;8;-1;-1;3;9;2023;18:05;1;64;64320;1;2;1;4;43.000661;-0.420361;3;2; -1;-1;1;1; -1;1;0;1;-1;Blessé hospitalisé;6
202300038391;155 612 508;B01;7;0;0;0;2;0;203 760 101;1;1;4;1;1961.0;0;8;-1;-1;3;9;2023;18:05;1;64;64320;1;2;1;4;43.000661;-0.420361;3;2;2;1;1;1;7;1;0;1;80;Blessé léger;6
202300038391;155 612 508;B01;7;0;0;0;2;0;203 760 101;1;1;4;1;1961.0;0;8;-1;-1;3;9;2023;18:05;1;64;64320;1;2;1;4;43.000661;-0.420361;3;2; -1;-1;1;1; -1;1;0;1;-1;Blessé léger;6
202300038391;155 612 511;C01;10;0;0;0;2;0;203 760 105;1;1;4;1;2001.0;0;8;-1;-1;3;9;2023;18:05;1;64;64320;1;2;1;4;43.000661;-0.420361;3;2;2;1;1;1;7;1;0;1;80;Blessé léger;6
202300038391;155 612 511;C01;10;0;0;0;2;0;203 760 105;1;1;4;1;2001.0;0;8;-1;-1;3;9;2023;18:05;1;64;64320;1;2;1;4;43.000661;-0.420361;3;2; -1;-1;1;1; -1;1;0;1;-1;Blessé léger;6
202300038407;155 612 476;A01;10;0;2;6;15;1;203 760 055;1;1;1;1;1992.0;3;8;-1;-1;9;4;2023;11:44;1;29;29076;2;2;1;3;48.469251;-4.560871;3;2;2;0;2;1;6;1;0;1;50;Indemne;6
202300038407;155 612 476;A01;10;0;2;6;15;1;203 760 055;1;1;1;1;1992.0;3;8;-1;-1;9;4;2023;11:44;1;29;29076;2;2;1;3;48.469251;-4.560871;3;2;2;0;1;1; -1;1;0;1;50;Indemne;6
202300038407;155 612 478;B01;1;0;2;1;1;5;203 760 057;1;1;3;1;1972.0;5;2;-1;-1;9;4;2023;11:44;1;29;29076;2;2;1;3;48.469251;-4.560871;3;2;2;0;2;1;6;1;0;1;50;Blessé hospitalisé;6
202300038407;155 612 478;B01;1;0;2;1;1;5;203 760 057;1;1;3;1;1972.0;5;2;-1;-1;9;4;2023;11:44;1;29;29076;2;2;1;3;48.469251;-4.560871;3;2;2;0;1;1; -1;1;0;1;50;Blessé hospitalisé;6
202300038426;155 612 444;B01;1;0;2;4;1;5;203 760 006;1;1;3;1;1960.0;5;2;-1;-1;12;12;2023;11:05;1;65;65059;2;1;1;2;43.073608;0.145813;4;2;2;0;1;1; -1;1;0;1;50;Blessé hospitalisé;1
202300038426;155 612 445;A01;7;0;2;1;1;1;203 760 008;1;1;1;2;1949.0;3;1;-1;-1;12;12;2023;11:05;1;65;65059;2;1;1;2;43.073608;0.145813;4;2;2;0;1;1; -1;1;0;1;50;Indemne;1
202300038493;155 612 337;A01;1;1;2;1;1;5;203 759 845;1;1;4;1;1988.0;5;2;9;-1;3;9;2023;12:40;1;69;69244;2;1;1;3;45.752053;4.767721;7;2;2;0;1;1; -1;1;0;1;50;Blessé léger;6
202300038493;155 612 339;B01;7;0;2;5;23;1;203 759 848;1;1;1;2;1997.0;5;8;-1;-1;3;9;2023;12:40;1;69;69244;2;1;1;3;45.752053;4.767721;7;2;2;0;1;1; -1;1;0;1;50;Indemne;6
202300038507;155 612 297;B01;1;0;2;1;5;5;203 759 784;1;1;3;1;1997.0;0;8;0;-1;10;12;2023;14:20;1;67;67482;2;1;1;1;48.59456051;7.72590458;4;2;2;0;1;1; -1;1;0;1;50;Blessé hospitalisé;6
202300038507;155 612 299;A01;7;0;2;1;1;1;203 759 787;1;1;1;1;1997.0;0;1;8;-1;10;12;2023;14:20;1;67;67482;2;1;1;1;48.59456051;7.72590458;4;2;2;0;1;1; -1;1;0;1;50;Indemne;6