Num_Acc;id_vehicule;num_veh;catv;obs;obsm;choc;manv;motor;id_usager;place;catu;grav;sexe;an_nais;trajet;secu1;secu2;secu3;jour;mois;an;hrmn;lum;dep;com;agg;int;atm;col;lat;long;catr;circ;nbv;vosp;prof;plan;larrout;surf;infra;situ;vma;gravity;day_of_week
202300038510;155 612 291;A01;7;0;2;3;15;1;203 759 777;1;1;1;2;1979.0;5;1;8;-1;10;12;2023;09:40;1;67;67482;2;3;1;3;48.56417;7.74103;4;2;3;1;1;1; -1;1;8;1;50;Indemne;6
202300038510;155 612 291;A01;7;0;2;3;15;1;203 759 777;1;1;1;2;1979.0;5;1;8;-1;10;12;2023;09:40;1;67;67482;2;3;1;3;48.56417;7.74103;4;2;2;0;1;1; -1;1;8;1;50;Indemne;6
202300038510;155 612 293;B01;1;0;2;2;1;5;203 759 779;1;1;4;1;1961.0;5;8;0;-1;10;12;2023;09:40;1;67;67482;2;3;1;3;48.56417;7.74103;4;2;3;1;1;1; -1;1;8;1;50;Blessé léger;6
202300038510;155 612 293;B01;1;0;2;2;1;5;203 759 779;1;1;4;1;1961.0;5;8;0;-1;10;12;2023;09:40;1;67;67482;2;3;1;3;48.56417;7.74103;4;2;2;0;1;1; -1;1;8;1;50;Blessé léger;6
202300038541;155 612 240;A01;7;0;9;7;16;1;203 759 695;1;1;1;2;1972.0;3;1;-1;-1;3;9;2023;11:50;1;91;91461;1;6;1;3;48.591586;2.207603;3;2;2;0;2;1; -1;1;0;1;80;Indemne;6
202300038541;155 612 242;B01;1;0;2;8;1;5;203 759 697;1;1;4;1;1960.0;5;2;4;-1;3;9;2023;11:50;1;91;91461;1;6;1;3;48.591586;2.207603;3;2;2;0;2;1; -1;1;0;1;80;Blessé léger;6
202300038555;155 612 213;A01;7;0;2;3;9;6;203 759 649;1;1;1;1;1951.0;0;1;-1;-1;5;9;2023;10:00;1;13;13035;2;6;1;3;43.689105;5.020897;4;1;2;0;1;1; -1;1;0;1;30;Indemne;1
202300038555;155 612 214;B01;1;0;2;7;9;5;203 759 650;1;1;4;1;1950.0;5;2;6;-1;5;9;2023;10:00;1;13;13035;2;6;1;3;43.689105;5.020897;4;1;2;0;1;1; -1;1;0;1;30;Blessé léger;1
202300038564;155 612 199;A01;80;14;0;1;9;3;203 759 632;1;1;2;1;1974.0;9;8;0;-1;8;12;2023;02:10;5;75;75115;2;5;8;6;48.840355;2.314891;4;2;4;1;2;1; -1;2;0;5;30;Tué;4
202300038564;155 612 199;A01;80;14;0;1;9;3;203 759 632;1;1;2;1;1974.0;9;8;0;-1;8;12;2023;02:10;5;75;75115;2;5;8;6;48.840355;2.314891;4;2;2;0;2;1; -1;2;0;5;30;Tué;4
202300038572;155 612 184;A01;80;3;0;2;1;3;203 759 613;1;1;3;1;1957.0;5;2;9;-1;2;9;2023;16:22;1;57;57274;1;1;1;6;49.190655;6.614563;3;2;2;0;2;2;6;1;0;3;80;Blessé hospitalisé;5
202300038574;155 612 180;B01;80;0;2;1;16;3;203 759 607;1;1;3;1;1961.0;5;2;-1;-1;5;9;2023;11:35;1;01;01249;2;3;1;1;45.820392;4.944553;4;2;2;0;1;1; -1;1;0;1;50;Blessé hospitalisé;1
202300038574;155 612 180;B01;80;0;2;1;16;3;203 759 607;1;1;3;1;1961.0;5;2;-1;-1;5;9;2023;11:35;1;01;01249;2;3;1;1;45.820392;4.944553;4;2;2;0;1;2; -1;1;0;1;50;Blessé hospitalisé;1
202300038574;155 612 182;A01;7;0;2;1;1;1;203 759 609;2;2;1;1;2008.0;2;1;-1;-1;5;9;2023;11:35;1;01;01249;2;3;1;1;45.820392;4.944553;4;2;2;0;1;1; -1;1;0;1;50;Indemne;1
202300038574;155 612 182;A01;7;0;2;1;1;1;203 759 609;2;2;1;1;2008.0;2;1;-1;-1;5;9;2023;11:35;1;01;01249;2;3;1;1;45.820392;4.944553;4;2;2;0;1;2; -1;1;0;1;50;Indemne;1
202300038574;155 612 182;A01;7;0;2;1;1;1;203 759 610;1;1;1;1;1981.0;1;1;-1;-1;5;9;2023;11:35;1;01;01249;2;3;1;1;45.820392;4.944553;4;2;2;0;1;1; -1;1;0;1;50;Indemne;1
202300038574;155 612 182;A01;7;0;2;1;1;1;203 759 610;1;1;1;1;1981.0;1;1;-1;-1;5;9;2023;11:35;1;01;01249;2;3;1;1;45.820392;4.944553;4;2;2;0;1;2; -1;1;0;1;50;Indemne;1
202300038580;155 612 171;A01;1;5;2;3;1;5;203 759 593;1;1;3;1;1970.0;5;2;6;-1;31;8;2023;19:45;1;69;69207;2;1;1;3;45.886939;4.808144;7;2;3;1;1;1;4;1;0;5;50;Blessé hospitalisé;3
202300038580;155 612 172;B01;1;0;2;1;1;5;203 759 594;1;1;4;1;1993.0;5;2;6;-1;31;8;2023;19:45;1;69;69207;2;1;1;3;45.886939;4.808144;7;2;3;1;1;1;4;1;0;5;50;Blessé léger;3
202300038584;155 612 167;A01;80;12;0;1;1;3;203 759 587;1;1;4;1;1995.0;5;2;0;-1;10;12;2023;18:04;5;75;75103;2;2;3;6;48.864426;2.351526;4;1;1;1;1;1; -1;2;0;1;30;Blessé léger;6
202300038584;155 612 167;A01;80;12;0;1;1;3;203 759 587;1;1;4;1;1995.0;5;2;0;-1;10;12;2023;18:04;5;75;75103;2;2;3;6;48.864426;2.351526;4;1;2;1;1;1; -1;2;0;1;30;Blessé léger;6
202300038587;155 612 162;A01;34;0;2;1;1;1;203 759 581;1;1;1;1;1970.0;4;2;0;-1;10;12;2023;10:55;1;75;75104;2;3;1;3;48.852355;2.360508;4;2;5;0;1;1; -1;1;0;1;30;Indemne;6
202300038587;155 612 162;A01;34;0;2;1;1;1;203 759 581;1;1;1;1;1970.0;4;2;0;-1;10;12;2023;10:55;1;75;75104;2;3;1;3;48.852355;2.360508;4;1;2;0;1;1; -1;1;0;1;25;Indemne;6
202300038587;155 612 163;B01;1;0;2;2;19;5;203 759 583;1;1;4;1;1979.0;9;8;0;-1;10;12;2023;10:55;1;75;75104;2;3;1;3;48.852355;2.360508;4;2;5;0;1;1; -1;1;0;1;30;Blessé léger;6
202300038587;155 612 163;B01;1;0;2;2;19;5;203 759 583;1;1;4;1;1979.0;9;8;0;-1;10;12;2023;10:55;1;75;75104;2;3;1;3;48.852355;2.360508;4;1;2;0;1;1; -1;1;0;1;25;Blessé léger;6
202300038601;155 612 137;A01;1;0;2;0;0;5;203 759 546;1;1;4;1;1974.0;0;2;0;-1;10;12;2023;11:50;1;92;92062;2;1;1;3;48.88807343;2.23421931;3;1;3;1;1;1; -1;2;5;5;50;Blessé léger;6
202300038601;155 612 138;B01;7;0;2;5;15;1;203 759 547;1;1;1;1;1998.0;9;1;0;-1;10;12;2023;11:50;1;92;92062;2;1;1;3;48.88807343;2.23421931;3;1;3;1;1;1; -1;2;5;5;50;Indemne;6
202300038622;155 612 101;A01;1;0;2;4;1;5;203 759 503;1;1;3;1;1958.0;5;2;-1;-1;20;1;2023;15:25;1;14;14453;1;1;1;2;49.304556;-0.799062;3;-1;2;0;1;1;4;1;0;1;80;Blessé hospitalisé;4
202300038622;155 612 104;B01;7;0;2;2;2;1;203 759 505;1;1;1;1;1946.0;5;1;-1;-1;20;1;2023;15:25;1;14;14453;1;1;1;2;49.304556;-0.799062;3;-1;2;0;1;1;4;1;0;1;80;Indemne;4
202300038657;155 612 037;B01;7;0;2;1;1;1;203 759 412;1;1;1;1;1986.0;5;1;0;-1;3;9;2023;11:20;1;54;54339;1;2;1;3;48.70901464;6.18466437;4;1;1;1;1;1; -1;1;0;1;30;Indemne;6
202300038657;155 612 037;B01;7;0;2;1;1;1;203 759 412;1;1;1;1;1986.0;5;1;0;-1;3;9;2023;11:20;1;54;54339;1;2;1;3;48.70901464;6.18466437;4;1;2;0;2;1; -1;2;0;1;50;Indemne;6
202300038657;155 612 038;A01;1;0;2;1;1;5;203 759 414;1;1;4;1;1968.0;5;2;0;-1;3;9;2023;11:20;1;54;54339;1;2;1;3;48.70901464;6.18466437;4;1;1;1;1;1; -1;1;0;1;30;Blessé léger;6
202300038657;155 612 038;A01;1;0;2;1;1;5;203 759 414;1;1;4;1;1968.0;5;2;0;-1;3;9;2023;11:20;1;54;54339;1;2;1;3;48.70901464;6.18466437;4;1;2;0;2;1; -1;2;0;1;50;Blessé léger;6
202300038730;155 611 914;B01;7;0;2;8;22;1;203 759 223;1;1;1;2;1998.0;9;8;0;-1;14;1;2023;18:30;5;75;75117;2;1;2;3;48.885842;2.302529;4;2;2;0;1;1; -1;2;0;1;30;Indemne;5
202300038730;155 611 915;A01;80;0;2;2;2;3;203 759 224;5;2;1;2;2010.0;5;8;0;-1;14;1;2023;18:30;5;75;75117;2;1;2;3;48.885842;2.302529;4;2;2;0;1;1; -1;2;0;1;30;Indemne;5
202300038730;155 611 915;A01;80;0;2;2;2;3;203 759 225;1;1;4;2;1969.0;5;8;6;-1;14;1;2023;18:30;5;75;75117;2;1;2;3;48.885842;2.302529;4;2;2;0;1;1; -1;2;0;1;30;Blessé léger;5
202300038732;155 611 909;A01;7;0;2;2;16;1;203 759 217;1;1;1;1;1974.0;5;1;0;-1;14;1;2023;10:40;1;75;75113;2;3;8;3;48.820121;2.348039;4;2;4;1;2;3; -1;2;-1;5;50;Indemne;5
202300038732;155 611 909;A01;7;0;2;2;16;1;203 759 217;1;1;1;1;1974.0;5;1;0;-1;14;1;2023;10:40;1;75;75113;2;3;8;3;48.820121;2.348039;4;2;2;1;2;1; -1;2;-1;5;30;Indemne;5
202300038732;155 611 910;B01;1;0;2;1;1;5;203 759 218;1;1;4;1;1967.0;5;2;0;-1;14;1;2023;10:40;1;75;75113;2;3;8;3;48.820121;2.348039;4;2;4;1;2;3; -1;2;-1;5;50;Blessé léger;5
202300038732;155 611 910;B01;1;0;2;1;1;5;203 759 218;1;1;4;1;1967.0;5;2;0;-1;14;1;2023;10:40;1;75;75113;2;3;8;3;48.820121;2.348039;4;2;2;1;2;1; -1;2;-1;5;30;Blessé léger;5
202300038733;155 611 907;A01;7;0;2;7;22;1;203 759 214;1;1;1;1;2004.0;9;8;0;-1;14;1;2023;01:41;5;75;75113;2;1;2;3;48.82657491;2.3571454;4;2;6;1;1;1; -1;2;-1;5;30;Indemne;5
202300038733;155 611 907;A01;7;0;2;7;22;1;203 759 215;2;2;1;2;2006.0;9;8;0;-1;14;1;2023;01:41;5;75;75113;2;1;2;3;48.82657491;2.3571454;4;2;6;1;1;1; -1;2;-1;5;30;Indemne;5
202300038733;155 611 908;B01;1;0;2;1;1;5;203 759 216;1;1;4;1;1997.0;5;2;8;-1;14;1;2023;01:41;5;75;75113;2;1;2;3;48.82657491;2.3571454;4;2;6;1;1;1; -1;2;-1;5;30;Blessé léger;5
202300038735;155 611 903;A01;7;0;2;5;22;1;203 759 209;3;2;1;1;1993.0;5;8;0;-1;14;1;2023;19:00;5;75;75110;2;2;2;3;48.873764;2.358289;4;1;1;1;2;1; -1;2;-1;5;30;Indemne;5
202300038735;155 611 903;A01;7;0;2;5;22;1;203 759 209;3;2;1;1;1993.0;5;8;0;-1;14;1;2023;19:00;5;75;75110;2;2;2;3;48.873764;2.358289;4;2; -1;-1;1;1; -1;2;-1;5;-1;Indemne;5
202300038735;155 611 903;A01;7;0;2;5;22;1;203 759 210;1;1;1;1;1991.0;5;8;0;-1;14;1;2023;19:00;5;75;75110;2;2;2;3;48.873764;2.358289;4;1;1;1;2;1; -1;2;-1;5;30;Indemne;5
202300038735;155 611 903;A01;7;0;2;5;22;1;203 759 210;1;1;1;1;1991.0;5;8;0;-1;14;1;2023;19:00;5;75;75110;2;2;2;3;48.873764;2.358289;4;2; -1;-1;1;1; -1;2;-1;5;-1;Indemne;5
202300038735;155 611 904;B01;1;0;2;1;1;5;203 759 211;1;1;4;1;1986.0;5;8;0;-1;14;1;2023;19:00;5;75;75110;2;2;2;3;48.873764;2.358289;4;1;1;1;2;1; -1;2;-1;5;30;Blessé léger;5
202300038735;155 611 904;B01;1;0;2;1;1;5;203 759 211;1;1;4;1;1986.0;5;8;0;-1;14;1;2023;19:00;5;75;75110;2;2;2;3;48.873764;2.358289;4;2; -1;-1;1;1; -1;2;-1;5;-1;Blessé léger;5
202300038736;155 611 902;A01;1;0;1;1;1;5;203 759 207;1;1;1;2;1980.0;9;8;0;-1;14;1;2023;14:02;1;75;75108;2;2;2;6;48.8690528;2.30987012;4;1;2;0;1;1; -1;2;0;1;30;Indemne;5
202300038736;155 611 902;A01;1;0;1;1;1;5;203 759 207;1;1;1;2;1980.0;9;8;0;-1;14;1;2023;14:02;1;75;75108;2;2;2;6;48.8690528;2.30987012;4;2;8;1;2;1; -1;2;0;1;50;Indemne;5
202300038736;155 611 902;A01;1;0;1;1;1;5;203 759 208;10;3;4;2;1973.0;9;0;-1;-1;14;1;2023;14:02;1;75;75108;2;2;2;6;48.8690528;2.30987012;4;1;2;0;1;1; -1;2;0;1;30;Blessé léger;5
202300038736;155 611 902;A01;1;0;1;1;1;5;203 759 208;10;3;4;2;1973.0;9;0;-1;-1;14;1;2023;14:02;1;75;75108;2;2;2;6;48.8690528;2.30987012;4;2;8;1;2;1; -1;2;0;1;50;Blessé léger;5
202300038771;155 611 850;A01;10;0;2;1;9;1;203 759 132;1;1;1;1;1993.0;1;8;-1;-1;3;10;2023;19:15;1;31;31490;2;6;1;3;43.740325;1.373275;7;-1;2;0;1;3; -1;1;5;1;50;Indemne;1
202300038771;155 611 852;B01;1;0;2;7;9;5;203 759 135;1;1;3;1;1963.0;5;2;-1;-1;3;10;2023;19:15;1;31;31490;2;6;1;3;43.740325;1.373275;7;-1;2;0;1;3; -1;1;5;1;50;Blessé hospitalisé;1
202300038776;155 611 840;A01;7;0;2;7;17;1;203 759 121;1;1;1;2;1956.0;3;8;-1;-1;5;10;2023;09:15;1;01;01305;1;1;7;2;46.447383;4.898553;3;2;2;0;1;1;5,5;1;2;1;70;Indemne;3
202300038776;155 611 841;B01;1;0;0;6;1;5;203 759 122;1;1;3;1;1945.0;5;2;-1;-1;5;10;2023;09:15;1;01;01305;1;1;7;2;46.447383;4.898553;3;2;2;0;1;1;5,5;1;2;1;70;Blessé hospitalisé;3
202300038783;155 611 824;A01;7;0;9;2;17;1;203 759 097;1;1;1;1;1967.0;1;1;-1;-1;6;10;2023;14:45;1;50;50443;1;1;1;2;48.506455;-1.47543;3;2;2;0;1;1; -1;1;0;1;80;Indemne;4
202300038783;155 611 826;B01;1;0;0;4;1;5;203 759 099;1;1;3;1;1994.0;5;2;-1;-1;6;10;2023;14:45;1;50;50443;1;1;1;2;48.506455;-1.47543;3;2;2;0;1;1; -1;1;0;1;80;Blessé hospitalisé;4
202300038793;155 611 810;A01;1;0;0;0;0;5;203 759 079;1;1;2;1;1969.0;5;2;6;-1;15;1;2023;11:45;1;29;29122;2;1;2;7;48.142108;-3.843627;4;2;2;0;2;2;4;2;0;1;-1;Tué;6
202300038799;155 611 801;B01;1;0;0;7;1;5;203 759 066;1;1;3;1;1976.0;5;2;-1;-1;15;1;2023;10:00;1;85;85284;1;6;7;1;46.820392;-1.940042;3;2;2;0;1;1; -1;1;0;1;80;Blessé hospitalisé;6
202300038799;155 611 802;A01;7;0;9;3;9;1;203 759 067;1;1;1;1;1989.0;5;1;-1;-1;15;1;2023;10:00;1;85;85284;1;6;7;1;46.820392;-1.940042;3;2;2;0;1;1; -1;1;0;1;80;Indemne;6
202300038800;155 611 797;B01;1;0;2;4;1;5;203 759 062;1;1;4;1;1952.0;5;2;-1;-1;15;1;2023;09:20;1;85;85190;1;1;1;2;46.95737;-1.464283;3;2;1;0;1;1; -1;2;0;1;80;Blessé léger;6
202300038800;155 611 798;A01;7;0;2;0;14;0;203 759 063;1;1;1;1;1998.0;5;1;-1;-1;15;1;2023;09:20;1;85;85190;1;1;1;2;46.95737;-1.464283;3;2;1;0;1;1; -1;2;0;1;80;Indemne;6
202300038807;155 611 789;A01;7;0;2;2;1;1;203 759 053;1;1;1;2;1983.0;1;1;-1;-1;6;10;2023;12:45;1;27;27106;2;2;1;1;49.12325;0.486864;3;2;2;0;1;1;5;1;5;1;50;Indemne;4
202300038807;155 611 789;A01;7;0;2;2;1;1;203 759 053;1;1;1;2;1983.0;1;1;-1;-1;6;10;2023;12:45;1;27;27106;2;2;1;1;49.12325;0.486864;3;2;2;-1;1;1; -1;1;0;1;50;Indemne;4
202300038807;155 611 791;B01;1;0;2;0;19;5;203 759 055;1;1;2;1;1952.0;0;0;-1;-1;6;10;2023;12:45;1;27;27106;2;2;1;1;49.12325;0.486864;3;2;2;0;1;1;5;1;5;1;50;Tué;4
202300038807;155 611 791;B01;1;0;2;0;19;5;203 759 055;1;1;2;1;1952.0;0;0;-1;-1;6;10;2023;12:45;1;27;27106;2;2;1;1;49.12325;0.486864;3;2;2;-1;1;1; -1;1;0;1;50;Tué;4
202300038826;155 611 741;A01;1;0;0;0;2;5;203 758 981;1;1;2;1;1952.0;5;0;-1;-1;14;1;2023;15:07;1;64;64139;1;1;1;7;43.17505754;-0.35699666;3;2;2;0;2;1; -1;1;0;1;80;Tué;5
202300038834;155 611 728;A01;80;0;1;8;1;3;203 758 962;1;1;1;1;1990.0;0;8;0;-1;13;1;2023;16:17;1;76;76540;2;2;1;6;49.42586;1.08272;4;2;2;3;1;1; -1;1;-1;1;30;Indemne;4
202300038834;155 611 728;A01;80;0;1;8;1;3;203 758 962;1;1;1;1;1990.0;0;8;0;-1;13;1;2023;16:17;1;76;76540;2;2;1;6;49.42586;1.08272;4;2;2;0;1;1; -1;1;0;1;30;Indemne;4
202300038834;155 611 728;A01;80;0;1;8;1;3;203 758 963;10;3;4;2;1971.0;0;0;-1;-1;13;1;2023;16:17;1;76;76540;2;2;1;6;49.42586;1.08272;4;2;2;3;1;1; -1;1;-1;1;30;Blessé léger;4
202300038834;155 611 728;A01;80;0;1;8;1;3;203 758 963;10;3;4;2;1971.0;0;0;-1;-1;13;1;2023;16:17;1;76;76540;2;2;1;6;49.42586;1.08272;4;2;2;0;1;1; -1;1;0;1;30;Blessé léger;4
202300038851;155 611 700;B01;1;0;2;6;15;5;203 758 928;1;1;4;2;1959.0;5;2;4;-1;4;10;2023;16:00;1;01;01386;1;6;1;3;45.885303;5.347209;3;1;2;0;1;2;7;1;0;1;80;Blessé léger;2
202300038851;155 611 703;A01;7;0;2;2;16;1;203 758 930;1;1;1;1;1972.0;9;1;-1;-1;4;10;2023;16:00;1;01;01386;1;6;1;3;45.885303;5.347209;3;1;2;0;1;2;7;1;0;1;80;Indemne;2
202300038915;155 611 574;A01;7;0;2;3;13;1;203 758 777;1;1;1;1;1996.0;1;8;-1;-1;4;10;2023;11:35;1;69;69387;2;1;1;5;45.75116;4.85441;4;2;2;3;1;1; -1;1;0;1;50;Indemne;2
202300038915;155 611 575;B01;10;0;2;7;1;1;203 758 778;1;1;1;1;1993.0;1;8;-1;-1;4;10;2023;11:35;1;69;69387;2;1;1;5;45.75116;4.85441;4;2;2;3;1;1; -1;1;0;1;50;Indemne;2
202300038915;155 611 576;C01;43;0;2;6;1;1;203 758 779;1;1;4;1;1959.0;1;2;-1;-1;4;10;2023;11:35;1;69;69387;2;1;1;5;45.75116;4.85441;4;2;2;3;1;1; -1;1;0;1;50;Blessé léger;2
202300038915;155 611 578;D01;1;0;2;6;1;0;203 758 782;1;1;4;2;1995.0;1;8;-1;-1;4;10;2023;11:35;1;69;69387;2;1;1;5;45.75116;4.85441;4;2;2;3;1;1; -1;1;0;1;50;Blessé léger;2
202300038936;155 611 536;B01;80;0;2;1;0;3;203 758 723;1;1;4;1;1944.0;5;2;0;-1;13;1;2023;14:40;1;44;44109;2;6;2;3;47.26346;-1.57988;4;3;0;2;1;1; -1;2;0;1;30;Blessé léger;4
202300038936;155 611 536;B01;80;0;2;1;0;3;203 758 723;1;1;4;1;1944.0;5;2;0;-1;13;1;2023;14:40;1;44;44109;2;6;2;3;47.26346;-1.57988;4;3;2;1;1;1; -1;2;0;1;30;Blessé léger;4
202300038936;155 611 538;A01;7;0;2;3;26;1;203 758 726;1;1;1;1;1946.0;5;1;0;-1;13;1;2023;14:40;1;44;44109;2;6;2;3;47.26346;-1.57988;4;3;0;2;1;1; -1;2;0;1;30;Indemne;4
202300038936;155 611 538;A01;7;0;2;3;26;1;203 758 726;1;1;1;1;1946.0;5;1;0;-1;13;1;2023;14:40;1;44;44109;2;6;2;3;47.26346;-1.57988;4;3;2;1;1;1; -1;2;0;1;30;Indemne;4
202300038943;155 611 523;B01;33;0;2;1;2;1;203 758 709;1;1;1;1;1984.0;1;2;6;-1;4;10;2023;11:55;1;76;76322;2;2;6;3;49.41861;1.03175;7;2;2;0;1;1;7;1;-1;1;30;Indemne;2
202300038943;155 611 523;B01;33;0;2;1;2;1;203 758 709;1;1;1;1;1984.0;1;2;6;-1;4;10;2023;11:55;1;76;76322;2;2;6;3;49.41861;1.03175;7;2;2;0;1;1;7;1;0;1;30;Indemne;2
202300038943;155 611 524;A01;1;0;2;8;15;5;203 758 710;1;1;4;1;1976.0;5;8;0;-1;4;10;2023;11:55;1;76;76322;2;2;6;3;49.41861;1.03175;7;2;2;0;1;1;7;1;-1;1;30;Blessé léger;2
202300038943;155 611 524;A01;1;0;2;8;15;5;203 758 710;1;1;4;1;1976.0;5;8;0;-1;4;10;2023;11:55;1;76;76322;2;2;6;3;49.41861;1.03175;7;2;2;0;1;1;7;1;0;1;30;Blessé léger;2
202300038945;155 611 515;Z01;7;0;2;1;1;1;203 758 699;1;1;4;1;1984.0;9;8;-1;-1;13;1;2023;01:10;5;35;35238;2;2;1;5;48.10988003;-1.67403907;4;2;2;2;1;1; -1;2;5;1;50;Blessé léger;4
202300038945;155 611 515;Z01;7;0;2;1;1;1;203 758 699;1;1;4;1;1984.0;9;8;-1;-1;13;1;2023;01:10;5;35;35238;2;2;1;5;48.10988003;-1.67403907;4;1;2;3;1;1; -1;2;5;5;50;Blessé léger;4
202300038945;155 611 517;A01;1;0;2;4;23;5;203 758 701;1;1;4;2;1992.0;1;8;-1;-1;13;1;2023;01:10;5;35;35238;2;2;1;5;48.10988003;-1.67403907;4;2;2;2;1;1; -1;2;5;1;50;Blessé léger;4
202300038945;155 611 517;A01;1;0;2;4;23;5;203 758 701;1;1;4;2;1992.0;1;8;-1;-1;13;1;2023;01:10;5;35;35238;2;2;1;5;48.10988003;-1.67403907;4;1;2;3;1;1; -1;2;5;5;50;Blessé léger;4
202300038945;155 611 518;B01;1;0;2;4;23;5;203 758 703;1;1;4;1;1984.0;0;8;-1;-1;13;1;2023;01:10;5;35;35238;2;2;1;5;48.10988003;-1.67403907;4;2;2;2;1;1; -1;2;5;1;50;Blessé léger;4
202300038945;155 611 518;B01;1;0;2;4;23;5;203 758 703;1;1;4;1;1984.0;0;8;-1;-1;13;1;2023;01:10;5;35;35238;2;2;1;5;48.10988003;-1.67403907;4;1;2;3;1;1; -1;2;5;5;50;Blessé léger;4
202300038948;155 611 509;B01;1;0;2;1;19;5;203 758 693;1;1;4;2;1991.0;5;8;0;-1;3;10;2023;12:25;1;71;71270;2;6;1;1;46.29888163;4.82754573;4;3;2;0;1;1;5,5;1;0;1;50;Blessé léger;1
202300038948;155 611 511;A01;10;0;2;2;1;6;203 758 695;1;1;1;1;1964.0;4;8;0;-1;3;10;2023;12:25;1;71;71270;2;6;1;1;46.29888163;4.82754573;4;3;2;0;1;1;5,5;1;0;1;50;Indemne;1
202300038953;155 611 500;B01;1;0;2;8;19;5;203 758 683;1;1;4;2;1988.0;5;2;-1;-1;11;1;2023;16:00;2;33;33063;2;1;7;3;44.83403;-0.55241;4;2;4;2;2;1; -1;1;8;1;50;Blessé léger;2
202300038953;155 611 501;A01;7;0;2;2;1;2;203 758 684;1;1;1;2;1942.0;5;1;-1;-1;11;1;2023;16:00;2;33;33063;2;1;7;3;44.83403;-0.55241;4;2;4;2;2;1; -1;1;8;1;50;Indemne;2
202300038964;155 611 477;B01;1;0;0;1;0;5;203 758 657;1;1;4;1;1950.0;5;8;0;-1;13;1;2023;11:45;1;13;13208;2;1;1;6;43.25529;5.38226;4;2;12;1;1;1; -1;1;9;5;50;Blessé léger;4
202300038964;155 611 479;A01;7;0;0;0;26;2;203 758 659;1;1;1;1;1945.0;5;1;0;-1;13;1;2023;11:45;1;13;13208;2;1;1;6;43.25529;5.38226;4;2;12;1;1;1; -1;1;9;5;50;Indemne;4
202300038992;155 611 432;A01;80;0;1;1;1;3;203 758 597;1;1;1;1;1991.0;1;8;0;-1;13;1;2023;16:35;1;75;75110;2;2;1;6;48.879744;2.358725;4;1; -1;-1;1;1; -1;1;0;1;-1;Indemne;4
202300038992;155 611 432;A01;80;0;1;1;1;3;203 758 597;1;1;1;1;1991.0;1;8;0;-1;13;1;2023;16:35;1;75;75110;2;2;1;6;48.879744;2.358725;4;2;2;0;1;1; -1;1;0;1;30;Indemne;4
202300038992;155 611 432;A01;80;0;1;1;1;3;203 758 599;10;3;4;1;2009.0;2;0;-1;-1;13;1;2023;16:35;1;75;75110;2;2;1;6;48.879744;2.358725;4;1; -1;-1;1;1; -1;1;0;1;-1;Blessé léger;4
202300038992;155 611 432;A01;80;0;1;1;1;3;203 758 599;10;3;4;1;2009.0;2;0;-1;-1;13;1;2023;16:35;1;75;75110;2;2;1;6;48.879744;2.358725;4;2;2;0;1;1; -1;1;0;1;30;Blessé léger;4
202300038995;155 611 428;B01;80;0;2;4;1;3;203 758 591;1;1;4;2;1978.0;1;2;0;-1;13;1;2023;09:55;1;75;75108;2;1;1;2;48.864464;2.318964;4;1;2;3;1;1; -1;1;0;1;30;Blessé léger;4
202300038995;155 611 430;A01;7;0;2;1;1;2;203 758 593;1;1;1;1;1982.0;4;1;0;-1;13;1;2023;09:55;1;75;75108;2;1;1;2;48.864464;2.318964;4;1;2;3;1;1; -1;1;0;1;30;Indemne;4
202300038997;155 611 425;A01;80;0;0;0;21;3;203 758 588;1;1;4;2;1981.0;5;2;0;-1;13;1;2023;00:05;5;75;75101;2;3;2;7;48.861228;2.34968;4;2;6;1;1;1; -1;2;-1;5;30;Blessé léger;4
202300038997;155 611 425;A01;80;0;0;0;21;3;203 758 588;1;1;4;2;1981.0;5;2;0;-1;13;1;2023;00:05;5;75;75101;2;3;2;7;48.861228;2.34968;4;2; -1;-1;1;1; -1;2;-1;5;-1;Blessé léger;4
202300038999;155 611 422;Z01;80;0;1;8;1;3;203 758 585;10;3;4;1;1962.0;1;8;8;-1;12;1;2023;08:55;2;75;75101;2;2;1;6;48.86007283;2.3490867;4;2;4;1;1;1; -1;1;-1;5;30;Blessé léger;3
202300038999;155 611 422;Z01;80;0;1;8;1;3;203 758 585;10;3;4;1;1962.0;1;8;8;-1;12;1;2023;08:55;2;75;75101;2;2;1;6;48.86007283;2.3490867;4;-1;1;0;1;1; -1;1;-1;5;30;Blessé léger;3
202300039000;155 611 420;A01;7;0;9;2;16;1;203 758 581;1;1;1;1;1997.0;0;1;0;-1;4;10;2023;12:15;1;27;27229;2;6;1;2;49.03297;1.15556;4;1;2;0;1;1; -1;1;0;1;50;Indemne;2
202300039000;155 611 420;A01;7;0;9;2;16;1;203 758 581;1;1;1;1;1997.0;0;1;0;-1;4;10;2023;12:15;1;27;27229;2;6;1;2;49.03297;1.15556;4;1;0;0;1;1; -1;1;0;1;50;Indemne;2
202300039000;155 611 421;B01;1;0;2;8;1;5;203 758 582;1;1;4;1;1999.0;0;-1;0;-1;4;10;2023;12:15;1;27;27229;2;6;1;2;49.03297;1.15556;4;1;2;0;1;1; -1;1;0;1;50;Blessé léger;2