Num_Acc;id_vehicule;num_veh;catv;obs;obsm;choc;manv;motor;id_usager;place;catu;grav;sexe;an_nais;trajet;secu1;secu2;secu3;jour;mois;an;hrmn;lum;dep;com;agg;int;atm;col;lat;long;catr;circ;nbv;vosp;prof;plan;larrout;surf;infra;situ;vma;gravity;day_of_week
202300039000;155 611 421;B01;1;0;2;8;1;5;203 758 582;1;1;4;1;1999.0;0;-1;0;-1;4;10;2023;12:15;1;27;27229;2;6;1;2;49.03297;1.15556;4;1;0;0;1;1; -1;1;0;1;50;Blessé léger;2
202300039026;155 611 372;A01;1;0;0;0;26;5;203 758 519;1;1;3;1;1966.0;0;8;0;-1;4;10;2023;15:50;1;04;04070;2;1;1;7;44.08934;6.2132;4;2;1;0;2;2; -1;1;0;1;50;Blessé hospitalisé;2
202300039029;155 611 367;A01;80;0;0;1;1;3;203 758 513;1;1;3;1;1955.0;5;8;0;-1;4;10;2023;18:47;5;75;75113;2;3;1;7;48.832185;2.37734;4;1; -1;-1;1;1; -1;1;0;1;-1;Blessé hospitalisé;2
202300039029;155 611 367;A01;80;0;0;1;1;3;203 758 513;1;1;3;1;1955.0;5;8;0;-1;4;10;2023;18:47;5;75;75113;2;3;1;7;48.832185;2.37734;4;2;2;1;2;1; -1;1;0;1;30;Blessé hospitalisé;2
202300039031;155 611 363;B01;1;0;2;1;1;5;203 758 510;1;1;4;1;1987.0;1;8;0;-1;4;10;2023;15:20;1;75;75120;2;2;1;3;48.854756;2.397494;4;1;1;2;1;1; -1;1;0;1;30;Blessé léger;2
202300039031;155 611 363;B01;1;0;2;1;1;5;203 758 510;1;1;4;1;1987.0;1;8;0;-1;4;10;2023;15:20;1;75;75120;2;2;1;3;48.854756;2.397494;4;1;1;2;2;1; -1;1;0;1;30;Blessé léger;2
202300039031;155 611 364;A01;7;0;2;2;15;1;203 758 511;1;1;1;1;1964.0;1;1;0;-1;4;10;2023;15:20;1;75;75120;2;2;1;3;48.854756;2.397494;4;1;1;2;1;1; -1;1;0;1;30;Indemne;2
202300039031;155 611 364;A01;7;0;2;2;15;1;203 758 511;1;1;1;1;1964.0;1;1;0;-1;4;10;2023;15:20;1;75;75120;2;2;1;3;48.854756;2.397494;4;1;1;2;2;1; -1;1;0;1;30;Indemne;2
202300039034;155 611 355;A01;7;0;2;3;9;1;203 758 501;1;1;1;1;1971.0;9;1;0;-1;4;10;2023;19:30;1;75;75117;2;2;1;3;48.880352;2.2868;4;2;5;3;1;1; -1;1;0;1;30;Indemne;2
202300039034;155 611 355;A01;7;0;2;3;9;1;203 758 501;1;1;1;1;1971.0;9;1;0;-1;4;10;2023;19:30;1;75;75117;2;2;1;3;48.880352;2.2868;4;2;2;0;1;1; -1;1;0;1;30;Indemne;2
202300039034;155 611 357;B01;1;0;2;1;1;5;203 758 503;1;1;4;1;1964.0;1;2;0;-1;4;10;2023;19:30;1;75;75117;2;2;1;3;48.880352;2.2868;4;2;5;3;1;1; -1;1;0;1;30;Blessé léger;2
202300039034;155 611 357;B01;1;0;2;1;1;5;203 758 503;1;1;4;1;1964.0;1;2;0;-1;4;10;2023;19:30;1;75;75117;2;2;1;3;48.880352;2.2868;4;2;2;0;1;1; -1;1;0;1;30;Blessé léger;2
202300039036;155 611 353;A01;7;0;2;3;22;1;203 758 498;1;1;1;1;1943.0;5;1;8;-1;4;10;2023;19:10;2;75;75117;2;2;1;3;48.893967;2.321427;4;2; -1;-1;1;1; -1;1;0;1;-1;Indemne;2
202300039036;155 611 353;A01;7;0;2;3;22;1;203 758 498;1;1;1;1;1943.0;5;1;8;-1;4;10;2023;19:10;2;75;75117;2;2;1;3;48.893967;2.321427;4;1;1;1;1;1; -1;1;0;1;30;Indemne;2
202300039036;155 611 354;B01;80;0;2;1;1;3;203 758 500;1;1;4;1;1995.0;5;8;0;-1;4;10;2023;19:10;2;75;75117;2;2;1;3;48.893967;2.321427;4;2; -1;-1;1;1; -1;1;0;1;-1;Blessé léger;2
202300039036;155 611 354;B01;80;0;2;1;1;3;203 758 500;1;1;4;1;1995.0;5;8;0;-1;4;10;2023;19:10;2;75;75117;2;2;1;3;48.893967;2.321427;4;1;1;1;1;1; -1;1;0;1;30;Blessé léger;2
202300039040;155 611 346;A01;80;0;2;7;1;3;203 758 490;1;1;4;1;2004.0;5;8;0;-1;4;10;2023;16:30;1;75;75116;2;1;1;3;48.846609;2.274136;4;1;2;1;1;1; -1;1;0;5;30;Blessé léger;2
202300039043;155 611 342;A01;1;12;0;0;14;5;203 758 485;1;1;4;2;1990.0;1;2;8;-1;4;10;2023;18:40;1;75;75115;2;1;1;7;48.83836;2.27033;4;1;4;3;1;1; -1;1;-1;6;30;Blessé léger;2
202300039044;155 611 339;A01;1;0;2;1;2;5;203 758 482;1;1;1;2;1990.0;9;8;0;-1;4;10;2023;16:30;1;75;75115;2;1;1;2;48.841647;2.308434;4;1;2;1;1;1; -1;1;0;5;25;Indemne;2
202300039044;155 611 341;B01;80;0;2;4;23;3;203 758 484;1;1;4;2;1997.0;1;8;0;-1;4;10;2023;16:30;1;75;75115;2;1;1;2;48.841647;2.308434;4;1;2;1;1;1; -1;1;0;5;25;Blessé léger;2
202300039048;155 611 333;A01;1;0;1;1;25;5;203 758 471;1;1;1;1;2009.0;5;8;0;-1;4;10;2023;15:25;1;75;75112;2;1;1;6;48.842925;2.384407;4;-1;0;3;1;1; -1;1;0;4;50;Indemne;2
202300039048;155 611 333;A01;1;0;1;1;25;5;203 758 472;10;3;4;2;1943.0;5;0;-1;-1;4;10;2023;15:25;1;75;75112;2;1;1;6;48.842925;2.384407;4;-1;0;3;1;1; -1;1;0;4;50;Blessé léger;2
202300039049;155 611 331;A01;10;0;2;8;22;1;203 758 469;1;1;1;1;1986.0;9;8;0;-1;4;10;2023;10:40;1;75;75112;2;1;1;3;48.846351;2.38772;4;2;2;0;1;1; -1;1;0;1;30;Indemne;2
202300039049;155 611 332;B01;80;0;2;1;1;3;203 758 470;1;1;4;2;1981.0;9;8;0;-1;4;10;2023;10:40;1;75;75112;2;1;1;3;48.846351;2.38772;4;2;2;0;1;1; -1;1;0;1;30;Blessé léger;2
202300039050;155 611 328;B01;1;0;2;0;1;5;203 758 467;1;1;4;1;1987.0;5;2;0;-1;13;1;2023;20:14;5;92;92051;2;3;2;7;48.88234;2.25322;3;2;2;0;1;1; -1;2;0;1;50;Blessé léger;4
202300039050;155 611 328;B01;1;0;2;0;1;5;203 758 467;1;1;4;1;1987.0;5;2;0;-1;13;1;2023;20:14;5;92;92051;2;3;2;7;48.88234;2.25322;3;1;1;0;1;1; -1;2;0;1;50;Blessé léger;4
202300039050;155 611 330;A01;7;0;9;0;15;3;203 758 468;1;1;1;1;1976.0;5;1;0;-1;13;1;2023;20:14;5;92;92051;2;3;2;7;48.88234;2.25322;3;2;2;0;1;1; -1;2;0;1;50;Indemne;4
202300039050;155 611 330;A01;7;0;9;0;15;3;203 758 468;1;1;1;1;1976.0;5;1;0;-1;13;1;2023;20:14;5;92;92051;2;3;2;7;48.88234;2.25322;3;1;1;0;1;1; -1;2;0;1;50;Indemne;4
202300039054;155 611 321;A01;10;0;2;1;17;1;203 758 455;1;1;1;1;1991.0;4;1;0;-1;4;10;2023;19:00;1;75;75108;2;2;1;3;48.879433;2.314284;4;2;4;1;2;1; -1;1;0;1;50;Indemne;2
202300039054;155 611 321;A01;10;0;2;1;17;1;203 758 455;1;1;1;1;1991.0;4;1;0;-1;4;10;2023;19:00;1;75;75108;2;2;1;3;48.879433;2.314284;4;1;1;0;2;1; -1;1;0;1;30;Indemne;2
202300039054;155 611 322;B01;1;0;2;6;15;5;203 758 457;1;1;4;2;2001.0;5;2;0;-1;4;10;2023;19:00;1;75;75108;2;2;1;3;48.879433;2.314284;4;2;4;1;2;1; -1;1;0;1;50;Blessé léger;2
202300039054;155 611 322;B01;1;0;2;6;15;5;203 758 457;1;1;4;2;2001.0;5;2;0;-1;4;10;2023;19:00;1;75;75108;2;2;1;3;48.879433;2.314284;4;1;1;0;2;1; -1;1;0;1;30;Blessé léger;2
202300039066;155 611 301;A01;7;0;2;2;16;1;203 758 427;1;1;1;1;1943.0;5;1;8;-1;3;10;2023;18:30;1;94;94003;2;1;1;3;48.802504;2.338358;3;1;2;1;1;1; -1;1;0;1;50;Indemne;1
202300039066;155 611 302;B01;1;0;2;1;1;5;203 758 429;1;1;4;1;1978.0;1;8;0;-1;3;10;2023;18:30;1;94;94003;2;1;1;3;48.802504;2.338358;3;1;2;1;1;1; -1;1;0;1;50;Blessé léger;1
202300039075;155 611 285;A01;1;0;2;4;2;5;203 758 409;1;1;1;1;1970.0;0;8;0;-1;4;10;2023;14:50;1;92;92072;2;1;1;2;48.82636478;2.21869826;3;3;0;1;1;1;0;1;0;5;50;Indemne;2
202300039075;155 611 286;B01;34;0;2;1;1;1;203 758 410;1;1;4;1;1988.0;0;2;0;-1;4;10;2023;14:50;1;92;92072;2;1;1;2;48.82636478;2.21869826;3;3;0;1;1;1;0;1;0;5;50;Blessé léger;2
202300039076;155 611 284;A01;1;0;0;0;1;5;203 758 408;1;1;4;1;1976.0;0;8;0;-1;4;10;2023;13:50;1;92;92064;2;1;1;7;48.84275474;2.21941486;4;1;1;0;2;1; -1;1;0;1;30;Blessé léger;2
202300039077;155 611 282;A01;7;0;2;2;0;1;203 758 405;1;1;1;1;2001.0;2;1;8;-1;4;10;2023;08:45;1;92;92063;2;3;1;3;48.86046134;2.17724517;4;2;2;1;1;1; -1;1;0;1;50;Indemne;2
202300039077;155 611 282;A01;7;0;2;2;0;1;203 758 405;1;1;1;1;2001.0;2;1;8;-1;4;10;2023;08:45;1;92;92063;2;3;1;3;48.86046134;2.17724517;4;2;2;1;2;1; -1;1;0;1;50;Indemne;2
202300039077;155 611 283;B01;1;0;2;6;0;5;203 758 406;1;1;4;2;1986.0;0;2;8;-1;4;10;2023;08:45;1;92;92063;2;3;1;3;48.86046134;2.17724517;4;2;2;1;1;1; -1;1;0;1;50;Blessé léger;2
202300039077;155 611 283;B01;1;0;2;6;0;5;203 758 406;1;1;4;2;1986.0;0;2;8;-1;4;10;2023;08:45;1;92;92063;2;3;1;3;48.86046134;2.17724517;4;2;2;1;2;1; -1;1;0;1;50;Blessé léger;2
202300039077;155 611 283;B01;1;0;2;6;0;5;203 758 407;2;2;4;2;2021.0;0;2;0;-1;4;10;2023;08:45;1;92;92063;2;3;1;3;48.86046134;2.17724517;4;2;2;1;1;1; -1;1;0;1;50;Blessé léger;2
202300039077;155 611 283;B01;1;0;2;6;0;5;203 758 407;2;2;4;2;2021.0;0;2;0;-1;4;10;2023;08:45;1;92;92063;2;3;1;3;48.86046134;2.17724517;4;2;2;1;2;1; -1;1;0;1;50;Blessé léger;2
202300039078;155 611 279;B01;30;0;2;1;2;1;203 758 402;1;1;4;1;2005.0;1;2;6;-1;4;10;2023;09:34;1;92;92063;2;3;1;4;48.87256115;2.17803776;3;3;2;0;2;1; -1;1;0;1;50;Blessé léger;2
202300039078;155 611 279;B01;30;0;2;1;2;1;203 758 402;1;1;4;1;2005.0;1;2;6;-1;4;10;2023;09:34;1;92;92063;2;3;1;4;48.87256115;2.17803776;3;-1;1;0;1;1; -1;1;0;8;50;Blessé léger;2
202300039078;155 611 280;A01;10;0;2;4;1;3;203 758 403;1;1;1;1;1965.0;4;1;0;-1;4;10;2023;09:34;1;92;92063;2;3;1;4;48.87256115;2.17803776;3;3;2;0;2;1; -1;1;0;1;50;Indemne;2
202300039078;155 611 280;A01;10;0;2;4;1;3;203 758 403;1;1;1;1;1965.0;4;1;0;-1;4;10;2023;09:34;1;92;92063;2;3;1;4;48.87256115;2.17803776;3;-1;1;0;1;1; -1;1;0;8;50;Indemne;2
202300039078;155 611 281;C01;1;0;2;0;0;5;203 758 404;1;1;1;1;1983.0;1;2;0;-1;4;10;2023;09:34;1;92;92063;2;3;1;4;48.87256115;2.17803776;3;3;2;0;2;1; -1;1;0;1;50;Indemne;2
202300039078;155 611 281;C01;1;0;2;0;0;5;203 758 404;1;1;1;1;1983.0;1;2;0;-1;4;10;2023;09:34;1;92;92063;2;3;1;4;48.87256115;2.17803776;3;-1;1;0;1;1; -1;1;0;8;50;Indemne;2
202300039090;155 611 257;B01;1;0;2;1;1;5;203 758 376;1;1;3;1;1965.0;5;2;-1;-1;4;10;2023;17:30;1;31;31445;2;1;1;2;43.583595;1.513106;7;2;2;1;1;1; -1;1;0;1;50;Blessé hospitalisé;2
202300039090;155 611 258;A01;7;0;0;4;1;1;203 758 377;1;1;1;1;1983.0;5;8;-1;-1;4;10;2023;17:30;1;31;31445;2;1;1;2;43.583595;1.513106;7;2;2;1;1;1; -1;1;0;1;50;Indemne;2
202300039090;155 611 258;A01;7;0;0;4;1;1;203 758 378;7;2;1;1;2016.0;5;8;-1;-1;4;10;2023;17:30;1;31;31445;2;1;1;2;43.583595;1.513106;7;2;2;1;1;1; -1;1;0;1;50;Indemne;2
202300039090;155 611 258;A01;7;0;0;4;1;1;203 758 379;2;2;1;2;1989.0;5;8;-1;-1;4;10;2023;17:30;1;31;31445;2;1;1;2;43.583595;1.513106;7;2;2;1;1;1; -1;1;0;1;50;Indemne;2
202300039095;155 611 248;A01;13;0;2;4;4;1;203 758 366;1;1;1;1;1985.0;4;1;-1;-1;26;7;2023;18:05;1;62;62711;2;1;1;2;50.816866;1.744647;4;2;2;0;1;1; -1;1;0;1;50;Indemne;2
202300039095;155 611 248;A01;13;0;2;4;4;1;203 758 367;2;2;1;1;2001.0;4;1;-1;-1;26;7;2023;18:05;1;62;62711;2;1;1;2;50.816866;1.744647;4;2;2;0;1;1; -1;1;0;1;50;Indemne;2
202300039095;155 611 249;B01;80;0;2;1;23;3;203 758 368;1;1;3;1;1942.0;5;0;-1;-1;26;7;2023;18:05;1;62;62711;2;1;1;2;50.816866;1.744647;4;2;2;0;1;1; -1;1;0;1;50;Blessé hospitalisé;2
202300039105;155 611 229;B01;1;0;9;0;1;5;203 758 342;1;1;4;2;1996.0;1;0;-1;-1;24;5;2023;10:25;1;74;74010;2;3;1;2;45.911649;6.095229;4;3;1;1;2;1; -1;1;0;5;50;Blessé léger;2
202300039105;155 611 229;B01;1;0;9;0;1;5;203 758 342;1;1;4;2;1996.0;1;0;-1;-1;24;5;2023;10:25;1;74;74010;2;3;1;2;45.911649;6.095229;4;2; -1;-1;2;2; -1;1;0;1;-1;Blessé léger;2
202300039106;155 611 227;A01;37;0;9;2;1;1;203 758 340;1;1;1;1;1964.0;0;1;-1;-1;23;5;2023;19:57;1;74;74147;1;9;1;3;45.791467;6.213321;3;2;2;1;1;1;4;1;0;1;80;Indemne;1
202300039106;155 611 228;B01;1;0;2;7;1;5;203 758 341;1;1;4;2;1991.0;0;2;-1;-1;23;5;2023;19:57;1;74;74147;1;9;1;3;45.791467;6.213321;3;2;2;1;1;1;4;1;0;1;80;Blessé léger;1
202300039128;155 611 189;A01;7;0;2;1;9;1;203 758 284;1;1;1;1;1968.0;0;1;8;-1;24;7;2023;11:55;1;67;67462;2;2;2;3;48.25872;7.44866;4;2;2;0;1;1; -1;2;5;1;40;Indemne;0
202300039128;155 611 189;A01;7;0;2;1;9;1;203 758 284;1;1;1;1;1968.0;0;1;8;-1;24;7;2023;11:55;1;67;67462;2;2;2;3;48.25872;7.44866;4;1;0;0;1;1; -1;2;5;1;40;Indemne;0
202300039128;155 611 190;B01;1;0;2;8;9;5;203 758 285;1;1;4;2;1976.0;1;8;0;-1;24;7;2023;11:55;1;67;67462;2;2;2;3;48.25872;7.44866;4;2;2;0;1;1; -1;2;5;1;40;Blessé léger;0
202300039128;155 611 190;B01;1;0;2;8;9;5;203 758 285;1;1;4;2;1976.0;1;8;0;-1;24;7;2023;11:55;1;67;67462;2;2;2;3;48.25872;7.44866;4;1;0;0;1;1; -1;2;5;1;40;Blessé léger;0
202300039144;155 611 157;A01;7;0;2;1;16;1;203 758 241;1;1;1;2;1994.0;1;1;-1;-1;25;7;2023;08:31;1;33;33200;2;2;1;3;44.87814732;-0.67655236;4;2;3;1;1;1; -1;1;0;1;30;Indemne;1
202300039144;155 611 157;A01;7;0;2;1;16;1;203 758 241;1;1;1;2;1994.0;1;1;-1;-1;25;7;2023;08:31;1;33;33200;2;2;1;3;44.87814732;-0.67655236;4;2;2;1;1;1; -1;1;0;1;30;Indemne;1
202300039144;155 611 158;B01;1;0;2;7;1;5;203 758 242;1;1;3;1;1976.0;1;2;-1;-1;25;7;2023;08:31;1;33;33200;2;2;1;3;44.87814732;-0.67655236;4;2;3;1;1;1; -1;1;0;1;30;Blessé hospitalisé;1
202300039144;155 611 158;B01;1;0;2;7;1;5;203 758 242;1;1;3;1;1976.0;1;2;-1;-1;25;7;2023;08:31;1;33;33200;2;2;1;3;44.87814732;-0.67655236;4;2;2;1;1;1; -1;1;0;1;30;Blessé hospitalisé;1
202300039146;155 611 154;A01;7;0;2;3;15;1;203 758 237;1;1;1;1;1948.0;3;8;-1;-1;25;7;2023;09:55;1;33;33529;2;3;1;3;44.63890917;-1.15416795;4;2;2;0;1;1; -1;1;0;5;50;Indemne;1
202300039146;155 611 154;A01;7;0;2;3;15;1;203 758 237;1;1;1;1;1948.0;3;8;-1;-1;25;7;2023;09:55;1;33;33529;2;3;1;3;44.63890917;-1.15416795;4;2;3;2;1;1; -1;1;0;5;50;Indemne;1
202300039146;155 611 155;B01;1;0;2;1;1;5;203 758 238;1;1;4;1;1957.0;5;2;-1;-1;25;7;2023;09:55;1;33;33529;2;3;1;3;44.63890917;-1.15416795;4;2;2;0;1;1; -1;1;0;5;50;Blessé léger;1
202300039146;155 611 155;B01;1;0;2;1;1;5;203 758 238;1;1;4;1;1957.0;5;2;-1;-1;25;7;2023;09:55;1;33;33529;2;3;1;3;44.63890917;-1.15416795;4;2;3;2;1;1; -1;1;0;5;50;Blessé léger;1
202300039160;155 611 130;A01;1;1;0;1;1;5;203 758 209;1;1;4;1;1973.0;0;8;0;-1;25;7;2023;13:33;1;10;10265;2;1;2;7;48.30099;4.0395;3;2;2;0;1;1;4;2;0;1;50;Blessé léger;1
202300039168;155 611 116;A01;80;0;1;1;21;3;203 758 189;1;1;4;2;1996.0;9;2;0;-1;25;7;2023;11:30;1;75;75119;2;1;2;6;48.882434;2.386211;4;2;2;3;2;1; -1;2;0;6;30;Blessé léger;1
202300039168;155 611 116;A01;80;0;1;1;21;3;203 758 190;10;3;4;2;1980.0;9;0;-1;-1;25;7;2023;11:30;1;75;75119;2;1;2;6;48.882434;2.386211;4;2;2;3;2;1; -1;2;0;6;30;Blessé léger;1
202300039170;155 611 113;B01;10;0;0;4;2;1;203 758 185;1;1;1;1;1987.0;1;1;0;-1;25;7;2023;09:00;1;75;75119;2;9;8;2;48.88026;2.400397;4;2;4;0;1;1; -1;2;0;1;50;Indemne;1
202300039170;155 611 113;B01;10;0;0;4;2;1;203 758 185;1;1;1;1;1987.0;1;1;0;-1;25;7;2023;09:00;1;75;75119;2;9;8;2;48.88026;2.400397;4;-1; -1;0;1;1; -1;2;0;1;50;Indemne;1
202300039170;155 611 114;A01;80;0;2;1;2;3;203 758 186;1;1;4;1;1977.0;1;2;8;-1;25;7;2023;09:00;1;75;75119;2;9;8;2;48.88026;2.400397;4;2;4;0;1;1; -1;2;0;1;50;Blessé léger;1
202300039170;155 611 114;A01;80;0;2;1;2;3;203 758 186;1;1;4;1;1977.0;1;2;8;-1;25;7;2023;09:00;1;75;75119;2;9;8;2;48.88026;2.400397;4;-1; -1;0;1;1; -1;2;0;1;50;Blessé léger;1
202300039172;155 611 110;B01;80;0;2;1;1;3;203 758 182;1;1;4;2;2000.0;1;8;0;-1;25;7;2023;10:20;1;75;75113;2;3;2;6;48.834569;2.357769;4;1;2;0;2;1; -1;2;0;1;30;Blessé léger;1
202300039172;155 611 110;B01;80;0;2;1;1;3;203 758 182;1;1;4;2;2000.0;1;8;0;-1;25;7;2023;10:20;1;75;75113;2;3;2;6;48.834569;2.357769;4;-1; -1;0;1;1; -1;2;0;1;30;Blessé léger;1
202300039172;155 611 111;A01;7;0;2;8;24;1;203 758 183;1;1;1;1;1977.0;9;8;0;-1;25;7;2023;10:20;1;75;75113;2;3;2;6;48.834569;2.357769;4;1;2;0;2;1; -1;2;0;1;30;Indemne;1
202300039172;155 611 111;A01;7;0;2;8;24;1;203 758 183;1;1;1;1;1977.0;9;8;0;-1;25;7;2023;10:20;1;75;75113;2;3;2;6;48.834569;2.357769;4;-1; -1;0;1;1; -1;2;0;1;30;Indemne;1
202300039184;155 611 084;A01;10;0;2;1;9;1;203 758 151;1;1;1;1;1982.0;1;1;-1;-1;26;7;2023;08:25;1;38;38157;1;6;1;3;45.512099;4.956712;3;2;1;0;1;2;5;1;0;1;50;Indemne;2
202300039184;155 611 085;B01;1;0;2;7;19;5;203 758 152;1;1;3;1;1968.0;5;2;6;-1;26;7;2023;08:25;1;38;38157;1;6;1;3;45.512099;4.956712;3;2;1;0;1;2;5;1;0;1;50;Blessé hospitalisé;2
202300039187;155 611 078;A01;33;9;9;1;17;1;203 758 143;1;1;1;1;1970.0;5;2;-1;-1;26;7;2023;10:40;1;49;49110;1;1;1;3;47.556484;-0.333876;3;2;2;0;2;2;7;1;0;5;80;Indemne;2
202300039187;155 611 079;B01;1;0;0;3;13;5;203 758 144;1;1;2;1;1947.0;5;2;-1;-1;26;7;2023;10:40;1;49;49110;1;1;1;3;47.556484;-0.333876;3;2;2;0;2;2;7;1;0;5;80;Tué;2
202300039212;155 611 036;A01;10;0;2;2;2;0;203 758 094;1;1;1;1;2002.0;4;1;-1;-1;26;7;2023;10:15;1;27;27116;1;4;1;3;49.178954;0.703382;3;2;3;0;1;1;10;1;0;1;80;Indemne;2
202300039212;155 611 036;A01;10;0;2;2;2;0;203 758 094;1;1;1;1;2002.0;4;1;-1;-1;26;7;2023;10:15;1;27;27116;1;4;1;3;49.178954;0.703382;3;2;2;0;1;1; -1;1;0;1;-1;Indemne;2
202300039212;155 611 037;B01;1;0;2;2;2;5;203 758 095;1;1;3;1;2011.0;5;2;-1;-1;26;7;2023;10:15;1;27;27116;1;4;1;3;49.178954;0.703382;3;2;3;0;1;1;10;1;0;1;80;Blessé hospitalisé;2
202300039212;155 611 037;B01;1;0;2;2;2;5;203 758 095;1;1;3;1;2011.0;5;2;-1;-1;26;7;2023;10:15;1;27;27116;1;4;1;3;49.178954;0.703382;3;2;2;0;1;1; -1;1;0;1;-1;Blessé hospitalisé;2
202300039230;155 611 006;A01;1;0;2;1;2;5;203 758 047;1;1;3;1;1943.0;5;2;-1;-1;24;7;2023;12:28;1;54;54348;1;1;2;6;48.83502065;5.89877844;3;2;2;0;1;1;6;2;0;1;80;Blessé hospitalisé;0
202300039234;155 610 999;A01;7;0;9;7;2;1;203 758 039;1;1;1;2;2005.0;5;1;-1;-1;25;7;2023;11:35;1;49;49021;1;1;1;3;47.41248648;-0.20202092;3;2;2;0;1;1;7;1;0;1;80;Indemne;1
202300039234;155 611 000;B01;1;0;2;8;2;5;203 758 040;1;1;3;1;1958.0;5;2;-1;-1;25;7;2023;11:35;1;49;49021;1;1;1;3;47.41248648;-0.20202092;3;2;2;0;1;1;7;1;0;1;80;Blessé hospitalisé;1
202300039262;155 610 944;A01;7;0;2;2;9;1;203 757 968;1;1;1;1;2002.0;5;8;0;-1;22;7;2023;11:45;1;91;91421;2;1;1;3;48.714452;2.447921;3;3;2;1;1;1; -1;1;0;5;30;Indemne;5
202300039262;155 610 945;B01;1;0;2;1;1;5;203 757 969;1;1;4;1;1999.0;0;2;0;-1;22;7;2023;11:45;1;91;91421;2;1;1;3;48.714452;2.447921;3;3;2;1;1;1; -1;1;0;5;30;Blessé léger;5
202300039278;155 610 918;A01;80;0;5;9;21;3;203 757 935;1;1;2;1;1940.0;5;2;4;-1;16;7;2023;11:00;1;56;56162;1;1;1;6;47.70332;-3.45868;9;-1; -1;1;1;1; -1;1;-1;3;20;Tué;6
202300039279;155 610 916;A01;1;0;2;1;1;5;203 757 933;1;1;3;1;2004.0;0;8;0;-1;24;7;2023;19:20;1;54;54395;2;2;1;3;48.69704374;6.15832508;4;2;2;0;2;1; -1;1;0;1;30;Blessé hospitalisé;0
202300039279;155 610 916;A01;1;0;2;1;1;5;203 757 933;1;1;3;1;2004.0;0;8;0;-1;24;7;2023;19:20;1;54;54395;2;2;1;3;48.69704374;6.15832508;4;2;2;2;2;1; -1;1;-1;1;50;Blessé hospitalisé;0
202300039279;155 610 917;B01;7;0;2;7;1;1;203 757 934;1;1;1;2;1983.0;0;8;0;-1;24;7;2023;19:20;1;54;54395;2;2;1;3;48.69704374;6.15832508;4;2;2;0;2;1; -1;1;0;1;30;Indemne;0
202300039279;155 610 917;B01;7;0;2;7;1;1;203 757 934;1;1;1;2;1983.0;0;8;0;-1;24;7;2023;19:20;1;54;54395;2;2;1;3;48.69704374;6.15832508;4;2;2;2;2;1; -1;1;-1;1;50;Indemne;0
202300039281;155 610 912;A01;15;0;2;2;16;6;203 757 929;1;1;1;1;1997.0;4;1;0;-1;24;7;2023;09:55;1;45;45234;2;1;1;3;47.88409642;1.89823151;4;1;1;0;2;1; -1;1;0;1;50;Indemne;0
202300039281;155 610 913;B01;1;0;2;0;1;5;203 757 930;1;1;3;2;2004.0;1;8;0;-1;24;7;2023;09:55;1;45;45234;2;1;1;3;47.88409642;1.89823151;4;1;1;0;2;1; -1;1;0;1;50;Blessé hospitalisé;0
202300039286;155 610 903;A01;1;0;2;1;1;5;203 757 916;1;1;4;1;1977.0;0;8;0;-1;24;7;2023;11:58;1;37;37261;2;2;1;3;47.39296;0.68779;4;-1;2;0;1;1; -1;1;9;1;30;Blessé léger;0
202300039286;155 610 903;A01;1;0;2;1;1;5;203 757 916;1;1;4;1;1977.0;0;8;0;-1;24;7;2023;11:58;1;37;37261;2;2;1;3;47.39296;0.68779;4;-1;1;2;1;1; -1;1;0;1;30;Blessé léger;0
202300039286;155 610 904;B01;7;0;9;2;1;1;203 757 917;1;1;1;1;1965.0;0;1;4;-1;24;7;2023;11:58;1;37;37261;2;2;1;3;47.39296;0.68779;4;-1;2;0;1;1; -1;1;9;1;30;Indemne;0
202300039286;155 610 904;B01;7;0;9;2;1;1;203 757 917;1;1;1;1;1965.0;0;1;4;-1;24;7;2023;11:58;1;37;37261;2;2;1;3;47.39296;0.68779;4;-1;1;2;1;1; -1;1;0;1;30;Indemne;0
202300039289;155 610 898;A01;7;0;2;2;1;1;203 757 911;1;1;1;2;1945.0;5;1;-1;-1;20;6;2023;15:50;1;88;88148;1;2;1;3;47.98841;6.634642;4;-1;2;1;1;1; -1;1;0;1;-1;Indemne;1
202300039289;155 610 898;A01;7;0;2;2;1;1;203 757 911;1;1;1;2;1945.0;5;1;-1;-1;20;6;2023;15:50;1;88;88148;1;2;1;3;47.98841;6.634642;4;2;2;0;1;1; -1;1;0;5;50;Indemne;1
202300039289;155 610 899;B01;1;0;2;1;19;5;203 757 912;1;1;3;1;1956.0;5;2;6;-1;20;6;2023;15:50;1;88;88148;1;2;1;3;47.98841;6.634642;4;-1;2;1;1;1; -1;1;0;1;-1;Blessé hospitalisé;1
202300039289;155 610 899;B01;1;0;2;1;19;5;203 757 912;1;1;3;1;1956.0;5;2;6;-1;20;6;2023;15:50;1;88;88148;1;2;1;3;47.98841;6.634642;4;2;2;0;1;1; -1;1;0;5;50;Blessé hospitalisé;1
202300039304;155 610 868;A01;7;0;2;8;17;1;203 757 875;1;1;1;1;1955.0;5;8;-1;-1;23;6;2023;12:00;1;65;65123;1;1;1;3;42.955995;0.258184;3;2;2;0;2;1;5,5;1;0;1;80;Indemne;4