Num_Acc;id_vehicule;num_veh;catv;obs;obsm;choc;manv;motor;id_usager;place;catu;grav;sexe;an_nais;trajet;secu1;secu2;secu3;jour;mois;an;hrmn;lum;dep;com;agg;int;atm;col;lat;long;catr;circ;nbv;vosp;prof;plan;larrout;surf;infra;situ;vma;gravity;day_of_week
202300039304;155 610 869;B01;1;0;2;3;1;5;203 757 876;1;1;3;1;1979.0;5;2;-1;-1;23;6;2023;12:00;1;65;65123;1;1;1;3;42.955995;0.258184;3;2;2;0;2;1;5,5;1;0;1;80;Blessé hospitalisé;4
202300039331;155 610 816;B01;1;0;2;2;1;5;203 757 816;1;1;4;1;1984.0;0;2;8;-1;21;6;2023;09:25;1;78;78029;2;3;1;3;48.95368;1.85588;4;2;0;0;1;2; -1;1;0;1;30;Blessé léger;2
202300039331;155 610 816;B01;1;0;2;2;1;5;203 757 816;1;1;4;1;1984.0;0;2;8;-1;21;6;2023;09:25;1;78;78029;2;3;1;3;48.95368;1.85588;4;2;2;0;1;2; -1;1;0;1;30;Blessé léger;2
202300039331;155 610 817;A01;7;0;2;2;15;1;203 757 817;1;1;1;2;1930.0;5;1;0;-1;21;6;2023;09:25;1;78;78029;2;3;1;3;48.95368;1.85588;4;2;0;0;1;2; -1;1;0;1;30;Indemne;2
202300039331;155 610 817;A01;7;0;2;2;15;1;203 757 817;1;1;1;2;1930.0;5;1;0;-1;21;6;2023;09:25;1;78;78029;2;3;1;3;48.95368;1.85588;4;2;2;0;1;2; -1;1;0;1;30;Indemne;2
202300039354;155 610 766;A01;7;0;2;3;17;1;203 757 754;1;1;1;1;1997.0;5;1;8;-1;5;6;2023;01:30;4;62;62563;1;1;1;1;50.459448;2.720795;4;2;2;0;1;1;5;1;0;1;70;Indemne;0
202300039354;155 610 767;B01;1;0;2;1;0;5;203 757 755;1;1;3;1;1996.0;5;8;0;-1;5;6;2023;01:30;4;62;62563;1;1;1;1;50.459448;2.720795;4;2;2;0;1;1;5;1;0;1;70;Blessé hospitalisé;0
202300039358;155 610 756;B01;1;0;2;1;1;5;203 757 740;1;1;4;1;1991.0;4;8;0;-1;17;6;2023;12:30;1;59;59350;2;2;1;3;50.63225;3.06075;4;2;4;0;1;1; -1;1;0;6;30;Blessé léger;5
202300039358;155 610 756;B01;1;0;2;1;1;5;203 757 740;1;1;4;1;1991.0;4;8;0;-1;17;6;2023;12:30;1;59;59350;2;2;1;3;50.63225;3.06075;4;2;2;0;1;1; -1;1;0;6;30;Blessé léger;5
202300039358;155 610 757;A01;7;0;2;7;15;1;203 757 741;1;1;1;1;1995.0;1;1;0;-1;17;6;2023;12:30;1;59;59350;2;2;1;3;50.63225;3.06075;4;2;4;0;1;1; -1;1;0;6;30;Indemne;5
202300039358;155 610 757;A01;7;0;2;7;15;1;203 757 741;1;1;1;1;1995.0;1;1;0;-1;17;6;2023;12:30;1;59;59350;2;2;1;3;50.63225;3.06075;4;2;2;0;1;1; -1;1;0;6;30;Indemne;5
202300039372;155 610 729;A01;7;0;2;7;16;1;203 757 692;2;2;1;2;1957.0;5;1;0;-1;21;6;2023;08:45;1;37;37195;2;6;1;6;47.38671;0.65115;4;1;2;2;1;2;5,5;1;0;1;50;Indemne;2
202300039372;155 610 729;A01;7;0;2;7;16;1;203 757 692;2;2;1;2;1957.0;5;1;0;-1;21;6;2023;08:45;1;37;37195;2;6;1;6;47.38671;0.65115;4;2;2;0;1;1;5,5;1;0;1;50;Indemne;2
202300039372;155 610 729;A01;7;0;2;7;16;1;203 757 693;4;2;1;1;2021.0;5;1;0;-1;21;6;2023;08:45;1;37;37195;2;6;1;6;47.38671;0.65115;4;1;2;2;1;2;5,5;1;0;1;50;Indemne;2
202300039372;155 610 729;A01;7;0;2;7;16;1;203 757 693;4;2;1;1;2021.0;5;1;0;-1;21;6;2023;08:45;1;37;37195;2;6;1;6;47.38671;0.65115;4;2;2;0;1;1;5,5;1;0;1;50;Indemne;2
202300039372;155 610 729;A01;7;0;2;7;16;1;203 757 694;1;1;1;2;1982.0;5;1;0;-1;21;6;2023;08:45;1;37;37195;2;6;1;6;47.38671;0.65115;4;1;2;2;1;2;5,5;1;0;1;50;Indemne;2
202300039372;155 610 729;A01;7;0;2;7;16;1;203 757 694;1;1;1;2;1982.0;5;1;0;-1;21;6;2023;08:45;1;37;37195;2;6;1;6;47.38671;0.65115;4;2;2;0;1;1;5,5;1;0;1;50;Indemne;2
202300039372;155 610 730;B01;1;0;2;8;1;5;203 757 695;1;1;4;2;1986.0;2;2;0;-1;21;6;2023;08:45;1;37;37195;2;6;1;6;47.38671;0.65115;4;1;2;2;1;2;5,5;1;0;1;50;Blessé léger;2
202300039372;155 610 730;B01;1;0;2;8;1;5;203 757 695;1;1;4;2;1986.0;2;2;0;-1;21;6;2023;08:45;1;37;37195;2;6;1;6;47.38671;0.65115;4;2;2;0;1;1;5,5;1;0;1;50;Blessé léger;2
202300039372;155 610 730;B01;1;0;2;8;1;5;203 757 696;2;2;4;2;2019.0;2;2;0;-1;21;6;2023;08:45;1;37;37195;2;6;1;6;47.38671;0.65115;4;1;2;2;1;2;5,5;1;0;1;50;Blessé léger;2
202300039372;155 610 730;B01;1;0;2;8;1;5;203 757 696;2;2;4;2;2019.0;2;2;0;-1;21;6;2023;08:45;1;37;37195;2;6;1;6;47.38671;0.65115;4;2;2;0;1;1;5,5;1;0;1;50;Blessé léger;2
202300039377;155 610 721;A01;1;0;2;1;15;5;203 757 680;1;1;4;1;2005.0;1;0;-1;-1;21;6;2023;10:30;1;29;29232;2;2;2;3;47.995063;-4.108142;4;2;3;0;1;1; -1;2;5;1;50;Blessé léger;2
202300039377;155 610 721;A01;1;0;2;1;15;5;203 757 680;1;1;4;1;2005.0;1;0;-1;-1;21;6;2023;10:30;1;29;29232;2;2;2;3;47.995063;-4.108142;4;1;3;0;1;1; -1;2;5;1;30;Blessé léger;2
202300039377;155 610 722;B01;7;0;2;3;1;2;203 757 681;3;2;1;2;2013.0;0;1;-1;-1;21;6;2023;10:30;1;29;29232;2;2;2;3;47.995063;-4.108142;4;2;3;0;1;1; -1;2;5;1;50;Indemne;2
202300039377;155 610 722;B01;7;0;2;3;1;2;203 757 681;3;2;1;2;2013.0;0;1;-1;-1;21;6;2023;10:30;1;29;29232;2;2;2;3;47.995063;-4.108142;4;1;3;0;1;1; -1;2;5;1;30;Indemne;2
202300039377;155 610 722;B01;7;0;2;3;1;2;203 757 682;1;1;1;1;1947.0;5;1;-1;-1;21;6;2023;10:30;1;29;29232;2;2;2;3;47.995063;-4.108142;4;2;3;0;1;1; -1;2;5;1;50;Indemne;2
202300039377;155 610 722;B01;7;0;2;3;1;2;203 757 682;1;1;1;1;1947.0;5;1;-1;-1;21;6;2023;10:30;1;29;29232;2;2;2;3;47.995063;-4.108142;4;1;3;0;1;1; -1;2;5;1;30;Indemne;2
202300039377;155 610 722;B01;7;0;2;3;1;2;203 757 683;2;2;1;2;1945.0;5;1;-1;-1;21;6;2023;10:30;1;29;29232;2;2;2;3;47.995063;-4.108142;4;2;3;0;1;1; -1;2;5;1;50;Indemne;2
202300039377;155 610 722;B01;7;0;2;3;1;2;203 757 683;2;2;1;2;1945.0;5;1;-1;-1;21;6;2023;10:30;1;29;29232;2;2;2;3;47.995063;-4.108142;4;1;3;0;1;1; -1;2;5;1;30;Indemne;2
202300039387;155 610 703;B01;80;0;2;6;1;3;203 757 657;1;1;4;1;1986.0;1;8;0;-1;20;6;2023;13:25;1;14;14118;2;2;1;3;49.19477;-0.395289;4;3;2;1;1;1; -1;1;5;5;50;Blessé léger;1
202300039387;155 610 703;B01;80;0;2;6;1;3;203 757 657;1;1;4;1;1986.0;1;8;0;-1;20;6;2023;13:25;1;14;14118;2;2;1;3;49.19477;-0.395289;4;2;1;0;1;1; -1;1;5;5;50;Blessé léger;1
202300039391;155 610 695;B01;1;0;2;5;1;5;203 757 646;1;1;4;2;1967.0;1;2;0;-1;20;6;2023;08:00;1;10;10387;2;6;1;3;48.29006;4.06762;4;1;0;2;1;1; -1;1;0;5;50;Blessé léger;1
202300039391;155 610 695;B01;1;0;2;5;1;5;203 757 646;1;1;4;2;1967.0;1;2;0;-1;20;6;2023;08:00;1;10;10387;2;6;1;3;48.29006;4.06762;4;1;2;2;1;1; -1;1;0;5;50;Blessé léger;1
202300039391;155 610 696;A01;7;0;2;2;1;1;203 757 647;1;1;1;1;1996.0;2;8;0;-1;20;6;2023;08:00;1;10;10387;2;6;1;3;48.29006;4.06762;4;1;0;2;1;1; -1;1;0;5;50;Indemne;1
202300039391;155 610 696;A01;7;0;2;2;1;1;203 757 647;1;1;1;1;1996.0;2;8;0;-1;20;6;2023;08:00;1;10;10387;2;6;1;3;48.29006;4.06762;4;1;2;2;1;1; -1;1;0;5;50;Indemne;1
202300039394;155 610 690;B01;1;0;2;1;15;5;203 757 640;1;1;3;1;1971.0;1;8;4;-1;21;6;2023;06:45;1;02;02738;2;6;1;3;49.657647;3.310234;4;1;1;0;1;2; -1;1;0;1;50;Blessé hospitalisé;2
202300039394;155 610 690;B01;1;0;2;1;15;5;203 757 640;1;1;3;1;1971.0;1;8;4;-1;21;6;2023;06:45;1;02;02738;2;6;1;3;49.657647;3.310234;4;1;2;0;1;2; -1;1;0;1;50;Blessé hospitalisé;2
202300039394;155 610 691;A01;7;0;2;2;0;1;203 757 641;1;1;1;2;1992.0;9;1;0;-1;21;6;2023;06:45;1;02;02738;2;6;1;3;49.657647;3.310234;4;1;1;0;1;2; -1;1;0;1;50;Indemne;2
202300039394;155 610 691;A01;7;0;2;2;0;1;203 757 641;1;1;1;2;1992.0;9;1;0;-1;21;6;2023;06:45;1;02;02738;2;6;1;3;49.657647;3.310234;4;1;2;0;1;2; -1;1;0;1;50;Indemne;2
202300039401;155 610 674;A01;7;0;0;8;15;1;203 757 622;1;1;1;2;1964.0;9;1;8;-1;21;6;2023;20:15;1;75;75107;2;3;1;3;48.859051;2.293498;4;2;2;0;1;1; -1;1;2;1;30;Indemne;2
202300039401;155 610 674;A01;7;0;0;8;15;1;203 757 622;1;1;1;2;1964.0;9;1;8;-1;21;6;2023;20:15;1;75;75107;2;3;1;3;48.859051;2.293498;4;2;4;0;1;1; -1;1;5;1;30;Indemne;2
202300039401;155 610 675;B01;1;0;2;1;15;5;203 757 623;1;1;3;2;1972.0;9;8;8;-1;21;6;2023;20:15;1;75;75107;2;3;1;3;48.859051;2.293498;4;2;2;0;1;1; -1;1;2;1;30;Blessé hospitalisé;2
202300039401;155 610 675;B01;1;0;2;1;15;5;203 757 623;1;1;3;2;1972.0;9;8;8;-1;21;6;2023;20:15;1;75;75107;2;3;1;3;48.859051;2.293498;4;2;4;0;1;1; -1;1;5;1;30;Blessé hospitalisé;2
202300039403;155 610 670;B01;2;0;2;8;2;3;203 757 617;1;1;4;2;1971.0;1;2;6;-1;20;6;2023;11:20;1;75;75105;2;2;1;3;48.844533;2.345341;4;1;1;1;1;1; -1;1;0;1;30;Blessé léger;1
202300039403;155 610 670;B01;2;0;2;8;2;3;203 757 617;1;1;4;2;1971.0;1;2;6;-1;20;6;2023;11:20;1;75;75105;2;2;1;3;48.844533;2.345341;4;1;2;1;1;1; -1;1;0;1;30;Blessé léger;1
202300039403;155 610 671;A01;1;0;2;1;5;5;203 757 618;1;1;4;1;1995.0;1;8;0;-1;20;6;2023;11:20;1;75;75105;2;2;1;3;48.844533;2.345341;4;1;1;1;1;1; -1;1;0;1;30;Blessé léger;1
202300039403;155 610 671;A01;1;0;2;1;5;5;203 757 618;1;1;4;1;1995.0;1;8;0;-1;20;6;2023;11:20;1;75;75105;2;2;1;3;48.844533;2.345341;4;1;2;1;1;1; -1;1;0;1;30;Blessé léger;1
202300039405;155 610 667;Z01;1;0;1;1;1;5;203 757 614;10;3;4;1;2018.0;5;8;8;-1;21;6;2023;21:20;1;75;75119;2;1;1;6;48.892642;2.391442;4;-1;0;3;1;1; -1;1;6;6;-1;Blessé léger;2
202300039406;155 610 666;A01;1;12;0;1;13;5;203 757 612;1;1;4;1;1948.0;5;2;0;-1;21;6;2023;14:50;1;75;75117;2;1;1;6;48.892085;2.307853;4;3;6;1;2;1; -1;1;0;1;30;Blessé léger;2
202300039407;155 610 664;A01;1;0;2;1;1;5;203 757 610;1;1;4;2;1996.0;5;8;0;-1;18;6;2023;01:30;5;75;75117;2;3;1;3;48.882442;2.31181;4;2;2;1;1;1; -1;1;0;1;30;Blessé léger;6
202300039407;155 610 664;A01;1;0;2;1;1;5;203 757 610;1;1;4;2;1996.0;5;8;0;-1;18;6;2023;01:30;5;75;75117;2;3;1;3;48.882442;2.31181;4;2;4;0;1;1; -1;1;0;1;30;Blessé léger;6
202300039407;155 610 665;B01;7;0;0;3;1;1;203 757 611;1;1;1;1;1993.0;5;1;0;-1;18;6;2023;01:30;5;75;75117;2;3;1;3;48.882442;2.31181;4;2;2;1;1;1; -1;1;0;1;30;Indemne;6
202300039407;155 610 665;B01;7;0;0;3;1;1;203 757 611;1;1;1;1;1993.0;5;1;0;-1;18;6;2023;01:30;5;75;75117;2;3;1;3;48.882442;2.31181;4;2;4;0;1;1; -1;1;0;1;30;Indemne;6
202300039408;155 610 662;B01;1;0;2;1;1;5;203 757 608;1;1;4;1;1979.0;1;2;8;-1;16;6;2023;12:00;1;75;75117;2;1;1;1;48.885797;2.298244;4;1;1;0;1;1; -1;1;0;1;30;Blessé léger;4
202300039408;155 610 663;A01;7;0;2;3;22;1;203 757 609;1;1;1;1;1962.0;5;1;8;-1;16;6;2023;12:00;1;75;75117;2;1;1;1;48.885797;2.298244;4;1;1;0;1;1; -1;1;0;1;30;Indemne;4
202300039409;155 610 661;A01;1;0;1;1;1;5;203 757 606;1;1;1;1;1997.0;5;2;0;-1;10;6;2023;20:55;2;75;75117;2;2;1;6;48.878649;2.294215;4;2;4;3;1;1; -1;1;0;1;30;Indemne;5
202300039409;155 610 661;A01;1;0;1;1;1;5;203 757 606;1;1;1;1;1997.0;5;2;0;-1;10;6;2023;20:55;2;75;75117;2;2;1;6;48.878649;2.294215;4;2;4;0;1;1; -1;1;0;1;30;Indemne;5
202300039409;155 610 661;A01;1;0;1;1;1;5;203 757 607;10;3;4;2;2016.0;5;0;-1;-1;10;6;2023;20:55;2;75;75117;2;2;1;6;48.878649;2.294215;4;2;4;3;1;1; -1;1;0;1;30;Blessé léger;5
202300039409;155 610 661;A01;1;0;1;1;1;5;203 757 607;10;3;4;2;2016.0;5;0;-1;-1;10;6;2023;20:55;2;75;75117;2;2;1;6;48.878649;2.294215;4;2;4;0;1;1; -1;1;0;1;30;Blessé léger;5
202300039410;155 610 659;A01;1;0;2;8;1;5;203 757 604;1;1;4;1;2003.0;4;2;4;-1;20;6;2023;16:33;1;75;75114;2;3;1;3;48.831868;2.325285;4;2;4;1;1;1; -1;1;0;6;30;Blessé léger;1
202300039410;155 610 659;A01;1;0;2;8;1;5;203 757 604;1;1;4;1;2003.0;4;2;4;-1;20;6;2023;16:33;1;75;75114;2;3;1;3;48.831868;2.325285;4;2;4;1;1;1; -1;1;0;6;30;Blessé léger;1
202300039415;155 610 650;A01;7;0;2;1;1;2;203 757 593;1;1;1;2;1961.0;9;1;0;-1;21;6;2023;08:05;1;75;75113;2;1;1;2;48.827241;2.374963;4;-1;2;0;2;1; -1;1;0;1;30;Indemne;2
202300039415;155 610 651;B01;1;0;2;4;23;5;203 757 594;1;1;4;1;1962.0;4;2;0;-1;21;6;2023;08:05;1;75;75113;2;1;1;2;48.827241;2.374963;4;-1;2;0;2;1; -1;1;0;1;30;Blessé léger;2
202300039448;155 610 595;A01;7;0;2;4;1;1;203 757 519;1;1;1;2;1947.0;9;1;8;-1;21;6;2023;18:50;1;92;92020;2;1;1;2;48.805494;2.291011;3;1;1;1;2;1; -1;1;0;1;50;Indemne;2
202300039448;155 610 597;B01;1;0;2;1;1;5;203 757 521;1;1;4;2;1991.0;9;2;8;-1;21;6;2023;18:50;1;92;92020;2;1;1;2;48.805494;2.291011;3;1;1;1;2;1; -1;1;0;1;50;Blessé léger;2
202300039468;155 610 564;B01;1;0;2;8;15;5;203 757 478;1;1;4;1;1998.0;0;0;-1;-1;6;11;2023;19:05;5;69;69266;2;3;1;6;45.75814048;4.88505574;4;2;2;2;1;1; -1;1;0;1;50;Blessé léger;0
202300039468;155 610 564;B01;1;0;2;8;15;5;203 757 478;1;1;4;1;1998.0;0;0;-1;-1;6;11;2023;19:05;5;69;69266;2;3;1;6;45.75814048;4.88505574;4;2;2;3;1;1; -1;1;0;1;50;Blessé léger;0
202300039468;155 610 565;A01;7;0;2;2;1;1;203 757 479;2;2;1;2;2002.0;0;1;-1;-1;6;11;2023;19:05;5;69;69266;2;3;1;6;45.75814048;4.88505574;4;2;2;2;1;1; -1;1;0;1;50;Indemne;0
202300039468;155 610 565;A01;7;0;2;2;1;1;203 757 479;2;2;1;2;2002.0;0;1;-1;-1;6;11;2023;19:05;5;69;69266;2;3;1;6;45.75814048;4.88505574;4;2;2;3;1;1; -1;1;0;1;50;Indemne;0
202300039468;155 610 565;A01;7;0;2;2;1;1;203 757 480;1;1;4;1;2000.0;0;1;-1;-1;6;11;2023;19:05;5;69;69266;2;3;1;6;45.75814048;4.88505574;4;2;2;2;1;1; -1;1;0;1;50;Blessé léger;0
202300039468;155 610 565;A01;7;0;2;2;1;1;203 757 480;1;1;4;1;2000.0;0;1;-1;-1;6;11;2023;19:05;5;69;69266;2;3;1;6;45.75814048;4.88505574;4;2;2;3;1;1; -1;1;0;1;50;Blessé léger;0
202300039476;155 610 552;B01;1;0;2;1;1;5;203 757 465;1;1;4;2;1988.0;0;2;0;-1;21;6;2023;10:00;1;92;92004;2;1;1;1;48.92367;2.27996;4;-1;1;0;1;1; -1;1;0;1;50;Blessé léger;2
202300039476;155 610 553;A01;7;0;2;1;9;1;203 757 466;1;1;1;1;1955.0;0;1;0;-1;21;6;2023;10:00;1;92;92004;2;1;1;1;48.92367;2.27996;4;-1;1;0;1;1; -1;1;0;1;50;Indemne;2
202300039479;155 610 547;A01;7;0;2;1;15;1;203 757 458;1;1;1;2;1998.0;5;1;-1;-1;21;6;2023;16:38;1;01;01333;2;3;1;1;45.925834;4.950027;4;-1; -1;-1;1;1; -1;1;0;1;-1;Indemne;2
202300039479;155 610 547;A01;7;0;2;1;15;1;203 757 458;1;1;1;2;1998.0;5;1;-1;-1;21;6;2023;16:38;1;01;01333;2;3;1;1;45.925834;4.950027;4;1;1;0;1;1; -1;1;0;1;50;Indemne;2
202300039479;155 610 548;B01;1;0;2;1;5;5;203 757 459;1;1;4;2;1968.0;5;0;-1;-1;21;6;2023;16:38;1;01;01333;2;3;1;1;45.925834;4.950027;4;-1; -1;-1;1;1; -1;1;0;1;-1;Blessé léger;2
202300039479;155 610 548;B01;1;0;2;1;5;5;203 757 459;1;1;4;2;1968.0;5;0;-1;-1;21;6;2023;16:38;1;01;01333;2;3;1;1;45.925834;4.950027;4;1;1;0;1;1; -1;1;0;1;50;Blessé léger;2
202300039512;155 610 487;A01;7;0;2;1;1;1;203 757 376;1;1;1;2;1962.0;0;1;8;-1;6;11;2023;14:35;1;26;26198;2;9;1;3;44.55845;4.74556;4;1;1;0;1;2; -1;1;0;1;30;Indemne;0
202300039512;155 610 488;B01;1;0;2;4;1;5;203 757 377;1;1;4;2;1961.0;5;8;0;-1;6;11;2023;14:35;1;26;26198;2;9;1;3;44.55845;4.74556;4;1;1;0;1;2; -1;1;0;1;30;Blessé léger;0
202300039526;155 610 461;A01;1;0;2;1;5;5;203 757 345;1;1;3;1;1988.0;5;2;-1;-1;21;6;2023;19:45;1;30;30029;2;7;1;3;44.306964;4.348038;3;2;2;0;2;2;6;1;9;5;50;Blessé hospitalisé;2
202300039526;155 610 463;B01;10;0;9;2;15;1;203 757 347;1;1;1;1;1968.0;5;1;-1;-1;21;6;2023;19:45;1;30;30029;2;7;1;3;44.306964;4.348038;3;2;2;0;2;2;6;1;9;5;50;Indemne;2
202300039538;155 610 435;B01;80;0;2;2;19;3;203 757 308;1;1;4;2;1955.0;5;2;8;-1;6;11;2023;12:15;1;75;75116;2;1;1;3;48.870853;2.253109;4;2;2;0;1;1; -1;1;0;1;50;Blessé léger;0
202300039538;155 610 436;A01;33;0;2;1;1;1;203 757 309;1;1;1;1;1963.0;4;2;8;-1;6;11;2023;12:15;1;75;75116;2;1;1;3;48.870853;2.253109;4;2;2;0;1;1; -1;1;0;1;50;Indemne;0
202300039550;155 610 414;B01;1;0;2;8;19;5;203 757 276;1;1;4;2;2006.0;5;8;0;-1;17;5;2023;14:00;1;31;31555;2;1;1;3;43.56817;1.36524;4;2;2;3;1;1; -1;1;9;1;50;Blessé léger;2
202300039562;155 610 395;A01;1;0;1;1;1;5;203 757 249;10;3;4;2;1986.0;9;0;-1;-1;6;11;2023;08:45;1;93;93066;2;1;1;6;48.92844229;2.34119481;3;2;2;2;1;1; -1;1;9;5;50;Blessé léger;0
202300039562;155 610 395;A01;1;0;1;1;1;5;203 757 251;1;1;4;1;1986.0;9;0;-1;-1;6;11;2023;08:45;1;93;93066;2;1;1;6;48.92844229;2.34119481;3;2;2;2;1;1; -1;1;9;5;50;Blessé léger;0
202300039570;155 610 380;A01;7;12;0;1;2;1;203 757 234;1;1;1;2;1982.0;1;1;0;-1;6;11;2023;09:05;1;92;92040;2;1;1;2;48.82485;2.2678;3;2;2;1;1;1; -1;1;0;5;30;Indemne;0
202300039570;155 610 382;B01;1;0;2;1;0;5;203 757 236;1;1;4;2;1981.0;0;8;0;-1;6;11;2023;09:05;1;92;92040;2;1;1;2;48.82485;2.2678;3;2;2;1;1;1; -1;1;0;5;30;Blessé léger;0
202300039594;155 610 342;Z01;7;0;0;0;1;1;203 757 186;1;1;1;2;1970.0;5;-1;-1;-1;17;5;2023;14:00;1;75;75117;2;3;1;2;48.880374;2.308834;4;-1;2;0;1;1; -1;1;0;1;30;Indemne;2
202300039594;155 610 342;Z01;7;0;0;0;1;1;203 757 186;1;1;1;2;1970.0;5;-1;-1;-1;17;5;2023;14:00;1;75;75117;2;3;1;2;48.880374;2.308834;4;-1; -1;0;1;1; -1;1;0;1;30;Indemne;2
202300039594;155 610 344;A01;1;0;2;4;1;5;203 757 188;1;1;4;2;1995.0;9;8;0;-1;17;5;2023;14:00;1;75;75117;2;3;1;2;48.880374;2.308834;4;-1;2;0;1;1; -1;1;0;1;30;Blessé léger;2
202300039594;155 610 344;A01;1;0;2;4;1;5;203 757 188;1;1;4;2;1995.0;9;8;0;-1;17;5;2023;14:00;1;75;75117;2;3;1;2;48.880374;2.308834;4;-1; -1;0;1;1; -1;1;0;1;30;Blessé léger;2
202300039595;155 610 340;A01;7;0;2;1;1;0;203 757 184;1;1;1;1;1971.0;1;1;-1;-1;7;11;2023;07:20;2;30;30092;2;2;5;3;44.094451;4.608765;4;2;2;0;1;1; -1;2;0;1;30;Indemne;1
202300039595;155 610 340;A01;7;0;2;1;1;0;203 757 184;1;1;1;1;1971.0;1;1;-1;-1;7;11;2023;07:20;2;30;30092;2;2;5;3;44.094451;4.608765;4;2; -1;-1;1;1; -1;2;0;1;-1;Indemne;1
202300039595;155 610 341;B01;1;8;2;8;19;5;203 757 185;1;1;3;1;1983.0;1;2;4;-1;7;11;2023;07:20;2;30;30092;2;2;5;3;44.094451;4.608765;4;2;2;0;1;1; -1;2;0;1;30;Blessé hospitalisé;1
202300039595;155 610 341;B01;1;8;2;8;19;5;203 757 185;1;1;3;1;1983.0;1;2;4;-1;7;11;2023;07:20;2;30;30092;2;2;5;3;44.094451;4.608765;4;2; -1;-1;1;1; -1;2;0;1;-1;Blessé hospitalisé;1
202300039602;155 610 329;A01;10;0;9;7;2;1;203 757 167;1;1;1;1;1991.0;4;1;-1;-1;7;11;2023;08:30;2;49;49002;1;1;7;2;47.299442;-0.004361;3;2;2;0;1;1;7;1;0;1;90;Indemne;1
202300039602;155 610 330;B01;1;0;2;4;2;5;203 757 168;1;1;3;1;1969.0;2;2;-1;-1;7;11;2023;08:30;2;49;49002;1;1;7;2;47.299442;-0.004361;3;2;2;0;1;1;7;1;0;1;90;Blessé hospitalisé;1
202300039613;155 610 316;A01;1;0;2;1;18;5;203 757 147;1;1;4;2;1958.0;9;8;0;-1;16;5;2023;16:35;1;75;75110;2;4;1;2;48.883068;2.361553;4;1;1;1;1;1; -1;1;0;1;30;Blessé léger;1
202300039613;155 610 316;A01;1;0;2;1;18;5;203 757 147;1;1;4;2;1958.0;9;8;0;-1;16;5;2023;16:35;1;75;75110;2;4;1;2;48.883068;2.361553;4;1;1;0;1;1; -1;1;0;1;30;Blessé léger;1
202300039613;155 610 317;B01;13;0;2;4;4;1;203 757 148;2;2;4;1;1987.0;4;8;0;-1;16;5;2023;16:35;1;75;75110;2;4;1;2;48.883068;2.361553;4;1;1;1;1;1; -1;1;0;1;30;Blessé léger;1
202300039613;155 610 317;B01;13;0;2;4;4;1;203 757 148;2;2;4;1;1987.0;4;8;0;-1;16;5;2023;16:35;1;75;75110;2;4;1;2;48.883068;2.361553;4;1;1;0;1;1; -1;1;0;1;30;Blessé léger;1
202300039613;155 610 317;B01;13;0;2;4;4;1;203 757 149;1;1;1;1;1978.0;4;8;0;-1;16;5;2023;16:35;1;75;75110;2;4;1;2;48.883068;2.361553;4;1;1;1;1;1; -1;1;0;1;30;Indemne;1
202300039613;155 610 317;B01;13;0;2;4;4;1;203 757 149;1;1;1;1;1978.0;4;8;0;-1;16;5;2023;16:35;1;75;75110;2;4;1;2;48.883068;2.361553;4;1;1;0;1;1; -1;1;0;1;30;Indemne;1
202300039617;155 610 305;B01;32;0;2;1;1;1;203 757 135;1;1;4;1;1992.0;9;2;0;-1;16;5;2023;13:50;1;75;75101;2;3;1;1;48.863206;2.333806;4;2;2;0;1;1; -1;1;0;1;30;Blessé léger;1
202300039617;155 610 305;B01;32;0;2;1;1;1;203 757 135;1;1;4;1;1992.0;9;2;0;-1;16;5;2023;13:50;1;75;75101;2;3;1;1;48.863206;2.333806;4;2;3;3;1;1; -1;1;8;1;30;Blessé léger;1
202300039617;155 610 305;B01;32;0;2;1;1;1;203 757 136;2;2;4;2;1981.0;9;2;0;-1;16;5;2023;13:50;1;75;75101;2;3;1;1;48.863206;2.333806;4;2;2;0;1;1; -1;1;0;1;30;Blessé léger;1
202300039617;155 610 305;B01;32;0;2;1;1;1;203 757 136;2;2;4;2;1981.0;9;2;0;-1;16;5;2023;13:50;1;75;75101;2;3;1;1;48.863206;2.333806;4;2;3;3;1;1; -1;1;8;1;30;Blessé léger;1
202300039617;155 610 308;A01;80;0;2;1;16;3;203 757 139;1;1;4;1;1994.0;4;8;0;-1;16;5;2023;13:50;1;75;75101;2;3;1;1;48.863206;2.333806;4;2;2;0;1;1; -1;1;0;1;30;Blessé léger;1
202300039617;155 610 308;A01;80;0;2;1;16;3;203 757 139;1;1;4;1;1994.0;4;8;0;-1;16;5;2023;13:50;1;75;75101;2;3;1;1;48.863206;2.333806;4;2;3;3;1;1; -1;1;8;1;30;Blessé léger;1
202300039646;155 610 255;A01;7;0;2;3;15;1;203 757 067;1;1;1;2;1992.0;0;8;0;-1;17;5;2023;07:50;1;92;92072;2;1;1;3;48.82424;2.22019;3;2;2;0;2;1; -1;1;0;1;50;Indemne;2
202300039646;155 610 257;B01;1;0;2;1;17;5;203 757 070;1;1;4;1;1984.0;1;2;0;-1;17;5;2023;07:50;1;92;92072;2;1;1;3;48.82424;2.22019;3;2;2;0;2;1; -1;1;0;1;50;Blessé léger;2