Num_Acc;id_vehicule;num_veh;catv;obs;obsm;choc;manv;motor;id_usager;place;catu;grav;sexe;an_nais;trajet;secu1;secu2;secu3;jour;mois;an;hrmn;lum;dep;com;agg;int;atm;col;lat;long;catr;circ;nbv;vosp;prof;plan;larrout;surf;infra;situ;vma;gravity;day_of_week
202300039650;155 610 248;A01;1;0;0;0;0;5;203 757 057;1;1;4;1;1993.0;0;8;0;-1;16;5;2023;18:55;1;92;92051;2;9;1;2;48.8917;2.27288;3;2;2;0;1;1; -1;1;0;1;50;Blessé léger;1
202300039650;155 610 249;B01;7;0;2;5;23;1;203 757 059;1;1;1;1;1968.0;9;8;0;-1;16;5;2023;18:55;1;92;92051;2;9;1;2;48.8917;2.27288;3;2;2;0;1;1; -1;1;0;1;50;Indemne;1
202300039651;155 610 245;A01;7;0;2;3;15;1;203 757 052;1;1;1;1;1955.0;0;8;-1;-1;24;2;2023;01:32;5;69;69387;2;2;1;3;45.75390786;4.84694859;4;2;2;3;1;1; -1;2;0;1;50;Indemne;4
202300039651;155 610 245;A01;7;0;2;3;15;1;203 757 052;1;1;1;1;1955.0;0;8;-1;-1;24;2;2023;01:32;5;69;69387;2;2;1;3;45.75390786;4.84694859;4;2;3;3;1;1; -1;2;0;1;50;Indemne;4
202300039651;155 610 245;A01;7;0;2;3;15;1;203 757 052;1;1;1;1;1955.0;0;8;-1;-1;24;2;2023;01:32;5;69;69387;2;2;1;3;45.75390786;4.84694859;4;1;1;3;1;1; -1;2;0;1;50;Indemne;4
202300039651;155 610 247;B01;1;0;2;8;1;5;203 757 056;1;1;4;1;1987.0;0;8;-1;-1;24;2;2023;01:32;5;69;69387;2;2;1;3;45.75390786;4.84694859;4;2;2;3;1;1; -1;2;0;1;50;Blessé léger;4
202300039651;155 610 247;B01;1;0;2;8;1;5;203 757 056;1;1;4;1;1987.0;0;8;-1;-1;24;2;2023;01:32;5;69;69387;2;2;1;3;45.75390786;4.84694859;4;2;3;3;1;1; -1;2;0;1;50;Blessé léger;4
202300039651;155 610 247;B01;1;0;2;8;1;5;203 757 056;1;1;4;1;1987.0;0;8;-1;-1;24;2;2023;01:32;5;69;69387;2;2;1;3;45.75390786;4.84694859;4;1;1;3;1;1; -1;2;0;1;50;Blessé léger;4
202300039658;155 610 234;B01;1;1;0;7;1;5;203 757 038;1;1;4;1;1962.0;0;2;6;-1;17;5;2023;15:30;1;92;92049;2;1;1;3;48.82206737;2.3145774;4;-1;2;1;1;1; -1;1;0;5;50;Blessé léger;2
202300039662;155 610 228;A01;1;15;0;0;1;5;203 757 031;1;1;4;1;1958.0;0;8;-1;-1;23;2;2023;18:35;2;69;69034;2;1;1;6;45.78283338;4.83537093;4;2;3;2;2;3; -1;1;0;4;50;Blessé léger;3
202300039693;155 610 165;A01;7;0;2;8;24;1;203 756 944;1;1;1;1;1958.0;4;8;-1;-1;24;2;2023;16:25;1;69;69029;2;1;2;3;45.739;4.90632;4;2;2;0;1;1; -1;2;0;1;30;Indemne;4
202300039693;155 610 166;B01;1;1;0;7;1;0;203 756 947;1;1;4;2;1994.0;1;2;-1;-1;24;2;2023;16:25;1;69;69029;2;1;2;3;45.739;4.90632;4;2;2;0;1;1; -1;2;0;1;30;Blessé léger;4
202300039719;155 610 115;B01;1;9;2;8;26;5;203 756 881;1;1;4;1;1967.0;0;8;0;-1;24;2;2023;19:45;5;59;59328;2;2;8;3;50.64591;3.01789;7;2;2;2;1;1; -1;2;0;1;30;Blessé léger;4
202300039719;155 610 115;B01;1;9;2;8;26;5;203 756 881;1;1;4;1;1967.0;0;8;0;-1;24;2;2023;19:45;5;59;59328;2;2;8;3;50.64591;3.01789;7;2;2;0;1;1; -1;2;0;1;30;Blessé léger;4
202300039719;155 610 117;A01;7;9;2;1;15;0;203 756 883;1;1;1;2;1934.0;5;1;0;-1;24;2;2023;19:45;5;59;59328;2;2;8;3;50.64591;3.01789;7;2;2;2;1;1; -1;2;0;1;30;Indemne;4
202300039719;155 610 117;A01;7;9;2;1;15;0;203 756 883;1;1;1;2;1934.0;5;1;0;-1;24;2;2023;19:45;5;59;59328;2;2;8;3;50.64591;3.01789;7;2;2;0;1;1; -1;2;0;1;30;Indemne;4
202300039722;155 610 110;B01;1;0;2;3;14;5;203 756 872;1;1;4;2;1987.0;0;8;0;-1;24;2;2023;19:05;2;59;59350;2;9;1;3;50.62142;3.0593;4;1;2;1;1;1; -1;1;0;1;30;Blessé léger;4
202300039722;155 610 112;A01;7;0;2;2;3;1;203 756 874;1;1;1;1;1983.0;0;8;0;-1;24;2;2023;19:05;2;59;59350;2;9;1;3;50.62142;3.0593;4;1;2;1;1;1; -1;1;0;1;30;Indemne;4
202300039735;155 610 088;A01;1;0;2;6;19;5;203 756 845;1;1;4;1;2007.0;5;2;0;0;24;2;2023;17:26;1;56;56098;2;3;1;3;47.76196;-3.34773;4;3;2;3;1;1; -1;1;0;1;30;Blessé léger;4
202300039735;155 610 088;A01;1;0;2;6;19;5;203 756 845;1;1;4;1;2007.0;5;2;0;0;24;2;2023;17:26;1;56;56098;2;3;1;3;47.76196;-3.34773;4;2;2;0;1;1; -1;1;0;1;30;Blessé léger;4
202300039738;155 610 082;A01;1;0;2;1;15;5;203 756 839;1;1;4;1;1990.0;4;2;0;-1;24;2;2023;15:25;1;56;56121;2;6;1;3;47.74537;-3.36811;4;1;1;3;1;2; -1;1;5;1;30;Blessé léger;4
202300039738;155 610 082;A01;1;0;2;1;15;5;203 756 839;1;1;4;1;1990.0;4;2;0;-1;24;2;2023;15:25;1;56;56121;2;6;1;3;47.74537;-3.36811;4;2;2;0;1;1; -1;1;5;1;30;Blessé léger;4
202300039738;155 610 085;B01;7;0;2;3;9;1;203 756 842;1;1;1;1;1953.0;5;1;8;-1;24;2;2023;15:25;1;56;56121;2;6;1;3;47.74537;-3.36811;4;1;1;3;1;2; -1;1;5;1;30;Indemne;4
202300039738;155 610 085;B01;7;0;2;3;9;1;203 756 842;1;1;1;1;1953.0;5;1;8;-1;24;2;2023;15:25;1;56;56121;2;6;1;3;47.74537;-3.36811;4;2;2;0;1;1; -1;1;5;1;30;Indemne;4
202300039741;155 610 077;B01;7;0;2;3;0;1;203 756 834;1;1;1;1;2003.0;5;1;8;-1;3;11;2023;20:55;5;86;86066;2;2;1;3;46.81564;0.53565;4;1;1;0;2;2; -1;1;0;1;50;Indemne;4
202300039741;155 610 077;B01;7;0;2;3;0;1;203 756 834;1;1;1;1;2003.0;5;1;8;-1;3;11;2023;20:55;5;86;86066;2;2;1;3;46.81564;0.53565;4;1;1;2;1;1; -1;1;5;1;50;Indemne;4
202300039741;155 610 080;A01;1;0;2;2;19;5;203 756 837;1;1;4;2;2006.0;5;2;0;-1;3;11;2023;20:55;5;86;86066;2;2;1;3;46.81564;0.53565;4;1;1;0;2;2; -1;1;0;1;50;Blessé léger;4
202300039741;155 610 080;A01;1;0;2;2;19;5;203 756 837;1;1;4;2;2006.0;5;2;0;-1;3;11;2023;20:55;5;86;86066;2;2;1;3;46.81564;0.53565;4;1;1;2;1;1; -1;1;5;1;50;Blessé léger;4
202300039745;155 610 071;B01;10;0;2;3;1;1;203 756 826;1;1;1;2;1967.0;5;1;-1;-1;24;2;2023;11:10;1;56;56098;2;2;1;3;47.76795;-3.35551;4;1;1;0;1;1; -1;1;0;1;30;Indemne;4
202300039745;155 610 071;B01;10;0;2;3;1;1;203 756 826;1;1;1;2;1967.0;5;1;-1;-1;24;2;2023;11:10;1;56;56098;2;2;1;3;47.76795;-3.35551;4;2;2;0;1;1; -1;1;0;1;30;Indemne;4
202300039745;155 610 073;A01;1;0;2;1;1;5;203 756 829;1;1;4;2;2008.0;0;0;0;0;24;2;2023;11:10;1;56;56098;2;2;1;3;47.76795;-3.35551;4;1;1;0;1;1; -1;1;0;1;30;Blessé léger;4
202300039745;155 610 073;A01;1;0;2;1;1;5;203 756 829;1;1;4;2;2008.0;0;0;0;0;24;2;2023;11:10;1;56;56098;2;2;1;3;47.76795;-3.35551;4;2;2;0;1;1; -1;1;0;1;30;Blessé léger;4
202300039748;155 610 067;A01;7;0;2;5;18;1;203 756 819;1;1;1;2;1995.0;5;1;-1;-1;5;11;2023;10:10;1;83;83090;2;1;1;4;43.13502;5.85439;3;3;2;0;2;1; -1;1;0;1;70;Indemne;6
202300039748;155 610 067;A01;7;0;2;5;18;1;203 756 822;2;2;1;1;1991.0;0;1;-1;-1;5;11;2023;10:10;1;83;83090;2;1;1;4;43.13502;5.85439;3;3;2;0;2;1; -1;1;0;1;70;Indemne;6
202300039748;155 610 069;B01;1;0;2;0;0;5;203 756 824;1;1;1;1;1999.0;5;2;8;-1;5;11;2023;10:10;1;83;83090;2;1;1;4;43.13502;5.85439;3;3;2;0;2;1; -1;1;0;1;70;Indemne;6
202300039748;155 610 070;C01;1;0;2;2;1;5;203 756 825;1;1;4;1;2002.0;5;2;8;-1;5;11;2023;10:10;1;83;83090;2;1;1;4;43.13502;5.85439;3;3;2;0;2;1; -1;1;0;1;70;Blessé léger;6
202300039761;155 610 043;B01;1;0;2;4;2;5;203 756 787;1;1;3;1;1989.0;0;-1;-1;-1;24;2;2023;04:45;5;42;42218;2;1;8;2;45.45548;4.4018;4;2;2;0;1;1; -1;2;0;1;50;Blessé hospitalisé;4
202300039772;155 610 023;A01;1;0;0;1;1;5;203 756 750;1;1;3;2;2004.0;0;8;0;-1;30;10;2023;15:56;1;53;53130;2;6;2;7;48.05701;-0.77982;4;2;1;0;1;1; -1;2;0;1;50;Blessé hospitalisé;0
202300039772;155 610 023;A01;1;0;0;1;1;5;203 756 750;1;1;3;2;2004.0;0;8;0;-1;30;10;2023;15:56;1;53;53130;2;6;2;7;48.05701;-0.77982;4;2;1;0;2;1; -1;2;0;1;50;Blessé hospitalisé;0
202300039779;155 610 010;A01;7;0;9;3;15;1;203 756 734;1;1;1;1;1945.0;3;1;-1;-1;17;5;2023;09:45;1;68;68334;2;3;1;3;47.798278;7.109311;3;2;2;0;1;1;4;1;0;8;50;Indemne;2
202300039779;155 610 010;A01;7;0;9;3;15;1;203 756 734;1;1;1;1;1945.0;3;1;-1;-1;17;5;2023;09:45;1;68;68334;2;3;1;3;47.798278;7.109311;3;2; -1;-1;1;1; -1;1;0;8;-1;Indemne;2
202300039779;155 610 013;B01;1;0;0;8;1;5;203 756 737;1;1;4;1;1961.0;5;2;4;-1;17;5;2023;09:45;1;68;68334;2;3;1;3;47.798278;7.109311;3;2;2;0;1;1;4;1;0;8;50;Blessé léger;2
202300039779;155 610 013;B01;1;0;0;8;1;5;203 756 737;1;1;4;1;1961.0;5;2;4;-1;17;5;2023;09:45;1;68;68334;2;3;1;3;47.798278;7.109311;3;2; -1;-1;1;1; -1;1;0;8;-1;Blessé léger;2
202300039780;155 610 006;B01;1;0;2;1;1;5;203 756 732;1;1;4;2;2006.0;2;8;0;-1;24;2;2023;12:40;1;25;25462;2;1;1;1;46.911272;6.355952;4;2;2;0;1;1; -1;1;0;1;50;Blessé léger;4
202300039780;155 610 009;A01;7;0;2;3;13;1;203 756 733;1;1;1;2;2002.0;1;1;0;-1;24;2;2023;12:40;1;25;25462;2;1;1;1;46.911272;6.355952;4;2;2;0;1;1; -1;1;0;1;50;Indemne;4
202300039799;155 609 974;A01;7;0;9;0;15;2;203 756 686;1;1;1;1;1974.0;1;1;0;-1;4;11;2023;17:30;2;31;31555;2;1;2;3;43.59476873;1.38207391;4;2;1;0;1;1; -1;2;5;1;30;Indemne;5
202300039799;155 609 976;B01;1;0;2;0;0;5;203 756 689;1;1;4;2;2003.0;1;8;0;-1;4;11;2023;17:30;2;31;31555;2;1;2;3;43.59476873;1.38207391;4;2;1;0;1;1; -1;2;5;1;30;Blessé léger;5
202300039813;155 609 950;A01;80;0;1;1;1;3;203 756 654;10;3;3;2;1942.0;5;0;-1;-1;7;5;2023;12:38;1;46;46042;2;3;1;6;44.4474;1.4402;3;2;2;0;2;1; -1;1;0;1;30;Blessé hospitalisé;6
202300039813;155 609 950;A01;80;0;1;1;1;3;203 756 654;10;3;3;2;1942.0;5;0;-1;-1;7;5;2023;12:38;1;46;46042;2;3;1;6;44.4474;1.4402;3;1; -1;-1;2;1; -1;1;5;1;-1;Blessé hospitalisé;6
202300039813;155 609 950;A01;80;0;1;1;1;3;203 756 656;10;3;4;2;1931.0;5;0;-1;-1;7;5;2023;12:38;1;46;46042;2;3;1;6;44.4474;1.4402;3;2;2;0;2;1; -1;1;0;1;30;Blessé léger;6
202300039813;155 609 950;A01;80;0;1;1;1;3;203 756 656;10;3;4;2;1931.0;5;0;-1;-1;7;5;2023;12:38;1;46;46042;2;3;1;6;44.4474;1.4402;3;1; -1;-1;2;1; -1;1;5;1;-1;Blessé léger;6
202300039813;155 609 950;A01;80;0;1;1;1;3;203 756 657;1;1;1;2;1959.0;5;8;0;-1;7;5;2023;12:38;1;46;46042;2;3;1;6;44.4474;1.4402;3;2;2;0;2;1; -1;1;0;1;30;Indemne;6
202300039813;155 609 950;A01;80;0;1;1;1;3;203 756 657;1;1;1;2;1959.0;5;8;0;-1;7;5;2023;12:38;1;46;46042;2;3;1;6;44.4474;1.4402;3;1; -1;-1;2;1; -1;1;5;1;-1;Indemne;6
202300039816;155 609 943;B01;1;0;2;1;21;5;203 756 645;1;1;3;1;1960.0;0;-1;0;-1;5;11;2023;12:00;1;07;07281;1;1;2;3;44.93593;4.82028;3;-1;2;0;2;2;5,5;2;0;1;90;Blessé hospitalisé;6
202300039816;155 609 945;A01;7;0;2;0;1;1;203 756 647;1;1;1;1;1980.0;0;1;0;-1;5;11;2023;12:00;1;07;07281;1;1;2;3;44.93593;4.82028;3;-1;2;0;2;2;5,5;2;0;1;90;Indemne;6
202300039819;155 609 937;A01;1;0;2;8;10;5;203 756 638;1;1;4;1;1981.0;5;8;0;-1;24;2;2023;02:50;5;75;75106;2;2;1;2;48.848091;2.327941;4;2;2;3;1;1; -1;1;0;1;30;Blessé léger;4
202300039819;155 609 937;A01;1;0;2;8;10;5;203 756 638;1;1;4;1;1981.0;5;8;0;-1;24;2;2023;02:50;5;75;75106;2;2;1;2;48.848091;2.327941;4;2; -1;-1;1;1; -1;1;0;1;-1;Blessé léger;4
202300039819;155 609 940;B01;30;0;2;1;21;3;203 756 641;1;1;1;1;2000.0;1;2;6;-1;24;2;2023;02:50;5;75;75106;2;2;1;2;48.848091;2.327941;4;2;2;3;1;1; -1;1;0;1;30;Indemne;4
202300039819;155 609 940;B01;30;0;2;1;21;3;203 756 641;1;1;1;1;2000.0;1;2;6;-1;24;2;2023;02:50;5;75;75106;2;2;1;2;48.848091;2.327941;4;2; -1;-1;1;1; -1;1;0;1;-1;Indemne;4
202300039827;155 609 924;A01;80;0;1;1;1;3;203 756 618;10;3;4;2;1995.0;5;0;-1;-1;24;2;2023;12:00;1;75;75115;2;1;1;6;48.853553;2.289937;4;1;2;1;1;1; -1;1;-1;5;30;Blessé léger;4
202300039827;155 609 924;A01;80;0;1;1;1;3;203 756 619;1;1;4;2;1966.0;9;8;0;-1;24;2;2023;12:00;1;75;75115;2;1;1;6;48.853553;2.289937;4;1;2;1;1;1; -1;1;-1;5;30;Blessé léger;4
202300039835;155 609 911;A01;10;0;2;4;4;3;203 756 601;1;1;1;1;2000.0;4;1;0;-1;24;2;2023;14:15;1;75;75110;2;2;1;2;48.871758;2.357174;4;1; -1;-1;1;1; -1;1;0;1;-1;Indemne;4
202300039835;155 609 911;A01;10;0;2;4;4;3;203 756 601;1;1;1;1;2000.0;4;1;0;-1;24;2;2023;14:15;1;75;75110;2;2;1;2;48.871758;2.357174;4;1;2;0;1;1; -1;1;0;1;30;Indemne;4
202300039835;155 609 913;B01;1;0;2;1;1;5;203 756 604;1;1;4;2;1967.0;5;8;0;-1;24;2;2023;14:15;1;75;75110;2;2;1;2;48.871758;2.357174;4;1; -1;-1;1;1; -1;1;0;1;-1;Blessé léger;4
202300039835;155 609 913;B01;1;0;2;1;1;5;203 756 604;1;1;4;2;1967.0;5;8;0;-1;24;2;2023;14:15;1;75;75110;2;2;1;2;48.871758;2.357174;4;1;2;0;1;1; -1;1;0;1;30;Blessé léger;4
202300039845;155 609 893;B01;1;0;2;1;5;5;203 756 584;1;1;4;1;1994.0;9;8;0;-1;24;2;2023;01:20;5;75;75109;2;2;1;3;48.874257;2.331334;4;1;2;3;1;1; -1;1;0;1;30;Blessé léger;4
202300039845;155 609 893;B01;1;0;2;1;5;5;203 756 584;1;1;4;1;1994.0;9;8;0;-1;24;2;2023;01:20;5;75;75109;2;2;1;3;48.874257;2.331334;4;1;1;0;1;1; -1;1;0;1;30;Blessé léger;4
202300039845;155 609 896;A01;17;0;2;6;1;1;203 756 587;1;1;1;1;1985.0;4;1;0;-1;24;2;2023;01:20;5;75;75109;2;2;1;3;48.874257;2.331334;4;1;2;3;1;1; -1;1;0;1;30;Indemne;4
202300039845;155 609 896;A01;17;0;2;6;1;1;203 756 587;1;1;1;1;1985.0;4;1;0;-1;24;2;2023;01:20;5;75;75109;2;2;1;3;48.874257;2.331334;4;1;1;0;1;1; -1;1;0;1;30;Indemne;4
202300039846;155 609 892;A01;7;0;2;5;16;1;203 756 583;1;1;1;1;1963.0;5;8;0;-1;5;11;2023;09:59;1;75;75114;2;2;2;3;48.822333;2.314356;4;2;4;1;1;1; -1;2;0;5;50;Indemne;6
202300039846;155 609 892;A01;7;0;2;5;16;1;203 756 583;1;1;1;1;1963.0;5;8;0;-1;5;11;2023;09:59;1;75;75114;2;2;2;3;48.822333;2.314356;4;2;4;1;1;1; -1;2;0;5;50;Indemne;6
202300039846;155 609 894;B01;80;0;2;1;1;3;203 756 585;1;1;4;2;2000.0;9;8;8;-1;5;11;2023;09:59;1;75;75114;2;2;2;3;48.822333;2.314356;4;2;4;1;1;1; -1;2;0;5;50;Blessé léger;6
202300039846;155 609 894;B01;80;0;2;1;1;3;203 756 585;1;1;4;2;2000.0;9;8;8;-1;5;11;2023;09:59;1;75;75114;2;2;2;3;48.822333;2.314356;4;2;4;1;1;1; -1;2;0;5;50;Blessé léger;6
202300039848;155 609 887;B01;1;0;2;7;15;5;203 756 577;1;1;4;1;1981.0;5;8;0;-1;24;2;2023;07:05;2;75;75104;2;2;1;3;48.8585199;2.34822571;4;1;3;0;1;1; -1;1;-1;6;30;Blessé léger;4
202300039848;155 609 887;B01;1;0;2;7;15;5;203 756 577;1;1;4;1;1981.0;5;8;0;-1;24;2;2023;07:05;2;75;75104;2;2;1;3;48.8585199;2.34822571;4;2;3;0;1;1; -1;1;-1;6;30;Blessé léger;4
202300039848;155 609 889;A01;7;0;2;1;1;2;203 756 579;1;1;1;1;1958.0;4;1;0;-1;24;2;2023;07:05;2;75;75104;2;2;1;3;48.8585199;2.34822571;4;1;3;0;1;1; -1;1;-1;6;30;Indemne;4
202300039848;155 609 889;A01;7;0;2;1;1;2;203 756 579;1;1;1;1;1958.0;4;1;0;-1;24;2;2023;07:05;2;75;75104;2;2;1;3;48.8585199;2.34822571;4;2;3;0;1;1; -1;1;-1;6;30;Indemne;4
202300039849;155 609 886;A01;80;9;0;1;1;3;203 756 576;1;1;4;1;1992.0;9;8;0;-1;5;11;2023;01:35;5;75;75114;2;2;2;6;48.837557;2.322934;4;4;4;0;1;1; -1;2;5;1;30;Blessé léger;6
202300039849;155 609 886;A01;80;9;0;1;1;3;203 756 576;1;1;4;1;1992.0;9;8;0;-1;5;11;2023;01:35;5;75;75114;2;2;2;6;48.837557;2.322934;4;4;3;0;1;1; -1;2;5;1;30;Blessé léger;6
202300039852;155 609 883;A01;1;12;0;1;25;5;203 756 571;1;1;4;2;1993.0;5;8;0;-1;4;11;2023;12:30;1;75;75114;2;7;8;7;48.834546;2.332619;4;2;3;3;1;1; -1;2;0;4;50;Blessé léger;5
202300039852;155 609 883;A01;1;12;0;1;25;5;203 756 571;1;1;4;2;1993.0;5;8;0;-1;4;11;2023;12:30;1;75;75114;2;7;8;7;48.834546;2.332619;4;1; -1;0;1;2; -1;2;0;1;50;Blessé léger;5
202300039863;155 609 860;A01;1;0;2;1;26;5;203 756 536;1;1;4;2;1963.0;0;2;8;-1;15;5;2023;12:20;1;72;72181;2;1;1;3;47.98483;0.18497;4;1;1;0;1;3; -1;1;0;1;50;Blessé léger;0
202300039863;155 609 862;B01;7;0;2;5;1;1;203 756 537;1;1;1;1;2003.0;0;1;8;-1;15;5;2023;12:20;1;72;72181;2;1;1;3;47.98483;0.18497;4;1;1;0;1;3; -1;1;0;1;50;Indemne;0
202300039873;155 609 844;A01;7;0;2;3;21;1;203 756 515;1;1;1;1;1946.0;5;1;0;-1;16;5;2023;19:40;1;64;64260;2;3;1;3;43.37355021;-1.75561443;3;2;2;0;2;1;7;1;0;1;50;Indemne;1
202300039873;155 609 844;A01;7;0;2;3;21;1;203 756 515;1;1;1;1;1946.0;5;1;0;-1;16;5;2023;19:40;1;64;64260;2;3;1;3;43.37355021;-1.75561443;3;2; -1;0;1;4; -1;1;0;1;-1;Indemne;1
202300039873;155 609 845;B01;1;0;2;7;19;5;203 756 517;1;1;4;1;1960.0;5;2;6;-1;16;5;2023;19:40;1;64;64260;2;3;1;3;43.37355021;-1.75561443;3;2;2;0;2;1;7;1;0;1;50;Blessé léger;1
202300039873;155 609 845;B01;1;0;2;7;19;5;203 756 517;1;1;4;1;1960.0;5;2;6;-1;16;5;2023;19:40;1;64;64260;2;3;1;3;43.37355021;-1.75561443;3;2; -1;0;1;4; -1;1;0;1;-1;Blessé léger;1
202300039875;155 609 841;A01;33;0;2;1;17;1;203 756 513;1;1;1;1;1998.0;0;2;8;-1;24;2;2023;12:45;1;93;93001;2;1;1;3;48.903496;2.391761;3;2;2;3;1;1; -1;1;0;1;50;Indemne;4
202300039875;155 609 842;B01;80;0;2;6;19;3;203 756 514;1;1;4;1;1996.0;0;8;0;-1;24;2;2023;12:45;1;93;93001;2;1;1;3;48.903496;2.391761;3;2;2;3;1;1; -1;1;0;1;50;Blessé léger;4
202300039877;155 609 837;A01;1;0;2;1;1;5;203 756 509;1;1;4;2;1955.0;1;2;0;-1;4;11;2023;23:00;5;94;94041;2;1;2;3;48.82029;2.37969;3;2;2;0;1;1; -1;2;0;1;50;Blessé léger;5
202300039888;155 609 813;A01;7;0;2;2;16;1;203 756 485;1;1;1;1;1992.0;0;1;0;-1;5;11;2023;16:45;1;94;94075;2;3;2;3;48.732722;2.512957;3;2;2;0;1;1; -1;2;0;1;50;Indemne;6
202300039888;155 609 813;A01;7;0;2;2;16;1;203 756 485;1;1;1;1;1992.0;0;1;0;-1;5;11;2023;16:45;1;94;94075;2;3;2;3;48.732722;2.512957;3;1;0;0;1;1; -1;2;0;1;50;Indemne;6
202300039888;155 609 817;B01;1;0;2;1;2;5;203 756 489;1;1;4;1;1992.0;0;8;0;-1;5;11;2023;16:45;1;94;94075;2;3;2;3;48.732722;2.512957;3;2;2;0;1;1; -1;2;0;1;50;Blessé léger;6
202300039888;155 609 817;B01;1;0;2;1;2;5;203 756 489;1;1;4;1;1992.0;0;8;0;-1;5;11;2023;16:45;1;94;94075;2;3;2;3;48.732722;2.512957;3;1;0;0;1;1; -1;2;0;1;50;Blessé léger;6
202300039897;155 609 798;A01;7;0;0;8;22;1;203 756 466;1;1;1;1;1984.0;5;1;0;-1;24;2;2023;18:39;2;92;92002;2;3;1;6;48.73835085;2.29051799;4;2;2;0;1;1; -1;1;5;8;30;Indemne;4
202300039897;155 609 798;A01;7;0;0;8;22;1;203 756 466;1;1;1;1;1984.0;5;1;0;-1;24;2;2023;18:39;2;92;92002;2;3;1;6;48.73835085;2.29051799;4;2;2;0;2;1; -1;1;5;1;30;Indemne;4
202300039897;155 609 799;B01;1;1;0;1;1;5;203 756 467;1;1;4;2;1973.0;5;2;0;-1;24;2;2023;18:39;2;92;92002;2;3;1;6;48.73835085;2.29051799;4;2;2;0;1;1; -1;1;5;8;30;Blessé léger;4
202300039897;155 609 799;B01;1;1;0;1;1;5;203 756 467;1;1;4;2;1973.0;5;2;0;-1;24;2;2023;18:39;2;92;92002;2;3;1;6;48.73835085;2.29051799;4;2;2;0;2;1; -1;1;5;1;30;Blessé léger;4
202300039915;155 609 770;B01;1;0;2;1;5;5;203 756 424;1;1;4;2;1972.0;1;8;0;-1;16;5;2023;08:00;1;37;37261;2;1;1;3;47.40313;0.70458;4;2;2;0;1;1; -1;1;0;4;50;Blessé léger;1
202300039915;155 609 772;A01;7;0;2;2;16;1;203 756 426;1;1;1;1;1957.0;1;1;0;-1;16;5;2023;08:00;1;37;37261;2;1;1;3;47.40313;0.70458;4;2;2;0;1;1; -1;1;0;4;50;Indemne;1
202300039916;155 609 767;A01;7;0;9;2;1;1;203 756 421;1;1;1;1;1940.0;5;1;-1;-1;20;2;2023;16:30;1;87;87202;1;1;1;6;45.907958;1.109512;3;2;2;0;3;1; -1;1;0;1;80;Indemne;0
202300039916;155 609 769;B01;1;13;0;6;1;5;203 756 423;1;1;3;1;1944.0;5;2;-1;-1;20;2;2023;16:30;1;87;87202;1;1;1;6;45.907958;1.109512;3;2;2;0;3;1; -1;1;0;1;80;Blessé hospitalisé;0
202300039925;155 609 751;B01;7;0;2;2;16;3;203 756 403;1;1;1;1;1977.0;1;1;-1;-1;16;5;2023;17:30;1;33;33063;2;1;1;3;44.86997;-0.54754;4;1;1;3;1;1; -1;1;0;4;30;Indemne;1
202300039925;155 609 752;A01;80;0;2;7;25;3;203 756 404;1;1;4;2;1977.0;0;0;-1;-1;16;5;2023;17:30;1;33;33063;2;1;1;3;44.86997;-0.54754;4;1;1;3;1;1; -1;1;0;4;30;Blessé léger;1
202300039930;155 609 743;A01;1;0;0;0;0;5;203 756 389;1;1;2;1;1954.0;5;0;-1;-1;24;2;2023;16:10;1;44;44131;1;1;8;7;47.140906;-2.130704;4;2;2;0;1;1; -1;2;0;3;50;Tué;4
202300039933;155 609 739;A01;7;9;2;3;15;1;203 756 385;1;1;1;2;1993.0;2;1;-1;-1;16;5;2023;19:40;1;29;29232;2;6;1;1;48.00115;-4.11068;4;1;1;0;1;2; -1;1;5;1;50;Indemne;1
202300039933;155 609 739;A01;7;9;2;3;15;1;203 756 385;1;1;1;2;1993.0;2;1;-1;-1;16;5;2023;19:40;1;29;29232;2;6;1;1;48.00115;-4.11068;4;2;2;0;1;3; -1;1;5;1;50;Indemne;1
202300039933;155 609 741;B01;80;0;2;8;1;3;203 756 387;1;1;4;2;1973.0;5;2;4;-1;16;5;2023;19:40;1;29;29232;2;6;1;1;48.00115;-4.11068;4;1;1;0;1;2; -1;1;5;1;50;Blessé léger;1
202300039933;155 609 741;B01;80;0;2;8;1;3;203 756 387;1;1;4;2;1973.0;5;2;4;-1;16;5;2023;19:40;1;29;29232;2;6;1;1;48.00115;-4.11068;4;2;2;0;1;3; -1;1;5;1;50;Blessé léger;1
202300039968;155 609 676;A01;7;0;2;3;15;1;203 756 309;1;1;1;1;1978.0;0;1;-1;-1;9;2;2023;17:45;2;67;67118;2;2;1;3;48.580472;7.687007;7;1;1;0;1;1; -1;1;5;1;30;Indemne;3
202300039968;155 609 676;A01;7;0;2;3;15;1;203 756 309;1;1;1;1;1978.0;0;1;-1;-1;9;2;2023;17:45;2;67;67118;2;2;1;3;48.580472;7.687007;7;2; -1;-1;1;1; -1;1;5;1;30;Indemne;3
202300039968;155 609 679;B01;1;0;2;8;1;5;203 756 312;1;1;4;2;1980.0;1;9;-1;-1;9;2;2023;17:45;2;67;67118;2;2;1;3;48.580472;7.687007;7;1;1;0;1;1; -1;1;5;1;30;Blessé léger;3