Num_Acc;id_vehicule;num_veh;catv;obs;obsm;choc;manv;motor;id_usager;place;catu;grav;sexe;an_nais;trajet;secu1;secu2;secu3;jour;mois;an;hrmn;lum;dep;com;agg;int;atm;col;lat;long;catr;circ;nbv;vosp;prof;plan;larrout;surf;infra;situ;vma;gravity;day_of_week
202300039968;155 609 679;B01;1;0;2;8;1;5;203 756 312;1;1;4;2;1980.0;1;9;-1;-1;9;2;2023;17:45;2;67;67118;2;2;1;3;48.580472;7.687007;7;2; -1;-1;1;1; -1;1;5;1;30;Blessé léger;3
202300039977;155 609 662;A01;1;0;1;1;1;5;203 756 288;10;3;3;1;1963.0;5;0;-1;-1;16;5;2023;18:20;1;75;75114;2;1;1;6;48.833345;2.312369;4;1;1;1;1;1; -1;1;0;5;30;Blessé hospitalisé;1
202300039977;155 609 662;A01;1;0;1;1;1;5;203 756 289;1;1;1;1;1960.0;1;2;0;-1;16;5;2023;18:20;1;75;75114;2;1;1;6;48.833345;2.312369;4;1;1;1;1;1; -1;1;0;5;30;Indemne;1
202300039983;155 609 649;A01;32;0;2;1;1;1;203 756 275;1;1;1;1;2001.0;2;2;6;-1;16;5;2023;08:55;1;75;75120;2;1;1;3;48.86497;2.410973;4;1;3;0;1;1; -1;1;0;5;30;Indemne;1
202300039983;155 609 651;B01;1;0;2;7;19;5;203 756 277;1;1;4;1;2000.0;1;8;0;-1;16;5;2023;08:55;1;75;75120;2;1;1;3;48.86497;2.410973;4;1;3;0;1;1; -1;1;0;5;30;Blessé léger;1
202300039987;155 609 643;B01;80;0;2;7;15;3;203 756 266;1;1;4;1;1963.0;1;8;0;-1;16;5;2023;08:10;1;75;75118;2;2;1;3;48.889797;2.342939;4;2;2;0;1;1; -1;1;0;1;30;Blessé léger;1
202300039987;155 609 643;B01;80;0;2;7;15;3;203 756 266;1;1;4;1;1963.0;1;8;0;-1;16;5;2023;08:10;1;75;75118;2;2;1;3;48.889797;2.342939;4;1;1;0;1;1; -1;1;0;1;30;Blessé léger;1
202300039987;155 609 644;A01;7;0;2;3;12;1;203 756 269;1;1;1;1;1979.0;1;1;0;-1;16;5;2023;08:10;1;75;75118;2;2;1;3;48.889797;2.342939;4;2;2;0;1;1; -1;1;0;1;30;Indemne;1
202300039987;155 609 644;A01;7;0;2;3;12;1;203 756 269;1;1;1;1;1979.0;1;1;0;-1;16;5;2023;08:10;1;75;75118;2;2;1;3;48.889797;2.342939;4;1;1;0;1;1; -1;1;0;1;30;Indemne;1
202300039991;155 609 635;A01;1;0;0;0;1;5;203 756 257;1;1;4;2;1966.0;1;8;0;-1;23;2;2023;11:55;1;974;97416;1;1;1;7;-21.30804;55.45717;4;2;2;0;2;1; -1;1;0;1;50;Blessé léger;3
202300039995;155 609 628;B01;1;0;2;1;1;5;203 756 249;1;1;4;1;1994.0;9;8;-1;-1;23;2;2023;21:00;5;69;69388;2;2;2;3;45.74235;4.85838;4;1;1;1;1;1; -1;2;9;5;30;Blessé léger;3
202300039995;155 609 628;B01;1;0;2;1;1;5;203 756 249;1;1;4;1;1994.0;9;8;-1;-1;23;2;2023;21:00;5;69;69388;2;2;2;3;45.74235;4.85838;4;1;3;2;3;1; -1;2;5;5;30;Blessé léger;3
202300039995;155 609 629;A01;7;0;2;2;1;1;203 756 250;1;1;1;2;1990.0;9;8;-1;-1;23;2;2023;21:00;5;69;69388;2;2;2;3;45.74235;4.85838;4;1;1;1;1;1; -1;2;9;5;30;Indemne;3
202300039995;155 609 629;A01;7;0;2;2;1;1;203 756 250;1;1;1;2;1990.0;9;8;-1;-1;23;2;2023;21:00;5;69;69388;2;2;2;3;45.74235;4.85838;4;1;3;2;3;1; -1;2;5;5;30;Indemne;3
202300039998;155 609 623;B01;7;0;2;2;1;1;203 756 242;1;1;1;1;1982.0;0;1;-1;-1;23;2;2023;10:15;1;69;69388;2;1;1;3;45.74146295;4.88455668;4;2;2;2;2;1; -1;1;0;1;50;Indemne;3
202300039998;155 609 624;A01;1;0;2;2;13;0;203 756 243;1;1;4;2;1964.0;1;8;-1;-1;23;2;2023;10:15;1;69;69388;2;1;1;3;45.74146295;4.88455668;4;2;2;2;2;1; -1;1;0;1;50;Blessé léger;3
202300040022;155 609 582;A01;7;0;9;2;2;1;203 756 175;1;1;1;1;1938.0;3;8;-1;-1;23;2;2023;15:50;1;76;76114;2;1;1;2;49.59046;0.48505;3;2;2;0;1;1; -1;1;0;1;50;Indemne;3
202300040022;155 609 583;B01;1;0;2;4;2;5;203 756 177;1;1;4;1;1961.0;5;2;4;-1;23;2;2023;15:50;1;76;76114;2;1;1;2;49.59046;0.48505;3;2;2;0;1;1; -1;1;0;1;50;Blessé léger;3
202300040024;155 609 580;A01;1;0;2;7;21;5;203 756 173;1;1;3;2;1956.0;0;8;-1;-1;23;2;2023;18:45;5;69;69266;2;1;2;3;45.7646;4.8888;4;2;3;2;1;1; -1;2;0;5;30;Blessé hospitalisé;3
202300040038;155 609 556;A01;7;0;2;2;15;3;203 756 141;1;1;1;1;2002.0;5;1;-1;-1;8;4;2023;14:40;1;69;69387;2;2;1;1;45.74804;4.8562;4;1;1;2;1;1; -1;1;0;1;30;Indemne;5
202300040038;155 609 556;A01;7;0;2;2;15;3;203 756 141;1;1;1;1;2002.0;5;1;-1;-1;8;4;2023;14:40;1;69;69387;2;2;1;1;45.74804;4.8562;4;1;1;2;1;1; -1;1;0;1;30;Indemne;5
202300040038;155 609 558;B01;1;0;2;1;1;0;203 756 143;1;1;4;1;2006.0;5;2;-1;-1;8;4;2023;14:40;1;69;69387;2;2;1;1;45.74804;4.8562;4;1;1;2;1;1; -1;1;0;1;30;Blessé léger;5
202300040038;155 609 558;B01;1;0;2;1;1;0;203 756 143;1;1;4;1;2006.0;5;2;-1;-1;8;4;2023;14:40;1;69;69387;2;2;1;1;45.74804;4.8562;4;1;1;2;1;1; -1;1;0;1;30;Blessé léger;5
202300040050;155 609 532;A01;7;0;0;3;15;1;203 756 113;1;1;1;1;1991.0;5;8;0;-1;3;9;2023;01:45;5;75;75119;2;3;1;3;48.885779;2.370978;4;1;3;3;1;1; -1;1;0;5;30;Indemne;6
202300040050;155 609 532;A01;7;0;0;3;15;1;203 756 113;1;1;1;1;1991.0;5;8;0;-1;3;9;2023;01:45;5;75;75119;2;3;1;3;48.885779;2.370978;4;1; -1;-1;1;1; -1;1;0;1;-1;Indemne;6
202300040050;155 609 533;B01;1;0;0;1;2;5;203 756 114;1;1;4;1;1992.0;9;8;0;-1;3;9;2023;01:45;5;75;75119;2;3;1;3;48.885779;2.370978;4;1;3;3;1;1; -1;1;0;5;30;Blessé léger;6
202300040050;155 609 533;B01;1;0;0;1;2;5;203 756 114;1;1;4;1;1992.0;9;8;0;-1;3;9;2023;01:45;5;75;75119;2;3;1;3;48.885779;2.370978;4;1; -1;-1;1;1; -1;1;0;1;-1;Blessé léger;6
202300040054;155 609 523;A01;2;0;2;0;5;3;203 756 101;1;1;1;1;2000.0;-1;8;0;-1;2;9;2023;17:10;1;75;75113;2;1;1;4;48.823877;2.357962;4;3;3;1;1;1; -1;1;0;5;30;Indemne;5
202300040054;155 609 525;B01;1;1;2;1;1;5;203 756 102;1;1;4;1;2005.0;5;2;0;-1;2;9;2023;17:10;1;75;75113;2;1;1;4;48.823877;2.357962;4;3;3;1;1;1; -1;1;0;5;30;Blessé léger;5
202300040065;155 609 503;A01;7;0;2;1;26;1;203 756 070;1;1;1;2;1975.0;9;8;0;-1;22;2;2023;13:55;1;49;49353;2;1;1;3;47.44196;-0.48314;3;1;2;0;1;2; -1;1;0;1;30;Indemne;2
202300040065;155 609 505;B01;1;0;2;0;0;5;203 756 072;1;1;4;2;1985.0;9;8;0;-1;22;2;2023;13:55;1;49;49353;2;1;1;3;47.44196;-0.48314;3;1;2;0;1;2; -1;1;0;1;30;Blessé léger;2
202300040067;155 609 499;B01;7;0;2;3;1;1;203 756 065;1;1;1;1;1955.0;4;8;0;-1;3;9;2023;17:16;1;75;75104;2;2;1;3;48.855951;2.367322;4;1;1;0;1;1; -1;1;0;1;30;Indemne;6
202300040067;155 609 499;B01;7;0;2;3;1;1;203 756 065;1;1;1;1;1955.0;4;8;0;-1;3;9;2023;17:16;1;75;75104;2;2;1;3;48.855951;2.367322;4;1;2;3;1;1; -1;1;0;1;30;Indemne;6
202300040067;155 609 502;A01;80;0;2;1;1;3;203 756 068;1;1;4;2;2001.0;5;8;0;-1;3;9;2023;17:16;1;75;75104;2;2;1;3;48.855951;2.367322;4;1;1;0;1;1; -1;1;0;1;30;Blessé léger;6
202300040067;155 609 502;A01;80;0;2;1;1;3;203 756 068;1;1;4;2;2001.0;5;8;0;-1;3;9;2023;17:16;1;75;75104;2;2;1;3;48.855951;2.367322;4;1;2;3;1;1; -1;1;0;1;30;Blessé léger;6
202300040069;155 609 496;A01;80;0;1;1;1;3;203 756 060;10;3;4;1;1979.0;5;0;-1;-1;3;9;2023;11:20;1;75;75104;2;1;1;6;48.850716;2.361123;4;2;2;1;2;1; -1;1;1;1;30;Blessé léger;6
202300040069;155 609 496;A01;80;0;1;1;1;3;203 756 062;1;1;4;2;1950.0;5;2;8;-1;3;9;2023;11:20;1;75;75104;2;1;1;6;48.850716;2.361123;4;2;2;1;2;1; -1;1;1;1;30;Blessé léger;6
202300040079;155 609 481;A01;7;0;9;7;2;0;203 756 043;1;1;1;1;1979.0;0;8;0;-1;3;9;2023;19:10;1;93;93048;2;1;1;3;48.85630348;2.4261691;3;2;2;0;1;1; -1;1;0;1;50;Indemne;6
202300040079;155 609 483;B01;1;1;2;8;2;5;203 756 045;1;1;3;1;1988.0;0;8;0;-1;3;9;2023;19:10;1;93;93048;2;1;1;3;48.85630348;2.4261691;3;2;2;0;1;1; -1;1;0;1;50;Blessé hospitalisé;6
202300040090;155 609 459;A01;7;0;2;3;9;1;203 756 015;1;1;1;2;1960.0;5;1;-1;-1;23;2;2023;11:20;1;29;29232;2;6;1;3;48.000745;-4.152022;3;2;2;0;2;1; -1;1;0;1;50;Indemne;3
202300040090;155 609 459;A01;7;0;2;3;9;1;203 756 015;1;1;1;2;1960.0;5;1;-1;-1;23;2;2023;11:20;1;29;29232;2;6;1;3;48.000745;-4.152022;3;-1;2;0;1;3; -1;1;0;1;50;Indemne;3
202300040090;155 609 461;B01;1;0;2;2;1;5;203 756 018;1;1;4;1;1972.0;0;2;-1;-1;23;2;2023;11:20;1;29;29232;2;6;1;3;48.000745;-4.152022;3;2;2;0;2;1; -1;1;0;1;50;Blessé léger;3
202300040090;155 609 461;B01;1;0;2;2;1;5;203 756 018;1;1;4;1;1972.0;0;2;-1;-1;23;2;2023;11:20;1;29;29232;2;6;1;3;48.000745;-4.152022;3;-1;2;0;1;3; -1;1;0;1;50;Blessé léger;3
202300040149;155 609 353;A01;7;0;2;2;15;1;203 755 870;1;1;1;1;1998.0;0;1;0;-1;2;9;2023;13:45;1;54;54578;2;2;1;3;48.67029;6.1583;4;2;4;0;1;1; -1;1;0;1;50;Indemne;5
202300040149;155 609 353;A01;7;0;2;2;15;1;203 755 870;1;1;1;1;1998.0;0;1;0;-1;2;9;2023;13:45;1;54;54578;2;2;1;3;48.67029;6.1583;4;2;3;0;1;1; -1;1;0;1;50;Indemne;5
202300040149;155 609 354;B01;1;0;2;0;1;5;203 755 872;1;1;4;1;1970.0;0;2;0;-1;2;9;2023;13:45;1;54;54578;2;2;1;3;48.67029;6.1583;4;2;4;0;1;1; -1;1;0;1;50;Blessé léger;5
202300040149;155 609 354;B01;1;0;2;0;1;5;203 755 872;1;1;4;1;1970.0;0;2;0;-1;2;9;2023;13:45;1;54;54578;2;2;1;3;48.67029;6.1583;4;2;3;0;1;1; -1;1;0;1;50;Blessé léger;5
202300040151;155 609 349;B01;1;0;2;0;0;5;203 755 863;1;1;4;2;1996.0;0;8;0;-1;2;9;2023;13:32;1;49;49007;2;2;1;3;47.47861;-0.5562;4;2;3;2;1;1; -1;1;0;1;50;Blessé léger;5
202300040151;155 609 349;B01;1;0;2;0;0;5;203 755 863;1;1;4;2;1996.0;0;8;0;-1;2;9;2023;13:32;1;49;49007;2;2;1;3;47.47861;-0.5562;4;2;2;2;1;1; -1;1;0;1;50;Blessé léger;5
202300040151;155 609 351;A01;50;0;2;0;5;3;203 755 866;1;1;1;1;2001.0;0;8;0;-1;2;9;2023;13:32;1;49;49007;2;2;1;3;47.47861;-0.5562;4;2;3;2;1;1; -1;1;0;1;50;Indemne;5
202300040151;155 609 351;A01;50;0;2;0;5;3;203 755 866;1;1;1;1;2001.0;0;8;0;-1;2;9;2023;13:32;1;49;49007;2;2;1;3;47.47861;-0.5562;4;2;2;2;1;1; -1;1;0;1;50;Indemne;5
202300040151;155 609 351;A01;50;0;2;0;5;3;203 755 867;2;2;1;1;1998.0;0;8;0;-1;2;9;2023;13:32;1;49;49007;2;2;1;3;47.47861;-0.5562;4;2;3;2;1;1; -1;1;0;1;50;Indemne;5
202300040151;155 609 351;A01;50;0;2;0;5;3;203 755 867;2;2;1;1;1998.0;0;8;0;-1;2;9;2023;13:32;1;49;49007;2;2;1;3;47.47861;-0.5562;4;2;2;2;1;1; -1;1;0;1;50;Indemne;5
202300040154;155 609 345;A01;7;0;2;1;1;1;203 755 859;1;1;1;2;2001.0;5;8;0;-1;3;9;2023;00:00;5;45;45302;2;2;1;3;47.94329;1.89264;4;2;2;-1;1;1; -1;1;0;1;-1;Indemne;6
202300040154;155 609 345;A01;7;0;2;1;1;1;203 755 859;1;1;1;2;2001.0;5;8;0;-1;3;9;2023;00:00;5;45;45302;2;2;1;3;47.94329;1.89264;4;3;4;0;2;1;0;1;0;1;50;Indemne;6
202300040154;155 609 346;B01;80;0;2;8;19;3;203 755 861;1;1;2;2;2001.0;0;8;0;-1;3;9;2023;00:00;5;45;45302;2;2;1;3;47.94329;1.89264;4;2;2;-1;1;1; -1;1;0;1;-1;Tué;6
202300040154;155 609 346;B01;80;0;2;8;19;3;203 755 861;1;1;2;2;2001.0;0;8;0;-1;3;9;2023;00:00;5;45;45302;2;2;1;3;47.94329;1.89264;4;3;4;0;2;1;0;1;0;1;50;Tué;6
202300040161;155 609 334;A01;7;0;2;2;1;2;203 755 844;1;1;1;1;1974.0;5;1;-1;-1;1;9;2023;18:25;1;35;35115;2;2;1;3;48.35098;-1.19273;4;1;1;0;1;1; -1;1;0;1;30;Indemne;4
202300040161;155 609 334;A01;7;0;2;2;1;2;203 755 844;1;1;1;1;1974.0;5;1;-1;-1;1;9;2023;18:25;1;35;35115;2;2;1;3;48.35098;-1.19273;4;1;1;0;1;1; -1;1;0;1;30;Indemne;4
202300040161;155 609 336;B01;1;0;2;8;9;5;203 755 846;1;1;3;1;2015.0;5;8;-1;-1;1;9;2023;18:25;1;35;35115;2;2;1;3;48.35098;-1.19273;4;1;1;0;1;1; -1;1;0;1;30;Blessé hospitalisé;4
202300040161;155 609 336;B01;1;0;2;8;9;5;203 755 846;1;1;3;1;2015.0;5;8;-1;-1;1;9;2023;18:25;1;35;35115;2;2;1;3;48.35098;-1.19273;4;1;1;0;1;1; -1;1;0;1;30;Blessé hospitalisé;4
202300040165;155 609 327;B01;1;0;2;4;1;5;203 755 836;1;1;3;2;1962.0;9;2;6;-1;2;4;2023;11:30;1;06;06069;2;1;1;2;43.635238;6.95167;4;2;1;0;1;1; -1;1;0;1;50;Blessé hospitalisé;6
202300040165;155 609 328;A01;7;0;2;1;1;1;203 755 837;1;1;1;1;1940.0;0;1;-1;-1;2;4;2023;11:30;1;06;06069;2;1;1;2;43.635238;6.95167;4;2;1;0;1;1; -1;1;0;1;50;Indemne;6
202300040173;155 609 311;A01;1;6;0;1;0;5;203 755 816;1;1;3;1;1957.0;0;8;0;-1;1;9;2023;19:10;1;22;22113;2;1;1;6;48.7328;-3.46388;4;2;2;0;2;2; -1;1;0;1;20;Blessé hospitalisé;4
202300040174;155 609 312;B01;10;0;2;2;16;1;203 755 817;1;1;1;1;2000.0;5;1;1;1;7;4;2023;18:20;5;988;98818;2;3;1;3;-22.30955;166.45802;4;2;2;-1;1;1; -1;1;5;5;-1;Indemne;4
202300040174;155 609 312;B01;10;0;2;2;16;1;203 755 817;1;1;1;1;2000.0;5;1;1;1;7;4;2023;18:20;5;988;98818;2;3;1;3;-22.30955;166.45802;4;2;2;2;1;1; -1;1;5;5;50;Indemne;4
202300040174;155 609 313;A01;1;0;2;8;19;5;203 755 818;1;1;3;1;2003.0;5;2;2;2;7;4;2023;18:20;5;988;98818;2;3;1;3;-22.30955;166.45802;4;2;2;-1;1;1; -1;1;5;5;-1;Blessé hospitalisé;4
202300040174;155 609 313;A01;1;0;2;8;19;5;203 755 818;1;1;3;1;2003.0;5;2;2;2;7;4;2023;18:20;5;988;98818;2;3;1;3;-22.30955;166.45802;4;2;2;2;1;1; -1;1;5;5;50;Blessé hospitalisé;4
202300040177;155 609 305;B01;1;0;2;1;1;5;203 755 810;1;1;4;1;1959.0;5;8;0;-1;2;9;2023;19:00;1;14;14220;2;1;1;2;49.36238;0.07378;4;1;2;1;1;1; -1;1;0;5;50;Blessé léger;5
202300040177;155 609 306;A01;7;0;2;5;20;1;203 755 811;1;1;1;1;1974.0;5;1;0;-1;2;9;2023;19:00;1;14;14220;2;1;1;2;49.36238;0.07378;4;1;2;1;1;1; -1;1;0;5;50;Indemne;5
202300040182;155 609 297;A01;1;0;2;6;15;5;203 755 799;1;1;4;1;1969.0;4;8;0;-1;7;4;2023;06:50;1;974;97411;2;1;1;3;-20.88703;55.47108;4;2;4;3;1;1; -1;1;0;6;30;Blessé léger;4
202300040182;155 609 299;B01;37;0;9;8;7;1;203 755 801;1;1;1;1;1991.0;4;1;0;-1;7;4;2023;06:50;1;974;97411;2;1;1;3;-20.88703;55.47108;4;2;4;3;1;1; -1;1;0;6;30;Indemne;4
202300040188;155 609 286;B01;1;0;2;1;1;5;203 755 782;1;1;4;1;2003.0;1;8;0;-1;7;4;2023;13:03;1;973;97302;2;3;1;3;4.91739;-52.32143;3;2;2;0;1;1; -1;1;0;1;50;Blessé léger;4
202300040188;155 609 286;B01;1;0;2;1;1;5;203 755 782;1;1;4;1;2003.0;1;8;0;-1;7;4;2023;13:03;1;973;97302;2;3;1;3;4.91739;-52.32143;3;2;2;0;1;1; -1;1;0;1;30;Blessé léger;4
202300040188;155 609 288;A01;7;0;9;3;15;1;203 755 786;1;1;1;1;1960.0;0;1;8;-1;7;4;2023;13:03;1;973;97302;2;3;1;3;4.91739;-52.32143;3;2;2;0;1;1; -1;1;0;1;50;Indemne;4
202300040188;155 609 288;A01;7;0;9;3;15;1;203 755 786;1;1;1;1;1960.0;0;1;8;-1;7;4;2023;13:03;1;973;97302;2;3;1;3;4.91739;-52.32143;3;2;2;0;1;1; -1;1;0;1;30;Indemne;4
202300040191;155 609 281;Z01;1;0;2;0;16;5;203 755 776;1;1;1;1;1982.0;-1;8;0;-1;2;9;2023;20:00;1;75;75105;2;2;1;3;48.853772;2.344347;4;-1; -1;-1;1;1; -1;1;2;1;30;Indemne;5
202300040191;155 609 281;Z01;1;0;2;0;16;5;203 755 776;1;1;1;1;1982.0;-1;8;0;-1;2;9;2023;20:00;1;75;75105;2;2;1;3;48.853772;2.344347;4;2;4;1;1;1; -1;1;0;5;30;Indemne;5
202300040191;155 609 283;A01;1;0;2;2;1;5;203 755 778;1;1;4;2;1953.0;5;2;0;-1;2;9;2023;20:00;1;75;75105;2;2;1;3;48.853772;2.344347;4;-1; -1;-1;1;1; -1;1;2;1;30;Blessé léger;5
202300040191;155 609 283;A01;1;0;2;2;1;5;203 755 778;1;1;4;2;1953.0;5;2;0;-1;2;9;2023;20:00;1;75;75105;2;2;1;3;48.853772;2.344347;4;2;4;1;1;1; -1;1;0;5;30;Blessé léger;5
202300040198;155 609 268;A01;38;0;2;1;1;1;203 755 754;1;1;1;1;1967.0;4;1;0;-1;2;9;2023;00:15;5;75;75113;2;1;1;1;48.8262367;2.38626069;4;1;1;0;2;1; -1;1;8;1;30;Indemne;5
202300040198;155 609 270;B01;1;0;2;7;19;5;203 755 756;1;1;3;2;1993.0;9;8;0;-1;2;9;2023;00:15;5;75;75113;2;1;1;1;48.8262367;2.38626069;4;1;1;0;2;1; -1;1;8;1;30;Blessé hospitalisé;5
202300040200;155 609 266;A01;80;1;0;1;2;3;203 755 752;1;1;4;1;1986.0;9;8;0;-1;2;9;2023;04:45;5;75;75111;2;3;1;6;48.854399;2.384077;4;-1; -1;-1;1;1; -1;1;0;1;30;Blessé léger;5
202300040200;155 609 266;A01;80;1;0;1;2;3;203 755 752;1;1;4;1;1986.0;9;8;0;-1;2;9;2023;04:45;5;75;75111;2;3;1;6;48.854399;2.384077;4;2;0;0;1;1; -1;1;0;1;30;Blessé léger;5
202300040201;155 609 264;A01;7;0;2;1;15;1;203 755 750;1;1;1;1;1993.0;1;1;8;-1;7;4;2023;08:20;1;95;95051;2;3;7;1;49.0161429;2.17679769;4;2;2;1;1;1; -1;1;0;5;50;Indemne;4
202300040201;155 609 264;A01;7;0;2;1;15;1;203 755 750;1;1;1;1;1993.0;1;1;8;-1;7;4;2023;08:20;1;95;95051;2;3;7;1;49.0161429;2.17679769;4;2;3;0;1;1; -1;1;0;5;50;Indemne;4
202300040201;155 609 265;B01;1;0;2;8;1;5;203 755 751;1;1;4;1;1970.0;1;2;0;-1;7;4;2023;08:20;1;95;95051;2;3;7;1;49.0161429;2.17679769;4;2;2;1;1;1; -1;1;0;5;50;Blessé léger;4
202300040201;155 609 265;B01;1;0;2;8;1;5;203 755 751;1;1;4;1;1970.0;1;2;0;-1;7;4;2023;08:20;1;95;95051;2;3;7;1;49.0161429;2.17679769;4;2;3;0;1;1; -1;1;0;5;50;Blessé léger;4
202300040206;155 609 255;A01;1;0;2;7;1;5;203 755 735;1;1;4;2;1971.0;5;8;0;-1;2;9;2023;15:15;1;75;75101;2;2;1;3;48.858547;2.348205;4;1;4;1;1;1; -1;1;0;1;30;Blessé léger;5
202300040206;155 609 255;A01;1;0;2;7;1;5;203 755 735;1;1;4;2;1971.0;5;8;0;-1;2;9;2023;15:15;1;75;75101;2;2;1;3;48.858547;2.348205;4;2;3;1;1;1; -1;1;0;1;30;Blessé léger;5
202300040235;155 609 205;B01;1;0;0;0;0;5;203 755 669;1;1;4;1;1989.0;1;8;0;-1;6;4;2023;14:20;1;72;72181;2;6;8;3;48.011099;0.199135;4;2;0;0;1;1; -1;1;0;1;50;Blessé léger;3
202300040235;155 609 207;A01;7;0;2;2;26;1;203 755 671;1;1;1;2;1949.0;0;1;0;-1;6;4;2023;14:20;1;72;72181;2;6;8;3;48.011099;0.199135;4;2;0;0;1;1; -1;1;0;1;50;Indemne;3
202300040258;155 609 166;A01;1;10;0;0;0;5;203 755 614;1;1;2;1;1980.0;5;2;-1;-1;2;9;2023;13:10;1;974;97410;1;1;1;7;-21.080611;55.626676;3;2;2;0;2;3;5;2;0;1;80;Tué;5
202300040287;155 609 116;A01;7;0;2;1;9;1;203 755 544;1;1;1;1;1988.0;0;1;8;-1;9;12;2023;13:50;1;72;72181;1;9;2;3;48.0245;0.17708;4;1;2;1;1;2; -1;2;5;1;50;Indemne;5
202300040287;155 609 117;B01;1;0;2;7;0;5;203 755 546;1;1;4;1;1984.0;0;2;0;-1;9;12;2023;13:50;1;72;72181;1;9;2;3;48.0245;0.17708;4;1;2;1;1;2; -1;2;5;1;50;Blessé léger;5
202300040296;155 609 101;B01;37;0;2;8;1;1;203 755 523;1;1;1;1;1994.0;4;1;0;-1;6;4;2023;18:40;1;50;50129;2;3;1;3;49.65008;-1.66014;4;2;2;0;2;1; -1;1;0;1;50;Indemne;3
202300040296;155 609 101;B01;37;0;2;8;1;1;203 755 523;1;1;1;1;1994.0;4;1;0;-1;6;4;2023;18:40;1;50;50129;2;3;1;3;49.65008;-1.66014;4;2;2;0;4;1; -1;1;0;1;50;Indemne;3
202300040296;155 609 103;A01;1;0;2;1;16;5;203 755 526;1;1;4;1;2007.0;5;8;0;-1;6;4;2023;18:40;1;50;50129;2;3;1;3;49.65008;-1.66014;4;2;2;0;2;1; -1;1;0;1;50;Blessé léger;3
202300040296;155 609 103;A01;1;0;2;1;16;5;203 755 526;1;1;4;1;2007.0;5;8;0;-1;6;4;2023;18:40;1;50;50129;2;3;1;3;49.65008;-1.66014;4;2;2;0;4;1; -1;1;0;1;50;Blessé léger;3
202300040314;155 609 075;A01;7;0;2;2;2;0;203 755 491;1;1;1;1;2004.0;5;1;-1;-1;2;9;2023;18:50;1;70;70120;1;1;7;2;47.702816;6.709878;3;2;2;0;1;1;5,5;1;0;1;80;Indemne;5
202300040314;155 609 077;B01;1;0;2;8;2;5;203 755 493;1;1;3;1;1956.0;3;0;-1;-1;2;9;2023;18:50;1;70;70120;1;1;7;2;47.702816;6.709878;3;2;2;0;1;1;5,5;1;0;1;80;Blessé hospitalisé;5
202300040354;155 608 999;A01;1;1;0;7;2;5;203 755 381;1;1;4;1;2010.0;2;8;4;-1;7;4;2023;08:35;1;24;24037;2;1;1;6;44.85914;0.47776;4;2;1;0;1;1; -1;1;0;1;30;Blessé léger;4
202300040366;155 608 979;B01;10;0;9;4;4;1;203 755 354;1;1;1;1;1980.0;4;8;-1;-1;8;8;2023;10:05;1;59;59177;1;1;1;1;50.155803;3.876755;3;2;2;0;1;1;5;1;0;1;90;Indemne;1
202300040366;155 608 981;A01;1;0;2;0;1;5;203 755 357;1;1;2;1;1935.0;5;2;-1;-1;8;8;2023;10:05;1;59;59177;1;1;1;1;50.155803;3.876755;3;2;2;0;1;1;5;1;0;1;90;Tué;1
202300040368;155 608 973;A01;7;0;2;3;15;1;203 755 348;1;1;1;2;1978.0;5;1;8;-1;9;12;2023;09:25;1;75;75112;2;3;3;1;48.836108;2.392236;4;1;2;2;2;1; -1;2;0;5;30;Indemne;5
202300040368;155 608 973;A01;7;0;2;3;15;1;203 755 348;1;1;1;2;1978.0;5;1;8;-1;9;12;2023;09:25;1;75;75112;2;3;3;1;48.836108;2.392236;4;1;1;0;1;1; -1;2;0;5;30;Indemne;5
202300040368;155 608 976;B01;1;0;2;1;1;5;203 755 351;1;1;4;2;1978.0;4;2;0;-1;9;12;2023;09:25;1;75;75112;2;3;3;1;48.836108;2.392236;4;1;2;2;2;1; -1;2;0;5;30;Blessé léger;5
202300040368;155 608 976;B01;1;0;2;1;1;5;203 755 351;1;1;4;2;1978.0;4;2;0;-1;9;12;2023;09:25;1;75;75112;2;3;3;1;48.836108;2.392236;4;1;1;0;1;1; -1;2;0;5;30;Blessé léger;5
202300040373;155 608 966;B01;7;0;2;1;0;1;203 755 339;1;1;1;2;1961.0;9;8;0;-1;3;4;2023;19:45;1;10;10325;2;9;1;3;48.26750977;4.06187832;3;-1;1;0;1;1;3;1;0;1;50;Indemne;0
202300040373;155 608 966;B01;7;0;2;1;0;1;203 755 339;1;1;1;2;1961.0;9;8;0;-1;3;4;2023;19:45;1;10;10325;2;9;1;3;48.26750977;4.06187832;3;4;1;0;1;2;3;1;9;1;50;Indemne;0
202300040373;155 608 968;A01;1;0;2;0;0;5;203 755 342;1;1;4;1;2004.0;5;8;0;-1;3;4;2023;19:45;1;10;10325;2;9;1;3;48.26750977;4.06187832;3;-1;1;0;1;1;3;1;0;1;50;Blessé léger;0
202300040373;155 608 968;A01;1;0;2;0;0;5;203 755 342;1;1;4;1;2004.0;5;8;0;-1;3;4;2023;19:45;1;10;10325;2;9;1;3;48.26750977;4.06187832;3;4;1;0;1;2;3;1;9;1;50;Blessé léger;0
202300040374;155 608 965;A01;80;0;1;1;21;3;203 755 337;1;1;4;2;1990.0;5;8;0;-1;9;12;2023;09:50;1;75;75110;2;3;3;6;48.8798;2.365532;4;1; -1;-1;1;1; -1;2;0;1;30;Blessé léger;5