Num_Acc;id_vehicule;num_veh;catv;obs;obsm;choc;manv;motor;id_usager;place;catu;grav;sexe;an_nais;trajet;secu1;secu2;secu3;jour;mois;an;hrmn;lum;dep;com;agg;int;atm;col;lat;long;catr;circ;nbv;vosp;prof;plan;larrout;surf;infra;situ;vma;gravity;day_of_week
202300040374;155 608 965;A01;80;0;1;1;21;3;203 755 337;1;1;4;2;1990.0;5;8;0;-1;9;12;2023;09:50;1;75;75110;2;3;3;6;48.8798;2.365532;4;2;2;2;1;1; -1;2;0;1;30;Blessé léger;5
202300040374;155 608 965;A01;80;0;1;1;21;3;203 755 338;10;3;1;1;1981.0;5;0;-1;-1;9;12;2023;09:50;1;75;75110;2;3;3;6;48.8798;2.365532;4;1; -1;-1;1;1; -1;2;0;1;30;Indemne;5
202300040374;155 608 965;A01;80;0;1;1;21;3;203 755 338;10;3;1;1;1981.0;5;0;-1;-1;9;12;2023;09:50;1;75;75110;2;3;3;6;48.8798;2.365532;4;2;2;2;1;1; -1;2;0;1;30;Indemne;5
202300040380;155 608 952;B01;1;0;2;1;1;5;203 755 315;1;1;3;1;2007.0;9;8;0;-1;7;4;2023;22:16;5;06;06088;2;1;1;3;43.70589;7.28328;4;1;3;0;1;1; -1;1;0;1;50;Blessé hospitalisé;4
202300040380;155 608 954;A01;7;0;2;3;1;0;203 755 317;1;1;1;1;2000.0;0;8;-1;-1;7;4;2023;22:16;5;06;06088;2;1;1;3;43.70589;7.28328;4;1;3;0;1;1; -1;1;0;1;50;Indemne;4
202300040382;155 608 948;A01;1;0;2;1;1;5;203 755 311;1;1;3;2;2001.0;0;8;0;0;9;12;2023;11:50;1;94;94052;2;3;2;3;48.831046;2.468872;3;4;2;1;1;1; -1;2;5;5;30;Blessé hospitalisé;5
202300040382;155 608 948;A01;1;0;2;1;1;5;203 755 311;1;1;3;2;2001.0;0;8;0;0;9;12;2023;11:50;1;94;94052;2;3;2;3;48.831046;2.468872;3;2;2;-1;1;1; -1;2;0;1;-1;Blessé hospitalisé;5
202300040382;155 608 951;B01;7;0;2;8;19;3;203 755 313;1;1;1;1;1990.0;1;1;0;0;9;12;2023;11:50;1;94;94052;2;3;2;3;48.831046;2.468872;3;4;2;1;1;1; -1;2;5;5;30;Indemne;5
202300040382;155 608 951;B01;7;0;2;8;19;3;203 755 313;1;1;1;1;1990.0;1;1;0;0;9;12;2023;11:50;1;94;94052;2;3;2;3;48.831046;2.468872;3;2;2;-1;1;1; -1;2;0;1;-1;Indemne;5
202300040402;155 608 914;A01;1;0;0;1;2;5;203 755 266;1;1;4;1;1994.0;5;2;0;-1;8;4;2023;18:15;1;75;75116;2;1;1;7;48.867893;2.234109;4;2;2;0;1;1; -1;1;0;1;30;Blessé léger;5
202300040411;155 608 900;A01;1;0;2;1;1;5;203 755 246;1;1;4;1;2004.0;5;2;0;-1;8;4;2023;18:30;1;75;75113;2;3;1;2;48.822807;2.358412;4;2;4;1;1;1; -1;1;5;1;30;Blessé léger;5
202300040411;155 608 900;A01;1;0;2;1;1;5;203 755 246;1;1;4;1;2004.0;5;2;0;-1;8;4;2023;18:30;1;75;75113;2;3;1;2;48.822807;2.358412;4;-1; -1;1;1;1; -1;1;0;1;30;Blessé léger;5
202300040411;155 608 903;B01;7;0;2;6;1;1;203 755 249;1;1;1;2;1985.0;5;1;0;-1;8;4;2023;18:30;1;75;75113;2;3;1;2;48.822807;2.358412;4;2;4;1;1;1; -1;1;5;1;30;Indemne;5
202300040411;155 608 903;B01;7;0;2;6;1;1;203 755 249;1;1;1;2;1985.0;5;1;0;-1;8;4;2023;18:30;1;75;75113;2;3;1;2;48.822807;2.358412;4;-1; -1;1;1;1; -1;1;0;1;30;Indemne;5
202300040411;155 608 903;B01;7;0;2;6;1;1;203 755 251;2;2;1;1;1944.0;5;1;0;-1;8;4;2023;18:30;1;75;75113;2;3;1;2;48.822807;2.358412;4;2;4;1;1;1; -1;1;5;1;30;Indemne;5
202300040411;155 608 903;B01;7;0;2;6;1;1;203 755 251;2;2;1;1;1944.0;5;1;0;-1;8;4;2023;18:30;1;75;75113;2;3;1;2;48.822807;2.358412;4;-1; -1;1;1;1; -1;1;0;1;30;Indemne;5
202300040429;155 608 868;A01;1;0;2;7;9;5;203 755 204;1;1;4;1;1951.0;3;0;-1;-1;8;12;2023;18:20;5;68;68060;2;6;2;3;47.740543;7.143785;3;3;0;0;1;1;0;2;9;1;50;Blessé léger;4
202300040429;155 608 870;B01;7;0;2;8;9;1;203 755 205;1;1;1;1;1969.0;5;1;-1;-1;8;12;2023;18:20;5;68;68060;2;6;2;3;47.740543;7.143785;3;3;0;0;1;1;0;2;9;1;50;Indemne;4
202300040454;155 608 822;A01;7;0;2;2;26;1;203 755 150;1;1;1;1;1975.0;5;8;-1;-1;5;4;2023;15:40;1;17;17413;2;4;1;3;46.080268;-1.049377;3;2;2;0;1;1;5;1;0;1;50;Indemne;2
202300040454;155 608 822;A01;7;0;2;2;26;1;203 755 150;1;1;1;1;1975.0;5;8;-1;-1;5;4;2023;15:40;1;17;17413;2;4;1;3;46.080268;-1.049377;3;2;2;-1;1;1; -1;1;5;1;80;Indemne;2
202300040454;155 608 824;B01;1;0;2;8;1;5;203 755 153;1;1;3;1;1949.0;5;2;-1;-1;5;4;2023;15:40;1;17;17413;2;4;1;3;46.080268;-1.049377;3;2;2;0;1;1;5;1;0;1;50;Blessé hospitalisé;2
202300040454;155 608 824;B01;1;0;2;8;1;5;203 755 153;1;1;3;1;1949.0;5;2;-1;-1;5;4;2023;15:40;1;17;17413;2;4;1;3;46.080268;-1.049377;3;2;2;-1;1;1; -1;1;5;1;80;Blessé hospitalisé;2
202300040459;155 608 813;A01;10;0;2;2;2;0;203 755 138;1;1;1;1;1954.0;5;1;0;-1;26;8;2023;22:50;3;84;84080;1;1;1;2;44.04738;4.98204;3;2;2;0;1;1; -1;1;0;1;80;Indemne;5
202300040459;155 608 815;B01;1;0;2;4;2;5;203 755 141;1;1;3;1;1996.0;5;8;0;-1;26;8;2023;22:50;3;84;84080;1;1;1;2;44.04738;4.98204;3;2;2;0;1;1; -1;1;0;1;80;Blessé hospitalisé;5
202300040473;155 608 794;B01;1;0;2;4;1;5;203 755 105;1;1;3;1;1979.0;5;8;0;-1;1;9;2023;18:00;1;77;77374;1;1;1;2;48.81314;2.69276;3;2;2;0;1;1;7;1;8;1;80;Blessé hospitalisé;4
202300040473;155 608 795;A01;7;0;2;2;17;2;203 755 106;1;1;1;1;1989.0;5;8;0;-1;1;9;2023;18:00;1;77;77374;1;1;1;2;48.81314;2.69276;3;2;2;0;1;1;7;1;8;1;80;Indemne;4
202300040489;155 608 770;A01;7;0;9;7;14;1;203 755 071;1;1;1;2;1992.0;3;1;-1;-1;8;12;2023;15:00;1;76;76020;1;2;8;3;49.456614;0.911729;7;2;2;0;1;1;7;1;0;1;80;Indemne;4
202300040489;155 608 770;A01;7;0;9;7;14;1;203 755 071;1;1;1;2;1992.0;3;1;-1;-1;8;12;2023;15:00;1;76;76020;1;2;8;3;49.456614;0.911729;7;2;2;0;1;1; -1;1;0;1;80;Indemne;4
202300040489;155 608 772;B01;1;0;2;8;1;5;203 755 073;1;1;3;1;1942.0;5;2;-1;-1;8;12;2023;15:00;1;76;76020;1;2;8;3;49.456614;0.911729;7;2;2;0;1;1;7;1;0;1;80;Blessé hospitalisé;4
202300040489;155 608 772;B01;1;0;2;8;1;5;203 755 073;1;1;3;1;1942.0;5;2;-1;-1;8;12;2023;15:00;1;76;76020;1;2;8;3;49.456614;0.911729;7;2;2;0;1;1; -1;1;0;1;80;Blessé hospitalisé;4
202300040493;155 608 763;B01;1;0;2;7;1;5;203 755 065;1;1;4;2;1994.0;5;8;0;-1;31;8;2023;19:30;2;67;67482;2;3;1;3;48.58805;7.73933;4;1;1;0;1;1; -1;1;0;1;50;Blessé léger;3
202300040493;155 608 763;B01;1;0;2;7;1;5;203 755 065;1;1;4;2;1994.0;5;8;0;-1;31;8;2023;19:30;2;67;67482;2;3;1;3;48.58805;7.73933;4;3;5;3;1;1; -1;1;0;1;50;Blessé léger;3
202300040516;155 608 727;B01;1;0;2;0;0;5;203 755 013;1;1;4;2;1987.0;5;2;0;-1;2;9;2023;00:55;5;59;59350;2;1;1;3;50.61314;3.06202;7;2;4;2;1;1;12;1;0;5;30;Blessé léger;5
202300040516;155 608 730;A01;7;0;9;0;0;0;203 755 016;1;1;1;1;1994.0;5;1;0;-1;2;9;2023;00:55;5;59;59350;2;1;1;3;50.61314;3.06202;7;2;4;2;1;1;12;1;0;5;30;Indemne;5
202300040521;155 608 721;B01;1;0;2;7;13;5;203 755 004;1;1;4;1;2009.0;2;8;0;-1;9;10;2023;08:50;1;60;60159;2;1;1;6;49.41055;2.82333;4;2;2;0;1;1; -1;1;0;1;30;Blessé léger;0
202300040525;155 608 711;A01;1;0;0;0;0;5;203 754 993;1;1;3;2;1971.0;5;0;-1;-1;8;4;2023;15:30;1;66;66024;2;1;1;6;42.525974;2.84179;4;-1;2;0;2;1; -1;1;0;1;50;Blessé hospitalisé;5
202300040531;155 608 700;A01;7;0;2;2;16;1;203 754 978;1;1;1;1;1959.0;5;1;8;-1;31;8;2023;18:25;1;56;56121;2;6;2;3;47.73289;-3.37252;4;2;2;0;1;1; -1;2;5;1;30;Indemne;3
202300040531;155 608 700;A01;7;0;2;2;16;1;203 754 978;1;1;1;1;1959.0;5;1;8;-1;31;8;2023;18:25;1;56;56121;2;6;2;3;47.73289;-3.37252;4;3;2;1;1;1; -1;2;5;5;30;Indemne;3
202300040531;155 608 704;B01;1;0;2;8;1;5;203 754 981;1;1;4;2;1989.0;5;2;8;-1;31;8;2023;18:25;1;56;56121;2;6;2;3;47.73289;-3.37252;4;2;2;0;1;1; -1;2;5;1;30;Blessé léger;3
202300040531;155 608 704;B01;1;0;2;8;1;5;203 754 981;1;1;4;2;1989.0;5;2;8;-1;31;8;2023;18:25;1;56;56121;2;6;2;3;47.73289;-3.37252;4;3;2;1;1;1; -1;2;5;5;30;Blessé léger;3
202300040554;155 608 662;A01;7;0;2;2;16;1;203 754 925;1;1;1;2;1993.0;5;1;0;-1;28;8;2023;12:30;1;44;44184;2;6;1;3;47.28204;-2.20395;4;1;0;0;1;2; -1;1;0;1;50;Indemne;0
202300040554;155 608 662;A01;7;0;2;2;16;1;203 754 925;1;1;1;2;1993.0;5;1;0;-1;28;8;2023;12:30;1;44;44184;2;6;1;3;47.28204;-2.20395;4;-1;0;0;1;2; -1;1;0;1;50;Indemne;0
202300040554;155 608 663;B01;1;0;2;1;1;5;203 754 926;1;1;4;1;1976.0;5;2;0;-1;28;8;2023;12:30;1;44;44184;2;6;1;3;47.28204;-2.20395;4;1;0;0;1;2; -1;1;0;1;50;Blessé léger;0
202300040554;155 608 663;B01;1;0;2;1;1;5;203 754 926;1;1;4;1;1976.0;5;2;0;-1;28;8;2023;12:30;1;44;44184;2;6;1;3;47.28204;-2.20395;4;-1;0;0;1;2; -1;1;0;1;50;Blessé léger;0
202300040557;155 608 657;B01;1;0;2;8;0;5;203 754 918;2;2;1;1;2021.0;0;2;-1;-1;8;12;2023;07:40;5;69;69383;2;3;2;3;45.75355;4.85195;4;1;1;0;1;1; -1;2;0;1;30;Indemne;4
202300040557;155 608 657;B01;1;0;2;8;0;5;203 754 918;2;2;1;1;2021.0;0;2;-1;-1;8;12;2023;07:40;5;69;69383;2;3;2;3;45.75355;4.85195;4;1;1;2;1;1; -1;2;0;1;30;Indemne;4
202300040557;155 608 657;B01;1;0;2;8;0;5;203 754 920;1;1;4;2;1986.0;0;2;-1;-1;8;12;2023;07:40;5;69;69383;2;3;2;3;45.75355;4.85195;4;1;1;0;1;1; -1;2;0;1;30;Blessé léger;4
202300040557;155 608 657;B01;1;0;2;8;0;5;203 754 920;1;1;4;2;1986.0;0;2;-1;-1;8;12;2023;07:40;5;69;69383;2;3;2;3;45.75355;4.85195;4;1;1;2;1;1; -1;2;0;1;30;Blessé léger;4
202300040557;155 608 657;B01;1;0;2;8;0;5;203 754 921;2;2;1;1;2019.0;0;2;-1;-1;8;12;2023;07:40;5;69;69383;2;3;2;3;45.75355;4.85195;4;1;1;0;1;1; -1;2;0;1;30;Indemne;4
202300040557;155 608 657;B01;1;0;2;8;0;5;203 754 921;2;2;1;1;2019.0;0;2;-1;-1;8;12;2023;07:40;5;69;69383;2;3;2;3;45.75355;4.85195;4;1;1;2;1;1; -1;2;0;1;30;Indemne;4
202300040561;155 608 649;B01;10;0;2;2;1;1;203 754 907;1;1;1;1;1958.0;0;1;-1;-1;1;9;2023;19:05;1;33;33063;2;1;1;3;44.85225101;-0.56805164;4;2;6;3;1;1; -1;1;0;1;50;Indemne;4
202300040561;155 608 650;A01;1;0;2;7;19;5;203 754 908;1;1;1;1;2004.0;0;0;-1;-1;1;9;2023;19:05;1;33;33063;2;1;1;3;44.85225101;-0.56805164;4;2;6;3;1;1; -1;1;0;1;50;Indemne;4
202300040561;155 608 650;A01;1;0;2;7;19;5;203 754 909;2;2;4;1;2004.0;0;0;-1;-1;1;9;2023;19:05;1;33;33063;2;1;1;3;44.85225101;-0.56805164;4;2;6;3;1;1; -1;1;0;1;50;Blessé léger;4
202300040566;155 608 640;A01;7;0;2;4;4;1;203 754 893;1;1;1;1;1969.0;5;1;0;-1;1;9;2023;09:36;1;22;22278;2;1;8;2;48.50962;-2.75478;4;2;3;3;4;1; -1;3;0;6;30;Indemne;4
202300040566;155 608 641;B01;1;0;2;1;1;5;203 754 895;1;1;4;1;2000.0;1;8;0;-1;1;9;2023;09:36;1;22;22278;2;1;8;2;48.50962;-2.75478;4;2;3;3;4;1; -1;3;0;6;30;Blessé léger;4
202300040597;155 608 590;A01;7;0;2;2;15;1;203 754 829;1;1;1;2;1964.0;0;0;-1;-1;8;12;2023;13:30;1;79;79191;2;2;1;3;46.32737;-0.45487;4;2;2;0;2;1;5,5;2;0;1;30;Indemne;4
202300040597;155 608 590;A01;7;0;2;2;15;1;203 754 829;1;1;1;2;1964.0;0;0;-1;-1;8;12;2023;13:30;1;79;79191;2;2;1;3;46.32737;-0.45487;4;2;2;0;2;1; -1;2;0;1;30;Indemne;4
202300040597;155 608 592;B01;1;0;2;1;25;5;203 754 831;1;1;4;1;2011.0;0;0;-1;-1;8;12;2023;13:30;1;79;79191;2;2;1;3;46.32737;-0.45487;4;2;2;0;2;1;5,5;2;0;1;30;Blessé léger;4
202300040597;155 608 592;B01;1;0;2;1;25;5;203 754 831;1;1;4;1;2011.0;0;0;-1;-1;8;12;2023;13:30;1;79;79191;2;2;1;3;46.32737;-0.45487;4;2;2;0;2;1; -1;2;0;1;30;Blessé léger;4
202300040598;155 608 586;B01;1;0;2;0;2;5;203 754 825;1;1;3;1;1936.0;3;2;-1;-1;3;10;2023;17:10;1;22;22152;1;6;1;3;48.76050909;-3.29320818;3;1;2;0;2;2; -1;1;0;1;30;Blessé hospitalisé;1
202300040598;155 608 588;A01;7;0;9;0;1;1;203 754 827;1;1;1;1;1942.0;0;1;-1;-1;3;10;2023;17:10;1;22;22152;1;6;1;3;48.76050909;-3.29320818;3;1;2;0;2;2; -1;1;0;1;30;Indemne;1
202300040610;155 608 562;A01;1;0;2;1;1;5;203 754 794;1;1;4;1;2003.0;5;2;-1;-1;4;10;2023;15:15;1;72;72146;1;1;1;2;47.874411;0.116826;4;2;2;0;1;1; -1;1;0;1;50;Blessé léger;2
202300040610;155 608 563;B01;7;0;0;4;23;1;203 754 795;1;1;1;2;1978.0;5;1;-1;-1;4;10;2023;15:15;1;72;72146;1;1;1;2;47.874411;0.116826;4;2;2;0;1;1; -1;1;0;1;50;Indemne;2
202300040624;155 608 538;A01;1;0;2;8;19;5;203 754 760;1;1;2;1;1956.0;5;0;-1;-1;4;10;2023;15:00;1;987;98733;2;1;1;3;-17.673322;-149.590627;3;2;2;2;1;1; -1;1;0;1;60;Tué;2
202300040624;155 608 540;B01;33;0;2;1;21;1;203 754 762;1;1;4;1;2002.0;3;2;6;9;4;10;2023;15:00;1;987;98733;2;1;1;3;-17.673322;-149.590627;3;2;2;2;1;1; -1;1;0;1;60;Blessé léger;2
202300040630;155 608 528;A01;7;0;2;3;1;1;203 754 749;1;1;1;1;2005.0;2;1;8;-1;8;12;2023;12:00;1;67;67482;2;1;1;3;48.58747;7.69977;4;3;3;1;1;1; -1;2;0;1;50;Indemne;4
202300040630;155 608 530;B01;1;0;2;8;15;5;203 754 751;1;1;4;1;1980.0;1;8;0;-1;8;12;2023;12:00;1;67;67482;2;1;1;3;48.58747;7.69977;4;3;3;1;1;1; -1;2;0;1;50;Blessé léger;4
202300040634;155 608 523;B01;1;0;2;1;1;5;203 754 743;1;1;3;1;2007.0;5;2;-1;-1;4;10;2023;16:10;1;63;63263;1;4;1;3;45.782089;3.038734;3;2;4;0;2;1; -1;1;0;1;70;Blessé hospitalisé;2
202300040634;155 608 523;B01;1;0;2;1;1;5;203 754 743;1;1;3;1;2007.0;5;2;-1;-1;4;10;2023;16:10;1;63;63263;1;4;1;3;45.782089;3.038734;3;2;2;-1;2;1; -1;1;0;1;70;Blessé hospitalisé;2
202300040642;155 608 510;B01;7;0;2;7;16;1;203 754 728;1;1;1;2;1988.0;5;1;-1;-1;2;10;2023;18:50;1;01;01043;2;6;1;2;45.821226;4.990545;3;3;2;0;1;2;7;1;0;1;80;Indemne;0
202300040642;155 608 512;A01;1;0;0;4;1;5;203 754 729;1;1;4;1;1962.0;5;2;-1;-1;2;10;2023;18:50;1;01;01043;2;6;1;2;45.821226;4.990545;3;3;2;0;1;2;7;1;0;1;80;Blessé léger;0
202300040644;155 608 508;A01;1;0;1;1;1;5;203 754 723;1;1;1;2;2007.0;0;8;0;-1;8;12;2023;18:25;5;49;49007;2;1;2;6;47.47497;-0.53538;4;2;2;0;1;1; -1;2;0;1;50;Indemne;4
202300040644;155 608 508;A01;1;0;1;1;1;5;203 754 725;10;3;4;1;1948.0;0;0;-1;-1;8;12;2023;18:25;5;49;49007;2;1;2;6;47.47497;-0.53538;4;2;2;0;1;1; -1;2;0;1;50;Blessé léger;4
202300040648;155 608 500;A01;7;0;2;2;2;0;203 754 716;1;1;1;2;1983.0;1;1;-1;-1;5;10;2023;08:45;1;46;46175;1;1;7;2;44.61605329;2.00107813;3;2;2;0;2;1;4;1;0;1;80;Indemne;3
202300040648;155 608 501;B01;1;0;2;4;2;5;203 754 717;1;1;4;1;1977.0;1;2;-1;-1;5;10;2023;08:45;1;46;46175;1;1;7;2;44.61605329;2.00107813;3;2;2;0;2;1;4;1;0;1;80;Blessé léger;3
202300040650;155 608 496;A01;7;0;2;2;9;0;203 754 712;1;1;1;2;1954.0;9;1;-1;-1;4;10;2023;16:20;1;31;31004;1;6;1;2;43.450987;1.590657;3;1;2;0;1;2;4;1;5;1;80;Indemne;2
202300040650;155 608 497;B01;1;0;2;4;1;5;203 754 713;1;1;3;1;1966.0;5;2;6;-1;4;10;2023;16:20;1;31;31004;1;6;1;2;43.450987;1.590657;3;1;2;0;1;2;4;1;5;1;80;Blessé hospitalisé;2
202300040660;155 608 474;B01;1;0;2;1;1;5;203 754 687;1;1;4;2;1970.0;1;2;4;-1;8;12;2023;08:50;1;35;35238;2;1;1;3;48.103189;-1.703702;4;2;2;0;1;1; -1;1;0;1;30;Blessé léger;4
202300040660;155 608 476;A01;7;0;2;3;11;1;203 754 689;1;1;1;1;1988.0;2;8;0;-1;8;12;2023;08:50;1;35;35238;2;1;1;3;48.103189;-1.703702;4;2;2;0;1;1; -1;1;0;1;30;Indemne;4
202300040683;155 608 423;B01;1;0;2;7;1;5;203 754 618;1;1;3;1;1982.0;1;9;-1;-1;4;1;2023;08:15;3;35;35024;1;3;2;3;48.161187;-1.648014;3;1;1;-1;2;1; -1;2;0;1;30;Blessé hospitalisé;2
202300040683;155 608 423;B01;1;0;2;7;1;5;203 754 618;1;1;3;1;1982.0;1;9;-1;-1;4;1;2023;08:15;3;35;35024;1;3;2;3;48.161187;-1.648014;3;2;2;0;1;1; -1;2;0;1;70;Blessé hospitalisé;2
202300040683;155 608 425;A01;7;0;2;1;16;1;203 754 620;1;1;1;1;1964.0;1;1;-1;-1;4;1;2023;08:15;3;35;35024;1;3;2;3;48.161187;-1.648014;3;1;1;-1;2;1; -1;2;0;1;30;Indemne;2
202300040683;155 608 425;A01;7;0;2;1;16;1;203 754 620;1;1;1;1;1964.0;1;1;-1;-1;4;1;2023;08:15;3;35;35024;1;3;2;3;48.161187;-1.648014;3;2;2;0;1;1; -1;2;0;1;70;Indemne;2
202300040706;155 608 381;B01;1;0;2;1;1;5;203 754 565;1;1;4;1;1972.0;1;2;0;-1;2;10;2023;19:00;1;87;87085;2;3;1;3;45.82797;1.25155;4;2;2;0;1;1; -1;1;0;1;30;Blessé léger;0
202300040706;155 608 381;B01;1;0;2;1;1;5;203 754 565;1;1;4;1;1972.0;1;2;0;-1;2;10;2023;19:00;1;87;87085;2;3;1;3;45.82797;1.25155;4;1;1;1;1;1; -1;1;0;1;30;Blessé léger;0
202300040706;155 608 382;A01;7;0;2;3;15;1;203 754 566;1;1;1;1;1996.0;1;1;0;-1;2;10;2023;19:00;1;87;87085;2;3;1;3;45.82797;1.25155;4;2;2;0;1;1; -1;1;0;1;30;Indemne;0
202300040706;155 608 382;A01;7;0;2;3;15;1;203 754 566;1;1;1;1;1996.0;1;1;0;-1;2;10;2023;19:00;1;87;87085;2;3;1;3;45.82797;1.25155;4;1;1;1;1;1; -1;1;0;1;30;Indemne;0
202300040711;155 608 373;A01;7;0;2;2;9;0;203 754 552;1;1;1;1;1979.0;1;8;0;-1;3;10;2023;18:55;1;81;81004;2;6;1;3;43.92111;2.16887;3;1;2;0;1;2;5;1;9;1;50;Indemne;1
202300040711;155 608 375;B01;1;0;2;4;1;5;203 754 554;1;1;4;2;1964.0;0;8;0;-1;3;10;2023;18:55;1;81;81004;2;6;1;3;43.92111;2.16887;3;1;2;0;1;2;5;1;9;1;50;Blessé léger;1
202300040713;155 608 370;A01;7;0;2;3;13;1;203 754 549;1;1;1;1;1967.0;1;1;0;-1;2;10;2023;12:58;1;81;81004;2;1;7;2;43.92666;2.15358;4;1;1;0;1;2; -1;1;0;1;50;Indemne;0
202300040713;155 608 372;B01;1;0;0;5;1;5;203 754 551;1;1;3;1;1964.0;0;8;0;-1;2;10;2023;12:58;1;81;81004;2;1;7;2;43.92666;2.15358;4;1;1;0;1;2; -1;1;0;1;50;Blessé hospitalisé;0
202300040720;155 608 354;B01;7;0;2;0;1;1;203 754 534;1;1;1;1;1993.0;0;1;8;-1;3;10;2023;10:25;1;77;77243;2;9;2;3;48.877888;2.716535;4;2;2;0;2;1; -1;2;5;1;50;Indemne;1
202300040720;155 608 355;A01;1;0;2;1;15;5;203 754 535;1;1;4;1;1950.0;0;8;0;-1;3;10;2023;10:25;1;77;77243;2;9;2;3;48.877888;2.716535;4;2;2;0;2;1; -1;2;5;1;50;Blessé léger;1
202300040722;155 608 353;B01;1;0;2;1;1;5;203 754 533;1;1;3;1;1962.0;5;2;-1;-1;14;1;2023;13:10;1;70;70116;2;3;8;3;47.611747;6.735628;3;2;2;0;4;2; -1;1;0;1;50;Blessé hospitalisé;5
202300040722;155 608 353;B01;1;0;2;1;1;5;203 754 533;1;1;3;1;1962.0;5;2;-1;-1;14;1;2023;13:10;1;70;70116;2;3;8;3;47.611747;6.735628;3;2;2;0;4;1; -1;1;0;1;50;Blessé hospitalisé;5
202300040722;155 608 356;A01;10;0;9;3;15;1;203 754 536;1;1;1;1;1990.0;4;1;-1;-1;14;1;2023;13:10;1;70;70116;2;3;8;3;47.611747;6.735628;3;2;2;0;4;2; -1;1;0;1;50;Indemne;5
202300040722;155 608 356;A01;10;0;9;3;15;1;203 754 536;1;1;1;1;1990.0;4;1;-1;-1;14;1;2023;13:10;1;70;70116;2;3;8;3;47.611747;6.735628;3;2;2;0;4;1; -1;1;0;1;50;Indemne;5
202300040726;155 608 344;Y01;7;0;2;0;16;1;203 754 522;1;1;1;1;1997.0;0;8;-1;-1;3;10;2023;07:15;2;69;69266;2;6;8;3;45.77937;4.87503;4;1;1;2;1;2; -1;1;5;1;50;Indemne;1
202300040726;155 608 344;Y01;7;0;2;0;16;1;203 754 522;1;1;1;1;1997.0;0;8;-1;-1;3;10;2023;07:15;2;69;69266;2;6;8;3;45.77937;4.87503;4;2;2;2;1;1; -1;1;0;1;30;Indemne;1
202300040726;155 608 345;A01;1;0;2;6;15;5;203 754 523;1;1;4;2;1980.0;1;2;-1;-1;3;10;2023;07:15;2;69;69266;2;6;8;3;45.77937;4.87503;4;1;1;2;1;2; -1;1;5;1;50;Blessé léger;1
202300040726;155 608 345;A01;1;0;2;6;15;5;203 754 523;1;1;4;2;1980.0;1;2;-1;-1;3;10;2023;07:15;2;69;69266;2;6;8;3;45.77937;4.87503;4;2;2;2;1;1; -1;1;0;1;30;Blessé léger;1
202300040730;155 608 339;A01;30;0;2;1;13;3;203 754 514;1;1;1;1;1973.0;1;2;6;-1;3;10;2023;07:30;1;67;67218;2;1;1;1;48.51991;7.73259;4;2;2;1;4;1; -1;1;0;5;50;Indemne;1
202300040730;155 608 340;B01;1;0;2;1;1;5;203 754 515;1;1;4;2;1976.0;1;2;8;-1;3;10;2023;07:30;1;67;67218;2;1;1;1;48.51991;7.73259;4;2;2;1;4;1; -1;1;0;5;50;Blessé léger;1
202300040733;155 608 334;A01;7;0;9;2;17;1;203 754 507;1;1;1;1;1938.0;0;1;4;-1;3;10;2023;11:20;1;64;64348;2;1;8;3;43.3247;-0.38072;4;2;2;0;1;1; -1;1;0;1;50;Indemne;1
202300040733;155 608 336;B01;1;0;2;6;2;5;203 754 509;1;1;4;1;1995.0;5;2;8;-1;3;10;2023;11:20;1;64;64348;2;1;8;3;43.3247;-0.38072;4;2;2;0;1;1; -1;1;0;1;50;Blessé léger;1
202300040760;155 608 295;B01;1;0;2;7;1;5;203 754 453;1;1;4;1;1976.0;5;2;0;-1;2;10;2023;13:45;1;56;56121;2;6;1;3;47.7516;-3.3694;4;3;2;0;1;2; -1;1;5;1;30;Blessé léger;0
202300040760;155 608 296;A01;7;0;2;1;9;1;203 754 454;1;1;1;1;1948.0;5;1;0;-1;2;10;2023;13:45;1;56;56121;2;6;1;3;47.7516;-3.3694;4;3;2;0;1;2; -1;1;5;1;30;Indemne;0
202300040778;155 608 265;A01;30;0;2;1;1;1;203 754 412;1;1;4;2;2005.0;1;2;0;-1;3;10;2023;07:39;3;37;37122;2;1;8;2;47.34815;0.65329;4;2;2;0;1;1; -1;2;0;1;50;Blessé léger;1
202300040778;155 608 267;B01;1;0;2;4;1;5;203 754 414;1;1;4;1;1997.0;1;8;0;-1;3;10;2023;07:39;3;37;37122;2;1;8;2;47.34815;0.65329;4;2;2;0;1;1; -1;2;0;1;50;Blessé léger;1
202300040786;155 608 248;A01;7;0;2;2;1;1;203 754 391;1;1;1;2;1960.0;0;1;-1;-1;2;10;2023;17:35;1;35;35238;2;2;1;3;48.08833;-1.66917;4;2;2;0;1;1; -1;1;5;1;30;Indemne;0
202300040786;155 608 248;A01;7;0;2;2;1;1;203 754 391;1;1;1;2;1960.0;0;1;-1;-1;2;10;2023;17:35;1;35;35238;2;2;1;3;48.08833;-1.66917;4;3;2;2;1;1; -1;1;5;5;30;Indemne;0
202300040786;155 608 252;B01;1;0;2;8;1;5;203 754 396;1;1;4;1;1995.0;0;8;-1;-1;2;10;2023;17:35;1;35;35238;2;2;1;3;48.08833;-1.66917;4;2;2;0;1;1; -1;1;5;1;30;Blessé léger;0
202300040786;155 608 252;B01;1;0;2;8;1;5;203 754 396;1;1;4;1;1995.0;0;8;-1;-1;2;10;2023;17:35;1;35;35238;2;2;1;3;48.08833;-1.66917;4;3;2;2;1;1; -1;1;5;5;30;Blessé léger;0