Num_Acc;id_vehicule;num_veh;catv;obs;obsm;choc;manv;motor;id_usager;place;catu;grav;sexe;an_nais;trajet;secu1;secu2;secu3;jour;mois;an;hrmn;lum;dep;com;agg;int;atm;col;lat;long;catr;circ;nbv;vosp;prof;plan;larrout;surf;infra;situ;vma;gravity;day_of_week
202300040789;155 608 245;B01;1;0;2;0;1;5;203 754 388;1;1;4;2;1996.0;5;8;0;-1;3;10;2023;22:30;4;34;34172;2;1;1;1;43.5955;3.86573;4;1;2;0;1;1; -1;1;0;1;30;Blessé léger;1
202300040789;155 608 247;A01;7;0;2;1;1;1;203 754 390;1;1;1;1;1993.0;5;1;0;-1;3;10;2023;22:30;4;34;34172;2;1;1;1;43.5955;3.86573;4;1;2;0;1;1; -1;1;0;1;30;Indemne;1
202300040819;155 608 179;A01;7;0;2;7;2;1;203 754 296;1;1;1;1;1993.0;5;8;0;-1;1;10;2023;13:45;1;75;75119;2;2;1;3;48.883212;2.387928;4;-1; -1;0;1;1; -1;1;0;1;30;Indemne;6
202300040819;155 608 179;A01;7;0;2;7;2;1;203 754 296;1;1;1;1;1993.0;5;8;0;-1;1;10;2023;13:45;1;75;75119;2;2;1;3;48.883212;2.387928;4;2;2;0;1;1; -1;1;0;1;30;Indemne;6
202300040819;155 608 181;B01;1;0;2;1;1;5;203 754 297;1;1;4;1;1994.0;5;8;0;-1;1;10;2023;13:45;1;75;75119;2;2;1;3;48.883212;2.387928;4;-1; -1;0;1;1; -1;1;0;1;30;Blessé léger;6
202300040819;155 608 181;B01;1;0;2;1;1;5;203 754 297;1;1;4;1;1994.0;5;8;0;-1;1;10;2023;13:45;1;75;75119;2;2;1;3;48.883212;2.387928;4;2;2;0;1;1; -1;1;0;1;30;Blessé léger;6
202300040821;155 608 175;A01;32;0;2;7;1;1;203 754 291;1;1;4;1;1996.0;9;2;0;-1;3;10;2023;14:40;1;75;75116;2;2;1;3;48.87494;2.271083;4;2;2;2;1;1; -1;1;0;1;50;Blessé léger;1
202300040821;155 608 175;A01;32;0;2;7;1;1;203 754 291;1;1;4;1;1996.0;9;2;0;-1;3;10;2023;14:40;1;75;75116;2;2;1;3;48.87494;2.271083;4;2;2;0;1;1; -1;1;0;1;50;Blessé léger;1
202300040821;155 608 176;B01;1;0;2;8;19;5;203 754 292;1;1;1;1;1994.0;9;8;0;-1;3;10;2023;14:40;1;75;75116;2;2;1;3;48.87494;2.271083;4;2;2;2;1;1; -1;1;0;1;50;Indemne;1
202300040821;155 608 176;B01;1;0;2;8;19;5;203 754 292;1;1;1;1;1994.0;9;8;0;-1;3;10;2023;14:40;1;75;75116;2;2;1;3;48.87494;2.271083;4;2;2;0;1;1; -1;1;0;1;50;Indemne;1
202300040824;155 608 171;A01;1;0;2;0;10;5;203 754 284;1;1;4;2;1989.0;9;8;0;-1;2;10;2023;23:45;5;75;75115;2;2;1;3;48.837241;2.296444;4;2;2;0;1;1; -1;1;0;1;30;Blessé léger;0
202300040824;155 608 171;A01;1;0;2;0;10;5;203 754 284;1;1;4;2;1989.0;9;8;0;-1;2;10;2023;23:45;5;75;75115;2;2;1;3;48.837241;2.296444;4;1;2;1;1;1; -1;1;0;1;30;Blessé léger;0
202300040824;155 608 172;B01;31;0;2;0;1;1;203 754 287;1;1;4;2;1958.0;9;2;8;-1;2;10;2023;23:45;5;75;75115;2;2;1;3;48.837241;2.296444;4;2;2;0;1;1; -1;1;0;1;30;Blessé léger;0
202300040824;155 608 172;B01;31;0;2;0;1;1;203 754 287;1;1;4;2;1958.0;9;2;8;-1;2;10;2023;23:45;5;75;75115;2;2;1;3;48.837241;2.296444;4;1;2;1;1;1; -1;1;0;1;30;Blessé léger;0
202300040825;155 608 169;B01;1;12;2;8;1;5;203 754 283;1;1;4;1;2003.0;5;8;0;-1;3;10;2023;13:35;1;75;75114;2;1;1;6;48.835204;2.333174;4;2;2;0;1;1; -1;2;0;1;30;Blessé léger;1
202300040830;155 608 161;A01;1;0;1;1;1;5;203 754 271;1;1;1;2;2006.0;2;8;8;-1;3;10;2023;13:40;1;75;75113;2;2;1;6;48.831077;2.344252;4;1;2;1;1;1; -1;1;0;1;30;Indemne;1
202300040830;155 608 161;A01;1;0;1;1;1;5;203 754 271;1;1;1;2;2006.0;2;8;8;-1;3;10;2023;13:40;1;75;75113;2;2;1;6;48.831077;2.344252;4;2;2;0;1;1; -1;1;0;1;30;Indemne;1
202300040830;155 608 161;A01;1;0;1;1;1;5;203 754 273;10;3;4;2;1945.0;5;0;-1;-1;3;10;2023;13:40;1;75;75113;2;2;1;6;48.831077;2.344252;4;1;2;1;1;1; -1;1;0;1;30;Blessé léger;1
202300040830;155 608 161;A01;1;0;1;1;1;5;203 754 273;10;3;4;2;1945.0;5;0;-1;-1;3;10;2023;13:40;1;75;75113;2;2;1;6;48.831077;2.344252;4;2;2;0;1;1; -1;1;0;1;30;Blessé léger;1
202300040837;155 608 148;A01;1;0;2;8;7;5;203 754 255;1;1;4;1;1997.0;1;8;0;-1;3;10;2023;18:40;1;75;75108;2;2;1;3;48.875249;2.324264;4;2;6;3;2;1; -1;1;0;1;30;Blessé léger;1
202300040837;155 608 148;A01;1;0;2;8;7;5;203 754 255;1;1;4;1;1997.0;1;8;0;-1;3;10;2023;18:40;1;75;75108;2;2;1;3;48.875249;2.324264;4;2;5;3;1;1; -1;1;0;1;30;Blessé léger;1
202300040837;155 608 150;B01;7;0;2;3;15;1;203 754 256;1;1;1;1;1974.0;1;1;0;-1;3;10;2023;18:40;1;75;75108;2;2;1;3;48.875249;2.324264;4;2;6;3;2;1; -1;1;0;1;30;Indemne;1
202300040837;155 608 150;B01;7;0;2;3;15;1;203 754 256;1;1;1;1;1974.0;1;1;0;-1;3;10;2023;18:40;1;75;75108;2;2;1;3;48.875249;2.324264;4;2;5;3;1;1; -1;1;0;1;30;Indemne;1
202300040853;155 608 121;A01;7;0;2;2;15;1;203 754 220;1;1;1;1;1933.0;5;1;-1;-1;12;1;2023;18:20;5;79;79191;2;2;2;3;46.31024;-0.46677;3;2;2;1;1;1;7,5;2;0;1;50;Indemne;3
202300040853;155 608 121;A01;7;0;2;2;15;1;203 754 220;1;1;1;1;1933.0;5;1;-1;-1;12;1;2023;18:20;5;79;79191;2;2;2;3;46.31024;-0.46677;3;2;2;0;1;1; -1;2;0;1;50;Indemne;3
202300040853;155 608 122;B01;1;0;2;1;1;5;203 754 221;1;1;4;1;1981.0;1;8;-1;-1;12;1;2023;18:20;5;79;79191;2;2;2;3;46.31024;-0.46677;3;2;2;1;1;1;7,5;2;0;1;50;Blessé léger;3
202300040853;155 608 122;B01;1;0;2;1;1;5;203 754 221;1;1;4;1;1981.0;1;8;-1;-1;12;1;2023;18:20;5;79;79191;2;2;2;3;46.31024;-0.46677;3;2;2;0;1;1; -1;2;0;1;50;Blessé léger;3
202300040858;155 608 112;A01;7;0;2;2;15;1;203 754 208;1;1;1;1;1966.0;0;1;0;-1;10;1;2023;17:00;2;76;76447;2;3;1;3;49.54726;0.17732;4;2; -1;0;1;1; -1;1;0;1;30;Indemne;1
202300040858;155 608 112;A01;7;0;2;2;15;1;203 754 208;1;1;1;1;1966.0;0;1;0;-1;10;1;2023;17:00;2;76;76447;2;3;1;3;49.54726;0.17732;4;2;2;0;2;3; -1;1;0;1;30;Indemne;1
202300040858;155 608 113;B01;1;0;2;1;1;5;203 754 210;1;1;3;1;1962.0;5;2;0;-1;10;1;2023;17:00;2;76;76447;2;3;1;3;49.54726;0.17732;4;2; -1;0;1;1; -1;1;0;1;30;Blessé hospitalisé;1
202300040858;155 608 113;B01;1;0;2;1;1;5;203 754 210;1;1;3;1;1962.0;5;2;0;-1;10;1;2023;17:00;2;76;76447;2;3;1;3;49.54726;0.17732;4;2;2;0;2;3; -1;1;0;1;30;Blessé hospitalisé;1
202300040874;155 608 087;B01;7;0;2;3;9;1;203 754 171;1;1;1;1;1970.0;5;1;0;-1;12;1;2023;07:00;5;64;64445;2;2;1;3;43.30458;-0.36821;4;2;0;3;1;1; -1;2;0;6;50;Indemne;3
202300040874;155 608 087;B01;7;0;2;3;9;1;203 754 171;1;1;1;1;1970.0;5;1;0;-1;12;1;2023;07:00;5;64;64445;2;2;1;3;43.30458;-0.36821;4;1;1;3;1;1; -1;2;5;1;50;Indemne;3
202300040874;155 608 088;A01;1;0;2;1;9;5;203 754 172;1;1;4;1;1993.0;4;8;0;-1;12;1;2023;07:00;5;64;64445;2;2;1;3;43.30458;-0.36821;4;2;0;3;1;1; -1;2;0;6;50;Blessé léger;3
202300040874;155 608 088;A01;1;0;2;1;9;5;203 754 172;1;1;4;1;1993.0;4;8;0;-1;12;1;2023;07:00;5;64;64445;2;2;1;3;43.30458;-0.36821;4;1;1;3;1;1; -1;2;5;1;50;Blessé léger;3
202300040877;155 608 081;A01;7;0;2;2;20;1;203 754 165;1;1;1;1;1990.0;5;1;0;-1;2;10;2023;17:45;1;92;92049;2;1;1;3;48.81685586;2.30686158;3;2;4;2;1;1; -1;1;0;1;50;Indemne;0
202300040877;155 608 082;B01;1;0;2;1;1;5;203 754 166;1;1;4;1;1988.0;1;8;0;-1;2;10;2023;17:45;1;92;92049;2;1;1;3;48.81685586;2.30686158;3;2;4;2;1;1; -1;1;0;1;50;Blessé léger;0
202300040885;155 608 068;B01;1;0;2;4;1;5;203 754 147;1;1;4;2;1963.0;5;2;0;-1;7;1;2023;11:05;1;54;54395;2;2;1;6;48.67087557;6.16430104;4;2; -1;0;1;1; -1;1;0;1;30;Blessé léger;5
202300040885;155 608 068;B01;1;0;2;4;1;5;203 754 147;1;1;4;2;1963.0;5;2;0;-1;7;1;2023;11:05;1;54;54395;2;2;1;6;48.67087557;6.16430104;4;1;1;2;1;1; -1;1;-1;1;30;Blessé léger;5
202300040890;155 608 059;A01;7;0;0;8;22;1;203 754 137;1;1;1;1;1962.0;0;8;0;-1;3;10;2023;08:55;1;92;92019;2;1;2;6;48.77306598;2.27606267;3;2;2;1;2;1; -1;2;0;5;50;Indemne;1
202300040890;155 608 060;B01;1;1;0;3;22;5;203 754 138;1;1;3;1;1964.0;0;8;0;-1;3;10;2023;08:55;1;92;92019;2;1;2;6;48.77306598;2.27606267;3;2;2;1;2;1; -1;2;0;5;50;Blessé hospitalisé;1
202300040893;155 608 054;A01;7;0;2;3;9;1;203 754 130;1;1;1;2;1982.0;5;1;8;-1;9;1;2023;13:50;1;49;49099;2;6;1;3;47.04919;-0.86943;4;2;2;0;1;1; -1;1;0;1;50;Indemne;0
202300040893;155 608 054;A01;7;0;2;3;9;1;203 754 130;1;1;1;2;1982.0;5;1;8;-1;9;1;2023;13:50;1;49;49099;2;6;1;3;47.04919;-0.86943;4;2;2;0;1;1; -1;1;0;1;50;Indemne;0
202300040893;155 608 056;B01;1;0;2;1;1;5;203 754 132;1;1;3;2;1964.0;1;8;0;-1;9;1;2023;13:50;1;49;49099;2;6;1;3;47.04919;-0.86943;4;2;2;0;1;1; -1;1;0;1;50;Blessé hospitalisé;0
202300040893;155 608 056;B01;1;0;2;1;1;5;203 754 132;1;1;3;2;1964.0;1;8;0;-1;9;1;2023;13:50;1;49;49099;2;6;1;3;47.04919;-0.86943;4;2;2;0;1;1; -1;1;0;1;50;Blessé hospitalisé;0
202300040894;155 608 053;B01;1;5;0;4;26;5;203 754 129;1;1;2;1;1974.0;0;8;0;-1;3;10;2023;00:10;5;92;92007;2;1;1;2;48.78496679;2.30676162;3;2;2;0;1;1; -1;1;0;1;50;Tué;1
202300040894;155 608 055;A01;10;9;0;1;0;1;203 754 131;1;1;1;1;2000.0;0;1;8;-1;3;10;2023;00:10;5;92;92007;2;1;1;2;48.78496679;2.30676162;3;2;2;0;1;1; -1;1;0;1;50;Indemne;1
202300040897;155 608 049;A01;1;0;1;3;1;5;203 754 122;1;1;1;1;1972.0;1;8;0;-1;3;10;2023;17:20;1;92;92014;2;1;1;6;48.77889;2.31516;6;-1;0;0;2;1; -1;1;0;3;50;Indemne;1
202300040897;155 608 049;A01;1;0;1;3;1;5;203 754 123;10;3;4;1;1981.0;3;0;-1;-1;3;10;2023;17:20;1;92;92014;2;1;1;6;48.77889;2.31516;6;-1;0;0;2;1; -1;1;0;3;50;Blessé léger;1
202300040900;155 608 044;B01;7;0;2;2;1;1;203 754 116;1;1;1;1;1935.0;0;1;-1;-1;12;1;2023;14:55;1;47;47031;2;1;1;3;44.1879;0.6309;3;-1;2;0;1;1; -1;1;0;1;50;Indemne;3
202300040900;155 608 045;A01;1;0;2;1;19;5;203 754 117;1;1;4;1;1997.0;0;0;-1;-1;12;1;2023;14:55;1;47;47031;2;1;1;3;44.1879;0.6309;3;-1;2;0;1;1; -1;1;0;1;50;Blessé léger;3
202300040902;155 608 040;A01;1;0;2;1;12;5;203 754 111;1;1;4;1;1997.0;1;8;4;-1;12;1;2023;18:09;5;45;45234;2;1;2;2;47.89097;1.90488;4;3;2;3;1;1; -1;2;9;6;50;Blessé léger;3
202300040902;155 608 041;B01;7;0;2;6;1;1;203 754 112;1;1;1;2;1981.0;9;1;8;-1;12;1;2023;18:09;5;45;45234;2;1;2;2;47.89097;1.90488;4;3;2;3;1;1; -1;2;9;6;50;Indemne;3
202300040907;155 608 031;A01;7;0;2;1;9;1;203 754 098;1;1;1;1;1997.0;9;1;0;-1;12;1;2023;21:05;5;44;44109;2;6;2;3;47.235202;-1.549279;4;2;0;2;2;2; -1;2;5;1;30;Indemne;3
202300040907;155 608 031;A01;7;0;2;1;9;1;203 754 098;1;1;1;1;1997.0;9;1;0;-1;12;1;2023;21:05;5;44;44109;2;6;2;3;47.235202;-1.549279;4;2;0;1;1;1; -1;2;5;1;30;Indemne;3
202300040907;155 608 032;B01;1;0;0;4;0;5;203 754 099;1;1;4;1;2005.0;0;2;0;-1;12;1;2023;21:05;5;44;44109;2;6;2;3;47.235202;-1.549279;4;2;0;2;2;2; -1;2;5;1;30;Blessé léger;3
202300040907;155 608 032;B01;1;0;0;4;0;5;203 754 099;1;1;4;1;2005.0;0;2;0;-1;12;1;2023;21:05;5;44;44109;2;6;2;3;47.235202;-1.549279;4;2;0;1;1;1; -1;2;5;1;30;Blessé léger;3
202300040910;155 608 024;B01;1;0;2;2;1;5;203 754 090;1;1;4;1;1978.0;5;2;6;-1;30;9;2023;08:30;1;06;06019;1;3;1;3;43.770373;7.332757;3;2;2;0;2;1;5,5;1;0;1;50;Blessé léger;5
202300040910;155 608 024;B01;1;0;2;2;1;5;203 754 090;1;1;4;1;1978.0;5;2;6;-1;30;9;2023;08:30;1;06;06019;1;3;1;3;43.770373;7.332757;3;2;1;-1;1;1; -1;1;0;1;-1;Blessé léger;5
202300040910;155 608 026;A01;7;0;9;2;15;1;203 754 092;1;1;1;1;1952.0;3;1;-1;-1;30;9;2023;08:30;1;06;06019;1;3;1;3;43.770373;7.332757;3;2;2;0;2;1;5,5;1;0;1;50;Indemne;5
202300040910;155 608 026;A01;7;0;9;2;15;1;203 754 092;1;1;1;1;1952.0;3;1;-1;-1;30;9;2023;08:30;1;06;06019;1;3;1;3;43.770373;7.332757;3;2;1;-1;1;1; -1;1;0;1;-1;Indemne;5
202300040915;155 608 016;B01;7;0;2;1;1;2;203 754 079;1;1;1;1;1974.0;1;8;0;-1;12;1;2023;08:45;1;38;38185;2;2;1;1;45.17511;5.72543;4;2;6;1;1;3; -1;2;0;1;50;Indemne;3
202300040915;155 608 016;B01;7;0;2;1;1;2;203 754 079;1;1;1;1;1974.0;1;8;0;-1;12;1;2023;08:45;1;38;38185;2;2;1;1;45.17511;5.72543;4;2;8;2;1;1; -1;2;0;1;50;Indemne;3
202300040915;155 608 017;A01;1;0;2;1;1;5;203 754 080;1;1;4;1;1959.0;1;2;0;-1;12;1;2023;08:45;1;38;38185;2;2;1;1;45.17511;5.72543;4;2;6;1;1;3; -1;2;0;1;50;Blessé léger;3
202300040915;155 608 017;A01;1;0;2;1;1;5;203 754 080;1;1;4;1;1959.0;1;2;0;-1;12;1;2023;08:45;1;38;38185;2;2;1;1;45.17511;5.72543;4;2;8;2;1;1; -1;2;0;1;50;Blessé léger;3
202300040920;155 608 007;A01;7;0;2;2;9;1;203 754 067;1;1;1;1;2001.0;5;1;-1;-1;25;7;2023;00:32;5;33;33522;2;6;1;3;44.79984;-0.58479;4;2;2;0;1;2; -1;1;5;1;50;Indemne;1
202300040920;155 608 007;A01;7;0;2;2;9;1;203 754 067;1;1;1;1;2001.0;5;1;-1;-1;25;7;2023;00:32;5;33;33522;2;6;1;3;44.79984;-0.58479;4;2;3;1;1;3; -1;1;5;1;50;Indemne;1
202300040920;155 608 009;B01;80;0;2;1;5;3;203 754 069;1;1;4;1;1999.0;5;0;-1;-1;25;7;2023;00:32;5;33;33522;2;6;1;3;44.79984;-0.58479;4;2;2;0;1;2; -1;1;5;1;50;Blessé léger;1
202300040920;155 608 009;B01;80;0;2;1;5;3;203 754 069;1;1;4;1;1999.0;5;0;-1;-1;25;7;2023;00:32;5;33;33522;2;6;1;3;44.79984;-0.58479;4;2;3;1;1;3; -1;1;5;1;50;Blessé léger;1
202300040948;155 607 953;A01;7;0;2;6;10;0;203 753 997;1;1;1;1;1994.0;9;1;0;-1;24;7;2023;09:20;1;75;75116;2;1;8;3;48.876073;2.270828;4;2;2;0;1;1; -1;1;0;1;50;Indemne;0
202300040948;155 607 954;B01;1;0;2;1;1;5;203 753 998;1;1;4;1;1998.0;9;2;0;-1;24;7;2023;09:20;1;75;75116;2;1;8;3;48.876073;2.270828;4;2;2;0;1;1; -1;1;0;1;50;Blessé léger;0
202300040954;155 607 941;B01;1;0;2;7;21;5;203 753 983;1;1;3;1;1955.0;5;2;8;-1;8;1;2023;12:55;1;15;15012;2;6;8;3;44.90525;2.45267;3;1;1;0;1;2; -1;2;5;1;50;Blessé hospitalisé;6
202300040954;155 607 943;A01;7;0;9;8;9;1;203 753 984;1;1;1;2;1985.0;5;1;0;-1;8;1;2023;12:55;1;15;15012;2;6;8;3;44.90525;2.45267;3;1;1;0;1;2; -1;2;5;1;50;Indemne;6
202300040955;155 607 940;A01;7;0;2;3;1;1;203 753 981;1;1;1;2;1999.0;5;1;0;-1;24;7;2023;17:40;1;75;75110;2;4;2;3;48.882489;2.369186;4;-1; -1;0;1;1; -1;2;0;1;30;Indemne;0
202300040955;155 607 940;A01;7;0;2;3;1;1;203 753 981;1;1;1;2;1999.0;5;1;0;-1;24;7;2023;17:40;1;75;75110;2;4;2;3;48.882489;2.369186;4;2;3;0;1;1; -1;2;0;1;30;Indemne;0
202300040955;155 607 942;B01;1;0;2;1;15;5;203 753 982;1;1;4;1;1999.0;5;8;0;-1;24;7;2023;17:40;1;75;75110;2;4;2;3;48.882489;2.369186;4;-1; -1;0;1;1; -1;2;0;1;30;Blessé léger;0
202300040955;155 607 942;B01;1;0;2;1;15;5;203 753 982;1;1;4;1;1999.0;5;8;0;-1;24;7;2023;17:40;1;75;75110;2;4;2;3;48.882489;2.369186;4;2;3;0;1;1; -1;2;0;1;30;Blessé léger;0
202300040961;155 607 929;A01;1;0;0;1;1;5;203 753 969;1;1;4;1;1978.0;5;2;8;-1;23;7;2023;10:35;1;75;75104;2;5;1;7;48.857261;2.347139;4;2;4;3;1;1; -1;1;0;1;30;Blessé léger;6
202300040961;155 607 929;A01;1;0;0;1;1;5;203 753 969;1;1;4;1;1978.0;5;2;8;-1;23;7;2023;10:35;1;75;75104;2;5;1;7;48.857261;2.347139;4;1;3;3;1;1; -1;1;0;1;30;Blessé léger;6
202300040965;155 607 924;B01;1;0;2;1;1;5;203 753 961;1;1;4;1;1995.0;0;8;0;-1;24;7;2023;07:00;1;94;94034;2;2;1;1;48.75395437;2.31274948;3;2;2;0;1;1; -1;2;0;1;50;Blessé léger;0
202300040965;155 607 924;B01;1;0;2;1;1;5;203 753 961;1;1;4;1;1995.0;0;8;0;-1;24;7;2023;07:00;1;94;94034;2;2;1;1;48.75395437;2.31274948;3;2;2;0;1;1; -1;2;0;1;50;Blessé léger;0
202300040965;155 607 925;A01;7;0;2;1;15;1;203 753 962;1;1;1;1;1962.0;1;1;4;-1;24;7;2023;07:00;1;94;94034;2;2;1;1;48.75395437;2.31274948;3;2;2;0;1;1; -1;2;0;1;50;Indemne;0
202300040965;155 607 925;A01;7;0;2;1;15;1;203 753 962;1;1;1;1;1962.0;1;1;4;-1;24;7;2023;07:00;1;94;94034;2;2;1;1;48.75395437;2.31274948;3;2;2;0;1;1; -1;2;0;1;50;Indemne;0
202300040969;155 607 917;A01;7;0;9;1;1;1;203 753 951;1;1;1;1;1983.0;0;1;0;-1;24;7;2023;23:00;3;94;94075;2;5;2;3;48.73432;2.52016;2;2;0;0;1;1;0;2;0;1;50;Indemne;0
202300040969;155 607 917;A01;7;0;9;1;1;1;203 753 951;1;1;1;1;1983.0;0;1;0;-1;24;7;2023;23:00;3;94;94075;2;5;2;3;48.73432;2.52016;2;2;2;0;1;1; -1;2;5;1;-1;Indemne;0
202300040969;155 607 918;B01;1;0;2;8;19;5;203 753 954;1;1;4;1;1983.0;0;8;0;-1;24;7;2023;23:00;3;94;94075;2;5;2;3;48.73432;2.52016;2;2;0;0;1;1;0;2;0;1;50;Blessé léger;0
202300040969;155 607 918;B01;1;0;2;8;19;5;203 753 954;1;1;4;1;1983.0;0;8;0;-1;24;7;2023;23:00;3;94;94075;2;5;2;3;48.73432;2.52016;2;2;2;0;1;1; -1;2;5;1;-1;Blessé léger;0
202300040975;155 607 908;A01;1;0;0;0;0;5;203 753 937;1;1;4;2;1985.0;0;2;0;-1;24;7;2023;09:30;1;93;93008;2;1;1;1;48.900992;2.443781;4;2;0;1;1;2; -1;1;9;5;50;Blessé léger;0
202300040975;155 607 909;B01;1;0;0;0;0;5;203 753 938;1;1;4;2;1992.0;1;8;0;-1;24;7;2023;09:30;1;93;93008;2;1;1;1;48.900992;2.443781;4;2;0;1;1;2; -1;1;9;5;50;Blessé léger;0
202300040984;155 607 893;B01;7;0;2;1;1;1;203 753 917;1;1;1;1;1965.0;1;1;-1;-1;11;1;2023;06:30;5;95;95539;2;1;2;2;48.99572;2.35222;3;2;2;0;1;1; -1;2;0;1;50;Indemne;2
202300040984;155 607 894;A01;1;12;2;9;1;5;203 753 918;1;1;4;1;1991.0;1;2;-1;-1;11;1;2023;06:30;5;95;95539;2;1;2;2;48.99572;2.35222;3;2;2;0;1;1; -1;2;0;1;50;Blessé léger;2
202300040989;155 607 887;B01;1;0;2;1;1;5;203 753 908;1;1;4;1;1967.0;0;8;0;-1;11;1;2023;14:09;1;91;91122;2;1;1;3;48.69615;2.1625;4;-1;1;0;2;1; -1;1;0;1;30;Blessé léger;2
202300040989;155 607 889;A01;7;0;2;2;1;1;203 753 910;1;1;1;2;1988.0;0;1;0;-1;11;1;2023;14:09;1;91;91122;2;1;1;3;48.69615;2.1625;4;-1;1;0;2;1; -1;1;0;1;30;Indemne;2
202300040998;155 607 872;B01;1;0;2;0;0;5;203 753 888;1;1;3;1;1960.0;0;8;4;-1;10;1;2023;07:25;3;77;77379;1;9;2;3;48.54652;3.30683;3;1;1;0;1;2; -1;1;5;1;50;Blessé hospitalisé;1
202300040998;155 607 873;A01;7;0;2;8;9;1;203 753 889;1;1;1;1;1991.0;1;1;0;-1;10;1;2023;07:25;3;77;77379;1;9;2;3;48.54652;3.30683;3;1;1;0;1;2; -1;1;5;1;50;Indemne;1
202300041003;155 607 862;A01;7;0;2;1;1;1;203 753 873;1;1;1;2;1983.0;5;1;-1;-1;24;7;2023;13:30;1;22;22322;1;3;8;3;48.472679;-3.065121;3;2;2;0;2;3; -1;1;0;1;80;Indemne;0
202300041003;155 607 862;A01;7;0;2;1;1;1;203 753 873;1;1;1;2;1983.0;5;1;-1;-1;24;7;2023;13:30;1;22;22322;1;3;8;3;48.472679;-3.065121;3;2;2;0;1;1; -1;1;0;1;80;Indemne;0
202300041003;155 607 864;B01;1;0;2;8;9;5;203 753 876;1;1;3;1;2003.0;5;2;-1;-1;24;7;2023;13:30;1;22;22322;1;3;8;3;48.472679;-3.065121;3;2;2;0;2;3; -1;1;0;1;80;Blessé hospitalisé;0
202300041003;155 607 864;B01;1;0;2;8;9;5;203 753 876;1;1;3;1;2003.0;5;2;-1;-1;24;7;2023;13:30;1;22;22322;1;3;8;3;48.472679;-3.065121;3;2;2;0;1;1; -1;1;0;1;80;Blessé hospitalisé;0
202300041011;155 607 852;A01;7;0;2;3;1;1;203 753 858;2;2;1;1;2000.0;0;1;8;-1;10;1;2023;17:45;1;67;67447;2;1;1;3;48.60007;7.7427;7;2;4;2;1;1; -1;1;0;1;50;Indemne;1
202300041011;155 607 852;A01;7;0;2;3;1;1;203 753 859;1;1;1;1;2000.0;0;1;8;-1;10;1;2023;17:45;1;67;67447;2;1;1;3;48.60007;7.7427;7;2;4;2;1;1; -1;1;0;1;50;Indemne;1
202300041011;155 607 854;B01;1;0;2;3;19;5;203 753 861;1;1;4;2;1984.0;0;8;0;-1;10;1;2023;17:45;1;67;67447;2;1;1;3;48.60007;7.7427;7;2;4;2;1;1; -1;1;0;1;50;Blessé léger;1
202300041020;155 607 836;A01;7;0;2;7;15;1;203 753 838;1;1;1;1;1965.0;1;1;-1;-1;11;1;2023;08:32;1;63;63113;2;1;1;3;45.77654;3.07662;4;2;2;0;1;1; -1;1;0;1;30;Indemne;2
202300041020;155 607 837;B01;1;0;2;1;1;5;203 753 841;1;1;4;1;1984.0;0;8;-1;-1;11;1;2023;08:32;1;63;63113;2;1;1;3;45.77654;3.07662;4;2;2;0;1;1; -1;1;0;1;30;Blessé léger;2
202300041022;155 607 832;B01;1;0;2;4;2;5;203 753 833;1;1;4;1;1962.0;0;8;-1;-1;10;1;2023;13:46;1;63;63075;2;1;1;2;45.77153;3.05628;7;2;2;0;1;1; -1;1;0;1;50;Blessé léger;1
202300041022;155 607 834;A01;7;0;2;1;2;1;203 753 836;1;1;1;2;1976.0;0;1;-1;-1;10;1;2023;13:46;1;63;63075;2;1;1;2;45.77153;3.05628;7;2;2;0;1;1; -1;1;0;1;50;Indemne;1
202300041027;155 607 825;_01;1;0;2;5;15;5;203 753 826;1;1;3;1;1994.0;3;2;-1;-1;11;1;2023;15:30;1;59;59279;2;3;2;3;50.7739;3.129565;7;2; -1;-1;1;1; -1;2;0;1;50;Blessé hospitalisé;2
202300041027;155 607 825;_01;1;0;2;5;15;5;203 753 826;1;1;3;1;1994.0;3;2;-1;-1;11;1;2023;15:30;1;59;59279;2;3;2;3;50.7739;3.129565;7;2;2;0;1;1; -1;2;0;1;50;Blessé hospitalisé;2
202300041035;155 607 812;B01;1;0;2;8;19;5;203 753 807;1;1;4;2;2011.0;2;2;-1;-1;11;1;2023;07:55;2;51;51454;2;1;2;3;49.25396;4.04085;4;2;2;0;1;1; -1;2;0;1;50;Blessé léger;2
202300041035;155 607 814;A01;7;0;2;1;1;1;203 753 809;1;1;1;2;2003.0;1;1;-1;-1;11;1;2023;07:55;2;51;51454;2;1;2;3;49.25396;4.04085;4;2;2;0;1;1; -1;2;0;1;50;Indemne;2
202300041044;155 607 800;A01;1;0;0;0;1;5;203 753 787;1;1;4;1;2004.0;9;8;0;-1;10;1;2023;08:25;2;49;49007;2;1;2;7;47.44677;-0.57231;4;2;2;0;1;1; -1;2;0;1;50;Blessé léger;1
202300041061;155 607 765;B01;1;0;0;4;2;5;203 753 740;1;1;2;1;1992.0;5;2;-1;-1;25;7;2023;18:00;2;16;16280;1;1;1;2;45.768616;0.362817;3;2;2;0;1;1;5,5;1;0;1;80;Tué;1