Num_Acc;id_vehicule;num_veh;catv;obs;obsm;choc;manv;motor;id_usager;place;catu;grav;sexe;an_nais;trajet;secu1;secu2;secu3;jour;mois;an;hrmn;lum;dep;com;agg;int;atm;col;lat;long;catr;circ;nbv;vosp;prof;plan;larrout;surf;infra;situ;vma;gravity;day_of_week
202300041061;155 607 767;A01;7;0;2;1;2;1;203 753 742;1;1;4;1;1934.0;5;1;-1;-1;25;7;2023;18:00;2;16;16280;1;1;1;2;45.768616;0.362817;3;2;2;0;1;1;5,5;1;0;1;80;Blessé léger;1
202300041084;155 607 722;A01;30;0;2;2;16;3;203 753 687;1;1;1;1;1991.0;9;2;6;-1;12;1;2023;10:00;1;75;75116;2;1;2;3;48.864021;2.288117;4;2;2;0;1;1; -1;2;0;1;30;Indemne;3
202300041084;155 607 723;B01;1;0;2;1;1;5;203 753 688;1;1;4;1;1991.0;9;8;0;-1;12;1;2023;10:00;1;75;75116;2;1;2;3;48.864021;2.288117;4;2;2;0;1;1; -1;2;0;1;30;Blessé léger;3
202300041093;155 607 706;A01;10;0;2;5;16;1;203 753 667;1;1;1;1;1990.0;1;1;5;-1;12;1;2023;11:00;1;75;75112;2;3;2;3;48.850619;2.378771;4;-1;0;1;1;1; -1;2;0;1;30;Indemne;3
202300041093;155 607 706;A01;10;0;2;5;16;1;203 753 667;1;1;1;1;1990.0;1;1;5;-1;12;1;2023;11:00;1;75;75112;2;3;2;3;48.850619;2.378771;4;1;2;1;1;1; -1;2;0;1;30;Indemne;3
202300041093;155 607 708;B01;1;0;2;3;1;5;203 753 669;1;1;4;2;1950.0;9;8;0;-1;12;1;2023;11:00;1;75;75112;2;3;2;3;48.850619;2.378771;4;-1;0;1;1;1; -1;2;0;1;30;Blessé léger;3
202300041093;155 607 708;B01;1;0;2;3;1;5;203 753 669;1;1;4;2;1950.0;9;8;0;-1;12;1;2023;11:00;1;75;75112;2;3;2;3;48.850619;2.378771;4;1;2;1;1;1; -1;2;0;1;30;Blessé léger;3
202300041100;155 607 696;A01;1;0;2;1;1;5;203 753 654;1;1;4;1;1984.0;5;8;0;-1;12;1;2023;00:50;5;75;75110;2;2;1;2;48.881105;2.365169;4;1; -1;-1;1;1; -1;2;0;1;-1;Blessé léger;3
202300041100;155 607 696;A01;1;0;2;1;1;5;203 753 654;1;1;4;1;1984.0;5;8;0;-1;12;1;2023;00:50;5;75;75110;2;2;1;2;48.881105;2.365169;4;2;2;0;1;1; -1;2;0;1;30;Blessé léger;3
202300041100;155 607 697;B01;1;0;2;4;1;5;203 753 656;1;1;1;1;1990.0;5;8;0;-1;12;1;2023;00:50;5;75;75110;2;2;1;2;48.881105;2.365169;4;1; -1;-1;1;1; -1;2;0;1;-1;Indemne;3
202300041100;155 607 697;B01;1;0;2;4;1;5;203 753 656;1;1;1;1;1990.0;5;8;0;-1;12;1;2023;00:50;5;75;75110;2;2;1;2;48.881105;2.365169;4;2;2;0;1;1; -1;2;0;1;30;Indemne;3
202300041112;155 607 674;A01;1;0;2;1;1;5;203 753 627;1;1;4;1;2009.0;2;8;0;-1;12;1;2023;15:40;1;93;93066;2;3;1;3;48.93548;2.379275;4;-1;1;0;1;1; -1;1;0;1;50;Blessé léger;3
202300041112;155 607 674;A01;1;0;2;1;1;5;203 753 627;1;1;4;1;2009.0;2;8;0;-1;12;1;2023;15:40;1;93;93066;2;3;1;3;48.93548;2.379275;4;1;1;0;1;1; -1;1;0;1;50;Blessé léger;3
202300041112;155 607 676;B01;7;0;2;8;1;1;203 753 630;1;1;1;1;1996.0;5;1;0;-1;12;1;2023;15:40;1;93;93066;2;3;1;3;48.93548;2.379275;4;-1;1;0;1;1; -1;1;0;1;50;Indemne;3
202300041112;155 607 676;B01;7;0;2;8;1;1;203 753 630;1;1;1;1;1996.0;5;1;0;-1;12;1;2023;15:40;1;93;93066;2;3;1;3;48.93548;2.379275;4;1;1;0;1;1; -1;1;0;1;50;Indemne;3
202300041122;155 607 653;A01;80;15;0;0;0;3;203 753 603;1;1;4;1;1988.0;0;0;0;-1;23;7;2023;05:45;2;64;64125;2;1;1;6;43.44426;-1.55991;4;2;1;0;2;1; -1;1;0;3;50;Blessé léger;6
202300041155;155 607 597;A01;3;0;2;1;19;1;203 753 524;1;1;1;2;2008.0;5;1;-1;-1;22;7;2023;10:00;1;62;62491;1;2;1;6;50.612122;2.782416;3;2;2;0;1;1;4;1;0;1;80;Indemne;5
202300041155;155 607 597;A01;3;0;2;1;19;1;203 753 524;1;1;1;2;2008.0;5;1;-1;-1;22;7;2023;10:00;1;62;62491;1;2;1;6;50.612122;2.782416;3;2;2;0;1;1;4;1;0;1;80;Indemne;5
202300041155;155 607 598;C01;7;0;2;1;23;1;203 753 525;1;1;1;1;1959.0;5;1;-1;-1;22;7;2023;10:00;1;62;62491;1;2;1;6;50.612122;2.782416;3;2;2;0;1;1;4;1;0;1;80;Indemne;5
202300041155;155 607 598;C01;7;0;2;1;23;1;203 753 525;1;1;1;1;1959.0;5;1;-1;-1;22;7;2023;10:00;1;62;62491;1;2;1;6;50.612122;2.782416;3;2;2;0;1;1;4;1;0;1;80;Indemne;5
202300041155;155 607 599;B01;1;0;2;8;1;5;203 753 526;1;1;3;1;1943.0;5;2;-1;-1;22;7;2023;10:00;1;62;62491;1;2;1;6;50.612122;2.782416;3;2;2;0;1;1;4;1;0;1;80;Blessé hospitalisé;5
202300041155;155 607 599;B01;1;0;2;8;1;5;203 753 526;1;1;3;1;1943.0;5;2;-1;-1;22;7;2023;10:00;1;62;62491;1;2;1;6;50.612122;2.782416;3;2;2;0;1;1;4;1;0;1;80;Blessé hospitalisé;5
202300041213;155 607 508;A01;1;0;0;0;26;5;203 753 400;1;1;3;2;1993.0;5;2;-1;-1;22;6;2023;12:00;1;84;84049;1;1;1;7;44.178988;5.015109;4;2;2;0;2;1; -1;1;0;1;30;Blessé hospitalisé;3
202300041214;155 607 506;B01;1;0;2;1;1;5;203 753 398;1;1;3;1;1990.0;5;2;-1;-1;12;6;2023;11:20;1;05;05007;1;1;1;1;44.770434;6.736754;3;2;2;0;2;1;5,5;1;0;1;90;Blessé hospitalisé;0
202300041214;155 607 507;A01;1;0;2;1;5;5;203 753 399;1;1;1;1;1971.0;5;2;-1;-1;12;6;2023;11:20;1;05;05007;1;1;1;1;44.770434;6.736754;3;2;2;0;2;1;5,5;1;0;1;90;Indemne;0
202300041225;155 607 489;A01;7;0;0;8;19;1;203 753 377;1;1;1;2;1989.0;1;1;-1;-1;21;6;2023;18:50;1;60;60302;2;2;1;3;49.488214;2.242429;3;2;2;0;1;1;5,5;1;0;1;50;Indemne;2
202300041225;155 607 489;A01;7;0;0;8;19;1;203 753 377;1;1;1;2;1989.0;1;1;-1;-1;21;6;2023;18:50;1;60;60302;2;2;1;3;49.488214;2.242429;3;2;2;0;1;1;5,5;1;0;1;50;Indemne;2
202300041225;155 607 490;B01;1;0;2;1;1;5;203 753 378;1;1;4;1;1977.0;5;2;-1;-1;21;6;2023;18:50;1;60;60302;2;2;1;3;49.488214;2.242429;3;2;2;0;1;1;5,5;1;0;1;50;Blessé léger;2
202300041225;155 607 490;B01;1;0;2;1;1;5;203 753 378;1;1;4;1;1977.0;5;2;-1;-1;21;6;2023;18:50;1;60;60302;2;2;1;3;49.488214;2.242429;3;2;2;0;1;1;5,5;1;0;1;50;Blessé léger;2
202300041244;155 607 449;A01;10;0;2;2;26;1;203 753 328;1;1;1;2;1969.0;5;1;0;-1;20;6;2023;16:45;1;62;62774;2;6;1;3;50.95874;1.82775;3;-1;1;0;1;2; -1;1;9;1;50;Indemne;1
202300041244;155 607 450;B01;1;0;2;8;15;5;203 753 329;1;1;4;1;2010.0;2;2;0;-1;20;6;2023;16:45;1;62;62774;2;6;1;3;50.95874;1.82775;3;-1;1;0;1;2; -1;1;9;1;50;Blessé léger;1
202300041246;155 607 447;A01;1;0;0;0;3;5;203 753 325;1;1;4;1;1997.0;5;8;0;-1;20;6;2023;01:15;5;75;75107;2;1;1;7;48.848949;2.315407;4;2;4;3;1;1; -1;1;0;1;30;Blessé léger;1
202300041253;155 607 437;A01;30;0;9;1;2;1;203 753 312;1;1;4;1;1993.0;1;2;6;-1;20;6;2023;19:50;5;974;97411;2;2;1;2;-20.88533;55.45393;4;1;2;0;1;1; -1;1;0;1;50;Blessé léger;1
202300041253;155 607 437;A01;30;0;9;1;2;1;203 753 312;1;1;4;1;1993.0;1;2;6;-1;20;6;2023;19:50;5;974;97411;2;2;1;2;-20.88533;55.45393;4;1;1;0;1;1; -1;1;0;1;50;Blessé léger;1
202300041253;155 607 438;B01;1;0;9;4;23;5;203 753 313;1;1;4;2;1997.0;1;8;0;-1;20;6;2023;19:50;5;974;97411;2;2;1;2;-20.88533;55.45393;4;1;2;0;1;1; -1;1;0;1;50;Blessé léger;1
202300041253;155 607 438;B01;1;0;9;4;23;5;203 753 313;1;1;4;2;1997.0;1;8;0;-1;20;6;2023;19:50;5;974;97411;2;2;1;2;-20.88533;55.45393;4;1;1;0;1;1; -1;1;0;1;50;Blessé léger;1
202300041264;155 607 417;B01;80;0;2;1;17;3;203 753 289;1;1;4;1;1990.0;1;8;-1;-1;15;6;2023;08:20;1;69;69202;2;9;1;3;45.7293;4.77767;7;2;2;3;1;1;12;1;0;1;50;Blessé léger;3
202300041264;155 607 418;A01;13;0;2;3;9;1;203 753 290;1;1;1;1;1981.0;4;1;-1;-1;15;6;2023;08:20;1;69;69202;2;9;1;3;45.7293;4.77767;7;2;2;3;1;1;12;1;0;1;50;Indemne;3
202300041273;155 607 399;A01;1;0;0;0;1;5;203 753 260;1;1;2;1;1951.0;5;2;0;-1;14;6;2023;15:40;1;85;85194;2;1;1;6;46.48081;-1.7316;4;2;2;0;1;1; -1;1;0;1;50;Tué;2
202300041279;155 607 388;A01;7;0;2;1;1;1;203 753 246;1;1;1;1;2003.0;1;1;0;-1;20;6;2023;13:55;1;77;77438;2;1;1;3;48.86746;2.67874;4;2;1;2;1;3; -1;1;0;5;50;Indemne;1
202300041279;155 607 389;B01;1;0;2;8;19;5;203 753 247;1;1;4;1;1985.0;1;8;0;-1;20;6;2023;13:55;1;77;77438;2;1;1;3;48.86746;2.67874;4;2;1;2;1;3; -1;1;0;5;50;Blessé léger;1
202300041281;155 607 384;B01;7;0;2;1;2;1;203 753 240;1;1;1;2;1978.0;0;1;-1;-1;16;6;2023;09:45;1;76;76351;2;6;1;2;49.52632;0.09108;4;2;0;0;1;3; -1;1;0;1;50;Indemne;4
202300041281;155 607 384;B01;7;0;2;1;2;1;203 753 240;1;1;1;2;1978.0;0;1;-1;-1;16;6;2023;09:45;1;76;76351;2;6;1;2;49.52632;0.09108;4;2;2;0;1;3; -1;1;0;1;50;Indemne;4
202300041281;155 607 385;A01;1;0;2;4;1;5;203 753 241;1;1;4;1;1957.0;0;2;0;-1;16;6;2023;09:45;1;76;76351;2;6;1;2;49.52632;0.09108;4;2;0;0;1;3; -1;1;0;1;50;Blessé léger;4
202300041281;155 607 385;A01;1;0;2;4;1;5;203 753 241;1;1;4;1;1957.0;0;2;0;-1;16;6;2023;09:45;1;76;76351;2;6;1;2;49.52632;0.09108;4;2;2;0;1;3; -1;1;0;1;50;Blessé léger;4
202300041282;155 607 382;A01;7;0;2;3;1;1;203 753 238;1;1;1;2;1986.0;0;1;0;-1;19;6;2023;17:50;1;73;73065;2;6;1;3;45.58103;5.90958;4;2;2;1;1;1; -1;1;-1;5;30;Indemne;0
202300041282;155 607 382;A01;7;0;2;3;1;1;203 753 238;1;1;1;2;1986.0;0;1;0;-1;19;6;2023;17:50;1;73;73065;2;6;1;3;45.58103;5.90958;4;2;2;1;1;1; -1;1;-1;5;50;Indemne;0
202300041282;155 607 383;B01;1;0;2;8;1;5;203 753 239;1;1;4;1;2002.0;1;2;0;-1;19;6;2023;17:50;1;73;73065;2;6;1;3;45.58103;5.90958;4;2;2;1;1;1; -1;1;-1;5;30;Blessé léger;0
202300041282;155 607 383;B01;1;0;2;8;1;5;203 753 239;1;1;4;1;2002.0;1;2;0;-1;19;6;2023;17:50;1;73;73065;2;6;1;3;45.58103;5.90958;4;2;2;1;1;1; -1;1;-1;5;50;Blessé léger;0
202300041289;155 607 369;A01;32;0;2;2;15;1;203 753 220;1;1;4;1;1978.0;5;2;0;-1;20;6;2023;18:00;1;67;67482;2;2;8;3;48.5898;7.7672;4;2;4;0;1;1; -1;1;0;1;50;Blessé léger;1
202300041289;155 607 369;A01;32;0;2;2;15;1;203 753 220;1;1;4;1;1978.0;5;2;0;-1;20;6;2023;18:00;1;67;67482;2;2;8;3;48.5898;7.7672;4;2;0;0;1;1; -1;1;5;1;50;Blessé léger;1
202300041289;155 607 370;B01;1;0;2;1;1;5;203 753 221;1;1;4;1;1986.0;0;2;0;-1;20;6;2023;18:00;1;67;67482;2;2;8;3;48.5898;7.7672;4;2;4;0;1;1; -1;1;0;1;50;Blessé léger;1
202300041289;155 607 370;B01;1;0;2;1;1;5;203 753 221;1;1;4;1;1986.0;0;2;0;-1;20;6;2023;18:00;1;67;67482;2;2;8;3;48.5898;7.7672;4;2;0;0;1;1; -1;1;5;1;50;Blessé léger;1
202300041299;155 607 351;A01;7;0;2;3;9;1;203 753 193;1;1;1;1;1955.0;5;1;0;-1;20;6;2023;22:50;3;51;51454;2;6;1;3;49.25753;4.038894;4;-1;1;1;1;1; -1;1;0;5;50;Indemne;1
202300041299;155 607 352;B01;1;0;2;2;1;5;203 753 194;1;1;4;1;2002.0;5;8;0;-1;20;6;2023;22:50;3;51;51454;2;6;1;3;49.25753;4.038894;4;-1;1;1;1;1; -1;1;0;5;50;Blessé léger;1
202300041300;155 607 349;A01;1;0;2;1;1;5;203 753 191;1;1;4;1;1963.0;0;2;8;-1;20;6;2023;17:15;1;51;51454;2;1;1;3;49.28854;3.99871;9;2;0;1;1;1; -1;1;0;5;50;Blessé léger;1
202300041300;155 607 350;B01;1;0;2;1;1;5;203 753 192;1;1;4;1;1976.0;0;2;0;-1;20;6;2023;17:15;1;51;51454;2;1;1;3;49.28854;3.99871;9;2;0;1;1;1; -1;1;0;5;50;Blessé léger;1
202300041301;155 607 347;B01;1;0;2;8;15;5;203 753 189;1;1;4;1;2010.0;2;8;0;-1;20;6;2023;13:35;1;51;51454;2;1;1;3;49.24751;4.03386;4;2;3;1;1;1; -1;1;0;1;30;Blessé léger;1
202300041301;155 607 348;A01;7;0;9;2;1;1;203 753 190;1;1;1;1;1957.0;0;1;0;-1;20;6;2023;13:35;1;51;51454;2;1;1;3;49.24751;4.03386;4;2;3;1;1;1; -1;1;0;1;30;Indemne;1
202300041306;155 607 339;B01;7;0;2;5;16;3;203 753 180;1;1;1;1;1953.0;5;1;0;-1;20;6;2023;13:00;1;44;44184;2;4;1;2;47.26343;-2.22701;4;1;2;2;2;1; -1;1;9;1;50;Indemne;1
202300041306;155 607 339;B01;7;0;2;5;16;3;203 753 180;1;1;1;1;1953.0;5;1;0;-1;20;6;2023;13:00;1;44;44184;2;4;1;2;47.26343;-2.22701;4;2;2;0;1;1; -1;1;0;1;50;Indemne;1
202300041306;155 607 340;A01;1;0;2;1;1;5;203 753 181;1;1;3;1;1973.0;1;8;0;-1;20;6;2023;13:00;1;44;44184;2;4;1;2;47.26343;-2.22701;4;1;2;2;2;1; -1;1;9;1;50;Blessé hospitalisé;1
202300041306;155 607 340;A01;1;0;2;1;1;5;203 753 181;1;1;3;1;1973.0;1;8;0;-1;20;6;2023;13:00;1;44;44184;2;4;1;2;47.26343;-2.22701;4;2;2;0;1;1; -1;1;0;1;50;Blessé hospitalisé;1
202300041309;155 607 332;B01;1;0;2;7;14;5;203 753 172;1;1;4;2;1980.0;0;0;-1;-1;17;6;2023;16:15;1;41;41018;2;1;1;3;47.58478;1.31841;4;2;3;1;1;1; -1;1;0;1;50;Blessé léger;5
202300041309;155 607 333;A01;7;0;2;8;13;1;203 753 173;1;1;1;1;1975.0;1;1;-1;-1;17;6;2023;16:15;1;41;41018;2;1;1;3;47.58478;1.31841;4;2;3;1;1;1; -1;1;0;1;50;Indemne;5
202300041312;155 607 328;A01;80;14;0;7;1;3;203 753 167;1;1;4;2;1966.0;1;2;8;-1;20;6;2023;07:45;1;37;37261;2;1;2;7;47.40104;0.68366;4;2;3;1;1;1; -1;2;0;5;30;Blessé léger;1
202300041322;155 607 313;B01;7;0;2;1;1;1;203 753 152;1;1;1;1;1988.0;0;1;0;-1;20;6;2023;07:35;1;29;29019;2;2;1;3;48.390912;-4.507737;4;-1;2;0;1;1; -1;1;0;5;30;Indemne;1
202300041322;155 607 313;B01;7;0;2;1;1;1;203 753 152;1;1;1;1;1988.0;0;1;0;-1;20;6;2023;07:35;1;29;29019;2;2;1;3;48.390912;-4.507737;4;2; -1;-1;1;1; -1;1;5;5;30;Indemne;1
202300041322;155 607 314;A01;1;0;2;1;1;5;203 753 153;1;1;4;1;1981.0;0;8;0;-1;20;6;2023;07:35;1;29;29019;2;2;1;3;48.390912;-4.507737;4;-1;2;0;1;1; -1;1;0;5;30;Blessé léger;1
202300041322;155 607 314;A01;1;0;2;1;1;5;203 753 153;1;1;4;1;1981.0;0;8;0;-1;20;6;2023;07:35;1;29;29019;2;2;1;3;48.390912;-4.507737;4;2; -1;-1;1;1; -1;1;5;5;30;Blessé léger;1
202300041328;155 607 304;A01;1;0;-1;0;0;5;203 753 141;1;1;4;1;2010.0;-1;0;-1;-1;20;6;2023;08:25;1;22;22278;2;1;1;7;48.49402;-2.74751;4;2; -1;-1;1;1; -1;1;0;-1;-1;Blessé léger;1
202300041356;155 607 256;B01;1;0;2;3;1;5;203 753 080;1;1;4;1;1989.0;1;8;0;-1;20;6;2023;09:10;1;75;75117;2;3;1;3;48.891057;2.302522;4;2;6;1;1;1; -1;1;0;5;30;Blessé léger;1
202300041356;155 607 256;B01;1;0;2;3;1;5;203 753 080;1;1;4;1;1989.0;1;8;0;-1;20;6;2023;09:10;1;75;75117;2;3;1;3;48.891057;2.302522;4;1;1;0;1;1; -1;1;0;5;30;Blessé léger;1
202300041366;155 607 240;C01;1;0;2;1;1;5;203 753 057;1;1;4;1;1990.0;9;0;-1;-1;20;6;2023;18:40;1;75;75112;2;3;1;6;48.836722;2.398433;4;1;1;2;2;3; -1;1;0;1;30;Blessé léger;1
202300041366;155 607 240;C01;1;0;2;1;1;5;203 753 057;1;1;4;1;1990.0;9;0;-1;-1;20;6;2023;18:40;1;75;75112;2;3;1;6;48.836722;2.398433;4;1;1;0;2;1; -1;1;0;1;30;Blessé léger;1
202300041366;155 607 241;A01;7;1;2;1;20;2;203 753 058;1;1;1;1;1955.0;5;1;-1;-1;20;6;2023;18:40;1;75;75112;2;3;1;6;48.836722;2.398433;4;1;1;2;2;3; -1;1;0;1;30;Indemne;1
202300041366;155 607 241;A01;7;1;2;1;20;2;203 753 058;1;1;1;1;1955.0;5;1;-1;-1;20;6;2023;18:40;1;75;75112;2;3;1;6;48.836722;2.398433;4;1;1;0;2;1; -1;1;0;1;30;Indemne;1
202300041366;155 607 241;A01;7;1;2;1;20;2;203 753 059;2;2;4;2;1936.0;5;1;-1;-1;20;6;2023;18:40;1;75;75112;2;3;1;6;48.836722;2.398433;4;1;1;2;2;3; -1;1;0;1;30;Blessé léger;1
202300041366;155 607 241;A01;7;1;2;1;20;2;203 753 059;2;2;4;2;1936.0;5;1;-1;-1;20;6;2023;18:40;1;75;75112;2;3;1;6;48.836722;2.398433;4;1;1;0;2;1; -1;1;0;1;30;Blessé léger;1
202300041368;155 607 237;B01;1;0;2;7;7;5;203 753 054;1;1;4;2;1999.0;9;8;0;-1;20;6;2023;13:30;1;75;75111;2;1;1;3;48.861786;2.367046;4;2;4;3;1;1; -1;1;9;1;30;Blessé léger;1
202300041368;155 607 238;A01;7;0;2;1;9;1;203 753 055;1;1;1;1;1985.0;9;1;0;0;20;6;2023;13:30;1;75;75111;2;1;1;3;48.861786;2.367046;4;2;4;3;1;1; -1;1;9;1;30;Indemne;1
202300041372;155 607 230;A01;1;0;1;0;1;5;203 753 046;1;1;1;1;1997.0;5;8;0;-1;20;6;2023;19:45;1;75;75109;2;4;1;6;48.872966;2.333314;4;1;4;0;1;1; -1;1;0;5;30;Indemne;1
202300041372;155 607 230;A01;1;0;1;0;1;5;203 753 046;1;1;1;1;1997.0;5;8;0;-1;20;6;2023;19:45;1;75;75109;2;4;1;6;48.872966;2.333314;4;2;4;1;1;1; -1;1;5;5;30;Indemne;1
202300041372;155 607 230;A01;1;0;1;0;1;5;203 753 047;10;3;4;2;1993.0;5;0;-1;-1;20;6;2023;19:45;1;75;75109;2;4;1;6;48.872966;2.333314;4;1;4;0;1;1; -1;1;0;5;30;Blessé léger;1
202300041372;155 607 230;A01;1;0;1;0;1;5;203 753 047;10;3;4;2;1993.0;5;0;-1;-1;20;6;2023;19:45;1;75;75109;2;4;1;6;48.872966;2.333314;4;2;4;1;1;1; -1;1;5;5;30;Blessé léger;1
202300041377;155 607 223;A01;80;0;0;0;23;3;203 753 034;1;1;4;2;2004.0;9;8;0;-1;19;6;2023;06:20;1;75;75104;2;3;1;7;48.861026;2.351369;4;1;1;0;1;1; -1;1;6;1;30;Blessé léger;0
202300041377;155 607 223;A01;80;0;0;0;23;3;203 753 034;1;1;4;2;2004.0;9;8;0;-1;19;6;2023;06:20;1;75;75104;2;3;1;7;48.861026;2.351369;4;-1;1;0;1;1; -1;1;6;1;30;Blessé léger;0
202300041381;155 607 216;A01;10;0;2;4;4;1;203 753 023;1;1;1;1;1968.0;4;1;0;-1;20;6;2023;14:30;1;94;94080;2;1;1;2;48.84968;2.43461;4;2;1;1;1;1; -1;1;0;1;30;Indemne;1
202300041381;155 607 217;Y01;1;0;2;4;23;5;203 753 024;1;1;4;2;1976.0;5;8;0;-1;20;6;2023;14:30;1;94;94080;2;1;1;2;48.84968;2.43461;4;2;1;1;1;1; -1;1;0;1;30;Blessé léger;1
202300041400;155 607 185;A01;80;0;2;1;1;3;203 752 984;1;1;4;1;2009.0;5;8;0;-1;18;6;2023;14:40;1;93;93032;2;1;1;3;48.88995036;2.52401072;4;2;2;0;1;1; -1;1;0;1;50;Blessé léger;6
202300041400;155 607 186;B01;7;0;2;3;23;1;203 752 985;1;1;1;2;2000.0;1;1;0;-1;18;6;2023;14:40;1;93;93032;2;1;1;3;48.88995036;2.52401072;4;2;2;0;1;1; -1;1;0;1;50;Indemne;6
202300041401;155 607 182;B01;1;0;2;0;0;5;203 752 980;1;1;4;1;1999.0;4;2;0;-1;20;6;2023;09:45;1;93;93079;2;1;1;3;48.95443628;2.33473299;3;2;4;1;1;1; -1;1;0;5;50;Blessé léger;1
202300041401;155 607 184;A01;50;0;2;2;11;3;203 752 981;1;1;1;1;1991.0;0;8;0;-1;20;6;2023;09:45;1;93;93079;2;1;1;3;48.95443628;2.33473299;3;2;4;1;1;1; -1;1;0;5;50;Indemne;1
202300041404;155 607 178;A01;1;0;2;8;0;5;203 752 976;1;1;2;1;1955.0;5;0;-1;-1;4;11;2023;21:00;3;987;98735;1;1;2;3;-16.62;-151.496;2;2;2;0;1;1; -1;2;0;1;60;Tué;5
202300041412;155 607 161;A01;7;0;9;3;1;0;203 752 950;1;1;1;2;1997.0;9;1;8;-1;19;6;2023;23:10;5;92;92051;2;1;1;1;48.87900138;2.27951892;4;1;1;0;1;1; -1;1;5;1;50;Indemne;0
202300041412;155 607 162;B01;1;0;2;1;1;5;203 752 952;1;1;4;1;2001.0;0;8;0;-1;19;6;2023;23:10;5;92;92051;2;1;1;1;48.87900138;2.27951892;4;1;1;0;1;1; -1;1;5;1;50;Blessé léger;0
202300041454;155 607 087;B01;1;0;2;4;1;5;203 752 824;1;1;4;2;2000.0;5;8;0;-1;16;5;2023;19:40;1;75;75114;2;1;1;2;48.836379;2.334317;4;2;4;3;1;1; -1;1;0;1;50;Blessé léger;1
202300041454;155 607 088;A01;31;0;2;1;1;1;203 752 827;1;1;1;2;2001.0;5;2;6;-1;16;5;2023;19:40;1;75;75114;2;1;1;2;48.836379;2.334317;4;2;4;3;1;1; -1;1;0;1;50;Indemne;1
202300041471;155 607 058;B01;1;0;2;1;1;5;203 752 788;1;1;1;2;1992.0;1;8;0;-1;16;5;2023;10:55;1;75;75107;2;3;1;3;48.85748;2.291275;4;2;7;1;1;1; -1;1;0;5;25;Indemne;1
202300041471;155 607 058;B01;1;0;2;1;1;5;203 752 788;1;1;1;2;1992.0;1;8;0;-1;16;5;2023;10:55;1;75;75107;2;3;1;3;48.85748;2.291275;4;2;7;1;1;1; -1;1;0;5;25;Indemne;1
202300041471;155 607 059;A01;80;0;2;8;11;3;203 752 790;1;1;4;2;1967.0;9;8;0;-1;16;5;2023;10:55;1;75;75107;2;3;1;3;48.85748;2.291275;4;2;7;1;1;1; -1;1;0;5;25;Blessé léger;1
202300041471;155 607 059;A01;80;0;2;8;11;3;203 752 790;1;1;4;2;1967.0;9;8;0;-1;16;5;2023;10:55;1;75;75107;2;3;1;3;48.85748;2.291275;4;2;7;1;1;1; -1;1;0;5;25;Blessé léger;1
202300041493;155 607 025;A01;10;0;0;3;22;0;203 752 745;1;1;1;1;1986.0;4;8;0;-1;16;5;2023;15:33;1;93;93045;2;1;1;6;48.87856061;2.41147488;3;3;2;1;1;1; -1;1;0;1;30;Indemne;1
202300041493;155 607 026;B01;1;1;0;1;17;5;203 752 747;1;1;4;1;1973.0;9;8;0;-1;16;5;2023;15:33;1;93;93045;2;1;1;6;48.87856061;2.41147488;3;3;2;1;1;1; -1;1;0;1;30;Blessé léger;1
202300041494;155 607 024;A01;1;0;9;1;1;5;203 752 744;1;1;4;1;1939.0;0;2;0;-1;3;11;2023;10:06;1;83;83137;2;1;3;6;43.12541525;5.92607921;4;3;2;0;1;1; -1;2;0;1;30;Blessé léger;4
202300041506;155 607 002;A01;1;0;2;3;1;5;203 752 713;1;1;3;2;1976.0;5;2;-1;-1;13;5;2023;10:50;1;26;26344;1;1;1;1;44.683145;5.036572;3;2;2;0;3;3;4;2;0;1;80;Blessé hospitalisé;5
202300041506;155 607 003;B01;99;0;9;3;1;1;203 752 714;1;1;1;1;1983.0;4;1;-1;-1;13;5;2023;10:50;1;26;26344;1;1;1;1;44.683145;5.036572;3;2;2;0;3;3;4;2;0;1;80;Indemne;5
202300041523;155 606 966;A01;1;0;0;8;1;5;203 752 660;1;1;4;1;1996.0;5;2;6;-1;17;5;2023;13:30;1;65;65006;1;1;1;7;42.910486;0.297704;3;2;2;0;2;3;4;1;0;3;80;Blessé léger;2
202300041527;155 606 958;A01;38;0;9;5;15;1;203 752 651;1;1;1;1;1971.0;4;1;-1;-1;3;11;2023;18:30;5;83;83090;2;3;8;3;43.12325359;5.82312942;3;2;2;0;1;1; -1;1;0;4;50;Indemne;4
202300041527;155 606 958;A01;38;0;9;5;15;1;203 752 651;1;1;1;1;1971.0;4;1;-1;-1;3;11;2023;18:30;5;83;83090;2;3;8;3;43.12325359;5.82312942;3;2; -1;-1;1;1; -1;-1;0;-1;-1;Indemne;4
202300041527;155 606 960;B01;1;0;2;1;25;5;203 752 653;1;1;4;2;2008.0;0;8;0;-1;3;11;2023;18:30;5;83;83090;2;3;8;3;43.12325359;5.82312942;3;2;2;0;1;1; -1;1;0;4;50;Blessé léger;4
202300041527;155 606 960;B01;1;0;2;1;25;5;203 752 653;1;1;4;2;2008.0;0;8;0;-1;3;11;2023;18:30;5;83;83090;2;3;8;3;43.12325359;5.82312942;3;2; -1;-1;1;1; -1;-1;0;-1;-1;Blessé léger;4
202300041527;155 606 960;B01;1;0;2;1;25;5;203 752 654;5;2;1;2;2008.0;0;8;0;-1;3;11;2023;18:30;5;83;83090;2;3;8;3;43.12325359;5.82312942;3;2;2;0;1;1; -1;1;0;4;50;Indemne;4