Num_Acc;id_vehicule;num_veh;catv;obs;obsm;choc;manv;motor;id_usager;place;catu;grav;sexe;an_nais;trajet;secu1;secu2;secu3;jour;mois;an;hrmn;lum;dep;com;agg;int;atm;col;lat;long;catr;circ;nbv;vosp;prof;plan;larrout;surf;infra;situ;vma;gravity;day_of_week
202300041527;155 606 960;B01;1;0;2;1;25;5;203 752 654;5;2;1;2;2008.0;0;8;0;-1;3;11;2023;18:30;5;83;83090;2;3;8;3;43.12325359;5.82312942;3;2; -1;-1;1;1; -1;-1;0;-1;-1;Indemne;4
202300041528;155 606 956;B01;1;0;2;1;1;5;203 752 649;1;1;4;2;1963.0;5;2;-1;-1;16;5;2023;13:30;1;49;49214;2;3;1;3;47.526546;-0.611564;4;2;1;2;1;2; -1;1;5;5;50;Blessé léger;1
202300041528;155 606 956;B01;1;0;2;1;1;5;203 752 649;1;1;4;2;1963.0;5;2;-1;-1;16;5;2023;13:30;1;49;49214;2;3;1;3;47.526546;-0.611564;4;2;1;2;1;3; -1;1;5;5;50;Blessé léger;1
202300041528;155 606 957;A01;50;0;2;8;1;3;203 752 650;1;1;1;2;2002.0;5;0;-1;-1;16;5;2023;13:30;1;49;49214;2;3;1;3;47.526546;-0.611564;4;2;1;2;1;2; -1;1;5;5;50;Indemne;1
202300041528;155 606 957;A01;50;0;2;8;1;3;203 752 650;1;1;1;2;2002.0;5;0;-1;-1;16;5;2023;13:30;1;49;49214;2;3;1;3;47.526546;-0.611564;4;2;1;2;1;3; -1;1;5;5;50;Indemne;1
202300041532;155 606 949;A01;7;0;9;4;4;1;203 752 640;1;1;1;1;1997.0;5;1;-1;-1;16;5;2023;16:55;1;02;02532;2;3;1;2;49.755628;3.362825;3;2;2;0;1;1;4;1;0;1;50;Indemne;1
202300041532;155 606 949;A01;7;0;9;4;4;1;203 752 640;1;1;1;1;1997.0;5;1;-1;-1;16;5;2023;16:55;1;02;02532;2;3;1;2;49.755628;3.362825;3;2; -1;-1;1;1; -1;1;0;1;-1;Indemne;1
202300041532;155 606 950;B01;1;0;2;1;1;5;203 752 641;1;1;3;1;1945.0;5;2;-1;-1;16;5;2023;16:55;1;02;02532;2;3;1;2;49.755628;3.362825;3;2;2;0;1;1;4;1;0;1;50;Blessé hospitalisé;1
202300041532;155 606 950;B01;1;0;2;1;1;5;203 752 641;1;1;3;1;1945.0;5;2;-1;-1;16;5;2023;16:55;1;02;02532;2;3;1;2;49.755628;3.362825;3;2; -1;-1;1;1; -1;1;0;1;-1;Blessé hospitalisé;1
202300041533;155 606 946;A01;1;0;2;3;2;5;203 752 637;1;1;4;1;1982.0;5;2;-1;-1;14;5;2023;09:55;1;58;58031;1;1;1;6;47.006436;3.445201;3;2;3;0;2;2;10,5;1;0;1;90;Blessé léger;6
202300041534;155 606 945;A01;1;0;2;3;2;5;203 752 636;1;1;3;1;1960.0;5;2;-1;-1;14;5;2023;10:00;1;58;58232;2;1;1;6;46.996547;3.390634;3;2;2;0;4;2;5;1;0;1;50;Blessé hospitalisé;6
202300041537;155 606 937;A01;7;0;9;3;15;1;203 752 628;1;1;1;2;1946.0;0;1;-1;-1;4;11;2023;18:20;2;76;76540;2;4;2;3;49.43444;1.13187;4;2;2;0;2;1; -1;2;0;1;50;Indemne;5
202300041537;155 606 937;A01;7;0;9;3;15;1;203 752 628;1;1;1;2;1946.0;0;1;-1;-1;4;11;2023;18:20;2;76;76540;2;4;2;3;49.43444;1.13187;4;2;2;0;2;2; -1;2;0;1;50;Indemne;5
202300041537;155 606 938;B01;1;0;2;1;0;5;203 752 629;1;1;3;1;1970.0;0;8;0;-1;4;11;2023;18:20;2;76;76540;2;4;2;3;49.43444;1.13187;4;2;2;0;2;1; -1;2;0;1;50;Blessé hospitalisé;5
202300041537;155 606 938;B01;1;0;2;1;0;5;203 752 629;1;1;3;1;1970.0;0;8;0;-1;4;11;2023;18:20;2;76;76540;2;4;2;3;49.43444;1.13187;4;2;2;0;2;2; -1;2;0;1;50;Blessé hospitalisé;5
202300041541;155 606 929;A01;7;0;2;1;18;1;203 752 617;1;1;1;1;1966.0;5;8;0;-1;3;11;2023;16:35;2;74;74010;2;6;3;2;45.90552;6.13246;4;2;2;2;1;1; -1;2;0;8;30;Indemne;4
202300041541;155 606 929;A01;7;0;2;1;18;1;203 752 617;1;1;1;1;1966.0;5;8;0;-1;3;11;2023;16:35;2;74;74010;2;6;3;2;45.90552;6.13246;4;2;2;2;1;1; -1;2;0;1;30;Indemne;4
202300041541;155 606 930;B01;1;0;2;4;16;5;203 752 618;1;1;3;1;1964.0;0;8;0;-1;3;11;2023;16:35;2;74;74010;2;6;3;2;45.90552;6.13246;4;2;2;2;1;1; -1;2;0;8;30;Blessé hospitalisé;4
202300041541;155 606 930;B01;1;0;2;4;16;5;203 752 618;1;1;3;1;1964.0;0;8;0;-1;3;11;2023;16:35;2;74;74010;2;6;3;2;45.90552;6.13246;4;2;2;2;1;1; -1;2;0;1;30;Blessé hospitalisé;4
202300041542;155 606 928;A01;1;0;0;0;1;5;203 752 616;1;1;2;1;1974.0;5;2;9;-1;17;5;2023;11:15;1;50;50410;1;1;1;7;48.553492;-1.492866;3;2;2;0;1;1;5,5;1;0;1;80;Tué;2
202300041545;155 606 922;A01;7;0;2;1;1;1;203 752 610;1;1;1;1;1994.0;1;1;-1;-1;17;5;2023;12:46;1;60;60667;2;2;1;6;49.307781;2.724856;4;2;2;0;1;1; -1;1;0;1;-1;Indemne;2
202300041545;155 606 922;A01;7;0;2;1;1;1;203 752 610;1;1;1;1;1994.0;1;1;-1;-1;17;5;2023;12:46;1;60;60667;2;2;1;6;49.307781;2.724856;4;2; -1;-1;1;1; -1;1;0;1;-1;Indemne;2
202300041545;155 606 924;B01;1;0;2;1;19;5;203 752 612;1;1;4;1;2008.0;1;0;-1;-1;17;5;2023;12:46;1;60;60667;2;2;1;6;49.307781;2.724856;4;2;2;0;1;1; -1;1;0;1;-1;Blessé léger;2
202300041545;155 606 924;B01;1;0;2;1;19;5;203 752 612;1;1;4;1;2008.0;1;0;-1;-1;17;5;2023;12:46;1;60;60667;2;2;1;6;49.307781;2.724856;4;2; -1;-1;1;1; -1;1;0;1;-1;Blessé léger;2
202300041550;155 606 914;B01;1;0;2;1;1;5;203 752 600;1;1;4;1;1991.0;0;8;0;-1;3;11;2023;16:13;1;59;59286;2;4;7;1;50.61199;3.00017;4;2;3;1;1;1; -1;1;0;1;50;Blessé léger;4
202300041550;155 606 914;B01;1;0;2;1;1;5;203 752 600;1;1;4;1;1991.0;0;8;0;-1;3;11;2023;16:13;1;59;59286;2;4;7;1;50.61199;3.00017;4;1;1;0;1;1; -1;1;0;1;50;Blessé léger;4
202300041550;155 606 916;A01;7;0;9;2;15;1;203 752 604;1;1;1;1;1985.0;0;1;0;-1;3;11;2023;16:13;1;59;59286;2;4;7;1;50.61199;3.00017;4;2;3;1;1;1; -1;1;0;1;50;Indemne;4
202300041550;155 606 916;A01;7;0;9;2;15;1;203 752 604;1;1;1;1;1985.0;0;1;0;-1;3;11;2023;16:13;1;59;59286;2;4;7;1;50.61199;3.00017;4;1;1;0;1;1; -1;1;0;1;50;Indemne;4
202300041571;155 606 875;B01;1;0;2;7;1;5;203 752 549;1;1;4;1;1933.0;5;0;-1;-1;17;5;2023;10:00;1;34;34344;2;1;1;3;43.563256;4.090421;4;3;4;1;1;1; -1;1;0;1;50;Blessé léger;2
202300041571;155 606 876;A01;31;0;2;1;1;1;203 752 551;1;1;4;1;2001.0;5;2;-1;-1;17;5;2023;10:00;1;34;34344;2;1;1;3;43.563256;4.090421;4;3;4;1;1;1; -1;1;0;1;50;Blessé léger;2
202300041574;155 606 868;B01;1;0;0;4;1;5;203 752 537;1;1;4;1;1983.0;5;2;-1;-1;17;5;2023;17:35;1;71;71032;1;1;1;2;46.362856;4.693753;3;2;2;0;1;3;5,5;1;0;1;80;Blessé léger;2
202300041576;155 606 865;B01;1;0;2;3;15;5;203 752 533;1;1;4;2;2011.0;2;0;-1;-1;15;5;2023;09:48;1;21;21038;2;3;1;1;47.200601;5.39749;3;2;2;0;1;1;5,5;1;0;1;50;Blessé léger;0
202300041576;155 606 865;B01;1;0;2;3;15;5;203 752 533;1;1;4;2;2011.0;2;0;-1;-1;15;5;2023;09:48;1;21;21038;2;3;1;1;47.200601;5.39749;3;2;2;0;1;1;5,5;1;0;1;50;Blessé léger;0
202300041576;155 606 867;A01;7;0;2;2;15;1;203 752 536;1;1;1;1;1944.0;2;1;-1;-1;15;5;2023;09:48;1;21;21038;2;3;1;1;47.200601;5.39749;3;2;2;0;1;1;5,5;1;0;1;50;Indemne;0
202300041576;155 606 867;A01;7;0;2;2;15;1;203 752 536;1;1;1;1;1944.0;2;1;-1;-1;15;5;2023;09:48;1;21;21038;2;3;1;1;47.200601;5.39749;3;2;2;0;1;1;5,5;1;0;1;50;Indemne;0
202300041613;155 606 796;A01;1;14;0;1;1;5;203 752 444;1;1;4;1;1978.0;5;8;0;-1;4;11;2023;02:35;5;75;75117;2;3;1;7;48.887989;2.316718;4;-1; -1;-1;2;1; -1;1;0;1;30;Blessé léger;5
202300041613;155 606 796;A01;1;14;0;1;1;5;203 752 444;1;1;4;1;1978.0;5;8;0;-1;4;11;2023;02:35;5;75;75117;2;3;1;7;48.887989;2.316718;4;2;2;0;2;1; -1;9;0;1;30;Blessé léger;5
202300041616;155 606 792;A01;7;0;2;1;7;1;203 752 440;1;1;1;2;1968.0;9;1;0;-1;3;11;2023;22:43;5;75;75116;2;1;1;2;48.838654;2.259762;4;1;3;3;1;1; -1;1;-1;6;30;Indemne;4
202300041616;155 606 794;B01;1;0;2;4;7;5;203 752 442;1;1;4;1;1994.0;5;2;0;-1;3;11;2023;22:43;5;75;75116;2;1;1;2;48.838654;2.259762;4;1;3;3;1;1; -1;1;-1;6;30;Blessé léger;4
202300041623;155 606 778;B01;7;0;2;1;1;1;203 752 421;1;1;1;1;1994.0;4;1;0;-1;4;11;2023;02:00;4;75;75110;2;2;1;3;48.86977;2.352278;4;2;2;1;1;1; -1;1;0;1;30;Indemne;5
202300041623;155 606 778;B01;7;0;2;1;1;1;203 752 421;1;1;1;1;1994.0;4;1;0;-1;4;11;2023;02:00;4;75;75110;2;2;1;3;48.86977;2.352278;4;1;1;1;1;2; -1;1;0;1;30;Indemne;5
202300041623;155 606 780;A01;1;0;2;1;15;5;203 752 423;1;1;4;1;1987.0;5;8;0;-1;4;11;2023;02:00;4;75;75110;2;2;1;3;48.86977;2.352278;4;2;2;1;1;1; -1;1;0;1;30;Blessé léger;5
202300041623;155 606 780;A01;1;0;2;1;15;5;203 752 423;1;1;4;1;1987.0;5;8;0;-1;4;11;2023;02:00;4;75;75110;2;2;1;3;48.86977;2.352278;4;1;1;1;1;2; -1;1;0;1;30;Blessé léger;5
202300041630;155 606 766;B01;1;0;2;1;1;5;203 752 407;1;1;1;1;1995.0;9;8;0;-1;4;11;2023;00:10;5;75;75107;2;2;1;3;48.856469;2.321121;4;1; -1;0;1;1; -1;1;0;1;30;Indemne;5
202300041630;155 606 766;B01;1;0;2;1;1;5;203 752 407;1;1;1;1;1995.0;9;8;0;-1;4;11;2023;00:10;5;75;75107;2;2;1;3;48.856469;2.321121;4;1;1;0;1;1; -1;1;0;1;30;Indemne;5
202300041630;155 606 767;A01;1;0;2;8;1;5;203 752 408;1;1;4;2;1996.0;9;8;0;-1;4;11;2023;00:10;5;75;75107;2;2;1;3;48.856469;2.321121;4;1; -1;0;1;1; -1;1;0;1;30;Blessé léger;5
202300041630;155 606 767;A01;1;0;2;8;1;5;203 752 408;1;1;4;2;1996.0;9;8;0;-1;4;11;2023;00:10;5;75;75107;2;2;1;3;48.856469;2.321121;4;1;1;0;1;1; -1;1;0;1;30;Blessé léger;5
202300041652;155 606 726;B01;1;0;2;1;1;5;203 752 358;1;1;4;1;2010.0;2;2;-1;-1;15;5;2023;08:00;1;69;69266;2;2;1;1;45.76614;4.89781;4;1;2;0;1;1; -1;1;0;5;50;Blessé léger;0
202300041652;155 606 726;B01;1;0;2;1;1;5;203 752 358;1;1;4;1;2010.0;2;2;-1;-1;15;5;2023;08:00;1;69;69266;2;2;1;1;45.76614;4.89781;4;2;2;2;1;1; -1;1;5;5;50;Blessé léger;0
202300041652;155 606 727;A01;7;0;2;1;15;1;203 752 359;1;1;1;1;1988.0;5;1;0;-1;15;5;2023;08:00;1;69;69266;2;2;1;1;45.76614;4.89781;4;1;2;0;1;1; -1;1;0;5;50;Indemne;0
202300041652;155 606 727;A01;7;0;2;1;15;1;203 752 359;1;1;1;1;1988.0;5;1;0;-1;15;5;2023;08:00;1;69;69266;2;2;1;1;45.76614;4.89781;4;2;2;2;1;1; -1;1;5;5;50;Indemne;0
202300041675;155 606 691;B01;1;0;2;7;1;5;203 752 301;1;1;4;1;1983.0;1;2;4;-1;22;2;2023;06:36;2;973;97302;2;6;2;3;4.92715;-52.28971;3;1;2;0;1;2; -1;2;0;1;50;Blessé léger;2
202300041675;155 606 693;A01;7;0;2;3;9;3;203 752 303;1;1;1;1;1959.0;5;1;0;-1;22;2;2023;06:36;2;973;97302;2;6;2;3;4.92715;-52.28971;3;1;2;0;1;2; -1;2;0;1;50;Indemne;2
202300041698;155 606 656;A01;1;0;2;3;1;5;203 752 249;1;1;4;2;1959.0;5;8;-1;-1;15;5;2023;16:50;1;29;29039;2;3;1;3;47.86402;-3.89962;4;-1;2;0;1;1; -1;1;5;1;50;Blessé léger;0
202300041698;155 606 656;A01;1;0;2;3;1;5;203 752 249;1;1;4;2;1959.0;5;8;-1;-1;15;5;2023;16:50;1;29;29039;2;3;1;3;47.86402;-3.89962;4;2;0;0;1;1; -1;1;5;3;50;Blessé léger;0
202300041698;155 606 659;B01;7;0;2;3;23;1;203 752 252;1;1;1;1;1948.0;5;1;-1;-1;15;5;2023;16:50;1;29;29039;2;3;1;3;47.86402;-3.89962;4;-1;2;0;1;1; -1;1;5;1;50;Indemne;0
202300041698;155 606 659;B01;7;0;2;3;23;1;203 752 252;1;1;1;1;1948.0;5;1;-1;-1;15;5;2023;16:50;1;29;29039;2;3;1;3;47.86402;-3.89962;4;2;0;0;1;1; -1;1;5;3;50;Indemne;0
202300041727;155 606 606;B01;1;0;2;7;0;5;203 752 175;1;1;4;2;2002.0;1;8;0;-1;22;2;2023;12:55;1;72;72181;2;9;2;3;48.00003307;0.18520474;4;-1;2;0;1;1; -1;2;0;1;30;Blessé léger;2
202300041733;155 606 594;A01;1;8;0;1;1;5;203 752 156;1;1;4;1;2010.0;2;2;8;-1;21;2;2023;13:30;1;71;71309;2;1;1;7;46.79017;4.40698;4;2;2;0;2;2; -1;1;0;4;50;Blessé léger;1
202300041745;155 606 574;B01;1;0;2;3;15;5;203 752 128;1;1;4;1;1980.0;9;8;0;-1;15;5;2023;21:00;5;75;75120;2;7;1;3;48.868319;2.401412;4;2;2;0;2;1; -1;1;0;1;30;Blessé léger;0
202300041745;155 606 574;B01;1;0;2;3;15;5;203 752 128;1;1;4;1;1980.0;9;8;0;-1;15;5;2023;21:00;5;75;75120;2;7;1;3;48.868319;2.401412;4;2; -1;0;1;1; -1;1;0;1;30;Blessé léger;0
202300041745;155 606 575;A01;32;0;2;1;1;1;203 752 132;1;1;1;1;1973.0;5;2;6;-1;15;5;2023;21:00;5;75;75120;2;7;1;3;48.868319;2.401412;4;2;2;0;2;1; -1;1;0;1;30;Indemne;0
202300041745;155 606 575;A01;32;0;2;1;1;1;203 752 132;1;1;1;1;1973.0;5;2;6;-1;15;5;2023;21:00;5;75;75120;2;7;1;3;48.868319;2.401412;4;2; -1;0;1;1; -1;1;0;1;30;Indemne;0
202300041750;155 606 570;A01;1;0;1;1;1;5;203 752 122;1;1;1;2;1989.0;9;2;8;-1;15;5;2023;17:00;1;75;75120;2;4;2;6;48.849301;2.414612;4;-1; -1;0;1;1; -1;2;0;5;30;Indemne;0
202300041750;155 606 570;A01;1;0;1;1;1;5;203 752 122;1;1;1;2;1989.0;9;2;8;-1;15;5;2023;17:00;1;75;75120;2;4;2;6;48.849301;2.414612;4;3;0;1;1;1; -1;2;0;5;30;Indemne;0
202300041750;155 606 570;A01;1;0;1;1;1;5;203 752 123;10;3;4;1;2020.0;5;0;-1;-1;15;5;2023;17:00;1;75;75120;2;4;2;6;48.849301;2.414612;4;-1; -1;0;1;1; -1;2;0;5;30;Blessé léger;0
202300041750;155 606 570;A01;1;0;1;1;1;5;203 752 123;10;3;4;1;2020.0;5;0;-1;-1;15;5;2023;17:00;1;75;75120;2;4;2;6;48.849301;2.414612;4;3;0;1;1;1; -1;2;0;5;30;Blessé léger;0
202300041754;155 606 565;A01;7;0;9;2;17;1;203 752 116;1;1;1;1;1945.0;5;1;-1;-1;5;11;2023;11:30;1;34;34163;1;3;6;3;43.631269;3.703111;3;2;2;0;1;1;7;1;0;1;80;Indemne;6
202300041754;155 606 565;A01;7;0;9;2;17;1;203 752 116;1;1;1;1;1945.0;5;1;-1;-1;5;11;2023;11:30;1;34;34163;1;3;6;3;43.631269;3.703111;3;2; -1;-1;1;1; -1;1;0;1;-1;Indemne;6
202300041754;155 606 567;B01;1;0;2;4;15;5;203 752 119;1;1;3;1;1960.0;5;2;-1;-1;5;11;2023;11:30;1;34;34163;1;3;6;3;43.631269;3.703111;3;2;2;0;1;1;7;1;0;1;80;Blessé hospitalisé;6
202300041754;155 606 567;B01;1;0;2;4;15;5;203 752 119;1;1;3;1;1960.0;5;2;-1;-1;5;11;2023;11:30;1;34;34163;1;3;6;3;43.631269;3.703111;3;2; -1;-1;1;1; -1;1;0;1;-1;Blessé hospitalisé;6
202300041760;155 606 550;B01;80;0;2;8;1;5;203 752 098;1;1;3;2;1996.0;5;0;-1;-1;4;11;2023;08:20;1;973;97311;2;2;1;3;5.501631;-54.027683;4;2;2;0;1;1; -1;1;0;1;50;Blessé hospitalisé;5
202300041760;155 606 550;B01;80;0;2;8;1;5;203 752 098;1;1;3;2;1996.0;5;0;-1;-1;4;11;2023;08:20;1;973;97311;2;2;1;3;5.501631;-54.027683;4;2; -1;-1;1;1; -1;1;0;1;-1;Blessé hospitalisé;5
202300041760;155 606 550;B01;80;0;2;8;1;5;203 752 100;2;2;4;2;2002.0;5;0;-1;-1;4;11;2023;08:20;1;973;97311;2;2;1;3;5.501631;-54.027683;4;2;2;0;1;1; -1;1;0;1;50;Blessé léger;5
202300041760;155 606 550;B01;80;0;2;8;1;5;203 752 100;2;2;4;2;2002.0;5;0;-1;-1;4;11;2023;08:20;1;973;97311;2;2;1;3;5.501631;-54.027683;4;2; -1;-1;1;1; -1;1;0;1;-1;Blessé léger;5
202300041760;155 606 552;A01;7;0;2;2;19;1;203 752 101;1;1;1;1;1977.0;1;1;-1;-1;4;11;2023;08:20;1;973;97311;2;2;1;3;5.501631;-54.027683;4;2;2;0;1;1; -1;1;0;1;50;Indemne;5
202300041760;155 606 552;A01;7;0;2;2;19;1;203 752 101;1;1;1;1;1977.0;1;1;-1;-1;4;11;2023;08:20;1;973;97311;2;2;1;3;5.501631;-54.027683;4;2; -1;-1;1;1; -1;1;0;1;-1;Indemne;5
202300041775;155 606 523;B01;7;0;2;3;1;1;203 752 060;1;1;1;1;1978.0;4;1;0;-1;15;5;2023;10:00;1;75;75108;2;4;1;3;48.866394;2.323485;4;1; -1;0;1;1; -1;1;0;1;30;Indemne;0
202300041775;155 606 523;B01;7;0;2;3;1;1;203 752 060;1;1;1;1;1978.0;4;1;0;-1;15;5;2023;10:00;1;75;75108;2;4;1;3;48.866394;2.323485;4;1;2;1;1;1; -1;1;0;1;30;Indemne;0
202300041775;155 606 525;A01;1;0;2;6;12;5;203 752 062;1;1;4;2;1993.0;5;8;0;-1;15;5;2023;10:00;1;75;75108;2;4;1;3;48.866394;2.323485;4;1; -1;0;1;1; -1;1;0;1;30;Blessé léger;0
202300041775;155 606 525;A01;1;0;2;6;12;5;203 752 062;1;1;4;2;1993.0;5;8;0;-1;15;5;2023;10:00;1;75;75108;2;4;1;3;48.866394;2.323485;4;1;2;1;1;1; -1;1;0;1;30;Blessé léger;0
202300041779;155 606 516;A01;7;0;2;2;15;1;203 752 050;1;1;1;1;1946.0;0;1;8;-1;21;2;2023;20:08;5;36;36044;2;3;1;3;46.81619;1.70088;4;2;2;0;1;1; -1;1;0;1;50;Indemne;1
202300041779;155 606 516;A01;7;0;2;2;15;1;203 752 050;1;1;1;1;1946.0;0;1;8;-1;21;2;2023;20:08;5;36;36044;2;3;1;3;46.81619;1.70088;4;2;2;0;1;1; -1;1;0;1;50;Indemne;1
202300041779;155 606 518;B01;1;0;2;1;1;5;203 752 053;1;1;3;1;1972.0;5;2;0;-1;21;2;2023;20:08;5;36;36044;2;3;1;3;46.81619;1.70088;4;2;2;0;1;1; -1;1;0;1;50;Blessé hospitalisé;1
202300041779;155 606 518;B01;1;0;2;1;1;5;203 752 053;1;1;3;1;1972.0;5;2;0;-1;21;2;2023;20:08;5;36;36044;2;3;1;3;46.81619;1.70088;4;2;2;0;1;1; -1;1;0;1;50;Blessé hospitalisé;1
202300041794;155 606 491;A01;7;0;2;1;13;0;203 752 013;1;1;1;1;1985.0;1;1;-1;-1;14;2;2023;20:45;5;24;24322;2;3;1;2;45.18545;0.70201;3;2;2;0;1;1; -1;1;0;1;50;Indemne;1
202300041794;155 606 491;A01;7;0;2;1;13;0;203 752 013;1;1;1;1;1985.0;1;1;-1;-1;14;2;2023;20:45;5;24;24322;2;3;1;2;45.18545;0.70201;3;4;3;0;1;1; -1;1;0;1;50;Indemne;1
202300041794;155 606 493;B01;1;0;2;4;1;5;203 752 016;1;1;3;1;2003.0;4;0;-1;-1;14;2;2023;20:45;5;24;24322;2;3;1;2;45.18545;0.70201;3;2;2;0;1;1; -1;1;0;1;50;Blessé hospitalisé;1
202300041794;155 606 493;B01;1;0;2;4;1;5;203 752 016;1;1;3;1;2003.0;4;0;-1;-1;14;2;2023;20:45;5;24;24322;2;3;1;2;45.18545;0.70201;3;4;3;0;1;1; -1;1;0;1;50;Blessé hospitalisé;1
202300041798;155 606 482;B01;1;0;2;1;2;5;203 752 001;1;1;4;1;1992.0;5;2;-1;-1;15;5;2023;17:50;1;57;57307;1;1;1;2;49.177427;6.382815;3;2;2;0;2;3;7;1;0;1;80;Blessé léger;0
202300041798;155 606 484;A01;14;0;0;5;2;1;203 752 004;2;2;1;1;1986.0;4;1;8;-1;15;5;2023;17:50;1;57;57307;1;1;1;2;49.177427;6.382815;3;2;2;0;2;3;7;1;0;1;80;Indemne;0
202300041798;155 606 484;A01;14;0;0;5;2;1;203 752 005;1;1;1;2;1974.0;9;1;8;-1;15;5;2023;17:50;1;57;57307;1;1;1;2;49.177427;6.382815;3;2;2;0;2;3;7;1;0;1;80;Indemne;0
202300041823;155 606 440;A01;1;0;2;3;13;5;203 751 953;1;1;3;1;1966.0;5;2;-1;-1;9;4;2023;11:00;1;04;04152;1;1;1;3;43.806485;5.71951;3;2;2;0;2;3;5,5;1;0;1;50;Blessé hospitalisé;6
202300041823;155 606 444;B01;7;0;2;3;1;1;203 751 957;1;1;1;1;1954.0;5;1;-1;-1;9;4;2023;11:00;1;04;04152;1;1;1;3;43.806485;5.71951;3;2;2;0;2;3;5,5;1;0;1;50;Indemne;6
202300041823;155 606 444;B01;7;0;2;3;1;1;203 751 959;2;2;1;2;1954.0;5;1;-1;-1;9;4;2023;11:00;1;04;04152;1;1;1;3;43.806485;5.71951;3;2;2;0;2;3;5,5;1;0;1;50;Indemne;6
202300041831;155 606 428;Z01;80;0;1;1;1;3;203 751 931;10;3;4;1;1951.0;5;8;8;-1;23;2;2023;14:15;1;75;75119;2;2;1;6;48.889569;2.395652;4;2; -1;-1;1;1; -1;1;-1;5;-1;Blessé léger;3
202300041831;155 606 428;Z01;80;0;1;1;1;3;203 751 931;10;3;4;1;1951.0;5;8;8;-1;23;2;2023;14:15;1;75;75119;2;2;1;6;48.889569;2.395652;4;-1;4;1;1;1; -1;1;-1;5;30;Blessé léger;3
202300041847;155 606 399;A01;7;0;2;3;22;1;203 751 892;2;2;1;1;1976.0;9;8;0;-1;23;2;2023;19:07;5;75;75111;2;4;1;3;48.852937;2.388511;4;1;2;2;1;1; -1;1;0;1;30;Indemne;3
202300041847;155 606 399;A01;7;0;2;3;22;1;203 751 892;2;2;1;1;1976.0;9;8;0;-1;23;2;2023;19:07;5;75;75111;2;4;1;3;48.852937;2.388511;4;-1; -1;-1;1;1; -1;1;0;1;-1;Indemne;3
202300041847;155 606 399;A01;7;0;2;3;22;1;203 751 894;1;1;1;1;1970.0;9;8;0;-1;23;2;2023;19:07;5;75;75111;2;4;1;3;48.852937;2.388511;4;1;2;2;1;1; -1;1;0;1;30;Indemne;3
202300041847;155 606 399;A01;7;0;2;3;22;1;203 751 894;1;1;1;1;1970.0;9;8;0;-1;23;2;2023;19:07;5;75;75111;2;4;1;3;48.852937;2.388511;4;-1; -1;-1;1;1; -1;1;0;1;-1;Indemne;3
202300041847;155 606 403;B01;1;0;2;1;1;5;203 751 898;1;1;4;1;2000.0;1;8;0;-1;23;2;2023;19:07;5;75;75111;2;4;1;3;48.852937;2.388511;4;1;2;2;1;1; -1;1;0;1;30;Blessé léger;3
202300041847;155 606 403;B01;1;0;2;1;1;5;203 751 898;1;1;4;1;2000.0;1;8;0;-1;23;2;2023;19:07;5;75;75111;2;4;1;3;48.852937;2.388511;4;-1; -1;-1;1;1; -1;1;0;1;-1;Blessé léger;3
202300041854;155 606 386;A01;1;0;2;1;5;5;203 751 878;1;1;4;2;1995.0;1;8;0;-1;23;2;2023;08:40;1;75;75104;2;2;1;3;48.851824;2.35656;4;2;2;2;1;1; -1;1;-1;5;30;Blessé léger;3
202300041854;155 606 386;A01;1;0;2;1;5;5;203 751 878;1;1;4;2;1995.0;1;8;0;-1;23;2;2023;08:40;1;75;75104;2;2;1;3;48.851824;2.35656;4;2;2;0;1;1; -1;1;-1;5;30;Blessé léger;3
202300041854;155 606 389;B01;7;0;2;3;15;1;203 751 881;1;1;1;1;1985.0;1;1;0;-1;23;2;2023;08:40;1;75;75104;2;2;1;3;48.851824;2.35656;4;2;2;2;1;1; -1;1;-1;5;30;Indemne;3
202300041854;155 606 389;B01;7;0;2;3;15;1;203 751 881;1;1;1;1;1985.0;1;1;0;-1;23;2;2023;08:40;1;75;75104;2;2;1;3;48.851824;2.35656;4;2;2;0;1;1; -1;1;-1;5;30;Indemne;3
202300041858;155 606 378;A01;7;0;2;2;1;1;203 751 869;1;1;1;2;1934.0;9;1;-1;-1;16;5;2023;17:45;1;35;35117;1;1;1;2;48.150257;-2.215119;3;2;2;0;1;1;10,5;1;0;1;80;Indemne;1
202300041858;155 606 379;B01;1;0;2;4;1;5;203 751 870;1;1;3;2;1953.0;5;2;4;-1;16;5;2023;17:45;1;35;35117;1;1;1;2;48.150257;-2.215119;3;2;2;0;1;1;10,5;1;0;1;80;Blessé hospitalisé;1
202300041881;155 606 336;A01;1;0;0;1;5;5;203 751 809;2;2;4;1;2006.0;0;0;0;-1;23;2;2023;15:50;1;92;92044;2;1;8;7;48.89793;2.29183;4;1;1;0;1;1; -1;1;0;1;50;Blessé léger;3
202300041881;155 606 336;A01;1;0;0;1;5;5;203 751 811;2;2;4;1;2006.0;5;8;0;-1;23;2;2023;15:50;1;92;92044;2;1;8;7;48.89793;2.29183;4;1;1;0;1;1; -1;1;0;1;50;Blessé léger;3