Num_Acc;id_vehicule;num_veh;catv;obs;obsm;choc;manv;motor;id_usager;place;catu;grav;sexe;an_nais;trajet;secu1;secu2;secu3;jour;mois;an;hrmn;lum;dep;com;agg;int;atm;col;lat;long;catr;circ;nbv;vosp;prof;plan;larrout;surf;infra;situ;vma;gravity;day_of_week
202300041881;155 606 336;A01;1;0;0;1;5;5;203 751 812;1;1;1;1;2006.0;5;8;0;-1;23;2;2023;15:50;1;92;92044;2;1;8;7;48.89793;2.29183;4;1;1;0;1;1; -1;1;0;1;50;Indemne;3
202300041907;155 606 291;A01;10;0;2;3;2;1;203 751 748;1;1;1;1;1996.0;4;1;-1;-1;6;4;2023;09:40;1;69;69081;2;2;1;3;45.78173;4.77562;4;2;2;2;2;1; -1;1;0;1;30;Indemne;3
202300041907;155 606 291;A01;10;0;2;3;2;1;203 751 748;1;1;1;1;1996.0;4;1;-1;-1;6;4;2023;09:40;1;69;69081;2;2;1;3;45.78173;4.77562;4;1;1;2;1;1; -1;1;0;1;20;Indemne;3
202300041907;155 606 294;B01;1;0;2;4;2;5;203 751 751;1;1;4;1;1985.0;1;2;-1;-1;6;4;2023;09:40;1;69;69081;2;2;1;3;45.78173;4.77562;4;2;2;2;2;1; -1;1;0;1;30;Blessé léger;3
202300041907;155 606 294;B01;1;0;2;4;2;5;203 751 751;1;1;4;1;1985.0;1;2;-1;-1;6;4;2023;09:40;1;69;69081;2;2;1;3;45.78173;4.77562;4;1;1;2;1;1; -1;1;0;1;20;Blessé léger;3
202300041909;155 606 287;B01;80;0;2;3;16;3;203 751 745;1;1;2;1;1977.0;1;8;-1;-1;5;4;2023;00:07;5;69;69382;2;2;1;1;45.76466;4.83815;4;1;1;0;1;1; -1;1;0;1;50;Tué;2
202300041909;155 606 287;B01;80;0;2;3;16;3;203 751 745;1;1;2;1;1977.0;1;8;-1;-1;5;4;2023;00:07;5;69;69382;2;2;1;1;45.76466;4.83815;4;1;2;3;1;1; -1;1;0;1;50;Tué;2
202300041909;155 606 289;A01;7;0;2;1;1;1;203 751 746;1;1;1;1;1991.0;5;1;-1;-1;5;4;2023;00:07;5;69;69382;2;2;1;1;45.76466;4.83815;4;1;1;0;1;1; -1;1;0;1;50;Indemne;2
202300041909;155 606 289;A01;7;0;2;1;1;1;203 751 746;1;1;1;1;1991.0;5;1;-1;-1;5;4;2023;00:07;5;69;69382;2;2;1;1;45.76466;4.83815;4;1;2;3;1;1; -1;1;0;1;50;Indemne;2
202300041912;155 606 282;A01;17;0;2;5;17;1;203 751 739;1;1;1;1;1988.0;4;1;-1;-1;23;2;2023;10:00;1;2B;2B152;1;1;1;3;42.894238;9.473299;3;2;2;0;1;1; -1;1;0;1;80;Indemne;3
202300041912;155 606 283;B01;1;0;0;3;2;5;203 751 740;1;1;3;1;1981.0;5;2;-1;-1;23;2;2023;10:00;1;2B;2B152;1;1;1;3;42.894238;9.473299;3;2;2;0;1;1; -1;1;0;1;80;Blessé hospitalisé;3
202300041926;155 606 258;A01;1;0;2;1;1;5;203 751 706;1;1;4;1;2006.0;5;2;-1;-1;23;2;2023;16:45;1;35;35306;1;6;1;6;48.56516;-1.925697;3;2;2;0;1;2; -1;1;0;1;80;Blessé léger;3
202300041926;155 606 259;B01;7;0;0;4;1;1;203 751 707;1;1;1;2;1954.0;5;1;-1;-1;23;2;2023;16:45;1;35;35306;1;6;1;6;48.56516;-1.925697;3;2;2;0;1;2; -1;1;0;1;80;Indemne;3
202300041929;155 606 255;A01;1;0;0;0;16;5;203 751 702;1;1;3;1;2009.0;5;0;-1;-1;23;2;2023;18:10;1;50;50639;2;7;1;7;48.840352;-1.21827;4;2;2;0;2;1;4;1;0;1;50;Blessé hospitalisé;3
202300041938;155 606 243;B01;7;0;2;2;16;1;203 751 683;1;1;1;2;1984.0;1;1;-1;-1;23;2;2023;13:10;1;30;30006;1;6;1;3;43.671511;4.21209;3;3;4;0;1;1; -1;1;0;1;90;Indemne;3
202300041938;155 606 244;A01;1;0;2;1;19;5;203 751 684;1;1;4;2;1985.0;3;0;-1;-1;23;2;2023;13:10;1;30;30006;1;6;1;3;43.671511;4.21209;3;3;4;0;1;1; -1;1;0;1;90;Blessé léger;3
202300041944;155 606 230;B01;1;0;2;4;2;5;203 751 669;1;1;4;1;1960.0;5;2;0;-1;5;4;2023;16:20;1;81;81257;2;9;1;3;43.9420286;2.1907435;3;1;2;0;1;2; -1;1;0;1;50;Blessé léger;2
202300041944;155 606 230;B01;1;0;2;4;2;5;203 751 669;1;1;4;1;1960.0;5;2;0;-1;5;4;2023;16:20;1;81;81257;2;9;1;3;43.9420286;2.1907435;3;2;1;-1;1;1; -1;1;0;1;-1;Blessé léger;2
202300041944;155 606 231;A01;7;0;2;1;9;1;203 751 670;1;1;1;2;1948.0;3;8;0;-1;5;4;2023;16:20;1;81;81257;2;9;1;3;43.9420286;2.1907435;3;1;2;0;1;2; -1;1;0;1;50;Indemne;2
202300041944;155 606 231;A01;7;0;2;1;9;1;203 751 670;1;1;1;2;1948.0;3;8;0;-1;5;4;2023;16:20;1;81;81257;2;9;1;3;43.9420286;2.1907435;3;2;1;-1;1;1; -1;1;0;1;-1;Indemne;2
202300041953;155 606 216;A01;80;12;0;1;1;3;203 751 653;1;1;3;2;1964.0;4;2;6;-1;24;2;2023;11:30;1;66;66094;2;1;1;6;42.6104643;2.995781;4;2;2;0;1;1;4;1;9;1;30;Blessé hospitalisé;4
202300041958;155 606 206;A01;7;0;2;1;1;0;203 751 642;1;1;1;2;1990.0;4;1;-1;-1;20;2;2023;12:30;1;83;83053;1;1;1;1;43.170131;5.898049;3;2;2;0;2;4; -1;1;0;1;80;Indemne;0
202300041958;155 606 208;B01;1;0;2;0;1;5;203 751 643;1;1;3;1;1959.0;5;2;-1;-1;20;2;2023;12:30;1;83;83053;1;1;1;1;43.170131;5.898049;3;2;2;0;2;4; -1;1;0;1;80;Blessé hospitalisé;0
202300041963;155 606 199;A01;7;0;2;3;9;1;203 751 628;1;1;1;2;1970.0;5;1;-1;-1;24;2;2023;16:50;1;31;31395;1;6;7;3;43.460242;1.295586;3;1;1;0;1;3; -1;1;0;1;80;Indemne;4
202300041963;155 606 200;B01;1;0;2;2;26;5;203 751 629;1;1;4;1;1952.0;5;2;-1;-1;24;2;2023;16:50;1;31;31395;1;6;7;3;43.460242;1.295586;3;1;1;0;1;3; -1;1;0;1;80;Blessé léger;4
202300041966;155 606 193;B01;1;0;2;0;2;5;203 751 621;1;1;4;1;1981.0;0;8;8;-1;5;4;2023;19:10;2;67;67482;2;1;7;3;48.59944;7.77006;4;2;4;2;2;1; -1;1;9;5;50;Blessé léger;2
202300041966;155 606 194;A01;7;0;2;1;15;1;203 751 622;1;1;1;1;1994.0;0;1;8;-1;5;4;2023;19:10;2;67;67482;2;1;7;3;48.59944;7.77006;4;2;4;2;2;1; -1;1;9;5;50;Indemne;2
202300041971;155 606 186;C01;7;0;2;6;2;1;203 751 610;1;1;1;2;2005.0;0;1;8;-1;5;4;2023;07:50;1;64;64335;2;3;1;5;43.33519;-0.45695;4;2;2;0;1;1; -1;1;0;1;50;Indemne;2
202300041971;155 606 186;C01;7;0;2;6;2;1;203 751 610;1;1;1;2;2005.0;0;1;8;-1;5;4;2023;07:50;1;64;64335;2;3;1;5;43.33519;-0.45695;4;2;2;0;1;1; -1;1;0;1;30;Indemne;2
202300041971;155 606 187;B01;1;0;2;1;17;5;203 751 611;1;1;4;1;1975.0;1;2;6;-1;5;4;2023;07:50;1;64;64335;2;3;1;5;43.33519;-0.45695;4;2;2;0;1;1; -1;1;0;1;50;Blessé léger;2
202300041971;155 606 187;B01;1;0;2;1;17;5;203 751 611;1;1;4;1;1975.0;1;2;6;-1;5;4;2023;07:50;1;64;64335;2;3;1;5;43.33519;-0.45695;4;2;2;0;1;1; -1;1;0;1;30;Blessé léger;2
202300041971;155 606 189;A01;7;0;2;3;15;1;203 751 612;1;1;1;2;1969.0;0;1;8;-1;5;4;2023;07:50;1;64;64335;2;3;1;5;43.33519;-0.45695;4;2;2;0;1;1; -1;1;0;1;50;Indemne;2
202300041971;155 606 189;A01;7;0;2;3;15;1;203 751 612;1;1;1;2;1969.0;0;1;8;-1;5;4;2023;07:50;1;64;64335;2;3;1;5;43.33519;-0.45695;4;2;2;0;1;1; -1;1;0;1;30;Indemne;2
202300041977;155 606 174;B01;7;0;9;1;1;1;203 751 596;1;1;1;1;1997.0;0;1;-1;-1;6;4;2023;04:42;5;63;63113;2;2;1;3;45.78747;3.10586;4;2;5;0;1;1; -1;1;5;1;30;Indemne;3
202300041977;155 606 174;B01;7;0;9;1;1;1;203 751 596;1;1;1;1;1997.0;0;1;-1;-1;6;4;2023;04:42;5;63;63113;2;2;1;3;45.78747;3.10586;4;2;2;0;1;1; -1;1;5;1;30;Indemne;3
202300041977;155 606 177;A01;1;0;2;1;1;5;203 751 598;1;1;4;1;2004.0;5;8;-1;-1;6;4;2023;04:42;5;63;63113;2;2;1;3;45.78747;3.10586;4;2;5;0;1;1; -1;1;5;1;30;Blessé léger;3
202300041977;155 606 177;A01;1;0;2;1;1;5;203 751 598;1;1;4;1;2004.0;5;8;-1;-1;6;4;2023;04:42;5;63;63113;2;2;1;3;45.78747;3.10586;4;2;2;0;1;1; -1;1;5;1;30;Blessé léger;3
202300041987;155 606 155;B01;1;0;2;0;0;5;203 751 570;1;1;4;1;1968.0;1;2;6;-1;30;8;2023;17:50;1;22;22278;2;1;1;3;48.525;-2.805;4;2;2;0;1;4; -1;1;9;1;30;Blessé léger;2
202300041987;155 606 157;A01;21;14;0;7;14;1;203 751 573;1;1;1;1;1970.0;1;8;0;-1;30;8;2023;17:50;1;22;22278;2;1;1;3;48.525;-2.805;4;2;2;0;1;4; -1;1;9;1;30;Indemne;2
202300041995;155 606 142;A01;1;0;1;1;1;5;203 751 548;10;3;4;2;1958.0;5;0;-1;-1;22;2;2023;18:15;5;75;75108;2;1;2;6;48.86464183;2.31196225;4;2;2;1;1;1; -1;2;-1;5;30;Blessé léger;2
202300041995;155 606 142;A01;1;0;1;1;1;5;203 751 550;1;1;1;1;1995.0;1;8;0;-1;22;2;2023;18:15;5;75;75108;2;1;2;6;48.86464183;2.31196225;4;2;2;1;1;1; -1;2;-1;5;30;Indemne;2
202300042005;155 606 124;A01;10;0;2;7;1;1;203 751 528;1;1;1;2;2003.0;0;1;8;-1;1;9;2023;17:50;1;10;10387;2;3;1;3;48.29436;4.09063;4;2;2;1;1;1; -1;1;0;1;50;Indemne;4
202300042005;155 606 124;A01;10;0;2;7;1;1;203 751 528;1;1;1;2;2003.0;0;1;8;-1;1;9;2023;17:50;1;10;10387;2;3;1;3;48.29436;4.09063;4;2;2;1;1;1; -1;1;0;1;50;Indemne;4
202300042005;155 606 126;B01;1;0;2;1;1;5;203 751 530;1;1;4;1;1975.0;5;2;0;-1;1;9;2023;17:50;1;10;10387;2;3;1;3;48.29436;4.09063;4;2;2;1;1;1; -1;1;0;1;50;Blessé léger;4
202300042005;155 606 126;B01;1;0;2;1;1;5;203 751 530;1;1;4;1;1975.0;5;2;0;-1;1;9;2023;17:50;1;10;10387;2;3;1;3;48.29436;4.09063;4;2;2;1;1;1; -1;1;0;1;50;Blessé léger;4
202300042011;155 606 115;A01;7;0;9;0;16;1;203 751 516;1;1;1;2;1979.0;0;1;-1;-1;6;4;2023;15:53;1;47;47201;2;4;1;2;44.19396;0.59873;3;2;2;2;1;1; -1;1;0;1;50;Indemne;3
202300042011;155 606 115;A01;7;0;9;0;16;1;203 751 516;1;1;1;2;1979.0;0;1;-1;-1;6;4;2023;15:53;1;47;47201;2;4;1;2;44.19396;0.59873;3;2;2;0;1;3; -1;1;0;1;50;Indemne;3
202300042011;155 606 116;B01;1;0;2;0;0;5;203 751 517;1;1;4;1;1972.0;5;2;-1;-1;6;4;2023;15:53;1;47;47201;2;4;1;2;44.19396;0.59873;3;2;2;2;1;1; -1;1;0;1;50;Blessé léger;3
202300042011;155 606 116;B01;1;0;2;0;0;5;203 751 517;1;1;4;1;1972.0;5;2;-1;-1;6;4;2023;15:53;1;47;47201;2;4;1;2;44.19396;0.59873;3;2;2;0;1;3; -1;1;0;1;50;Blessé léger;3
202300042022;155 606 095;A01;1;0;1;1;1;5;203 751 483;1;1;4;1;2001.0;0;8;0;-1;22;2;2023;20:12;3;92;92004;1;1;1;6;48.9312121;2.27805108;4;-1;1;0;1;1; -1;1;0;1;50;Blessé léger;2
202300042022;155 606 095;A01;1;0;1;1;1;5;203 751 484;10;3;4;2;1976.0;0;0;-1;-1;22;2;2023;20:12;3;92;92004;1;1;1;6;48.9312121;2.27805108;4;-1;1;0;1;1; -1;1;0;1;50;Blessé léger;2
202300042032;155 606 077;A01;21;0;0;4;1;1;203 751 462;1;1;1;1;1985.0;4;1;-1;-1;23;2;2023;15:50;1;50;50159;1;1;1;6;49.03719;-1.231002;3;2;2;0;1;1; -1;1;0;1;80;Indemne;3
202300042032;155 606 078;B01;1;0;9;1;1;5;203 751 465;1;1;3;1;2006.0;5;2;-1;-1;23;2;2023;15:50;1;50;50159;1;1;1;6;49.03719;-1.231002;3;2;2;0;1;1; -1;1;0;1;80;Blessé hospitalisé;3
202300042040;155 606 062;B01;7;0;2;5;16;3;203 751 441;1;1;1;1;1991.0;5;1;0;-1;1;9;2023;15:15;1;75;75114;2;3;1;2;48.827805;2.32915;4;2;3;1;2;1; -1;1;0;5;30;Indemne;4
202300042040;155 606 062;B01;7;0;2;5;16;3;203 751 441;1;1;1;1;1991.0;5;1;0;-1;1;9;2023;15:15;1;75;75114;2;3;1;2;48.827805;2.32915;4;1;1;0;1;1; -1;1;0;5;30;Indemne;4
202300042040;155 606 064;A01;80;0;2;1;1;3;203 751 445;1;1;4;1;2000.0;1;8;0;-1;1;9;2023;15:15;1;75;75114;2;3;1;2;48.827805;2.32915;4;2;3;1;2;1; -1;1;0;5;30;Blessé léger;4
202300042040;155 606 064;A01;80;0;2;1;1;3;203 751 445;1;1;4;1;2000.0;1;8;0;-1;1;9;2023;15:15;1;75;75114;2;3;1;2;48.827805;2.32915;4;1;1;0;1;1; -1;1;0;5;30;Blessé léger;4
202300042051;155 606 044;Z01;1;0;1;1;1;5;203 751 421;10;3;4;1;1947.0;3;0;-1;-1;8;12;2023;17:20;5;10;10387;2;1;1;6;48.2956;4.07282;4;1;1;3;2;1; -1;2;6;1;30;Blessé léger;4
202300042051;155 606 044;Z01;1;0;1;1;1;5;203 751 422;10;3;3;2;1947.0;3;0;-1;-1;8;12;2023;17:20;5;10;10387;2;1;1;6;48.2956;4.07282;4;1;1;3;2;1; -1;2;6;1;30;Blessé hospitalisé;4
202300042057;155 606 036;A01;1;0;1;1;19;5;203 751 408;10;3;4;2;1974.0;5;0;-1;-1;1;9;2023;16:47;1;75;75108;2;3;1;6;48.8639431;2.31039047;4;-1; -1;-1;1;1; -1;1;0;1;30;Blessé léger;4
202300042057;155 606 036;A01;1;0;1;1;19;5;203 751 408;10;3;4;2;1974.0;5;0;-1;-1;1;9;2023;16:47;1;75;75108;2;3;1;6;48.8639431;2.31039047;4;2;3;3;1;1; -1;1;2;1;30;Blessé léger;4
202300042057;155 606 036;A01;1;0;1;1;19;5;203 751 409;1;1;1;2;2002.0;5;8;0;-1;1;9;2023;16:47;1;75;75108;2;3;1;6;48.8639431;2.31039047;4;-1; -1;-1;1;1; -1;1;0;1;30;Indemne;4
202300042057;155 606 036;A01;1;0;1;1;19;5;203 751 409;1;1;1;2;2002.0;5;8;0;-1;1;9;2023;16:47;1;75;75108;2;3;1;6;48.8639431;2.31039047;4;2;3;3;1;1; -1;1;2;1;30;Indemne;4
202300042070;155 606 017;A01;1;0;0;6;13;5;203 751 382;1;1;3;1;1951.0;5;2;-1;-1;23;2;2023;11:10;1;76;76192;1;1;1;6;50.023821;1.342534;3;2;2;0;2;3; -1;1;0;1;80;Blessé hospitalisé;3
202300042074;155 606 009;A01;7;0;2;2;15;1;203 751 375;1;1;1;2;1972.0;1;1;-1;-1;5;4;2023;08:15;1;33;33281;2;2;1;3;44.84207;-0.66068;4;3;3;2;1;1; -1;1;5;1;50;Indemne;2
202300042074;155 606 009;A01;7;0;2;2;15;1;203 751 375;1;1;1;2;1972.0;1;1;-1;-1;5;4;2023;08:15;1;33;33281;2;2;1;3;44.84207;-0.66068;4;2;2;2;1;1; -1;1;5;1;50;Indemne;2
202300042074;155 606 012;B01;1;0;2;3;1;5;203 751 377;1;1;3;1;1990.0;1;2;0;-1;5;4;2023;08:15;1;33;33281;2;2;1;3;44.84207;-0.66068;4;3;3;2;1;1; -1;1;5;1;50;Blessé hospitalisé;2
202300042074;155 606 012;B01;1;0;2;3;1;5;203 751 377;1;1;3;1;1990.0;1;2;0;-1;5;4;2023;08:15;1;33;33281;2;2;1;3;44.84207;-0.66068;4;2;2;2;1;1; -1;1;5;1;50;Blessé hospitalisé;2
202300042084;155 606 000;A01;1;0;2;7;19;5;203 751 364;1;1;4;2;2002.0;3;8;0;-1;8;12;2023;14:40;1;75;75119;2;3;1;3;48.89132113;2.37788039;4;2;6;1;1;1; -1;1;0;1;30;Blessé léger;4
202300042084;155 606 000;A01;1;0;2;7;19;5;203 751 364;1;1;4;2;2002.0;3;8;0;-1;8;12;2023;14:40;1;75;75119;2;3;1;3;48.89132113;2.37788039;4;2; -1;-1;1;1; -1;1;0;1;30;Blessé léger;4
202300042091;155 605 980;B01;80;0;2;1;1;3;203 751 341;1;1;3;1;2004.0;5;0;-1;-1;20;2;2023;19:00;2;29;29076;1;9;1;1;48.437522;-4.599098;4;2;2;0;2;1; -1;1;0;1;90;Blessé hospitalisé;0
202300042091;155 605 982;A01;7;0;2;3;1;1;203 751 343;1;1;1;1;1944.0;5;1;-1;-1;20;2;2023;19:00;2;29;29076;1;9;1;1;48.437522;-4.599098;4;2;2;0;2;1; -1;1;0;1;90;Indemne;0
202300042093;155 605 981;B01;1;0;2;8;1;5;203 751 342;1;1;4;2;2000.0;0;8;0;-1;1;9;2023;09:45;1;94;94046;2;1;1;3;48.80241834;2.43463562;3;2;2;0;1;1;7;1;6;6;50;Blessé léger;4
202300042099;155 605 966;A01;7;0;2;2;16;1;203 751 326;1;1;1;1;1936.0;5;1;0;-1;1;9;2023;12:30;1;94;94038;2;3;1;2;48.78327;2.34545;3;2;2;0;1;1; -1;1;0;1;50;Indemne;4
202300042099;155 605 966;A01;7;0;2;2;16;1;203 751 326;1;1;1;1;1936.0;5;1;0;-1;1;9;2023;12:30;1;94;94038;2;3;1;2;48.78327;2.34545;3;1;2;0;1;2; -1;1;0;1;-1;Indemne;4
202300042099;155 605 972;B01;1;0;2;4;1;5;203 751 330;1;1;4;2;1984.0;1;2;0;-1;1;9;2023;12:30;1;94;94038;2;3;1;2;48.78327;2.34545;3;2;2;0;1;1; -1;1;0;1;50;Blessé léger;4
202300042099;155 605 972;B01;1;0;2;4;1;5;203 751 330;1;1;4;2;1984.0;1;2;0;-1;1;9;2023;12:30;1;94;94038;2;3;1;2;48.78327;2.34545;3;1;2;0;1;2; -1;1;0;1;-1;Blessé léger;4
202300042100;155 605 962;B01;7;0;2;3;1;1;203 751 315;1;1;1;1;1966.0;9;1;0;-1;7;12;2023;06:00;5;75;75116;2;2;1;3;48.845343;2.257558;4;2;2;0;1;1; -1;1;0;1;30;Indemne;3
202300042100;155 605 962;B01;7;0;2;3;1;1;203 751 315;1;1;1;1;1966.0;9;1;0;-1;7;12;2023;06:00;5;75;75116;2;2;1;3;48.845343;2.257558;4;2;2;0;1;1; -1;1;0;1;30;Indemne;3
202300042100;155 605 965;A01;1;0;2;1;1;5;203 751 321;1;1;4;1;1964.0;1;8;0;-1;7;12;2023;06:00;5;75;75116;2;2;1;3;48.845343;2.257558;4;2;2;0;1;1; -1;1;0;1;30;Blessé léger;3
202300042100;155 605 965;A01;1;0;2;1;1;5;203 751 321;1;1;4;1;1964.0;1;8;0;-1;7;12;2023;06:00;5;75;75116;2;2;1;3;48.845343;2.257558;4;2;2;0;1;1; -1;1;0;1;30;Blessé léger;3
202300042124;155 605 923;B01;31;0;2;2;17;0;203 751 266;1;1;1;1;2002.0;0;2;0;-1;1;9;2023;14:50;1;93;93077;2;1;1;3;48.88301643;2.49594435;3;1;4;0;1;1; -1;1;0;1;50;Indemne;4
202300042124;155 605 924;A01;1;0;2;0;15;5;203 751 269;1;1;4;1;1993.0;0;8;0;-1;1;9;2023;14:50;1;93;93077;2;1;1;3;48.88301643;2.49594435;3;1;4;0;1;1; -1;1;0;1;50;Blessé léger;4
202300042149;155 605 880;A01;7;0;2;2;15;2;203 751 209;1;1;1;1;1982.0;1;1;0;-1;1;9;2023;17:50;1;92;92062;2;9;1;3;48.88459806;2.23432159;4;2;0;0;2;1; -1;2;0;1;30;Indemne;4
202300042149;155 605 882;B01;1;0;2;1;0;5;203 751 212;1;1;4;1;1993.0;1;8;0;-1;1;9;2023;17:50;1;92;92062;2;9;1;3;48.88459806;2.23432159;4;2;0;0;2;1; -1;2;0;1;30;Blessé léger;4
202300042155;155 605 872;A01;1;0;9;4;2;5;203 751 200;1;1;4;2;1986.0;0;8;0;-1;1;9;2023;09:55;1;92;92020;2;1;1;4;48.80074393;2.28340298;4;-1;2;0;2;1; -1;1;5;5;50;Blessé léger;4
202300042155;155 605 875;B01;1;0;9;1;2;5;203 751 204;1;1;4;2;1986.0;0;8;0;-1;1;9;2023;09:55;1;92;92020;2;1;1;4;48.80074393;2.28340298;4;-1;2;0;2;1; -1;1;5;5;50;Blessé léger;4
202300042155;155 605 876;C01;1;0;9;1;2;5;203 751 205;1;1;1;1;1985.0;0;8;0;-1;1;9;2023;09:55;1;92;92020;2;1;1;4;48.80074393;2.28340298;4;-1;2;0;2;1; -1;1;5;5;50;Indemne;4
202300042167;155 605 851;A01;7;0;2;1;9;1;203 751 176;1;1;1;2;1979.0;1;1;0;-1;5;4;2023;08:10;1;10;10333;2;9;7;1;48.27647;4.06471;4;2;2;0;1;1; -1;1;0;1;50;Indemne;2
202300042167;155 605 854;B01;1;0;2;0;0;5;203 751 179;1;1;4;2;2002.0;9;8;0;-1;5;4;2023;08:10;1;10;10333;2;9;7;1;48.27647;4.06471;4;2;2;0;1;1; -1;1;0;1;50;Blessé léger;2
202300042170;155 605 846;B01;80;0;2;3;1;3;203 751 170;1;1;3;1;1959.0;0;0;-1;-1;1;9;2023;17:36;1;17;17420;2;1;1;1;46.082504;-1.078259;3;2;2;1;3;1; -1;1;2;5;50;Blessé hospitalisé;4
202300042170;155 605 848;A01;50;0;2;3;1;3;203 751 172;1;1;4;1;2007.0;5;0;-1;-1;1;9;2023;17:36;1;17;17420;2;1;1;1;46.082504;-1.078259;3;2;2;1;3;1; -1;1;2;5;50;Blessé léger;4
202300042174;155 605 836;A01;7;0;2;0;9;1;203 751 155;1;1;1;1;1977.0;1;1;0;-1;8;12;2023;09:05;1;94;94002;2;6;2;3;48.80447;2.41951;4;1;1;0;1;1; -1;2;9;1;30;Indemne;4
202300042174;155 605 838;B01;1;0;2;1;9;5;203 751 159;1;1;4;2;1984.0;9;2;4;-1;8;12;2023;09:05;1;94;94002;2;6;2;3;48.80447;2.41951;4;1;1;0;1;1; -1;2;9;1;30;Blessé léger;4
202300042174;155 605 838;B01;1;0;2;1;9;5;203 751 161;4;2;4;2;2022.0;9;2;0;-1;8;12;2023;09:05;1;94;94002;2;6;2;3;48.80447;2.41951;4;1;1;0;1;1; -1;2;9;1;30;Blessé léger;4
202300042180;155 605 829;A01;1;12;0;1;2;5;203 751 149;1;1;3;1;2011.0;5;0;-1;-1;1;9;2023;17:00;1;974;97404;2;1;1;7;-21.267602;55.370867;4;3;2;0;1;1; -1;1;0;1;30;Blessé hospitalisé;4
202300042192;155 605 808;B01;7;0;2;4;23;1;203 751 123;1;1;1;1;1988.0;5;1;0;-1;7;4;2023;03:30;5;75;75119;2;2;1;2;48.882004;2.402494;4;2; -1;-1;1;1; -1;1;0;1;-1;Indemne;4
202300042192;155 605 808;B01;7;0;2;4;23;1;203 751 123;1;1;1;1;1988.0;5;1;0;-1;7;4;2023;03:30;5;75;75119;2;2;1;2;48.882004;2.402494;4;2;2;-1;4;1; -1;1;0;1;50;Indemne;4
202300042192;155 605 809;A01;1;0;2;1;2;5;203 751 125;1;1;4;1;2003.0;5;8;0;-1;7;4;2023;03:30;5;75;75119;2;2;1;2;48.882004;2.402494;4;2; -1;-1;1;1; -1;1;0;1;-1;Blessé léger;4
202300042192;155 605 809;A01;1;0;2;1;2;5;203 751 125;1;1;4;1;2003.0;5;8;0;-1;7;4;2023;03:30;5;75;75119;2;2;1;2;48.882004;2.402494;4;2;2;-1;4;1; -1;1;0;1;50;Blessé léger;4
202300042193;155 605 806;A01;34;0;2;1;2;1;203 751 120;1;1;1;1;1971.0;0;2;6;-1;8;12;2023;15:59;1;92;92044;2;1;1;2;48.89863387;2.27796793;3;1;2;0;1;1; -1;1;0;1;50;Indemne;4
202300042193;155 605 807;B01;1;0;2;4;1;5;203 751 122;1;1;4;1;2004.0;0;0;-1;-1;8;12;2023;15:59;1;92;92044;2;1;1;2;48.89863387;2.27796793;3;1;2;0;1;1; -1;1;0;1;50;Blessé léger;4
202300042204;155 605 788;A01;1;0;1;1;1;5;203 751 097;10;3;4;2;1962.0;9;0;-1;-1;7;4;2023;17:55;1;75;75101;2;2;1;6;48.858723;2.348342;4;2;5;1;1;1; -1;1;0;5;30;Blessé léger;4
202300042204;155 605 788;A01;1;0;1;1;1;5;203 751 097;10;3;4;2;1962.0;9;0;-1;-1;7;4;2023;17:55;1;75;75101;2;2;1;6;48.858723;2.348342;4;1;3;0;1;1; -1;1;0;5;30;Blessé léger;4
202300042204;155 605 788;A01;1;0;1;1;1;5;203 751 098;1;1;1;1;1995.0;5;2;8;-1;7;4;2023;17:55;1;75;75101;2;2;1;6;48.858723;2.348342;4;2;5;1;1;1; -1;1;0;5;30;Indemne;4
202300042204;155 605 788;A01;1;0;1;1;1;5;203 751 098;1;1;1;1;1995.0;5;2;8;-1;7;4;2023;17:55;1;75;75101;2;2;1;6;48.858723;2.348342;4;1;3;0;1;1; -1;1;0;5;30;Indemne;4
202300042218;155 605 762;A01;7;1;2;2;13;0;203 751 068;1;1;1;1;1983.0;0;1;0;-1;7;4;2023;08:40;1;94;94054;2;3;1;1;48.74704519;2.4187181;4;2;2;0;3;1; -1;1;0;-1;-1;Indemne;4
202300042218;155 605 762;A01;7;1;2;2;13;0;203 751 068;1;1;1;1;1983.0;0;1;0;-1;7;4;2023;08:40;1;94;94054;2;3;1;1;48.74704519;2.4187181;4;2;2;0;1;2; -1;1;0;3;30;Indemne;4
202300042218;155 605 763;B01;1;0;2;2;1;5;203 751 069;1;1;4;1;1971.0;1;8;0;-1;7;4;2023;08:40;1;94;94054;2;3;1;1;48.74704519;2.4187181;4;2;2;0;3;1; -1;1;0;-1;-1;Blessé léger;4
202300042218;155 605 763;B01;1;0;2;2;1;5;203 751 069;1;1;4;1;1971.0;1;8;0;-1;7;4;2023;08:40;1;94;94054;2;3;1;1;48.74704519;2.4187181;4;2;2;0;1;2; -1;1;0;3;30;Blessé léger;4
202300042233;155 605 738;A01;1;0;2;1;14;5;203 751 031;2;2;4;1;1993.0;1;8;8;-1;7;4;2023;08:45;1;92;92077;2;6;1;6;48.8269;2.18852;3;4;2;0;2;2;5,5;1;5;1;30;Blessé léger;4
202300042233;155 605 738;A01;1;0;2;1;14;5;203 751 031;2;2;4;1;1993.0;1;8;8;-1;7;4;2023;08:45;1;92;92077;2;6;1;6;48.8269;2.18852;3;4;2;0;2;2;5,5;1;0;1;30;Blessé léger;4
202300042233;155 605 738;A01;1;0;2;1;14;5;203 751 032;1;1;4;2;1993.0;1;8;0;-1;7;4;2023;08:45;1;92;92077;2;6;1;6;48.8269;2.18852;3;4;2;0;2;2;5,5;1;5;1;30;Blessé léger;4