Num_Acc;id_vehicule;num_veh;catv;obs;obsm;choc;manv;motor;id_usager;place;catu;grav;sexe;an_nais;trajet;secu1;secu2;secu3;jour;mois;an;hrmn;lum;dep;com;agg;int;atm;col;lat;long;catr;circ;nbv;vosp;prof;plan;larrout;surf;infra;situ;vma;gravity;day_of_week
202300042233;155 605 738;A01;1;0;2;1;14;5;203 751 032;1;1;4;2;1993.0;1;8;0;-1;7;4;2023;08:45;1;92;92077;2;6;1;6;48.8269;2.18852;3;4;2;0;2;2;5,5;1;0;1;30;Blessé léger;4
202300042240;155 605 727;B01;1;0;2;4;1;5;203 751 021;1;1;3;1;1957.0;5;2;-1;-1;1;9;2023;14:50;1;01;01133;1;6;1;3;45.782572;5.769088;3;2;1;0;1;1;3,5;1;5;1;80;Blessé hospitalisé;4
202300042240;155 605 731;A01;7;0;2;3;9;1;203 751 024;1;1;1;2;1967.0;5;1;-1;-1;1;9;2023;14:50;1;01;01133;1;6;1;3;45.782572;5.769088;3;2;1;0;1;1;3,5;1;5;1;80;Indemne;4
202300042254;155 605 701;B01;1;1;0;1;1;5;203 750 990;1;1;4;1;1963.0;5;2;-1;-1;7;4;2023;18:20;1;50;50167;2;1;1;2;48.724767;-1.52217;4;2;2;0;1;1; -1;1;0;1;50;Blessé léger;4
202300042254;155 605 704;A01;7;0;0;8;22;0;203 750 993;1;1;1;2;1966.0;4;0;-1;-1;7;4;2023;18:20;1;50;50167;2;1;1;2;48.724767;-1.52217;4;2;2;0;1;1; -1;1;0;1;50;Indemne;4
202300042265;155 605 684;A01;1;2;2;2;0;5;203 750 970;1;1;3;2;2005.0;5;0;-1;-1;26;2;2023;13:42;1;11;11307;1;1;6;2;43.220283;2.869449;3;2;2;0;1;1; -1;1;0;3;80;Blessé hospitalisé;6
202300042265;155 605 686;B01;2;0;2;4;17;1;203 750 972;1;1;1;1;2007.0;5;2;-1;-1;26;2;2023;13:42;1;11;11307;1;1;6;2;43.220283;2.869449;3;2;2;0;1;1; -1;1;0;3;80;Indemne;6
202300042266;155 605 685;A01;1;0;0;0;1;5;203 750 971;1;1;3;1;1959.0;5;2;9;-1;8;12;2023;15:40;1;14;14739;2;3;8;7;49.34235;-0.51751;3;2;2;0;2;1;4;2;0;1;30;Blessé hospitalisé;4
202300042266;155 605 685;A01;1;0;0;0;1;5;203 750 971;1;1;3;1;1959.0;5;2;9;-1;8;12;2023;15:40;1;14;14739;2;3;8;7;49.34235;-0.51751;3;2;2;0;1;1; -1;2;0;1;50;Blessé hospitalisé;4
202300042296;155 605 627;B01;80;0;2;8;15;3;203 750 880;1;1;4;1;1935.0;5;2;-1;-1;8;4;2023;09:50;1;18;18028;1;2;1;3;47.151567;2.284212;3;2;2;0;1;1;5;1;0;1;80;Blessé léger;5
202300042296;155 605 627;B01;80;0;2;8;15;3;203 750 880;1;1;4;1;1935.0;5;2;-1;-1;8;4;2023;09:50;1;18;18028;1;2;1;3;47.151567;2.284212;3;2; -1;-1;1;1; -1;1;0;1;-1;Blessé léger;5
202300042296;155 605 629;A01;7;0;9;1;17;1;203 750 882;2;2;1;2;1974.0;5;1;-1;-1;8;4;2023;09:50;1;18;18028;1;2;1;3;47.151567;2.284212;3;2;2;0;1;1;5;1;0;1;80;Indemne;5
202300042296;155 605 629;A01;7;0;9;1;17;1;203 750 882;2;2;1;2;1974.0;5;1;-1;-1;8;4;2023;09:50;1;18;18028;1;2;1;3;47.151567;2.284212;3;2; -1;-1;1;1; -1;1;0;1;-1;Indemne;5
202300042296;155 605 629;A01;7;0;9;1;17;1;203 750 883;1;1;1;1;1973.0;5;1;-1;-1;8;4;2023;09:50;1;18;18028;1;2;1;3;47.151567;2.284212;3;2;2;0;1;1;5;1;0;1;80;Indemne;5
202300042296;155 605 629;A01;7;0;9;1;17;1;203 750 883;1;1;1;1;1973.0;5;1;-1;-1;8;4;2023;09:50;1;18;18028;1;2;1;3;47.151567;2.284212;3;2; -1;-1;1;1; -1;1;0;1;-1;Indemne;5
202300042309;155 605 607;B01;1;0;2;6;0;5;203 750 847;1;1;4;1;2011.0;1;0;-1;-1;8;12;2023;18:20;5;80;80212;2;1;1;3;49.912733;2.515133;3;2;2;0;2;1; -1;1;0;1;50;Blessé léger;4
202300042309;155 605 608;A01;7;0;2;2;1;1;203 750 849;1;1;1;1;2001.0;1;1;-1;-1;8;12;2023;18:20;5;80;80212;2;1;1;3;49.912733;2.515133;3;2;2;0;2;1; -1;1;0;1;50;Indemne;4
202300042342;155 605 545;A01;1;12;0;3;25;5;203 750 767;1;1;3;1;1999.0;5;0;-1;-1;7;4;2023;19:45;1;45;45039;2;1;1;6;47.79689;2.38288;3;2;2;0;1;1;5,5;1;0;4;50;Blessé hospitalisé;4
202300042408;155 605 416;A01;1;0;2;8;26;5;203 750 601;1;1;4;2;1997.0;5;8;0;-1;8;12;2023;01:50;5;69;69381;2;1;2;7;45.76932;4.83787;4;2;7;3;1;1; -1;2;0;1;50;Blessé léger;4
202300042454;155 605 334;A01;7;0;2;2;19;1;203 750 479;1;1;1;2;1981.0;0;8;0;-1;7;12;2023;11:16;1;71;71475;2;2;8;3;46.76454;4.83289;4;2;2;2;1;1; -1;1;0;1;50;Indemne;3
202300042454;155 605 336;B01;1;0;2;0;0;5;203 750 481;1;1;4;2;1943.0;0;8;0;-1;7;12;2023;11:16;1;71;71475;2;2;8;3;46.76454;4.83289;4;2;2;2;1;1; -1;1;0;1;50;Blessé léger;3
202300042459;155 605 324;A01;1;0;2;7;1;5;203 750 467;1;1;4;1;1988.0;0;2;4;-1;31;8;2023;20:10;2;59;59599;2;3;2;3;50.72298941;3.14455895;4;1;1;0;1;1; -1;2;0;1;30;Blessé léger;3
202300042459;155 605 324;A01;1;0;2;7;1;5;203 750 467;1;1;4;1;1988.0;0;2;4;-1;31;8;2023;20:10;2;59;59599;2;3;2;3;50.72298941;3.14455895;4;2;1;2;1;1; -1;2;0;1;30;Blessé léger;3
202300042459;155 605 326;B01;7;0;2;3;1;0;203 750 469;1;1;1;1;1975.0;9;1;0;-1;31;8;2023;20:10;2;59;59599;2;3;2;3;50.72298941;3.14455895;4;1;1;0;1;1; -1;2;0;1;30;Indemne;3
202300042459;155 605 326;B01;7;0;2;3;1;0;203 750 469;1;1;1;1;1975.0;9;1;0;-1;31;8;2023;20:10;2;59;59599;2;3;2;3;50.72298941;3.14455895;4;2;1;2;1;1; -1;2;0;1;30;Indemne;3
202300042463;155 605 317;A01;1;0;2;1;13;5;203 750 454;1;1;3;1;2008.0;5;8;0;-1;30;8;2023;17:20;1;59;59227;2;1;1;1;50.35855;3.30046;3;2;2;0;1;1;5;1;0;1;50;Blessé hospitalisé;2
202300042463;155 605 318;B01;7;0;2;1;1;3;203 750 455;1;1;1;1;1989.0;0;1;8;-1;30;8;2023;17:20;1;59;59227;2;1;1;1;50.35855;3.30046;3;2;2;0;1;1;5;1;0;1;50;Indemne;2
202300042470;155 605 306;A01;1;0;2;8;19;5;203 750 440;1;1;4;2;2008.0;2;8;8;-1;6;12;2023;17:20;5;67;67482;2;3;1;3;48.58016;7.71896;4;2;2;0;1;1; -1;1;0;1;50;Blessé léger;2
202300042470;155 605 306;A01;1;0;2;8;19;5;203 750 440;1;1;4;2;2008.0;2;8;8;-1;6;12;2023;17:20;5;67;67482;2;3;1;3;48.58016;7.71896;4;3;4;2;1;1; -1;1;5;5;50;Blessé léger;2
202300042488;155 605 277;A01;80;0;0;8;10;3;203 750 406;1;1;3;2;1969.0;5;0;-1;-1;30;8;2023;16:25;1;43;43251;2;9;1;7;45.02067;3.87134;4;2; -1;-1;2;1; -1;9;0;1;-1;Blessé hospitalisé;2
202300042491;155 605 273;A01;1;0;0;8;1;5;203 750 400;1;1;4;1;1995.0;5;8;0;-1;31;8;2023;08:46;1;37;37261;2;1;1;7;47.3911;0.6948;4;2;2;1;1;1; -1;1;0;5;30;Blessé léger;3
202300042492;155 605 272;B01;1;0;2;1;5;5;203 750 399;1;1;4;1;1996.0;5;8;0;-1;7;12;2023;23:00;5;59;59350;2;1;2;1;50.62545;3.05212;4;1;1;0;1;1; -1;2;0;1;30;Blessé léger;3
202300042496;155 605 267;A01;1;0;2;8;13;5;203 750 391;1;1;4;1;1998.0;0;8;0;-1;7;12;2023;09:30;1;59;59350;2;1;8;3;50.61251;3.05789;4;2;4;2;1;1; -1;1;0;1;50;Blessé léger;3
202300042496;155 605 269;B01;7;0;0;7;17;1;203 750 392;1;1;1;1;1974.0;4;1;0;-1;7;12;2023;09:30;1;59;59350;2;1;8;3;50.61251;3.05789;4;2;4;2;1;1; -1;1;0;1;50;Indemne;3
202300042504;155 605 250;B01;1;0;0;8;1;5;203 750 371;1;1;4;1;1976.0;0;2;-1;-1;30;8;2023;17:25;1;31;31149;2;6;1;3;43.612365;1.318076;7;2;2;0;1;1; -1;1;0;5;50;Blessé léger;2
202300042504;155 605 250;B01;1;0;0;8;1;5;203 750 371;1;1;4;1;1976.0;0;2;-1;-1;30;8;2023;17:25;1;31;31149;2;6;1;3;43.612365;1.318076;7;2;0;1;1;1; -1;1;0;5;50;Blessé léger;2
202300042504;155 605 253;A01;10;1;2;1;1;1;203 750 373;1;1;1;1;2004.0;3;1;8;-1;30;8;2023;17:25;1;31;31149;2;6;1;3;43.612365;1.318076;7;2;2;0;1;1; -1;1;0;5;50;Indemne;2
202300042504;155 605 253;A01;10;1;2;1;1;1;203 750 373;1;1;1;1;2004.0;3;1;8;-1;30;8;2023;17:25;1;31;31149;2;6;1;3;43.612365;1.318076;7;2;0;1;1;1; -1;1;0;5;50;Indemne;2
202300042511;155 605 241;B01;1;0;2;1;15;5;203 750 357;1;1;3;2;1980.0;0;2;0;-1;30;8;2023;18:50;1;29;29019;2;9;1;1;48.38223;-4.50205;4;2;2;0;3;1; -1;1;0;1;50;Blessé hospitalisé;2
202300042511;155 605 241;B01;1;0;2;1;15;5;203 750 357;1;1;3;2;1980.0;0;2;0;-1;30;8;2023;18:50;1;29;29019;2;9;1;1;48.38223;-4.50205;4;1;1;0;1;1; -1;1;0;1;50;Blessé hospitalisé;2
202300042511;155 605 243;A01;7;0;2;1;1;1;203 750 358;1;1;1;1;1997.0;0;1;0;-1;30;8;2023;18:50;1;29;29019;2;9;1;1;48.38223;-4.50205;4;2;2;0;3;1; -1;1;0;1;50;Indemne;2
202300042511;155 605 243;A01;7;0;2;1;1;1;203 750 358;1;1;1;1;1997.0;0;1;0;-1;30;8;2023;18:50;1;29;29019;2;9;1;1;48.38223;-4.50205;4;1;1;0;1;1; -1;1;0;1;50;Indemne;2
202300042522;155 605 219;B01;1;14;0;0;0;5;203 750 326;1;1;4;1;1964.0;0;-1;0;-1;30;8;2023;17:55;1;07;07281;2;3;1;3;44.94038231;4.86387223;4;2;0;0;1;1; -1;1;0;5;50;Blessé léger;2
202300042522;155 605 219;B01;1;14;0;0;0;5;203 750 326;1;1;4;1;1964.0;0;-1;0;-1;30;8;2023;17:55;1;07;07281;2;3;1;3;44.94038231;4.86387223;4;2;0;3;1;1; -1;1;0;8;50;Blessé léger;2
202300042522;155 605 221;A01;7;14;0;2;15;1;203 750 328;1;1;1;1;1934.0;0;1;0;-1;30;8;2023;17:55;1;07;07281;2;3;1;3;44.94038231;4.86387223;4;2;0;0;1;1; -1;1;0;5;50;Indemne;2
202300042522;155 605 221;A01;7;14;0;2;15;1;203 750 328;1;1;1;1;1934.0;0;1;0;-1;30;8;2023;17:55;1;07;07281;2;3;1;3;44.94038231;4.86387223;4;2;0;3;1;1; -1;1;0;8;50;Indemne;2
202300042530;155 605 206;B01;80;0;2;2;1;3;203 750 308;1;1;4;1;2005.0;9;8;0;-1;31;8;2023;16:25;1;06;06159;2;3;1;3;43.70148;7.30661;7;2;2;0;1;1; -1;1;0;1;30;Blessé léger;3
202300042530;155 605 206;B01;80;0;2;2;1;3;203 750 308;1;1;4;1;2005.0;9;8;0;-1;31;8;2023;16:25;1;06;06159;2;3;1;3;43.70148;7.30661;7;1;1;0;2;3; -1;1;0;1;30;Blessé léger;3
202300042530;155 605 208;A01;7;0;9;3;15;1;203 750 311;1;1;1;1;2003.0;0;1;0;-1;31;8;2023;16:25;1;06;06159;2;3;1;3;43.70148;7.30661;7;2;2;0;1;1; -1;1;0;1;30;Indemne;3
202300042530;155 605 208;A01;7;0;9;3;15;1;203 750 311;1;1;1;1;2003.0;0;1;0;-1;31;8;2023;16:25;1;06;06159;2;3;1;3;43.70148;7.30661;7;1;1;0;2;3; -1;1;0;1;30;Indemne;3
202300042535;155 605 197;Y01;1;0;2;0;15;5;203 750 297;1;1;3;1;2003.0;5;2;0;-1;6;12;2023;22:20;3;34;34032;2;1;1;3;43.34131;3.18345;3;2;2;0;1;1; -1;1;0;1;50;Blessé hospitalisé;2
202300042535;155 605 198;A01;7;0;2;1;1;1;203 750 299;1;1;1;1;1977.0;1;1;8;-1;6;12;2023;22:20;3;34;34032;2;1;1;3;43.34131;3.18345;3;2;2;0;1;1; -1;1;0;1;50;Indemne;2
202300042539;155 605 191;A01;7;0;2;3;20;1;203 750 291;1;1;1;1;1986.0;0;1;-1;-1;7;12;2023;18:30;5;33;33063;2;1;3;3;44.84352;-0.59946;4;2;4;3;1;1; -1;2;0;1;50;Indemne;3
202300042539;155 605 192;B01;1;0;2;1;1;5;203 750 292;1;1;4;2;1999.0;0;0;-1;-1;7;12;2023;18:30;5;33;33063;2;1;3;3;44.84352;-0.59946;4;2;4;3;1;1; -1;2;0;1;50;Blessé léger;3
202300042541;155 605 188;B01;1;0;2;1;0;5;203 750 287;1;1;3;1;2007.0;1;2;-1;-1;31;8;2023;08:40;1;01;01283;2;3;8;3;46.255023;5.636018;4;2;2;0;1;1; -1;1;0;1;50;Blessé hospitalisé;3
202300042541;155 605 188;B01;1;0;2;1;0;5;203 750 287;1;1;3;1;2007.0;1;2;-1;-1;31;8;2023;08:40;1;01;01283;2;3;8;3;46.255023;5.636018;4;2;2;0;2;1; -1;1;0;1;50;Blessé hospitalisé;3
202300042541;155 605 190;A01;7;0;2;3;19;1;203 750 290;1;1;1;2;1982.0;1;1;8;-1;31;8;2023;08:40;1;01;01283;2;3;8;3;46.255023;5.636018;4;2;2;0;1;1; -1;1;0;1;50;Indemne;3
202300042541;155 605 190;A01;7;0;2;3;19;1;203 750 290;1;1;1;2;1982.0;1;1;8;-1;31;8;2023;08:40;1;01;01283;2;3;8;3;46.255023;5.636018;4;2;2;0;2;1; -1;1;0;1;50;Indemne;3
202300042543;155 605 182;A01;7;0;2;2;15;1;203 750 278;1;1;1;1;1991.0;5;1;8;-1;6;12;2023;19:30;5;33;33162;2;3;1;3;44.8911;-0.6578;4;2;2;0;1;1; -1;1;8;1;50;Indemne;2
202300042543;155 605 182;A01;7;0;2;2;15;1;203 750 278;1;1;1;1;1991.0;5;1;8;-1;6;12;2023;19:30;5;33;33162;2;3;1;3;44.8911;-0.6578;4;2;2;0;1;1; -1;1;0;1;50;Indemne;2
202300042543;155 605 183;B01;80;0;2;1;1;3;203 750 280;1;1;4;1;1990.0;4;0;-1;-1;6;12;2023;19:30;5;33;33162;2;3;1;3;44.8911;-0.6578;4;2;2;0;1;1; -1;1;8;1;50;Blessé léger;2
202300042543;155 605 183;B01;80;0;2;1;1;3;203 750 280;1;1;4;1;1990.0;4;0;-1;-1;6;12;2023;19:30;5;33;33162;2;3;1;3;44.8911;-0.6578;4;2;2;0;1;1; -1;1;0;1;50;Blessé léger;2
202300042556;155 605 161;B01;1;0;2;1;1;5;203 750 256;1;1;3;1;1947.0;5;0;-1;-1;3;10;2023;09:10;1;81;81290;1;2;8;3;44.025309;1.963044;3;2;2;0;1;1;4;1;5;1;80;Blessé hospitalisé;1
202300042556;155 605 161;B01;1;0;2;1;1;5;203 750 256;1;1;3;1;1947.0;5;0;-1;-1;3;10;2023;09:10;1;81;81290;1;2;8;3;44.025309;1.963044;3;2;2;0;1;1;5,5;1;0;1;80;Blessé hospitalisé;1
202300042556;155 605 163;A01;7;0;2;2;15;0;203 750 259;1;1;1;2;1969.0;3;1;-1;-1;3;10;2023;09:10;1;81;81290;1;2;8;3;44.025309;1.963044;3;2;2;0;1;1;4;1;5;1;80;Indemne;1
202300042556;155 605 163;A01;7;0;2;2;15;0;203 750 259;1;1;1;2;1969.0;3;1;-1;-1;3;10;2023;09:10;1;81;81290;1;2;8;3;44.025309;1.963044;3;2;2;0;1;1;5,5;1;0;1;80;Indemne;1
202300042560;155 605 154;A01;7;0;2;2;16;1;203 750 246;1;1;1;2;2002.0;3;1;0;-1;4;12;2023;16:10;1;29;29019;2;6;2;3;48.38918;-4.45805;4;1;2;1;1;2; -1;2;0;5;50;Indemne;0
202300042560;155 605 154;A01;7;0;2;2;16;1;203 750 246;1;1;1;2;2002.0;3;1;0;-1;4;12;2023;16:10;1;29;29019;2;6;2;3;48.38918;-4.45805;4;3;2;0;1;2; -1;2;0;5;50;Indemne;0
202300042560;155 605 155;B01;80;0;2;8;1;3;203 750 247;1;1;4;2;2003.0;1;2;4;-1;4;12;2023;16:10;1;29;29019;2;6;2;3;48.38918;-4.45805;4;1;2;1;1;2; -1;2;0;5;50;Blessé léger;0
202300042560;155 605 155;B01;80;0;2;8;1;3;203 750 247;1;1;4;2;2003.0;1;2;4;-1;4;12;2023;16:10;1;29;29019;2;6;2;3;48.38918;-4.45805;4;3;2;0;1;2; -1;2;0;5;50;Blessé léger;0
202300042567;155 605 138;B01;1;0;2;0;25;5;203 750 223;1;1;3;1;2006.0;0;0;-1;-1;4;10;2023;17:10;1;46;46232;2;9;1;1;44.9949;1.644752;3;2;2;0;1;1;5;1;0;1;-1;Blessé hospitalisé;2
202300042567;155 605 139;A01;7;0;2;0;1;1;203 750 225;1;1;1;1;1973.0;0;1;-1;-1;4;10;2023;17:10;1;46;46232;2;9;1;1;44.9949;1.644752;3;2;2;0;1;1;5;1;0;1;-1;Indemne;2
202300042590;155 605 097;B01;1;0;2;8;21;5;203 750 170;1;1;4;1;1969.0;5;2;-1;-1;2;10;2023;14:50;1;29;29037;1;3;1;3;47.86196774;-4.16035509;3;2;2;2;1;1;7;1;9;5;80;Blessé léger;0
202300042590;155 605 097;B01;1;0;2;8;21;5;203 750 170;1;1;4;1;1969.0;5;2;-1;-1;2;10;2023;14:50;1;29;29037;1;3;1;3;47.86196774;-4.16035509;3;2; -1;-1;1;1; -1;1;0;1;-1;Blessé léger;0
202300042590;155 605 098;A01;10;0;2;1;19;1;203 750 172;1;1;1;2;1992.0;4;1;-1;-1;2;10;2023;14:50;1;29;29037;1;3;1;3;47.86196774;-4.16035509;3;2;2;2;1;1;7;1;9;5;80;Indemne;0
202300042590;155 605 098;A01;10;0;2;1;19;1;203 750 172;1;1;1;2;1992.0;4;1;-1;-1;2;10;2023;14:50;1;29;29037;1;3;1;3;47.86196774;-4.16035509;3;2; -1;-1;1;1; -1;1;0;1;-1;Indemne;0
202300042591;155 605 095;B01;1;0;2;6;13;5;203 750 167;1;1;3;2;1967.0;1;0;-1;-1;3;10;2023;07:30;2;38;38034;2;4;1;3;45.33617;5.050036;4;2;2;0;1;1; -1;1;0;1;50;Blessé hospitalisé;1
202300042591;155 605 095;B01;1;0;2;6;13;5;203 750 167;1;1;3;2;1967.0;1;0;-1;-1;3;10;2023;07:30;2;38;38034;2;4;1;3;45.33617;5.050036;4;2;2;0;1;3; -1;1;0;1;50;Blessé hospitalisé;1
202300042591;155 605 096;A01;7;0;0;3;15;1;203 750 169;1;1;1;1;1986.0;1;1;-1;-1;3;10;2023;07:30;2;38;38034;2;4;1;3;45.33617;5.050036;4;2;2;0;1;1; -1;1;0;1;50;Indemne;1
202300042591;155 605 096;A01;7;0;0;3;15;1;203 750 169;1;1;1;1;1986.0;1;1;-1;-1;3;10;2023;07:30;2;38;38034;2;4;1;3;45.33617;5.050036;4;2;2;0;1;3; -1;1;0;1;50;Indemne;1
202300042597;155 605 089;A01;1;7;0;2;15;5;203 750 159;1;1;4;1;1974.0;5;0;-1;-1;30;9;2023;15:58;1;14;14132;1;2;1;7;49.340305;-0.980381;3;2;2;0;1;1; -1;1;0;1;80;Blessé léger;5
202300042597;155 605 089;A01;1;7;0;2;15;5;203 750 159;1;1;4;1;1974.0;5;0;-1;-1;30;9;2023;15:58;1;14;14132;1;2;1;7;49.340305;-0.980381;3;2;2;0;2;1; -1;1;0;1;90;Blessé léger;5
202300042604;155 605 078;B01;80;0;0;7;1;3;203 750 147;1;1;4;1;2000.0;1;0;-1;-1;3;10;2023;22:30;5;37;37050;2;6;1;3;47.31714143;0.710814;3;2;2;1;3;3;7;1;5;1;50;Blessé léger;1
202300042604;155 605 078;B01;80;0;0;7;1;3;203 750 147;1;1;4;1;2000.0;1;0;-1;-1;3;10;2023;22:30;5;37;37050;2;6;1;3;47.31714143;0.710814;3;2;2;1;1;2;7;1;0;1;-1;Blessé léger;1
202300042613;155 605 062;A01;7;0;2;2;1;1;203 750 113;1;1;1;2;1964.0;5;1;-1;-1;12;1;2023;21:08;3;74;74309;1;1;1;2;46.09619443;6.02549814;3;2;2;0;1;1; -1;2;0;1;80;Indemne;3
202300042613;155 605 063;B01;80;0;2;6;1;3;203 750 114;1;1;4;1;2000.0;1;0;-1;-1;12;1;2023;21:08;3;74;74309;1;1;1;2;46.09619443;6.02549814;3;2;2;0;1;1; -1;2;0;1;80;Blessé léger;3
202300042678;155 604 935;A01;7;14;2;2;1;1;203 749 951;1;1;1;1;1926.0;9;1;-1;-1;2;10;2023;13:00;1;69;69382;2;1;1;2;45.7572;4.8301;4;1;1;3;1;1; -1;1;0;1;30;Indemne;0
202300042678;155 604 936;B01;1;0;2;4;23;5;203 749 952;1;1;4;1;1986.0;9;8;-1;-1;2;10;2023;13:00;1;69;69382;2;1;1;2;45.7572;4.8301;4;1;1;3;1;1; -1;1;0;1;30;Blessé léger;0
202300042737;155 604 832;A01;7;0;2;2;21;1;203 749 809;1;1;1;2;1993.0;5;1;8;-1;2;10;2023;17:30;1;67;67482;2;1;1;3;48.56587;7.75994;4;-1;2;1;1;1; -1;1;0;1;30;Indemne;0
202300042737;155 604 833;B01;1;0;2;8;19;5;203 749 811;1;1;4;2;1966.0;0;8;0;-1;2;10;2023;17:30;1;67;67482;2;1;1;3;48.56587;7.75994;4;-1;2;1;1;1; -1;1;0;1;30;Blessé léger;0
202300042739;155 604 827;A01;7;0;2;3;9;1;203 749 804;1;1;1;2;1962.0;4;1;8;-1;2;10;2023;17:08;1;64;64348;2;1;1;3;43.301418;-0.412588;4;-1;2;0;1;1; -1;1;0;1;50;Indemne;0
202300042739;155 604 828;B01;1;0;2;2;16;5;203 749 806;1;1;4;1;2003.0;0;2;6;-1;2;10;2023;17:08;1;64;64348;2;1;1;3;43.301418;-0.412588;4;-1;2;0;1;1; -1;1;0;1;50;Blessé léger;0
202300042760;155 604 794;B01;7;0;0;0;0;0;203 749 762;1;1;1;1;1997.0;5;8;8;-1;2;10;2023;21:00;5;51;51454;2;3;1;3;49.24575;4.01763;4;2;2;2;1;1; -1;1;0;1;50;Indemne;0
202300042760;155 604 794;B01;7;0;0;0;0;0;203 749 762;1;1;1;1;1997.0;5;8;8;-1;2;10;2023;21:00;5;51;51454;2;3;1;3;49.24575;4.01763;4;2;0;2;1;1; -1;1;0;1;50;Indemne;0
202300042760;155 604 795;A01;1;0;0;0;0;5;203 749 763;1;1;4;1;1997.0;3;8;0;-1;2;10;2023;21:00;5;51;51454;2;3;1;3;49.24575;4.01763;4;2;2;2;1;1; -1;1;0;1;50;Blessé léger;0
202300042760;155 604 795;A01;1;0;0;0;0;5;203 749 763;1;1;4;1;1997.0;3;8;0;-1;2;10;2023;21:00;5;51;51454;2;3;1;3;49.24575;4.01763;4;2;0;2;1;1; -1;1;0;1;50;Blessé léger;0
202300042762;155 604 793;B01;7;0;2;2;15;1;203 749 761;1;1;1;1;2000.0;0;1;-1;-1;22;7;2023;20:55;2;69;69383;2;2;1;3;45.75605;4.8465;4;1;1;3;1;1; -1;1;5;1;50;Indemne;5
202300042762;155 604 793;B01;7;0;2;2;15;1;203 749 761;1;1;1;1;2000.0;0;1;-1;-1;22;7;2023;20:55;2;69;69383;2;2;1;3;45.75605;4.8465;4;1;1;2;1;1; -1;1;0;1;30;Indemne;5
202300042762;155 604 796;A01;1;0;2;1;1;5;203 749 764;1;1;4;1;1955.0;0;2;4;-1;22;7;2023;20:55;2;69;69383;2;2;1;3;45.75605;4.8465;4;1;1;3;1;1; -1;1;5;1;50;Blessé léger;5
202300042762;155 604 796;A01;1;0;2;1;1;5;203 749 764;1;1;4;1;1955.0;0;2;4;-1;22;7;2023;20:55;2;69;69383;2;2;1;3;45.75605;4.8465;4;1;1;2;1;1; -1;1;0;1;30;Blessé léger;5
202300042767;155 604 781;A01;7;0;2;2;2;1;203 749 748;1;1;1;2;1962.0;3;1;0;-1;2;10;2023;09:45;1;47;47001;2;1;1;3;44.20633;0.63528;4;2;1;0;1;1; -1;1;0;1;30;Indemne;0
202300042767;155 604 783;B01;1;0;2;8;1;5;203 749 749;1;1;4;1;1937.0;5;2;0;-1;2;10;2023;09:45;1;47;47001;2;1;1;3;44.20633;0.63528;4;2;1;0;1;1; -1;1;0;1;30;Blessé léger;0
202300042770;155 604 773;B01;50;0;2;1;1;3;203 749 740;1;1;1;1;2005.0;0;0;-1;-1;1;10;2023;19:00;1;41;41018;2;1;1;1;47.58362;1.31349;4;2;2;3;1;1; -1;1;0;6;30;Indemne;6
202300042770;155 604 776;A01;1;0;2;1;13;5;203 749 743;1;1;4;1;2016.0;5;8;0;-1;1;10;2023;19:00;1;41;41018;2;1;1;1;47.58362;1.31349;4;2;2;3;1;1; -1;1;0;6;30;Blessé léger;6
202300042787;155 604 735;A01;7;0;2;3;19;1;203 749 691;1;1;1;2;1994.0;1;1;0;-1;27;9;2023;13:10;1;28;28085;2;2;1;3;48.43939;1.49145;3;1;2;2;1;1;4;1;5;1;30;Indemne;2
202300042787;155 604 735;A01;7;0;2;3;19;1;203 749 691;1;1;1;2;1994.0;1;1;0;-1;27;9;2023;13:10;1;28;28085;2;2;1;3;48.43939;1.49145;3;1;2;0;1;1;4;1;5;1;30;Indemne;2
202300042787;155 604 737;B01;1;0;2;1;19;5;203 749 693;1;1;3;2;1982.0;0;2;0;-1;27;9;2023;13:10;1;28;28085;2;2;1;3;48.43939;1.49145;3;1;2;2;1;1;4;1;5;1;30;Blessé hospitalisé;2
202300042787;155 604 737;B01;1;0;2;1;19;5;203 749 693;1;1;3;2;1982.0;0;2;0;-1;27;9;2023;13:10;1;28;28085;2;2;1;3;48.43939;1.49145;3;1;2;0;1;1;4;1;5;1;30;Blessé hospitalisé;2
202300042798;155 604 712;A01;1;0;9;2;25;5;203 749 662;1;1;4;2;2004.0;0;8;0;-1;2;10;2023;16:52;1;17;17300;2;1;1;3;46.15371;-1.14547;4;2;2;1;1;2; -1;1;0;5;30;Blessé léger;0
202300042798;155 604 714;B01;50;0;2;3;26;3;203 749 664;1;1;1;1;2000.0;1;8;0;-1;2;10;2023;16:52;1;17;17300;2;1;1;3;46.15371;-1.14547;4;2;2;1;1;2; -1;1;0;5;30;Indemne;0
202300042799;155 604 707;A01;7;0;2;3;2;1;203 749 657;1;1;1;1;1944.0;3;1;0;-1;30;9;2023;16:30;1;14;14221;1;1;7;2;49.16847;-0.26629;3;2;2;0;2;1;5;1;2;1;80;Indemne;5
202300042799;155 604 710;B01;1;0;2;4;2;5;203 749 659;1;1;3;1;1968.0;5;2;0;-1;30;9;2023;16:30;1;14;14221;1;1;7;2;49.16847;-0.26629;3;2;2;0;2;1;5;1;2;1;80;Blessé hospitalisé;5