Num_Acc;id_vehicule;num_veh;catv;obs;obsm;choc;manv;motor;id_usager;place;catu;grav;sexe;an_nais;trajet;secu1;secu2;secu3;jour;mois;an;hrmn;lum;dep;com;agg;int;atm;col;lat;long;catr;circ;nbv;vosp;prof;plan;larrout;surf;infra;situ;vma;gravity;day_of_week
202300042818;155 604 669;A01;7;0;2;8;9;1;203 749 609;1;1;1;1;1939.0;0;1;0;-1;2;10;2023;09:30;1;13;13005;1;6;1;3;43.319;5.595;3;2;2;0;1;1; -1;1;0;1;50;Indemne;0
202300042818;155 604 669;A01;7;0;2;8;9;1;203 749 609;1;1;1;1;1939.0;0;1;0;-1;2;10;2023;09:30;1;13;13005;1;6;1;3;43.319;5.595;3;2;2;0;1;1; -1;1;0;1;50;Indemne;0
202300042818;155 604 672;B01;1;0;2;1;1;5;203 749 612;1;1;4;2;1971.0;1;2;0;-1;2;10;2023;09:30;1;13;13005;1;6;1;3;43.319;5.595;3;2;2;0;1;1; -1;1;0;1;50;Blessé léger;0
202300042818;155 604 672;B01;1;0;2;1;1;5;203 749 612;1;1;4;2;1971.0;1;2;0;-1;2;10;2023;09:30;1;13;13005;1;6;1;3;43.319;5.595;3;2;2;0;1;1; -1;1;0;1;50;Blessé léger;0
202300042819;155 604 671;A01;1;0;2;1;5;5;203 749 611;1;1;4;1;1974.0;1;8;-1;-1;22;7;2023;20:50;1;69;69266;2;2;1;3;45.76705;4.87138;4;1;1;0;1;1; -1;1;0;1;30;Blessé léger;5
202300042819;155 604 671;A01;1;0;2;1;5;5;203 749 611;1;1;4;1;1974.0;1;8;-1;-1;22;7;2023;20:50;1;69;69266;2;2;1;3;45.76705;4.87138;4;1;1;2;1;1; -1;1;0;1;30;Blessé léger;5
202300042819;155 604 673;B01;7;0;2;2;1;5;203 749 613;1;1;4;1;1957.0;4;1;-1;-1;22;7;2023;20:50;1;69;69266;2;2;1;3;45.76705;4.87138;4;1;1;0;1;1; -1;1;0;1;30;Blessé léger;5
202300042819;155 604 673;B01;7;0;2;2;1;5;203 749 613;1;1;4;1;1957.0;4;1;-1;-1;22;7;2023;20:50;1;69;69266;2;2;1;3;45.76705;4.87138;4;1;1;2;1;1; -1;1;0;1;30;Blessé léger;5
202300042826;155 604 656;A01;7;0;2;2;2;2;203 749 593;1;1;1;1;1986.0;4;8;0;-1;2;10;2023;18:50;1;75;75106;2;3;1;2;48.851461;2.337051;4;1; -1;-1;1;1; -1;1;0;6;30;Indemne;0
202300042826;155 604 656;A01;7;0;2;2;2;2;203 749 593;1;1;1;1;1986.0;4;8;0;-1;2;10;2023;18:50;1;75;75106;2;3;1;2;48.851461;2.337051;4;1;2;3;1;1; -1;1;0;6;30;Indemne;0
202300042826;155 604 658;B01;1;0;2;4;2;5;203 749 595;1;1;4;2;1988.0;5;8;0;-1;2;10;2023;18:50;1;75;75106;2;3;1;2;48.851461;2.337051;4;1; -1;-1;1;1; -1;1;0;6;30;Blessé léger;0
202300042826;155 604 658;B01;1;0;2;4;2;5;203 749 595;1;1;4;2;1988.0;5;8;0;-1;2;10;2023;18:50;1;75;75106;2;3;1;2;48.851461;2.337051;4;1;2;3;1;1; -1;1;0;6;30;Blessé léger;0
202300042828;155 604 651;A01;10;0;2;8;24;1;203 749 588;1;1;1;1;2000.0;4;8;0;-1;2;10;2023;09:55;1;75;75105;2;3;1;6;48.848818;2.355292;4;1; -1;-1;1;1; -1;1;0;1;30;Indemne;0
202300042828;155 604 651;A01;10;0;2;8;24;1;203 749 588;1;1;1;1;2000.0;4;8;0;-1;2;10;2023;09:55;1;75;75105;2;3;1;6;48.848818;2.355292;4;2;2;0;1;1; -1;1;0;1;30;Indemne;0
202300042828;155 604 652;B01;1;1;0;2;1;5;203 749 589;1;1;4;1;1982.0;1;8;0;-1;2;10;2023;09:55;1;75;75105;2;3;1;6;48.848818;2.355292;4;1; -1;-1;1;1; -1;1;0;1;30;Blessé léger;0
202300042828;155 604 652;B01;1;1;0;2;1;5;203 749 589;1;1;4;1;1982.0;1;8;0;-1;2;10;2023;09:55;1;75;75105;2;3;1;6;48.848818;2.355292;4;2;2;0;1;1; -1;1;0;1;30;Blessé léger;0
202300042833;155 604 642;A01;14;0;2;2;1;1;203 749 576;1;1;1;1;1966.0;4;8;0;-1;2;10;2023;09:30;1;75;75118;2;3;1;3;48.887318;2.367126;4;2;3;1;1;1; -1;1;0;1;30;Indemne;0
202300042833;155 604 642;A01;14;0;2;2;1;1;203 749 576;1;1;1;1;1966.0;4;8;0;-1;2;10;2023;09:30;1;75;75118;2;3;1;3;48.887318;2.367126;4;2;2;0;1;1; -1;1;0;1;30;Indemne;0
202300042833;155 604 643;B01;1;0;2;4;15;5;203 749 578;1;1;4;1;1994.0;1;8;0;-1;2;10;2023;09:30;1;75;75118;2;3;1;3;48.887318;2.367126;4;2;3;1;1;1; -1;1;0;1;30;Blessé léger;0
202300042833;155 604 643;B01;1;0;2;4;15;5;203 749 578;1;1;4;1;1994.0;1;8;0;-1;2;10;2023;09:30;1;75;75118;2;3;1;3;48.887318;2.367126;4;2;2;0;1;1; -1;1;0;1;30;Blessé léger;0
202300042837;155 604 635;A01;7;0;2;6;16;2;203 749 570;1;1;1;1;1999.0;3;1;8;-1;22;7;2023;11:30;1;67;67482;2;1;1;3;48.57239;7.7626;4;3;4;0;1;3; -1;1;0;5;50;Indemne;5
202300042837;155 604 636;B01;1;0;2;1;19;5;203 749 571;1;1;4;2;1991.0;5;8;8;-1;22;7;2023;11:30;1;67;67482;2;1;1;3;48.57239;7.7626;4;3;4;0;1;3; -1;1;0;5;50;Blessé léger;5
202300042840;155 604 628;A01;1;0;2;3;13;5;203 749 563;1;1;4;1;1959.0;5;2;0;-1;2;10;2023;14:30;1;75;75116;2;1;1;1;48.84560016;2.27313593;4;1;1;1;1;1; -1;1;0;5;50;Blessé léger;0
202300042840;155 604 630;B01;80;0;2;2;13;3;203 749 565;1;1;1;1;1981.0;9;8;0;-1;2;10;2023;14:30;1;75;75116;2;1;1;1;48.84560016;2.27313593;4;1;1;1;1;1; -1;1;0;5;50;Indemne;0
202300042844;155 604 621;A01;7;0;2;8;22;1;203 749 555;1;1;1;2;1956.0;9;1;0;-1;1;10;2023;11:30;1;75;75115;2;2;1;3;48.831011;2.292334;4;1;1;1;2;1; -1;1;0;5;30;Indemne;6
202300042844;155 604 621;A01;7;0;2;8;22;1;203 749 555;1;1;1;2;1956.0;9;1;0;-1;1;10;2023;11:30;1;75;75115;2;2;1;3;48.831011;2.292334;4;-1; -1;1;1;1; -1;1;0;5;30;Indemne;6
202300042844;155 604 622;B01;80;1;0;0;1;3;203 749 557;1;1;4;1;1952.0;9;2;0;-1;1;10;2023;11:30;1;75;75115;2;2;1;3;48.831011;2.292334;4;1;1;1;2;1; -1;1;0;5;30;Blessé léger;6
202300042844;155 604 622;B01;80;1;0;0;1;3;203 749 557;1;1;4;1;1952.0;9;2;0;-1;1;10;2023;11:30;1;75;75115;2;2;1;3;48.831011;2.292334;4;-1; -1;1;1;1; -1;1;0;5;30;Blessé léger;6
202300042854;155 604 600;A01;1;0;1;1;1;5;203 749 525;10;3;4;2;1961.0;1;0;-1;-1;2;10;2023;08:10;1;75;75111;2;2;1;6;48.861563;2.382608;4;1; -1;-1;1;1; -1;1;0;5;30;Blessé léger;0
202300042854;155 604 600;A01;1;0;1;1;1;5;203 749 525;10;3;4;2;1961.0;1;0;-1;-1;2;10;2023;08:10;1;75;75111;2;2;1;6;48.861563;2.382608;4;2;2;2;1;1; -1;1;0;5;30;Blessé léger;0
202300042854;155 604 600;A01;1;0;1;1;1;5;203 749 526;1;1;4;2;1982.0;1;8;0;-1;2;10;2023;08:10;1;75;75111;2;2;1;6;48.861563;2.382608;4;1; -1;-1;1;1; -1;1;0;5;30;Blessé léger;0
202300042854;155 604 600;A01;1;0;1;1;1;5;203 749 526;1;1;4;2;1982.0;1;8;0;-1;2;10;2023;08:10;1;75;75111;2;2;1;6;48.861563;2.382608;4;2;2;2;1;1; -1;1;0;5;30;Blessé léger;0
202300042869;155 604 573;B01;1;0;2;1;1;5;203 749 490;1;1;4;2;1966.0;0;8;0;-1;2;10;2023;18:45;2;94;94038;2;1;1;2;48.7762;2.34138;4;2;2;0;1;1; -1;1;0;1;50;Blessé léger;0
202300042869;155 604 575;A01;7;0;2;4;1;1;203 749 491;1;1;1;1;1976.0;0;1;0;-1;2;10;2023;18:45;2;94;94038;2;1;1;2;48.7762;2.34138;4;2;2;0;1;1; -1;1;0;1;50;Indemne;0
202300042872;155 604 567;A01;7;0;2;1;15;1;203 749 482;1;1;1;1;1994.0;4;1;0;-1;11;1;2023;09:20;1;75;75114;2;7;1;3;48.837425;2.318092;4;2;4;2;1;1; -1;2;-1;5;30;Indemne;2
202300042872;155 604 567;A01;7;0;2;1;15;1;203 749 482;1;1;1;1;1994.0;4;1;0;-1;11;1;2023;09:20;1;75;75114;2;7;1;3;48.837425;2.318092;4;2;2;0;1;1; -1;2;-1;5;30;Indemne;2
202300042872;155 604 570;B01;1;0;2;8;1;5;203 749 486;1;1;4;2;1968.0;1;2;4;-1;11;1;2023;09:20;1;75;75114;2;7;1;3;48.837425;2.318092;4;2;4;2;1;1; -1;2;-1;5;30;Blessé léger;2
202300042872;155 604 570;B01;1;0;2;8;1;5;203 749 486;1;1;4;2;1968.0;1;2;4;-1;11;1;2023;09:20;1;75;75114;2;7;1;3;48.837425;2.318092;4;2;2;0;1;1; -1;2;-1;5;30;Blessé léger;2
202300042877;155 604 561;A01;1;12;0;9;13;5;203 749 472;1;1;2;1;1985.0;0;8;0;-1;22;7;2023;07:35;1;22;22278;2;1;1;7;48.52358;-2.74077;4;1;1;0;2;2; -1;1;0;1;30;Tué;5
202300042878;155 604 559;A01;1;0;2;1;0;5;203 749 470;1;1;4;1;1950.0;9;8;0;-1;2;10;2023;07:00;5;93;93066;2;1;1;1;48.941169;2.382924;4;2;2;0;1;4; -1;1;0;1;50;Blessé léger;0
202300042878;155 604 560;B01;7;0;2;0;0;2;203 749 471;1;1;1;1;1990.0;0;8;0;-1;2;10;2023;07:00;5;93;93066;2;1;1;1;48.941169;2.382924;4;2;2;0;1;4; -1;1;0;1;50;Indemne;0
202300042884;155 604 550;B01;1;0;2;2;17;5;203 749 458;1;1;4;1;1996.0;1;8;0;-1;11;1;2023;08:10;1;75;75113;2;5;2;3;48.82616289;2.36001402;4;1; -1;-1;1;1; -1;2;0;1;-1;Blessé léger;2
202300042884;155 604 550;B01;1;0;2;2;17;5;203 749 458;1;1;4;1;1996.0;1;8;0;-1;11;1;2023;08:10;1;75;75113;2;5;2;3;48.82616289;2.36001402;4;2;3;0;1;1; -1;2;0;1;30;Blessé léger;2
202300042884;155 604 553;A01;10;0;2;3;13;1;203 749 461;1;1;1;1;1985.0;4;1;0;-1;11;1;2023;08:10;1;75;75113;2;5;2;3;48.82616289;2.36001402;4;1; -1;-1;1;1; -1;2;0;1;-1;Indemne;2
202300042884;155 604 553;A01;10;0;2;3;13;1;203 749 461;1;1;1;1;1985.0;4;1;0;-1;11;1;2023;08:10;1;75;75113;2;5;2;3;48.82616289;2.36001402;4;2;3;0;1;1; -1;2;0;1;30;Indemne;2
202300042891;155 604 537;A01;1;0;0;7;16;5;203 749 439;1;1;4;1;1979.0;5;2;-1;-1;22;7;2023;10:30;1;07;07281;1;1;1;7;44.93346;4.79379;3;2;2;0;2;3;5,5;1;0;1;90;Blessé léger;5
202300042894;155 604 533;A01;1;0;1;1;1;5;203 749 434;10;3;1;1;1972.0;1;0;-1;-1;11;1;2023;18:20;5;75;75103;2;2;1;6;48.86427;2.355164;4;2;0;1;1;1; -1;1;-1;5;30;Indemne;2
202300042894;155 604 533;A01;1;0;1;1;1;5;203 749 434;10;3;1;1;1972.0;1;0;-1;-1;11;1;2023;18:20;5;75;75103;2;2;1;6;48.86427;2.355164;4;2;0;1;1;1; -1;1;-1;5;30;Indemne;2
202300042894;155 604 533;A01;1;0;1;1;1;5;203 749 435;1;1;4;2;2002.0;2;8;0;-1;11;1;2023;18:20;5;75;75103;2;2;1;6;48.86427;2.355164;4;2;0;1;1;1; -1;1;-1;5;30;Blessé léger;2
202300042894;155 604 533;A01;1;0;1;1;1;5;203 749 435;1;1;4;2;2002.0;2;8;0;-1;11;1;2023;18:20;5;75;75103;2;2;1;6;48.86427;2.355164;4;2;0;1;1;1; -1;1;-1;5;30;Blessé léger;2
202300042896;155 604 527;B01;7;0;0;2;23;1;203 749 425;1;1;1;1;1972.0;1;1;8;-1;2;10;2023;20:25;5;92;92040;2;9;1;4;48.8278657;2.26712868;3;1;4;3;1;1; -1;1;9;6;30;Indemne;0
202300042896;155 604 529;C01;1;0;0;4;23;5;203 749 429;1;1;4;1;1977.0;1;2;8;-1;2;10;2023;20:25;5;92;92040;2;9;1;4;48.8278657;2.26712868;3;1;4;3;1;1; -1;1;9;6;30;Blessé léger;0
202300042904;155 604 511;A01;1;0;1;1;2;5;203 749 408;1;1;1;1;1969.0;0;8;0;-1;2;10;2023;14:40;1;92;92012;2;1;1;6;48.82765175;2.24681407;3;3;2;0;1;1; -1;1;0;1;50;Indemne;0
202300042904;155 604 511;A01;1;0;1;1;2;5;203 749 409;10;3;4;2;1956.0;0;0;-1;-1;2;10;2023;14:40;1;92;92012;2;1;1;6;48.82765175;2.24681407;3;3;2;0;1;1; -1;1;0;1;50;Blessé léger;0
202300042917;155 604 487;A01;14;0;2;7;1;1;203 749 376;1;1;1;1;1988.0;1;1;0;-1;21;7;2023;10:24;1;75;75113;2;2;1;3;48.833981;2.364788;4;2;1;1;1;1; -1;1;0;1;30;Indemne;4
202300042917;155 604 487;A01;14;0;2;7;1;1;203 749 376;1;1;1;1;1988.0;1;1;0;-1;21;7;2023;10:24;1;75;75113;2;2;1;3;48.833981;2.364788;4;1;1;0;1;1; -1;1;8;1;30;Indemne;4
202300042917;155 604 488;B01;80;0;2;6;13;3;203 749 378;1;1;4;1;1958.0;5;8;0;-1;21;7;2023;10:24;1;75;75113;2;2;1;3;48.833981;2.364788;4;2;1;1;1;1; -1;1;0;1;30;Blessé léger;4
202300042917;155 604 488;B01;80;0;2;6;13;3;203 749 378;1;1;4;1;1958.0;5;8;0;-1;21;7;2023;10:24;1;75;75113;2;2;1;3;48.833981;2.364788;4;1;1;0;1;1; -1;1;8;1;30;Blessé léger;4
202300042918;155 604 485;B01;1;0;2;7;17;5;203 749 371;1;1;4;1;1973.0;9;8;0;-1;11;1;2023;09:01;1;93;93070;2;1;8;3;48.9038;2.33927;4;2;2;0;1;1; -1;2;0;1;30;Blessé léger;2
202300042918;155 604 486;A01;7;0;2;8;23;1;203 749 374;1;1;1;1;1964.0;0;1;0;-1;11;1;2023;09:01;1;93;93070;2;1;8;3;48.9038;2.33927;4;2;2;0;1;1; -1;2;0;1;30;Indemne;2
202300042931;155 604 463;A01;80;9;0;7;1;3;203 749 337;1;1;3;1;1973.0;1;2;0;-1;11;1;2023;09:45;1;92;92048;2;1;2;6;48.81916151;2.23439455;4;2;2;0;2;2; -1;2;0;4;50;Blessé hospitalisé;2
202300042943;155 604 441;B01;1;0;2;1;1;5;203 749 312;1;1;3;1;1960.0;1;2;-1;-1;10;1;2023;17:30;2;33;33334;1;2;1;3;44.690196;-0.423832;3;2;2;0;1;1; -1;1;0;1;80;Blessé hospitalisé;1
202300042943;155 604 441;B01;1;0;2;1;1;5;203 749 312;1;1;3;1;1960.0;1;2;-1;-1;10;1;2023;17:30;2;33;33334;1;2;1;3;44.690196;-0.423832;3;2;2;-1;1;1; -1;1;5;1;80;Blessé hospitalisé;1
202300042943;155 604 444;A01;7;0;2;2;1;1;203 749 315;1;1;1;1;1976.0;1;1;-1;-1;10;1;2023;17:30;2;33;33334;1;2;1;3;44.690196;-0.423832;3;2;2;0;1;1; -1;1;0;1;80;Indemne;1
202300042943;155 604 444;A01;7;0;2;2;1;1;203 749 315;1;1;1;1;1976.0;1;1;-1;-1;10;1;2023;17:30;2;33;33334;1;2;1;3;44.690196;-0.423832;3;2;2;-1;1;1; -1;1;5;1;80;Indemne;1
202300042954;155 604 419;B01;1;0;2;1;1;5;203 749 284;1;1;3;1;1958.0;5;2;-1;-1;12;7;2023;12:45;1;63;63278;2;3;1;3;45.924259;3.158602;3;2;2;0;1;1;5,5;1;5;1;50;Blessé hospitalisé;2
202300042954;155 604 419;B01;1;0;2;1;1;5;203 749 284;1;1;3;1;1958.0;5;2;-1;-1;12;7;2023;12:45;1;63;63278;2;3;1;3;45.924259;3.158602;3;2;2;-1;1;1; -1;1;0;1;-1;Blessé hospitalisé;2
202300042954;155 604 421;A01;7;0;9;7;15;1;203 749 287;1;1;1;1;1935.0;5;1;-1;-1;12;7;2023;12:45;1;63;63278;2;3;1;3;45.924259;3.158602;3;2;2;0;1;1;5,5;1;5;1;50;Indemne;2
202300042954;155 604 421;A01;7;0;9;7;15;1;203 749 287;1;1;1;1;1935.0;5;1;-1;-1;12;7;2023;12:45;1;63;63278;2;3;1;3;45.924259;3.158602;3;2;2;-1;1;1; -1;1;0;1;-1;Indemne;2
202300042982;155 604 369;C01;1;0;2;3;1;5;203 749 219;1;1;4;1;1966.0;5;2;6;-1;23;7;2023;08:45;1;11;11361;1;1;1;5;43.327277;2.064126;3;2;2;0;1;1;4;1;0;1;80;Blessé léger;6
202300042982;155 604 371;A01;7;0;9;3;1;1;203 749 221;1;1;1;2;1966.0;5;1;-1;-1;23;7;2023;08:45;1;11;11361;1;1;1;5;43.327277;2.064126;3;2;2;0;1;1;4;1;0;1;80;Indemne;6
202300042982;155 604 373;B01;1;0;2;3;1;5;203 749 224;1;1;4;1;1960.0;5;2;6;-1;23;7;2023;08:45;1;11;11361;1;1;1;5;43.327277;2.064126;3;2;2;0;1;1;4;1;0;1;80;Blessé léger;6
202300042992;155 604 352;A01;1;0;0;0;1;5;203 749 188;3;2;4;1;2018.0;5;0;-1;-1;22;7;2023;20:00;1;46;46313;2;1;1;7;44.913911;1.761074;4;2;2;0;1;2; -1;9;0;1;50;Blessé léger;5
202300042992;155 604 352;A01;1;0;0;0;1;5;203 749 189;2;2;4;1;2016.0;5;0;-1;-1;22;7;2023;20:00;1;46;46313;2;1;1;7;44.913911;1.761074;4;2;2;0;1;2; -1;9;0;1;50;Blessé léger;5
202300042992;155 604 352;A01;1;0;0;0;1;5;203 749 190;1;1;4;1;1980.0;5;0;-1;-1;22;7;2023;20:00;1;46;46313;2;1;1;7;44.913911;1.761074;4;2;2;0;1;2; -1;9;0;1;50;Blessé léger;5
202300042996;155 604 345;A01;7;0;2;1;1;1;203 749 161;1;1;1;1;1977.0;5;1;-1;-1;22;7;2023;17:30;1;44;44131;1;9;1;3;47.125403;-2.141712;3;2;2;0;1;1;5;1;0;1;80;Indemne;5
202300042996;155 604 346;B01;80;0;2;8;15;3;203 749 162;1;1;3;1;1967.0;5;0;-1;-1;22;7;2023;17:30;1;44;44131;1;9;1;3;47.125403;-2.141712;3;2;2;0;1;1;5;1;0;1;80;Blessé hospitalisé;5
202300043004;155 604 332;A01;7;0;9;2;1;1;203 749 143;1;1;1;1;1981.0;5;1;-1;-1;22;7;2023;12:45;1;66;66016;1;1;1;1;42.449721;3.057364;4;2;2;0;2;3; -1;1;0;1;80;Indemne;5
202300043004;155 604 333;B01;1;0;2;2;1;5;203 749 144;1;1;3;1;1963.0;5;2;-1;-1;22;7;2023;12:45;1;66;66016;1;1;1;1;42.449721;3.057364;4;2;2;0;2;3; -1;1;0;1;80;Blessé hospitalisé;5
202300043014;155 604 308;B01;7;0;2;3;1;0;203 749 111;1;1;1;2;2001.0;5;1;-1;-1;22;7;2023;16:45;1;40;40115;1;2;1;3;43.771601;-0.904596;3;2;2;0;1;1;5,5;1;0;1;50;Indemne;5
202300043014;155 604 308;B01;7;0;2;3;1;0;203 749 111;1;1;1;2;2001.0;5;1;-1;-1;22;7;2023;16:45;1;40;40115;1;2;1;3;43.771601;-0.904596;3;-1; -1;-1;-1;-1; -1;-1;-1;-1;-1;Indemne;5
202300043014;155 604 308;B01;7;0;2;3;1;0;203 749 113;2;2;1;2;2000.0;1;1;-1;-1;22;7;2023;16:45;1;40;40115;1;2;1;3;43.771601;-0.904596;3;2;2;0;1;1;5,5;1;0;1;50;Indemne;5
202300043014;155 604 308;B01;7;0;2;3;1;0;203 749 113;2;2;1;2;2000.0;1;1;-1;-1;22;7;2023;16:45;1;40;40115;1;2;1;3;43.771601;-0.904596;3;-1; -1;-1;-1;-1; -1;-1;-1;-1;-1;Indemne;5
202300043014;155 604 310;A01;1;0;2;1;19;5;203 749 114;1;1;3;2;1944.0;5;0;-1;-1;22;7;2023;16:45;1;40;40115;1;2;1;3;43.771601;-0.904596;3;2;2;0;1;1;5,5;1;0;1;50;Blessé hospitalisé;5
202300043014;155 604 310;A01;1;0;2;1;19;5;203 749 114;1;1;3;2;1944.0;5;0;-1;-1;22;7;2023;16:45;1;40;40115;1;2;1;3;43.771601;-0.904596;3;-1; -1;-1;-1;-1; -1;-1;-1;-1;-1;Blessé hospitalisé;5
202300043043;155 604 248;A01;80;1;0;1;0;3;203 749 013;1;1;3;1;1977.0;5;0;-1;-1;23;7;2023;00:05;3;77;77455;2;1;1;1;48.655702;2.699419;4;2;2;0;2;1; -1;1;0;3;50;Blessé hospitalisé;6
202300043061;155 604 220;A01;1;0;2;7;1;5;203 748 973;1;1;3;1;1971.0;3;2;-1;-1;23;7;2023;12:00;1;22;22233;1;1;2;3;48.714383;-3.081923;3;2;2;0;2;3;5,5;2;0;1;80;Blessé hospitalisé;6
202300043061;155 604 222;B01;7;0;2;3;23;1;203 748 975;1;1;1;1;1942.0;5;1;-1;-1;23;7;2023;12:00;1;22;22233;1;1;2;3;48.714383;-3.081923;3;2;2;0;2;3;5,5;2;0;1;80;Indemne;6
202300043061;155 604 222;B01;7;0;2;3;23;1;203 748 977;2;2;1;2;1945.0;5;1;-1;-1;23;7;2023;12:00;1;22;22233;1;1;2;3;48.714383;-3.081923;3;2;2;0;2;3;5,5;2;0;1;80;Indemne;6
202300043073;155 604 197;A01;7;0;2;3;9;1;203 748 942;1;1;1;1;1989.0;1;1;-1;-1;10;1;2023;09:08;1;87;87085;2;6;2;3;45.8152;1.26968;4;2;2;0;1;1; -1;2;5;1;50;Indemne;1
202300043073;155 604 197;A01;7;0;2;3;9;1;203 748 942;1;1;1;1;1989.0;1;1;-1;-1;10;1;2023;09:08;1;87;87085;2;6;2;3;45.8152;1.26968;4;1;2;0;1;1; -1;2;5;1;50;Indemne;1
202300043073;155 604 199;B01;80;0;2;5;1;3;203 748 944;1;1;4;2;1986.0;1;2;0;-1;10;1;2023;09:08;1;87;87085;2;6;2;3;45.8152;1.26968;4;2;2;0;1;1; -1;2;5;1;50;Blessé léger;1
202300043073;155 604 199;B01;80;0;2;5;1;3;203 748 944;1;1;4;2;1986.0;1;2;0;-1;10;1;2023;09:08;1;87;87085;2;6;2;3;45.8152;1.26968;4;1;2;0;1;1; -1;2;5;1;50;Blessé léger;1
202300043096;155 604 147;B01;1;0;2;0;1;5;203 748 870;1;1;4;1;1997.0;0;8;0;-1;9;1;2023;21:14;5;67;67482;2;3;2;3;48.57353;7.76663;4;2;5;1;1;1; -1;2;0;1;50;Blessé léger;0
202300043096;155 604 147;B01;1;0;2;0;1;5;203 748 870;1;1;4;1;1997.0;0;8;0;-1;9;1;2023;21:14;5;67;67482;2;3;2;3;48.57353;7.76663;4;3;4;3;2;1; -1;2;2;1;50;Blessé léger;0
202300043096;155 604 150;A01;7;0;2;3;15;1;203 748 873;1;1;1;1;1972.0;0;1;8;-1;9;1;2023;21:14;5;67;67482;2;3;2;3;48.57353;7.76663;4;2;5;1;1;1; -1;2;0;1;50;Indemne;0
202300043096;155 604 150;A01;7;0;2;3;15;1;203 748 873;1;1;1;1;1972.0;0;1;8;-1;9;1;2023;21:14;5;67;67482;2;3;2;3;48.57353;7.76663;4;3;4;3;2;1; -1;2;2;1;50;Indemne;0
202300043098;155 604 144;A01;10;0;2;2;16;1;203 748 866;1;1;1;1;1980.0;4;1;0;-1;10;1;2023;10:48;1;64;64102;2;1;1;3;43.48672;-1.46675;4;2;3;1;2;1; -1;1;0;5;50;Indemne;1
202300043098;155 604 145;B01;1;0;2;7;1;5;203 748 867;1;1;4;1;1963.0;1;2;0;-1;10;1;2023;10:48;1;64;64102;2;1;1;3;43.48672;-1.46675;4;2;3;1;2;1; -1;1;0;5;50;Blessé léger;1
202300043100;155 604 140;A01;1;0;2;7;1;5;203 748 860;1;1;4;1;1999.0;5;8;-1;-1;21;7;2023;14:00;1;69;69383;2;2;1;3;45.74583;4.88765;4;2;2;0;1;1; -1;1;0;1;50;Blessé léger;4
202300043100;155 604 140;A01;1;0;2;7;1;5;203 748 860;1;1;4;1;1999.0;5;8;-1;-1;21;7;2023;14:00;1;69;69383;2;2;1;3;45.74583;4.88765;4;1;1;3;1;1; -1;1;0;1;50;Blessé léger;4
202300043100;155 604 141;B01;7;0;2;3;1;1;203 748 862;1;1;1;1;1984.0;5;1;-1;-1;21;7;2023;14:00;1;69;69383;2;2;1;3;45.74583;4.88765;4;2;2;0;1;1; -1;1;0;1;50;Indemne;4
202300043100;155 604 141;B01;7;0;2;3;1;1;203 748 862;1;1;1;1;1984.0;5;1;-1;-1;21;7;2023;14:00;1;69;69383;2;2;1;3;45.74583;4.88765;4;1;1;3;1;1; -1;1;0;1;50;Indemne;4
202300043105;155 604 133;A01;7;0;2;3;17;1;203 748 852;1;1;1;2;1976.0;0;8;-1;-1;19;7;2023;09:20;1;69;69389;2;1;1;5;45.79909;4.8337;7;2;2;0;1;1; -1;1;0;1;30;Indemne;2
202300043105;155 604 134;B01;80;0;2;3;2;3;203 748 853;1;1;3;1;1982.0;5;0;-1;-1;19;7;2023;09:20;1;69;69389;2;1;1;5;45.79909;4.8337;7;2;2;0;1;1; -1;1;0;1;30;Blessé hospitalisé;2
202300043105;155 604 135;C01;14;0;2;3;1;1;203 748 854;1;1;1;1;1975.0;4;1;-1;-1;19;7;2023;09:20;1;69;69389;2;1;1;5;45.79909;4.8337;7;2;2;0;1;1; -1;1;0;1;30;Indemne;2
202300043111;155 604 124;A01;10;0;2;2;2;1;203 748 840;1;1;1;1;1939.0;3;1;0;-1;21;7;2023;19:15;1;84;84035;2;2;1;2;43.838;5.066;4;2;2;0;1;1; -1;1;5;1;50;Indemne;4
202300043111;155 604 124;A01;10;0;2;2;2;1;203 748 840;1;1;1;1;1939.0;3;1;0;-1;21;7;2023;19:15;1;84;84035;2;2;1;2;43.838;5.066;4;3;2;0;1;1; -1;1;0;1;50;Indemne;4
202300043111;155 604 125;B01;1;0;2;4;0;5;203 748 841;1;1;4;2;1950.0;0;8;0;-1;21;7;2023;19:15;1;84;84035;2;2;1;2;43.838;5.066;4;2;2;0;1;1; -1;1;5;1;50;Blessé léger;4
202300043111;155 604 125;B01;1;0;2;4;0;5;203 748 841;1;1;4;2;1950.0;0;8;0;-1;21;7;2023;19:15;1;84;84035;2;2;1;2;43.838;5.066;4;3;2;0;1;1; -1;1;0;1;50;Blessé léger;4
202300043117;155 604 113;B01;80;0;2;1;19;3;203 748 826;1;1;3;1;1946.0;0;8;0;-1;21;7;2023;07:57;1;66;66136;1;6;9;3;42.73092682;2.89556265;4;2;4;1;1;1; -1;1;0;5;70;Blessé hospitalisé;4
202300043117;155 604 114;A01;10;0;2;7;9;1;203 748 827;1;1;1;1;1995.0;4;1;0;-1;21;7;2023;07:57;1;66;66136;1;6;9;3;42.73092682;2.89556265;4;2;4;1;1;1; -1;1;0;5;70;Indemne;4