Num_Acc;id_vehicule;num_veh;catv;obs;obsm;choc;manv;motor;id_usager;place;catu;grav;sexe;an_nais;trajet;secu1;secu2;secu3;jour;mois;an;hrmn;lum;dep;com;agg;int;atm;col;lat;long;catr;circ;nbv;vosp;prof;plan;larrout;surf;infra;situ;vma;gravity;day_of_week
202300043122;155 604 103;A01;1;0;2;1;1;5;203 748 816;1;1;4;1;1987.0;1;2;8;-1;20;7;2023;12:25;1;51;51454;2;1;1;3;49.23245;4.01416;4;2;4;2;1;1; -1;1;0;4;50;Blessé léger;3
202300043122;155 604 104;B01;7;0;2;2;9;1;203 748 817;1;1;1;1;1970.0;0;1;8;-1;20;7;2023;12:25;1;51;51454;2;1;1;3;49.23245;4.01416;4;2;4;2;1;1; -1;1;0;4;50;Indemne;3
202300043127;155 604 094;A01;7;0;2;2;1;1;203 748 804;1;1;1;2;2001.0;5;1;0;-1;20;7;2023;19:45;1;42;42207;2;2;1;3;45.45538953;4.50579543;4;1;1;0;1;1; -1;1;0;1;50;Indemne;3
202300043127;155 604 094;A01;7;0;2;2;1;1;203 748 804;1;1;1;2;2001.0;5;1;0;-1;20;7;2023;19:45;1;42;42207;2;2;1;3;45.45538953;4.50579543;4;2;2;0;1;1; -1;1;0;1;50;Indemne;3
202300043127;155 604 095;B01;1;0;2;9;1;5;203 748 805;1;1;3;2;1974.0;5;8;0;-1;20;7;2023;19:45;1;42;42207;2;2;1;3;45.45538953;4.50579543;4;1;1;0;1;1; -1;1;0;1;50;Blessé hospitalisé;3
202300043127;155 604 095;B01;1;0;2;9;1;5;203 748 805;1;1;3;2;1974.0;5;8;0;-1;20;7;2023;19:45;1;42;42207;2;2;1;3;45.45538953;4.50579543;4;2;2;0;1;1; -1;1;0;1;50;Blessé hospitalisé;3
202300043129;155 604 091;B01;7;0;2;7;26;1;203 748 800;1;1;1;1;2003.0;1;1;0;-1;21;7;2023;09:35;1;41;41018;1;1;1;3;47.58626;1.32637;4;1;3;3;2;1; -1;1;0;4;50;Indemne;4
202300043129;155 604 092;A01;1;0;2;1;25;5;203 748 801;1;1;4;1;1968.0;1;8;0;-1;21;7;2023;09:35;1;41;41018;1;1;1;3;47.58626;1.32637;4;1;3;3;2;1; -1;1;0;4;50;Blessé léger;4
202300043130;155 604 089;A01;1;0;2;1;19;5;203 748 798;1;1;3;1;1983.0;9;8;0;-1;21;7;2023;03:05;5;38;38421;2;1;1;1;45.17266;5.75652;7;2;2;0;1;1; -1;1;0;1;30;Blessé hospitalisé;4
202300043130;155 604 090;B01;7;0;9;2;1;0;203 748 799;1;1;1;1;1998.0;1;1;0;-1;21;7;2023;03:05;5;38;38421;2;1;1;1;45.17266;5.75652;7;2;2;0;1;1; -1;1;0;1;30;Indemne;4
202300043131;155 604 087;A01;99;0;2;0;1;1;203 748 796;1;1;1;1;1967.0;0;1;0;-1;21;7;2023;19:45;1;35;35238;2;2;1;3;48.12949;-1.65387;4;1;1;0;1;1; -1;1;0;1;50;Indemne;4
202300043131;155 604 087;A01;99;0;2;0;1;1;203 748 796;1;1;1;1;1967.0;0;1;0;-1;21;7;2023;19:45;1;35;35238;2;2;1;3;48.12949;-1.65387;4;1;1;2;1;1; -1;1;0;1;50;Indemne;4
202300043131;155 604 088;B01;1;0;2;1;1;5;203 748 797;1;1;4;1;1980.0;0;8;0;-1;21;7;2023;19:45;1;35;35238;2;2;1;3;48.12949;-1.65387;4;1;1;0;1;1; -1;1;0;1;50;Blessé léger;4
202300043131;155 604 088;B01;1;0;2;1;1;5;203 748 797;1;1;4;1;1980.0;0;8;0;-1;21;7;2023;19:45;1;35;35238;2;2;1;3;48.12949;-1.65387;4;1;1;2;1;1; -1;1;0;1;50;Blessé léger;4
202300043132;155 604 085;A01;10;0;2;2;15;1;203 748 794;1;1;1;1;1961.0;1;1;-1;-1;21;7;2023;08:10;1;35;35238;2;2;1;3;48.12784;-1.65747;4;2;2;1;1;1; -1;1;8;1;50;Indemne;4
202300043132;155 604 085;A01;10;0;2;2;15;1;203 748 794;1;1;1;1;1961.0;1;1;-1;-1;21;7;2023;08:10;1;35;35238;2;2;1;3;48.12784;-1.65747;4;2;2;2;1;1; -1;1;8;1;50;Indemne;4
202300043132;155 604 086;B01;1;0;2;0;0;5;203 748 795;1;1;4;1;1990.0;1;2;-1;-1;21;7;2023;08:10;1;35;35238;2;2;1;3;48.12784;-1.65747;4;2;2;1;1;1; -1;1;8;1;50;Blessé léger;4
202300043132;155 604 086;B01;1;0;2;0;0;5;203 748 795;1;1;4;1;1990.0;1;2;-1;-1;21;7;2023;08:10;1;35;35238;2;2;1;3;48.12784;-1.65747;4;2;2;2;1;1; -1;1;8;1;50;Blessé léger;4
202300043133;155 604 083;A01;1;0;2;1;1;5;203 748 791;1;1;4;2;1996.0;0;8;-1;-1;20;7;2023;22:28;5;35;35238;2;1;2;3;48.11023;-1.67516;4;1;1;2;1;1; -1;2;6;1;20;Blessé léger;3
202300043133;155 604 084;B01;7;0;2;3;20;1;203 748 792;1;1;1;1;1972.0;5;1;-1;-1;20;7;2023;22:28;5;35;35238;2;1;2;3;48.11023;-1.67516;4;1;1;2;1;1; -1;2;6;1;20;Indemne;3
202300043133;155 604 084;B01;7;0;2;3;20;1;203 748 793;2;2;1;2;1972.0;5;1;-1;-1;20;7;2023;22:28;5;35;35238;2;1;2;3;48.11023;-1.67516;4;1;1;2;1;1; -1;2;6;1;20;Indemne;3
202300043167;155 604 022;A01;1;0;2;1;5;5;203 748 709;1;1;2;1;1977.0;5;0;-1;-1;20;6;2023;00:40;3;971;97116;1;1;1;1;16.323074;-61.472347;2;2;2;0;3;1;7;1;0;1;80;Tué;1
202300043167;155 604 023;B01;7;0;2;1;1;1;203 748 710;1;1;4;1;1996.0;5;1;-1;-1;20;6;2023;00:40;3;971;97116;1;1;1;1;16.323074;-61.472347;2;2;2;0;3;1;7;1;0;1;80;Blessé léger;1
202300043239;155 603 884;B01;1;0;2;4;0;5;203 748 532;1;1;4;1;2004.0;0;8;0;-1;18;6;2023;05:35;2;72;72095;2;1;1;2;48.0293;0.20139;4;2;2;0;2;1; -1;1;0;1;50;Blessé léger;6
202300043248;155 603 867;A01;1;0;2;1;2;5;203 748 505;1;1;4;1;2007.0;0;8;0;-1;14;6;2023;16:00;1;67;67043;2;1;1;2;48.61422;7.74773;4;2;2;0;1;1; -1;1;0;1;50;Blessé léger;2
202300043248;155 603 868;B01;7;0;2;4;23;1;203 748 506;1;1;1;1;1976.0;0;1;8;-1;14;6;2023;16:00;1;67;67043;2;1;1;2;48.61422;7.74773;4;2;2;0;1;1; -1;1;0;1;50;Indemne;2
202300043260;155 603 848;B01;1;0;2;0;0;5;203 748 479;1;1;4;1;1990.0;4;8;0;-1;17;6;2023;16:40;1;51;51454;2;1;1;3;49.25263;4.03157;4;2;2;0;1;1; -1;1;0;1;30;Blessé léger;5
202300043260;155 603 849;A01;7;0;2;7;1;1;203 748 480;2;2;1;2;1990.0;0;1;0;-1;17;6;2023;16:40;1;51;51454;2;1;1;3;49.25263;4.03157;4;2;2;0;1;1; -1;1;0;1;30;Indemne;5
202300043260;155 603 849;A01;7;0;2;7;1;1;203 748 481;1;1;1;2;1989.0;1;8;0;-1;17;6;2023;16:40;1;51;51454;2;1;1;3;49.25263;4.03157;4;2;2;0;1;1; -1;1;0;1;30;Indemne;5
202300043261;155 603 847;A01;1;0;0;9;25;5;203 748 478;1;1;4;1;1999.0;1;2;8;-1;16;6;2023;18:10;1;51;51172;2;1;1;7;49.220984;4.061151;4;2;2;0;1;1; -1;1;0;4;50;Blessé léger;4
202300043287;155 603 806;A01;7;0;2;2;1;1;203 748 421;1;1;1;2;1996.0;1;1;8;-1;19;6;2023;12:00;1;13;13063;2;9;1;3;43.58994;4.99401;4;2;2;0;1;1; -1;1;6;1;30;Indemne;0
202300043287;155 603 807;B01;1;0;2;8;19;5;203 748 422;1;1;4;1;2012.0;2;8;0;-1;19;6;2023;12:00;1;13;13063;2;9;1;3;43.58994;4.99401;4;2;2;0;1;1; -1;1;6;1;30;Blessé léger;0
202300043289;155 603 802;B01;1;0;2;1;1;5;203 748 417;1;1;3;2;1998.0;9;8;0;-1;15;6;2023;20:00;1;11;11262;2;3;1;3;43.187043;3.010546;4;1;1;0;1;1; -1;1;9;1;50;Blessé hospitalisé;3
202300043289;155 603 802;B01;1;0;2;1;1;5;203 748 417;1;1;3;2;1998.0;9;8;0;-1;15;6;2023;20:00;1;11;11262;2;3;1;3;43.187043;3.010546;4;2;1;0;1;1; -1;1;9;1;50;Blessé hospitalisé;3
202300043289;155 603 803;A01;7;0;9;1;1;1;203 748 418;1;1;1;2;1997.0;1;1;0;-1;15;6;2023;20:00;1;11;11262;2;3;1;3;43.187043;3.010546;4;1;1;0;1;1; -1;1;9;1;50;Indemne;3
202300043289;155 603 803;A01;7;0;9;1;1;1;203 748 418;1;1;1;2;1997.0;1;1;0;-1;15;6;2023;20:00;1;11;11262;2;3;1;3;43.187043;3.010546;4;2;1;0;1;1; -1;1;9;1;50;Indemne;3
202300043291;155 603 798;B01;1;0;2;4;0;5;203 748 413;1;1;2;1;1946.0;5;2;8;-1;19;6;2023;08:01;1;10;10387;2;1;1;2;48.2919;4.08663;4;2;4;2;1;1; -1;1;0;5;50;Tué;0
202300043291;155 603 799;A01;7;0;2;1;1;1;203 748 414;1;1;1;1;1967.0;5;1;0;-1;19;6;2023;08:01;1;10;10387;2;1;1;2;48.2919;4.08663;4;2;4;2;1;1; -1;1;0;5;50;Indemne;0
202300043293;155 603 794;A01;7;0;2;8;22;6;203 748 409;1;1;1;1;1986.0;0;1;0;-1;16;6;2023;18:15;1;10;10387;2;1;1;3;48.29238;4.07408;4;2;2;0;1;1; -1;1;0;1;50;Indemne;4
202300043293;155 603 795;B01;1;1;0;1;1;5;203 748 410;1;1;4;1;1983.0;4;8;0;-1;16;6;2023;18:15;1;10;10387;2;1;1;3;48.29238;4.07408;4;2;2;0;1;1; -1;1;0;1;50;Blessé léger;4
202300043315;155 603 749;B01;1;0;2;1;1;5;203 748 351;1;1;4;1;1997.0;1;2;8;-1;19;6;2023;11:20;1;75;75113;2;3;1;3;48.834499;2.363845;4;1;1;1;1;1; -1;1;0;1;30;Blessé léger;0
202300043315;155 603 749;B01;1;0;2;1;1;5;203 748 351;1;1;4;1;1997.0;1;2;8;-1;19;6;2023;11:20;1;75;75113;2;3;1;3;48.834499;2.363845;4;1;2;1;2;1; -1;1;0;1;30;Blessé léger;0
202300043315;155 603 750;A01;33;1;2;1;9;1;203 748 352;1;1;4;1;1976.0;1;2;8;-1;19;6;2023;11:20;1;75;75113;2;3;1;3;48.834499;2.363845;4;1;1;1;1;1; -1;1;0;1;30;Blessé léger;0
202300043315;155 603 750;A01;33;1;2;1;9;1;203 748 352;1;1;4;1;1976.0;1;2;8;-1;19;6;2023;11:20;1;75;75113;2;3;1;3;48.834499;2.363845;4;1;2;1;2;1; -1;1;0;1;30;Blessé léger;0
202300043318;155 603 743;B01;1;0;2;9;19;5;203 748 344;1;1;4;1;1996.0;9;8;0;-1;18;6;2023;23:30;5;75;75110;2;3;1;4;48.870364;2.349567;4;-1;3;0;1;1; -1;1;0;1;30;Blessé léger;6
202300043318;155 603 743;B01;1;0;2;9;19;5;203 748 344;1;1;4;1;1996.0;9;8;0;-1;18;6;2023;23:30;5;75;75110;2;3;1;4;48.870364;2.349567;4;1;1;0;1;1; -1;1;0;1;30;Blessé léger;6
202300043318;155 603 744;A01;31;0;2;1;1;1;203 748 345;1;1;1;1;1999.0;1;2;6;-1;18;6;2023;23:30;5;75;75110;2;3;1;4;48.870364;2.349567;4;-1;3;0;1;1; -1;1;0;1;30;Indemne;6
202300043318;155 603 744;A01;31;0;2;1;1;1;203 748 345;1;1;1;1;1999.0;1;2;6;-1;18;6;2023;23:30;5;75;75110;2;3;1;4;48.870364;2.349567;4;1;1;0;1;1; -1;1;0;1;30;Indemne;6
202300043318;155 603 745;C01;7;0;2;1;1;0;203 748 346;1;1;1;1;1995.0;9;1;0;-1;18;6;2023;23:30;5;75;75110;2;3;1;4;48.870364;2.349567;4;-1;3;0;1;1; -1;1;0;1;30;Indemne;6
202300043318;155 603 745;C01;7;0;2;1;1;0;203 748 346;1;1;1;1;1995.0;9;1;0;-1;18;6;2023;23:30;5;75;75110;2;3;1;4;48.870364;2.349567;4;1;1;0;1;1; -1;1;0;1;30;Indemne;6
202300043323;155 603 734;B01;1;0;2;1;11;5;203 748 333;1;1;4;1;1984.0;1;8;0;-1;16;6;2023;11:50;1;75;75101;2;2;1;1;48.858531;2.348233;4;2;4;1;1;1; -1;1;0;1;30;Blessé léger;4
202300043323;155 603 734;B01;1;0;2;1;11;5;203 748 333;1;1;4;1;1984.0;1;8;0;-1;16;6;2023;11:50;1;75;75101;2;2;1;1;48.858531;2.348233;4;2;3;1;1;1; -1;1;0;1;30;Blessé léger;4
202300043323;155 603 735;A01;7;0;2;3;1;1;203 748 334;1;1;1;1;1976.0;4;1;8;-1;16;6;2023;11:50;1;75;75101;2;2;1;1;48.858531;2.348233;4;2;4;1;1;1; -1;1;0;1;30;Indemne;4
202300043323;155 603 735;A01;7;0;2;3;1;1;203 748 334;1;1;1;1;1976.0;4;1;8;-1;16;6;2023;11:50;1;75;75101;2;2;1;1;48.858531;2.348233;4;2;3;1;1;1; -1;1;0;1;30;Indemne;4
202300043366;155 603 650;A01;80;0;4;7;19;3;203 748 228;1;1;3;2;1961.0;0;8;0;-1;3;11;2023;19:19;5;67;67482;2;8;1;3;48.58412;7.75909;4;2;4;3;1;1; -1;1;4;6;30;Blessé hospitalisé;4
202300043366;155 603 651;B01;40;0;2;1;1;3;203 748 229;1;1;1;1;1967.0;4;1;0;-1;3;11;2023;19:19;5;67;67482;2;8;1;3;48.58412;7.75909;4;2;4;3;1;1; -1;1;4;6;30;Indemne;4
202300043377;155 603 624;B01;1;0;2;1;0;5;203 748 196;1;1;4;1;1992.0;0;0;-1;-1;15;5;2023;07:25;1;60;60141;2;1;1;1;49.186044;2.460669;3;1;1;0;1;1; -1;1;6;8;50;Blessé léger;0
202300043377;155 603 625;A01;7;0;2;1;0;0;203 748 197;1;1;1;2;1989.0;1;1;-1;-1;15;5;2023;07:25;1;60;60141;2;1;1;1;49.186044;2.460669;3;1;1;0;1;1; -1;1;6;8;50;Indemne;0
202300043384;155 603 609;A01;1;0;2;1;19;5;203 748 179;1;1;4;1;2006.0;5;8;0;-1;3;11;2023;23:37;5;57;57463;2;1;1;1;49.1033;6.19479;4;2;2;0;1;1; -1;1;0;1;50;Blessé léger;4
202300043384;155 603 611;B01;7;0;2;1;0;1;203 748 181;1;1;1;1;1995.0;5;1;8;-1;3;11;2023;23:37;5;57;57463;2;1;1;1;49.1033;6.19479;4;2;2;0;1;1; -1;1;0;1;50;Indemne;4
202300043387;155 603 605;A01;7;0;9;3;9;1;203 748 174;1;1;1;1;2002.0;0;8;-1;-1;16;3;2023;17:00;1;74;74112;2;1;1;3;45.9374;6.099896;3;2;2;0;1;1; -1;1;0;1;50;Indemne;3
202300043387;155 603 606;B01;1;0;2;1;1;5;203 748 175;1;1;3;1;1946.0;0;8;-1;-1;16;3;2023;17:00;1;74;74112;2;1;1;3;45.9374;6.099896;3;2;2;0;1;1; -1;1;0;1;50;Blessé hospitalisé;3
202300043418;155 603 551;A01;34;12;2;3;21;1;203 748 098;1;1;4;1;1998.0;0;2;8;-1;14;5;2023;17:25;1;67;67447;2;3;1;3;48.60126;7.75454;4;2;2;0;1;1; -1;1;0;5;50;Blessé léger;6
202300043418;155 603 551;A01;34;12;2;3;21;1;203 748 098;1;1;4;1;1998.0;0;2;8;-1;14;5;2023;17:25;1;67;67447;2;3;1;3;48.60126;7.75454;4;3;5;2;1;1; -1;1;0;1;50;Blessé léger;6
202300043418;155 603 554;B01;1;0;2;8;19;5;203 748 101;1;1;4;2;1976.0;0;8;0;-1;14;5;2023;17:25;1;67;67447;2;3;1;3;48.60126;7.75454;4;2;2;0;1;1; -1;1;0;5;50;Blessé léger;6
202300043418;155 603 554;B01;1;0;2;8;19;5;203 748 101;1;1;4;2;1976.0;0;8;0;-1;14;5;2023;17:25;1;67;67447;2;3;1;3;48.60126;7.75454;4;3;5;2;1;1; -1;1;0;1;50;Blessé léger;6
202300043422;155 603 543;B01;1;0;2;7;19;0;203 748 089;1;1;4;1;1988.0;0;0;-1;-1;3;11;2023;20:11;5;33;33522;2;3;2;3;44.80893;-0.60572;4;2;2;-1;1;1; -1;2;5;1;50;Blessé léger;4
202300043422;155 603 543;B01;1;0;2;7;19;0;203 748 089;1;1;4;1;1988.0;0;0;-1;-1;3;11;2023;20:11;5;33;33522;2;3;2;3;44.80893;-0.60572;4;2;2;0;1;1; -1;2;5;1;50;Blessé léger;4
202300043422;155 603 544;A01;7;0;2;2;1;3;203 748 090;1;1;1;1;1974.0;5;1;-1;-1;3;11;2023;20:11;5;33;33522;2;3;2;3;44.80893;-0.60572;4;2;2;-1;1;1; -1;2;5;1;50;Indemne;4
202300043422;155 603 544;A01;7;0;2;2;1;3;203 748 090;1;1;1;1;1974.0;5;1;-1;-1;3;11;2023;20:11;5;33;33522;2;3;2;3;44.80893;-0.60572;4;2;2;0;1;1; -1;2;5;1;50;Indemne;4
202300043455;155 603 493;AB01;1;0;2;1;1;5;203 748 021;1;1;4;1;1992.0;1;8;8;-1;3;11;2023;07:25;2;75;75119;2;1;1;1;48.87642001;2.40234733;4;1;1;0;2;1; -1;1;0;1;30;Blessé léger;4
202300043456;155 603 491;A01;7;0;2;7;2;1;203 748 019;1;1;1;2;1943.0;9;1;0;-1;13;5;2023;15:04;1;75;75105;2;2;1;3;48.836806;2.351834;4;-1;2;0;1;1; -1;1;0;1;30;Indemne;5
202300043456;155 603 491;A01;7;0;2;7;2;1;203 748 019;1;1;1;2;1943.0;9;1;0;-1;13;5;2023;15:04;1;75;75105;2;2;1;3;48.836806;2.351834;4;-1; -1;0;1;1; -1;1;0;1;30;Indemne;5
202300043456;155 603 492;B01;1;0;2;8;1;5;203 748 020;1;1;4;2;1988.0;9;8;0;-1;13;5;2023;15:04;1;75;75105;2;2;1;3;48.836806;2.351834;4;-1;2;0;1;1; -1;1;0;1;30;Blessé léger;5
202300043456;155 603 492;B01;1;0;2;8;1;5;203 748 020;1;1;4;2;1988.0;9;8;0;-1;13;5;2023;15:04;1;75;75105;2;2;1;3;48.836806;2.351834;4;-1; -1;0;1;1; -1;1;0;1;30;Blessé léger;5
202300043459;155 603 485;A01;7;0;2;2;1;2;203 748 013;1;1;1;1;1986.0;4;1;8;-1;3;11;2023;20:45;5;75;75110;2;2;2;3;48.877344;2.355112;4;1;1;0;2;1; -1;2;0;5;30;Indemne;4
202300043459;155 603 485;A01;7;0;2;2;1;2;203 748 013;1;1;1;1;1986.0;4;1;8;-1;3;11;2023;20:45;5;75;75110;2;2;2;3;48.877344;2.355112;4;2;4;3;3;1; -1;2;0;5;30;Indemne;4
202300043459;155 603 486;B01;80;0;2;7;1;3;203 748 014;1;1;4;1;1996.0;9;8;0;-1;3;11;2023;20:45;5;75;75110;2;2;2;3;48.877344;2.355112;4;1;1;0;2;1; -1;2;0;5;30;Blessé léger;4
202300043459;155 603 486;B01;80;0;2;7;1;3;203 748 014;1;1;4;1;1996.0;9;8;0;-1;3;11;2023;20:45;5;75;75110;2;2;2;3;48.877344;2.355112;4;2;4;3;3;1; -1;2;0;5;30;Blessé léger;4
202300043462;155 603 479;A01;99;0;2;0;19;3;203 748 006;1;1;1;1;2004.0;4;2;0;-1;14;5;2023;11:54;1;75;75107;2;3;1;3;48.860766;2.325299;4;-1; -1;0;1;1; -1;1;0;5;30;Indemne;6
202300043462;155 603 479;A01;99;0;2;0;19;3;203 748 006;1;1;1;1;2004.0;4;2;0;-1;14;5;2023;11:54;1;75;75107;2;3;1;3;48.860766;2.325299;4;1;4;1;1;1; -1;1;0;5;30;Indemne;6
202300043462;155 603 480;B01;80;0;2;8;1;3;203 748 007;1;1;4;2;1985.0;5;8;0;-1;14;5;2023;11:54;1;75;75107;2;3;1;3;48.860766;2.325299;4;-1; -1;0;1;1; -1;1;0;5;30;Blessé léger;6
202300043462;155 603 480;B01;80;0;2;8;1;3;203 748 007;1;1;4;2;1985.0;5;8;0;-1;14;5;2023;11:54;1;75;75107;2;3;1;3;48.860766;2.325299;4;1;4;1;1;1; -1;1;0;5;30;Blessé léger;6
202300043463;155 603 477;B01;1;0;2;1;1;5;203 748 004;1;1;4;1;1994.0;9;8;0;-1;3;11;2023;09:48;1;75;75111;2;4;1;3;48.850612;2.392158;4;2;4;1;1;1; -1;1;0;5;30;Blessé léger;4
202300043463;155 603 477;B01;1;0;2;1;1;5;203 748 004;1;1;4;1;1994.0;9;8;0;-1;3;11;2023;09:48;1;75;75111;2;4;1;3;48.850612;2.392158;4;1;1;0;1;2; -1;1;0;5;30;Blessé léger;4
202300043463;155 603 478;A01;7;0;2;2;16;1;203 748 005;1;1;1;2;1955.0;9;1;0;-1;3;11;2023;09:48;1;75;75111;2;4;1;3;48.850612;2.392158;4;2;4;1;1;1; -1;1;0;5;30;Indemne;4
202300043463;155 603 478;A01;7;0;2;2;16;1;203 748 005;1;1;1;2;1955.0;9;1;0;-1;3;11;2023;09:48;1;75;75111;2;4;1;3;48.850612;2.392158;4;1;1;0;1;2; -1;1;0;5;30;Indemne;4
202300043466;155 603 472;A01;1;12;0;7;21;5;203 747 997;1;1;4;2;1974.0;5;2;8;-1;14;5;2023;10:46;1;75;75103;2;3;1;6;48.865214;2.355696;4;-1;1;0;1;1; -1;1;0;1;30;Blessé léger;6
202300043466;155 603 472;A01;1;12;0;7;21;5;203 747 997;1;1;4;2;1974.0;5;2;8;-1;14;5;2023;10:46;1;75;75103;2;3;1;6;48.865214;2.355696;4;2;3;1;1;1; -1;1;0;1;30;Blessé léger;6
202300043466;155 603 472;A01;1;12;0;7;21;5;203 747 998;2;2;1;1;2011.0;5;2;8;-1;14;5;2023;10:46;1;75;75103;2;3;1;6;48.865214;2.355696;4;-1;1;0;1;1; -1;1;0;1;30;Indemne;6
202300043466;155 603 472;A01;1;12;0;7;21;5;203 747 998;2;2;1;1;2011.0;5;2;8;-1;14;5;2023;10:46;1;75;75103;2;3;1;6;48.865214;2.355696;4;2;3;1;1;1; -1;1;0;1;30;Indemne;6
202300043475;155 603 456;A01;1;0;2;7;0;5;203 747 974;1;1;4;1;1987.0;1;8;0;-1;3;11;2023;16:04;1;93;93070;2;4;1;3;48.902529;2.334296;4;2;2;0;1;1; -1;1;0;1;50;Blessé léger;4
202300043475;155 603 456;A01;1;0;2;7;0;5;203 747 974;1;1;4;1;1987.0;1;8;0;-1;3;11;2023;16:04;1;93;93070;2;4;1;3;48.902529;2.334296;4;1;1;0;1;1; -1;1;0;8;30;Blessé léger;4
202300043475;155 603 458;B01;7;0;2;1;2;1;203 747 976;1;1;1;1;1983.0;0;1;0;-1;3;11;2023;16:04;1;93;93070;2;4;1;3;48.902529;2.334296;4;2;2;0;1;1; -1;1;0;1;50;Indemne;4
202300043475;155 603 458;B01;7;0;2;1;2;1;203 747 976;1;1;1;1;1983.0;0;1;0;-1;3;11;2023;16:04;1;93;93070;2;4;1;3;48.902529;2.334296;4;1;1;0;1;1; -1;1;0;8;30;Indemne;4
202300043475;155 603 458;B01;7;0;2;1;2;1;203 747 977;2;2;1;1;1960.0;0;1;0;-1;3;11;2023;16:04;1;93;93070;2;4;1;3;48.902529;2.334296;4;2;2;0;1;1; -1;1;0;1;50;Indemne;4
202300043475;155 603 458;B01;7;0;2;1;2;1;203 747 977;2;2;1;1;1960.0;0;1;0;-1;3;11;2023;16:04;1;93;93070;2;4;1;3;48.902529;2.334296;4;1;1;0;1;1; -1;1;0;8;30;Indemne;4
202300043483;155 603 442;A01;7;0;2;3;16;1;203 747 956;1;1;1;2;1972.0;1;1;0;-1;13;5;2023;23:50;5;93;93048;2;7;1;1;48.8581605;2.43649315;3;3;3;1;1;1; -1;1;0;1;50;Indemne;5
202300043483;155 603 442;A01;7;0;2;3;16;1;203 747 956;1;1;1;2;1972.0;1;1;0;-1;13;5;2023;23:50;5;93;93048;2;7;1;1;48.8581605;2.43649315;3;2;2;1;1;1; -1;1;0;1;50;Indemne;5
202300043483;155 603 443;B01;1;0;2;1;19;5;203 747 957;1;1;4;1;1984.0;5;8;0;-1;13;5;2023;23:50;5;93;93048;2;7;1;1;48.8581605;2.43649315;3;3;3;1;1;1; -1;1;0;1;50;Blessé léger;5
202300043483;155 603 443;B01;1;0;2;1;19;5;203 747 957;1;1;4;1;1984.0;5;8;0;-1;13;5;2023;23:50;5;93;93048;2;7;1;1;48.8581605;2.43649315;3;2;2;1;1;1; -1;1;0;1;50;Blessé léger;5
202300043497;155 603 410;A01;1;0;2;1;0;5;203 747 914;1;1;3;1;1963.0;0;0;-1;-1;3;11;2023;20:20;5;58;58086;2;1;1;3;47.408595;2.924772;4;-1;2;0;1;1; -1;1;0;1;50;Blessé hospitalisé;4
202300043497;155 603 411;B01;7;0;0;0;9;1;203 747 918;1;1;1;2;1994.0;0;1;-1;-1;3;11;2023;20:20;5;58;58086;2;1;1;3;47.408595;2.924772;4;-1;2;0;1;1; -1;1;0;1;50;Indemne;4
202300043500;155 603 407;A01;99;0;2;1;0;1;203 747 908;1;1;1;1;1967.0;0;8;-1;-1;31;10;2023;18:35;5;23;23079;2;1;2;1;45.880046;2.171449;4;2;2;0;1;1; -1;2;0;1;50;Indemne;1
202300043500;155 603 408;B01;1;0;2;1;16;5;203 747 909;1;1;3;2;1976.0;0;0;-1;-1;31;10;2023;18:35;5;23;23079;2;1;2;1;45.880046;2.171449;4;2;2;0;1;1; -1;2;0;1;50;Blessé hospitalisé;1
202300043548;155 603 334;B01;1;0;0;8;1;5;203 747 799;1;1;4;1;1989.0;5;0;-1;-1;14;5;2023;15:25;1;27;27067;1;1;1;3;49.29939;1.659175;3;2;2;0;1;1;7;1;0;1;80;Blessé léger;6
202300043548;155 603 334;B01;1;0;0;8;1;5;203 747 800;2;2;1;2;2018.0;5;0;-1;-1;14;5;2023;15:25;1;27;27067;1;1;1;3;49.29939;1.659175;3;2;2;0;1;1;7;1;0;1;80;Indemne;6
202300043548;155 603 334;B01;1;0;0;8;1;5;203 747 801;2;2;3;2;2022.0;5;0;-1;-1;14;5;2023;15:25;1;27;27067;1;1;1;3;49.29939;1.659175;3;2;2;0;1;1;7;1;0;1;80;Blessé hospitalisé;6
202300043548;155 603 335;A01;7;0;9;2;1;1;203 747 802;1;1;1;1;1974.0;0;1;-1;-1;14;5;2023;15:25;1;27;27067;1;1;1;3;49.29939;1.659175;3;2;2;0;1;1;7;1;0;1;80;Indemne;6
202300043560;155 603 314;A01;7;0;2;2;2;1;203 747 763;1;1;1;1;1967.0;1;1;-1;-1;3;11;2023;18:00;2;85;85084;1;1;1;2;46.763193;-1.22651;3;2;2;0;1;1;5,5;1;0;1;80;Indemne;4
202300043560;155 603 316;B01;1;0;2;4;1;5;203 747 765;1;1;2;1;1967.0;5;2;4;-1;3;11;2023;18:00;2;85;85084;1;1;1;2;46.763193;-1.22651;3;2;2;0;1;1;5,5;1;0;1;80;Tué;4
202300043573;155 603 295;A01;7;0;2;1;1;1;203 747 729;1;1;1;1;1994.0;1;8;-1;-1;3;11;2023;06:45;2;987;98733;1;1;1;1;-17.696;-149.548;2;2;2;0;4;2; -1;1;0;1;60;Indemne;4
202300043573;155 603 296;B01;1;0;2;7;26;5;203 747 732;1;1;3;1;2017.0;5;0;-1;-1;3;11;2023;06:45;2;987;98733;1;1;1;1;-17.696;-149.548;2;2;2;0;4;2; -1;1;0;1;60;Blessé hospitalisé;4