Num_Acc;id_vehicule;num_veh;catv;obs;obsm;choc;manv;motor;id_usager;place;catu;grav;sexe;an_nais;trajet;secu1;secu2;secu3;jour;mois;an;hrmn;lum;dep;com;agg;int;atm;col;lat;long;catr;circ;nbv;vosp;prof;plan;larrout;surf;infra;situ;vma;gravity;day_of_week
202300043575;155 603 293;A01;1;0;1;1;1;5;203 747 718;10;3;3;2;1945.0;3;0;-1;-1;3;11;2023;11:50;2;33;33199;2;1;2;6;44.637972;-1.111128;3;2;2;1;1;1;5,5;2;0;5;50;Blessé hospitalisé;4
202300043575;155 603 293;A01;1;0;1;1;1;5;203 747 719;1;1;1;1;2000.0;5;0;-1;-1;3;11;2023;11:50;2;33;33199;2;1;2;6;44.637972;-1.111128;3;2;2;1;1;1;5,5;2;0;5;50;Indemne;4
202300043641;155 603 172;A01;1;0;0;0;1;5;203 747 549;1;1;3;1;1982.0;5;0;-1;-1;21;7;2023;11:35;1;29;29220;2;1;1;7;47.857315;-4.211517;4;-1;2;1;1;1; -1;1;9;5;50;Blessé hospitalisé;4
202300043645;155 603 165;B01;1;0;2;4;19;5;203 747 541;1;1;4;1;1979.0;0;8;0;-1;1;11;2023;18:15;3;973;97302;2;1;1;1;4.94124;-52.32699;4;1;2;0;1;3; -1;1;0;1;50;Blessé léger;2
202300043645;155 603 166;A01;7;0;2;1;9;2;203 747 542;1;1;1;2;1942.0;0;1;0;-1;1;11;2023;18:15;3;973;97302;2;1;1;1;4.94124;-52.32699;4;1;2;0;1;3; -1;1;0;1;50;Indemne;2
202300043668;155 603 118;B01;1;0;2;0;0;5;203 747 480;1;1;4;1;1990.0;0;8;0;-1;31;10;2023;20:17;5;84;84007;2;6;1;3;43.94111;4.79857;4;2;2;0;1;1; -1;1;0;1;30;Blessé léger;1
202300043668;155 603 118;B01;1;0;2;0;0;5;203 747 480;1;1;4;1;1990.0;0;8;0;-1;31;10;2023;20:17;5;84;84007;2;6;1;3;43.94111;4.79857;4;2;2;0;1;1; -1;1;0;1;50;Blessé léger;1
202300043668;155 603 119;A01;7;0;2;1;1;1;203 747 481;1;1;1;2;1949.0;0;1;0;-1;31;10;2023;20:17;5;84;84007;2;6;1;3;43.94111;4.79857;4;2;2;0;1;1; -1;1;0;1;30;Indemne;1
202300043668;155 603 119;A01;7;0;2;1;1;1;203 747 481;1;1;1;2;1949.0;0;1;0;-1;31;10;2023;20:17;5;84;84007;2;6;1;3;43.94111;4.79857;4;2;2;0;1;1; -1;1;0;1;50;Indemne;1
202300043687;155 603 086;B01;1;0;2;7;19;5;203 747 443;1;1;4;2;1969.0;5;0;-1;-1;13;5;2023;10:30;1;51;51454;2;2;1;3;49.26093;4.04902;4;1;1;0;1;1; -1;1;0;1;50;Blessé léger;5
202300043687;155 603 086;B01;1;0;2;7;19;5;203 747 443;1;1;4;2;1969.0;5;0;-1;-1;13;5;2023;10:30;1;51;51454;2;2;1;3;49.26093;4.04902;4;2;3;0;1;1; -1;1;0;1;50;Blessé léger;5
202300043687;155 603 087;A01;7;0;2;1;1;1;203 747 444;1;1;1;2;1974.0;0;1;-1;-1;13;5;2023;10:30;1;51;51454;2;2;1;3;49.26093;4.04902;4;1;1;0;1;1; -1;1;0;1;50;Indemne;5
202300043687;155 603 087;A01;7;0;2;1;1;1;203 747 444;1;1;1;2;1974.0;0;1;-1;-1;13;5;2023;10:30;1;51;51454;2;2;1;3;49.26093;4.04902;4;2;3;0;1;1; -1;1;0;1;50;Indemne;5
202300043726;155 603 013;A01;1;0;0;0;1;5;203 747 351;1;1;4;1;1965.0;1;8;6;-1;6;4;2023;07:30;2;75;75105;2;2;1;7;48.853079;2.346789;4;-1; -1;1;1;1; -1;1;0;5;30;Blessé léger;3
202300043726;155 603 013;A01;1;0;0;0;1;5;203 747 351;1;1;4;1;1965.0;1;8;6;-1;6;4;2023;07:30;2;75;75105;2;2;1;7;48.853079;2.346789;4;3;4;1;1;1; -1;1;0;5;30;Blessé léger;3
202300043734;155 602 994;B01;60;0;2;2;14;5;203 747 326;1;1;4;2;1998.0;1;8;0;-1;6;4;2023;20:40;5;75;75117;2;3;1;6;48.889377;2.322332;4;2;2;1;2;1; -1;1;0;1;30;Blessé léger;3
202300043734;155 602 994;B01;60;0;2;2;14;5;203 747 326;1;1;4;2;1998.0;1;8;0;-1;6;4;2023;20:40;5;75;75117;2;3;1;6;48.889377;2.322332;4;1;1;1;1;1; -1;1;0;1;30;Blessé léger;3
202300043734;155 602 997;A01;1;0;2;3;1;5;203 747 329;1;1;4;1;1995.0;1;8;8;-1;6;4;2023;20:40;5;75;75117;2;3;1;6;48.889377;2.322332;4;2;2;1;2;1; -1;1;0;1;30;Blessé léger;3
202300043734;155 602 997;A01;1;0;2;3;1;5;203 747 329;1;1;4;1;1995.0;1;8;8;-1;6;4;2023;20:40;5;75;75117;2;3;1;6;48.889377;2.322332;4;1;1;1;1;1; -1;1;0;1;30;Blessé léger;3
202300043735;155 602 989;A01;1;0;0;0;0;5;203 747 320;1;1;4;1;1974.0;5;2;4;-1;21;2;2023;18:05;2;91;91339;2;9;1;4;48.62245;2.25815;4;2;2;0;2;1; -1;1;0;1;30;Blessé léger;1
202300043735;155 602 990;C01;33;0;0;0;0;0;203 747 322;1;1;1;1;1997.0;5;2;6;-1;21;2;2023;18:05;2;91;91339;2;9;1;4;48.62245;2.25815;4;2;2;0;2;1; -1;1;0;1;30;Indemne;1
202300043735;155 602 991;B01;7;0;2;6;2;2;203 747 323;1;1;1;1;1990.0;5;1;0;-1;21;2;2023;18:05;2;91;91339;2;9;1;4;48.62245;2.25815;4;2;2;0;2;1; -1;1;0;1;30;Indemne;1
202300043740;155 602 982;B01;7;0;2;4;23;1;203 747 310;1;1;1;2;1966.0;5;8;0;-1;5;4;2023;22:20;5;75;75114;2;2;1;2;48.825455;2.302299;4;1;1;0;1;1; -1;1;0;1;50;Indemne;2
202300043740;155 602 982;B01;7;0;2;4;23;1;203 747 310;1;1;1;2;1966.0;5;8;0;-1;5;4;2023;22:20;5;75;75114;2;2;1;2;48.825455;2.302299;4;2;4;1;1;1; -1;1;0;1;50;Indemne;2
202300043740;155 602 982;B01;7;0;2;4;23;1;203 747 312;2;2;1;1;1962.0;5;8;0;-1;5;4;2023;22:20;5;75;75114;2;2;1;2;48.825455;2.302299;4;1;1;0;1;1; -1;1;0;1;50;Indemne;2
202300043740;155 602 982;B01;7;0;2;4;23;1;203 747 312;2;2;1;1;1962.0;5;8;0;-1;5;4;2023;22:20;5;75;75114;2;2;1;2;48.825455;2.302299;4;2;4;1;1;1; -1;1;0;1;50;Indemne;2
202300043740;155 602 983;A01;1;0;2;1;1;5;203 747 313;1;1;4;1;1998.0;5;8;0;-1;5;4;2023;22:20;5;75;75114;2;2;1;2;48.825455;2.302299;4;1;1;0;1;1; -1;1;0;1;50;Blessé léger;2
202300043740;155 602 983;A01;1;0;2;1;1;5;203 747 313;1;1;4;1;1998.0;5;8;0;-1;5;4;2023;22:20;5;75;75114;2;2;1;2;48.825455;2.302299;4;2;4;1;1;1; -1;1;0;1;50;Blessé léger;2
202300043748;155 602 967;A01;1;0;2;1;1;5;203 747 292;1;1;1;1;1981.0;1;2;0;-1;6;4;2023;09:00;1;75;75113;2;1;2;1;48.826747;2.384354;4;2;4;1;1;1; -1;2;0;5;50;Indemne;3
202300043748;155 602 970;B01;1;0;2;1;9;5;203 747 295;1;1;3;2;1977.0;9;2;0;-1;6;4;2023;09:00;1;75;75113;2;1;2;1;48.826747;2.384354;4;2;4;1;1;1; -1;2;0;5;50;Blessé hospitalisé;3
202300043753;155 602 956;B01;1;0;2;4;23;5;203 747 280;1;1;4;2;1987.0;5;2;-1;-1;21;2;2023;18:30;2;69;69266;2;1;1;2;45.76811;4.86993;4;1;1;2;1;1; -1;1;0;1;30;Blessé léger;1
202300043753;155 602 957;A01;7;0;2;1;2;1;203 747 281;1;1;1;1;1971.0;0;8;-1;-1;21;2;2023;18:30;2;69;69266;2;1;1;2;45.76811;4.86993;4;1;1;2;1;1; -1;1;0;1;30;Indemne;1
202300043758;155 602 948;A01;80;0;1;1;1;3;203 747 270;10;3;4;2;1965.0;5;0;-1;-1;6;4;2023;09:45;1;75;75104;2;3;2;6;48.857312;2.352411;4;1;3;1;1;1; -1;2;0;5;30;Blessé léger;3
202300043758;155 602 948;A01;80;0;1;1;1;3;203 747 270;10;3;4;2;1965.0;5;0;-1;-1;6;4;2023;09:45;1;75;75104;2;3;2;6;48.857312;2.352411;4;1;1;2;1;1; -1;2;0;5;30;Blessé léger;3
202300043758;155 602 948;A01;80;0;1;1;1;3;203 747 271;1;1;1;1;1996.0;1;8;0;-1;6;4;2023;09:45;1;75;75104;2;3;2;6;48.857312;2.352411;4;1;3;1;1;1; -1;2;0;5;30;Indemne;3
202300043758;155 602 948;A01;80;0;1;1;1;3;203 747 271;1;1;1;1;1996.0;1;8;0;-1;6;4;2023;09:45;1;75;75104;2;3;2;6;48.857312;2.352411;4;1;1;2;1;1; -1;2;0;5;30;Indemne;3
202300043761;155 602 943;B01;1;0;2;0;1;5;203 747 264;1;1;4;1;1942.0;5;2;-1;-1;21;2;2023;12:20;1;65;65047;2;2;1;3;43.250214;0.089605;3;2;2;0;1;1; -1;1;0;1;50;Blessé léger;1
202300043761;155 602 943;B01;1;0;2;0;1;5;203 747 264;1;1;4;1;1942.0;5;2;-1;-1;21;2;2023;12:20;1;65;65047;2;2;1;3;43.250214;0.089605;3;2;2;0;1;1; -1;1;0;1;50;Blessé léger;1
202300043761;155 602 945;A01;7;0;2;2;1;1;203 747 267;1;1;1;1;1984.0;4;1;-1;-1;21;2;2023;12:20;1;65;65047;2;2;1;3;43.250214;0.089605;3;2;2;0;1;1; -1;1;0;1;50;Indemne;1
202300043761;155 602 945;A01;7;0;2;2;1;1;203 747 267;1;1;1;1;1984.0;4;1;-1;-1;21;2;2023;12:20;1;65;65047;2;2;1;3;43.250214;0.089605;3;2;2;0;1;1; -1;1;0;1;50;Indemne;1
202300043769;155 602 931;B01;1;0;2;8;1;5;203 747 246;1;1;4;1;1997.0;5;2;0;-1;21;2;2023;14:35;1;58;58194;2;3;1;3;46.98456;3.15667;4;2;4;0;2;1; -1;1;0;5;30;Blessé léger;1
202300043769;155 602 931;B01;1;0;2;8;1;5;203 747 246;1;1;4;1;1997.0;5;2;0;-1;21;2;2023;14:35;1;58;58194;2;3;1;3;46.98456;3.15667;4;2;2;0;2;1; -1;1;0;1;30;Blessé léger;1
202300043769;155 602 932;A01;10;0;2;2;16;1;203 747 248;1;1;1;1;1959.0;4;1;0;-1;21;2;2023;14:35;1;58;58194;2;3;1;3;46.98456;3.15667;4;2;4;0;2;1; -1;1;0;5;30;Indemne;1
202300043769;155 602 932;A01;10;0;2;2;16;1;203 747 248;1;1;1;1;1959.0;4;1;0;-1;21;2;2023;14:35;1;58;58194;2;3;1;3;46.98456;3.15667;4;2;2;0;2;1; -1;1;0;1;30;Indemne;1
202300043777;155 602 917;A01;7;0;2;2;16;1;203 747 231;1;1;1;2;1994.0;1;1;-1;-1;21;2;2023;07:30;1;51;51454;2;3;1;3;49.239608;4.038284;4;1;2;0;1;1; -1;1;0;1;50;Indemne;1
202300043777;155 602 917;A01;7;0;2;2;16;1;203 747 231;1;1;1;2;1994.0;1;1;-1;-1;21;2;2023;07:30;1;51;51454;2;3;1;3;49.239608;4.038284;4;2;4;1;1;1; -1;1;0;1;50;Indemne;1
202300043777;155 602 918;B01;1;0;2;2;1;5;203 747 232;1;1;4;1;1985.0;1;8;-1;-1;21;2;2023;07:30;1;51;51454;2;3;1;3;49.239608;4.038284;4;1;2;0;1;1; -1;1;0;1;50;Blessé léger;1
202300043777;155 602 918;B01;1;0;2;2;1;5;203 747 232;1;1;4;1;1985.0;1;8;-1;-1;21;2;2023;07:30;1;51;51454;2;3;1;3;49.239608;4.038284;4;2;4;1;1;1; -1;1;0;1;50;Blessé léger;1
202300043806;155 602 867;B01;1;0;2;1;1;5;203 747 167;1;1;4;1;1998.0;9;8;0;-1;31;8;2023;00:00;5;75;75111;2;2;1;3;48.861106;2.381148;4;1; -1;-1;1;1; -1;1;0;1;-1;Blessé léger;3
202300043806;155 602 867;B01;1;0;2;1;1;5;203 747 167;1;1;4;1;1998.0;9;8;0;-1;31;8;2023;00:00;5;75;75111;2;2;1;3;48.861106;2.381148;4;1;1;1;2;1; -1;1;0;1;30;Blessé léger;3
202300043806;155 602 870;A01;7;0;2;3;1;2;203 747 169;1;1;1;2;1965.0;9;1;0;-1;31;8;2023;00:00;5;75;75111;2;2;1;3;48.861106;2.381148;4;1; -1;-1;1;1; -1;1;0;1;-1;Indemne;3
202300043806;155 602 870;A01;7;0;2;3;1;2;203 747 169;1;1;1;2;1965.0;9;1;0;-1;31;8;2023;00:00;5;75;75111;2;2;1;3;48.861106;2.381148;4;1;1;1;2;1; -1;1;0;1;30;Indemne;3
202300043807;155 602 866;A01;1;0;1;1;17;5;203 747 164;10;3;4;2;1993.0;1;0;-1;-1;5;4;2023;17:40;1;92;92033;2;1;1;6;48.83837341;2.17082852;3;2;4;0;2;1; -1;1;0;1;50;Blessé léger;2
202300043807;155 602 866;A01;1;0;1;1;17;5;203 747 165;1;1;1;1;2006.0;2;2;0;-1;5;4;2023;17:40;1;92;92033;2;1;1;6;48.83837341;2.17082852;3;2;4;0;2;1; -1;1;0;1;50;Indemne;2
202300043809;155 602 865;A01;1;0;0;8;1;5;203 747 163;1;1;4;1;1969.0;1;2;0;-1;31;8;2023;18:20;1;75;75110;2;4;2;7;48.871805;2.36459;4;1; -1;-1;1;1; -1;2;0;1;-1;Blessé léger;3
202300043809;155 602 865;A01;1;0;0;8;1;5;203 747 163;1;1;4;1;1969.0;1;2;0;-1;31;8;2023;18:20;1;75;75110;2;4;2;7;48.871805;2.36459;4;1;2;1;1;1; -1;2;0;1;30;Blessé léger;3
202300043811;155 602 859;A01;1;0;1;1;1;5;203 747 155;1;1;1;1;1972.0;9;2;0;-1;31;8;2023;15:45;1;75;75101;2;2;2;6;48.858521;2.348231;4;-1;4;1;1;1; -1;2;0;5;25;Indemne;3
202300043811;155 602 859;A01;1;0;1;1;1;5;203 747 155;1;1;1;1;1972.0;9;2;0;-1;31;8;2023;15:45;1;75;75101;2;2;2;6;48.858521;2.348231;4;-1;2;0;1;1; -1;2;0;5;25;Indemne;3
202300043811;155 602 859;A01;1;0;1;1;1;5;203 747 156;10;3;4;2;1948.0;5;0;-1;-1;31;8;2023;15:45;1;75;75101;2;2;2;6;48.858521;2.348231;4;-1;4;1;1;1; -1;2;0;5;25;Blessé léger;3
202300043811;155 602 859;A01;1;0;1;1;1;5;203 747 156;10;3;4;2;1948.0;5;0;-1;-1;31;8;2023;15:45;1;75;75101;2;2;2;6;48.858521;2.348231;4;-1;2;0;1;1; -1;2;0;5;25;Blessé léger;3
202300043828;155 602 830;A01;7;0;0;0;0;1;203 747 113;1;1;1;2;1966.0;0;1;0;-1;21;2;2023;08:15;1;07;07102;2;6;1;3;44.9376;4.8635;4;2;2;0;1;2; -1;1;9;1;50;Indemne;1
202300043828;155 602 830;A01;7;0;0;0;0;1;203 747 113;1;1;1;2;1966.0;0;1;0;-1;21;2;2023;08:15;1;07;07102;2;6;1;3;44.9376;4.8635;4;2;2;0;1;2; -1;1;9;1;50;Indemne;1
202300043828;155 602 831;B01;1;0;2;1;2;5;203 747 115;1;1;4;1;1989.0;1;0;0;-1;21;2;2023;08:15;1;07;07102;2;6;1;3;44.9376;4.8635;4;2;2;0;1;2; -1;1;9;1;50;Blessé léger;1
202300043828;155 602 831;B01;1;0;2;1;2;5;203 747 115;1;1;4;1;1989.0;1;0;0;-1;21;2;2023;08:15;1;07;07102;2;6;1;3;44.9376;4.8635;4;2;2;0;1;2; -1;1;9;1;50;Blessé léger;1
202300043831;155 602 826;Z01;1;0;1;1;1;5;203 747 108;10;3;4;1;1960.0;5;0;-1;-1;21;2;2023;18:40;2;75;75104;2;1;1;6;48.85590109;2.35065311;4;2;2;1;1;1; -1;1;-1;5;30;Blessé léger;1
202300043835;155 602 815;B01;1;0;2;9;18;5;203 747 094;1;1;4;2;1953.0;3;8;0;-1;21;2;2023;17:13;1;75;75120;2;2;1;3;48.853557;2.410769;4;2;2;0;1;1; -1;1;0;1;30;Blessé léger;1
202300043835;155 602 815;B01;1;0;2;9;18;5;203 747 094;1;1;4;2;1953.0;3;8;0;-1;21;2;2023;17:13;1;75;75120;2;2;1;3;48.853557;2.410769;4;1;2;0;1;1; -1;1;0;1;30;Blessé léger;1
202300043835;155 602 818;A01;17;0;2;2;16;1;203 747 095;1;1;1;1;1982.0;4;1;0;-1;21;2;2023;17:13;1;75;75120;2;2;1;3;48.853557;2.410769;4;2;2;0;1;1; -1;1;0;1;30;Indemne;1
202300043835;155 602 818;A01;17;0;2;2;16;1;203 747 095;1;1;1;1;1982.0;4;1;0;-1;21;2;2023;17:13;1;75;75120;2;2;1;3;48.853557;2.410769;4;1;2;0;1;1; -1;1;0;1;30;Indemne;1
202300043847;155 602 794;A01;80;0;1;1;1;3;203 747 029;10;3;4;2;1966.0;4;0;-1;-1;21;2;2023;18:20;5;75;75104;2;7;1;6;48.85325621;2.36857831;4;2;3;0;1;1; -1;1;0;1;30;Blessé léger;1
202300043847;155 602 794;A01;80;0;1;1;1;3;203 747 029;10;3;4;2;1966.0;4;0;-1;-1;21;2;2023;18:20;5;75;75104;2;7;1;6;48.85325621;2.36857831;4;2;3;1;1;1; -1;1;0;1;30;Blessé léger;1
202300043847;155 602 794;A01;80;0;1;1;1;3;203 747 032;1;1;1;1;2007.0;5;8;0;-1;21;2;2023;18:20;5;75;75104;2;7;1;6;48.85325621;2.36857831;4;2;3;0;1;1; -1;1;0;1;30;Indemne;1
202300043847;155 602 794;A01;80;0;1;1;1;3;203 747 032;1;1;1;1;2007.0;5;8;0;-1;21;2;2023;18:20;5;75;75104;2;7;1;6;48.85325621;2.36857831;4;2;3;1;1;1; -1;1;0;1;30;Indemne;1
202300043851;155 602 788;C01;1;0;0;1;1;5;203 747 009;1;1;4;2;1976.0;5;0;0;0;21;2;2023;22:10;5;94;94058;2;1;1;5;48.83437008;2.51247481;3;2;2;0;1;1; -1;1;0;1;50;Blessé léger;1
202300043851;155 602 791;B01;1;0;2;1;1;5;203 747 016;1;1;4;1;1979.0;5;0;0;0;21;2;2023;22:10;5;94;94058;2;1;1;5;48.83437008;2.51247481;3;2;2;0;1;1; -1;1;0;1;50;Blessé léger;1
202300043867;155 602 761;A01;1;0;0;0;0;5;203 746 957;1;1;4;1;1992.0;0;8;0;-1;21;2;2023;21:45;5;93;93055;2;1;1;7;48.89486;2.40972;3;2;2;2;2;1; -1;1;0;5;50;Blessé léger;1
202300043873;155 602 753;A01;7;0;2;1;16;1;203 746 945;1;1;1;1;1958.0;5;1;0;-1;21;2;2023;08:30;2;92;92073;2;3;7;3;48.86765897;2.22596079;3;1;2;0;1;1; -1;1;0;8;50;Indemne;1
202300043873;155 602 753;A01;7;0;2;1;16;1;203 746 945;1;1;1;1;1958.0;5;1;0;-1;21;2;2023;08:30;2;92;92073;2;3;7;3;48.86765897;2.22596079;3;3;2;1;1;1; -1;1;9;5;50;Indemne;1
202300043873;155 602 753;A01;7;0;2;1;16;1;203 746 946;2;2;1;2;1990.0;5;1;0;-1;21;2;2023;08:30;2;92;92073;2;3;7;3;48.86765897;2.22596079;3;1;2;0;1;1; -1;1;0;8;50;Indemne;1
202300043873;155 602 753;A01;7;0;2;1;16;1;203 746 946;2;2;1;2;1990.0;5;1;0;-1;21;2;2023;08:30;2;92;92073;2;3;7;3;48.86765897;2.22596079;3;3;2;1;1;1; -1;1;9;5;50;Indemne;1
202300043873;155 602 756;B01;80;0;2;8;19;3;203 746 948;1;1;4;2;1982.0;1;2;8;-1;21;2;2023;08:30;2;92;92073;2;3;7;3;48.86765897;2.22596079;3;1;2;0;1;1; -1;1;0;8;50;Blessé léger;1
202300043873;155 602 756;B01;80;0;2;8;19;3;203 746 948;1;1;4;2;1982.0;1;2;8;-1;21;2;2023;08:30;2;92;92073;2;3;7;3;48.86765897;2.22596079;3;3;2;1;1;1; -1;1;9;5;50;Blessé léger;1
202300043874;155 602 752;A01;1;0;0;0;1;5;203 746 944;1;1;2;1;1957.0;5;2;-1;-1;7;4;2023;09:20;1;56;56090;1;1;1;7;47.833238;-3.240087;4;2;2;0;2;3; -1;1;0;1;50;Tué;4
202300043882;155 602 740;A01;80;0;0;4;19;3;203 746 932;1;1;4;1;1988.0;1;8;0;-1;21;2;2023;09:10;1;92;92040;2;1;1;7;48.82556024;2.26870224;3;1;1;0;1;1; -1;1;0;1;30;Blessé léger;1
202300043883;155 602 737;A01;34;0;2;1;1;1;203 746 929;1;1;1;1;1984.0;9;2;6;-1;1;9;2023;11:03;1;56;56186;2;1;1;3;47.50008;-3.119962;4;2;2;0;3;1; -1;1;0;1;30;Indemne;4
202300043883;155 602 739;B01;80;0;0;4;15;3;203 746 931;1;1;2;1;1941.0;5;0;-1;-1;1;9;2023;11:03;1;56;56186;2;1;1;3;47.50008;-3.119962;4;2;2;0;3;1; -1;1;0;1;30;Tué;4
202300043886;155 602 733;A01;7;0;2;1;1;0;203 746 925;1;1;4;2;1945.0;9;1;-1;-1;30;8;2023;12:30;1;56;56158;1;1;1;1;47.703618;-2.849303;3;2;2;0;1;2;4;1;0;1;80;Blessé léger;2
202300043886;155 602 734;B01;1;0;2;1;1;5;203 746 926;1;1;3;1;1979.0;5;2;-1;-1;30;8;2023;12:30;1;56;56158;1;1;1;1;47.703618;-2.849303;3;2;2;0;1;2;4;1;0;1;80;Blessé hospitalisé;2
202300043889;155 602 726;A01;31;0;2;1;1;1;203 746 916;2;2;1;2;1976.0;5;2;6;-1;1;9;2023;10:20;1;74;74104;1;1;1;2;45.783555;6.225557;3;2;2;0;1;1;7;1;0;1;80;Indemne;4
202300043889;155 602 726;A01;31;0;2;1;1;1;203 746 917;1;1;4;1;1965.0;5;2;6;-1;1;9;2023;10:20;1;74;74104;1;1;1;2;45.783555;6.225557;3;2;2;0;1;1;7;1;0;1;80;Blessé léger;4
202300043889;155 602 728;B01;80;0;0;4;19;3;203 746 919;1;1;4;1;1971.0;5;0;-1;-1;1;9;2023;10:20;1;74;74104;1;1;1;2;45.783555;6.225557;3;2;2;0;1;1;7;1;0;1;80;Blessé léger;4
202300043892;155 602 721;B01;1;0;0;4;1;5;203 746 911;1;1;3;2;1961.0;5;0;-1;-1;30;8;2023;15:00;1;79;79003;1;1;1;2;46.275555;-0.39127;3;2;2;0;1;1;6,3;1;0;1;80;Blessé hospitalisé;2
202300043892;155 602 723;A01;7;0;2;1;1;1;203 746 913;1;1;1;2;1957.0;5;1;-1;-1;30;8;2023;15:00;1;79;79003;1;1;1;2;46.275555;-0.39127;3;2;2;0;1;1;6,3;1;0;1;80;Indemne;2
202300043896;155 602 715;A01;7;0;0;0;26;0;203 746 903;1;1;1;1;1998.0;0;1;-1;-1;21;2;2023;13:30;1;974;97412;2;1;1;7;-21.378983;55.620386;2;2;2;0;1;1; -1;1;0;1;50;Indemne;1
202300043896;155 602 717;B01;1;0;0;0;21;5;203 746 905;1;1;4;2;1985.0;5;0;-1;-1;21;2;2023;13:30;1;974;97412;2;1;1;7;-21.378983;55.620386;2;2;2;0;1;1; -1;1;0;1;50;Blessé léger;1
202300043904;155 602 695;A01;1;0;0;0;0;5;203 746 872;1;1;3;1;1988.0;5;0;-1;-1;3;4;2023;20:45;2;44;44182;2;1;1;7;47.162364;-2.170494;4;1;1;0;1;1; -1;1;0;3;50;Blessé hospitalisé;0
202300043907;155 602 693;B01;80;0;2;2;2;3;203 746 870;1;1;3;1;1986.0;5;2;-1;-1;6;4;2023;18:20;1;29;29235;2;6;1;3;48.405766;-4.409128;4;1;1;0;1;2; -1;1;0;1;50;Blessé hospitalisé;3
202300043907;155 602 693;B01;80;0;2;2;2;3;203 746 870;1;1;3;1;1986.0;5;2;-1;-1;6;4;2023;18:20;1;29;29235;2;6;1;3;48.405766;-4.409128;4;1;1;0;2;2; -1;1;0;1;50;Blessé hospitalisé;3
202300043907;155 602 694;A01;7;0;2;3;9;1;203 746 871;1;1;1;2;1963.0;5;1;-1;-1;6;4;2023;18:20;1;29;29235;2;6;1;3;48.405766;-4.409128;4;1;1;0;1;2; -1;1;0;1;50;Indemne;3
202300043907;155 602 694;A01;7;0;2;3;9;1;203 746 871;1;1;1;2;1963.0;5;1;-1;-1;6;4;2023;18:20;1;29;29235;2;6;1;3;48.405766;-4.409128;4;1;1;0;2;2; -1;1;0;1;50;Indemne;3
202300043908;155 602 690;B01;1;0;0;4;25;5;203 746 866;1;1;4;1;2006.0;5;0;-1;-1;20;2;2023;15:35;1;974;97410;1;1;1;2;-21.01153;55.699504;2;2;2;0;1;1; -1;1;0;4;50;Blessé léger;0
202300043908;155 602 692;A01;7;12;9;2;2;1;203 746 869;1;1;1;1;1960.0;5;1;-1;-1;20;2;2023;15:35;1;974;97410;1;1;1;2;-21.01153;55.699504;2;2;2;0;1;1; -1;1;0;4;50;Indemne;0
202300043927;155 602 658;A01;1;2;0;1;1;5;203 746 822;1;1;2;1;1962.0;5;2;-1;-1;1;9;2023;16:35;1;84;84017;1;1;1;7;44.129589;5.288131;3;2;2;0;2;3;5,5;1;0;3;80;Tué;4
202300043930;155 602 652;B01;1;0;2;1;1;5;203 746 814;1;1;3;1;1961.0;5;2;6;-1;22;2;2023;15:30;1;29;29177;1;3;1;3;48.468248;-4.717292;3;2;2;0;2;3; -1;1;0;3;80;Blessé hospitalisé;2
202300043930;155 602 652;B01;1;0;2;1;1;5;203 746 814;1;1;3;1;1961.0;5;2;6;-1;22;2;2023;15:30;1;29;29177;1;3;1;3;48.468248;-4.717292;3;2; -1;-1;-1;-1; -1;1;-1;1;80;Blessé hospitalisé;2
202300043930;155 602 655;A01;7;0;2;2;15;1;203 746 818;1;1;1;1;1963.0;5;1;-1;-1;22;2;2023;15:30;1;29;29177;1;3;1;3;48.468248;-4.717292;3;2;2;0;2;3; -1;1;0;3;80;Indemne;2
202300043930;155 602 655;A01;7;0;2;2;15;1;203 746 818;1;1;1;1;1963.0;5;1;-1;-1;22;2;2023;15:30;1;29;29177;1;3;1;3;48.468248;-4.717292;3;2; -1;-1;-1;-1; -1;1;-1;1;80;Indemne;2
202300043935;155 602 641;A01;7;0;9;3;9;1;203 746 801;1;1;1;2;1979.0;5;1;-1;-1;1;2;2023;11:25;1;26;26338;1;6;1;3;44.593432;4.820166;3;1;1;1;1;2; -1;1;5;1;80;Indemne;2
202300043935;155 602 643;B01;1;0;2;1;1;5;203 746 803;1;1;3;1;1942.0;5;2;-1;-1;1;2;2023;11:25;1;26;26338;1;6;1;3;44.593432;4.820166;3;1;1;1;1;2; -1;1;5;1;80;Blessé hospitalisé;2
202300043946;155 602 625;B01;7;0;2;3;1;1;203 746 774;1;1;1;1;1973.0;1;1;-1;-1;21;2;2023;13:25;1;18;18135;1;2;1;1;46.634962;2.218723;3;2;2;0;4;1; -1;1;0;1;80;Indemne;1
202300043946;155 602 625;B01;7;0;2;3;1;1;203 746 774;1;1;1;1;1973.0;1;1;-1;-1;21;2;2023;13:25;1;18;18135;1;2;1;1;46.634962;2.218723;3;2;2;0;4;1; -1;1;0;1;80;Indemne;1
202300043946;155 602 628;A01;1;0;2;8;9;5;203 746 778;1;1;2;1;1965.0;5;2;-1;-1;21;2;2023;13:25;1;18;18135;1;2;1;1;46.634962;2.218723;3;2;2;0;4;1; -1;1;0;1;80;Tué;1