Num_Acc;id_vehicule;num_veh;catv;obs;obsm;choc;manv;motor;id_usager;place;catu;grav;sexe;an_nais;trajet;secu1;secu2;secu3;jour;mois;an;hrmn;lum;dep;com;agg;int;atm;col;lat;long;catr;circ;nbv;vosp;prof;plan;larrout;surf;infra;situ;vma;gravity;day_of_week
202300043946;155 602 628;A01;1;0;2;8;9;5;203 746 778;1;1;2;1;1965.0;5;2;-1;-1;21;2;2023;13:25;1;18;18135;1;2;1;1;46.634962;2.218723;3;2;2;0;4;1; -1;1;0;1;80;Tué;1
202300043949;155 602 619;A01;10;0;9;2;15;1;203 746 768;1;1;1;1;1996.0;4;1;-1;-1;29;8;2023;09:25;1;83;83012;2;3;1;3;43.558075;6.012982;3;2;2;0;2;2;5,5;1;0;1;50;Indemne;1
202300043949;155 602 619;A01;10;0;9;2;15;1;203 746 768;1;1;1;1;1996.0;4;1;-1;-1;29;8;2023;09:25;1;83;83012;2;3;1;3;43.558075;6.012982;3;2;2;0;1;1;5,5;1;0;1;50;Indemne;1
202300043949;155 602 622;B01;1;0;2;5;1;5;203 746 771;1;1;3;1;1941.0;5;2;6;-1;29;8;2023;09:25;1;83;83012;2;3;1;3;43.558075;6.012982;3;2;2;0;2;2;5,5;1;0;1;50;Blessé hospitalisé;1
202300043949;155 602 622;B01;1;0;2;5;1;5;203 746 771;1;1;3;1;1941.0;5;2;6;-1;29;8;2023;09:25;1;83;83012;2;3;1;3;43.558075;6.012982;3;2;2;0;1;1;5,5;1;0;1;50;Blessé hospitalisé;1
202300043951;155 602 614;A01;1;0;2;1;1;5;203 746 763;1;1;3;1;1990.0;5;2;-1;-1;3;4;2023;11:00;1;83;83094;1;1;1;2;43.3161;6.541806;3;2;2;0;2;1;4;1;0;1;70;Blessé hospitalisé;0
202300043951;155 602 617;B01;10;0;0;4;26;1;203 746 766;1;1;1;1;1969.0;4;1;-1;-1;3;4;2023;11:00;1;83;83094;1;1;1;2;43.3161;6.541806;3;2;2;0;2;1;4;1;0;1;70;Indemne;0
202300043957;155 602 604;C01;1;0;2;3;1;5;203 746 749;1;1;3;1;1942.0;5;2;-1;-1;30;8;2023;16:00;1;16;16044;1;2;1;5;46.028987;0.278255;3;2;2;0;1;1;4;1;0;1;80;Blessé hospitalisé;2
202300043957;155 602 604;C01;1;0;2;3;1;5;203 746 749;1;1;3;1;1942.0;5;2;-1;-1;30;8;2023;16:00;1;16;16044;1;2;1;5;46.028987;0.278255;3;2;2;-1;1;1;4;1;0;1;-1;Blessé hospitalisé;2
202300043957;155 602 606;B01;7;0;2;3;1;1;203 746 751;1;1;1;1;1962.0;0;1;-1;-1;30;8;2023;16:00;1;16;16044;1;2;1;5;46.028987;0.278255;3;2;2;0;1;1;4;1;0;1;80;Indemne;2
202300043957;155 602 606;B01;7;0;2;3;1;1;203 746 751;1;1;1;1;1962.0;0;1;-1;-1;30;8;2023;16:00;1;16;16044;1;2;1;5;46.028987;0.278255;3;2;2;-1;1;1;4;1;0;1;-1;Indemne;2
202300043957;155 602 606;B01;7;0;2;3;1;1;203 746 752;2;2;1;1;1958.0;0;1;-1;-1;30;8;2023;16:00;1;16;16044;1;2;1;5;46.028987;0.278255;3;2;2;0;1;1;4;1;0;1;80;Indemne;2
202300043957;155 602 606;B01;7;0;2;3;1;1;203 746 752;2;2;1;1;1958.0;0;1;-1;-1;30;8;2023;16:00;1;16;16044;1;2;1;5;46.028987;0.278255;3;2;2;-1;1;1;4;1;0;1;-1;Indemne;2
202300043957;155 602 611;A01;7;0;2;8;19;0;203 746 758;1;1;1;1;1984.0;5;1;-1;-1;30;8;2023;16:00;1;16;16044;1;2;1;5;46.028987;0.278255;3;2;2;0;1;1;4;1;0;1;80;Indemne;2
202300043957;155 602 611;A01;7;0;2;8;19;0;203 746 758;1;1;1;1;1984.0;5;1;-1;-1;30;8;2023;16:00;1;16;16044;1;2;1;5;46.028987;0.278255;3;2;2;-1;1;1;4;1;0;1;-1;Indemne;2
202300043962;155 602 600;A01;1;0;0;1;1;5;203 746 744;1;1;3;1;1957.0;5;2;-1;-1;30;8;2023;15:45;1;53;53002;1;1;1;7;48.212804;-0.705275;3;2;2;0;2;3;5,5;1;0;1;80;Blessé hospitalisé;2
202300043997;155 602 531;B01;7;0;2;3;1;1;203 746 646;1;1;1;1;1949.0;0;1;-1;-1;4;4;2023;14:19;1;44;44026;1;3;1;3;47.301046;-1.47524;4;2;2;1;4;1; -1;1;0;1;50;Indemne;1
202300043997;155 602 531;B01;7;0;2;3;1;1;203 746 646;1;1;1;1;1949.0;0;1;-1;-1;4;4;2023;14:19;1;44;44026;1;3;1;3;47.301046;-1.47524;4;2;2;0;1;1; -1;1;0;1;30;Indemne;1
202300043997;155 602 535;A01;1;0;2;8;16;5;203 746 653;1;1;3;1;1944.0;5;2;4;-1;4;4;2023;14:19;1;44;44026;1;3;1;3;47.301046;-1.47524;4;2;2;1;4;1; -1;1;0;1;50;Blessé hospitalisé;1
202300043997;155 602 535;A01;1;0;2;8;16;5;203 746 653;1;1;3;1;1944.0;5;2;4;-1;4;4;2023;14:19;1;44;44026;1;3;1;3;47.301046;-1.47524;4;2;2;0;1;1; -1;1;0;1;30;Blessé hospitalisé;1
202300044044;155 602 437;B01;1;0;2;2;1;5;203 746 521;1;1;3;2;2005.0;0;8;0;-1;20;2;2023;18:26;1;973;97302;2;3;3;3;4.93651552;-52.30736196;3;2;2;0;1;1; -1;2;0;1;50;Blessé hospitalisé;0
202300044044;155 602 437;B01;1;0;2;2;1;5;203 746 521;1;1;3;2;2005.0;0;8;0;-1;20;2;2023;18:26;1;973;97302;2;3;3;3;4.93651552;-52.30736196;3;2;2;0;1;1; -1;2;5;1;50;Blessé hospitalisé;0
202300044044;155 602 439;A01;7;0;9;3;19;1;203 746 527;1;1;1;2;1999.0;5;1;0;-1;20;2;2023;18:26;1;973;97302;2;3;3;3;4.93651552;-52.30736196;3;2;2;0;1;1; -1;2;0;1;50;Indemne;0
202300044044;155 602 439;A01;7;0;9;3;19;1;203 746 527;1;1;1;2;1999.0;5;1;0;-1;20;2;2023;18:26;1;973;97302;2;3;3;3;4.93651552;-52.30736196;3;2;2;0;1;1; -1;2;5;1;50;Indemne;0
202300044048;155 602 432;A01;1;0;1;0;1;5;203 746 512;10;3;4;2;1959.0;5;8;8;-1;7;12;2023;20:30;5;75;75112;2;1;2;6;48.852708;2.37125;4;1;1;1;1;1; -1;2;0;5;30;Blessé léger;3
202300044048;155 602 432;A01;1;0;1;0;1;5;203 746 515;1;1;1;1;1997.0;5;2;0;-1;7;12;2023;20:30;5;75;75112;2;1;2;6;48.852708;2.37125;4;1;1;1;1;1; -1;2;0;5;30;Indemne;3
202300044063;155 602 409;A01;80;0;2;1;1;3;203 746 485;1;1;4;1;1991.0;9;8;0;-1;7;12;2023;15:55;2;75;75108;2;3;1;3;48.87099;2.30341;4;1;2;0;1;1; -1;1;0;1;50;Blessé léger;3
202300044063;155 602 409;A01;80;0;2;1;1;3;203 746 485;1;1;4;1;1991.0;9;8;0;-1;7;12;2023;15:55;2;75;75108;2;3;1;3;48.87099;2.30341;4;1; -1;0;1;1; -1;1;0;1;50;Blessé léger;3
202300044063;155 602 411;B01;7;0;2;2;14;1;203 746 487;1;1;1;2;2001.0;5;1;0;-1;7;12;2023;15:55;2;75;75108;2;3;1;3;48.87099;2.30341;4;1;2;0;1;1; -1;1;0;1;50;Indemne;3
202300044063;155 602 411;B01;7;0;2;2;14;1;203 746 487;1;1;1;2;2001.0;5;1;0;-1;7;12;2023;15:55;2;75;75108;2;3;1;3;48.87099;2.30341;4;1; -1;0;1;1; -1;1;0;1;50;Indemne;3
202300044067;155 602 401;A01;80;0;2;1;1;3;203 746 473;1;1;4;2;1990.0;1;2;4;-1;7;12;2023;08:45;1;75;75108;2;2;1;3;48.878663;2.300852;4;2;1;2;1;1; -1;1;0;1;30;Blessé léger;3
202300044067;155 602 401;A01;80;0;2;1;1;3;203 746 473;1;1;4;2;1990.0;1;2;4;-1;7;12;2023;08:45;1;75;75108;2;2;1;3;48.878663;2.300852;4;1;1;0;1;1; -1;1;0;1;30;Blessé léger;3
202300044067;155 602 405;B01;7;0;2;3;15;3;203 746 478;1;1;1;1;1984.0;9;1;0;-1;7;12;2023;08:45;1;75;75108;2;2;1;3;48.878663;2.300852;4;2;1;2;1;1; -1;1;0;1;30;Indemne;3
202300044067;155 602 405;B01;7;0;2;3;15;3;203 746 478;1;1;1;1;1984.0;9;1;0;-1;7;12;2023;08:45;1;75;75108;2;2;1;3;48.878663;2.300852;4;1;1;0;1;1; -1;1;0;1;30;Indemne;3
202300044083;155 602 371;A01;2;0;2;1;1;1;203 746 423;1;1;4;1;2004.0;1;2;6;-1;6;12;2023;08:17;1;94;94068;2;2;1;3;48.8071;2.50901;3;2;2;0;1;1; -1;1;6;1;30;Blessé léger;2
202300044083;155 602 371;A01;2;0;2;1;1;1;203 746 423;1;1;4;1;2004.0;1;2;6;-1;6;12;2023;08:17;1;94;94068;2;2;1;3;48.8071;2.50901;3;2;2;0;1;1; -1;1;0;1;30;Blessé léger;2
202300044083;155 602 373;B01;1;0;2;8;1;5;203 746 428;1;1;4;2;1981.0;1;8;8;-1;6;12;2023;08:17;1;94;94068;2;2;1;3;48.8071;2.50901;3;2;2;0;1;1; -1;1;6;1;30;Blessé léger;2
202300044083;155 602 373;B01;1;0;2;8;1;5;203 746 428;1;1;4;2;1981.0;1;8;8;-1;6;12;2023;08:17;1;94;94068;2;2;1;3;48.8071;2.50901;3;2;2;0;1;1; -1;1;0;1;30;Blessé léger;2
202300044096;155 602 347;B01;1;0;2;8;1;5;203 746 397;1;1;4;1;1955.0;0;2;0;-1;7;12;2023;16:50;2;93;93066;2;2;2;3;48.9212;2.36163;4;1;3;0;1;1; -1;2;0;1;50;Blessé léger;3
202300044096;155 602 347;B01;1;0;2;8;1;5;203 746 397;1;1;4;1;1955.0;0;2;0;-1;7;12;2023;16:50;2;93;93066;2;2;2;3;48.9212;2.36163;4;3;4;0;1;1; -1;2;0;1;50;Blessé léger;3
202300044096;155 602 350;A01;7;0;2;1;18;1;203 746 400;1;1;1;1;1970.0;2;1;0;-1;7;12;2023;16:50;2;93;93066;2;2;2;3;48.9212;2.36163;4;1;3;0;1;1; -1;2;0;1;50;Indemne;3
202300044096;155 602 350;A01;7;0;2;1;18;1;203 746 400;1;1;1;1;1970.0;2;1;0;-1;7;12;2023;16:50;2;93;93066;2;2;2;3;48.9212;2.36163;4;3;4;0;1;1; -1;2;0;1;50;Indemne;3
202300044099;155 602 340;A01;7;0;0;4;0;1;203 746 388;1;1;1;1;1950.0;0;1;0;-1;7;12;2023;18:50;5;93;93055;2;5;2;2;48.889155;2.410226;3;2;2;0;1;1; -1;2;0;1;50;Indemne;3
202300044099;155 602 340;A01;7;0;0;4;0;1;203 746 388;1;1;1;1;1950.0;0;1;0;-1;7;12;2023;18:50;5;93;93055;2;5;2;2;48.889155;2.410226;3;2;2;0;1;1; -1;2;0;1;50;Indemne;3
202300044099;155 602 342;B01;1;0;2;1;2;5;203 746 391;1;1;3;1;2006.0;9;2;4;-1;7;12;2023;18:50;5;93;93055;2;5;2;2;48.889155;2.410226;3;2;2;0;1;1; -1;2;0;1;50;Blessé hospitalisé;3
202300044099;155 602 342;B01;1;0;2;1;2;5;203 746 391;1;1;3;1;2006.0;9;2;4;-1;7;12;2023;18:50;5;93;93055;2;5;2;2;48.889155;2.410226;3;2;2;0;1;1; -1;2;0;1;50;Blessé hospitalisé;3
202300044128;155 602 280;A01;1;0;0;1;1;5;203 746 315;1;1;4;2;1954.0;1;2;8;-1;5;12;2023;20:30;5;92;92072;2;1;2;7;48.82831;2.2017;4;2;1;0;1;1; -1;2;9;1;30;Blessé léger;1
202300044137;155 602 266;A01;7;0;2;1;15;1;203 746 293;1;1;1;1;1967.0;0;1;0;-1;3;4;2023;19:10;1;78;78418;2;3;1;3;48.93223;2.1397;4;1;3;1;1;2; -1;1;0;5;50;Indemne;0
202300044137;155 602 266;A01;7;0;2;1;15;1;203 746 293;1;1;1;1;1967.0;0;1;0;-1;3;4;2023;19:10;1;78;78418;2;3;1;3;48.93223;2.1397;4;2;3;2;1;1; -1;1;0;1;50;Indemne;0
202300044137;155 602 270;B01;1;0;2;7;15;5;203 746 298;1;1;4;1;1976.0;0;2;6;-1;3;4;2023;19:10;1;78;78418;2;3;1;3;48.93223;2.1397;4;1;3;1;1;2; -1;1;0;5;50;Blessé léger;0
202300044137;155 602 270;B01;1;0;2;7;15;5;203 746 298;1;1;4;1;1976.0;0;2;6;-1;3;4;2023;19:10;1;78;78418;2;3;1;3;48.93223;2.1397;4;2;3;2;1;1; -1;1;0;1;50;Blessé léger;0
202300044148;155 602 243;A01;1;12;0;4;2;5;203 746 262;1;1;4;1;1997.0;1;0;-1;-1;8;12;2023;18:30;5;24;24294;2;1;1;2;45.006208;0.162284;3;2;2;0;1;1;5;1;0;1;50;Blessé léger;4
202300044148;155 602 246;B01;7;0;9;2;2;1;203 746 265;1;1;1;1;1988.0;1;8;-1;-1;8;12;2023;18:30;5;24;24294;2;1;1;2;45.006208;0.162284;3;2;2;0;1;1;5;1;0;1;50;Indemne;4
202300044158;155 602 227;A01;7;0;2;1;9;1;203 746 236;1;1;1;2;1996.0;0;8;0;-1;4;4;2023;15:00;1;73;73031;2;3;1;3;45.57363;5.93655;4;2;2;2;1;1; -1;1;-1;1;30;Indemne;1
202300044158;155 602 227;A01;7;0;2;1;9;1;203 746 236;1;1;1;2;1996.0;0;8;0;-1;4;4;2023;15:00;1;73;73031;2;3;1;3;45.57363;5.93655;4;-1; -1;0;1;1; -1;1;0;1;-1;Indemne;1
202300044158;155 602 231;B01;1;0;2;7;1;5;203 746 239;1;1;4;1;1947.0;0;8;0;-1;4;4;2023;15:00;1;73;73031;2;3;1;3;45.57363;5.93655;4;2;2;2;1;1; -1;1;-1;1;30;Blessé léger;1
202300044158;155 602 231;B01;1;0;2;7;1;5;203 746 239;1;1;4;1;1947.0;0;8;0;-1;4;4;2023;15:00;1;73;73031;2;3;1;3;45.57363;5.93655;4;-1; -1;0;1;1; -1;1;0;1;-1;Blessé léger;1
202300044160;155 602 225;A01;7;0;2;2;1;1;203 746 234;1;1;1;1;1979.0;5;1;8;-1;26;6;2023;10:20;1;64;64348;2;6;1;3;43.33573;-0.38505;3;-1;2;0;1;2; -1;1;0;1;70;Indemne;0
202300044160;155 602 225;A01;7;0;2;2;1;1;203 746 234;1;1;1;1;1979.0;5;1;8;-1;26;6;2023;10:20;1;64;64348;2;6;1;3;43.33573;-0.38505;3;-1;2;0;1;2; -1;1;0;1;50;Indemne;0
202300044160;155 602 229;B01;1;0;2;6;1;5;203 746 240;1;1;2;1;1946.0;5;2;8;-1;26;6;2023;10:20;1;64;64348;2;6;1;3;43.33573;-0.38505;3;-1;2;0;1;2; -1;1;0;1;70;Tué;0
202300044160;155 602 229;B01;1;0;2;6;1;5;203 746 240;1;1;2;1;1946.0;5;2;8;-1;26;6;2023;10:20;1;64;64348;2;6;1;3;43.33573;-0.38505;3;-1;2;0;1;2; -1;1;0;1;50;Tué;0
202300044173;155 602 200;B01;1;0;2;8;1;5;203 746 206;1;1;4;1;1996.0;0;8;8;-1;4;4;2023;11:45;1;67;67482;2;3;1;6;48.58289;7.77227;4;2;4;0;1;1; -1;1;0;1;50;Blessé léger;1
202300044173;155 602 200;B01;1;0;2;8;1;5;203 746 206;1;1;4;1;1996.0;0;8;8;-1;4;4;2023;11:45;1;67;67482;2;3;1;6;48.58289;7.77227;4;2;3;2;1;1; -1;1;0;5;50;Blessé léger;1
202300044173;155 602 202;A01;7;0;2;1;16;1;203 746 208;1;1;1;1;1967.0;0;1;8;-1;4;4;2023;11:45;1;67;67482;2;3;1;6;48.58289;7.77227;4;2;4;0;1;1; -1;1;0;1;50;Indemne;1
202300044173;155 602 202;A01;7;0;2;1;16;1;203 746 208;1;1;1;1;1967.0;0;1;8;-1;4;4;2023;11:45;1;67;67482;2;3;1;6;48.58289;7.77227;4;2;3;2;1;1; -1;1;0;5;50;Indemne;1
202300044181;155 602 185;B01;80;0;2;7;1;3;203 746 185;1;1;4;2;1978.0;5;8;0;-1;5;4;2023;22:25;5;56;56260;2;1;2;3;47.66075;-2.75398;3;2;3;2;2;1; -1;2;0;5;50;Blessé léger;2
202300044181;155 602 188;A01;30;0;2;1;9;3;203 746 188;1;1;1;1;1997.0;4;2;6;-1;5;4;2023;22:25;5;56;56260;2;1;2;3;47.66075;-2.75398;3;2;3;2;2;1; -1;2;0;5;50;Indemne;2
202300044198;155 602 156;A01;1;0;2;0;0;5;203 746 145;1;1;3;1;2001.0;0;8;0;-1;18;3;2023;03:55;3;44;44109;2;1;1;6;47.23189;-1.50771;4;2;2;2;1;1; -1;1;0;1;50;Blessé hospitalisé;5
202300044211;155 602 133;B01;1;0;2;2;1;5;203 746 118;1;1;4;1;1947.0;0;2;0;-1;5;4;2023;09:33;1;34;34003;2;6;1;3;43.29109;3.51406;4;4;2;0;1;1; -1;1;0;1;30;Blessé léger;2
202300044211;155 602 133;B01;1;0;2;2;1;5;203 746 118;1;1;4;1;1947.0;0;2;0;-1;5;4;2023;09:33;1;34;34003;2;6;1;3;43.29109;3.51406;4;2; -1;-1;1;2; -1;1;5;1;-1;Blessé léger;2
202300044211;155 602 135;A01;7;0;9;3;9;0;203 746 121;1;1;1;1;1996.0;4;1;0;-1;5;4;2023;09:33;1;34;34003;2;6;1;3;43.29109;3.51406;4;4;2;0;1;1; -1;1;0;1;30;Indemne;2
202300044211;155 602 135;A01;7;0;9;3;9;0;203 746 121;1;1;1;1;1996.0;4;1;0;-1;5;4;2023;09:33;1;34;34003;2;6;1;3;43.29109;3.51406;4;2; -1;-1;1;2; -1;1;5;1;-1;Indemne;2
202300044229;155 602 103;A01;10;0;2;4;4;3;203 746 076;1;1;1;1;1994.0;4;1;-1;-1;20;2;2023;10:15;1;33;33063;2;1;1;2;44.84638522;-0.596876;4;1;1;3;1;1; -1;1;-1;5;30;Indemne;0
202300044229;155 602 106;B01;1;0;2;1;1;5;203 746 079;1;1;3;2;1967.0;1;0;-1;-1;20;2;2023;10:15;1;33;33063;2;1;1;2;44.84638522;-0.596876;4;1;1;3;1;1; -1;1;-1;5;30;Blessé hospitalisé;0
202300044238;155 602 088;B01;1;0;2;1;19;5;203 746 057;1;1;3;2;1986.0;0;8;0;-1;20;2;2023;07:50;1;31;31555;2;1;5;3;43.57606;1.40657;4;2;4;1;1;1; -1;1;0;1;50;Blessé hospitalisé;0
202300044238;155 602 092;A01;7;0;2;3;1;1;203 746 063;1;1;1;2;1986.0;1;1;0;-1;20;2;2023;07:50;1;31;31555;2;1;5;3;43.57606;1.40657;4;2;4;1;1;1; -1;1;0;1;50;Indemne;0
202300044262;155 602 044;B01;1;0;2;7;14;5;203 745 997;1;1;3;2;1960.0;0;8;0;-1;2;4;2023;10:25;1;02;02168;2;6;2;3;49.04442;3.40302;4;1;1;0;1;2; -1;2;5;1;50;Blessé hospitalisé;6
202300044262;155 602 047;A01;7;0;2;3;0;1;203 746 000;1;1;1;1;1987.0;0;1;0;-1;2;4;2023;10:25;1;02;02168;2;6;2;3;49.04442;3.40302;4;1;1;0;1;2; -1;2;5;1;50;Indemne;6
202300044282;155 602 005;A01;1;0;2;1;1;5;203 745 952;1;1;4;1;1997.0;5;8;0;-1;30;8;2023;19:00;1;14;14117;2;2;1;3;49.29457;-0.108435;4;1;1;0;1;1; -1;1;0;1;30;Blessé léger;2
202300044282;155 602 005;A01;1;0;2;1;1;5;203 745 952;1;1;4;1;1997.0;5;8;0;-1;30;8;2023;19:00;1;14;14117;2;2;1;3;49.29457;-0.108435;4;2;2;0;2;1; -1;1;0;1;30;Blessé léger;2
202300044282;155 602 008;B01;7;0;2;3;1;1;203 745 956;1;1;1;2;1996.0;5;1;8;-1;30;8;2023;19:00;1;14;14117;2;2;1;3;49.29457;-0.108435;4;1;1;0;1;1; -1;1;0;1;30;Indemne;2
202300044282;155 602 008;B01;7;0;2;3;1;1;203 745 956;1;1;1;2;1996.0;5;1;8;-1;30;8;2023;19:00;1;14;14117;2;2;1;3;49.29457;-0.108435;4;2;2;0;2;1; -1;1;0;1;30;Indemne;2
202300044283;155 602 000;A01;7;1;0;3;13;0;203 745 948;1;1;4;2;1947.0;5;1;0;-1;5;4;2023;19:20;1;75;75119;2;1;1;3;48.882151;2.371154;4;2;3;3;2;1; -1;1;0;1;30;Blessé léger;2
202300044283;155 602 003;C01;80;0;2;3;1;3;203 745 951;1;1;4;1;1963.0;9;8;0;-1;5;4;2023;19:20;1;75;75119;2;1;1;3;48.882151;2.371154;4;2;3;3;2;1; -1;1;0;1;30;Blessé léger;2
202300044296;155 601 980;B01;7;0;2;1;16;2;203 745 921;1;1;1;1;1934.0;5;1;0;-1;5;4;2023;16:40;1;75;75115;2;2;1;1;48.84361;2.29575;4;1; -1;-1;1;1; -1;1;0;1;-1;Indemne;2
202300044296;155 601 980;B01;7;0;2;1;16;2;203 745 921;1;1;1;1;1934.0;5;1;0;-1;5;4;2023;16:40;1;75;75115;2;2;1;1;48.84361;2.29575;4;1;1;0;1;1; -1;1;0;1;30;Indemne;2
202300044296;155 601 983;A01;1;0;2;1;2;5;203 745 927;1;1;4;2;2003.0;1;8;0;-1;5;4;2023;16:40;1;75;75115;2;2;1;1;48.84361;2.29575;4;1; -1;-1;1;1; -1;1;0;1;-1;Blessé léger;2
202300044296;155 601 983;A01;1;0;2;1;2;5;203 745 927;1;1;4;2;2003.0;1;8;0;-1;5;4;2023;16:40;1;75;75115;2;2;1;1;48.84361;2.29575;4;1;1;0;1;1; -1;1;0;1;30;Blessé léger;2
202300044305;155 601 964;B01;10;0;2;8;22;1;203 745 902;1;1;1;1;1961.0;4;8;0;-1;4;4;2023;13:46;1;75;75114;2;2;1;6;48.83181;2.314151;4;-1;2;0;1;1; -1;1;0;5;30;Indemne;1
202300044305;155 601 964;B01;10;0;2;8;22;1;203 745 902;1;1;1;1;1961.0;4;8;0;-1;4;4;2023;13:46;1;75;75114;2;2;1;6;48.83181;2.314151;4;2;3;1;1;1; -1;1;0;6;30;Indemne;1
202300044305;155 601 967;A01;80;1;0;2;1;3;203 745 906;1;1;4;1;2000.0;1;8;0;-1;4;4;2023;13:46;1;75;75114;2;2;1;6;48.83181;2.314151;4;-1;2;0;1;1; -1;1;0;5;30;Blessé léger;1
202300044305;155 601 967;A01;80;1;0;2;1;3;203 745 906;1;1;4;1;2000.0;1;8;0;-1;4;4;2023;13:46;1;75;75114;2;2;1;6;48.83181;2.314151;4;2;3;1;1;1; -1;1;0;6;30;Blessé léger;1
202300044328;155 601 920;A01;80;0;1;1;1;3;203 745 844;1;1;1;2;2003.0;5;8;0;-1;30;8;2023;12:20;1;75;75113;2;2;1;6;48.835838;2.352513;4;2;4;3;2;1; -1;1;0;1;30;Indemne;2
202300044328;155 601 920;A01;80;0;1;1;1;3;203 745 844;1;1;1;2;2003.0;5;8;0;-1;30;8;2023;12:20;1;75;75113;2;2;1;6;48.835838;2.352513;4;1; -1;-1;2;1; -1;1;0;1;30;Indemne;2
202300044328;155 601 920;A01;80;0;1;1;1;3;203 745 847;10;3;4;1;1946.0;5;0;-1;-1;30;8;2023;12:20;1;75;75113;2;2;1;6;48.835838;2.352513;4;2;4;3;2;1; -1;1;0;1;30;Blessé léger;2
202300044328;155 601 920;A01;80;0;1;1;1;3;203 745 847;10;3;4;1;1946.0;5;0;-1;-1;30;8;2023;12:20;1;75;75113;2;2;1;6;48.835838;2.352513;4;1; -1;-1;2;1; -1;1;0;1;30;Blessé léger;2
202300044341;155 601 898;A01;1;0;1;1;2;5;203 745 815;1;1;1;1;1988.0;1;2;0;-1;30;8;2023;09:40;1;75;75109;2;5;8;6;48.872943;2.333242;4;1;3;3;1;1; -1;1;0;1;30;Indemne;2
202300044341;155 601 898;A01;1;0;1;1;2;5;203 745 815;1;1;1;1;1988.0;1;2;0;-1;30;8;2023;09:40;1;75;75109;2;5;8;6;48.872943;2.333242;4;1;6;-1;1;1; -1;1;0;1;30;Indemne;2
202300044341;155 601 898;A01;1;0;1;1;2;5;203 745 817;10;3;4;2;1991.0;1;0;-1;-1;30;8;2023;09:40;1;75;75109;2;5;8;6;48.872943;2.333242;4;1;3;3;1;1; -1;1;0;1;30;Blessé léger;2
202300044341;155 601 898;A01;1;0;1;1;2;5;203 745 817;10;3;4;2;1991.0;1;0;-1;-1;30;8;2023;09:40;1;75;75109;2;5;8;6;48.872943;2.333242;4;1;6;-1;1;1; -1;1;0;1;30;Blessé léger;2
202300044353;155 601 878;A01;10;0;0;3;2;1;203 745 790;1;1;1;1;1974.0;1;1;0;-1;29;8;2023;07:49;1;94;94046;2;2;1;3;48.807641;2.435529;4;1;2;0;1;1;7;1;0;1;50;Indemne;1
202300044353;155 601 881;B01;1;0;0;0;0;5;203 745 793;1;1;4;2;2003.0;1;2;0;-1;29;8;2023;07:49;1;94;94046;2;2;1;3;48.807641;2.435529;4;1;2;0;1;1;7;1;0;1;50;Blessé léger;1
202300044369;155 601 848;A01;7;0;2;1;26;1;203 745 751;1;1;1;2;1940.0;5;1;-1;-1;5;4;2023;11:00;1;49;49092;2;6;7;3;47.214033;-0.728021;4;-1;1;0;1;2; -1;1;0;1;50;Indemne;2
202300044369;155 601 850;B01;1;0;0;8;26;5;203 745 754;1;1;3;1;1962.0;5;2;-1;-1;5;4;2023;11:00;1;49;49092;2;6;7;3;47.214033;-0.728021;4;-1;1;0;1;2; -1;1;0;1;50;Blessé hospitalisé;2
202300044371;155 601 844;A01;1;0;1;1;2;5;203 745 746;1;1;4;1;1961.0;5;2;8;-1;30;8;2023;12:25;1;92;92064;2;2;1;6;48.84687993;2.21421272;3;1;1;0;2;1; -1;1;0;1;50;Blessé léger;2
202300044371;155 601 844;A01;1;0;1;1;2;5;203 745 746;1;1;4;1;1961.0;5;2;8;-1;30;8;2023;12:25;1;92;92064;2;2;1;6;48.84687993;2.21421272;3;2;2;0;1;1;7;1;0;1;50;Blessé léger;2
202300044371;155 601 844;A01;1;0;1;1;2;5;203 745 747;10;3;3;2;1955.0;9;0;-1;-1;30;8;2023;12:25;1;92;92064;2;2;1;6;48.84687993;2.21421272;3;1;1;0;2;1; -1;1;0;1;50;Blessé hospitalisé;2
202300044371;155 601 844;A01;1;0;1;1;2;5;203 745 747;10;3;3;2;1955.0;9;0;-1;-1;30;8;2023;12:25;1;92;92064;2;2;1;6;48.84687993;2.21421272;3;2;2;0;1;1;7;1;0;1;50;Blessé hospitalisé;2
202300044377;155 601 835;A01;1;12;0;0;1;5;203 745 731;1;1;3;1;1973.0;5;2;-1;-1;8;10;2023;18:15;1;74;74043;1;1;1;6;46.26579;6.347265;3;2;2;0;2;2;5;1;2;1;80;Blessé hospitalisé;6
202300044398;155 601 798;A01;7;0;2;1;19;0;203 745 684;1;1;1;1;2000.0;0;8;-1;-1;26;9;2023;14:30;1;56;56256;1;2;1;5;47.993167;-2.306909;3;2;2;0;2;1;4;1;0;1;80;Indemne;1
202300044398;155 601 798;A01;7;0;2;1;19;0;203 745 684;1;1;1;1;2000.0;0;8;-1;-1;26;9;2023;14:30;1;56;56256;1;2;1;5;47.993167;-2.306909;3;2;2;-1;2;1; -1;1;0;1;80;Indemne;1
202300044398;155 601 801;B01;1;1;2;8;1;5;203 745 688;1;1;3;1;1954.0;5;2;-1;-1;26;9;2023;14:30;1;56;56256;1;2;1;5;47.993167;-2.306909;3;2;2;0;2;1;4;1;0;1;80;Blessé hospitalisé;1