Num_Acc;id_vehicule;num_veh;catv;obs;obsm;choc;manv;motor;id_usager;place;catu;grav;sexe;an_nais;trajet;secu1;secu2;secu3;jour;mois;an;hrmn;lum;dep;com;agg;int;atm;col;lat;long;catr;circ;nbv;vosp;prof;plan;larrout;surf;infra;situ;vma;gravity;day_of_week
202300044398;155 601 801;B01;1;1;2;8;1;5;203 745 688;1;1;3;1;1954.0;5;2;-1;-1;26;9;2023;14:30;1;56;56256;1;2;1;5;47.993167;-2.306909;3;2;2;-1;2;1; -1;1;0;1;80;Blessé hospitalisé;1
202300044398;155 601 802;C01;7;0;2;8;23;1;203 745 689;1;1;1;2;1994.0;0;1;0;0;26;9;2023;14:30;1;56;56256;1;2;1;5;47.993167;-2.306909;3;2;2;0;2;1;4;1;0;1;80;Indemne;1
202300044398;155 601 802;C01;7;0;2;8;23;1;203 745 689;1;1;1;2;1994.0;0;1;0;0;26;9;2023;14:30;1;56;56256;1;2;1;5;47.993167;-2.306909;3;2;2;-1;2;1; -1;1;0;1;80;Indemne;1
202300044419;155 601 760;A01;7;0;9;3;9;1;203 745 640;1;1;1;1;2000.0;0;1;-1;-1;6;1;2023;07:53;4;63;63113;2;6;1;3;45.75901;3.10142;7;2;2;0;2;1; -1;2;0;1;30;Indemne;4
202300044419;155 601 760;A01;7;0;9;3;9;1;203 745 640;1;1;1;1;2000.0;0;1;-1;-1;6;1;2023;07:53;4;63;63113;2;6;1;3;45.75901;3.10142;7;1;2;0;2;1; -1;2;5;1;30;Indemne;4
202300044419;155 601 763;B01;80;0;2;2;1;3;203 745 643;1;1;4;2;1973.0;1;2;-1;-1;6;1;2023;07:53;4;63;63113;2;6;1;3;45.75901;3.10142;7;2;2;0;2;1; -1;2;0;1;30;Blessé léger;4
202300044419;155 601 763;B01;80;0;2;2;1;3;203 745 643;1;1;4;2;1973.0;1;2;-1;-1;6;1;2023;07:53;4;63;63113;2;6;1;3;45.75901;3.10142;7;1;2;0;2;1; -1;2;5;1;30;Blessé léger;4
202300044426;155 601 749;B01;1;0;2;1;1;5;203 745 627;1;1;3;1;1985.0;5;2;0;-1;7;1;2023;01:25;3;62;62895;2;1;2;1;50.495688;2.844525;4;2;2;0;1;1; -1;2;0;1;50;Blessé hospitalisé;5
202300044426;155 601 751;A01;7;0;2;1;1;1;203 745 629;1;1;3;1;1992.0;5;8;0;-1;7;1;2023;01:25;3;62;62895;2;1;2;1;50.495688;2.844525;4;2;2;0;1;1; -1;2;0;1;50;Blessé hospitalisé;5
202300044445;155 601 715;B01;1;0;2;8;1;5;203 745 580;1;1;4;1;1970.0;0;2;0;-1;5;1;2023;18:00;5;54;54265;2;6;2;3;48.64345;6.182294;7;1;3;1;2;1; -1;2;0;1;50;Blessé léger;3
202300044445;155 601 715;B01;1;0;2;8;1;5;203 745 580;1;1;4;1;1970.0;0;2;0;-1;5;1;2023;18:00;5;54;54265;2;6;2;3;48.64345;6.182294;7;-1;3;0;1;2; -1;2;0;1;30;Blessé léger;3
202300044449;155 601 707;A01;10;0;2;1;1;1;203 745 573;1;1;1;1;1976.0;4;1;0;-1;9;1;2023;14:05;1;54;54395;2;2;1;3;48.693;6.1965;4;2;2;0;1;1; -1;2;0;1;50;Indemne;0
202300044449;155 601 707;A01;10;0;2;1;1;1;203 745 573;1;1;1;1;1976.0;4;1;0;-1;9;1;2023;14:05;1;54;54395;2;2;1;3;48.693;6.1965;4;2;2;0;1;1; -1;2;2;1;50;Indemne;0
202300044449;155 601 709;B01;1;0;2;4;1;5;203 745 575;1;1;4;1;1956.0;0;8;0;-1;9;1;2023;14:05;1;54;54395;2;2;1;3;48.693;6.1965;4;2;2;0;1;1; -1;2;0;1;50;Blessé léger;0
202300044449;155 601 709;B01;1;0;2;4;1;5;203 745 575;1;1;4;1;1956.0;0;8;0;-1;9;1;2023;14:05;1;54;54395;2;2;1;3;48.693;6.1965;4;2;2;0;1;1; -1;2;2;1;50;Blessé léger;0
202300044451;155 601 701;A01;10;0;2;4;4;1;203 745 567;1;1;1;1;1987.0;4;1;-1;-1;10;1;2023;11:25;1;51;51454;2;1;1;2;49.26133;4.05019;4;2;4;3;1;1; -1;1;0;1;50;Indemne;1
202300044451;155 601 702;B01;1;0;2;1;1;5;203 745 568;1;1;4;1;1991.0;0;8;-1;-1;10;1;2023;11:25;1;51;51454;2;1;1;2;49.26133;4.05019;4;2;4;3;1;1; -1;1;0;1;50;Blessé léger;1
202300044454;155 601 696;B01;1;0;2;4;2;5;203 745 560;1;1;4;2;1957.0;5;2;-1;-1;9;1;2023;18:50;5;51;51454;2;1;2;2;49.29082;4.0037;4;2;2;0;4;1; -1;2;0;1;50;Blessé léger;0
202300044454;155 601 697;A01;10;0;2;2;2;1;203 745 561;1;1;1;1;1983.0;4;1;0;-1;9;1;2023;18:50;5;51;51454;2;1;2;2;49.29082;4.0037;4;2;2;0;4;1; -1;2;0;1;50;Indemne;0
202300044459;155 601 689;A01;1;0;0;0;1;5;203 745 550;1;1;4;2;1992.0;0;2;-1;-1;6;12;2023;08:10;2;76;76351;2;1;1;7;49.49249;0.13097;4;1;2;1;1;1; -1;7;0;1;50;Blessé léger;2
202300044471;155 601 668;A01;7;0;2;8;22;1;203 745 516;1;1;1;1;1949.0;5;1;-1;-1;6;12;2023;18:15;5;65;65433;2;1;1;3;43.21196;0.09785;4;-1;2;0;1;1; -1;1;0;1;50;Indemne;2
202300044471;155 601 669;B01;1;1;0;1;21;5;203 745 519;1;1;4;1;1980.0;1;2;-1;-1;6;12;2023;18:15;5;65;65433;2;1;1;3;43.21196;0.09785;4;-1;2;0;1;1; -1;1;0;1;50;Blessé léger;2
202300044481;155 601 652;B01;1;0;2;7;1;5;203 745 497;1;1;3;1;1994.0;1;2;-1;-1;10;1;2023;07:54;5;35;35238;2;2;2;3;48.10048042;-1.65006548;4;2;2;3;1;1; -1;2;0;1;50;Blessé hospitalisé;1
202300044481;155 601 652;B01;1;0;2;7;1;5;203 745 497;1;1;3;1;1994.0;1;2;-1;-1;10;1;2023;07:54;5;35;35238;2;2;2;3;48.10048042;-1.65006548;4;2;2;2;1;1; -1;2;0;1;50;Blessé hospitalisé;1
202300044481;155 601 654;A01;80;0;2;1;1;3;203 745 499;1;1;4;2;1985.0;1;8;-1;-1;10;1;2023;07:54;5;35;35238;2;2;2;3;48.10048042;-1.65006548;4;2;2;3;1;1; -1;2;0;1;50;Blessé léger;1
202300044481;155 601 654;A01;80;0;2;1;1;3;203 745 499;1;1;4;2;1985.0;1;8;-1;-1;10;1;2023;07:54;5;35;35238;2;2;2;3;48.10048042;-1.65006548;4;2;2;2;1;1; -1;2;0;1;50;Blessé léger;1
202300044490;155 601 637;A01;10;0;2;3;9;3;203 745 476;1;1;1;2;1959.0;4;1;-1;-1;10;1;2023;08:15;2;33;33318;2;9;2;3;44.78318;-0.65253;4;2;5;2;1;2; -1;2;0;5;50;Indemne;1
202300044490;155 601 637;A01;10;0;2;3;9;3;203 745 476;1;1;1;2;1959.0;4;1;-1;-1;10;1;2023;08:15;2;33;33318;2;9;2;3;44.78318;-0.65253;4;2;2;0;1;1; -1;2;0;5;50;Indemne;1
202300044490;155 601 640;B01;1;0;2;2;1;5;203 745 479;1;1;4;1;1959.0;0;0;-1;-1;10;1;2023;08:15;2;33;33318;2;9;2;3;44.78318;-0.65253;4;2;5;2;1;2; -1;2;0;5;50;Blessé léger;1
202300044490;155 601 640;B01;1;0;2;2;1;5;203 745 479;1;1;4;1;1959.0;0;0;-1;-1;10;1;2023;08:15;2;33;33318;2;9;2;3;44.78318;-0.65253;4;2;2;0;1;1; -1;2;0;5;50;Blessé léger;1
202300044493;155 601 631;A01;7;0;2;1;9;1;203 745 469;1;1;1;2;1979.0;0;1;-1;-1;3;10;2023;08:50;1;38;38486;2;1;1;1;45.161714;5.696352;4;2;2;0;1;1; -1;1;0;6;50;Indemne;1
202300044493;155 601 633;B01;1;0;2;1;1;5;203 745 471;1;1;3;1;1948.0;0;2;-1;-1;3;10;2023;08:50;1;38;38486;2;1;1;1;45.161714;5.696352;4;2;2;0;1;1; -1;1;0;6;50;Blessé hospitalisé;1
202300044498;155 601 624;B01;1;0;2;4;1;5;203 745 461;1;1;4;2;1975.0;1;2;4;-1;10;1;2023;07:51;5;29;29019;2;6;2;2;48.4095647;-4.48292344;4;1;1;0;1;2; -1;2;0;1;50;Blessé léger;1
202300044498;155 601 624;B01;1;0;2;4;1;5;203 745 461;1;1;4;2;1975.0;1;2;4;-1;10;1;2023;07:51;5;29;29019;2;6;2;2;48.4095647;-4.48292344;4;2;2;0;2;1; -1;2;0;1;50;Blessé léger;1
202300044498;155 601 626;A01;7;0;2;2;1;1;203 745 464;1;1;1;2;1970.0;1;1;-1;-1;10;1;2023;07:51;5;29;29019;2;6;2;2;48.4095647;-4.48292344;4;1;1;0;1;2; -1;2;0;1;50;Indemne;1
202300044498;155 601 626;A01;7;0;2;2;1;1;203 745 464;1;1;1;2;1970.0;1;1;-1;-1;10;1;2023;07:51;5;29;29019;2;6;2;2;48.4095647;-4.48292344;4;2;2;0;2;1; -1;2;0;1;50;Indemne;1
202300044506;155 601 606;A01;10;0;2;3;15;1;203 745 441;1;1;1;1;1979.0;0;1;0;-1;5;12;2023;18:45;5;49;49007;2;1;1;3;47.47867;-0.55613;4;3;2;0;1;1; -1;1;0;1;50;Indemne;1
202300044506;155 601 608;B01;1;0;2;1;0;5;203 745 443;1;1;4;1;1997.0;0;8;0;-1;5;12;2023;18:45;5;49;49007;2;1;1;3;47.47867;-0.55613;4;3;2;0;1;1; -1;1;0;1;50;Blessé léger;1
202300044522;155 601 577;A01;37;0;2;1;1;1;203 745 401;1;1;1;1;1965.0;4;1;0;-1;6;12;2023;16:10;2;35;35238;2;2;1;1;48.110127;-1.673991;4;1;1;2;1;1; -1;1;5;1;30;Indemne;2
202300044522;155 601 577;A01;37;0;2;1;1;1;203 745 401;1;1;1;1;1965.0;4;1;0;-1;6;12;2023;16:10;2;35;35238;2;2;1;1;48.110127;-1.673991;4;2;4;2;1;1; -1;1;2;1;30;Indemne;2
202300044522;155 601 578;B01;1;0;2;1;15;5;203 745 402;1;1;4;2;2005.0;5;2;0;-1;6;12;2023;16:10;2;35;35238;2;2;1;1;48.110127;-1.673991;4;1;1;2;1;1; -1;1;5;1;30;Blessé léger;2
202300044522;155 601 578;B01;1;0;2;1;15;5;203 745 402;1;1;4;2;2005.0;5;2;0;-1;6;12;2023;16:10;2;35;35238;2;2;1;1;48.110127;-1.673991;4;2;4;2;1;1; -1;1;2;1;30;Blessé léger;2
202300044550;155 601 527;B01;1;0;0;0;1;5;203 745 327;1;1;4;1;1935.0;9;8;0;-1;6;12;2023;09:24;1;26;26362;2;2;1;6;44.91236;4.90001;4;2;2;1;2;1; -1;1;0;1;50;Blessé léger;2
202300044550;155 601 527;B01;1;0;0;0;1;5;203 745 327;1;1;4;1;1935.0;9;8;0;-1;6;12;2023;09:24;1;26;26362;2;2;1;6;44.91236;4.90001;4;2;2;0;1;1; -1;1;0;1;50;Blessé léger;2
202300044550;155 601 529;A01;7;0;0;0;16;1;203 745 329;1;1;1;2;1993.0;1;1;0;-1;6;12;2023;09:24;1;26;26362;2;2;1;6;44.91236;4.90001;4;2;2;1;2;1; -1;1;0;1;50;Indemne;2
202300044550;155 601 529;A01;7;0;0;0;16;1;203 745 329;1;1;1;2;1993.0;1;1;0;-1;6;12;2023;09:24;1;26;26362;2;2;1;6;44.91236;4.90001;4;2;2;0;1;1; -1;1;0;1;50;Indemne;2
202300044588;155 601 458;A01;1;0;2;1;13;5;203 745 237;1;1;4;2;1973.0;1;2;8;-1;6;12;2023;15:40;1;75;75120;2;2;1;3;48.867079;2.383325;4;3;2;3;1;1; -1;1;0;1;30;Blessé léger;2
202300044588;155 601 458;A01;1;0;2;1;13;5;203 745 237;1;1;4;2;1973.0;1;2;8;-1;6;12;2023;15:40;1;75;75120;2;2;1;3;48.867079;2.383325;4;2;2;3;4;1; -1;1;0;1;30;Blessé léger;2
202300044590;155 601 454;B01;7;0;2;4;2;1;203 745 232;1;1;1;1;1979.0;0;1;-1;-1;20;7;2023;17:35;1;35;35238;2;1;1;2;48.12784;-1.67152;4;2;2;0;1;1; -1;1;0;1;50;Indemne;3
202300044590;155 601 456;A01;1;0;2;1;2;5;203 745 234;1;1;4;1;2001.0;0;8;-1;-1;20;7;2023;17:35;1;35;35238;2;1;1;2;48.12784;-1.67152;4;2;2;0;1;1; -1;1;0;1;50;Blessé léger;3
202300044619;155 601 388;Z01;50;0;2;1;5;3;203 745 147;1;1;1;1;2014.0;5;8;0;-1;6;1;2023;17:05;5;67;67482;2;1;1;6;48.53027128;7.7696836;4;1;1;0;1;1; -1;1;0;1;30;Indemne;4
202300044619;155 601 390;A01;1;0;2;1;1;5;203 745 150;1;1;4;2;1951.0;5;2;8;-1;6;1;2023;17:05;5;67;67482;2;1;1;6;48.53027128;7.7696836;4;1;1;0;1;1; -1;1;0;1;30;Blessé léger;4
202300044648;155 601 334;B01;1;0;2;3;1;5;203 745 069;1;1;4;2;1962.0;1;8;8;-1;21;7;2023;09:30;1;75;75106;2;1;1;3;48.844394;2.322341;4;1;3;3;1;1; -1;1;0;6;30;Blessé léger;4
202300044648;155 601 337;A01;1;0;2;5;3;5;203 745 071;1;1;1;1;1964.0;9;8;8;-1;21;7;2023;09:30;1;75;75106;2;1;1;3;48.844394;2.322341;4;1;3;3;1;1; -1;1;0;6;30;Indemne;4
202300044649;155 601 335;A01;7;0;2;7;15;1;203 745 068;1;1;1;1;1946.0;9;1;0;-1;29;9;2023;15:45;1;973;97302;2;3;1;2;4.93253;-52.29049;3;2;2;0;1;1; -1;1;0;1;50;Indemne;4
202300044649;155 601 335;A01;7;0;2;7;15;1;203 745 068;1;1;1;1;1946.0;9;1;0;-1;29;9;2023;15:45;1;973;97302;2;3;1;2;4.93253;-52.29049;3;2;2;2;1;1; -1;1;0;1;50;Indemne;4
202300044649;155 601 338;B01;1;0;2;1;1;5;203 745 073;1;1;4;1;2007.0;5;2;0;-1;29;9;2023;15:45;1;973;97302;2;3;1;2;4.93253;-52.29049;3;2;2;0;1;1; -1;1;0;1;50;Blessé léger;4
202300044649;155 601 338;B01;1;0;2;1;1;5;203 745 073;1;1;4;1;2007.0;5;2;0;-1;29;9;2023;15:45;1;973;97302;2;3;1;2;4.93253;-52.29049;3;2;2;2;1;1; -1;1;0;1;50;Blessé léger;4
202300044653;155 601 326;A01;80;0;2;8;1;3;203 745 057;1;1;3;1;2007.0;2;8;0;-1;5;1;2023;17:45;5;59;59017;2;2;2;3;50.68303597;2.87696958;4;1;2;1;1;1; -1;2;0;1;30;Blessé hospitalisé;3
202300044653;155 601 326;A01;80;0;2;8;1;3;203 745 057;1;1;3;1;2007.0;2;8;0;-1;5;1;2023;17:45;5;59;59017;2;2;2;3;50.68303597;2.87696958;4;2;2;1;1;1; -1;2;0;1;30;Blessé hospitalisé;3
202300044653;155 601 329;B01;7;0;2;1;1;1;203 745 060;1;1;1;1;1985.0;4;1;0;-1;5;1;2023;17:45;5;59;59017;2;2;2;3;50.68303597;2.87696958;4;1;2;1;1;1; -1;2;0;1;30;Indemne;3
202300044653;155 601 329;B01;7;0;2;1;1;1;203 745 060;1;1;1;1;1985.0;4;1;0;-1;5;1;2023;17:45;5;59;59017;2;2;2;3;50.68303597;2.87696958;4;2;2;1;1;1; -1;2;0;1;30;Indemne;3
202300044669;155 601 302;A01;1;0;1;1;1;5;203 745 025;1;1;1;1;1994.0;1;8;0;-1;21;7;2023;13:50;1;75;75114;2;3;1;6;48.833049;2.341201;4;-1; -1;0;1;1; -1;1;0;1;30;Indemne;4
202300044669;155 601 302;A01;1;0;1;1;1;5;203 745 025;1;1;1;1;1994.0;1;8;0;-1;21;7;2023;13:50;1;75;75114;2;3;1;6;48.833049;2.341201;4;1;1;1;1;1; -1;1;0;1;30;Indemne;4
202300044669;155 601 302;A01;1;0;1;1;1;5;203 745 026;10;3;4;1;1943.0;5;0;-1;-1;21;7;2023;13:50;1;75;75114;2;3;1;6;48.833049;2.341201;4;-1; -1;0;1;1; -1;1;0;1;30;Blessé léger;4
202300044669;155 601 302;A01;1;0;1;1;1;5;203 745 026;10;3;4;1;1943.0;5;0;-1;-1;21;7;2023;13:50;1;75;75114;2;3;1;6;48.833049;2.341201;4;1;1;1;1;1; -1;1;0;1;30;Blessé léger;4
202300044671;155 601 295;B01;7;0;2;3;2;1;203 745 017;1;1;1;1;2001.0;5;1;-1;-1;9;1;2023;22:05;5;51;51454;2;3;2;3;49.25698;4.03444;4;1;2;0;1;1; -1;2;0;1;30;Indemne;0
202300044671;155 601 295;B01;7;0;2;3;2;1;203 745 017;1;1;1;1;2001.0;5;1;-1;-1;9;1;2023;22:05;5;51;51454;2;3;2;3;49.25698;4.03444;4;1;2;0;1;1; -1;2;0;1;30;Indemne;0
202300044671;155 601 297;A01;1;0;2;1;0;5;203 745 020;1;1;4;1;1979.0;0;8;-1;-1;9;1;2023;22:05;5;51;51454;2;3;2;3;49.25698;4.03444;4;1;2;0;1;1; -1;2;0;1;30;Blessé léger;0
202300044671;155 601 297;A01;1;0;2;1;0;5;203 745 020;1;1;4;1;1979.0;0;8;-1;-1;9;1;2023;22:05;5;51;51454;2;3;2;3;49.25698;4.03444;4;1;2;0;1;1; -1;2;0;1;30;Blessé léger;0
202300044672;155 601 294;A01;7;0;2;2;22;1;203 745 016;1;1;1;2;1942.0;5;8;0;-1;21;7;2023;14:30;1;75;75113;2;3;1;3;48.825136;2.357588;4;3;3;1;1;1; -1;1;0;5;30;Indemne;4
202300044672;155 601 294;A01;7;0;2;2;22;1;203 745 016;1;1;1;2;1942.0;5;8;0;-1;21;7;2023;14:30;1;75;75113;2;3;1;3;48.825136;2.357588;4;-1; -1;0;1;1; -1;1;0;5;30;Indemne;4
202300044672;155 601 294;A01;7;0;2;2;22;1;203 745 018;2;2;1;2;1926.0;5;8;0;-1;21;7;2023;14:30;1;75;75113;2;3;1;3;48.825136;2.357588;4;3;3;1;1;1; -1;1;0;5;30;Indemne;4
202300044672;155 601 294;A01;7;0;2;2;22;1;203 745 018;2;2;1;2;1926.0;5;8;0;-1;21;7;2023;14:30;1;75;75113;2;3;1;3;48.825136;2.357588;4;-1; -1;0;1;1; -1;1;0;5;30;Indemne;4
202300044672;155 601 296;B01;1;0;2;1;1;5;203 745 019;1;1;4;2;1970.0;9;8;0;-1;21;7;2023;14:30;1;75;75113;2;3;1;3;48.825136;2.357588;4;3;3;1;1;1; -1;1;0;5;30;Blessé léger;4
202300044672;155 601 296;B01;1;0;2;1;1;5;203 745 019;1;1;4;2;1970.0;9;8;0;-1;21;7;2023;14:30;1;75;75113;2;3;1;3;48.825136;2.357588;4;-1; -1;0;1;1; -1;1;0;5;30;Blessé léger;4
202300044697;155 601 247;A01;1;0;2;3;1;5;203 744 950;1;1;4;1;1967.0;5;2;0;-1;1;10;2023;10:10;1;71;71540;2;6;1;3;46.76824;4.45193;3;2;2;0;1;1;7;1;0;1;70;Blessé léger;6
202300044697;155 601 247;A01;1;0;2;3;1;5;203 744 950;1;1;4;1;1967.0;5;2;0;-1;1;10;2023;10:10;1;71;71540;2;6;1;3;46.76824;4.45193;3;1;2;0;1;2;7;1;5;1;50;Blessé léger;6
202300044697;155 601 251;B01;7;0;2;2;12;1;203 744 954;1;1;1;1;1994.0;1;8;-1;-1;1;10;2023;10:10;1;71;71540;2;6;1;3;46.76824;4.45193;3;2;2;0;1;1;7;1;0;1;70;Indemne;6
202300044697;155 601 251;B01;7;0;2;2;12;1;203 744 954;1;1;1;1;1994.0;1;8;-1;-1;1;10;2023;10:10;1;71;71540;2;6;1;3;46.76824;4.45193;3;1;2;0;1;2;7;1;5;1;50;Indemne;6
202300044699;155 601 240;A01;1;0;2;1;18;5;203 744 938;1;1;4;1;1996.0;4;8;-1;-1;1;10;2023;21:15;3;69;69275;2;1;1;3;45.77028767;4.98480214;2;1;2;0;1;2;5;1;3;1;50;Blessé léger;6
202300044699;155 601 242;B01;7;0;2;2;1;1;203 744 941;1;1;1;1;2002.0;5;1;4;-1;1;10;2023;21:15;3;69;69275;2;1;1;3;45.77028767;4.98480214;2;1;2;0;1;2;5;1;3;1;50;Indemne;6
202300044699;155 601 242;B01;7;0;2;2;1;1;203 744 943;2;2;1;1;2002.0;5;1;4;-1;1;10;2023;21:15;3;69;69275;2;1;1;3;45.77028767;4.98480214;2;1;2;0;1;2;5;1;3;1;50;Indemne;6
202300044699;155 601 242;B01;7;0;2;2;1;1;203 744 945;4;2;1;1;2000.0;5;1;4;-1;1;10;2023;21:15;3;69;69275;2;1;1;3;45.77028767;4.98480214;2;1;2;0;1;2;5;1;3;1;50;Indemne;6
202300044712;155 601 221;A01;1;0;1;0;1;5;203 744 911;10;3;4;2;1950.0;0;0;-1;-1;6;1;2023;07:15;4;11;11262;2;1;1;6;43.187738;2.989281;3;2;2;0;1;1; -1;1;0;1;50;Blessé léger;4
202300044712;155 601 221;A01;1;0;1;0;1;5;203 744 913;1;1;1;1;1963.0;0;8;0;-1;6;1;2023;07:15;4;11;11262;2;1;1;6;43.187738;2.989281;3;2;2;0;1;1; -1;1;0;1;50;Indemne;4
202300044716;155 601 216;A01;10;0;9;7;0;0;203 744 905;1;1;1;1;1996.0;0;1;0;-1;21;7;2023;13:45;1;93;93001;2;2;1;3;48.91776402;2.37472216;4;2;2;0;1;1; -1;1;0;1;50;Indemne;4
202300044716;155 601 216;A01;10;0;9;7;0;0;203 744 905;1;1;1;1;1996.0;0;1;0;-1;21;7;2023;13:45;1;93;93001;2;2;1;3;48.91776402;2.37472216;4;1;1;0;1;1; -1;1;0;1;50;Indemne;4
202300044716;155 601 218;B01;1;0;2;1;1;5;203 744 908;1;1;4;2;2004.0;0;8;0;-1;21;7;2023;13:45;1;93;93001;2;2;1;3;48.91776402;2.37472216;4;2;2;0;1;1; -1;1;0;1;50;Blessé léger;4
202300044716;155 601 218;B01;1;0;2;1;1;5;203 744 908;1;1;4;2;2004.0;0;8;0;-1;21;7;2023;13:45;1;93;93001;2;2;1;3;48.91776402;2.37472216;4;1;1;0;1;1; -1;1;0;1;50;Blessé léger;4
202300044719;155 601 211;B01;1;0;2;1;19;5;203 744 898;1;1;4;1;1987.0;5;8;0;-1;1;10;2023;16:35;1;60;60057;2;1;1;1;49.43735562;2.07375419;4;1;1;1;1;1; -1;1;0;1;50;Blessé léger;6
202300044737;155 601 182;A01;1;1;1;7;1;5;203 744 858;10;3;4;2;1965.0;5;0;-1;-1;1;10;2023;12:30;1;35;35238;2;1;1;6;48.10937857;-1.67568058;4;1;1;0;1;1; -1;1;6;1;20;Blessé léger;6
202300044748;155 601 166;A01;10;0;2;7;16;1;203 744 833;1;1;1;1;1987.0;4;1;0;-1;10;1;2023;09:45;1;75;75117;2;2;2;3;48.883286;2.307296;4;2;2;2;1;1; -1;2;-1;5;30;Indemne;1
202300044748;155 601 166;A01;10;0;2;7;16;1;203 744 833;1;1;1;1;1987.0;4;1;0;-1;10;1;2023;09:45;1;75;75117;2;2;2;3;48.883286;2.307296;4;2;2;2;1;1; -1;2;-1;5;30;Indemne;1
202300044748;155 601 169;B01;1;0;2;1;1;5;203 744 836;1;1;4;2;1989.0;1;2;0;-1;10;1;2023;09:45;1;75;75117;2;2;2;3;48.883286;2.307296;4;2;2;2;1;1; -1;2;-1;5;30;Blessé léger;1
202300044748;155 601 169;B01;1;0;2;1;1;5;203 744 836;1;1;4;2;1989.0;1;2;0;-1;10;1;2023;09:45;1;75;75117;2;2;2;3;48.883286;2.307296;4;2;2;2;1;1; -1;2;-1;5;30;Blessé léger;1
202300044755;155 601 158;A01;7;0;2;2;16;1;203 744 825;1;1;1;1;1999.0;9;1;0;-1;9;1;2023;21:30;5;75;75116;2;7;1;3;48.847435;2.273825;4;-1;5;0;1;1; -1;1;0;1;30;Indemne;0
202300044755;155 601 158;A01;7;0;2;2;16;1;203 744 825;1;1;1;1;1999.0;9;1;0;-1;9;1;2023;21:30;5;75;75116;2;7;1;3;48.847435;2.273825;4;2;5;0;1;1; -1;1;0;1;30;Indemne;0
202300044755;155 601 160;B01;1;0;2;1;1;5;203 744 827;1;1;4;1;1994.0;9;2;0;-1;9;1;2023;21:30;5;75;75116;2;7;1;3;48.847435;2.273825;4;-1;5;0;1;1; -1;1;0;1;30;Blessé léger;0
202300044755;155 601 160;B01;1;0;2;1;1;5;203 744 827;1;1;4;1;1994.0;9;2;0;-1;9;1;2023;21:30;5;75;75116;2;7;1;3;48.847435;2.273825;4;2;5;0;1;1; -1;1;0;1;30;Blessé léger;0
202300044757;155 601 152;A01;50;0;9;3;26;3;203 744 816;1;1;1;1;1972.0;3;8;0;-1;1;10;2023;10:00;1;31;31483;2;1;1;3;43.10925;0.72348;3;1;2;0;1;1; -1;1;0;1;50;Indemne;6
202300044757;155 601 154;B01;1;0;2;1;19;5;203 744 817;1;1;4;1;1947.0;3;2;0;-1;1;10;2023;10:00;1;31;31483;2;1;1;3;43.10925;0.72348;3;1;2;0;1;1; -1;1;0;1;50;Blessé léger;6
202300044758;155 601 151;A01;7;0;2;2;1;1;203 744 818;1;1;1;1;1986.0;1;1;-1;-1;18;7;2023;08:45;1;56;56258;2;1;1;3;47.591752;-3.035359;3;2;2;1;1;1;4;1;0;1;50;Indemne;1
202300044758;155 601 156;B01;1;0;2;3;11;5;203 744 822;1;1;3;1;1946.0;5;0;-1;-1;18;7;2023;08:45;1;56;56258;2;1;1;3;47.591752;-3.035359;3;2;2;1;1;1;4;1;0;1;50;Blessé hospitalisé;1
202300044759;155 601 150;A01;1;0;2;1;1;5;203 744 815;1;1;4;1;1982.0;9;8;0;-1;10;1;2023;07:00;3;75;75107;2;3;1;1;48.859014;2.293299;4;2; -1;-1;1;1; -1;1;-1;5;-1;Blessé léger;1
202300044759;155 601 150;A01;1;0;2;1;1;5;203 744 815;1;1;4;1;1982.0;9;8;0;-1;10;1;2023;07:00;3;75;75107;2;3;1;1;48.859014;2.293299;4;-1; -1;1;1;1; -1;1;-1;5;30;Blessé léger;1
202300044759;155 601 153;B01;1;0;2;0;1;5;203 744 819;1;1;1;1;1975.0;9;8;0;-1;10;1;2023;07:00;3;75;75107;2;3;1;1;48.859014;2.293299;4;2; -1;-1;1;1; -1;1;-1;5;-1;Indemne;1
202300044759;155 601 153;B01;1;0;2;0;1;5;203 744 819;1;1;1;1;1975.0;9;8;0;-1;10;1;2023;07:00;3;75;75107;2;3;1;1;48.859014;2.293299;4;-1; -1;1;1;1; -1;1;-1;5;30;Indemne;1
202300044760;155 601 148;A01;1;0;0;0;1;5;203 744 813;1;1;4;1;1948.0;5;2;-1;-1;20;7;2023;11:05;1;56;56258;2;1;1;7;47.577828;-3.035386;4;2;2;1;4;3;5,5;1;-1;5;30;Blessé léger;3
202300044768;155 601 134;B01;1;0;2;1;1;5;203 744 798;1;1;4;1;1969.0;5;8;0;-1;10;1;2023;19:52;5;75;75112;2;7;2;2;48.83964;2.395385;4;2; -1;-1;1;1; -1;2;0;1;-1;Blessé léger;1
202300044768;155 601 134;B01;1;0;2;1;1;5;203 744 798;1;1;4;1;1969.0;5;8;0;-1;10;1;2023;19:52;5;75;75112;2;7;2;2;48.83964;2.395385;4;1;1;0;1;3; -1;2;0;1;30;Blessé léger;1
202300044768;155 601 135;A01;7;0;2;2;1;2;203 744 799;1;1;1;1;1970.0;1;1;0;-1;10;1;2023;19:52;5;75;75112;2;7;2;2;48.83964;2.395385;4;2; -1;-1;1;1; -1;2;0;1;-1;Indemne;1
202300044768;155 601 135;A01;7;0;2;2;1;2;203 744 799;1;1;1;1;1970.0;1;1;0;-1;10;1;2023;19:52;5;75;75112;2;7;2;2;48.83964;2.395385;4;1;1;0;1;3; -1;2;0;1;30;Indemne;1