Num_Acc;id_vehicule;num_veh;catv;obs;obsm;choc;manv;motor;id_usager;place;catu;grav;sexe;an_nais;trajet;secu1;secu2;secu3;jour;mois;an;hrmn;lum;dep;com;agg;int;atm;col;lat;long;catr;circ;nbv;vosp;prof;plan;larrout;surf;infra;situ;vma;gravity;day_of_week
202300044786;155 601 097;A01;10;0;2;8;22;1;203 744 744;1;1;1;1;1996.0;4;1;0;-1;10;1;2023;08:35;2;75;75107;2;2;8;3;48.856472;2.321094;4;1; -1;-1;1;1; -1;1;0;1;-1;Indemne;1
202300044786;155 601 097;A01;10;0;2;8;22;1;203 744 744;1;1;1;1;1996.0;4;1;0;-1;10;1;2023;08:35;2;75;75107;2;2;8;3;48.856472;2.321094;4;1;1;0;1;1; -1;1;0;1;30;Indemne;1
202300044786;155 601 100;B01;1;0;2;7;1;5;203 744 748;1;1;4;1;1972.0;4;2;0;-1;10;1;2023;08:35;2;75;75107;2;2;8;3;48.856472;2.321094;4;1; -1;-1;1;1; -1;1;0;1;-1;Blessé léger;1
202300044786;155 601 100;B01;1;0;2;7;1;5;203 744 748;1;1;4;1;1972.0;4;2;0;-1;10;1;2023;08:35;2;75;75107;2;2;8;3;48.856472;2.321094;4;1;1;0;1;1; -1;1;0;1;30;Blessé léger;1
202300044794;155 601 085;A01;7;0;2;2;15;1;203 744 729;1;1;1;2;1975.0;1;1;-1;-1;21;7;2023;18:49;1;01;01267;2;2;1;3;46.187422;5.523478;3;2;2;0;1;1;7;1;0;1;50;Indemne;4
202300044794;155 601 085;A01;7;0;2;2;15;1;203 744 729;1;1;1;2;1975.0;1;1;-1;-1;21;7;2023;18:49;1;01;01267;2;2;1;3;46.187422;5.523478;3;2;2;0;2;1;7;1;0;1;50;Indemne;4
202300044794;155 601 088;B01;1;0;2;1;1;5;203 744 732;1;1;4;1;1968.0;5;2;-1;-1;21;7;2023;18:49;1;01;01267;2;2;1;3;46.187422;5.523478;3;2;2;0;1;1;7;1;0;1;50;Blessé léger;4
202300044794;155 601 088;B01;1;0;2;1;1;5;203 744 732;1;1;4;1;1968.0;5;2;-1;-1;21;7;2023;18:49;1;01;01267;2;2;1;3;46.187422;5.523478;3;2;2;0;2;1;7;1;0;1;50;Blessé léger;4
202300044804;155 601 065;A01;7;0;9;2;15;1;203 744 704;1;1;1;1;1947.0;5;1;-1;-1;22;7;2023;11:00;1;05;05029;1;1;1;3;44.646979;6.182234;3;2;2;0;1;1;6;1;0;1;80;Indemne;5
202300044804;155 601 066;B01;1;0;2;1;1;5;203 744 705;1;1;3;1;1954.0;5;2;-1;-1;22;7;2023;11:00;1;05;05029;1;1;1;3;44.646979;6.182234;3;2;2;0;1;1;6;1;0;1;80;Blessé hospitalisé;5
202300044808;155 601 060;B01;1;0;2;1;1;5;203 744 698;1;1;3;1;1977.0;5;2;-1;-1;22;7;2023;09:05;1;43;43200;2;3;1;2;45.041519;4.0608;3;2;2;0;2;3; -1;1;0;1;50;Blessé hospitalisé;5
202300044808;155 601 060;B01;1;0;2;1;1;5;203 744 698;1;1;3;1;1977.0;5;2;-1;-1;22;7;2023;09:05;1;43;43200;2;3;1;2;45.041519;4.0608;3;2; -1;-1;4;1; -1;1;0;1;-1;Blessé hospitalisé;5
202300044808;155 601 062;A01;1;0;2;4;1;5;203 744 699;1;1;3;1;1964.0;5;2;-1;-1;22;7;2023;09:05;1;43;43200;2;3;1;2;45.041519;4.0608;3;2;2;0;2;3; -1;1;0;1;50;Blessé hospitalisé;5
202300044808;155 601 062;A01;1;0;2;4;1;5;203 744 699;1;1;3;1;1964.0;5;2;-1;-1;22;7;2023;09:05;1;43;43200;2;3;1;2;45.041519;4.0608;3;2; -1;-1;4;1; -1;1;0;1;-1;Blessé hospitalisé;5
202300044810;155 601 055;A01;1;3;0;1;1;5;203 744 692;1;1;2;1;1964.0;5;2;6;-1;22;7;2023;10:25;1;43;43173;1;1;1;6;44.834615;3.731983;3;2;2;0;2;1;5;1;0;1;80;Tué;5
202300044821;155 601 038;A01;1;0;2;3;16;5;203 744 671;1;1;3;1;2012.0;5;2;-1;-1;22;7;2023;12:40;1;85;85084;2;2;1;3;46.770808;-1.233786;4;2;2;0;4;1; -1;1;0;1;50;Blessé hospitalisé;5
202300044821;155 601 038;A01;1;0;2;3;16;5;203 744 671;1;1;3;1;2012.0;5;2;-1;-1;22;7;2023;12:40;1;85;85084;2;2;1;3;46.770808;-1.233786;4;2; -1;-1;-1;1; -1;1;0;1;-1;Blessé hospitalisé;5
202300044821;155 601 039;B01;7;0;2;1;1;1;203 744 672;1;1;1;2;1978.0;5;1;-1;-1;22;7;2023;12:40;1;85;85084;2;2;1;3;46.770808;-1.233786;4;2;2;0;4;1; -1;1;0;1;50;Indemne;5
202300044821;155 601 039;B01;7;0;2;1;1;1;203 744 672;1;1;1;2;1978.0;5;1;-1;-1;22;7;2023;12:40;1;85;85084;2;2;1;3;46.770808;-1.233786;4;2; -1;-1;-1;1; -1;1;0;1;-1;Indemne;5
202300044843;155 601 002;B01;1;0;2;1;0;5;203 744 624;1;1;4;1;1966.0;5;8;0;-1;1;10;2023;11:40;1;93;93005;2;1;1;1;48.92384678;2.49376286;4;1;1;0;1;1; -1;1;0;1;50;Blessé léger;6
202300044843;155 601 004;A01;32;0;2;1;0;1;203 744 628;1;1;4;1;1963.0;9;8;0;-1;1;10;2023;11:40;1;93;93005;2;1;1;1;48.92384678;2.49376286;4;1;1;0;1;1; -1;1;0;1;50;Blessé léger;6
202300044847;155 600 996;A01;7;0;0;3;22;0;203 744 612;1;1;4;1;1997.0;0;8;0;-1;1;10;2023;18:40;1;92;92033;2;1;1;3;48.84532;2.19808;3;-1;2;0;2;1; -1;1;0;1;50;Blessé léger;6
202300044847;155 600 997;B01;1;1;0;2;1;5;203 744 614;1;1;4;1;1975.0;0;2;8;-1;1;10;2023;18:40;1;92;92033;2;1;1;3;48.84532;2.19808;3;-1;2;0;2;1; -1;1;0;1;50;Blessé léger;6
202300044868;155 600 954;A01;1;0;0;8;2;5;203 744 552;1;1;3;1;1971.0;1;0;-1;-1;2;10;2023;07:10;3;60;60403;1;1;1;3;49.505844;1.986423;3;2;2;0;1;1;5,5;1;0;1;80;Blessé hospitalisé;0
202300044868;155 600 955;B01;7;0;9;7;2;1;203 744 553;1;1;1;1;1983.0;1;1;-1;-1;2;10;2023;07:10;3;60;60403;1;1;1;3;49.505844;1.986423;3;2;2;0;1;1;5,5;1;0;1;80;Indemne;0
202300044887;155 600 922;A01;1;1;0;1;1;5;203 744 517;1;1;3;1;1945.0;5;9;-1;-1;9;1;2023;15:00;1;56;56244;1;1;2;6;47.85569;-2.45999;3;2;2;0;2;3; -1;2;0;1;80;Blessé hospitalisé;0
202300044890;155 600 917;B01;7;0;2;1;1;1;203 744 512;1;1;1;2;1995.0;1;1;-1;-1;21;7;2023;19:05;1;22;22273;1;2;1;3;48.571091;-2.484997;3;2;2;0;1;3;5,5;1;0;1;80;Indemne;4
202300044890;155 600 917;B01;7;0;2;1;1;1;203 744 512;1;1;1;2;1995.0;1;1;-1;-1;21;7;2023;19:05;1;22;22273;1;2;1;3;48.571091;-2.484997;3;2;2;0;1;1;5,5;1;0;1;80;Indemne;4
202300044890;155 600 920;A01;1;0;0;6;19;5;203 744 515;1;1;3;1;2004.0;5;0;-1;-1;21;7;2023;19:05;1;22;22273;1;2;1;3;48.571091;-2.484997;3;2;2;0;1;3;5,5;1;0;1;80;Blessé hospitalisé;4
202300044890;155 600 920;A01;1;0;0;6;19;5;203 744 515;1;1;3;1;2004.0;5;0;-1;-1;21;7;2023;19:05;1;22;22273;1;2;1;3;48.571091;-2.484997;3;2;2;0;1;1;5,5;1;0;1;80;Blessé hospitalisé;4
202300044915;155 600 873;B01;1;0;2;8;1;5;203 744 454;1;1;3;1;1947.0;5;2;-1;-1;11;1;2023;12:50;1;60;60029;1;9;1;3;49.374532;1.990327;3;2;1;0;1;1; -1;1;5;1;70;Blessé hospitalisé;2
202300044915;155 600 875;A01;7;0;9;1;15;1;203 744 457;1;1;1;2;1950.0;5;1;-1;-1;11;1;2023;12:50;1;60;60029;1;9;1;3;49.374532;1.990327;3;2;1;0;1;1; -1;1;5;1;70;Indemne;2
202300044941;155 600 826;A01;7;0;2;3;1;2;203 744 383;1;1;1;1;1986.0;5;1;-1;-1;1;10;2023;11:00;1;01;01240;1;1;1;1;46.262241;5.552521;3;2;2;0;2;2;5,5;1;0;1;80;Indemne;6
202300044941;155 600 827;B01;1;0;2;1;17;5;203 744 385;1;1;3;1;1992.0;5;2;-1;-1;1;10;2023;11:00;1;01;01240;1;1;1;1;46.262241;5.552521;3;2;2;0;2;2;5,5;1;0;1;80;Blessé hospitalisé;6
202300044974;155 600 765;A01;7;0;2;2;1;1;203 744 305;1;1;1;2;1999.0;2;8;-1;-1;2;10;2023;07:15;1;973;97309;2;3;1;2;4.883732;-52.287106;4;1; -1;-1;1;1; -1;1;0;1;-1;Indemne;0
202300044974;155 600 765;A01;7;0;2;2;1;1;203 744 305;1;1;1;2;1999.0;2;8;-1;-1;2;10;2023;07:15;1;973;97309;2;3;1;2;4.883732;-52.287106;4;2;2;0;1;1; -1;1;9;1;50;Indemne;0
202300044974;155 600 767;B01;1;0;2;4;15;5;203 744 307;1;1;4;1;2009.0;2;0;-1;-1;2;10;2023;07:15;1;973;97309;2;3;1;2;4.883732;-52.287106;4;1; -1;-1;1;1; -1;1;0;1;-1;Blessé léger;0
202300044974;155 600 767;B01;1;0;2;4;15;5;203 744 307;1;1;4;1;2009.0;2;0;-1;-1;2;10;2023;07:15;1;973;97309;2;3;1;2;4.883732;-52.287106;4;2;2;0;1;1; -1;1;9;1;50;Blessé léger;0
202300044993;155 600 719;B01;1;0;2;7;1;5;203 744 248;1;1;3;2;1965.0;1;2;-1;-1;19;7;2023;09:05;1;65;65440;2;6;1;3;43.232834;0.061352;4;2;2;1;1;1; -1;1;5;8;50;Blessé hospitalisé;2
202300044993;155 600 719;B01;1;0;2;7;1;5;203 744 248;1;1;3;2;1965.0;1;2;-1;-1;19;7;2023;09:05;1;65;65440;2;6;1;3;43.232834;0.061352;4;1;1;1;1;2; -1;1;5;1;50;Blessé hospitalisé;2
202300044993;155 600 720;A01;7;0;2;1;9;1;203 744 249;1;1;1;1;1991.0;1;1;-1;-1;19;7;2023;09:05;1;65;65440;2;6;1;3;43.232834;0.061352;4;2;2;1;1;1; -1;1;5;8;50;Indemne;2
202300044993;155 600 720;A01;7;0;2;1;9;1;203 744 249;1;1;1;1;1991.0;1;1;-1;-1;19;7;2023;09:05;1;65;65440;2;6;1;3;43.232834;0.061352;4;1;1;1;1;2; -1;1;5;1;50;Indemne;2
202300044995;155 600 715;A01;1;0;2;1;19;5;203 744 244;1;1;4;1;2003.0;5;8;0;-1;20;7;2023;18:50;1;64;64445;2;1;1;3;43.30943;-0.36394;4;1;2;2;1;1; -1;1;5;1;30;Blessé léger;3
202300044995;155 600 716;B01;7;0;9;6;2;1;203 744 245;1;1;1;1;1984.0;1;1;0;-1;20;7;2023;18:50;1;64;64445;2;1;1;3;43.30943;-0.36394;4;1;2;2;1;1; -1;1;5;1;30;Indemne;3
202300045000;155 600 706;A01;30;0;2;2;17;3;203 744 232;1;1;4;1;2002.0;4;2;0;-1;19;7;2023;19:43;1;49;49007;2;1;1;3;47.46705;-0.55791;4;2;2;0;1;1; -1;1;0;1;30;Blessé léger;2
202300045000;155 600 707;B01;1;0;2;0;1;5;203 744 233;1;1;4;1;1965.0;9;8;0;-1;19;7;2023;19:43;1;49;49007;2;1;1;3;47.46705;-0.55791;4;2;2;0;1;1; -1;1;0;1;30;Blessé léger;2
202300045008;155 600 690;A01;14;0;2;3;16;1;203 744 214;1;1;1;1;1966.0;1;8;-1;-1;20;7;2023;08:22;1;33;33063;2;2;1;3;44.83663;-0.5654;4;1;2;3;2;1; -1;1;9;5;50;Indemne;3
202300045008;155 600 690;A01;14;0;2;3;16;1;203 744 214;1;1;1;1;1966.0;1;8;-1;-1;20;7;2023;08:22;1;33;33063;2;2;1;3;44.83663;-0.5654;4;2;4;0;2;1; -1;1;-1;5;50;Indemne;3
202300045008;155 600 691;B01;1;0;2;1;1;5;203 744 215;1;1;4;2;2000.0;1;2;-1;-1;20;7;2023;08:22;1;33;33063;2;2;1;3;44.83663;-0.5654;4;1;2;3;2;1; -1;1;9;5;50;Blessé léger;3
202300045008;155 600 691;B01;1;0;2;1;1;5;203 744 215;1;1;4;2;2000.0;1;2;-1;-1;20;7;2023;08:22;1;33;33063;2;2;1;3;44.83663;-0.5654;4;2;4;0;2;1; -1;1;-1;5;50;Blessé léger;3
202300045009;155 600 688;A01;15;0;2;7;17;1;203 744 212;1;1;1;1;1981.0;4;1;-1;-1;19;7;2023;23:45;5;33;33063;2;1;1;3;44.838584;-0.62123716;4;2;2;2;1;1; -1;1;0;1;50;Indemne;2
202300045009;155 600 689;B01;1;0;2;3;2;5;203 744 213;1;1;4;1;1987.0;5;2;-1;-1;19;7;2023;23:45;5;33;33063;2;1;1;3;44.838584;-0.62123716;4;2;2;2;1;1; -1;1;0;1;50;Blessé léger;2
202300045010;155 600 686;B01;7;0;2;3;0;1;203 744 209;1;1;1;1;1948.0;5;1;8;-1;20;7;2023;16:15;1;28;28223;2;9;1;3;48.72745;1.39235;3;2;2;0;1;1; -1;1;5;1;50;Indemne;3
202300045010;155 600 686;B01;7;0;2;3;0;1;203 744 210;2;2;1;1;1967.0;5;1;0;-1;20;7;2023;16:15;1;28;28223;2;9;1;3;48.72745;1.39235;3;2;2;0;1;1; -1;1;5;1;50;Indemne;3
202300045010;155 600 687;A01;1;0;2;7;15;5;203 744 211;1;1;4;2;2005.0;1;8;0;-1;20;7;2023;16:15;1;28;28223;2;9;1;3;48.72745;1.39235;3;2;2;0;1;1; -1;1;5;1;50;Blessé léger;3
202300045023;155 600 661;B01;32;4;2;1;1;1;203 744 178;1;1;4;1;1996.0;9;2;6;-1;20;7;2023;17:10;1;75;75120;2;1;1;3;48.872773;2.390828;4;2;3;1;1;1; -1;1;0;1;30;Blessé léger;3
202300045023;155 600 661;B01;32;4;2;1;1;1;203 744 179;2;2;4;1;1987.0;9;2;0;-1;20;7;2023;17:10;1;75;75120;2;1;1;3;48.872773;2.390828;4;2;3;1;1;1; -1;1;0;1;30;Blessé léger;3
202300045023;155 600 662;A01;1;4;2;1;13;5;203 744 180;1;1;4;1;1981.0;9;2;0;-1;20;7;2023;17:10;1;75;75120;2;1;1;3;48.872773;2.390828;4;2;3;1;1;1; -1;1;0;1;30;Blessé léger;3
202300045024;155 600 660;A01;80;0;1;1;1;3;203 744 176;1;1;1;1;1998.0;9;0;-1;-1;20;7;2023;11:15;1;75;75118;2;3;1;6;48.8846;2.34718;4;-1; -1;0;1;1; -1;1;0;1;30;Indemne;3
202300045024;155 600 660;A01;80;0;1;1;1;3;203 744 176;1;1;1;1;1998.0;9;0;-1;-1;20;7;2023;11:15;1;75;75118;2;3;1;6;48.8846;2.34718;4;-1;1;0;1;1; -1;1;0;1;30;Indemne;3
202300045024;155 600 660;A01;80;0;1;1;1;3;203 744 177;10;3;4;1;1957.0;5;0;-1;-1;20;7;2023;11:15;1;75;75118;2;3;1;6;48.8846;2.34718;4;-1; -1;0;1;1; -1;1;0;1;30;Blessé léger;3
202300045024;155 600 660;A01;80;0;1;1;1;3;203 744 177;10;3;4;1;1957.0;5;0;-1;-1;20;7;2023;11:15;1;75;75118;2;3;1;6;48.8846;2.34718;4;-1;1;0;1;1; -1;1;0;1;30;Blessé léger;3
202300045030;155 600 647;B01;60;0;2;8;19;5;203 744 161;1;1;4;1;2008.0;5;8;0;-1;19;7;2023;17:45;1;75;75107;2;3;1;6;48.86256678;2.30996132;4;1; -1;-1;1;1; -1;1;0;1;-1;Blessé léger;2
202300045030;155 600 647;B01;60;0;2;8;19;5;203 744 161;1;1;4;1;2008.0;5;8;0;-1;19;7;2023;17:45;1;75;75107;2;3;1;6;48.86256678;2.30996132;4;1;1;1;1;1; -1;1;0;5;30;Blessé léger;2
202300045030;155 600 648;A01;1;0;2;1;1;5;203 744 162;1;1;4;1;1989.0;5;8;0;-1;19;7;2023;17:45;1;75;75107;2;3;1;6;48.86256678;2.30996132;4;1; -1;-1;1;1; -1;1;0;1;-1;Blessé léger;2
202300045030;155 600 648;A01;1;0;2;1;1;5;203 744 162;1;1;4;1;1989.0;5;8;0;-1;19;7;2023;17:45;1;75;75107;2;3;1;6;48.86256678;2.30996132;4;1;1;1;1;1; -1;1;0;5;30;Blessé léger;2
202300045032;155 600 644;A01;1;0;1;1;1;5;203 744 157;1;1;4;1;1995.0;9;8;0;-1;20;7;2023;15:30;1;75;75111;2;1;1;6;48.865565;2.367089;4;1;1;1;1;1; -1;1;0;1;30;Blessé léger;3
202300045032;155 600 644;A01;1;0;1;1;1;5;203 744 158;10;3;1;1;1990.0;5;0;-1;-1;20;7;2023;15:30;1;75;75111;2;1;1;6;48.865565;2.367089;4;1;1;1;1;1; -1;1;0;1;30;Indemne;3
202300045033;155 600 643;B01;1;0;2;4;1;5;203 744 156;1;1;4;2;1996.0;5;8;0;-1;19;7;2023;20:14;1;75;75109;2;2;1;2;48.873781;2.327024;4;1;3;3;1;1; -1;1;5;1;30;Blessé léger;2
202300045033;155 600 643;B01;1;0;2;4;1;5;203 744 156;1;1;4;2;1996.0;5;8;0;-1;19;7;2023;20:14;1;75;75109;2;2;1;2;48.873781;2.327024;4;2;3;1;1;1; -1;1;0;1;30;Blessé léger;2
202300045034;155 600 640;B01;1;0;2;4;1;5;203 744 153;1;1;3;2;1963.0;1;2;0;-1;20;7;2023;09:00;1;75;75108;2;2;1;2;48.874841;2.319816;4;2;4;1;2;1; -1;1;5;1;30;Blessé hospitalisé;3
202300045034;155 600 640;B01;1;0;2;4;1;5;203 744 153;1;1;3;2;1963.0;1;2;0;-1;20;7;2023;09:00;1;75;75108;2;2;1;2;48.874841;2.319816;4;2;8;1;1;1; -1;1;5;1;30;Blessé hospitalisé;3
202300045034;155 600 641;A01;43;0;2;1;1;1;203 744 154;1;1;1;1;1968.0;1;8;6;-1;20;7;2023;09:00;1;75;75108;2;2;1;2;48.874841;2.319816;4;2;4;1;2;1; -1;1;5;1;30;Indemne;3
202300045034;155 600 641;A01;43;0;2;1;1;1;203 744 154;1;1;1;1;1968.0;1;8;6;-1;20;7;2023;09:00;1;75;75108;2;2;1;2;48.874841;2.319816;4;2;8;1;1;1; -1;1;5;1;30;Indemne;3
202300045035;155 600 638;B01;7;0;2;0;1;1;203 744 151;1;1;1;1;1972.0;4;1;0;-1;20;7;2023;22:30;5;75;75107;2;2;1;3;48.861047;2.313241;4;-1; -1;1;1;1; -1;1;0;1;30;Indemne;3
202300045035;155 600 638;B01;7;0;2;0;1;1;203 744 151;1;1;1;1;1972.0;4;1;0;-1;20;7;2023;22:30;5;75;75107;2;2;1;3;48.861047;2.313241;4;2;12;0;1;1; -1;1;0;1;30;Indemne;3
202300045035;155 600 639;A01;1;0;2;1;1;5;203 744 152;1;1;4;1;1998.0;9;8;0;-1;20;7;2023;22:30;5;75;75107;2;2;1;3;48.861047;2.313241;4;-1; -1;1;1;1; -1;1;0;1;30;Blessé léger;3
202300045035;155 600 639;A01;1;0;2;1;1;5;203 744 152;1;1;4;1;1998.0;9;8;0;-1;20;7;2023;22:30;5;75;75107;2;2;1;3;48.861047;2.313241;4;2;12;0;1;1; -1;1;0;1;30;Blessé léger;3
202300045037;155 600 635;A01;80;0;2;1;1;3;203 744 148;1;1;4;1;1986.0;9;8;0;-1;19;7;2023;17:25;1;75;75107;2;2;1;1;48.862591;2.319018;4;2;4;0;1;1; -1;1;0;1;-1;Blessé léger;2
202300045037;155 600 635;A01;80;0;2;1;1;3;203 744 148;1;1;4;1;1986.0;9;8;0;-1;19;7;2023;17:25;1;75;75107;2;2;1;1;48.862591;2.319018;4;-1;2;0;2;1; -1;1;9;1;30;Blessé léger;2
202300045037;155 600 636;B01;50;0;2;1;1;3;203 744 149;1;1;4;1;1999.0;9;8;0;-1;19;7;2023;17:25;1;75;75107;2;2;1;1;48.862591;2.319018;4;2;4;0;1;1; -1;1;0;1;-1;Blessé léger;2
202300045037;155 600 636;B01;50;0;2;1;1;3;203 744 149;1;1;4;1;1999.0;9;8;0;-1;19;7;2023;17:25;1;75;75107;2;2;1;1;48.862591;2.319018;4;-1;2;0;2;1; -1;1;9;1;30;Blessé léger;2
202300045038;155 600 633;B01;1;0;2;2;15;5;203 744 146;1;1;4;2;1975.0;1;2;8;-1;19;7;2023;11:50;1;75;75107;2;3;1;3;48.855566;2.294032;4;2;2;0;1;1; -1;1;0;1;30;Blessé léger;2
202300045038;155 600 633;B01;1;0;2;2;15;5;203 744 146;1;1;4;2;1975.0;1;2;8;-1;19;7;2023;11:50;1;75;75107;2;3;1;3;48.855566;2.294032;4;1;1;0;1;1; -1;1;0;1;30;Blessé léger;2
202300045038;155 600 634;A01;31;0;2;3;17;3;203 744 147;1;1;4;1;1964.0;1;2;6;-1;19;7;2023;11:50;1;75;75107;2;3;1;3;48.855566;2.294032;4;2;2;0;1;1; -1;1;0;1;30;Blessé léger;2
202300045038;155 600 634;A01;31;0;2;3;17;3;203 744 147;1;1;4;1;1964.0;1;2;6;-1;19;7;2023;11:50;1;75;75107;2;3;1;3;48.855566;2.294032;4;1;1;0;1;1; -1;1;0;1;30;Blessé léger;2
202300045039;155 600 632;A01;1;0;0;0;1;5;203 744 145;1;1;4;1;1959.0;5;2;8;-1;19;7;2023;13:00;1;75;75101;2;4;1;7;48.866369;2.323469;4;1;4;1;1;1; -1;1;0;5;30;Blessé léger;2
202300045039;155 600 632;A01;1;0;0;0;1;5;203 744 145;1;1;4;1;1959.0;5;2;8;-1;19;7;2023;13:00;1;75;75101;2;4;1;7;48.866369;2.323469;4;1;1;2;1;1; -1;1;0;5;30;Blessé léger;2
202300045041;155 600 629;A01;1;0;2;8;19;5;203 744 142;1;1;1;1;2005.0;5;8;0;-1;19;7;2023;20:10;1;94;94076;1;1;1;3;48.793403;2.369154;3;2;4;1;1;1; -1;1;0;1;50;Indemne;2
202300045041;155 600 630;B01;50;0;2;1;1;3;203 744 143;1;1;4;2;2005.0;5;8;0;-1;19;7;2023;20:10;1;94;94076;1;1;1;3;48.793403;2.369154;3;2;4;1;1;1; -1;1;0;1;50;Blessé léger;2
202300045053;155 600 606;A01;7;0;2;0;0;1;203 744 116;1;1;1;1;1982.0;4;1;0;-1;14;6;2023;09:20;1;93;93001;2;9;1;3;48.91322912;2.37415565;3;2;4;1;1;1; -1;1;0;1;30;Indemne;2
202300045053;155 600 607;B01;1;0;2;0;0;5;203 744 117;1;1;4;2;2004.0;0;2;0;-1;14;6;2023;09:20;1;93;93001;2;9;1;3;48.91322912;2.37415565;3;2;4;1;1;1; -1;1;0;1;30;Blessé léger;2
202300045058;155 600 597;A01;7;0;2;3;10;1;203 744 106;1;1;1;1;1985.0;0;1;0;-1;19;6;2023;08:45;1;92;92004;2;1;1;1;48.90997219;2.28446625;4;-1;1;0;1;1; -1;1;0;1;50;Indemne;0
202300045058;155 600 598;B01;1;0;2;1;1;5;203 744 107;1;1;4;1;1985.0;0;2;0;-1;19;6;2023;08:45;1;92;92004;2;1;1;1;48.90997219;2.28446625;4;-1;1;0;1;1; -1;1;0;1;50;Blessé léger;0
202300045077;155 600 570;A01;1;0;0;0;1;5;203 744 071;1;1;3;1;1957.0;5;2;-1;-1;19;6;2023;17:50;1;65;65388;1;1;1;7;42.831439;0.239076;4;2;2;0;2;1; -1;1;0;1;80;Blessé hospitalisé;0
202300045092;155 600 539;A01;1;0;2;2;2;5;203 744 030;1;1;3;1;1974.0;5;2;-1;-1;18;6;2023;12:15;1;04;04046;1;1;1;3;44.023804;6.092219;3;2;2;0;1;2;4;1;0;1;80;Blessé hospitalisé;6
202300045092;155 600 540;B01;1;0;2;3;2;5;203 744 031;1;1;1;2;2004.0;5;2;-1;-1;18;6;2023;12:15;1;04;04046;1;1;1;3;44.023804;6.092219;3;2;2;0;1;2;4;1;0;1;80;Indemne;6
202300045093;155 600 537;A01;21;0;2;7;17;1;203 744 028;1;1;1;1;1977.0;4;0;9;-1;20;6;2023;10:20;1;85;85288;1;1;1;3;46.454925;-1.598013;3;2;2;0;1;1;6;1;0;1;-1;Indemne;1
202300045093;155 600 538;B01;80;0;2;8;1;3;203 744 029;1;1;4;2;1959.0;5;2;-1;-1;20;6;2023;10:20;1;85;85288;1;1;1;3;46.454925;-1.598013;3;2;2;0;1;1;6;1;0;1;-1;Blessé léger;1
202300045097;155 600 531;A01;80;15;0;0;2;3;203 744 022;1;1;3;2;1965.0;5;2;-1;-1;19;6;2023;19:05;1;52;52357;1;1;8;7;48.413498;5.250081;3;2;2;0;2;3;5,5;1;0;3;80;Blessé hospitalisé;0
202300045111;155 600 505;A01;7;0;2;0;10;1;203 743 980;1;1;1;1;1970.0;5;1;-1;-1;18;6;2023;11:50;1;69;69094;1;1;1;7;45.747316;4.648772;3;2;2;0;2;3;4;1;0;1;70;Indemne;6
202300045111;155 600 506;B01;80;15;2;0;1;3;203 743 981;1;1;3;1;1967.0;5;2;6;-1;18;6;2023;11:50;1;69;69094;1;1;1;7;45.747316;4.648772;3;2;2;0;2;3;4;1;0;1;70;Blessé hospitalisé;6
202300045164;155 600 405;A01;1;0;0;0;0;5;203 743 829;1;1;2;1;1955.0;5;2;-1;-1;17;6;2023;12:40;1;06;06119;1;1;1;7;44.293015;6.901646;7;2;2;0;2;1;7;1;0;3;-1;Tué;5
202300045186;155 600 368;A01;7;0;2;1;0;0;203 743 780;1;1;1;1;1948.0;3;1;-1;-1;19;6;2023;14:05;1;70;70310;1;1;1;2;47.694014;6.508713;3;2;2;1;1;3;7;1;0;5;80;Indemne;0
202300045186;155 600 369;B01;80;0;2;4;2;3;203 743 781;1;1;2;2;1968.0;1;0;-1;-1;19;6;2023;14:05;1;70;70310;1;1;1;2;47.694014;6.508713;3;2;2;1;1;3;7;1;0;5;80;Tué;0
202300045189;155 600 364;A01;7;0;2;1;1;1;203 743 773;1;1;1;1;1981.0;3;1;-1;-1;17;6;2023;20:06;1;38;38061;2;1;1;2;45.340525;5.616304;4;2;2;0;2;1; -1;1;0;1;30;Indemne;5
202300045189;155 600 365;B01;1;0;0;4;1;5;203 743 774;1;1;4;1;1974.0;5;2;-1;-1;17;6;2023;20:06;1;38;38061;2;1;1;2;45.340525;5.616304;4;2;2;0;2;1; -1;1;0;1;30;Blessé léger;5
202300045198;155 600 347;A01;7;0;2;3;24;1;203 743 752;1;1;1;1;1970.0;0;1;8;-1;17;6;2023;12:40;1;94;94081;2;1;1;3;48.80402173;2.38487944;4;2;2;0;1;1; -1;1;0;1;50;Indemne;5
202300045198;155 600 348;B01;1;0;2;1;1;5;203 743 753;1;1;4;1;2008.0;0;8;0;-1;17;6;2023;12:40;1;94;94081;2;1;1;3;48.80402173;2.38487944;4;2;2;0;1;1; -1;1;0;1;50;Blessé léger;5
202300045201;155 600 342;Y01;80;0;2;5;5;3;203 743 747;1;1;4;1;1963.0;5;8;8;-1;17;6;2023;22:00;2;93;93073;2;2;1;3;48.94496981;2.58574784;4;1;1;0;1;1; -1;1;0;1;50;Blessé léger;5
202300045201;155 600 342;Y01;80;0;2;5;5;3;203 743 747;1;1;4;1;1963.0;5;8;8;-1;17;6;2023;22:00;2;93;93073;2;2;1;3;48.94496981;2.58574784;4;2;2;0;1;1; -1;1;0;1;50;Blessé léger;5