Num_Acc;id_vehicule;num_veh;catv;obs;obsm;choc;manv;motor;id_usager;place;catu;grav;sexe;an_nais;trajet;secu1;secu2;secu3;jour;mois;an;hrmn;lum;dep;com;agg;int;atm;col;lat;long;catr;circ;nbv;vosp;prof;plan;larrout;surf;infra;situ;vma;gravity;day_of_week
202300045225;155 600 303;B01;7;0;2;3;1;1;203 743 692;1;1;1;2;1974.0;5;1;-1;-1;17;6;2023;15:10;1;65;65428;1;1;1;1;42.971524;-0.153932;3;2;2;0;2;3;4;1;0;1;80;Indemne;5
202300045225;155 600 304;A01;1;0;2;1;13;5;203 743 693;1;1;3;1;1958.0;5;2;-1;-1;17;6;2023;15:10;1;65;65428;1;1;1;1;42.971524;-0.153932;3;2;2;0;2;3;4;1;0;1;80;Blessé hospitalisé;5
202300045243;155 600 274;A01;7;0;2;2;15;1;203 743 652;1;1;1;1;1969.0;5;1;0;-1;9;10;2023;17:20;1;62;62753;2;3;1;3;50.30686;2.802044;3;2;3;1;1;1; -1;1;5;5;50;Indemne;0
202300045243;155 600 274;A01;7;0;2;2;15;1;203 743 652;1;1;1;1;1969.0;5;1;0;-1;9;10;2023;17:20;1;62;62753;2;3;1;3;50.30686;2.802044;3;1;1;0;2;2; -1;1;5;5;50;Indemne;0
202300045243;155 600 275;B01;1;0;2;7;26;5;203 743 653;1;1;4;1;1963.0;5;8;0;-1;9;10;2023;17:20;1;62;62753;2;3;1;3;50.30686;2.802044;3;2;3;1;1;1; -1;1;5;5;50;Blessé léger;0
202300045243;155 600 275;B01;1;0;2;7;26;5;203 743 653;1;1;4;1;1963.0;5;8;0;-1;9;10;2023;17:20;1;62;62753;2;3;1;3;50.30686;2.802044;3;1;1;0;2;2; -1;1;5;5;50;Blessé léger;0
202300045248;155 600 267;A01;7;0;2;2;1;1;203 743 643;1;1;1;2;1987.0;5;1;0;-1;1;11;2023;18:10;5;56;56121;2;1;3;3;47.76164;-3.36633;4;2;2;3;1;1; -1;2;0;1;30;Indemne;2
202300045248;155 600 268;B01;1;0;2;7;19;5;203 743 644;1;1;4;1;1998.0;0;2;0;-1;1;11;2023;18:10;5;56;56121;2;1;3;3;47.76164;-3.36633;4;2;2;3;1;1; -1;2;0;1;30;Blessé léger;2
202300045254;155 600 258;B01;1;0;2;1;26;5;203 743 633;1;1;3;1;2000.0;1;8;0;-1;24;10;2023;09:55;1;38;38185;2;2;3;3;45.18856;5.74455;7;2;2;1;1;1;4;2;0;5;30;Blessé hospitalisé;1
202300045254;155 600 258;B01;1;0;2;1;26;5;203 743 633;1;1;3;1;2000.0;1;8;0;-1;24;10;2023;09:55;1;38;38185;2;2;3;3;45.18856;5.74455;7;2;2;1;1;1;4;2;9;5;30;Blessé hospitalisé;1
202300045254;155 600 259;A01;7;0;2;3;1;1;203 743 634;1;1;1;1;1936.0;0;1;0;-1;24;10;2023;09:55;1;38;38185;2;2;3;3;45.18856;5.74455;7;2;2;1;1;1;4;2;0;5;30;Indemne;1
202300045254;155 600 259;A01;7;0;2;3;1;1;203 743 634;1;1;1;1;1936.0;0;1;0;-1;24;10;2023;09:55;1;38;38185;2;2;3;3;45.18856;5.74455;7;2;2;1;1;1;4;2;9;5;30;Indemne;1
202300045260;155 600 249;A01;7;0;2;1;1;3;203 743 617;1;1;1;1;1983.0;5;1;0;-1;13;5;2023;04:35;5;75;75116;2;1;1;1;48.871768;2.264369;4;2;3;0;1;1; -1;1;0;1;30;Indemne;5
202300045260;155 600 251;B01;80;0;2;3;9;3;203 743 618;1;1;3;1;1996.0;9;8;0;-1;13;5;2023;04:35;5;75;75116;2;1;1;1;48.871768;2.264369;4;2;3;0;1;1; -1;1;0;1;30;Blessé hospitalisé;5
202300045265;155 600 241;B01;1;0;2;1;1;5;203 743 602;1;1;4;1;1981.0;4;8;8;-1;13;5;2023;20:25;2;75;75118;2;1;1;2;48.899545;2.34871;4;-1;2;3;1;1; -1;1;0;1;30;Blessé léger;5
202300045272;155 600 225;A01;7;0;2;4;1;0;203 743 582;1;1;1;1;1985.0;-1;8;0;-1;13;5;2023;10:50;1;75;75110;2;2;1;2;48.871772;2.35715;4;1;1;3;1;1; -1;1;0;1;30;Indemne;5
202300045272;155 600 225;A01;7;0;2;4;1;0;203 743 582;1;1;1;1;1985.0;-1;8;0;-1;13;5;2023;10:50;1;75;75110;2;2;1;2;48.871772;2.35715;4;1;3;3;1;1; -1;1;0;1;30;Indemne;5
202300045272;155 600 226;B01;1;0;2;1;2;5;203 743 583;1;1;4;1;1999.0;9;8;0;-1;13;5;2023;10:50;1;75;75110;2;2;1;2;48.871772;2.35715;4;1;1;3;1;1; -1;1;0;1;30;Blessé léger;5
202300045272;155 600 226;B01;1;0;2;1;2;5;203 743 583;1;1;4;1;1999.0;9;8;0;-1;13;5;2023;10:50;1;75;75110;2;2;1;2;48.871772;2.35715;4;1;3;3;1;1; -1;1;0;1;30;Blessé léger;5
202300045274;155 600 221;A01;50;0;2;1;14;3;203 743 576;1;1;1;1;2003.0;5;8;0;-1;13;5;2023;02:10;5;75;75110;2;3;1;1;48.876538;2.355835;4;1;4;1;2;1; -1;1;0;5;30;Indemne;5
202300045274;155 600 221;A01;50;0;2;1;14;3;203 743 576;1;1;1;1;2003.0;5;8;0;-1;13;5;2023;02:10;5;75;75110;2;3;1;1;48.876538;2.355835;4;-1; -1;1;1;1; -1;1;0;5;30;Indemne;5
202300045274;155 600 221;A01;50;0;2;1;14;3;203 743 577;2;2;1;2;2004.0;5;8;0;-1;13;5;2023;02:10;5;75;75110;2;3;1;1;48.876538;2.355835;4;1;4;1;2;1; -1;1;0;5;30;Indemne;5
202300045274;155 600 221;A01;50;0;2;1;14;3;203 743 577;2;2;1;2;2004.0;5;8;0;-1;13;5;2023;02:10;5;75;75110;2;3;1;1;48.876538;2.355835;4;-1; -1;1;1;1; -1;1;0;5;30;Indemne;5
202300045274;155 600 222;B01;1;0;2;1;13;5;203 743 578;1;1;3;1;1976.0;9;8;0;-1;13;5;2023;02:10;5;75;75110;2;3;1;1;48.876538;2.355835;4;1;4;1;2;1; -1;1;0;5;30;Blessé hospitalisé;5
202300045274;155 600 222;B01;1;0;2;1;13;5;203 743 578;1;1;3;1;1976.0;9;8;0;-1;13;5;2023;02:10;5;75;75110;2;3;1;1;48.876538;2.355835;4;-1; -1;1;1;1; -1;1;0;5;30;Blessé hospitalisé;5
202300045276;155 600 217;B01;7;0;2;1;15;2;203 743 569;1;1;1;1;1992.0;9;1;0;-1;13;5;2023;01:30;5;75;75110;2;2;1;3;48.874812;2.357385;4;2;4;1;1;1; -1;1;0;5;30;Indemne;5
202300045276;155 600 217;B01;7;0;2;1;15;2;203 743 569;1;1;1;1;1992.0;9;1;0;-1;13;5;2023;01:30;5;75;75110;2;2;1;3;48.874812;2.357385;4;1;4;1;1;1; -1;1;0;5;30;Indemne;5
202300045276;155 600 218;A01;80;0;2;7;1;3;203 743 570;1;1;4;1;2000.0;1;8;0;-1;13;5;2023;01:30;5;75;75110;2;2;1;3;48.874812;2.357385;4;2;4;1;1;1; -1;1;0;5;30;Blessé léger;5
202300045276;155 600 218;A01;80;0;2;7;1;3;203 743 570;1;1;4;1;2000.0;1;8;0;-1;13;5;2023;01:30;5;75;75110;2;2;1;3;48.874812;2.357385;4;1;4;1;1;1; -1;1;0;5;30;Blessé léger;5
202300045278;155 600 214;B01;80;0;1;1;1;3;203 743 566;1;1;4;2;1998.0;9;2;0;-1;13;5;2023;04:35;5;75;75108;2;2;1;6;48.872355;2.299483;4;2;2;1;1;1; -1;1;0;5;50;Blessé léger;5
202300045278;155 600 214;B01;80;0;1;1;1;3;203 743 566;1;1;4;2;1998.0;9;2;0;-1;13;5;2023;04:35;5;75;75108;2;2;1;6;48.872355;2.299483;4;-1; -1;1;1;1; -1;1;0;1;50;Blessé léger;5
202300045282;155 600 208;A01;1;0;2;1;2;5;203 743 557;1;1;4;2;1995.0;1;8;8;-1;13;5;2023;16:40;1;75;75103;2;3;1;2;48.867027;2.363344;4;2;5;1;1;1; -1;1;0;1;30;Blessé léger;5
202300045282;155 600 208;A01;1;0;2;1;2;5;203 743 557;1;1;4;2;1995.0;1;8;8;-1;13;5;2023;16:40;1;75;75103;2;3;1;2;48.867027;2.363344;4;2;4;0;1;1; -1;1;0;1;30;Blessé léger;5
202300045282;155 600 209;B01;10;0;0;4;1;1;203 743 558;1;1;1;1;1996.0;1;1;0;-1;13;5;2023;16:40;1;75;75103;2;3;1;2;48.867027;2.363344;4;2;5;1;1;1; -1;1;0;1;30;Indemne;5
202300045282;155 600 209;B01;10;0;0;4;1;1;203 743 558;1;1;1;1;1996.0;1;1;0;-1;13;5;2023;16:40;1;75;75103;2;3;1;2;48.867027;2.363344;4;2;4;0;1;1; -1;1;0;1;30;Indemne;5
202300045284;155 600 205;A01;80;14;0;3;13;3;203 743 552;1;1;4;2;1945.0;5;8;0;-1;13;5;2023;14:00;1;75;75104;2;3;1;6;48.855241;2.361148;4;2;0;1;1;1; -1;1;0;1;30;Blessé léger;5
202300045284;155 600 205;A01;80;14;0;3;13;3;203 743 552;1;1;4;2;1945.0;5;8;0;-1;13;5;2023;14:00;1;75;75104;2;3;1;6;48.855241;2.361148;4;1;0;0;1;1; -1;1;0;1;30;Blessé léger;5
202300045286;155 600 203;A01;80;12;0;1;14;3;203 743 550;1;1;4;1;2000.0;9;8;0;-1;13;5;2023;10:00;1;75;75102;2;2;1;6;48.869126;2.351567;4;-1; -1;1;1;1; -1;1;0;1;30;Blessé léger;5
202300045286;155 600 203;A01;80;12;0;1;14;3;203 743 550;1;1;4;1;2000.0;9;8;0;-1;13;5;2023;10:00;1;75;75102;2;2;1;6;48.869126;2.351567;4;-1;1;1;1;1; -1;1;0;1;30;Blessé léger;5
202300045287;155 600 198;C01;1;0;2;8;19;5;203 743 544;1;1;2;1;1944.0;5;8;0;-1;1;11;2023;13:54;1;06;06088;2;1;1;4;43.6753812;7.2277833;7;3;6;0;1;1; -1;1;0;1;50;Tué;2
202300045287;155 600 200;A01;7;0;2;1;1;1;203 743 546;1;1;4;1;1998.0;5;1;0;-1;1;11;2023;13:54;1;06;06088;2;1;1;4;43.6753812;7.2277833;7;3;6;0;1;1; -1;1;0;1;50;Blessé léger;2
202300045287;155 600 201;B01;7;0;2;1;1;1;203 743 548;1;1;1;1;1991.0;5;1;0;-1;1;11;2023;13:54;1;06;06088;2;1;1;4;43.6753812;7.2277833;7;3;6;0;1;1; -1;1;0;1;50;Indemne;2
202300045294;155 600 188;A01;10;0;2;2;22;1;203 743 530;1;1;1;1;1971.0;3;1;0;-1;13;5;2023;08:20;1;93;93027;2;3;1;3;48.9243;2.38436;3;2;2;0;1;1;5;1;0;1;30;Indemne;5
202300045294;155 600 188;A01;10;0;2;2;22;1;203 743 530;1;1;1;1;1971.0;3;1;0;-1;13;5;2023;08:20;1;93;93027;2;3;1;3;48.9243;2.38436;3;2;2;0;1;1;5;1;0;1;30;Indemne;5
202300045294;155 600 188;A01;10;0;2;2;22;1;203 743 531;2;2;1;1;1999.0;3;1;0;-1;13;5;2023;08:20;1;93;93027;2;3;1;3;48.9243;2.38436;3;2;2;0;1;1;5;1;0;1;30;Indemne;5
202300045294;155 600 188;A01;10;0;2;2;22;1;203 743 531;2;2;1;1;1999.0;3;1;0;-1;13;5;2023;08:20;1;93;93027;2;3;1;3;48.9243;2.38436;3;2;2;0;1;1;5;1;0;1;30;Indemne;5
202300045294;155 600 189;B01;1;0;2;3;1;5;203 743 532;1;1;4;2;1978.0;0;8;0;-1;13;5;2023;08:20;1;93;93027;2;3;1;3;48.9243;2.38436;3;2;2;0;1;1;5;1;0;1;30;Blessé léger;5
202300045294;155 600 189;B01;1;0;2;3;1;5;203 743 532;1;1;4;2;1978.0;0;8;0;-1;13;5;2023;08:20;1;93;93027;2;3;1;3;48.9243;2.38436;3;2;2;0;1;1;5;1;0;1;30;Blessé léger;5
202300045299;155 600 179;A01;1;0;2;3;0;5;203 743 522;1;1;4;1;2001.0;1;8;0;-1;13;5;2023;18:05;1;92;92051;2;3;1;3;48.887549;2.278483;3;2;5;3;1;1; -1;1;0;1;50;Blessé léger;5
202300045299;155 600 179;A01;1;0;2;3;0;5;203 743 522;1;1;4;1;2001.0;1;8;0;-1;13;5;2023;18:05;1;92;92051;2;3;1;3;48.887549;2.278483;3;2;3;1;1;1; -1;1;0;1;50;Blessé léger;5
202300045299;155 600 181;Z01;0;0;2;2;12;0;203 743 524;1;1;1;1;1985.0;1;8;0;-1;13;5;2023;18:05;1;92;92051;2;3;1;3;48.887549;2.278483;3;2;5;3;1;1; -1;1;0;1;50;Indemne;5
202300045299;155 600 181;Z01;0;0;2;2;12;0;203 743 524;1;1;1;1;1985.0;1;8;0;-1;13;5;2023;18:05;1;92;92051;2;3;1;3;48.887549;2.278483;3;2;3;1;1;1; -1;1;0;1;50;Indemne;5
202300045309;155 600 162;B01;1;0;2;1;1;5;203 743 496;1;1;4;1;1994.0;1;2;0;-1;2;11;2023;14:05;1;75;75102;2;2;1;1;48.8669;2.344186;4;1;1;0;1;1; -1;1;0;1;30;Blessé léger;3
202300045309;155 600 162;B01;1;0;2;1;1;5;203 743 496;1;1;4;1;1994.0;1;2;0;-1;2;11;2023;14:05;1;75;75102;2;2;1;1;48.8669;2.344186;4;2;1;0;1;1; -1;1;6;1;30;Blessé léger;3
202300045311;155 600 157;A01;7;0;2;2;16;1;203 743 490;1;1;1;2;1981.0;9;1;8;-1;2;11;2023;09:44;1;75;75104;2;3;2;3;48.85873;2.348357;4;1;5;0;1;1; -1;2;0;1;30;Indemne;3
202300045311;155 600 157;A01;7;0;2;2;16;1;203 743 490;1;1;1;2;1981.0;9;1;8;-1;2;11;2023;09:44;1;75;75104;2;3;2;3;48.85873;2.348357;4;1;1;0;1;1; -1;2;0;1;30;Indemne;3
202300045311;155 600 159;B01;1;0;2;0;1;5;203 743 492;1;1;4;1;1997.0;1;8;0;-1;2;11;2023;09:44;1;75;75104;2;3;2;3;48.85873;2.348357;4;1;5;0;1;1; -1;2;0;1;30;Blessé léger;3
202300045311;155 600 159;B01;1;0;2;0;1;5;203 743 492;1;1;4;1;1997.0;1;8;0;-1;2;11;2023;09:44;1;75;75104;2;3;2;3;48.85873;2.348357;4;1;1;0;1;1; -1;2;0;1;30;Blessé léger;3
202300045321;155 600 141;A01;7;0;2;4;4;1;203 743 467;1;1;1;1;1995.0;0;1;0;-1;2;11;2023;20:55;5;93;93029;2;1;2;2;48.92079121;2.45329372;3;2;2;0;1;1; -1;2;0;1;50;Indemne;3
202300045321;155 600 142;B01;1;0;2;1;1;5;203 743 468;1;1;4;1;1998.0;0;8;0;-1;2;11;2023;20:55;5;93;93029;2;1;2;2;48.92079121;2.45329372;3;2;2;0;1;1; -1;2;0;1;50;Blessé léger;3
202300045332;155 600 123;A01;1;0;2;1;1;5;203 743 440;1;1;3;1;1943.0;5;9;-1;-1;3;11;2023;15:45;1;76;76624;2;1;1;6;49.8799;1.20857;4;-1;2;0;1;1; -1;1;0;1;50;Blessé hospitalisé;4
202300045332;155 600 124;B01;7;0;9;5;1;1;203 743 441;1;1;1;1;1963.0;3;1;-1;-1;3;11;2023;15:45;1;76;76624;2;1;1;6;49.8799;1.20857;4;-1;2;0;1;1; -1;1;0;1;50;Indemne;4
202300045336;155 600 117;A01;7;0;0;3;1;1;203 743 432;1;1;1;2;1972.0;5;1;-1;-1;14;5;2023;14:52;1;71;71580;2;3;1;3;46.659996;5.24507;4;2;2;0;1;1; -1;1;0;1;50;Indemne;6
202300045336;155 600 117;A01;7;0;0;3;1;1;203 743 432;1;1;1;2;1972.0;5;1;-1;-1;14;5;2023;14:52;1;71;71580;2;3;1;3;46.659996;5.24507;4;2;2;0;2;1; -1;1;0;8;50;Indemne;6
202300045336;155 600 119;B01;1;0;0;2;16;5;203 743 434;1;1;3;1;2013.0;5;2;-1;-1;14;5;2023;14:52;1;71;71580;2;3;1;3;46.659996;5.24507;4;2;2;0;1;1; -1;1;0;1;50;Blessé hospitalisé;6
202300045336;155 600 119;B01;1;0;0;2;16;5;203 743 434;1;1;3;1;2013.0;5;2;-1;-1;14;5;2023;14:52;1;71;71580;2;3;1;3;46.659996;5.24507;4;2;2;0;2;1; -1;1;0;8;50;Blessé hospitalisé;6
202300045358;155 600 075;B01;1;0;2;3;2;5;203 743 368;1;1;4;2;1994.0;5;0;-1;-1;13;5;2023;14:40;1;02;02807;1;1;1;5;49.643944;3.208269;3;2;2;0;1;1;7;1;0;1;80;Blessé léger;5
202300045358;155 600 077;A01;7;0;9;2;2;1;203 743 371;1;1;1;1;1934.0;3;0;-1;-1;13;5;2023;14:40;1;02;02807;1;1;1;5;49.643944;3.208269;3;2;2;0;1;1;7;1;0;1;80;Indemne;5
202300045358;155 600 078;C01;1;0;2;3;2;5;203 743 374;1;1;1;1;1996.0;5;0;-1;-1;13;5;2023;14:40;1;02;02807;1;1;1;5;49.643944;3.208269;3;2;2;0;1;1;7;1;0;1;80;Indemne;5
202300045363;155 600 063;A01;7;0;2;2;2;1;203 743 346;1;1;1;1;1938.0;3;1;-1;-1;2;11;2023;17:40;3;70;70575;1;1;9;2;47.336103;6.016098;3;2;2;2;1;1;7;2;0;1;80;Indemne;3
202300045363;155 600 065;B01;1;5;0;4;2;5;203 743 348;1;1;4;1;1981.0;1;4;-1;-1;2;11;2023;17:40;3;70;70575;1;1;9;2;47.336103;6.016098;3;2;2;2;1;1;7;2;0;1;80;Blessé léger;3
202300045373;155 600 042;B01;7;0;2;2;1;1;203 743 321;1;1;1;2;1954.0;5;1;-1;-1;14;5;2023;09:45;1;36;36069;1;1;5;3;47.06384338;1.39408357;3;2;2;0;1;1;5,5;2;0;1;80;Indemne;6
202300045373;155 600 043;A01;1;0;2;8;10;5;203 743 322;1;1;3;1;1948.0;5;0;-1;-1;14;5;2023;09:45;1;36;36069;1;1;5;3;47.06384338;1.39408357;3;2;2;0;1;1;5,5;2;0;1;80;Blessé hospitalisé;6
202300045400;155 599 995;A01;1;0;0;0;1;5;203 743 259;1;1;2;1;1961.0;5;2;6;-1;31;10;2023;15:15;1;57;57031;2;1;1;7;49.091131;6.264696;4;2;2;0;1;1; -1;1;0;3;50;Tué;1
202300045442;155 599 910;A01;7;0;2;1;16;1;203 743 142;1;1;1;2;1986.0;0;1;0;-1;12;5;2023;19:20;3;973;97302;2;6;1;1;4.93707509;-52.32599562;3;1;1;0;2;3; -1;1;0;1;50;Indemne;4
202300045442;155 599 910;A01;7;0;2;1;16;1;203 743 142;1;1;1;2;1986.0;0;1;0;-1;12;5;2023;19:20;3;973;97302;2;6;1;1;4.93707509;-52.32599562;3;1;1;0;2;3; -1;9;0;1;50;Indemne;4
202300045442;155 599 913;B01;1;0;2;8;1;5;203 743 146;1;1;4;1;1991.0;3;8;0;-1;12;5;2023;19:20;3;973;97302;2;6;1;1;4.93707509;-52.32599562;3;1;1;0;2;3; -1;1;0;1;50;Blessé léger;4
202300045442;155 599 913;B01;1;0;2;8;1;5;203 743 146;1;1;4;1;1991.0;3;8;0;-1;12;5;2023;19:20;3;973;97302;2;6;1;1;4.93707509;-52.32599562;3;1;1;0;2;3; -1;9;0;1;50;Blessé léger;4
202300045465;155 599 866;A01;7;0;9;3;1;1;203 743 085;1;1;1;2;1996.0;0;1;0;-1;12;5;2023;12:15;1;78;78146;2;2;2;3;48.902494;2.151808;4;2;2;0;1;1; -1;2;0;1;50;Indemne;4
202300045465;155 599 866;A01;7;0;9;3;1;1;203 743 085;1;1;1;2;1996.0;0;1;0;-1;12;5;2023;12:15;1;78;78146;2;2;2;3;48.902494;2.151808;4;2;2;0;1;1; -1;2;0;1;50;Indemne;4
202300045465;155 599 868;B01;80;0;2;7;1;3;203 743 087;1;1;4;1;2003.0;0;8;0;-1;12;5;2023;12:15;1;78;78146;2;2;2;3;48.902494;2.151808;4;2;2;0;1;1; -1;2;0;1;50;Blessé léger;4
202300045465;155 599 868;B01;80;0;2;7;1;3;203 743 087;1;1;4;1;2003.0;0;8;0;-1;12;5;2023;12:15;1;78;78146;2;2;2;3;48.902494;2.151808;4;2;2;0;1;1; -1;2;0;1;50;Blessé léger;4
202300045478;155 599 846;A01;1;3;0;0;1;5;203 743 055;1;1;3;1;1964.0;0;8;0;-1;11;5;2023;16:00;1;72;72181;2;9;1;6;48.01871;0.17328;4;4;2;1;1;1; -1;1;9;5;50;Blessé hospitalisé;3
202300045496;155 599 820;A01;80;14;2;1;2;3;203 743 013;1;1;4;1;1996.0;5;8;0;-1;1;11;2023;02:00;5;75;75105;2;3;1;2;48.842501;2.338189;4;2;4;1;1;1; -1;1;0;1;30;Blessé léger;2
202300045496;155 599 820;A01;80;14;2;1;2;3;203 743 013;1;1;4;1;1996.0;5;8;0;-1;1;11;2023;02:00;5;75;75105;2;3;1;2;48.842501;2.338189;4;-1; -1;0;1;1; -1;1;0;1;30;Blessé léger;2
202300045496;155 599 822;B01;7;0;2;5;23;2;203 743 015;1;1;1;1;1991.0;9;1;0;-1;1;11;2023;02:00;5;75;75105;2;3;1;2;48.842501;2.338189;4;2;4;1;1;1; -1;1;0;1;30;Indemne;2
202300045496;155 599 822;B01;7;0;2;5;23;2;203 743 015;1;1;1;1;1991.0;9;1;0;-1;1;11;2023;02:00;5;75;75105;2;3;1;2;48.842501;2.338189;4;-1; -1;0;1;1; -1;1;0;1;30;Indemne;2
202300045510;155 599 800;B01;1;0;2;1;2;5;203 742 980;1;1;4;1;1991.0;5;2;0;-1;11;5;2023;21:20;2;50;50129;2;2;1;3;49.63815;-1.62515;4;2;2;0;1;1; -1;1;0;1;50;Blessé léger;3
202300045510;155 599 800;B01;1;0;2;1;2;5;203 742 980;1;1;4;1;1991.0;5;2;0;-1;11;5;2023;21:20;2;50;50129;2;2;1;3;49.63815;-1.62515;4;2;2;0;1;1; -1;1;0;1;50;Blessé léger;3
202300045510;155 599 801;A01;7;0;2;1;15;1;203 742 981;1;1;1;2;2000.0;5;1;-1;-1;11;5;2023;21:20;2;50;50129;2;2;1;3;49.63815;-1.62515;4;2;2;0;1;1; -1;1;0;1;50;Indemne;3
202300045510;155 599 801;A01;7;0;2;1;15;1;203 742 981;1;1;1;2;2000.0;5;1;-1;-1;11;5;2023;21:20;2;50;50129;2;2;1;3;49.63815;-1.62515;4;2;2;0;1;1; -1;1;0;1;50;Indemne;3
202300045511;155 599 798;B01;1;0;2;4;13;5;203 742 978;1;1;4;1;2007.0;0;8;0;-1;1;11;2023;21:30;5;94;94058;2;1;2;2;48.83029;2.513138;4;1;1;0;1;1; -1;2;0;1;30;Blessé léger;2
202300045511;155 599 799;A01;32;0;2;1;17;1;203 742 979;1;1;1;1;1996.0;0;2;6;-1;1;11;2023;21:30;5;94;94058;2;1;2;2;48.83029;2.513138;4;1;1;0;1;1; -1;2;0;1;30;Indemne;2
202300045526;155 599 771;A01;1;0;2;1;2;5;203 742 944;1;1;4;1;2005.0;2;0;-1;-1;12;5;2023;16:00;1;33;33009;2;3;1;2;44.65506;-1.15879;4;2;2;0;1;1; -1;1;0;1;50;Blessé léger;4
202300045526;155 599 771;A01;1;0;2;1;2;5;203 742 944;1;1;4;1;2005.0;2;0;-1;-1;12;5;2023;16:00;1;33;33009;2;3;1;2;44.65506;-1.15879;4;2;2;0;1;1; -1;1;0;1;50;Blessé léger;4
202300045526;155 599 772;B01;37;0;2;5;16;1;203 742 945;1;1;1;2;1980.0;4;1;-1;-1;12;5;2023;16:00;1;33;33009;2;3;1;2;44.65506;-1.15879;4;2;2;0;1;1; -1;1;0;1;50;Indemne;4
202300045526;155 599 772;B01;37;0;2;5;16;1;203 742 945;1;1;1;2;1980.0;4;1;-1;-1;12;5;2023;16:00;1;33;33009;2;3;1;2;44.65506;-1.15879;4;2;2;0;1;1; -1;1;0;1;50;Indemne;4
202300045539;155 599 750;A01;1;0;2;6;0;5;203 742 915;1;1;4;1;1998.0;0;8;0;-1;31;10;2023;18:45;5;92;92051;1;9;2;3;48.89658479;2.27276623;3;1;4;0;1;1; -1;2;8;1;50;Blessé léger;1
202300045539;155 599 752;B01;14;9;0;7;1;1;203 742 918;1;1;1;1;1968.0;1;1;0;0;31;10;2023;18:45;5;92;92051;1;9;2;3;48.89658479;2.27276623;3;1;4;0;1;1; -1;2;8;1;50;Indemne;1
202300045561;155 599 708;B01;1;0;2;7;1;5;203 742 853;1;1;3;1;1968.0;5;2;6;-1;1;11;2023;11:25;1;11;11418;1;2;1;3;43.235339;2.035925;3;2;2;0;1;1;4;1;5;1;80;Blessé hospitalisé;2
202300045561;155 599 708;B01;1;0;2;7;1;5;203 742 853;1;1;3;1;1968.0;5;2;6;-1;1;11;2023;11:25;1;11;11418;1;2;1;3;43.235339;2.035925;3;2;2;-1;1;1; -1;1;0;1;-1;Blessé hospitalisé;2
202300045561;155 599 709;A01;7;0;2;3;1;1;203 742 854;1;1;1;1;1944.0;5;1;-1;-1;1;11;2023;11:25;1;11;11418;1;2;1;3;43.235339;2.035925;3;2;2;0;1;1;4;1;5;1;80;Indemne;2
202300045561;155 599 709;A01;7;0;2;3;1;1;203 742 854;1;1;1;1;1944.0;5;1;-1;-1;1;11;2023;11:25;1;11;11418;1;2;1;3;43.235339;2.035925;3;2;2;-1;1;1; -1;1;0;1;-1;Indemne;2
202300045574;155 599 688;A01;7;0;2;3;20;1;203 742 828;1;1;1;1;1990.0;0;1;0;-1;5;4;2023;14:00;1;02;02243;2;1;1;6;49.4006;3.36579;4;2;1;0;1;1; -1;1;0;1;30;Indemne;2
202300045574;155 599 689;B01;1;0;2;7;1;5;203 742 831;1;1;4;1;2000.0;5;8;0;-1;5;4;2023;14:00;1;02;02243;2;1;1;6;49.4006;3.36579;4;2;1;0;1;1; -1;1;0;1;30;Blessé léger;2
202300045581;155 599 673;A01;7;0;2;1;0;1;203 742 812;1;1;1;2;1941.0;3;1;-1;-1;13;10;2023;18:00;2;52;52250;2;1;1;2;48.447045;5.155367;3;2;2;0;1;1;5,5;1;0;1;50;Indemne;4
202300045581;155 599 676;B01;1;0;2;4;0;5;203 742 814;1;1;4;1;1974.0;3;8;-1;-1;13;10;2023;18:00;2;52;52250;2;1;1;2;48.447045;5.155367;3;2;2;0;1;1;5,5;1;0;1;50;Blessé léger;4
202300045602;155 599 641;A01;10;0;2;2;1;1;203 742 771;1;1;1;1;1993.0;4;1;0;-1;10;5;2023;15:35;1;75;75114;2;7;1;3;48.821912;2.325454;4;3;6;0;1;1; -1;1;0;1;50;Indemne;2
202300045602;155 599 641;A01;10;0;2;2;1;1;203 742 771;1;1;1;1;1993.0;4;1;0;-1;10;5;2023;15:35;1;75;75114;2;7;1;3;48.821912;2.325454;4;2; -1;0;1;1; -1;1;0;1;30;Indemne;2
202300045602;155 599 642;B01;1;0;2;1;1;5;203 742 774;1;1;4;1;1982.0;9;8;0;-1;10;5;2023;15:35;1;75;75114;2;7;1;3;48.821912;2.325454;4;3;6;0;1;1; -1;1;0;1;50;Blessé léger;2
202300045602;155 599 642;B01;1;0;2;1;1;5;203 742 774;1;1;4;1;1982.0;9;8;0;-1;10;5;2023;15:35;1;75;75114;2;7;1;3;48.821912;2.325454;4;2; -1;0;1;1; -1;1;0;1;30;Blessé léger;2
202300045604;155 599 636;A01;7;0;2;6;15;2;203 742 765;1;1;1;1;1967.0;4;1;0;-1;11;5;2023;23:25;5;75;75113;2;2;1;3;48.826418;2.341792;4;1;2;0;1;1; -1;1;0;1;30;Indemne;3