Num_Acc;id_vehicule;num_veh;catv;obs;obsm;choc;manv;motor;id_usager;place;catu;grav;sexe;an_nais;trajet;secu1;secu2;secu3;jour;mois;an;hrmn;lum;dep;com;agg;int;atm;col;lat;long;catr;circ;nbv;vosp;prof;plan;larrout;surf;infra;situ;vma;gravity;day_of_week
202300045604;155 599 636;A01;7;0;2;6;15;2;203 742 765;1;1;1;1;1967.0;4;1;0;-1;11;5;2023;23:25;5;75;75113;2;2;1;3;48.826418;2.341792;4;2;4;0;4;1; -1;1;0;1;30;Indemne;3
202300045604;155 599 636;A01;7;0;2;6;15;2;203 742 766;4;2;1;1;1974.0;1;1;0;-1;11;5;2023;23:25;5;75;75113;2;2;1;3;48.826418;2.341792;4;1;2;0;1;1; -1;1;0;1;30;Indemne;3
202300045604;155 599 636;A01;7;0;2;6;15;2;203 742 766;4;2;1;1;1974.0;1;1;0;-1;11;5;2023;23:25;5;75;75113;2;2;1;3;48.826418;2.341792;4;2;4;0;4;1; -1;1;0;1;30;Indemne;3
202300045604;155 599 637;B01;1;0;2;1;1;5;203 742 768;1;1;4;1;1989.0;5;2;0;-1;11;5;2023;23:25;5;75;75113;2;2;1;3;48.826418;2.341792;4;1;2;0;1;1; -1;1;0;1;30;Blessé léger;3
202300045604;155 599 637;B01;1;0;2;1;1;5;203 742 768;1;1;4;1;1989.0;5;2;0;-1;11;5;2023;23:25;5;75;75113;2;2;1;3;48.826418;2.341792;4;2;4;0;4;1; -1;1;0;1;30;Blessé léger;3
202300045610;155 599 625;A01;7;0;2;1;26;1;203 742 749;1;1;1;2;1977.0;9;1;8;-1;12;5;2023;08:00;1;94;94052;2;5;1;3;48.83554;2.47382;3;2;4;0;1;1; -1;1;5;1;50;Indemne;4
202300045610;155 599 625;A01;7;0;2;1;26;1;203 742 749;1;1;1;2;1977.0;9;1;8;-1;12;5;2023;08:00;1;94;94052;2;5;1;3;48.83554;2.47382;3;2;4;0;1;1; -1;1;5;1;50;Indemne;4
202300045610;155 599 628;B01;1;0;2;8;26;5;203 742 752;1;1;4;2;1996.0;1;2;8;-1;12;5;2023;08:00;1;94;94052;2;5;1;3;48.83554;2.47382;3;2;4;0;1;1; -1;1;5;1;50;Blessé léger;4
202300045610;155 599 628;B01;1;0;2;8;26;5;203 742 752;1;1;4;2;1996.0;1;2;8;-1;12;5;2023;08:00;1;94;94052;2;5;1;3;48.83554;2.47382;3;2;4;0;1;1; -1;1;5;1;50;Blessé léger;4
202300045611;155 599 623;A01;7;0;2;7;12;1;203 742 747;1;1;1;1;1947.0;5;8;-1;-1;5;4;2023;17:10;1;56;56130;1;6;1;3;47.73928;-3.226118;3;2;2;0;1;3;7;1;5;1;80;Indemne;2
202300045611;155 599 624;B01;80;0;2;1;1;3;203 742 748;1;1;3;2;1949.0;3;2;-1;-1;5;4;2023;17:10;1;56;56130;1;6;1;3;47.73928;-3.226118;3;2;2;0;1;3;7;1;5;1;80;Blessé hospitalisé;2
202300045612;155 599 621;A01;1;0;2;1;5;5;203 742 745;1;1;4;2;1983.0;1;8;0;-1;11;5;2023;06:40;2;94;94041;2;2;1;1;48.81578;2.38304;3;2;2;0;1;1;7;1;0;1;50;Blessé léger;3
202300045612;155 599 621;A01;1;0;2;1;5;5;203 742 745;1;1;4;2;1983.0;1;8;0;-1;11;5;2023;06:40;2;94;94041;2;2;1;1;48.81578;2.38304;3;1;1;2;1;1; -1;1;0;1;50;Blessé léger;3
202300045612;155 599 622;B01;10;0;2;1;1;1;203 742 746;1;1;1;1;1995.0;1;1;0;-1;11;5;2023;06:40;2;94;94041;2;2;1;1;48.81578;2.38304;3;2;2;0;1;1;7;1;0;1;50;Indemne;3
202300045612;155 599 622;B01;10;0;2;1;1;1;203 742 746;1;1;1;1;1995.0;1;1;0;-1;11;5;2023;06:40;2;94;94041;2;2;1;1;48.81578;2.38304;3;1;1;2;1;1; -1;1;0;1;50;Indemne;3
202300045613;155 599 620;A01;1;0;0;0;23;5;203 742 744;1;1;2;1;1965.0;5;2;-1;-1;3;4;2023;17:55;1;59;59135;2;1;1;7;50.802315;2.477045;3;2;2;0;3;1; -1;1;0;8;50;Tué;0
202300045615;155 599 617;B01;7;0;2;2;1;1;203 742 741;1;1;1;1;1962.0;1;1;0;-1;11;5;2023;18:25;1;94;94038;2;1;1;3;48.78147121;2.34248391;3;1;1;1;1;1; -1;1;0;1;50;Indemne;3
202300045615;155 599 619;A01;1;0;2;1;15;5;203 742 743;1;1;2;1;1931.0;5;8;0;-1;11;5;2023;18:25;1;94;94038;2;1;1;3;48.78147121;2.34248391;3;1;1;1;1;1; -1;1;0;1;50;Tué;3
202300045627;155 599 600;A01;1;0;2;1;1;5;203 742 717;1;1;4;1;1994.0;5;8;0;-1;11;5;2023;20:09;1;93;93050;2;3;1;2;48.87353;2.52967;3;1;1;-1;1;1; -1;1;0;1;-1;Blessé léger;3
202300045627;155 599 600;A01;1;0;2;1;1;5;203 742 717;1;1;4;1;1994.0;5;8;0;-1;11;5;2023;20:09;1;93;93050;2;3;1;2;48.87353;2.52967;3;2;3;0;1;1; -1;1;0;1;50;Blessé léger;3
202300045627;155 599 601;B01;10;0;2;4;1;1;203 742 718;1;1;1;1;1980.0;9;1;0;-1;11;5;2023;20:09;1;93;93050;2;3;1;2;48.87353;2.52967;3;1;1;-1;1;1; -1;1;0;1;-1;Indemne;3
202300045627;155 599 601;B01;10;0;2;4;1;1;203 742 718;1;1;1;1;1980.0;9;1;0;-1;11;5;2023;20:09;1;93;93050;2;3;1;2;48.87353;2.52967;3;2;3;0;1;1; -1;1;0;1;50;Indemne;3
202300045655;155 599 554;A01;80;0;2;2;16;3;203 742 656;1;1;4;1;2001.0;5;2;6;-1;20;2;2023;15:42;1;75;75108;2;7;1;3;48.873847;2.295945;4;2; -1;-1;1;1; -1;1;0;1;-1;Blessé léger;0
202300045655;155 599 554;A01;80;0;2;2;16;3;203 742 656;1;1;4;1;2001.0;5;2;6;-1;20;2;2023;15:42;1;75;75108;2;7;1;3;48.873847;2.295945;4;-1; -1;0;1;1; -1;1;0;1;30;Blessé léger;0
202300045669;155 599 527;B01;1;0;2;7;1;5;203 742 622;1;1;3;1;1964.0;5;2;-1;-1;30;8;2023;19:05;1;14;14396;1;6;1;3;49.13422371;-0.41271022;3;2;1;0;2;1;4;1;5;1;80;Blessé hospitalisé;2
202300045669;155 599 527;B01;1;0;2;7;1;5;203 742 622;1;1;3;1;1964.0;5;2;-1;-1;30;8;2023;19:05;1;14;14396;1;6;1;3;49.13422371;-0.41271022;3;2;1;0;2;1;4;1;5;1;80;Blessé hospitalisé;2
202300045669;155 599 531;A01;7;0;2;3;1;1;203 742 625;2;2;1;2;1947.0;5;1;-1;-1;30;8;2023;19:05;1;14;14396;1;6;1;3;49.13422371;-0.41271022;3;2;1;0;2;1;4;1;5;1;80;Indemne;2
202300045669;155 599 531;A01;7;0;2;3;1;1;203 742 625;2;2;1;2;1947.0;5;1;-1;-1;30;8;2023;19:05;1;14;14396;1;6;1;3;49.13422371;-0.41271022;3;2;1;0;2;1;4;1;5;1;80;Indemne;2
202300045669;155 599 531;A01;7;0;2;3;1;1;203 742 626;1;1;1;1;1947.0;5;1;-1;-1;30;8;2023;19:05;1;14;14396;1;6;1;3;49.13422371;-0.41271022;3;2;1;0;2;1;4;1;5;1;80;Indemne;2
202300045669;155 599 531;A01;7;0;2;3;1;1;203 742 626;1;1;1;1;1947.0;5;1;-1;-1;30;8;2023;19:05;1;14;14396;1;6;1;3;49.13422371;-0.41271022;3;2;1;0;2;1;4;1;5;1;80;Indemne;2
202300045672;155 599 523;A01;1;0;2;7;0;5;203 742 617;1;1;4;1;1976.0;0;2;-1;-1;31;8;2023;17:45;1;09;09324;2;1;7;1;43.051438;1.644114;4;2;2;0;1;3; -1;1;0;1;50;Blessé léger;3
202300045672;155 599 525;B01;7;0;2;3;0;1;203 742 619;1;1;1;1;1971.0;4;1;-1;-1;31;8;2023;17:45;1;09;09324;2;1;7;1;43.051438;1.644114;4;2;2;0;1;3; -1;1;0;1;50;Indemne;3
202300045675;155 599 519;B01;7;0;9;8;1;1;203 742 614;1;1;1;2;1984.0;1;1;-1;-1;20;3;2023;08:45;1;54;54111;2;3;1;3;48.62357665;6.08421564;4;2;2;0;2;4; -1;1;0;1;50;Indemne;0
202300045675;155 599 519;B01;7;0;9;8;1;1;203 742 614;1;1;1;2;1984.0;1;1;-1;-1;20;3;2023;08:45;1;54;54111;2;3;1;3;48.62357665;6.08421564;4;2; -1;0;2;1; -1;1;0;1;50;Indemne;0
202300045675;155 599 522;A01;80;0;2;1;1;3;203 742 616;1;1;3;1;1963.0;1;2;-1;-1;20;3;2023;08:45;1;54;54111;2;3;1;3;48.62357665;6.08421564;4;2;2;0;2;4; -1;1;0;1;50;Blessé hospitalisé;0
202300045675;155 599 522;A01;80;0;2;1;1;3;203 742 616;1;1;3;1;1963.0;1;2;-1;-1;20;3;2023;08:45;1;54;54111;2;3;1;3;48.62357665;6.08421564;4;2; -1;0;2;1; -1;1;0;1;50;Blessé hospitalisé;0
202300045702;155 599 474;B01;1;0;2;4;1;5;203 742 552;1;1;4;1;1958.0;5;2;-1;-1;6;4;2023;12:25;1;85;85097;1;6;2;2;46.951639;-1.07931;3;2;2;0;1;2;6;2;0;1;80;Blessé léger;3
202300045702;155 599 475;A01;7;0;9;1;2;1;203 742 553;1;1;1;2;1966.0;9;1;-1;-1;6;4;2023;12:25;1;85;85097;1;6;2;2;46.951639;-1.07931;3;2;2;0;1;2;6;2;0;1;80;Indemne;3
202300045714;155 599 452;A01;1;0;2;1;1;5;203 742 523;1;1;4;1;2002.0;0;0;-1;-1;31;8;2023;17:40;1;976;97615;2;2;7;3;-12.796323;45.281181;4;2; -1;-1;1;1; -1;1;0;1;-1;Blessé léger;3
202300045714;155 599 452;A01;1;0;2;1;1;5;203 742 523;1;1;4;1;2002.0;0;0;-1;-1;31;8;2023;17:40;1;976;97615;2;2;7;3;-12.796323;45.281181;4;2;2;0;1;1; -1;1;0;1;50;Blessé léger;3
202300045714;155 599 453;B01;7;0;2;3;1;1;203 742 524;1;1;1;1;1982.0;0;1;-1;-1;31;8;2023;17:40;1;976;97615;2;2;7;3;-12.796323;45.281181;4;2; -1;-1;1;1; -1;1;0;1;-1;Indemne;3
202300045714;155 599 453;B01;7;0;2;3;1;1;203 742 524;1;1;1;1;1982.0;0;1;-1;-1;31;8;2023;17:40;1;976;97615;2;2;7;3;-12.796323;45.281181;4;2;2;0;1;1; -1;1;0;1;50;Indemne;3
202300045715;155 599 449;A01;1;0;2;1;1;5;203 742 520;1;1;4;1;1992.0;1;4;-1;-1;21;2;2023;06:49;2;95;95352;1;1;5;3;49.10841517;2.43684193;3;2;2;0;2;2; -1;1;0;1;70;Blessé léger;1
202300045724;155 599 430;A01;1;1;0;1;1;5;203 742 490;1;1;3;1;1956.0;5;2;-1;-1;18;2;2023;12:00;1;11;11293;1;1;1;2;43.110571;2.267915;3;3;4;0;1;1; -1;1;0;3;110;Blessé hospitalisé;5
202300045724;155 599 431;B01;7;0;0;4;23;0;203 742 492;1;1;1;2;1959.0;5;1;-1;-1;18;2;2023;12:00;1;11;11293;1;1;1;2;43.110571;2.267915;3;3;4;0;1;1; -1;1;0;3;110;Indemne;5
202300045740;155 599 402;B01;1;0;2;1;5;5;203 742 459;1;1;4;1;1973.0;5;2;8;-1;6;12;2023;09:15;1;75;75112;2;1;1;3;48.841973;2.395998;4;1;1;2;1;1; -1;1;0;5;30;Blessé léger;2
202300045740;155 599 404;A01;7;0;2;3;9;2;203 742 461;1;1;1;1;1972.0;5;1;8;-1;6;12;2023;09:15;1;75;75112;2;1;1;3;48.841973;2.395998;4;1;1;2;1;1; -1;1;0;5;30;Indemne;2
202300045748;155 599 386;A01;1;12;0;1;16;5;203 742 437;1;1;4;1;1948.0;5;2;8;-1;5;12;2023;15:10;1;75;75101;2;3;2;6;48.864393;2.330116;4;1;2;1;1;1; -1;2;0;1;30;Blessé léger;1
202300045748;155 599 386;A01;1;12;0;1;16;5;203 742 437;1;1;4;1;1948.0;5;2;8;-1;5;12;2023;15:10;1;75;75101;2;3;2;6;48.864393;2.330116;4;1;1;0;1;1; -1;2;0;1;30;Blessé léger;1
202300045766;155 599 358;A01;1;0;0;0;1;5;203 742 397;1;1;2;1;1946.0;5;0;-1;-1;21;2;2023;16:40;1;58;58051;2;1;1;7;46.955381;3.148828;3;2;2;0;2;1; -1;1;0;3;80;Tué;1
202300045786;155 599 318;A01;7;0;2;1;1;1;203 742 349;1;1;1;1;1984.0;4;1;-1;-1;15;2;2023;17:30;1;31;31161;1;1;7;2;43.47709;1.511849;3;2;2;0;4;1; -1;1;0;1;80;Indemne;2
202300045786;155 599 320;B01;1;0;2;4;1;5;203 742 351;1;1;3;1;1994.0;5;2;-1;-1;15;2;2023;17:30;1;31;31161;1;1;7;2;43.47709;1.511849;3;2;2;0;4;1; -1;1;0;1;80;Blessé hospitalisé;2
202300045789;155 599 315;B01;1;0;2;3;1;5;203 742 345;1;1;4;2;1968.0;0;8;0;-1;6;12;2023;08:50;2;93;93048;2;2;1;3;48.86478;2.45323;4;2;2;0;1;1; -1;1;0;1;50;Blessé léger;2
202300045789;155 599 315;B01;1;0;2;3;1;5;203 742 345;1;1;4;2;1968.0;0;8;0;-1;6;12;2023;08:50;2;93;93048;2;2;1;3;48.86478;2.45323;4;2;2;0;1;1; -1;1;0;1;50;Blessé léger;2
202300045789;155 599 316;A01;99;0;2;1;0;-1;203 742 347;1;1;1;1;1964.0;9;1;0;-1;6;12;2023;08:50;2;93;93048;2;2;1;3;48.86478;2.45323;4;2;2;0;1;1; -1;1;0;1;50;Indemne;2
202300045789;155 599 316;A01;99;0;2;1;0;-1;203 742 347;1;1;1;1;1964.0;9;1;0;-1;6;12;2023;08:50;2;93;93048;2;2;1;3;48.86478;2.45323;4;2;2;0;1;1; -1;1;0;1;50;Indemne;2
202300045802;155 599 291;B01;1;0;2;4;2;5;203 742 313;1;1;4;1;1959.0;3;0;-1;-1;15;2;2023;15:00;1;72;72154;2;6;1;2;47.70401708;-0.09088397;4;-1;1;0;1;2; -1;1;5;1;50;Blessé léger;2
202300045802;155 599 294;A01;7;0;9;2;2;0;203 742 318;1;1;1;1;1995.0;5;1;-1;-1;15;2;2023;15:00;1;72;72154;2;6;1;2;47.70401708;-0.09088397;4;-1;1;0;1;2; -1;1;5;1;50;Indemne;2
202300045807;155 599 283;A01;7;0;9;3;15;1;203 742 302;1;1;1;2;1993.0;5;1;-1;-1;1;6;2023;17:25;1;74;74042;2;1;1;3;46.072959;6.399563;3;2;2;0;1;1;7;1;0;1;50;Indemne;3
202300045807;155 599 285;B01;1;0;2;2;17;5;203 742 304;1;1;4;1;1976.0;5;2;-1;-1;1;6;2023;17:25;1;74;74042;2;1;1;3;46.072959;6.399563;3;2;2;0;1;1;7;1;0;1;50;Blessé léger;3
202300045811;155 599 276;A01;7;0;9;2;3;-1;203 742 293;1;1;1;2;1996.0;5;1;-1;-1;1;6;2023;11:38;1;74;74220;2;1;1;1;46.15926;6.242369;3;2;2;0;2;4;4,5;1;0;1;70;Indemne;3
202300045811;155 599 278;B01;1;0;2;1;3;5;203 742 295;1;1;3;1;1981.0;5;2;9;-1;1;6;2023;11:38;1;74;74220;2;1;1;1;46.15926;6.242369;3;2;2;0;2;4;4,5;1;0;1;70;Blessé hospitalisé;3
202300045812;155 599 273;A01;7;0;2;3;1;1;203 742 290;1;1;1;1;1972.0;5;1;-1;-1;20;2;2023;20:45;3;59;59388;2;1;1;3;50.55226546;2.87128508;4;2;2;0;1;1;4;1;0;1;50;Indemne;0
202300045812;155 599 275;B01;1;0;2;3;0;5;203 742 292;1;1;4;1;1952.0;5;0;-1;-1;20;2;2023;20:45;3;59;59388;2;1;1;3;50.55226546;2.87128508;4;2;2;0;1;1;4;1;0;1;50;Blessé léger;0
202300045817;155 599 262;A01;7;0;9;7;15;1;203 742 277;1;1;1;1;1947.0;0;1;-1;-1;21;4;2023;09:18;1;74;74123;2;2;1;1;45.750136;6.28834;4;2;2;0;1;1;4;1;0;1;-1;Indemne;4
202300045817;155 599 262;A01;7;0;9;7;15;1;203 742 277;1;1;1;1;1947.0;0;1;-1;-1;21;4;2023;09:18;1;74;74123;2;2;1;1;45.750136;6.28834;4;2; -1;-1;1;1; -1;1;0;1;-1;Indemne;4
202300045817;155 599 265;B01;1;0;2;1;1;5;203 742 280;1;1;4;1;2011.0;9;0;-1;-1;21;4;2023;09:18;1;74;74123;2;2;1;1;45.750136;6.28834;4;2;2;0;1;1;4;1;0;1;-1;Blessé léger;4
202300045817;155 599 265;B01;1;0;2;1;1;5;203 742 280;1;1;4;1;2011.0;9;0;-1;-1;21;4;2023;09:18;1;74;74123;2;2;1;1;45.750136;6.28834;4;2; -1;-1;1;1; -1;1;0;1;-1;Blessé léger;4
202300045832;155 599 230;A01;1;0;2;1;19;5;203 742 233;1;1;4;1;1987.0;5;2;-1;-1;6;12;2023;06:33;1;974;97415;1;6;1;2;-20.95987625;55.29380277;2;1;2;3;2;3; -1;1;0;1;70;Blessé léger;2
202300045832;155 599 233;B01;7;0;9;6;1;0;203 742 236;1;1;1;1;1971.0;0;1;-1;-1;6;12;2023;06:33;1;974;97415;1;6;1;2;-20.95987625;55.29380277;2;1;2;3;2;3; -1;1;0;1;70;Indemne;2
202300045844;155 599 205;B01;1;0;2;1;1;5;203 742 205;1;1;3;1;1982.0;0;2;-1;-1;4;4;2023;18:25;1;69;69266;2;3;1;3;45.76958;4.87881;4;2;2;2;1;1; -1;1;0;5;50;Blessé hospitalisé;1
202300045844;155 599 205;B01;1;0;2;1;1;5;203 742 205;1;1;3;1;1982.0;0;2;-1;-1;4;4;2023;18:25;1;69;69266;2;3;1;3;45.76958;4.87881;4;1;1;2;1;1; -1;1;0;5;50;Blessé hospitalisé;1
202300045844;155 599 210;A01;7;0;2;7;15;1;203 742 213;1;1;1;2;1979.0;0;1;-1;-1;4;4;2023;18:25;1;69;69266;2;3;1;3;45.76958;4.87881;4;2;2;2;1;1; -1;1;0;5;50;Indemne;1
202300045844;155 599 210;A01;7;0;2;7;15;1;203 742 213;1;1;1;2;1979.0;0;1;-1;-1;4;4;2023;18:25;1;69;69266;2;3;1;3;45.76958;4.87881;4;1;1;2;1;1; -1;1;0;5;50;Indemne;1
202300045854;155 599 188;A01;7;0;2;5;1;1;203 742 182;1;1;1;2;1967.0;1;1;-1;-1;28;8;2023;17:10;1;69;69034;2;1;1;2;45.78828749;4.82751088;4;1;1;0;2;3; -1;1;0;1;30;Indemne;0
202300045854;155 599 190;B01;80;0;2;7;2;3;203 742 184;1;1;3;1;1967.0;1;2;-1;-1;28;8;2023;17:10;1;69;69034;2;1;1;2;45.78828749;4.82751088;4;1;1;0;2;3; -1;1;0;1;30;Blessé hospitalisé;0
202300045863;155 599 174;B01;1;0;2;0;0;5;203 742 156;1;1;3;1;1959.0;5;8;0;-1;3;4;2023;18:40;1;62;62400;2;2;1;3;50.473245;2.579103;3;-1;2;3;1;1; -1;1;0;6;50;Blessé hospitalisé;0
202300045863;155 599 174;B01;1;0;2;0;0;5;203 742 156;1;1;3;1;1959.0;5;8;0;-1;3;4;2023;18:40;1;62;62400;2;2;1;3;50.473245;2.579103;3;2;2;0;1;1; -1;1;0;1;50;Blessé hospitalisé;0
202300045863;155 599 177;A01;7;0;2;1;17;1;203 742 163;1;1;1;1;1973.0;5;1;0;-1;3;4;2023;18:40;1;62;62400;2;2;1;3;50.473245;2.579103;3;-1;2;3;1;1; -1;1;0;6;50;Indemne;0
202300045863;155 599 177;A01;7;0;2;1;17;1;203 742 163;1;1;1;1;1973.0;5;1;0;-1;3;4;2023;18:40;1;62;62400;2;2;1;3;50.473245;2.579103;3;2;2;0;1;1; -1;1;0;1;50;Indemne;0
202300045871;155 599 158;A01;7;0;2;7;16;1;203 742 112;1;1;1;2;1987.0;5;1;8;-1;4;4;2023;16:10;1;56;56121;2;1;1;3;47.75908;-3.3915;4;2;2;1;2;1; -1;1;0;5;30;Indemne;1
202300045871;155 599 161;B01;80;0;2;1;1;3;203 742 118;1;1;4;2;1983.0;5;8;0;-1;4;4;2023;16:10;1;56;56121;2;1;1;3;47.75908;-3.3915;4;2;2;1;2;1; -1;1;0;5;30;Blessé léger;1
202300045883;155 599 138;A01;7;0;2;3;22;1;203 742 084;1;1;1;1;1972.0;5;8;0;-1;4;4;2023;13:40;1;54;54483;2;1;1;3;48.63002;6.30431;4;2;2;0;1;1; -1;1;0;1;30;Indemne;1
202300045883;155 599 139;B01;1;1;0;1;1;5;203 742 085;1;1;3;1;1962.0;5;2;0;-1;4;4;2023;13:40;1;54;54483;2;1;1;3;48.63002;6.30431;4;2;2;0;1;1; -1;1;0;1;30;Blessé hospitalisé;1
202300045884;155 599 136;B01;1;0;2;1;11;0;203 742 082;1;1;4;1;1996.0;0;2;-1;-1;19;2;2023;15:00;1;69;69199;2;9;1;1;45.70946;4.85522;4;2;2;0;1;1; -1;1;9;1;50;Blessé léger;6
202300045884;155 599 137;A01;7;0;2;3;26;1;203 742 083;1;1;1;1;1967.0;3;1;-1;-1;19;2;2023;15:00;1;69;69199;2;9;1;1;45.70946;4.85522;4;2;2;0;1;1; -1;1;9;1;50;Indemne;6
202300045886;155 599 133;A01;10;0;2;7;16;1;203 742 078;1;1;1;1;1995.0;1;1;-1;-1;25;8;2023;07:40;1;83;83129;2;6;1;3;43.095544;5.848305;3;2;2;0;1;2; -1;1;5;1;50;Indemne;4
202300045886;155 599 133;A01;10;0;2;7;16;1;203 742 078;1;1;1;1;1995.0;1;1;-1;-1;25;8;2023;07:40;1;83;83129;2;6;1;3;43.095544;5.848305;3;3;0;0;1;1; -1;1;0;1;50;Indemne;4
202300045886;155 599 135;B01;80;0;2;3;1;3;203 742 081;1;1;4;1;1982.0;1;2;8;-1;25;8;2023;07:40;1;83;83129;2;6;1;3;43.095544;5.848305;3;2;2;0;1;2; -1;1;5;1;50;Blessé léger;4
202300045886;155 599 135;B01;80;0;2;3;1;3;203 742 081;1;1;4;1;1982.0;1;2;8;-1;25;8;2023;07:40;1;83;83129;2;6;1;3;43.095544;5.848305;3;3;0;0;1;1; -1;1;0;1;50;Blessé léger;4
202300045889;155 599 129;A01;7;0;2;1;16;1;203 742 073;1;1;1;1;1963.0;1;8;0;-1;4;4;2023;04:55;5;53;53034;2;3;1;3;48.0768;-0.71868;4;2;2;1;1;1; -1;1;0;5;50;Indemne;1
202300045889;155 599 129;A01;7;0;2;1;16;1;203 742 073;1;1;1;1;1963.0;1;8;0;-1;4;4;2023;04:55;5;53;53034;2;3;1;3;48.0768;-0.71868;4;2;2;0;1;1; -1;1;0;5;50;Indemne;1
202300045889;155 599 131;B01;1;0;2;7;1;5;203 742 076;1;1;3;1;1986.0;1;8;4;-1;4;4;2023;04:55;5;53;53034;2;3;1;3;48.0768;-0.71868;4;2;2;1;1;1; -1;1;0;5;50;Blessé hospitalisé;1
202300045889;155 599 131;B01;1;0;2;7;1;5;203 742 076;1;1;3;1;1986.0;1;8;4;-1;4;4;2023;04:55;5;53;53034;2;3;1;3;48.0768;-0.71868;4;2;2;0;1;1; -1;1;0;5;50;Blessé hospitalisé;1
202300045901;155 599 109;B01;1;0;0;0;19;5;203 742 046;1;1;4;1;2008.0;2;8;-1;-1;4;4;2023;13:30;1;51;51454;2;9;1;1;49.24265;4.03754;4;1;1;0;1;1; -1;1;0;8;50;Blessé léger;1
202300045901;155 599 110;A01;7;0;9;1;0;1;203 742 047;1;1;1;1;1972.0;0;1;-1;-1;4;4;2023;13:30;1;51;51454;2;9;1;1;49.24265;4.03754;4;1;1;0;1;1; -1;1;0;8;50;Indemne;1
202300045902;155 599 105;B01;1;0;2;7;0;5;203 742 041;1;1;4;1;1992.0;5;2;6;-1;19;2;2023;15:55;1;35;35238;2;6;1;3;48.13401;-1.6943;4;2;2;2;1;1; -1;1;0;1;50;Blessé léger;6
202300045902;155 599 108;A01;7;0;2;3;1;1;203 742 044;1;1;1;1;2002.0;5;1;-1;-1;19;2;2023;15:55;1;35;35238;2;6;1;3;48.13401;-1.6943;4;2;2;2;1;1; -1;1;0;1;50;Indemne;6
202300045902;155 599 108;A01;7;0;2;3;1;1;203 742 045;2;2;1;1;1998.0;5;1;-1;-1;19;2;2023;15:55;1;35;35238;2;6;1;3;48.13401;-1.6943;4;2;2;2;1;1; -1;1;0;1;50;Indemne;6
202300045903;155 599 104;A01;7;0;2;2;16;1;203 742 040;1;1;1;2;1962.0;0;1;8;-1;29;8;2023;16:30;1;67;67482;2;3;8;3;48.59599;7.70789;7;2;3;2;1;1; -1;1;0;1;50;Indemne;1
202300045903;155 599 104;A01;7;0;2;2;16;1;203 742 040;1;1;1;2;1962.0;0;1;8;-1;29;8;2023;16:30;1;67;67482;2;3;8;3;48.59599;7.70789;7;2;5;2;1;1; -1;1;0;1;50;Indemne;1
202300045903;155 599 107;B01;1;0;2;3;1;5;203 742 043;1;1;4;2;1983.0;0;8;8;-1;29;8;2023;16:30;1;67;67482;2;3;8;3;48.59599;7.70789;7;2;3;2;1;1; -1;1;0;1;50;Blessé léger;1
202300045903;155 599 107;B01;1;0;2;3;1;5;203 742 043;1;1;4;2;1983.0;0;8;8;-1;29;8;2023;16:30;1;67;67482;2;3;8;3;48.59599;7.70789;7;2;5;2;1;1; -1;1;0;1;50;Blessé léger;1
202300045919;155 599 079;B01;1;0;2;0;26;5;203 742 001;1;1;3;2;1973.0;5;2;0;-1;15;8;2023;18:10;1;62;62041;2;1;1;2;50.29619;2.77037;4;2;3;0;1;1; -1;1;0;1;30;Blessé hospitalisé;1
202300045919;155 599 082;A01;10;0;2;0;0;1;203 742 004;1;1;1;2;1998.0;5;1;8;-1;15;8;2023;18:10;1;62;62041;2;1;1;2;50.29619;2.77037;4;2;3;0;1;1; -1;1;0;1;30;Indemne;1
202300045922;155 599 076;B01;80;0;2;1;1;3;203 741 997;1;1;3;1;1958.0;3;2;0;-1;4;4;2023;15:50;1;45;45232;2;6;1;1;47.85664;1.89504;3;1;1;1;1;3; -1;1;0;5;30;Blessé hospitalisé;1
202300045922;155 599 078;A01;50;0;2;1;5;3;203 741 999;1;1;1;2;2007.0;2;8;0;-1;4;4;2023;15:50;1;45;45232;2;6;1;1;47.85664;1.89504;3;1;1;1;1;3; -1;1;0;5;30;Indemne;1
202300045922;155 599 078;A01;50;0;2;1;5;3;203 742 000;2;2;1;2;2007.0;2;8;0;-1;4;4;2023;15:50;1;45;45232;2;6;1;1;47.85664;1.89504;3;1;1;1;1;3; -1;1;0;5;30;Indemne;1
202300045932;155 599 057;A01;10;0;9;1;15;1;203 741 971;1;1;1;1;1993.0;4;1;0;-1;29;8;2023;17:00;1;54;54498;2;2;1;3;48.71378375;6.25075936;4;2;2;0;1;1; -1;1;0;1;50;Indemne;1
202300045932;155 599 057;A01;10;0;9;1;15;1;203 741 971;1;1;1;1;1993.0;4;1;0;-1;29;8;2023;17:00;1;54;54498;2;2;1;3;48.71378375;6.25075936;4;2;2;2;1;1; -1;1;-1;1;50;Indemne;1
202300045932;155 599 061;B01;1;0;2;1;1;5;203 741 975;1;1;4;2;1962.0;0;2;0;-1;29;8;2023;17:00;1;54;54498;2;2;1;3;48.71378375;6.25075936;4;2;2;0;1;1; -1;1;0;1;50;Blessé léger;1
202300045932;155 599 061;B01;1;0;2;1;1;5;203 741 975;1;1;4;2;1962.0;0;2;0;-1;29;8;2023;17:00;1;54;54498;2;2;1;3;48.71378375;6.25075936;4;2;2;2;1;1; -1;1;-1;1;50;Blessé léger;1