Num_Acc;id_vehicule;num_veh;catv;obs;obsm;choc;manv;motor;id_usager;place;catu;grav;sexe;an_nais;trajet;secu1;secu2;secu3;jour;mois;an;hrmn;lum;dep;com;agg;int;atm;col;lat;long;catr;circ;nbv;vosp;prof;plan;larrout;surf;infra;situ;vma;gravity;day_of_week
202300045939;155 599 045;A01;7;0;2;7;1;1;203 741 954;1;1;1;1;1976.0;1;1;0;-1;29;8;2023;17:20;1;49;49328;2;1;1;3;47.24205;-0.07946;3;-1;2;1;1;1; -1;1;0;1;50;Indemne;1
202300045939;155 599 047;B01;1;0;2;8;15;5;203 741 956;1;1;3;1;1952.0;5;8;0;-1;29;8;2023;17:20;1;49;49328;2;1;1;3;47.24205;-0.07946;3;-1;2;1;1;1; -1;1;0;1;50;Blessé hospitalisé;1
202300045943;155 599 038;A01;1;0;2;1;1;5;203 741 945;1;1;4;2;1992.0;1;8;0;-1;4;4;2023;07:40;1;37;37122;2;2;1;1;47.35372;0.66953;4;1;1;0;1;2; -1;1;0;1;50;Blessé léger;1
202300045943;155 599 038;A01;1;0;2;1;1;5;203 741 945;1;1;4;2;1992.0;1;8;0;-1;4;4;2023;07:40;1;37;37122;2;2;1;1;47.35372;0.66953;4;2;2;0;1;2; -1;1;0;1;50;Blessé léger;1
202300045943;155 599 043;B01;7;0;2;1;9;1;203 741 950;1;1;1;2;1975.0;1;1;0;-1;4;4;2023;07:40;1;37;37122;2;2;1;1;47.35372;0.66953;4;1;1;0;1;2; -1;1;0;1;50;Indemne;1
202300045943;155 599 043;B01;7;0;2;1;9;1;203 741 950;1;1;1;2;1975.0;1;1;0;-1;4;4;2023;07:40;1;37;37122;2;2;1;1;47.35372;0.66953;4;2;2;0;1;2; -1;1;0;1;50;Indemne;1
202300045947;155 599 031;B01;1;0;2;7;1;5;203 741 937;1;1;4;2;1992.0;1;8;-1;-1;4;4;2023;09:15;1;35;35238;2;6;1;3;48.09139;-1.65868;4;3;2;2;1;1; -1;1;0;1;50;Blessé léger;1
202300045947;155 599 031;B01;1;0;2;7;1;5;203 741 937;1;1;4;2;1992.0;1;8;-1;-1;4;4;2023;09:15;1;35;35238;2;6;1;3;48.09139;-1.65868;4;2;2;2;1;1; -1;1;0;1;50;Blessé léger;1
202300045947;155 599 035;A01;7;0;2;1;9;1;203 741 940;1;1;1;1;1990.0;1;1;-1;-1;4;4;2023;09:15;1;35;35238;2;6;1;3;48.09139;-1.65868;4;3;2;2;1;1; -1;1;0;1;50;Indemne;1
202300045947;155 599 035;A01;7;0;2;1;9;1;203 741 940;1;1;1;1;1990.0;1;1;-1;-1;4;4;2023;09:15;1;35;35238;2;6;1;3;48.09139;-1.65868;4;2;2;2;1;1; -1;1;0;1;50;Indemne;1
202300045949;155 599 025;A01;1;0;2;1;5;5;203 741 930;1;1;4;1;1970.0;0;2;0;-1;29;8;2023;12:20;1;47;47001;2;2;1;3;44.19911;0.6363;3;2;2;1;1;1; -1;1;0;1;50;Blessé léger;1
202300045949;155 599 025;A01;1;0;2;1;5;5;203 741 930;1;1;4;1;1970.0;0;2;0;-1;29;8;2023;12:20;1;47;47001;2;2;1;3;44.19911;0.6363;3;2;2;0;1;1; -1;1;0;1;50;Blessé léger;1
202300045949;155 599 029;B01;7;8;2;7;1;1;203 741 935;1;1;1;2;1963.0;0;1;0;-1;29;8;2023;12:20;1;47;47001;2;2;1;3;44.19911;0.6363;3;2;2;1;1;1; -1;1;0;1;50;Indemne;1
202300045949;155 599 029;B01;7;8;2;7;1;1;203 741 935;1;1;1;2;1963.0;0;1;0;-1;29;8;2023;12:20;1;47;47001;2;2;1;3;44.19911;0.6363;3;2;2;0;1;1; -1;1;0;1;50;Indemne;1
202300045955;155 599 016;A01;7;0;2;1;9;1;203 741 919;1;1;1;1;1977.0;1;1;-1;-1;4;4;2023;07:55;1;35;35278;2;6;1;3;48.15047852;-1.68479472;4;2;2;2;1;2; -1;1;0;1;50;Indemne;1
202300045955;155 599 018;B01;80;0;2;4;1;3;203 741 922;1;1;4;1;1978.0;1;2;-1;-1;4;4;2023;07:55;1;35;35278;2;6;1;3;48.15047852;-1.68479472;4;2;2;2;1;2; -1;1;0;1;50;Blessé léger;1
202300045957;155 599 013;A01;10;0;2;5;1;1;203 741 917;1;1;1;1;1996.0;4;1;8;-1;28;8;2023;17:15;1;37;37261;2;1;1;3;47.38837;0.6768;4;2;4;2;1;1; -1;2;0;1;50;Indemne;0
202300045957;155 599 014;B01;1;0;2;3;19;5;203 741 918;1;1;4;1;2009.0;2;2;0;0;28;8;2023;17:15;1;37;37261;2;1;1;3;47.38837;0.6768;4;2;4;2;1;1; -1;2;0;1;50;Blessé léger;0
202300045967;155 598 992;A01;1;0;2;1;15;5;203 741 896;1;1;3;1;1950.0;5;2;-1;-1;6;12;2023;15:00;1;14;14431;2;4;1;3;49.065208;-0.102345;3;2;2;0;2;3;4;1;0;1;50;Blessé hospitalisé;2
202300045967;155 598 992;A01;1;0;2;1;15;5;203 741 896;1;1;3;1;1950.0;5;2;-1;-1;6;12;2023;15:00;1;14;14431;2;4;1;3;49.065208;-0.102345;3;2;2;0;1;1;4;1;0;1;50;Blessé hospitalisé;2
202300045967;155 598 996;B01;1;0;2;1;1;5;203 741 899;1;1;1;1;1948.0;5;2;-1;-1;6;12;2023;15:00;1;14;14431;2;4;1;3;49.065208;-0.102345;3;2;2;0;2;3;4;1;0;1;50;Indemne;2
202300045967;155 598 996;B01;1;0;2;1;1;5;203 741 899;1;1;1;1;1948.0;5;2;-1;-1;6;12;2023;15:00;1;14;14431;2;4;1;3;49.065208;-0.102345;3;2;2;0;1;1;4;1;0;1;50;Indemne;2
202300045970;155 598 987;A01;7;0;9;2;26;1;203 741 886;1;1;1;1;2002.0;5;1;0;-1;29;8;2023;16:10;1;31;31555;2;1;1;3;43.56974;1.46726;4;2;2;0;1;1; -1;1;0;1;50;Indemne;1
202300045970;155 598 988;B01;1;0;2;8;1;5;203 741 888;1;1;4;2;2003.0;5;8;0;-1;29;8;2023;16:10;1;31;31555;2;1;1;3;43.56974;1.46726;4;2;2;0;1;1; -1;1;0;1;50;Blessé léger;1
202300045970;155 598 988;B01;1;0;2;8;1;5;203 741 889;2;2;4;2;2002.0;0;8;0;-1;29;8;2023;16:10;1;31;31555;2;1;1;3;43.56974;1.46726;4;2;2;0;1;1; -1;1;0;1;50;Blessé léger;1
202300045976;155 598 977;B01;1;0;2;1;1;5;203 741 873;1;1;4;1;1992.0;5;2;4;-1;28;8;2023;14:20;1;29;29019;2;6;1;3;48.41333302;-4.50823009;4;3;2;0;1;1; -1;1;0;5;50;Blessé léger;0
202300045976;155 598 977;B01;1;0;2;1;1;5;203 741 873;1;1;4;1;1992.0;5;2;4;-1;28;8;2023;14:20;1;29;29019;2;6;1;3;48.41333302;-4.50823009;4;1;2;0;1;2; -1;1;0;8;50;Blessé léger;0
202300045976;155 598 979;A01;7;0;2;2;1;1;203 741 875;1;1;1;1;1969.0;1;1;0;-1;28;8;2023;14:20;1;29;29019;2;6;1;3;48.41333302;-4.50823009;4;3;2;0;1;1; -1;1;0;5;50;Indemne;0
202300045976;155 598 979;A01;7;0;2;2;1;1;203 741 875;1;1;1;1;1969.0;1;1;0;-1;28;8;2023;14:20;1;29;29019;2;6;1;3;48.41333302;-4.50823009;4;1;2;0;1;2; -1;1;0;8;50;Indemne;0
202300045980;155 598 971;A01;33;0;2;1;16;1;203 741 861;1;1;4;1;1965.0;0;2;6;-1;4;4;2023;16:15;1;33;33281;2;6;1;3;44.81608;-0.68022;4;2;5;1;1;1; -1;1;0;5;50;Blessé léger;1
202300045980;155 598 971;A01;33;0;2;1;16;1;203 741 861;1;1;4;1;1965.0;0;2;6;-1;4;4;2023;16:15;1;33;33281;2;6;1;3;44.81608;-0.68022;4;3;2;0;1;1; -1;1;0;8;30;Blessé léger;1
202300045980;155 598 974;B01;1;0;2;1;19;5;203 741 864;1;1;1;1;2009.0;0;0;-1;-1;4;4;2023;16:15;1;33;33281;2;6;1;3;44.81608;-0.68022;4;2;5;1;1;1; -1;1;0;5;50;Indemne;1
202300045980;155 598 974;B01;1;0;2;1;19;5;203 741 864;1;1;1;1;2009.0;0;0;-1;-1;4;4;2023;16:15;1;33;33281;2;6;1;3;44.81608;-0.68022;4;3;2;0;1;1; -1;1;0;8;30;Indemne;1
202300045984;155 598 965;A01;7;0;2;8;9;1;203 741 853;1;1;1;2;1978.0;9;1;0;-1;23;8;2023;08:40;1;22;22278;2;6;1;3;48.50871;-2.77167;4;1;1;0;1;3; -1;1;5;1;30;Indemne;2
202300045984;155 598 965;A01;7;0;2;8;9;1;203 741 853;1;1;1;2;1978.0;9;1;0;-1;23;8;2023;08:40;1;22;22278;2;6;1;3;48.50871;-2.77167;4;2;2;0;1;1; -1;1;0;1;30;Indemne;2
202300045984;155 598 967;B01;1;0;2;7;1;5;203 741 856;1;1;4;1;1990.0;9;8;0;-1;23;8;2023;08:40;1;22;22278;2;6;1;3;48.50871;-2.77167;4;1;1;0;1;3; -1;1;5;1;30;Blessé léger;2
202300045984;155 598 967;B01;1;0;2;7;1;5;203 741 856;1;1;4;1;1990.0;9;8;0;-1;23;8;2023;08:40;1;22;22278;2;6;1;3;48.50871;-2.77167;4;2;2;0;1;1; -1;1;0;1;30;Blessé léger;2
202300046005;155 598 929;B01;1;0;2;1;25;5;203 741 805;1;1;3;1;2001.0;0;0;-1;-1;4;4;2023;09:00;1;28;28085;2;2;1;3;48.4374;1.48024;4;1;1;0;1;1; -1;1;0;1;30;Blessé hospitalisé;1
202300046005;155 598 929;B01;1;0;2;1;25;5;203 741 805;1;1;3;1;2001.0;0;0;-1;-1;4;4;2023;09:00;1;28;28085;2;2;1;3;48.4374;1.48024;4;2;2;0;1;1; -1;1;0;1;30;Blessé hospitalisé;1
202300046005;155 598 932;A01;7;16;0;6;15;1;203 741 809;1;1;1;1;1972.0;9;1;8;-1;4;4;2023;09:00;1;28;28085;2;2;1;3;48.4374;1.48024;4;1;1;0;1;1; -1;1;0;1;30;Indemne;1
202300046005;155 598 932;A01;7;16;0;6;15;1;203 741 809;1;1;1;1;1972.0;9;1;8;-1;4;4;2023;09:00;1;28;28085;2;2;1;3;48.4374;1.48024;4;2;2;0;1;1; -1;1;0;1;30;Indemne;1
202300046010;155 598 918;A01;1;0;0;4;0;5;203 741 792;1;1;3;1;1967.0;1;2;9;-1;25;10;2023;07:45;2;66;66008;2;9;1;2;42.567628;3.00438;4;2;2;0;1;1; -1;1;0;1;50;Blessé hospitalisé;2
202300046010;155 598 921;B01;7;0;2;1;0;1;203 741 797;1;1;1;1;1986.0;0;1;-1;-1;25;10;2023;07:45;2;66;66008;2;9;1;2;42.567628;3.00438;4;2;2;0;1;1; -1;1;0;1;50;Indemne;2
202300046027;155 598 887;A01;7;0;9;8;22;1;203 741 750;1;1;1;1;1952.0;0;8;0;-1;29;8;2023;15:30;1;06;06029;2;1;1;3;43.550219;7.023749;4;3;2;0;1;1; -1;1;0;1;30;Indemne;1
202300046027;155 598 888;B01;1;1;0;1;2;5;203 741 751;1;1;4;1;1999.0;5;2;0;-1;29;8;2023;15:30;1;06;06029;2;1;1;3;43.550219;7.023749;4;3;2;0;1;1; -1;1;0;1;30;Blessé léger;1
202300046035;155 598 873;A01;1;0;2;2;17;5;203 741 731;1;1;4;1;1970.0;1;8;0;-1;29;8;2023;19:25;1;75;75119;2;1;1;3;48.874827;2.374008;4;1;1;1;1;1; -1;1;0;5;30;Blessé léger;1
202300046035;155 598 876;B01;1;0;2;6;2;5;203 741 734;1;1;4;2;1992.0;1;8;0;-1;29;8;2023;19:25;1;75;75119;2;1;1;3;48.874827;2.374008;4;1;1;1;1;1; -1;1;0;5;30;Blessé léger;1
202300046038;155 598 867;B01;1;0;2;4;1;5;203 741 724;1;1;2;1;1948.0;5;2;-1;-1;20;2;2023;17:45;1;89;89069;2;1;1;2;48.028552;3.738055;4;2;2;0;1;1; -1;1;0;1;50;Tué;0
202300046038;155 598 870;A01;7;0;2;2;1;1;203 741 726;1;1;1;1;1981.0;1;1;-1;-1;20;2;2023;17:45;1;89;89069;2;1;1;2;48.028552;3.738055;4;2;2;0;1;1; -1;1;0;1;50;Indemne;0
202300046038;155 598 870;A01;7;0;2;2;1;1;203 741 729;2;2;1;1;2010.0;2;1;-1;-1;20;2;2023;17:45;1;89;89069;2;1;1;2;48.028552;3.738055;4;2;2;0;1;1; -1;1;0;1;50;Indemne;0
202300046039;155 598 866;A01;1;1;0;1;1;5;203 741 723;1;1;4;1;1989.0;9;8;0;-1;29;8;2023;18:00;1;75;75118;2;2;1;3;48.888361;2.349572;4;1;4;1;1;1; -1;1;0;5;30;Blessé léger;1
202300046039;155 598 866;A01;1;1;0;1;1;5;203 741 723;1;1;4;1;1989.0;9;8;0;-1;29;8;2023;18:00;1;75;75118;2;2;1;3;48.888361;2.349572;4;-1; -1;1;1;1; -1;1;0;5;30;Blessé léger;1
202300046039;155 598 869;Z01;10;0;2;1;22;1;203 741 725;1;1;1;1;1990.0;9;8;0;-1;29;8;2023;18:00;1;75;75118;2;2;1;3;48.888361;2.349572;4;1;4;1;1;1; -1;1;0;5;30;Indemne;1
202300046039;155 598 869;Z01;10;0;2;1;22;1;203 741 725;1;1;1;1;1990.0;9;8;0;-1;29;8;2023;18:00;1;75;75118;2;2;1;3;48.888361;2.349572;4;-1; -1;1;1;1; -1;1;0;5;30;Indemne;1
202300046052;155 598 842;A01;1;0;2;1;13;5;203 741 694;1;1;4;1;1997.0;5;8;0;-1;29;8;2023;18:20;1;75;75113;2;1;1;1;48.84227754;2.36853004;4;1;4;1;1;1; -1;1;2;5;30;Blessé léger;1
202300046052;155 598 844;B01;60;0;2;1;1;5;203 741 697;1;1;4;1;2002.0;5;8;0;-1;29;8;2023;18:20;1;75;75113;2;1;1;1;48.84227754;2.36853004;4;1;4;1;1;1; -1;1;2;5;30;Blessé léger;1
202300046055;155 598 838;A01;14;0;2;2;1;1;203 741 684;1;1;1;1;1985.0;4;1;8;-1;28;8;2023;12:30;1;75;75113;2;3;2;3;48.834572;2.3578;4;2;2;0;2;1; -1;2;0;1;30;Indemne;0
202300046055;155 598 838;A01;14;0;2;2;1;1;203 741 684;1;1;1;1;1985.0;4;1;8;-1;28;8;2023;12:30;1;75;75113;2;3;2;3;48.834572;2.3578;4;-1; -1;-1;1;1; -1;2;0;1;30;Indemne;0
202300046055;155 598 839;B01;1;0;2;3;18;5;203 741 687;1;1;4;1;1997.0;4;2;8;-1;28;8;2023;12:30;1;75;75113;2;3;2;3;48.834572;2.3578;4;2;2;0;2;1; -1;2;0;1;30;Blessé léger;0
202300046055;155 598 839;B01;1;0;2;3;18;5;203 741 687;1;1;4;1;1997.0;4;2;8;-1;28;8;2023;12:30;1;75;75113;2;3;2;3;48.834572;2.3578;4;-1; -1;-1;1;1; -1;2;0;1;30;Blessé léger;0
202300046062;155 598 824;A01;1;0;5;1;1;5;203 741 671;1;1;4;1;1969.0;5;9;-1;-1;18;2;2023;13:00;1;04;04124;1;1;1;6;43.757085;6.078529;3;2;2;0;2;1;5,5;1;0;1;80;Blessé léger;5
202300046071;155 598 808;B01;1;0;2;8;9;5;203 741 648;1;1;4;1;1990.0;0;-1;-1;-1;24;8;2023;11:34;1;94;94042;2;5;8;3;48.82026;2.46734;3;2;2;1;1;1;5;1;0;1;50;Blessé léger;3
202300046071;155 598 808;B01;1;0;2;8;9;5;203 741 648;1;1;4;1;1990.0;0;-1;-1;-1;24;8;2023;11:34;1;94;94042;2;5;8;3;48.82026;2.46734;3;2;2;0;1;1; -1;1;0;1;50;Blessé léger;3
202300046071;155 598 809;A01;7;0;9;7;1;1;203 741 650;1;1;1;2;1967.0;0;1;0;-1;24;8;2023;11:34;1;94;94042;2;5;8;3;48.82026;2.46734;3;2;2;1;1;1;5;1;0;1;50;Indemne;3
202300046071;155 598 809;A01;7;0;9;7;1;1;203 741 650;1;1;1;2;1967.0;0;1;0;-1;24;8;2023;11:34;1;94;94042;2;5;8;3;48.82026;2.46734;3;2;2;0;1;1; -1;1;0;1;50;Indemne;3
202300046075;155 598 802;A01;1;0;2;1;1;5;203 741 642;1;1;4;2;1979.0;0;8;0;-1;28;8;2023;16:50;1;94;94042;2;1;1;3;48.819932;2.465276;4;1;1;0;2;1; -1;1;0;1;30;Blessé léger;0
202300046075;155 598 803;B01;7;0;2;2;1;1;203 741 643;1;1;1;1;1986.0;0;1;0;-1;28;8;2023;16:50;1;94;94042;2;1;1;3;48.819932;2.465276;4;1;1;0;2;1; -1;1;0;1;30;Indemne;0
202300046079;155 598 795;A01;10;0;2;8;22;1;203 741 632;1;1;1;1;1990.0;4;1;8;-1;29;8;2023;09:55;1;94;94076;2;1;1;3;48.80613;2.36356;3;3;4;3;1;1;12;1;0;6;50;Indemne;1
202300046079;155 598 797;B01;1;0;2;1;7;5;203 741 635;1;1;4;2;1994.0;0;8;0;-1;29;8;2023;09:55;1;94;94076;2;1;1;3;48.80613;2.36356;3;3;4;3;1;1;12;1;0;6;50;Blessé léger;1
202300046112;155 598 728;A01;10;1;2;7;17;1;203 741 550;1;1;1;1;2000.0;5;8;0;-1;4;4;2023;20:05;1;75;75119;2;1;1;5;48.894416;2.372684;4;1;2;0;1;1; -1;1;0;1;30;Indemne;1
202300046112;155 598 733;C01;80;1;2;8;3;3;203 741 554;1;1;4;1;2001.0;9;8;0;-1;4;4;2023;20:05;1;75;75119;2;1;1;5;48.894416;2.372684;4;1;2;0;1;1; -1;1;0;1;30;Blessé léger;1
202300046112;155 598 736;B01;7;0;2;0;23;1;203 741 557;2;2;1;2;1955.0;3;8;0;-1;4;4;2023;20:05;1;75;75119;2;1;1;5;48.894416;2.372684;4;1;2;0;1;1; -1;1;0;1;30;Indemne;1
202300046112;155 598 736;B01;7;0;2;0;23;1;203 741 558;1;1;1;1;1989.0;9;8;0;-1;4;4;2023;20:05;1;75;75119;2;1;1;5;48.894416;2.372684;4;1;2;0;1;1; -1;1;0;1;30;Indemne;1
202300046117;155 598 723;B01;50;0;2;1;25;3;203 741 540;1;1;1;2;2007.0;5;8;0;-1;22;3;2023;18:25;1;75;75119;2;2;1;1;48.886563;2.384634;4;-1;0;3;1;1; -1;1;0;4;-1;Indemne;2
202300046117;155 598 723;B01;50;0;2;1;25;3;203 741 540;1;1;1;2;2007.0;5;8;0;-1;22;3;2023;18:25;1;75;75119;2;2;1;1;48.886563;2.384634;4;1; -1;-1;1;1; -1;1;0;4;-1;Indemne;2
202300046117;155 598 726;A01;1;0;2;1;25;5;203 741 543;1;1;4;2;1978.0;9;2;0;-1;22;3;2023;18:25;1;75;75119;2;2;1;1;48.886563;2.384634;4;-1;0;3;1;1; -1;1;0;4;-1;Blessé léger;2
202300046117;155 598 726;A01;1;0;2;1;25;5;203 741 543;1;1;4;2;1978.0;9;2;0;-1;22;3;2023;18:25;1;75;75119;2;2;1;1;48.886563;2.384634;4;1; -1;-1;1;1; -1;1;0;4;-1;Blessé léger;2
202300046119;155 598 719;B01;1;0;2;6;2;5;203 741 531;1;1;4;2;2001.0;0;2;0;-1;28;8;2023;20:15;1;92;92024;2;2;1;2;48.90357547;2.31755018;3;2;2;0;1;1; -1;1;0;8;30;Blessé léger;0
202300046119;155 598 719;B01;1;0;2;6;2;5;203 741 531;1;1;4;2;2001.0;0;2;0;-1;28;8;2023;20:15;1;92;92024;2;2;1;2;48.90357547;2.31755018;3;2;2;0;1;1; -1;1;0;1;50;Blessé léger;0
202300046119;155 598 720;A01;7;0;2;2;2;1;203 741 535;1;1;1;1;1979.0;0;1;0;-1;28;8;2023;20:15;1;92;92024;2;2;1;2;48.90357547;2.31755018;3;2;2;0;1;1; -1;1;0;8;30;Indemne;0
202300046119;155 598 720;A01;7;0;2;2;2;1;203 741 535;1;1;1;1;1979.0;0;1;0;-1;28;8;2023;20:15;1;92;92024;2;2;1;2;48.90357547;2.31755018;3;2;2;0;1;1; -1;1;0;1;50;Indemne;0
202300046124;155 598 709;A01;1;0;1;1;1;5;203 741 515;10;3;4;1;1982.0;9;0;-1;-1;4;4;2023;12:40;1;75;75118;2;1;1;6;48.892884;2.328347;4;1;1;0;1;1; -1;1;0;1;30;Blessé léger;1
202300046124;155 598 709;A01;1;0;1;1;1;5;203 741 518;1;1;1;1;1981.0;9;8;0;-1;4;4;2023;12:40;1;75;75118;2;1;1;6;48.892884;2.328347;4;1;1;0;1;1; -1;1;0;1;30;Indemne;1
202300046127;155 598 704;A01;7;0;2;1;1;1;203 741 509;1;1;1;1;1934.0;0;8;0;-1;29;8;2023;19:40;1;92;92012;2;1;1;1;48.83978;2.23916;3;-1;4;0;1;1;12;1;0;1;50;Indemne;1
202300046127;155 598 707;B01;1;0;2;1;19;5;203 741 513;1;1;4;2;1964.0;1;8;0;-1;29;8;2023;19:40;1;92;92012;2;1;1;1;48.83978;2.23916;3;-1;4;0;1;1;12;1;0;1;50;Blessé léger;1
202300046156;155 598 659;B01;7;0;2;2;16;1;203 741 447;1;1;1;1;1959.0;0;1;8;-1;4;12;2023;07:45;1;974;97411;2;4;1;3;-20.89;55.4635;2;2;2;1;1;3; -1;1;0;1;50;Indemne;0
202300046156;155 598 659;B01;7;0;2;2;16;1;203 741 447;1;1;1;1;1959.0;0;1;8;-1;4;12;2023;07:45;1;974;97411;2;4;1;3;-20.89;55.4635;2;2;0;1;1;1; -1;1;0;1;30;Indemne;0
202300046156;155 598 659;B01;7;0;2;2;16;1;203 741 449;2;2;1;2;1984.0;0;1;8;-1;4;12;2023;07:45;1;974;97411;2;4;1;3;-20.89;55.4635;2;2;2;1;1;3; -1;1;0;1;50;Indemne;0
202300046156;155 598 659;B01;7;0;2;2;16;1;203 741 449;2;2;1;2;1984.0;0;1;8;-1;4;12;2023;07:45;1;974;97411;2;4;1;3;-20.89;55.4635;2;2;0;1;1;1; -1;1;0;1;30;Indemne;0
202300046156;155 598 661;A01;1;0;2;1;10;5;203 741 452;1;1;4;1;1981.0;1;8;0;-1;4;12;2023;07:45;1;974;97411;2;4;1;3;-20.89;55.4635;2;2;2;1;1;3; -1;1;0;1;50;Blessé léger;0
202300046156;155 598 661;A01;1;0;2;1;10;5;203 741 452;1;1;4;1;1981.0;1;8;0;-1;4;12;2023;07:45;1;974;97411;2;4;1;3;-20.89;55.4635;2;2;0;1;1;1; -1;1;0;1;30;Blessé léger;0
202300046162;155 598 647;A01;1;0;1;1;1;5;203 741 431;1;1;1;1;1974.0;1;2;0;-1;4;4;2023;09:20;1;75;75113;2;2;1;6;48.819138;2.359503;4;1;4;1;1;1; -1;1;0;5;50;Indemne;1
202300046162;155 598 647;A01;1;0;1;1;1;5;203 741 431;1;1;1;1;1974.0;1;2;0;-1;4;4;2023;09:20;1;75;75113;2;2;1;6;48.819138;2.359503;4;2; -1;1;1;1; -1;1;0;5;-1;Indemne;1
202300046162;155 598 647;A01;1;0;1;1;1;5;203 741 433;10;3;4;1;1962.0;5;0;-1;-1;4;4;2023;09:20;1;75;75113;2;2;1;6;48.819138;2.359503;4;1;4;1;1;1; -1;1;0;5;50;Blessé léger;1
202300046162;155 598 647;A01;1;0;1;1;1;5;203 741 433;10;3;4;1;1962.0;5;0;-1;-1;4;4;2023;09:20;1;75;75113;2;2;1;6;48.819138;2.359503;4;2; -1;1;1;1; -1;1;0;5;-1;Blessé léger;1
202300046165;155 598 641;A01;2;0;0;0;2;1;203 741 423;1;1;1;1;2009.0;5;2;6;-1;29;8;2023;20:15;1;19;19025;1;1;1;7;45.41192579;1.29341483;4;-1;2;0;1;1; -1;1;0;1;80;Indemne;1
202300046165;155 598 644;B01;1;0;0;0;1;5;203 741 427;1;1;3;1;2009.0;5;0;-1;-1;29;8;2023;20:15;1;19;19025;1;1;1;7;45.41192579;1.29341483;4;-1;2;0;1;1; -1;1;0;1;80;Blessé hospitalisé;1
202300046171;155 598 628;B01;1;0;2;1;1;5;203 741 405;1;1;4;2;1979.0;9;2;0;-1;4;4;2023;19:50;2;75;75110;2;2;1;3;48.884238;2.364627;4;1;2;2;2;1; -1;1;9;5;30;Blessé léger;1
202300046171;155 598 628;B01;1;0;2;1;1;5;203 741 405;1;1;4;2;1979.0;9;2;0;-1;4;4;2023;19:50;2;75;75110;2;2;1;3;48.884238;2.364627;4;-1; -1;0;1;1; -1;1;0;5;30;Blessé léger;1
202300046171;155 598 630;A01;7;0;2;1;1;1;203 741 407;1;1;1;1;1968.0;9;1;0;-1;4;4;2023;19:50;2;75;75110;2;2;1;3;48.884238;2.364627;4;1;2;2;2;1; -1;1;9;5;30;Indemne;1
202300046171;155 598 630;A01;7;0;2;1;1;1;203 741 407;1;1;1;1;1968.0;9;1;0;-1;4;4;2023;19:50;2;75;75110;2;2;1;3;48.884238;2.364627;4;-1; -1;0;1;1; -1;1;0;5;30;Indemne;1
202300046179;155 598 614;A01;80;0;2;1;1;3;203 741 386;1;1;4;2;1987.0;1;2;-1;-1;5;12;2023;09:15;1;69;69382;2;2;1;3;45.74376;4.82474;4;2;2;2;1;1; -1;2;0;1;30;Blessé léger;1
202300046179;155 598 614;A01;80;0;2;1;1;3;203 741 386;1;1;4;2;1987.0;1;2;-1;-1;5;12;2023;09:15;1;69;69382;2;2;1;3;45.74376;4.82474;4;2;2;2;1;1; -1;2;0;1;30;Blessé léger;1
202300046179;155 598 618;B01;7;0;2;3;1;1;203 741 390;1;1;1;2;2001.0;1;1;-1;-1;5;12;2023;09:15;1;69;69382;2;2;1;3;45.74376;4.82474;4;2;2;2;1;1; -1;2;0;1;30;Indemne;1
202300046179;155 598 618;B01;7;0;2;3;1;1;203 741 390;1;1;1;2;2001.0;1;1;-1;-1;5;12;2023;09:15;1;69;69382;2;2;1;3;45.74376;4.82474;4;2;2;2;1;1; -1;2;0;1;30;Indemne;1
202300046188;155 598 599;A01;1;0;1;8;1;5;203 741 361;10;3;4;1;2010.0;2;0;-1;-1;27;3;2023;11:30;1;94;94081;2;1;1;6;48.78478843;2.38771614;4;2;2;0;2;1; -1;1;0;1;30;Blessé léger;0
202300046188;155 598 599;A01;1;0;1;8;1;5;203 741 363;1;1;4;1;2008.0;0;8;0;-1;27;3;2023;11:30;1;94;94081;2;1;1;6;48.78478843;2.38771614;4;2;2;0;2;1; -1;1;0;1;30;Blessé léger;0
202300046193;155 598 592;A01;14;0;2;1;13;1;203 741 352;1;1;1;1;1985.0;4;1;0;-1;5;12;2023;08:25;2;95;95176;2;1;1;3;48.958179;2.196016;3;2;2;0;1;1; -1;1;0;1;50;Indemne;1
202300046193;155 598 594;B01;1;0;2;7;0;5;203 741 356;1;1;4;2;2016.0;2;2;0;-1;5;12;2023;08:25;2;95;95176;2;1;1;3;48.958179;2.196016;3;2;2;0;1;1; -1;1;0;1;50;Blessé léger;1
202300046197;155 598 584;A01;7;0;9;3;1;1;203 741 344;1;1;1;2;1966.0;1;1;0;-1;4;4;2023;10:00;1;94;94043;2;1;1;1;48.80901;2.36624;4;1;1;1;1;1; -1;1;0;1;50;Indemne;1
202300046197;155 598 588;B01;1;0;2;1;1;5;203 741 348;1;1;4;1;1965.0;5;8;0;-1;4;4;2023;10:00;1;94;94043;2;1;1;1;48.80901;2.36624;4;1;1;1;1;1; -1;1;0;1;50;Blessé léger;1
202300046222;155 598 539;A01;1;0;0;0;1;5;203 741 282;1;1;4;1;1970.0;5;2;4;-1;3;12;2023;00:47;5;87;87085;2;1;1;7;45.84543;1.25557;4;2;2;0;1;1; -1;1;0;1;30;Blessé léger;6
202300046225;155 598 529;B01;1;14;9;1;1;5;203 741 271;1;1;3;1;1957.0;5;2;8;-1;5;12;2023;16:35;1;83;83126;2;3;1;2;43.10239;5.90158;4;2;1;0;1;1; -1;1;0;1;50;Blessé hospitalisé;1