Num_Acc;id_vehicule;num_veh;catv;obs;obsm;choc;manv;motor;id_usager;place;catu;grav;sexe;an_nais;trajet;secu1;secu2;secu3;jour;mois;an;hrmn;lum;dep;com;agg;int;atm;col;lat;long;catr;circ;nbv;vosp;prof;plan;larrout;surf;infra;situ;vma;gravity;day_of_week
202300046225;155 598 529;B01;1;14;9;1;1;5;203 741 271;1;1;3;1;1957.0;5;2;8;-1;5;12;2023;16:35;1;83;83126;2;3;1;2;43.10239;5.90158;4;2; -1;-1;1;1; -1;1;0;1;-1;Blessé hospitalisé;1
202300046225;155 598 532;A01;99;0;2;6;15;3;203 741 274;1;1;1;1;2006.0;2;8;0;-1;5;12;2023;16:35;1;83;83126;2;3;1;2;43.10239;5.90158;4;2;1;0;1;1; -1;1;0;1;50;Indemne;1
202300046225;155 598 532;A01;99;0;2;6;15;3;203 741 274;1;1;1;1;2006.0;2;8;0;-1;5;12;2023;16:35;1;83;83126;2;3;1;2;43.10239;5.90158;4;2; -1;-1;1;1; -1;1;0;1;-1;Indemne;1
202300046226;155 598 528;B01;1;0;9;7;14;5;203 741 269;1;1;4;1;2006.0;5;0;-1;-1;28;8;2023;15:48;1;85;85234;2;1;1;3;46.77490149;-2.03743815;4;2;2;0;1;2; -1;1;0;1;50;Blessé léger;0
202300046226;155 598 530;A01;1;0;9;8;13;5;203 741 272;1;1;3;1;2007.0;5;0;-1;-1;28;8;2023;15:48;1;85;85234;2;1;1;3;46.77490149;-2.03743815;4;2;2;0;1;2; -1;1;0;1;50;Blessé hospitalisé;0
202300046248;155 598 490;A01;7;0;0;0;15;1;203 741 223;1;1;1;1;1994.0;0;1;0;-1;4;4;2023;09:30;1;92;92024;2;3;1;7;48.90367135;2.311977;3;2;3;1;1;1; -1;1;0;1;50;Indemne;1
202300046248;155 598 490;A01;7;0;0;0;15;1;203 741 223;1;1;1;1;1994.0;0;1;0;-1;4;4;2023;09:30;1;92;92024;2;3;1;7;48.90367135;2.311977;3;1;1;0;1;1; -1;1;0;1;30;Indemne;1
202300046248;155 598 493;B01;1;0;2;0;0;5;203 741 227;1;1;4;1;1991.0;0;8;0;-1;4;4;2023;09:30;1;92;92024;2;3;1;7;48.90367135;2.311977;3;2;3;1;1;1; -1;1;0;1;50;Blessé léger;1
202300046248;155 598 493;B01;1;0;2;0;0;5;203 741 227;1;1;4;1;1991.0;0;8;0;-1;4;4;2023;09:30;1;92;92024;2;3;1;7;48.90367135;2.311977;3;1;1;0;1;1; -1;1;0;1;30;Blessé léger;1
202300046263;155 598 468;A01;1;0;1;3;1;5;203 741 193;1;1;4;1;2008.0;2;8;0;-1;5;12;2023;17:10;2;70;70550;2;3;2;6;47.61824;6.154088;2;2;2;0;1;1;4;2;0;1;30;Blessé léger;1
202300046263;155 598 468;A01;1;0;1;3;1;5;203 741 193;1;1;4;1;2008.0;2;8;0;-1;5;12;2023;17:10;2;70;70550;2;3;2;6;47.61824;6.154088;2;1; -1;-1;1;1; -1;2;0;1;-1;Blessé léger;1
202300046263;155 598 468;A01;1;0;1;3;1;5;203 741 195;10;3;3;1;1974.0;0;0;-1;-1;5;12;2023;17:10;2;70;70550;2;3;2;6;47.61824;6.154088;2;2;2;0;1;1;4;2;0;1;30;Blessé hospitalisé;1
202300046263;155 598 468;A01;1;0;1;3;1;5;203 741 195;10;3;3;1;1974.0;0;0;-1;-1;5;12;2023;17:10;2;70;70550;2;3;2;6;47.61824;6.154088;2;1; -1;-1;1;1; -1;2;0;1;-1;Blessé hospitalisé;1
202300046285;155 598 427;A01;1;13;0;1;1;5;203 741 138;1;1;2;1;1990.0;5;2;0;-1;30;8;2023;11:20;1;50;50041;1;1;1;6;49.661933;-1.86906;3;2;2;0;2;4;4;1;0;8;80;Tué;2
202300046289;155 598 421;A01;1;0;2;8;19;5;203 741 133;1;1;2;1;2001.0;4;8;0;-1;5;12;2023;18:15;5;64;64445;2;1;1;3;43.31101;-0.36322;4;1;2;1;1;1; -1;1;-1;1;50;Tué;1
202300046289;155 598 424;B01;7;0;2;7;1;1;203 741 135;1;1;4;2;1947.0;0;1;8;-1;5;12;2023;18:15;5;64;64445;2;1;1;3;43.31101;-0.36322;4;1;2;1;1;1; -1;1;-1;1;50;Blessé léger;1
202300046290;155 598 414;B01;1;6;2;7;0;5;203 741 125;1;1;3;1;2009.0;5;2;-1;-1;30;8;2023;15:00;1;35;35001;2;1;1;3;48.136007;-1.541447;4;2;2;0;1;2; -1;1;0;4;50;Blessé hospitalisé;2
202300046290;155 598 416;A01;7;6;2;1;1;1;203 741 127;1;1;4;2;1955.0;3;1;-1;-1;30;8;2023;15:00;1;35;35001;2;1;1;3;48.136007;-1.541447;4;2;2;0;1;2; -1;1;0;4;50;Blessé léger;2
202300046292;155 598 412;A01;7;0;2;1;9;1;203 741 121;1;1;1;2;1999.0;0;1;0;-1;5;12;2023;15:35;1;64;64445;2;6;8;2;43.33005;-0.35525;3;1;2;0;1;3;7;2;0;1;50;Indemne;1
202300046292;155 598 413;B01;1;0;2;4;9;5;203 741 124;1;1;4;1;1967.0;0;2;6;-1;5;12;2023;15:35;1;64;64445;2;6;8;2;43.33005;-0.35525;3;1;2;0;1;3;7;2;0;1;50;Blessé léger;1
202300046296;155 598 402;B01;7;0;9;1;1;1;203 741 111;1;1;1;2;1970.0;9;8;-1;-1;30;8;2023;15:11;1;02;02381;2;4;1;3;49.921968;4.083186;4;1; -1;-1;1;1; -1;1;0;1;-1;Indemne;2
202300046296;155 598 402;B01;7;0;9;1;1;1;203 741 111;1;1;1;2;1970.0;9;8;-1;-1;30;8;2023;15:11;1;02;02381;2;4;1;3;49.921968;4.083186;4;2;2;0;2;1; -1;1;0;1;50;Indemne;2
202300046296;155 598 403;A01;1;0;2;1;1;5;203 741 112;1;1;4;2;2008.0;5;0;-1;-1;30;8;2023;15:11;1;02;02381;2;4;1;3;49.921968;4.083186;4;1; -1;-1;1;1; -1;1;0;1;-1;Blessé léger;2
202300046296;155 598 403;A01;1;0;2;1;1;5;203 741 112;1;1;4;2;2008.0;5;0;-1;-1;30;8;2023;15:11;1;02;02381;2;4;1;3;49.921968;4.083186;4;2;2;0;2;1; -1;1;0;1;50;Blessé léger;2
202300046329;155 598 345;A01;1;0;2;1;15;5;203 741 034;1;1;4;1;1984.0;1;8;0;-1;5;12;2023;08:00;1;49;49007;2;3;1;1;47.44903;-0.54414;4;2;2;0;1;1; -1;1;0;1;30;Blessé léger;1
202300046329;155 598 345;A01;1;0;2;1;15;5;203 741 034;1;1;4;1;1984.0;1;8;0;-1;5;12;2023;08:00;1;49;49007;2;3;1;1;47.44903;-0.54414;4;2;2;0;1;1; -1;1;0;1;30;Blessé léger;1
202300046329;155 598 348;B01;7;0;2;1;16;1;203 741 039;1;1;1;2;1962.0;0;8;0;-1;5;12;2023;08:00;1;49;49007;2;3;1;1;47.44903;-0.54414;4;2;2;0;1;1; -1;1;0;1;30;Indemne;1
202300046329;155 598 348;B01;7;0;2;1;16;1;203 741 039;1;1;1;2;1962.0;0;8;0;-1;5;12;2023;08:00;1;49;49007;2;3;1;1;47.44903;-0.54414;4;2;2;0;1;1; -1;1;0;1;30;Indemne;1
202300046337;155 598 332;A01;7;0;2;3;9;1;203 741 014;1;1;1;2;1963.0;0;8;0;-1;4;12;2023;11:45;1;49;49015;2;6;3;3;47.4968;-0.59164;4;2;2;0;1;1; -1;2;0;1;50;Indemne;0
202300046337;155 598 332;A01;7;0;2;3;9;1;203 741 014;1;1;1;2;1963.0;0;8;0;-1;4;12;2023;11:45;1;49;49015;2;6;3;3;47.4968;-0.59164;4;3;2;0;1;1; -1;2;0;1;50;Indemne;0
202300046337;155 598 335;B01;80;0;2;2;1;3;203 741 018;1;1;4;2;1972.0;4;8;0;-1;4;12;2023;11:45;1;49;49015;2;6;3;3;47.4968;-0.59164;4;2;2;0;1;1; -1;2;0;1;50;Blessé léger;0
202300046337;155 598 335;B01;80;0;2;2;1;3;203 741 018;1;1;4;2;1972.0;4;8;0;-1;4;12;2023;11:45;1;49;49015;2;6;3;3;47.4968;-0.59164;4;3;2;0;1;1; -1;2;0;1;50;Blessé léger;0
202300046346;155 598 314;B01;1;0;2;0;1;5;203 740 987;1;1;3;2;1977.0;5;8;8;-1;8;10;2023;08:40;1;39;39198;2;6;7;3;47.073176;5.49725;3;3;2;1;1;1; -1;1;5;1;50;Blessé hospitalisé;6
202300046346;155 598 314;B01;1;0;2;0;1;5;203 740 987;1;1;3;2;1977.0;5;8;8;-1;8;10;2023;08:40;1;39;39198;2;6;7;3;47.073176;5.49725;3;2;2;1;1;1; -1;1;5;1;50;Blessé hospitalisé;6
202300046346;155 598 315;A01;7;0;2;2;15;1;203 740 990;1;1;1;2;1940.0;5;1;0;-1;8;10;2023;08:40;1;39;39198;2;6;7;3;47.073176;5.49725;3;3;2;1;1;1; -1;1;5;1;50;Indemne;6
202300046346;155 598 315;A01;7;0;2;2;15;1;203 740 990;1;1;1;2;1940.0;5;1;0;-1;8;10;2023;08:40;1;39;39198;2;6;7;3;47.073176;5.49725;3;2;2;1;1;1; -1;1;5;1;50;Indemne;6
202300046353;155 598 302;A01;7;0;2;2;15;1;203 740 974;1;1;1;1;1999.0;5;1;0;-1;5;12;2023;20:45;5;35;35238;2;3;2;3;48.12141;-1.70074;4;2;2;0;1;1; -1;2;0;1;30;Indemne;1
202300046353;155 598 302;A01;7;0;2;2;15;1;203 740 974;1;1;1;1;1999.0;5;1;0;-1;5;12;2023;20:45;5;35;35238;2;3;2;3;48.12141;-1.70074;4;2;2;0;1;1; -1;2;0;1;30;Indemne;1
202300046353;155 598 303;B01;1;0;2;1;15;5;203 740 975;1;1;3;2;1994.0;9;8;0;-1;5;12;2023;20:45;5;35;35238;2;3;2;3;48.12141;-1.70074;4;2;2;0;1;1; -1;2;0;1;30;Blessé hospitalisé;1
202300046353;155 598 303;B01;1;0;2;1;15;5;203 740 975;1;1;3;2;1994.0;9;8;0;-1;5;12;2023;20:45;5;35;35238;2;3;2;3;48.12141;-1.70074;4;2;2;0;1;1; -1;2;0;1;30;Blessé hospitalisé;1
202300046356;155 598 296;A01;7;0;2;3;9;1;203 740 963;1;1;1;2;1991.0;2;1;8;-1;4;12;2023;09:30;1;34;34172;2;1;2;3;43.616922;3.842177;4;2;4;2;2;1; -1;2;0;5;50;Indemne;0
202300046356;155 598 297;B01;1;0;2;1;1;5;203 740 965;1;1;4;2;2003.0;2;2;0;-1;4;12;2023;09:30;1;34;34172;2;1;2;3;43.616922;3.842177;4;2;4;2;2;1; -1;2;0;5;50;Blessé léger;0
202300046363;155 598 285;A01;7;0;2;1;15;1;203 740 950;1;1;1;2;1947.0;0;1;-1;-1;4;12;2023;17:00;5;33;33063;2;1;2;3;44.84854;-0.59829;4;1;1;0;1;1; -1;2;0;1;30;Indemne;0
202300046363;155 598 287;B01;1;0;2;8;1;5;203 740 952;1;1;4;1;1972.0;0;0;-1;-1;4;12;2023;17:00;5;33;33063;2;1;2;3;44.84854;-0.59829;4;1;1;0;1;1; -1;2;0;1;30;Blessé léger;0
202300046374;155 598 268;A01;80;12;0;0;1;3;203 740 928;1;1;4;1;1972.0;5;0;-1;-1;2;10;2023;18:20;1;60;60116;1;1;8;7;49.310169;2.351106;3;2;3;0;2;3; -1;1;0;1;80;Blessé léger;0
202300046401;155 598 219;A01;1;0;2;1;1;5;203 740 861;1;1;3;1;1935.0;5;8;0;-1;9;1;2023;07:55;5;94;94017;2;1;1;3;48.82035;2.511071;3;2;3;0;1;1; -1;1;0;1;50;Blessé hospitalisé;0
202300046444;155 598 141;B01;1;0;0;1;1;5;203 740 753;1;1;3;1;1986.0;1;9;-1;-1;9;1;2023;18:00;3;67;67073;1;3;2;1;48.300089;7.35554;3;2;2;0;1;1; -1;2;5;5;80;Blessé hospitalisé;0
202300046444;155 598 141;B01;1;0;0;1;1;5;203 740 753;1;1;3;1;1986.0;1;9;-1;-1;9;1;2023;18:00;3;67;67073;1;3;2;1;48.300089;7.35554;3;2; -1;-1;1;1; -1;2;5;5;-1;Blessé hospitalisé;0
202300046444;155 598 142;A01;7;0;0;1;15;1;203 740 754;1;1;1;2;1975.0;1;1;-1;-1;9;1;2023;18:00;3;67;67073;1;3;2;1;48.300089;7.35554;3;2;2;0;1;1; -1;2;5;5;80;Indemne;0
202300046444;155 598 142;A01;7;0;0;1;15;1;203 740 754;1;1;1;2;1975.0;1;1;-1;-1;9;1;2023;18:00;3;67;67073;1;3;2;1;48.300089;7.35554;3;2; -1;-1;1;1; -1;2;5;5;-1;Indemne;0
202300046445;155 598 139;A01;1;0;2;1;0;5;203 740 750;1;1;3;1;1983.0;5;2;9;-1;19;7;2023;17:25;1;74;74188;1;1;1;1;46.21575056;6.76023787;3;2;2;0;2;2; -1;1;0;1;80;Blessé hospitalisé;2
202300046445;155 598 140;B01;14;0;2;1;1;1;203 740 752;1;1;1;1;1970.0;4;1;-1;-1;19;7;2023;17:25;1;74;74188;1;1;1;1;46.21575056;6.76023787;3;2;2;0;2;2; -1;1;0;1;80;Indemne;2
202300046452;155 598 128;A01;1;0;0;0;1;5;203 740 736;1;1;3;1;1955.0;5;2;-1;-1;13;7;2023;13:45;1;74;74302;1;1;1;7;45.919557;6.385267;3;2;2;2;2;1;7;1;0;5;70;Blessé hospitalisé;3
202300046457;155 598 120;A01;7;1;9;8;0;1;203 740 728;1;1;1;2;1973.0;9;8;0;-1;30;9;2023;16:10;1;974;97411;2;1;8;6;-20.89193;55.45276;4;2;2;0;2;1; -1;1;0;1;30;Indemne;5
202300046457;155 598 121;B01;1;1;0;0;14;5;203 740 729;1;1;4;1;1985.0;5;8;0;-1;30;9;2023;16:10;1;974;97411;2;1;8;6;-20.89193;55.45276;4;2;2;0;2;1; -1;1;0;1;30;Blessé léger;5
202300046459;155 598 117;B01;1;0;2;2;25;5;203 740 725;1;1;4;2;1991.0;3;8;0;-1;30;9;2023;09:15;1;973;97302;2;6;1;3;4.9316413;-52.32991397;2;1;2;0;1;3; -1;1;0;1;50;Blessé léger;5
202300046462;155 598 112;A01;7;0;2;6;16;1;203 740 720;1;1;1;1;1940.0;5;1;-1;-1;29;9;2023;12:05;1;69;69383;2;3;1;3;45.74995;4.8607;4;1;2;2;1;1; -1;1;0;1;50;Indemne;4
202300046462;155 598 112;A01;7;0;2;6;16;1;203 740 720;1;1;1;1;1940.0;5;1;-1;-1;29;9;2023;12:05;1;69;69383;2;3;1;3;45.74995;4.8607;4;2;3;1;2;1; -1;1;0;1;50;Indemne;4
202300046462;155 598 113;B01;1;0;2;0;0;0;203 740 721;1;1;4;1;1991.0;1;8;-1;-1;29;9;2023;12:05;1;69;69383;2;3;1;3;45.74995;4.8607;4;1;2;2;1;1; -1;1;0;1;50;Blessé léger;4
202300046462;155 598 113;B01;1;0;2;0;0;0;203 740 721;1;1;4;1;1991.0;1;8;-1;-1;29;9;2023;12:05;1;69;69383;2;3;1;3;45.74995;4.8607;4;2;3;1;2;1; -1;1;0;1;50;Blessé léger;4
202300046465;155 598 107;A01;1;0;0;1;1;5;203 740 714;1;1;4;1;1989.0;5;0;-1;-1;30;9;2023;05:50;5;69;69381;2;7;1;7;45.76783;4.83131;4;2;3;2;1;1; -1;1;0;1;30;Blessé léger;5
202300046465;155 598 107;A01;1;0;0;1;1;5;203 740 715;2;2;1;1;1988.0;5;0;-1;-1;30;9;2023;05:50;5;69;69381;2;7;1;7;45.76783;4.83131;4;2;3;2;1;1; -1;1;0;1;30;Indemne;5
202300046472;155 598 095;A01;7;0;2;1;1;1;203 740 700;1;1;1;2;1985.0;5;1;0;-1;30;9;2023;13:20;1;91;91201;2;2;1;7;48.6812;2.4282;3;2;2;0;1;2;5;1;5;1;50;Indemne;5
202300046472;155 598 095;A01;7;0;2;1;1;1;203 740 700;1;1;1;2;1985.0;5;1;0;-1;30;9;2023;13:20;1;91;91201;2;2;1;7;48.6812;2.4282;3;2;2;0;1;4;5;1;5;1;50;Indemne;5
202300046472;155 598 096;B01;1;0;2;2;15;5;203 740 701;1;1;4;1;2012.0;5;2;0;-1;30;9;2023;13:20;1;91;91201;2;2;1;7;48.6812;2.4282;3;2;2;0;1;2;5;1;5;1;50;Blessé léger;5
202300046472;155 598 096;B01;1;0;2;2;15;5;203 740 701;1;1;4;1;2012.0;5;2;0;-1;30;9;2023;13:20;1;91;91201;2;2;1;7;48.6812;2.4282;3;2;2;0;1;4;5;1;5;1;50;Blessé léger;5
202300046501;155 598 035;B01;1;0;2;8;19;5;203 740 618;1;1;4;1;1989.0;5;8;0;-1;20;7;2023;23:27;5;93;93070;2;3;1;3;48.90807;2.32755;3;2;2;0;1;1; -1;1;0;1;-1;Blessé léger;3
202300046501;155 598 035;B01;1;0;2;8;19;5;203 740 618;1;1;4;1;1989.0;5;8;0;-1;20;7;2023;23:27;5;93;93070;2;3;1;3;48.90807;2.32755;3;2;4;0;1;1; -1;1;0;1;50;Blessé léger;3
202300046501;155 598 036;A01;1;0;2;1;0;5;203 740 620;1;1;4;1;1984.0;0;8;0;-1;20;7;2023;23:27;5;93;93070;2;3;1;3;48.90807;2.32755;3;2;2;0;1;1; -1;1;0;1;-1;Blessé léger;3
202300046501;155 598 036;A01;1;0;2;1;0;5;203 740 620;1;1;4;1;1984.0;0;8;0;-1;20;7;2023;23:27;5;93;93070;2;3;1;3;48.90807;2.32755;3;2;4;0;1;1; -1;1;0;1;50;Blessé léger;3
202300046518;155 598 003;A01;1;0;2;1;19;5;203 740 572;1;1;4;2;1965.0;3;2;-1;-1;30;9;2023;16:20;1;45;45285;2;9;1;3;47.90418;1.86353;6;-1; -1;0;1;1; -1;1;0;1;30;Blessé léger;5
202300046518;155 598 006;B01;7;0;2;8;1;1;203 740 575;1;1;1;1;1965.0;3;1;-1;-1;30;9;2023;16:20;1;45;45285;2;9;1;3;47.90418;1.86353;6;-1; -1;0;1;1; -1;1;0;1;30;Indemne;5
202300046526;155 597 987;B01;1;1;0;2;1;5;203 740 553;1;1;1;1;1974.0;0;8;0;-1;20;7;2023;09:05;1;92;92012;2;2;1;3;48.84517;2.24291;4;1;1;0;1;1; -1;1;0;1;50;Indemne;3
202300046526;155 597 987;B01;1;1;0;2;1;5;203 740 553;1;1;1;1;1974.0;0;8;0;-1;20;7;2023;09:05;1;92;92012;2;2;1;3;48.84517;2.24291;4;1;1;1;1;1; -1;1;0;1;50;Indemne;3
202300046526;155 597 989;A01;32;1;0;1;1;1;203 740 556;1;1;4;1;1971.0;0;2;6;-1;20;7;2023;09:05;1;92;92012;2;2;1;3;48.84517;2.24291;4;1;1;0;1;1; -1;1;0;1;50;Blessé léger;3
202300046526;155 597 989;A01;32;1;0;1;1;1;203 740 556;1;1;4;1;1971.0;0;2;6;-1;20;7;2023;09:05;1;92;92012;2;2;1;3;48.84517;2.24291;4;1;1;1;1;1; -1;1;0;1;50;Blessé léger;3
202300046536;155 597 968;A01;7;0;1;3;17;1;203 740 527;1;1;1;2;1988.0;5;1;-1;-1;21;7;2023;10:30;1;84;84069;2;1;1;1;44.170369;5.12686;3;2;2;0;2;1;5,5;1;0;1;-1;Indemne;4
202300046536;155 597 971;B01;1;0;2;7;0;5;203 740 531;1;1;3;1;2002.0;5;2;-1;-1;21;7;2023;10:30;1;84;84069;2;1;1;1;44.170369;5.12686;3;2;2;0;2;1;5,5;1;0;1;-1;Blessé hospitalisé;4
202300046552;155 597 942;A01;7;0;2;5;16;1;203 740 491;1;1;1;1;1975.0;0;8;-1;-1;19;7;2023;17:45;1;56;56193;2;6;1;3;47.725582;-3.323077;3;1;2;0;1;2;7;1;5;1;50;Indemne;2
202300046552;155 597 943;B01;80;0;2;8;2;3;203 740 492;1;1;3;2;1972.0;5;2;-1;-1;19;7;2023;17:45;1;56;56193;2;6;1;3;47.725582;-3.323077;3;1;2;0;1;2;7;1;5;1;50;Blessé hospitalisé;2
202300046563;155 597 918;B01;7;0;9;1;16;1;203 740 454;1;1;1;2;1999.0;1;1;8;-1;5;1;2023;12:10;1;68;68066;2;3;1;3;48.07192;7.34807;3;2;2;1;1;1; -1;1;0;1;50;Indemne;3
202300046563;155 597 918;B01;7;0;9;1;16;1;203 740 454;1;1;1;2;1999.0;1;1;8;-1;5;1;2023;12:10;1;68;68066;2;3;1;3;48.07192;7.34807;3;2;2;0;1;1; -1;1;0;5;50;Indemne;3
202300046563;155 597 919;A01;1;0;2;8;1;5;203 740 455;1;1;3;2;1954.0;3;8;0;-1;5;1;2023;12:10;1;68;68066;2;3;1;3;48.07192;7.34807;3;2;2;1;1;1; -1;1;0;1;50;Blessé hospitalisé;3
202300046563;155 597 919;A01;1;0;2;8;1;5;203 740 455;1;1;3;2;1954.0;3;8;0;-1;5;1;2023;12:10;1;68;68066;2;3;1;3;48.07192;7.34807;3;2;2;0;1;1; -1;1;0;5;50;Blessé hospitalisé;3
202300046569;155 597 909;B01;1;12;2;4;1;5;203 740 438;1;1;4;1;1980.0;5;0;-1;-1;21;7;2023;07:25;1;35;35297;2;1;7;2;48.185306;-2.182117;3;2;2;0;1;1; -1;1;0;1;50;Blessé léger;4
202300046569;155 597 910;A01;7;0;2;2;1;1;203 740 440;1;1;1;1;2003.0;0;1;-1;-1;21;7;2023;07:25;1;35;35297;2;1;7;2;48.185306;-2.182117;3;2;2;0;1;1; -1;1;0;1;50;Indemne;4
202300046572;155 597 904;A01;7;0;2;2;23;0;203 740 431;1;1;1;2;1978.0;5;1;-1;-1;20;7;2023;18:35;1;34;34192;2;1;1;6;43.524706;3.919185;3;2;2;0;1;1;7;1;0;1;50;Indemne;3
202300046572;155 597 905;B01;1;0;2;1;2;5;203 740 433;1;1;4;1;1970.0;5;2;-1;-1;20;7;2023;18:35;1;34;34192;2;1;1;6;43.524706;3.919185;3;2;2;0;1;1;7;1;0;1;50;Blessé léger;3
202300046579;155 597 892;A01;1;0;0;1;0;5;203 740 414;1;1;3;1;1985.0;5;2;-1;-1;20;7;2023;11:40;1;06;06119;1;1;1;7;44.333786;6.865757;7;2;2;0;2;3; -1;1;0;1;80;Blessé hospitalisé;3
202300046596;155 597 857;A01;7;0;9;4;1;0;203 740 367;1;1;1;2;1959.0;5;1;-1;-1;20;7;2023;09:56;1;07;07050;2;1;1;2;44.414425;4.140548;4;2;2;0;1;1; -1;1;0;1;30;Indemne;3
202300046596;155 597 859;B01;1;0;2;1;1;5;203 740 369;1;1;3;1;2000.0;5;2;-1;-1;20;7;2023;09:56;1;07;07050;2;1;1;2;44.414425;4.140548;4;2;2;0;1;1; -1;1;0;1;30;Blessé hospitalisé;3
202300046604;155 597 840;A01;7;0;0;3;1;1;203 740 346;1;1;1;1;1993.0;9;8;-1;-1;20;7;2023;10:15;1;21;21092;1;1;1;1;47.14003;4.774051;3;2;2;0;2;3;4;1;0;1;80;Indemne;3
202300046604;155 597 841;B01;1;0;2;9;1;5;203 740 348;1;1;2;1;1963.0;5;2;6;-1;20;7;2023;10:15;1;21;21092;1;1;1;1;47.14003;4.774051;3;2;2;0;2;3;4;1;0;1;80;Tué;3
202300046609;155 597 833;A01;1;0;2;3;2;5;203 740 335;1;1;4;2;1977.0;1;8;0;-1;30;9;2023;18:30;1;75;75114;2;3;1;3;48.829611;2.32852;4;2;5;3;1;1; -1;1;0;1;30;Blessé léger;5
202300046609;155 597 833;A01;1;0;2;3;2;5;203 740 335;1;1;4;2;1977.0;1;8;0;-1;30;9;2023;18:30;1;75;75114;2;3;1;3;48.829611;2.32852;4;1; -1;-1;1;1; -1;1;0;1;30;Blessé léger;5
202300046609;155 597 835;B01;7;0;2;2;17;4;203 740 338;1;1;1;1;2000.0;4;8;8;-1;30;9;2023;18:30;1;75;75114;2;3;1;3;48.829611;2.32852;4;2;5;3;1;1; -1;1;0;1;30;Indemne;5
202300046609;155 597 835;B01;7;0;2;2;17;4;203 740 338;1;1;1;1;2000.0;4;8;8;-1;30;9;2023;18:30;1;75;75114;2;3;1;3;48.829611;2.32852;4;1; -1;-1;1;1; -1;1;0;1;30;Indemne;5
202300046613;155 597 823;B01;1;0;2;8;1;5;203 740 322;1;1;4;1;1972.0;0;8;0;-1;8;1;2023;09:00;1;06;06004;2;3;3;3;43.578506;7.117251;4;2;2;0;1;1; -1;2;0;1;50;Blessé léger;6
202300046613;155 597 823;B01;1;0;2;8;1;5;203 740 322;1;1;4;1;1972.0;0;8;0;-1;8;1;2023;09:00;1;06;06004;2;3;3;3;43.578506;7.117251;4;2;2;0;2;2; -1;2;0;1;50;Blessé léger;6
202300046613;155 597 825;A01;7;0;9;7;1;1;203 740 324;1;1;1;1;1994.0;3;1;-1;-1;8;1;2023;09:00;1;06;06004;2;3;3;3;43.578506;7.117251;4;2;2;0;1;1; -1;2;0;1;50;Indemne;6
202300046613;155 597 825;A01;7;0;9;7;1;1;203 740 324;1;1;1;1;1994.0;3;1;-1;-1;8;1;2023;09:00;1;06;06004;2;3;3;3;43.578506;7.117251;4;2;2;0;2;2; -1;2;0;1;50;Indemne;6
202300046621;155 597 808;A01;30;0;2;1;1;1;203 740 302;1;1;1;1;1984.0;4;2;6;-1;8;1;2023;21:30;5;75;75106;2;1;1;2;48.846428;2.324772;4;1;3;1;1;1; -1;2;-1;5;30;Indemne;6
202300046621;155 597 810;B01;80;0;2;4;10;3;203 740 303;1;1;4;1;1994.0;4;8;0;-1;8;1;2023;21:30;5;75;75106;2;1;1;2;48.846428;2.324772;4;1;3;1;1;1; -1;2;-1;5;30;Blessé léger;6
202300046629;155 597 798;A01;1;0;1;1;1;5;203 740 286;1;1;1;1;1994.0;5;2;0;-1;30;9;2023;20:10;5;75;75113;2;1;1;6;48.827799;2.342408;4;1;2;0;1;1; -1;1;0;1;30;Indemne;5
202300046629;155 597 798;A01;1;0;1;1;1;5;203 740 287;10;3;4;2;1945.0;5;0;-1;-1;30;9;2023;20:10;5;75;75113;2;1;1;6;48.827799;2.342408;4;1;2;0;1;1; -1;1;0;1;30;Blessé léger;5
202300046633;155 597 793;A01;1;0;2;1;1;5;203 740 280;1;1;4;2;1995.0;5;2;0;-1;30;9;2023;21:05;5;75;75113;2;3;1;3;48.835495;2.3586;4;2;3;3;1;1; -1;1;0;1;30;Blessé léger;5
202300046633;155 597 793;A01;1;0;2;1;1;5;203 740 280;1;1;4;2;1995.0;5;2;0;-1;30;9;2023;21:05;5;75;75113;2;3;1;3;48.835495;2.3586;4;1; -1;-1;1;1; -1;1;0;1;30;Blessé léger;5
202300046633;155 597 794;B01;7;0;2;5;15;1;203 740 281;1;1;1;2;1971.0;5;1;0;-1;30;9;2023;21:05;5;75;75113;2;3;1;3;48.835495;2.3586;4;2;3;3;1;1; -1;1;0;1;30;Indemne;5
202300046633;155 597 794;B01;7;0;2;5;15;1;203 740 281;1;1;1;2;1971.0;5;1;0;-1;30;9;2023;21:05;5;75;75113;2;3;1;3;48.835495;2.3586;4;1; -1;-1;1;1; -1;1;0;1;30;Indemne;5
202300046634;155 597 791;A01;1;0;1;1;1;5;203 740 276;10;3;4;1;1996.0;5;0;-1;-1;8;1;2023;03:40;5;75;75110;2;1;1;6;48.87017136;2.35473678;4;1;3;1;1;1; -1;2;-1;6;30;Blessé léger;6
202300046634;155 597 791;A01;1;0;1;1;1;5;203 740 278;1;1;4;2;1998.0;5;8;0;-1;8;1;2023;03:40;5;75;75110;2;1;1;6;48.87017136;2.35473678;4;1;3;1;1;1; -1;2;-1;6;30;Blessé léger;6
202300046636;155 597 789;A01;1;0;0;0;1;5;203 740 273;1;1;4;2;1994.0;5;8;0;-1;30;9;2023;09:30;1;75;75113;2;1;1;7;48.823159;2.373807;4;1;4;1;2;1; -1;1;0;4;30;Blessé léger;5
202300046639;155 597 784;A01;1;0;1;1;1;5;203 740 265;10;3;4;1;2014.0;5;0;-1;-1;8;1;2023;17:15;1;75;75107;2;1;1;6;48.850977;2.323839;4;1;1;0;1;1; -1;1;0;1;30;Blessé léger;6