Num_Acc;id_vehicule;num_veh;catv;obs;obsm;choc;manv;motor;id_usager;place;catu;grav;sexe;an_nais;trajet;secu1;secu2;secu3;jour;mois;an;hrmn;lum;dep;com;agg;int;atm;col;lat;long;catr;circ;nbv;vosp;prof;plan;larrout;surf;infra;situ;vma;gravity;day_of_week
202300046639;155 597 784;A01;1;0;1;1;1;5;203 740 267;1;1;1;1;1990.0;5;8;0;-1;8;1;2023;17:15;1;75;75107;2;1;1;6;48.850977;2.323839;4;1;1;0;1;1; -1;1;0;1;30;Indemne;6
202300046640;155 597 781;B01;1;0;2;8;19;5;203 740 263;1;1;2;1;1964.0;5;0;-1;-1;19;7;2023;20:45;2;33;33199;2;2;1;3;44.64010071;-1.04437038;3;2;2;0;1;1;5,5;1;0;1;50;Tué;2
202300046640;155 597 781;B01;1;0;2;8;19;5;203 740 263;1;1;2;1;1964.0;5;0;-1;-1;19;7;2023;20:45;2;33;33199;2;2;1;3;44.64010071;-1.04437038;3;2;2;-1;1;1; -1;1;0;1;50;Tué;2
202300046640;155 597 783;A01;7;0;2;1;1;1;203 740 264;1;1;1;2;2003.0;0;1;-1;-1;19;7;2023;20:45;2;33;33199;2;2;1;3;44.64010071;-1.04437038;3;2;2;0;1;1;5,5;1;0;1;50;Indemne;2
202300046640;155 597 783;A01;7;0;2;1;1;1;203 740 264;1;1;1;2;2003.0;0;1;-1;-1;19;7;2023;20:45;2;33;33199;2;2;1;3;44.64010071;-1.04437038;3;2;2;-1;1;1; -1;1;0;1;50;Indemne;2
202300046645;155 597 772;A01;1;0;1;3;2;5;203 740 251;1;1;1;1;1986.0;3;8;0;-1;8;1;2023;11:02;1;93;93077;2;1;1;6;48.89232;2.505;4;2;2;1;1;1; -1;2;0;5;50;Indemne;6
202300046645;155 597 772;A01;1;0;1;3;2;5;203 740 252;10;3;4;2;1970.0;5;0;-1;-1;8;1;2023;11:02;1;93;93077;2;1;1;6;48.89232;2.505;4;2;2;1;1;1; -1;2;0;5;50;Blessé léger;6
202300046647;155 597 768;A01;33;0;2;5;1;1;203 740 239;1;1;1;1;1991.0;9;2;6;-1;29;9;2023;13:20;1;75;75120;2;4;1;3;48.86666;2.41263;4;1;2;1;1;1; -1;1;0;1;30;Indemne;4
202300046647;155 597 768;A01;33;0;2;5;1;1;203 740 239;1;1;1;1;1991.0;9;2;6;-1;29;9;2023;13:20;1;75;75120;2;4;1;3;48.86666;2.41263;4;1;2;-1;1;1; -1;1;0;1;50;Indemne;4
202300046647;155 597 773;B01;80;0;0;0;1;3;203 740 253;1;1;3;1;1970.0;9;2;8;-1;29;9;2023;13:20;1;75;75120;2;4;1;3;48.86666;2.41263;4;1;2;1;1;1; -1;1;0;1;30;Blessé hospitalisé;4
202300046647;155 597 773;B01;80;0;0;0;1;3;203 740 253;1;1;3;1;1970.0;9;2;8;-1;29;9;2023;13:20;1;75;75120;2;4;1;3;48.86666;2.41263;4;1;2;-1;1;1; -1;1;0;1;50;Blessé hospitalisé;4
202300046663;155 597 747;B01;1;0;2;1;2;5;203 740 215;1;1;4;1;1962.0;9;8;0;-1;30;9;2023;16:15;1;75;75107;2;3;1;1;48.860509;2.295671;4;2; -1;-1;1;1; -1;1;0;5;30;Blessé léger;5
202300046663;155 597 747;B01;1;0;2;1;2;5;203 740 215;1;1;4;1;1962.0;9;8;0;-1;30;9;2023;16:15;1;75;75107;2;3;1;1;48.860509;2.295671;4;2;9;1;2;1; -1;1;0;5;25;Blessé léger;5
202300046665;155 597 740;A01;1;0;1;1;1;5;203 740 205;1;1;4;1;2001.0;2;8;0;-1;29;9;2023;14:00;1;75;75101;2;1;1;6;48.857421;2.345604;4;2;1;0;1;1; -1;1;0;1;25;Blessé léger;4
202300046665;155 597 740;A01;1;0;1;1;1;5;203 740 206;10;3;4;2;1987.0;1;0;-1;-1;29;9;2023;14:00;1;75;75101;2;1;1;6;48.857421;2.345604;4;2;1;0;1;1; -1;1;0;1;25;Blessé léger;4
202300046685;155 597 704;B01;1;0;2;3;1;5;203 740 157;1;1;3;1;1974.0;1;2;-1;-1;14;6;2023;10:15;1;26;26064;1;2;1;3;44.89597601;5.01040392;3;2;2;0;1;1;7;1;5;1;80;Blessé hospitalisé;2
202300046685;155 597 704;B01;1;0;2;3;1;5;203 740 157;1;1;3;1;1974.0;1;2;-1;-1;14;6;2023;10:15;1;26;26064;1;2;1;3;44.89597601;5.01040392;3;-1; -1;-1;1;1; -1;1;0;1;-1;Blessé hospitalisé;2
202300046685;155 597 707;A01;13;0;2;5;13;1;203 740 160;1;1;1;1;1964.0;4;1;-1;-1;14;6;2023;10:15;1;26;26064;1;2;1;3;44.89597601;5.01040392;3;2;2;0;1;1;7;1;5;1;80;Indemne;2
202300046685;155 597 707;A01;13;0;2;5;13;1;203 740 160;1;1;1;1;1964.0;4;1;-1;-1;14;6;2023;10:15;1;26;26064;1;2;1;3;44.89597601;5.01040392;3;-1; -1;-1;1;1; -1;1;0;1;-1;Indemne;2
202300046693;155 597 691;B01;1;0;2;8;19;5;203 740 142;1;1;4;1;2010.0;5;8;0;-1;30;9;2023;20:00;5;93;93007;2;6;1;3;48.94709;2.45909;3;2;2;0;1;1;12;1;0;1;50;Blessé léger;5
202300046693;155 597 691;B01;1;0;2;8;19;5;203 740 142;1;1;4;1;2010.0;5;8;0;-1;30;9;2023;20:00;5;93;93007;2;6;1;3;48.94709;2.45909;3;2;2;1;1;1; -1;1;0;1;-1;Blessé léger;5
202300046705;155 597 666;A01;1;1;0;1;1;5;203 740 110;1;1;3;1;1943.0;5;2;6;-1;9;1;2023;14:05;1;04;04116;1;1;1;2;44.04625;6.019521;3;2;2;0;1;1; -1;1;0;1;80;Blessé hospitalisé;0
202300046705;155 597 668;B01;14;0;0;4;23;1;203 740 111;1;1;1;1;1968.0;4;4;-1;-1;9;1;2023;14:05;1;04;04116;1;1;1;2;44.04625;6.019521;3;2;2;0;1;1; -1;1;0;1;80;Indemne;0
202300046709;155 597 659;A01;1;0;1;3;1;5;203 740 099;1;1;1;1;1963.0;5;2;-1;-1;19;7;2023;11:50;1;60;60612;2;1;1;6;49.196173;2.573357;4;2;2;0;1;1; -1;1;0;1;50;Indemne;2
202300046709;155 597 659;A01;1;0;1;3;1;5;203 740 100;10;3;3;2;1953.0;5;0;-1;-1;19;7;2023;11:50;1;60;60612;2;1;1;6;49.196173;2.573357;4;2;2;0;1;1; -1;1;0;1;50;Blessé hospitalisé;2
202300046744;155 597 598;C01;7;0;2;0;0;1;203 740 011;1;1;1;2;1979.0;0;8;-1;-1;19;7;2023;09:05;1;69;69387;2;1;1;5;45.72895648;4.83774555;4;2;2;0;1;1; -1;1;0;1;30;Indemne;2
202300046744;155 597 600;B01;1;1;2;8;13;5;203 740 013;1;1;4;2;1990.0;0;8;-1;-1;19;7;2023;09:05;1;69;69387;2;1;1;5;45.72895648;4.83774555;4;2;2;0;1;1; -1;1;0;1;30;Blessé léger;2
202300046744;155 597 601;A01;38;0;2;2;17;1;203 740 014;1;1;1;1;1991.0;4;1;-1;-1;19;7;2023;09:05;1;69;69387;2;1;1;5;45.72895648;4.83774555;4;2;2;0;1;1; -1;1;0;1;30;Indemne;2
202300046789;155 597 517;A01;15;0;2;3;1;1;203 739 899;1;1;1;1;1975.0;4;1;0;-1;19;7;2023;18:00;1;78;78350;2;1;1;2;48.85555;2.10739;2;2;0;0;1;1;0;1;0;1;50;Indemne;2
202300046789;155 597 518;B01;80;0;2;4;12;3;203 739 900;1;1;3;2;1977.0;1;2;8;-1;19;7;2023;18:00;1;78;78350;2;1;1;2;48.85555;2.10739;2;2;0;0;1;1;0;1;0;1;50;Blessé hospitalisé;2
202300046809;155 597 478;A01;80;0;2;1;1;3;203 739 846;1;1;4;1;1950.0;5;2;-1;-1;19;7;2023;17:54;1;63;63032;2;5;1;3;45.75607;3.08448;4;1;1;-1;1;-1; -1;1;5;1;50;Blessé léger;2
202300046809;155 597 478;A01;80;0;2;1;1;3;203 739 846;1;1;4;1;1950.0;5;2;-1;-1;19;7;2023;17:54;1;63;63032;2;5;1;3;45.75607;3.08448;4;2;3;0;2;1; -1;1;0;1;50;Blessé léger;2
202300046809;155 597 480;B01;7;0;9;3;16;1;203 739 849;1;1;1;2;1999.0;9;1;-1;-1;19;7;2023;17:54;1;63;63032;2;5;1;3;45.75607;3.08448;4;1;1;-1;1;-1; -1;1;5;1;50;Indemne;2
202300046809;155 597 480;B01;7;0;9;3;16;1;203 739 849;1;1;1;2;1999.0;9;1;-1;-1;19;7;2023;17:54;1;63;63032;2;5;1;3;45.75607;3.08448;4;2;3;0;2;1; -1;1;0;1;50;Indemne;2
202300046811;155 597 475;A01;1;0;0;0;2;5;203 739 841;1;1;1;1;1990.0;1;2;6;-1;27;6;2023;08:57;1;59;59279;2;1;1;6;50.77084087;3.12151864;7;-1;2;0;4;1; -1;1;0;4;50;Indemne;1
202300046811;155 597 475;A01;1;0;0;0;2;5;203 739 842;10;3;3;2;1937.0;0;0;-1;-1;27;6;2023;08:57;1;59;59279;2;1;1;6;50.77084087;3.12151864;7;-1;2;0;4;1; -1;1;0;4;50;Blessé hospitalisé;1
202300046823;155 597 458;A01;1;0;2;4;15;5;203 739 819;1;1;4;2;1988.0;0;8;0;-1;7;1;2023;10:30;1;64;64024;2;2;1;2;43.49396;-1.49659;4;2;2;-1;1;1; -1;1;5;1;50;Blessé léger;5
202300046823;155 597 458;A01;1;0;2;4;15;5;203 739 819;1;1;4;2;1988.0;0;8;0;-1;7;1;2023;10:30;1;64;64024;2;2;1;2;43.49396;-1.49659;4;2;2;0;1;1; -1;1;0;1;50;Blessé léger;5
202300046823;155 597 459;B01;7;0;2;2;1;1;203 739 820;1;1;1;2;1998.0;0;1;0;-1;7;1;2023;10:30;1;64;64024;2;2;1;2;43.49396;-1.49659;4;2;2;-1;1;1; -1;1;5;1;50;Indemne;5
202300046823;155 597 459;B01;7;0;2;2;1;1;203 739 820;1;1;1;2;1998.0;0;1;0;-1;7;1;2023;10:30;1;64;64024;2;2;1;2;43.49396;-1.49659;4;2;2;0;1;1; -1;1;0;1;50;Indemne;5
202300046824;155 597 454;A01;7;0;9;1;1;1;203 739 814;1;1;1;2;1984.0;1;1;0;-1;18;7;2023;22:54;5;54;54395;2;2;1;3;48.68061792;6.17895395;4;2;2;0;2;1; -1;1;0;1;50;Indemne;1
202300046824;155 597 454;A01;7;0;9;1;1;1;203 739 814;1;1;1;2;1984.0;1;1;0;-1;18;7;2023;22:54;5;54;54395;2;2;1;3;48.68061792;6.17895395;4;1;1;3;1;1; -1;1;9;1;50;Indemne;1
202300046824;155 597 457;B01;1;0;2;2;26;5;203 739 818;1;1;3;1;1998.0;5;8;0;-1;18;7;2023;22:54;5;54;54395;2;2;1;3;48.68061792;6.17895395;4;2;2;0;2;1; -1;1;0;1;50;Blessé hospitalisé;1
202300046824;155 597 457;B01;1;0;2;2;26;5;203 739 818;1;1;3;1;1998.0;5;8;0;-1;18;7;2023;22:54;5;54;54395;2;2;1;3;48.68061792;6.17895395;4;1;1;3;1;1; -1;1;9;1;50;Blessé hospitalisé;1
202300046827;155 597 450;A01;1;0;2;1;1;5;203 739 808;1;1;1;1;2006.0;0;8;0;-1;18;7;2023;14:50;1;54;54339;2;1;1;1;48.71308;6.17646;4;-1;1;0;1;1; -1;1;0;8;50;Indemne;1
202300046827;155 597 452;B01;1;0;2;1;1;5;203 739 812;1;1;4;2;1946.0;0;2;0;-1;18;7;2023;14:50;1;54;54339;2;1;1;1;48.71308;6.17646;4;-1;1;0;1;1; -1;1;0;8;50;Blessé léger;1
202300046838;155 597 431;A01;10;0;2;2;1;1;203 739 786;1;1;1;1;1998.0;4;1;0;-1;19;7;2023;12:40;1;42;42044;2;3;1;3;45.39506;4.32231;7;2;0;0;1;1; -1;1;0;1;50;Indemne;2
202300046838;155 597 431;A01;10;0;2;2;1;1;203 739 786;1;1;1;1;1998.0;4;1;0;-1;19;7;2023;12:40;1;42;42044;2;3;1;3;45.39506;4.32231;7;2;1;0;1;1; -1;1;0;1;50;Indemne;2
202300046838;155 597 434;B01;1;0;2;1;1;5;203 739 789;1;1;4;1;1985.0;0;8;0;-1;19;7;2023;12:40;1;42;42044;2;3;1;3;45.39506;4.32231;7;2;0;0;1;1; -1;1;0;1;50;Blessé léger;2
202300046838;155 597 434;B01;1;0;2;1;1;5;203 739 789;1;1;4;1;1985.0;0;8;0;-1;19;7;2023;12:40;1;42;42044;2;3;1;3;45.39506;4.32231;7;2;1;0;1;1; -1;1;0;1;50;Blessé léger;2
202300046842;155 597 426;B01;1;0;0;9;1;5;203 739 779;1;1;4;1;1969.0;5;2;-1;-1;1;10;2023;10:45;1;14;14098;1;2;1;7;49.20799659;-0.55823364;3;2;2;0;1;1;4;1;0;1;80;Blessé léger;6
202300046842;155 597 426;B01;1;0;0;9;1;5;203 739 779;1;1;4;1;1969.0;5;2;-1;-1;1;10;2023;10:45;1;14;14098;1;2;1;7;49.20799659;-0.55823364;3;2;2;0;4;1; -1;1;0;1;80;Blessé léger;6
202300046842;155 597 427;A01;7;0;0;0;19;1;203 739 780;1;1;1;1;1990.0;4;1;-1;-1;1;10;2023;10:45;1;14;14098;1;2;1;7;49.20799659;-0.55823364;3;2;2;0;1;1;4;1;0;1;80;Indemne;6
202300046842;155 597 427;A01;7;0;0;0;19;1;203 739 780;1;1;1;1;1990.0;4;1;-1;-1;1;10;2023;10:45;1;14;14098;1;2;1;7;49.20799659;-0.55823364;3;2;2;0;4;1; -1;1;0;1;80;Indemne;6
202300046849;155 597 412;A01;10;0;9;2;1;1;203 739 762;1;1;1;1;1992.0;0;1;-1;-1;30;9;2023;20:00;4;64;64081;2;3;1;3;43.14909;-0.930356;3;2;2;0;2;3;4;1;0;1;50;Indemne;5
202300046849;155 597 412;A01;10;0;9;2;1;1;203 739 762;1;1;1;1;1992.0;0;1;-1;-1;30;9;2023;20:00;4;64;64081;2;3;1;3;43.14909;-0.930356;3;2;2;0;1;1;4;9;0;1;50;Indemne;5
202300046849;155 597 415;B01;1;0;2;8;19;5;203 739 764;1;1;3;1;2015.0;5;0;-1;-1;30;9;2023;20:00;4;64;64081;2;3;1;3;43.14909;-0.930356;3;2;2;0;2;3;4;1;0;1;50;Blessé hospitalisé;5
202300046849;155 597 415;B01;1;0;2;8;19;5;203 739 764;1;1;3;1;2015.0;5;0;-1;-1;30;9;2023;20:00;4;64;64081;2;3;1;3;43.14909;-0.930356;3;2;2;0;1;1;4;9;0;1;50;Blessé hospitalisé;5
202300046863;155 597 387;A01;1;0;2;8;1;5;203 739 723;1;1;3;1;1995.0;9;0;-1;-1;7;1;2023;20:20;5;33;33063;2;2;3;3;44.86973;-0.5666;4;3;5;1;1;1; -1;2;5;1;50;Blessé hospitalisé;5
202300046863;155 597 387;A01;1;0;2;8;1;5;203 739 723;1;1;3;1;1995.0;9;0;-1;-1;7;1;2023;20:20;5;33;33063;2;2;3;3;44.86973;-0.5666;4;3;6;3;1;1; -1;2;5;1;50;Blessé hospitalisé;5
202300046863;155 597 389;B01;7;0;2;1;1;1;203 739 727;2;2;1;1;2000.0;9;1;-1;-1;7;1;2023;20:20;5;33;33063;2;2;3;3;44.86973;-0.5666;4;3;5;1;1;1; -1;2;5;1;50;Indemne;5
202300046863;155 597 389;B01;7;0;2;1;1;1;203 739 727;2;2;1;1;2000.0;9;1;-1;-1;7;1;2023;20:20;5;33;33063;2;2;3;3;44.86973;-0.5666;4;3;6;3;1;1; -1;2;5;1;50;Indemne;5
202300046863;155 597 389;B01;7;0;2;1;1;1;203 739 728;1;1;1;1;1973.0;9;1;-1;-1;7;1;2023;20:20;5;33;33063;2;2;3;3;44.86973;-0.5666;4;3;5;1;1;1; -1;2;5;1;50;Indemne;5
202300046863;155 597 389;B01;7;0;2;1;1;1;203 739 728;1;1;1;1;1973.0;9;1;-1;-1;7;1;2023;20:20;5;33;33063;2;2;3;3;44.86973;-0.5666;4;3;6;3;1;1; -1;2;5;1;50;Indemne;5
202300046888;155 597 345;A01;14;0;2;6;1;1;203 739 666;1;1;1;1;1993.0;4;1;0;-1;18;7;2023;06:40;1;75;75114;2;3;1;3;48.837219;2.323956;4;1; -1;-1;1;1; -1;1;0;1;-1;Indemne;1
202300046888;155 597 345;A01;14;0;2;6;1;1;203 739 666;1;1;1;1;1993.0;4;1;0;-1;18;7;2023;06:40;1;75;75114;2;3;1;3;48.837219;2.323956;4;2;2;0;1;1; -1;1;0;1;30;Indemne;1
202300046888;155 597 346;B01;1;0;2;1;15;5;203 739 667;1;1;4;2;1969.0;1;8;0;-1;18;7;2023;06:40;1;75;75114;2;3;1;3;48.837219;2.323956;4;1; -1;-1;1;1; -1;1;0;1;-1;Blessé léger;1
202300046888;155 597 346;B01;1;0;2;1;15;5;203 739 667;1;1;4;2;1969.0;1;8;0;-1;18;7;2023;06:40;1;75;75114;2;3;1;3;48.837219;2.323956;4;2;2;0;1;1; -1;1;0;1;30;Blessé léger;1
202300046892;155 597 336;B01;33;0;2;3;1;1;203 739 655;1;1;1;1;1995.0;1;2;6;-1;18;7;2023;23:22;5;75;75110;2;2;1;3;48.868813;2.367613;4;1;2;3;1;1; -1;1;0;1;30;Indemne;1
202300046892;155 597 336;B01;33;0;2;3;1;1;203 739 655;1;1;1;1;1995.0;1;2;6;-1;18;7;2023;23:22;5;75;75110;2;2;1;3;48.868813;2.367613;4;2;3;0;1;1; -1;1;0;1;30;Indemne;1
202300046892;155 597 337;A01;80;0;2;1;15;3;203 739 656;1;1;4;2;1999.0;5;8;0;-1;18;7;2023;23:22;5;75;75110;2;2;1;3;48.868813;2.367613;4;1;2;3;1;1; -1;1;0;1;30;Blessé léger;1
202300046892;155 597 337;A01;80;0;2;1;15;3;203 739 656;1;1;4;2;1999.0;5;8;0;-1;18;7;2023;23:22;5;75;75110;2;2;1;3;48.868813;2.367613;4;2;3;0;1;1; -1;1;0;1;30;Blessé léger;1
202300046904;155 597 319;A01;7;0;2;2;1;1;203 739 625;1;1;1;1;1989.0;1;1;0;-1;17;7;2023;19:30;1;94;94017;2;1;1;1;48.80727;2.54961;4;1;1;0;1;2; -1;1;9;1;50;Indemne;0
202300046904;155 597 320;B01;1;0;2;1;19;5;203 739 626;1;1;4;2;2017.0;5;8;0;-1;17;7;2023;19:30;1;94;94017;2;1;1;1;48.80727;2.54961;4;1;1;0;1;2; -1;1;9;1;50;Blessé léger;0
202300046914;155 597 299;A01;7;0;9;2;2;1;203 739 600;1;1;1;1;1943.0;5;1;-1;-1;30;9;2023;13:30;1;11;11426;1;1;1;2;43.2968;2.4573;3;2;2;0;1;1;6;1;0;1;80;Indemne;5
202300046914;155 597 302;B01;80;0;2;8;2;3;203 739 603;1;1;3;2;1973.0;5;2;-1;-1;30;9;2023;13:30;1;11;11426;1;1;1;2;43.2968;2.4573;3;2;2;0;1;1;6;1;0;1;80;Blessé hospitalisé;5
202300046923;155 597 285;Y01;1;0;2;2;1;5;203 739 582;1;1;4;1;1970.0;0;0;-1;-1;19;7;2023;19:15;2;93;93048;2;7;1;3;48.86914;2.43236;4;1;1;1;1;1; -1;1;5;1;30;Blessé léger;2
202300046923;155 597 285;Y01;1;0;2;2;1;5;203 739 582;1;1;4;1;1970.0;0;0;-1;-1;19;7;2023;19:15;2;93;93048;2;7;1;3;48.86914;2.43236;4;2;2;0;1;1; -1;1;5;1;30;Blessé léger;2
202300046923;155 597 286;A01;10;0;2;3;1;1;203 739 583;1;1;1;1;2001.0;0;1;8;-1;19;7;2023;19:15;2;93;93048;2;7;1;3;48.86914;2.43236;4;1;1;1;1;1; -1;1;5;1;30;Indemne;2
202300046923;155 597 286;A01;10;0;2;3;1;1;203 739 583;1;1;1;1;2001.0;0;1;8;-1;19;7;2023;19:15;2;93;93048;2;7;1;3;48.86914;2.43236;4;2;2;0;1;1; -1;1;5;1;30;Indemne;2
202300046925;155 597 282;A01;1;0;1;1;21;5;203 739 578;1;1;1;1;1962.0;1;2;-1;-1;19;7;2023;09:40;1;93;93010;2;3;1;6;48.89331983;2.48690536;4;2;1;1;1;1; -1;1;9;5;30;Indemne;2
202300046925;155 597 282;A01;1;0;1;1;21;5;203 739 578;1;1;1;1;1962.0;1;2;-1;-1;19;7;2023;09:40;1;93;93010;2;3;1;6;48.89331983;2.48690536;4;2;1;0;1;1; -1;1;0;5;30;Indemne;2
202300046925;155 597 282;A01;1;0;1;1;21;5;203 739 579;10;3;4;1;1981.0;1;0;-1;-1;19;7;2023;09:40;1;93;93010;2;3;1;6;48.89331983;2.48690536;4;2;1;1;1;1; -1;1;9;5;30;Blessé léger;2
202300046925;155 597 282;A01;1;0;1;1;21;5;203 739 579;10;3;4;1;1981.0;1;0;-1;-1;19;7;2023;09:40;1;93;93010;2;3;1;6;48.89331983;2.48690536;4;2;1;0;1;1; -1;1;0;5;30;Blessé léger;2
202300046928;155 597 278;A01;1;2;0;1;0;5;203 739 574;1;1;4;1;1986.0;5;2;8;-1;19;7;2023;00:40;5;92;92073;2;1;1;6;48.87115675;2.22779131;4;2;0;0;1;1; -1;1;0;1;30;Blessé léger;2
202300046930;155 597 274;A01;10;0;2;2;15;1;203 739 570;1;1;1;1;2002.0;4;1;0;-1;19;7;2023;12:24;1;92;92077;2;1;1;3;48.82626;2.19203;3;2;2;1;1;1;6;1;0;1;30;Indemne;2
202300046930;155 597 275;B01;1;0;2;1;1;5;203 739 571;1;1;4;1;1960.0;0;2;0;-1;19;7;2023;12:24;1;92;92077;2;1;1;3;48.82626;2.19203;3;2;2;1;1;1;6;1;0;1;30;Blessé léger;2
202300046932;155 597 270;A01;7;0;2;2;16;0;203 739 564;1;1;1;2;1966.0;0;8;8;8;19;7;2023;06:40;1;92;92051;2;2;1;3;48.89363317;2.2674349;3;3;4;1;1;1; -1;1;0;5;50;Indemne;2
202300046932;155 597 270;A01;7;0;2;2;16;0;203 739 564;1;1;1;2;1966.0;0;8;8;8;19;7;2023;06:40;1;92;92051;2;2;1;3;48.89363317;2.2674349;3;2;0;0;1;1; -1;1;0;5;50;Indemne;2
202300046932;155 597 271;B01;1;0;2;8;1;5;203 739 565;1;1;4;2;1993.0;1;8;0;-1;19;7;2023;06:40;1;92;92051;2;2;1;3;48.89363317;2.2674349;3;3;4;1;1;1; -1;1;0;5;50;Blessé léger;2
202300046932;155 597 271;B01;1;0;2;8;1;5;203 739 565;1;1;4;2;1993.0;1;8;0;-1;19;7;2023;06:40;1;92;92051;2;2;1;3;48.89363317;2.2674349;3;2;0;0;1;1; -1;1;0;5;50;Blessé léger;2
202300046934;155 597 266;A01;50;0;9;1;5;3;203 739 560;1;1;4;2;1985.0;1;8;0;-1;18;7;2023;08:56;1;92;92050;2;1;1;1;48.89248921;2.21358848;4;2;2;1;1;1; -1;1;0;5;50;Blessé léger;1
202300046934;155 597 267;B01;80;0;9;1;0;3;203 739 561;1;1;1;2;1966.0;1;2;0;-1;18;7;2023;08:56;1;92;92050;2;1;1;1;48.89248921;2.21358848;4;2;2;1;1;1; -1;1;0;5;50;Indemne;1
202300046935;155 597 265;A01;1;0;0;0;0;5;203 739 559;1;1;4;1;2000.0;5;8;0;-1;19;7;2023;14:00;1;92;92020;2;1;1;7;48.800973;2.279232;3;2;2;0;2;1; -1;1;0;1;50;Blessé léger;2
202300046947;155 597 245;A01;7;0;9;8;23;1;203 739 527;1;1;1;2;1982.0;4;8;-1;-1;17;6;2023;06:35;2;02;02173;2;1;1;6;49.612754;3.203459;4;2;2;0;1;2; -1;1;0;1;50;Indemne;5
202300046947;155 597 246;B01;80;0;2;2;17;3;203 739 528;1;1;2;1;1934.0;5;2;9;-1;17;6;2023;06:35;2;02;02173;2;1;1;6;49.612754;3.203459;4;2;2;0;1;2; -1;1;0;1;50;Tué;5
202300046950;155 597 241;A01;7;0;2;3;9;1;203 739 523;1;1;1;1;1963.0;1;1;-1;-1;17;7;2023;08:00;1;56;56117;2;6;1;3;47.882053;-2.83428;4;2;2;0;1;1;5,5;1;5;1;50;Indemne;0
202300046950;155 597 241;A01;7;0;2;3;9;1;203 739 523;1;1;1;1;1963.0;1;1;-1;-1;17;7;2023;08:00;1;56;56117;2;6;1;3;47.882053;-2.83428;4;2;2;-1;1;1; -1;1;5;1;50;Indemne;0
202300046950;155 597 242;B01;1;0;2;1;1;5;203 739 524;1;1;3;1;1961.0;3;0;-1;-1;17;7;2023;08:00;1;56;56117;2;6;1;3;47.882053;-2.83428;4;2;2;0;1;1;5,5;1;5;1;50;Blessé hospitalisé;0
202300046950;155 597 242;B01;1;0;2;1;1;5;203 739 524;1;1;3;1;1961.0;3;0;-1;-1;17;7;2023;08:00;1;56;56117;2;6;1;3;47.882053;-2.83428;4;2;2;-1;1;1; -1;1;5;1;50;Blessé hospitalisé;0
202300046958;155 597 227;B01;7;0;9;1;15;1;203 739 504;1;1;1;1;1970.0;5;1;-1;-1;19;7;2023;20:15;2;46;46213;1;2;7;1;44.83961667;1.76415458;3;2;2;0;1;1;4;1;0;1;80;Indemne;2
202300046958;155 597 227;B01;7;0;9;1;15;1;203 739 504;1;1;1;1;1970.0;5;1;-1;-1;19;7;2023;20:15;2;46;46213;1;2;7;1;44.83961667;1.76415458;3;2;2;0;1;1;5;1;0;1;80;Indemne;2
202300046958;155 597 229;A01;1;0;2;1;1;5;203 739 506;1;1;3;2;1980.0;5;0;-1;-1;19;7;2023;20:15;2;46;46213;1;2;7;1;44.83961667;1.76415458;3;2;2;0;1;1;4;1;0;1;80;Blessé hospitalisé;2
202300046958;155 597 229;A01;1;0;2;1;1;5;203 739 506;1;1;3;2;1980.0;5;0;-1;-1;19;7;2023;20:15;2;46;46213;1;2;7;1;44.83961667;1.76415458;3;2;2;0;1;1;5;1;0;1;80;Blessé hospitalisé;2
202300046963;155 597 219;A01;7;0;2;7;1;1;203 739 495;1;1;1;2;1943.0;5;1;-1;-1;19;7;2023;16:45;1;29;29035;1;1;1;3;48.49655805;-4.53622331;3;2;2;0;1;1;7;1;0;1;80;Indemne;2
202300046963;155 597 221;B01;1;0;2;8;1;5;203 739 498;1;1;4;1;1961.0;5;2;-1;-1;19;7;2023;16:45;1;29;29035;1;1;1;3;48.49655805;-4.53622331;3;2;2;0;1;1;7;1;0;1;80;Blessé léger;2
202300046982;155 597 193;A01;1;0;0;0;0;5;203 739 457;1;1;3;1;1936.0;5;2;-1;-1;19;7;2023;08:30;2;09;09327;1;1;1;7;42.991088;1.741676;3;2;2;0;2;1;5,5;1;0;1;80;Blessé hospitalisé;2
202300046988;155 597 181;A01;7;0;2;3;16;1;203 739 433;1;1;1;1;1963.0;4;1;-1;-1;16;6;2023;16:40;1;34;34183;2;6;7;3;43.290932;3.118492;3;1;1;1;1;3;3,5;1;0;5;50;Indemne;4
202300046988;155 597 181;A01;7;0;2;3;16;1;203 739 434;2;2;1;2;1969.0;4;1;-1;-1;16;6;2023;16:40;1;34;34183;2;6;7;3;43.290932;3.118492;3;1;1;1;1;3;3,5;1;0;5;50;Indemne;4
202300046988;155 597 182;B01;80;0;2;2;1;3;203 739 435;1;1;3;2;1950.0;5;0;-1;-1;16;6;2023;16:40;1;34;34183;2;6;7;3;43.290932;3.118492;3;1;1;1;1;3;3,5;1;0;5;50;Blessé hospitalisé;4
202300046991;155 597 177;A01;1;0;2;0;17;5;203 739 429;1;1;3;1;1972.0;0;0;-1;-1;17;6;2023;17:20;1;13;13086;2;6;1;2;43.338214;5.601193;3;-1;1;0;1;1;3,5;1;5;1;50;Blessé hospitalisé;5