Num_Acc;id_vehicule;num_veh;catv;obs;obsm;choc;manv;motor;id_usager;place;catu;grav;sexe;an_nais;trajet;secu1;secu2;secu3;jour;mois;an;hrmn;lum;dep;com;agg;int;atm;col;lat;long;catr;circ;nbv;vosp;prof;plan;larrout;surf;infra;situ;vma;gravity;day_of_week
202300046991;155 597 178;B01;10;0;9;6;16;1;203 739 430;1;1;1;1;1948.0;5;8;-1;-1;17;6;2023;17:20;1;13;13086;2;6;1;2;43.338214;5.601193;3;-1;1;0;1;1;3,5;1;5;1;50;Indemne;5
202300046993;155 597 172;B01;1;0;2;1;1;5;203 739 419;1;1;1;1;1969.0;5;2;-1;-1;16;6;2023;15:20;1;68;68329;2;1;1;3;48.050589;7.110236;3;2;2;0;1;1;5,5;1;0;1;50;Indemne;4
202300046993;155 597 173;A01;1;0;0;6;21;5;203 739 420;1;1;3;1;1954.0;5;2;-1;-1;16;6;2023;15:20;1;68;68329;2;1;1;3;48.050589;7.110236;3;2;2;0;1;1;5,5;1;0;1;50;Blessé hospitalisé;4
202300046998;155 597 163;A01;1;0;0;0;1;5;203 739 409;1;1;3;2;1967.0;3;0;-1;-1;17;6;2023;10:40;1;44;44205;1;1;1;7;47.435791;-1.449412;4;2;2;2;1;3; -1;1;0;1;50;Blessé hospitalisé;5
202300046999;155 597 161;A01;7;0;2;1;15;1;203 739 407;1;1;1;1;1936.0;5;1;-1;-1;16;6;2023;17:30;1;27;27016;2;3;1;1;49.245703;1.39694;3;2;2;0;1;2;5;1;0;1;50;Indemne;4
202300046999;155 597 161;A01;7;0;2;1;15;1;203 739 407;1;1;1;1;1936.0;5;1;-1;-1;16;6;2023;17:30;1;27;27016;2;3;1;1;49.245703;1.39694;3;2;2;-1;1;1; -1;1;0;1;-1;Indemne;4
202300046999;155 597 162;B01;1;0;2;1;1;5;203 739 408;1;1;3;1;1971.0;5;2;6;-1;16;6;2023;17:30;1;27;27016;2;3;1;1;49.245703;1.39694;3;2;2;0;1;2;5;1;0;1;50;Blessé hospitalisé;4
202300046999;155 597 162;B01;1;0;2;1;1;5;203 739 408;1;1;3;1;1971.0;5;2;6;-1;16;6;2023;17:30;1;27;27016;2;3;1;1;49.245703;1.39694;3;2;2;-1;1;1; -1;1;0;1;-1;Blessé hospitalisé;4
202300047014;155 597 132;A01;1;0;2;1;2;5;203 739 375;1;1;2;1;1946.0;5;2;-1;-1;17;6;2023;11:09;1;71;71120;2;1;1;2;46.208134;4.324886;3;2;2;0;2;1;5,5;1;0;1;50;Tué;5
202300047014;155 597 133;B01;7;0;0;4;23;3;203 739 376;1;1;1;1;1977.0;3;1;-1;-1;17;6;2023;11:09;1;71;71120;2;1;1;2;46.208134;4.324886;3;2;2;0;2;1;5,5;1;0;1;50;Indemne;5
202300047033;155 597 105;A01;10;0;0;0;1;1;203 739 341;1;1;1;1;1970.0;4;1;-1;-1;16;6;2023;11:20;1;66;66182;2;1;1;3;42.72454;3.035982;4;2;2;0;1;3; -1;1;0;1;50;Indemne;4
202300047033;155 597 106;C01;1;0;2;3;1;5;203 739 342;1;1;3;1;1964.0;5;2;-1;-1;16;6;2023;11:20;1;66;66182;2;1;1;3;42.72454;3.035982;4;2;2;0;1;3; -1;1;0;1;50;Blessé hospitalisé;4
202300047038;155 597 099;B01;1;0;2;1;5;5;203 739 333;1;1;4;1;1975.0;5;0;-1;-1;17;6;2023;08:00;1;55;55336;1;1;7;1;49.379841;5.482237;4;2;5;0;1;1; -1;1;0;1;90;Blessé léger;5
202300047041;155 597 093;A01;1;0;0;0;1;5;203 739 327;1;1;2;1;1953.0;5;2;9;-1;16;6;2023;15:00;1;09;09334;1;1;1;7;42.806463;1.420507;3;2;1;0;2;2;3,5;1;0;3;80;Tué;4
202300047049;155 597 082;A01;7;0;2;2;1;1;203 739 311;1;1;1;1;1941.0;5;1;-1;-1;17;6;2023;13:15;1;80;80110;1;3;1;6;50.173744;1.659139;3;2;2;0;1;3;7;1;0;1;50;Indemne;5
202300047049;155 597 082;A01;7;0;2;2;1;1;203 739 311;1;1;1;1;1941.0;5;1;-1;-1;17;6;2023;13:15;1;80;80110;1;3;1;6;50.173744;1.659139;3;-1; -1;-1;-1;-1; -1;-1;-1;-1;-1;Indemne;5
202300047049;155 597 083;B01;1;0;2;5;19;5;203 739 312;1;1;3;1;2010.0;5;0;-1;-1;17;6;2023;13:15;1;80;80110;1;3;1;6;50.173744;1.659139;3;2;2;0;1;3;7;1;0;1;50;Blessé hospitalisé;5
202300047049;155 597 083;B01;1;0;2;5;19;5;203 739 312;1;1;3;1;2010.0;5;0;-1;-1;17;6;2023;13:15;1;80;80110;1;3;1;6;50.173744;1.659139;3;-1; -1;-1;-1;-1; -1;-1;-1;-1;-1;Blessé hospitalisé;5
202300047063;155 597 056;B01;1;12;2;0;5;5;203 739 275;1;1;3;1;2014.0;5;0;-1;-1;16;6;2023;17:15;1;80;80136;2;9;1;1;49.941174;2.720039;4;1;1;0;1;1; -1;1;0;1;50;Blessé hospitalisé;4
202300047063;155 597 057;A01;38;0;0;1;0;1;203 739 276;1;1;1;2;1971.0;4;1;-1;-1;16;6;2023;17:15;1;80;80136;2;9;1;1;49.941174;2.720039;4;1;1;0;1;1; -1;1;0;1;50;Indemne;4
202300047066;155 597 053;A01;80;0;2;4;19;3;203 739 271;1;1;4;2;1999.0;5;0;-1;-1;14;6;2023;19:45;1;33;33154;2;1;1;2;45.09753;-0.046477;4;2;2;0;1;1; -1;1;0;1;30;Blessé léger;2
202300047089;155 597 016;A01;1;0;2;8;15;5;203 739 222;1;1;3;1;1996.0;0;0;-1;-1;16;6;2023;17:25;1;44;44169;1;3;1;3;47.25169356;-1.40135989;4;2;2;0;1;1; -1;1;0;1;50;Blessé hospitalisé;4
202300047089;155 597 016;A01;1;0;2;8;15;5;203 739 222;1;1;3;1;1996.0;0;0;-1;-1;16;6;2023;17:25;1;44;44169;1;3;1;3;47.25169356;-1.40135989;4;2;2;0;1;1; -1;1;5;1;80;Blessé hospitalisé;4
202300047089;155 597 017;B01;7;0;2;1;1;1;203 739 223;1;1;1;1;1997.0;0;1;-1;-1;16;6;2023;17:25;1;44;44169;1;3;1;3;47.25169356;-1.40135989;4;2;2;0;1;1; -1;1;0;1;50;Indemne;4
202300047089;155 597 017;B01;7;0;2;1;1;1;203 739 223;1;1;1;1;1997.0;0;1;-1;-1;16;6;2023;17:25;1;44;44169;1;3;1;3;47.25169356;-1.40135989;4;2;2;0;1;1; -1;1;5;1;80;Indemne;4
202300047102;155 596 998;A01;1;0;0;0;1;5;203 739 198;1;1;2;1;1955.0;5;2;-1;-1;14;6;2023;14:50;1;36;36156;1;1;7;7;46.45982067;2.13873227;3;2;2;0;1;1;5,5;1;0;3;80;Tué;2
202300047113;155 596 977;B01;32;0;2;1;2;1;203 739 168;1;1;1;1;1985.0;5;2;-1;-1;28;5;2023;17:00;1;11;11170;1;1;1;3;43.10985;3.063726;3;2;2;0;2;1;4;1;0;1;80;Indemne;6
202300047113;155 596 978;A01;80;0;2;8;1;3;203 739 169;1;1;3;2;1951.0;5;2;-1;-1;28;5;2023;17:00;1;11;11170;1;1;1;3;43.10985;3.063726;3;2;2;0;2;1;4;1;0;1;80;Blessé hospitalisé;6
202300047118;155 596 967;A01;10;0;9;3;1;0;203 739 157;1;1;1;1;1999.0;0;8;-1;-1;15;6;2023;17:45;1;18;18207;2;3;1;3;46.991438;2.240731;3;2;2;0;1;1;5;1;5;1;50;Indemne;3
202300047118;155 596 967;A01;10;0;9;3;1;0;203 739 157;1;1;1;1;1999.0;0;8;-1;-1;15;6;2023;17:45;1;18;18207;2;3;1;3;46.991438;2.240731;3;2; -1;-1;1;1; -1;1;0;1;-1;Indemne;3
202300047118;155 596 968;B01;1;0;2;1;16;5;203 739 158;1;1;4;2;2008.0;5;0;-1;-1;15;6;2023;17:45;1;18;18207;2;3;1;3;46.991438;2.240731;3;2;2;0;1;1;5;1;5;1;50;Blessé léger;3
202300047118;155 596 968;B01;1;0;2;1;16;5;203 739 158;1;1;4;2;2008.0;5;0;-1;-1;15;6;2023;17:45;1;18;18207;2;3;1;3;46.991438;2.240731;3;2; -1;-1;1;1; -1;1;0;1;-1;Blessé léger;3
202300047123;155 596 956;A01;3;0;9;2;17;1;203 739 143;1;1;1;1;1986.0;9;1;-1;-1;15;6;2023;11:12;1;68;68028;2;1;1;2;48.204939;7.353831;3;2;2;0;2;1;7;1;0;1;50;Indemne;3
202300047123;155 596 957;B01;80;0;2;4;1;3;203 739 144;1;1;3;1;1944.0;9;2;-1;-1;15;6;2023;11:12;1;68;68028;2;1;1;2;48.204939;7.353831;3;2;2;0;2;1;7;1;0;1;50;Blessé hospitalisé;3
202300047124;155 596 954;B01;80;0;2;1;1;3;203 739 141;1;1;3;1;1980.0;5;0;-1;-1;12;6;2023;17:47;1;67;67492;1;1;1;1;48.59309;7.477655;3;2;2;0;2;1;4;1;0;1;80;Blessé hospitalisé;0
202300047124;155 596 955;A01;7;0;2;2;15;1;203 739 142;1;1;1;1;1954.0;5;1;-1;-1;12;6;2023;17:47;1;67;67492;1;1;1;1;48.59309;7.477655;3;2;2;0;2;1;4;1;0;1;80;Indemne;0
202300047126;155 596 951;A01;1;13;0;0;0;5;203 739 138;1;1;2;1;1939.0;5;2;-1;-1;13;6;2023;18:48;1;01;01211;1;4;1;7;46.133412;5.191641;3;2;2;0;1;1;5,5;1;0;3;80;Tué;1
202300047126;155 596 951;A01;1;13;0;0;0;5;203 739 138;1;1;2;1;1939.0;5;2;-1;-1;13;6;2023;18:48;1;01;01211;1;4;1;7;46.133412;5.191641;3;2;2;0;2;1;5,5;1;0;1;80;Tué;1
202300047141;155 596 923;B01;1;0;2;7;1;5;203 739 099;1;1;4;2;1986.0;0;2;0;-1;7;4;2023;14:20;1;93;93070;2;1;1;3;48.90818;2.33262;3;2;3;1;1;1; -1;1;0;5;50;Blessé léger;4
202300047141;155 596 924;A01;7;0;2;3;22;1;203 739 100;1;1;1;1;1973.0;0;8;0;-1;7;4;2023;14:20;1;93;93070;2;1;1;3;48.90818;2.33262;3;2;3;1;1;1; -1;1;0;5;50;Indemne;4
202300047150;155 596 908;B01;1;0;2;1;1;5;203 739 081;1;1;3;1;1939.0;5;2;6;-1;1;11;2023;11:25;1;77;77005;1;6;3;3;48.920997;2.716631;3;1;2;0;1;1;5,5;2;0;1;-1;Blessé hospitalisé;2
202300047150;155 596 909;A01;10;0;9;3;9;1;203 739 082;1;1;1;1;1988.0;1;0;-1;-1;1;11;2023;11:25;1;77;77005;1;6;3;3;48.920997;2.716631;3;1;2;0;1;1;5,5;2;0;1;-1;Indemne;2
202300047192;155 596 828;B01;1;0;2;1;1;5;203 738 963;1;1;2;1;1995.0;4;8;0;-1;27;10;2023;22:26;5;87;87085;2;1;3;1;45.84965;1.26298;4;2;2;0;2;1; -1;2;0;1;50;Tué;4
202300047192;155 596 829;A01;7;0;2;3;17;1;203 738 964;1;1;1;1;1978.0;5;8;0;-1;27;10;2023;22:26;5;87;87085;2;1;3;1;45.84965;1.26298;4;2;2;0;2;1; -1;2;0;1;50;Indemne;4
202300047220;155 596 769;A01;1;0;2;1;15;5;203 738 892;1;1;3;2;1962.0;4;8;0;-1;30;10;2023;15:30;1;59;59368;2;2;2;1;50.64844;3.07835;4;2;2;0;1;1; -1;2;0;5;30;Blessé hospitalisé;0
202300047220;155 596 769;A01;1;0;2;1;15;5;203 738 892;1;1;3;2;1962.0;4;8;0;-1;30;10;2023;15:30;1;59;59368;2;2;2;1;50.64844;3.07835;4;1;1;1;1;1; -1;2;0;5;50;Blessé hospitalisé;0
202300047220;155 596 770;B01;7;0;9;1;16;0;203 738 893;1;1;1;1;1978.0;5;1;0;-1;30;10;2023;15:30;1;59;59368;2;2;2;1;50.64844;3.07835;4;2;2;0;1;1; -1;2;0;5;30;Indemne;0
202300047220;155 596 770;B01;7;0;9;1;16;0;203 738 893;1;1;1;1;1978.0;5;1;0;-1;30;10;2023;15:30;1;59;59368;2;2;2;1;50.64844;3.07835;4;1;1;1;1;1; -1;2;0;5;50;Indemne;0
202300047226;155 596 758;A01;1;1;0;1;1;5;203 738 879;1;1;4;2;2000.0;0;8;0;-1;12;5;2023;19:50;1;92;92023;2;1;1;3;48.808801;2.273781;4;2;2;0;1;1; -1;1;0;1;30;Blessé léger;4
202300047226;155 596 760;B01;7;0;2;3;24;1;203 738 881;1;1;1;1;1983.0;0;1;0;-1;12;5;2023;19:50;1;92;92023;2;1;1;3;48.808801;2.273781;4;2;2;0;1;1; -1;1;0;1;30;Indemne;4
202300047234;155 596 744;A01;7;0;9;2;17;1;203 738 862;1;1;1;2;1966.0;3;1;-1;-1;13;5;2023;12:45;1;54;54514;1;1;1;4;49.508038;5.617683;3;2;2;0;1;1; -1;1;0;1;80;Indemne;5
202300047234;155 596 746;B01;1;13;2;5;2;5;203 738 864;1;1;2;1;1941.0;5;2;-1;-1;13;5;2023;12:45;1;54;54514;1;1;1;4;49.508038;5.617683;3;2;2;0;1;1; -1;1;0;1;80;Tué;5
202300047234;155 596 747;C01;7;0;2;3;17;6;203 738 866;1;1;1;1;2003.0;5;1;-1;-1;13;5;2023;12:45;1;54;54514;1;1;1;4;49.508038;5.617683;3;2;2;0;1;1; -1;1;0;1;80;Indemne;5
202300047244;155 596 731;A01;10;0;2;2;16;1;203 738 847;1;1;1;1;1995.0;5;1;0;-1;30;10;2023;17:25;1;47;47001;2;3;8;3;44.20451318;0.62636447;3;2;2;0;1;1; -1;1;0;1;30;Indemne;0
202300047244;155 596 731;A01;10;0;2;2;16;1;203 738 847;1;1;1;1;1995.0;5;1;0;-1;30;10;2023;17:25;1;47;47001;2;3;8;3;44.20451318;0.62636447;3;1;1;-1;1;3; -1;1;0;1;30;Indemne;0
202300047244;155 596 733;B01;1;0;2;0;0;5;203 738 849;1;1;4;2;1943.0;0;8;0;-1;30;10;2023;17:25;1;47;47001;2;3;8;3;44.20451318;0.62636447;3;2;2;0;1;1; -1;1;0;1;30;Blessé léger;0
202300047244;155 596 733;B01;1;0;2;0;0;5;203 738 849;1;1;4;2;1943.0;0;8;0;-1;30;10;2023;17:25;1;47;47001;2;3;8;3;44.20451318;0.62636447;3;1;1;-1;1;3; -1;1;0;1;30;Blessé léger;0
202300047254;155 596 712;A01;7;0;2;3;24;1;203 738 824;1;1;1;1;1961.0;5;1;0;-1;31;10;2023;15:37;1;37;37233;2;1;1;3;47.39504;0.71439;4;3;2;1;1;1; -1;1;0;5;50;Indemne;1
202300047254;155 596 713;B01;1;1;0;1;1;5;203 738 825;1;1;4;1;1969.0;5;8;0;-1;31;10;2023;15:37;1;37;37233;2;1;1;3;47.39504;0.71439;4;3;2;1;1;1; -1;1;0;5;50;Blessé léger;1
202300047257;155 596 709;A01;7;0;2;5;16;1;203 738 817;1;1;1;2;2003.0;5;1;-1;-1;31;10;2023;18:50;5;35;35238;2;1;1;3;48.10539;-1.6778;4;3;4;3;1;1; -1;2;0;5;30;Indemne;1
202300047257;155 596 709;A01;7;0;2;5;16;1;203 738 821;2;2;1;2;2003.0;5;1;-1;-1;31;10;2023;18:50;5;35;35238;2;1;1;3;48.10539;-1.6778;4;3;4;3;1;1; -1;2;0;5;30;Indemne;1
202300047257;155 596 710;B01;1;0;2;0;1;5;203 738 822;1;1;4;2;1996.0;5;2;-1;-1;31;10;2023;18:50;5;35;35238;2;1;1;3;48.10539;-1.6778;4;3;4;3;1;1; -1;2;0;5;30;Blessé léger;1
202300047258;155 596 706;A01;1;0;0;0;1;5;203 738 813;1;1;3;1;1989.0;5;2;-1;-1;12;5;2023;18:05;1;36;36182;1;1;1;7;46.44608088;1.39317106;3;2;2;0;4;3;5,5;1;0;1;80;Blessé hospitalisé;4
202300047270;155 596 688;A01;50;0;0;4;15;3;203 738 789;1;1;1;1;2002.0;1;0;-1;-1;13;5;2023;08:13;1;95;95394;2;3;1;2;49.059095;2.188447;3;2;2;0;2;2;5;1;0;1;50;Indemne;5
202300047270;155 596 688;A01;50;0;0;4;15;3;203 738 789;1;1;1;1;2002.0;1;0;-1;-1;13;5;2023;08:13;1;95;95394;2;3;1;2;49.059095;2.188447;3;2; -1;-1;1;1; -1;1;0;1;-1;Indemne;5
202300047270;155 596 690;B01;1;0;9;1;21;5;203 738 791;1;1;4;1;1960.0;5;2;-1;-1;13;5;2023;08:13;1;95;95394;2;3;1;2;49.059095;2.188447;3;2;2;0;2;2;5;1;0;1;50;Blessé léger;5
202300047270;155 596 690;B01;1;0;9;1;21;5;203 738 791;1;1;4;1;1960.0;5;2;-1;-1;13;5;2023;08:13;1;95;95394;2;3;1;2;49.059095;2.188447;3;2; -1;-1;1;1; -1;1;0;1;-1;Blessé léger;5
202300047278;155 596 671;A01;10;0;2;3;9;1;203 738 765;1;1;1;1;1969.0;4;1;0;-1;30;10;2023;10:45;1;29;29019;2;6;2;1;48.41565;-4.462251;4;2;2;0;1;1; -1;2;0;1;50;Indemne;0
202300047278;155 596 671;A01;10;0;2;3;9;1;203 738 765;1;1;1;1;1969.0;4;1;0;-1;30;10;2023;10:45;1;29;29019;2;6;2;1;48.41565;-4.462251;4;2;2;0;1;1; -1;2;0;1;50;Indemne;0
202300047278;155 596 673;B01;1;0;2;7;1;5;203 738 768;1;1;3;2;1961.0;3;8;0;-1;30;10;2023;10:45;1;29;29019;2;6;2;1;48.41565;-4.462251;4;2;2;0;1;1; -1;2;0;1;50;Blessé hospitalisé;0
202300047278;155 596 673;B01;1;0;2;7;1;5;203 738 768;1;1;3;2;1961.0;3;8;0;-1;30;10;2023;10:45;1;29;29019;2;6;2;1;48.41565;-4.462251;4;2;2;0;1;1; -1;2;0;1;50;Blessé hospitalisé;0
202300047280;155 596 667;A01;7;0;9;3;1;1;203 738 761;1;1;1;1;1958.0;0;1;-1;-1;12;5;2023;09:00;1;67;67300;2;1;1;1;48.537705;7.498837;4;2;3;1;1;1; -1;1;5;1;50;Indemne;4
202300047280;155 596 669;B01;1;0;2;2;1;5;203 738 763;1;1;4;1;2006.0;4;0;-1;-1;12;5;2023;09:00;1;67;67300;2;1;1;1;48.537705;7.498837;4;2;3;1;1;1; -1;1;5;1;50;Blessé léger;4
202300047281;155 596 668;A01;7;0;9;1;1;1;203 738 762;1;1;1;1;2003.0;5;1;8;-1;31;10;2023;21:05;5;26;26198;2;1;1;1;44.5536;4.72216;4;2;2;0;1;4; -1;1;0;1;30;Indemne;1
202300047281;155 596 670;B01;1;0;2;1;1;5;203 738 764;1;1;4;1;2006.0;5;8;0;-1;31;10;2023;21:05;5;26;26198;2;1;1;1;44.5536;4.72216;4;2;2;0;1;4; -1;1;0;1;30;Blessé léger;1
202300047293;155 596 648;B01;1;0;0;7;9;5;203 738 735;1;1;4;1;1970.0;5;2;-1;-1;5;4;2023;08:58;1;44;44120;2;6;1;3;47.200506;-1.759642;7;4;3;2;1;2; -1;1;0;1;30;Blessé léger;2
202300047293;155 596 650;A01;7;0;9;3;9;1;203 738 738;1;1;1;2;2002.0;2;1;-1;-1;5;4;2023;08:58;1;44;44120;2;6;1;3;47.200506;-1.759642;7;4;3;2;1;2; -1;1;0;1;30;Indemne;2
202300047296;155 596 638;A01;7;0;2;3;9;1;203 738 725;1;1;1;1;1997.0;0;1;0;-1;31;10;2023;11:31;1;13;13005;2;1;1;3;43.28704;5.60157;4;2;2;0;1;1; -1;1;0;1;30;Indemne;1
202300047296;155 596 640;B01;1;0;2;1;1;5;203 738 727;1;1;4;2;1939.0;0;8;0;-1;31;10;2023;11:31;1;13;13005;2;1;1;3;43.28704;5.60157;4;2;2;0;1;1; -1;1;0;1;30;Blessé léger;1
202300047297;155 596 632;A01;1;0;2;4;9;5;203 738 719;1;1;4;2;2006.0;5;8;0;-1;26;10;2023;18:00;1;10;10343;2;6;1;2;48.27432;4.09101;4;2;2;0;1;1; -1;1;0;1;50;Blessé léger;3
202300047297;155 596 632;A01;1;0;2;4;9;5;203 738 719;1;1;4;2;2006.0;5;8;0;-1;26;10;2023;18:00;1;10;10343;2;6;1;2;48.27432;4.09101;4;2;2;0;1;1; -1;1;0;1;50;Blessé léger;3
202300047307;155 596 616;A01;7;0;2;3;26;1;203 738 702;1;1;1;1;1978.0;1;1;0;-1;30;10;2023;07:10;2;10;10325;2;1;2;3;48.26480979;4.04087716;2;1;1;0;1;1;3;2;0;4;50;Indemne;0
202300047307;155 596 618;B01;1;0;2;1;25;5;203 738 704;1;1;3;1;2006.0;1;8;0;-1;30;10;2023;07:10;2;10;10325;2;1;2;3;48.26480979;4.04087716;2;1;1;0;1;1;3;2;0;4;50;Blessé hospitalisé;0
202300047317;155 596 599;A01;7;0;2;8;22;1;203 738 677;1;1;1;2;1980.0;3;8;0;-1;31;10;2023;12:10;1;04;04070;2;1;1;3;44.09489;6.23561;4;2;2;0;1;1; -1;1;0;1;50;Indemne;1
202300047317;155 596 601;B01;1;0;2;1;1;5;203 738 680;1;1;4;1;1969.0;1;2;0;-1;31;10;2023;12:10;1;04;04070;2;1;1;3;44.09489;6.23561;4;2;2;0;1;1; -1;1;0;1;50;Blessé léger;1
202300047353;155 596 536;A01;1;12;0;1;1;5;203 738 591;1;1;4;2;1974.0;9;8;0;-1;31;10;2023;14:30;1;75;75108;2;2;8;7;48.869063;2.310305;4;2;6;1;1;3; -1;1;5;5;50;Blessé léger;1
202300047353;155 596 536;A01;1;12;0;1;1;5;203 738 591;1;1;4;2;1974.0;9;8;0;-1;31;10;2023;14:30;1;75;75108;2;2;8;7;48.869063;2.310305;4;2; -1;-1;1;1; -1;1;0;1;50;Blessé léger;1
202300047354;155 596 534;A01;7;0;2;1;15;2;203 738 589;1;1;1;1;1974.0;5;1;0;-1;10;5;2023;12:00;1;95;95555;2;9;2;3;48.96281;2.2869;4;2;0;0;1;1; -1;2;0;1;30;Indemne;2
202300047354;155 596 535;B01;80;0;2;1;1;3;203 738 590;1;1;4;1;1992.0;1;2;8;-1;10;5;2023;12:00;1;95;95555;2;9;2;3;48.96281;2.2869;4;2;0;0;1;1; -1;2;0;1;30;Blessé léger;2
202300047364;155 596 514;A01;7;0;2;0;0;1;203 738 561;1;1;1;1;2000.0;0;1;0;-1;30;10;2023;20:30;5;94;94003;2;9;1;3;48.80786235;2.33340302;3;1;0;1;1;1;0;1;0;1;50;Indemne;0
202300047364;155 596 514;A01;7;0;2;0;0;1;203 738 561;1;1;1;1;2000.0;0;1;0;-1;30;10;2023;20:30;5;94;94003;2;9;1;3;48.80786235;2.33340302;3;1;0;0;1;1;0;1;0;1;50;Indemne;0
202300047364;155 596 515;B01;1;0;2;0;0;5;203 738 562;1;1;4;1;1979.0;0;8;0;-1;30;10;2023;20:30;5;94;94003;2;9;1;3;48.80786235;2.33340302;3;1;0;1;1;1;0;1;0;1;50;Blessé léger;0
202300047364;155 596 515;B01;1;0;2;0;0;5;203 738 562;1;1;4;1;1979.0;0;8;0;-1;30;10;2023;20:30;5;94;94003;2;9;1;3;48.80786235;2.33340302;3;1;0;0;1;1;0;1;0;1;50;Blessé léger;0
202300047379;155 596 490;B01;1;0;2;1;0;5;203 738 531;1;1;4;1;1993.0;0;0;-1;-1;4;4;2023;19:00;1;44;44103;1;1;1;1;47.325715;-2.169444;4;-1;1;0;2;4; -1;1;1;1;30;Blessé léger;1
202300047379;155 596 492;A01;7;0;9;1;1;1;203 738 534;1;1;1;2;1980.0;0;1;-1;-1;4;4;2023;19:00;1;44;44103;1;1;1;1;47.325715;-2.169444;4;-1;1;0;2;4; -1;1;1;1;30;Indemne;1
202300047381;155 596 482;A01;7;0;2;7;2;1;203 738 524;1;1;1;1;1980.0;0;1;-1;-1;4;4;2023;19:00;1;60;60170;1;1;7;3;49.203383;2.560265;3;2;2;0;2;1; -1;1;0;1;70;Indemne;1
202300047381;155 596 484;B01;1;0;0;8;2;5;203 738 526;1;1;4;1;2004.0;1;2;-1;-1;4;4;2023;19:00;1;60;60170;1;1;7;3;49.203383;2.560265;3;2;2;0;2;1; -1;1;0;1;70;Blessé léger;1
202300047390;155 596 466;A01;7;0;9;2;1;1;203 738 503;1;1;1;1;1992.0;0;1;0;-1;30;10;2023;13:38;1;92;92024;2;1;2;2;48.90233906;2.31396818;3;2;4;1;1;1; -1;2;0;1;50;Indemne;0
202300047390;155 596 467;B01;1;0;2;1;1;5;203 738 504;1;1;4;1;1993.0;0;2;0;-1;30;10;2023;13:38;1;92;92024;2;1;2;2;48.90233906;2.31396818;3;2;4;1;1;1; -1;2;0;1;50;Blessé léger;0
202300047393;155 596 461;B01;1;0;2;1;1;5;203 738 498;1;1;1;1;1969.0;0;2;8;-1;11;5;2023;19:00;1;67;67482;2;1;1;1;48.57344;7.71779;4;2;2;1;1;1; -1;2;0;5;25;Indemne;3
202300047393;155 596 464;A01;50;0;2;1;13;3;203 738 501;1;1;4;1;1998.0;0;8;8;-1;11;5;2023;19:00;1;67;67482;2;1;1;1;48.57344;7.71779;4;2;2;1;1;1; -1;2;0;5;25;Blessé léger;3
202300047394;155 596 456;A01;80;0;0;0;1;3;203 738 491;1;1;3;1;1947.0;5;2;-1;-1;31;10;2023;11:00;1;22;22372;1;1;2;7;48.524244;-2.866198;4;2;2;0;1;2; -1;2;0;3;50;Blessé hospitalisé;1
202300047394;155 596 458;B01;10;0;0;0;15;1;203 738 494;1;1;1;1;1998.0;4;8;-1;-1;31;10;2023;11:00;1;22;22372;1;1;2;7;48.524244;-2.866198;4;2;2;0;1;2; -1;2;0;3;50;Indemne;1
202300047434;155 596 390;A01;7;0;9;1;15;1;203 738 407;1;1;1;1;1989.0;1;1;0;-1;10;5;2023;07:40;1;54;54395;2;3;1;1;48.685;6.18711;4;2;2;0;1;1; -1;1;0;1;20;Indemne;2
202300047434;155 596 390;A01;7;0;9;1;15;1;203 738 407;1;1;1;1;1989.0;1;1;0;-1;10;5;2023;07:40;1;54;54395;2;3;1;1;48.685;6.18711;4;2;2;2;1;1; -1;1;-1;1;20;Indemne;2
202300047434;155 596 392;B01;1;0;2;1;16;5;203 738 411;1;1;4;1;1980.0;5;8;0;-1;10;5;2023;07:40;1;54;54395;2;3;1;1;48.685;6.18711;4;2;2;0;1;1; -1;1;0;1;20;Blessé léger;2
202300047434;155 596 392;B01;1;0;2;1;16;5;203 738 411;1;1;4;1;1980.0;5;8;0;-1;10;5;2023;07:40;1;54;54395;2;3;1;1;48.685;6.18711;4;2;2;2;1;1; -1;1;-1;1;20;Blessé léger;2
202300047452;155 596 361;A01;10;0;9;8;22;0;203 738 362;1;1;1;1;1994.0;4;1;0;-1;3;4;2023;15:30;1;78;78551;2;1;1;6;48.895422;2.093479;3;1;1;0;1;1; -1;1;0;1;50;Indemne;0
202300047452;155 596 362;B01;1;1;0;1;1;5;203 738 364;1;1;3;1;1976.0;0;8;0;-1;3;4;2023;15:30;1;78;78551;2;1;1;6;48.895422;2.093479;3;1;1;0;1;1; -1;1;0;1;50;Blessé hospitalisé;0
202300047457;155 596 347;A01;7;0;0;3;9;1;203 738 347;1;1;1;2;1987.0;1;1;8;-1;10;5;2023;16:40;1;45;45234;2;6;1;2;47.82392;1.93292;4;1;1;0;1;1; -1;2;0;1;50;Indemne;2
202300047457;155 596 347;A01;7;0;0;3;9;1;203 738 347;1;1;1;2;1987.0;1;1;8;-1;10;5;2023;16:40;1;45;45234;2;6;1;2;47.82392;1.93292;4;1;2;0;1;1; -1;2;0;1;50;Indemne;2
202300047457;155 596 350;B01;1;0;2;4;1;5;203 738 352;1;1;3;1;1959.0;5;2;8;-1;10;5;2023;16:40;1;45;45234;2;6;1;2;47.82392;1.93292;4;1;1;0;1;1; -1;2;0;1;50;Blessé hospitalisé;2