Num_Acc;id_vehicule;num_veh;catv;obs;obsm;choc;manv;motor;id_usager;place;catu;grav;sexe;an_nais;trajet;secu1;secu2;secu3;jour;mois;an;hrmn;lum;dep;com;agg;int;atm;col;lat;long;catr;circ;nbv;vosp;prof;plan;larrout;surf;infra;situ;vma;gravity;day_of_week
202300047457;155 596 350;B01;1;0;2;4;1;5;203 738 352;1;1;3;1;1959.0;5;2;8;-1;10;5;2023;16:40;1;45;45234;2;6;1;2;47.82392;1.93292;4;1;2;0;1;1; -1;2;0;1;50;Blessé hospitalisé;2
202300047460;155 596 340;A01;21;0;2;8;0;1;203 738 338;1;1;1;1;1983.0;4;8;-1;-1;31;10;2023;08:40;1;27;27218;1;1;7;3;49.261552;0.461909;4;2;2;0;1;1; -1;2;0;1;50;Indemne;1
202300047460;155 596 342;B01;1;0;2;1;2;5;203 738 341;1;1;2;1;1956.0;5;0;-1;-1;31;10;2023;08:40;1;27;27218;1;1;7;3;49.261552;0.461909;4;2;2;0;1;1; -1;2;0;1;50;Tué;1
202300047464;155 596 336;A01;7;0;2;1;15;1;203 738 333;1;1;1;1;1962.0;1;8;0;-1;3;4;2023;18:55;1;73;73008;2;6;1;3;45.70442854;5.89465678;3;2;2;0;1;2;5;1;5;1;50;Indemne;0
202300047464;155 596 336;A01;7;0;2;1;15;1;203 738 333;1;1;1;1;1962.0;1;8;0;-1;3;4;2023;18:55;1;73;73008;2;6;1;3;45.70442854;5.89465678;3;2;2;0;1;1;5;1;5;1;50;Indemne;0
202300047464;155 596 337;B01;1;0;2;7;1;5;203 738 334;1;1;4;1;1999.0;5;2;0;-1;3;4;2023;18:55;1;73;73008;2;6;1;3;45.70442854;5.89465678;3;2;2;0;1;2;5;1;5;1;50;Blessé léger;0
202300047464;155 596 337;B01;1;0;2;7;1;5;203 738 334;1;1;4;1;1999.0;5;2;0;-1;3;4;2023;18:55;1;73;73008;2;6;1;3;45.70442854;5.89465678;3;2;2;0;1;1;5;1;5;1;50;Blessé léger;0
202300047475;155 596 318;B01;1;1;2;1;2;0;203 738 307;1;1;4;2;2006.0;0;8;-1;-1;3;4;2023;12:30;1;69;69264;2;1;1;3;45.99502;4.73222;4;2;2;0;1;1; -1;1;0;1;50;Blessé léger;0
202300047475;155 596 320;A01;7;0;2;8;24;1;203 738 308;1;1;1;1;1982.0;0;8;-1;-1;3;4;2023;12:30;1;69;69264;2;1;1;3;45.99502;4.73222;4;2;2;0;1;1; -1;1;0;1;50;Indemne;0
202300047490;155 596 293;A01;7;0;2;6;1;1;203 738 272;1;1;1;2;1957.0;9;1;-1;-1;11;5;2023;09:50;1;33;33063;2;2;1;3;44.84593;-0.58499;4;1;1;0;1;1; -1;1;0;1;50;Indemne;3
202300047490;155 596 293;A01;7;0;2;6;1;1;203 738 272;1;1;1;2;1957.0;9;1;-1;-1;11;5;2023;09:50;1;33;33063;2;2;1;3;44.84593;-0.58499;4;1;0;0;1;1; -1;1;0;1;30;Indemne;3
202300047490;155 596 296;B01;1;0;2;1;1;5;203 738 275;1;1;4;2;1999.0;1;8;0;-1;11;5;2023;09:50;1;33;33063;2;2;1;3;44.84593;-0.58499;4;1;1;0;1;1; -1;1;0;1;50;Blessé léger;3
202300047490;155 596 296;B01;1;0;2;1;1;5;203 738 275;1;1;4;2;1999.0;1;8;0;-1;11;5;2023;09:50;1;33;33063;2;2;1;3;44.84593;-0.58499;4;1;0;0;1;1; -1;1;0;1;30;Blessé léger;3
202300047501;155 596 274;A01;7;0;2;1;16;1;203 738 248;1;1;1;2;1971.0;1;1;-1;-1;31;10;2023;18:00;2;971;97104;2;1;1;1;16.022293;-61.742724;4;2;2;0;4;1; -1;1;0;1;50;Indemne;1
202300047501;155 596 276;B01;1;0;2;1;1;5;203 738 250;1;1;3;1;2019.0;5;0;-1;-1;31;10;2023;18:00;2;971;97104;2;1;1;1;16.022293;-61.742724;4;2;2;0;4;1; -1;1;0;1;50;Blessé hospitalisé;1
202300047502;155 596 273;A01;7;0;2;1;15;1;203 738 247;1;1;1;1;1986.0;5;1;-1;-1;3;4;2023;19:45;1;35;35238;2;3;1;3;48.09785438;-1.65525287;4;1;1;2;1;1; -1;1;0;5;30;Indemne;0
202300047502;155 596 273;A01;7;0;2;1;15;1;203 738 247;1;1;1;1;1986.0;5;1;-1;-1;3;4;2023;19:45;1;35;35238;2;3;1;3;48.09785438;-1.65525287;4;2;2;3;1;1; -1;1;0;1;50;Indemne;0
202300047502;155 596 275;B01;1;0;2;1;1;5;203 738 249;1;1;4;1;1991.0;0;8;-1;-1;3;4;2023;19:45;1;35;35238;2;3;1;3;48.09785438;-1.65525287;4;1;1;2;1;1; -1;1;0;5;30;Blessé léger;0
202300047502;155 596 275;B01;1;0;2;1;1;5;203 738 249;1;1;4;1;1991.0;0;8;-1;-1;3;4;2023;19:45;1;35;35238;2;3;1;3;48.09785438;-1.65525287;4;2;2;3;1;1; -1;1;0;1;50;Blessé léger;0
202300047508;155 596 262;B01;7;0;2;7;2;1;203 738 236;1;1;1;2;2000.0;5;1;-1;-1;3;4;2023;09:35;1;35;35238;2;2;1;3;48.0922;-1.6748;4;3;4;2;1;1; -1;1;5;5;50;Indemne;0
202300047508;155 596 262;B01;7;0;2;7;2;1;203 738 236;1;1;1;2;2000.0;5;1;-1;-1;3;4;2023;09:35;1;35;35238;2;2;1;3;48.0922;-1.6748;4;3;2;2;1;1; -1;1;5;5;50;Indemne;0
202300047508;155 596 262;B01;7;0;2;7;2;1;203 738 237;2;2;1;2;2000.0;5;1;-1;-1;3;4;2023;09:35;1;35;35238;2;2;1;3;48.0922;-1.6748;4;3;4;2;1;1; -1;1;5;5;50;Indemne;0
202300047508;155 596 262;B01;7;0;2;7;2;1;203 738 237;2;2;1;2;2000.0;5;1;-1;-1;3;4;2023;09:35;1;35;35238;2;2;1;3;48.0922;-1.6748;4;3;2;2;1;1; -1;1;5;5;50;Indemne;0
202300047508;155 596 267;A01;1;0;2;8;2;5;203 738 240;1;1;4;1;1946.0;5;2;-1;-1;3;4;2023;09:35;1;35;35238;2;2;1;3;48.0922;-1.6748;4;3;4;2;1;1; -1;1;5;5;50;Blessé léger;0
202300047508;155 596 267;A01;1;0;2;8;2;5;203 738 240;1;1;4;1;1946.0;5;2;-1;-1;3;4;2023;09:35;1;35;35238;2;2;1;3;48.0922;-1.6748;4;3;2;2;1;1; -1;1;5;5;50;Blessé léger;0
202300047509;155 596 258;A01;7;0;9;2;1;1;203 738 230;1;1;1;1;2005.0;0;1;-1;-1;31;10;2023;16:15;1;84;84141;2;3;1;3;43.960401;4.895592;4;-1; -1;-1;1;1; -1;1;0;1;-1;Indemne;1
202300047509;155 596 258;A01;7;0;9;2;1;1;203 738 230;1;1;1;1;2005.0;0;1;-1;-1;31;10;2023;16:15;1;84;84141;2;3;1;3;43.960401;4.895592;4;2;2;0;1;1; -1;1;0;1;50;Indemne;1
202300047509;155 596 260;B01;1;0;2;1;9;5;203 738 232;1;1;4;1;1950.0;0;0;-1;-1;31;10;2023;16:15;1;84;84141;2;3;1;3;43.960401;4.895592;4;-1; -1;-1;1;1; -1;1;0;1;-1;Blessé léger;1
202300047509;155 596 260;B01;1;0;2;1;9;5;203 738 232;1;1;4;1;1950.0;0;0;-1;-1;31;10;2023;16:15;1;84;84141;2;3;1;3;43.960401;4.895592;4;2;2;0;1;1; -1;1;0;1;50;Blessé léger;1
202300047519;155 596 240;B01;1;12;2;6;19;5;203 738 206;1;1;4;1;2007.0;0;0;-1;-1;3;4;2023;12:05;1;33;33063;2;3;1;3;44.85109;-0.59543;4;2;2;1;1;1; -1;1;5;8;30;Blessé léger;0
202300047519;155 596 240;B01;1;12;2;6;19;5;203 738 206;1;1;4;1;2007.0;0;0;-1;-1;3;4;2023;12:05;1;33;33063;2;3;1;3;44.85109;-0.59543;4;2;4;3;1;1; -1;1;5;1;50;Blessé léger;0
202300047519;155 596 241;A01;34;0;2;3;1;1;203 738 209;1;1;4;1;1963.0;9;2;6;-1;3;4;2023;12:05;1;33;33063;2;3;1;3;44.85109;-0.59543;4;2;2;1;1;1; -1;1;5;8;30;Blessé léger;0
202300047519;155 596 241;A01;34;0;2;3;1;1;203 738 209;1;1;4;1;1963.0;9;2;6;-1;3;4;2023;12:05;1;33;33063;2;3;1;3;44.85109;-0.59543;4;2;4;3;1;1; -1;1;5;1;50;Blessé léger;0
202300047520;155 596 236;B01;1;0;2;0;0;5;203 738 199;1;1;4;1;1981.0;1;2;6;-1;11;5;2023;16:50;1;26;26058;2;1;1;1;44.94024;4.89905;4;1;2;0;1;1; -1;1;0;1;30;Blessé léger;3
202300047520;155 596 237;A01;7;0;9;3;15;1;203 738 203;1;1;1;2;1986.0;2;1;0;-1;11;5;2023;16:50;1;26;26058;2;1;1;1;44.94024;4.89905;4;1;2;0;1;1; -1;1;0;1;30;Indemne;3
202300047566;155 596 152;Y01;1;0;2;1;1;5;203 738 087;1;1;4;1;1995.0;4;8;0;-1;2;4;2023;12:41;1;10;10387;2;1;2;3;48.3041454;4.08799767;4;2;2;0;1;1; -1;2;0;1;50;Blessé léger;6
202300047566;155 596 155;A01;7;0;2;3;15;1;203 738 091;1;1;1;2;1999.0;0;1;0;-1;2;4;2023;12:41;1;10;10387;2;1;2;3;48.3041454;4.08799767;4;2;2;0;1;1; -1;2;0;1;50;Indemne;6
202300047567;155 596 151;A01;7;0;2;8;24;1;203 738 088;1;1;1;1;1998.0;0;1;-1;-1;24;8;2023;22:08;5;76;76351;2;1;1;6;49.4976;0.11168;4;1;2;0;2;1; -1;1;0;1;50;Indemne;3
202300047567;155 596 157;B01;1;0;2;1;1;5;203 738 093;1;1;4;1;2001.0;4;2;-1;-1;24;8;2023;22:08;5;76;76351;2;1;1;6;49.4976;0.11168;4;1;2;0;2;1; -1;1;0;1;50;Blessé léger;3
202300047570;155 596 141;A01;10;0;2;0;26;1;203 738 074;1;1;1;1;1980.0;0;8;0;-1;5;12;2023;08:10;5;93;93077;2;1;2;3;48.8804158;2.49598982;4;2;3;0;2;1; -1;2;0;1;50;Indemne;1
202300047570;155 596 144;B01;1;0;2;1;1;5;203 738 077;1;1;4;1;2007.0;0;8;0;-1;5;12;2023;08:10;5;93;93077;2;1;2;3;48.8804158;2.49598982;4;2;3;0;2;1; -1;2;0;1;50;Blessé léger;1
202300047591;155 596 096;A01;1;0;1;1;1;5;203 738 012;1;1;1;1;1989.0;2;2;0;-1;3;4;2023;17:10;1;75;75120;2;3;1;6;48.862707;2.406669;4;-1; -1;0;1;1; -1;1;0;1;30;Indemne;0
202300047591;155 596 096;A01;1;0;1;1;1;5;203 738 012;1;1;1;1;1989.0;2;2;0;-1;3;4;2023;17:10;1;75;75120;2;3;1;6;48.862707;2.406669;4;2;3;0;1;1; -1;1;0;1;30;Indemne;0
202300047591;155 596 096;A01;1;0;1;1;1;5;203 738 013;10;3;4;1;1980.0;9;0;-1;-1;3;4;2023;17:10;1;75;75120;2;3;1;6;48.862707;2.406669;4;-1; -1;0;1;1; -1;1;0;1;30;Blessé léger;0
202300047591;155 596 096;A01;1;0;1;1;1;5;203 738 013;10;3;4;1;1980.0;9;0;-1;-1;3;4;2023;17:10;1;75;75120;2;3;1;6;48.862707;2.406669;4;2;3;0;1;1; -1;1;0;1;30;Blessé léger;0
202300047602;155 596 079;A01;1;0;1;5;1;5;203 737 991;10;3;4;2;1971.0;5;0;-1;-1;3;4;2023;12:50;1;75;75117;2;3;1;6;48.881525;2.289213;4;-1; -1;0;1;1; -1;1;0;1;30;Blessé léger;0
202300047602;155 596 079;A01;1;0;1;5;1;5;203 737 991;10;3;4;2;1971.0;5;0;-1;-1;3;4;2023;12:50;1;75;75117;2;3;1;6;48.881525;2.289213;4;1;1;0;1;1; -1;1;0;1;30;Blessé léger;0
202300047602;155 596 079;A01;1;0;1;5;1;5;203 737 993;1;1;1;1;1986.0;4;8;0;-1;3;4;2023;12:50;1;75;75117;2;3;1;6;48.881525;2.289213;4;-1; -1;0;1;1; -1;1;0;1;30;Indemne;0
202300047602;155 596 079;A01;1;0;1;5;1;5;203 737 993;1;1;1;1;1986.0;4;8;0;-1;3;4;2023;12:50;1;75;75117;2;3;1;6;48.881525;2.289213;4;1;1;0;1;1; -1;1;0;1;30;Indemne;0
202300047604;155 596 074;B01;33;0;2;1;2;1;203 737 988;1;1;1;1;1993.0;9;8;0;-1;11;5;2023;11:00;1;75;75116;2;1;8;3;48.851267;2.24182;4;2;2;0;1;1; -1;1;0;1;30;Indemne;3
202300047604;155 596 080;A01;80;0;2;8;15;3;203 737 992;1;1;4;2;1966.0;9;8;0;-1;11;5;2023;11:00;1;75;75116;2;1;8;3;48.851267;2.24182;4;2;2;0;1;1; -1;1;0;1;30;Blessé léger;3
202300047612;155 596 058;B01;37;0;2;0;1;3;203 737 967;5;2;4;2;1955.0;9;1;0;-1;3;4;2023;12:20;1;75;75104;2;2;1;6;48.856749;2.348948;4;1;3;0;1;1; -1;1;0;1;50;Blessé léger;0
202300047612;155 596 058;B01;37;0;2;0;1;3;203 737 967;5;2;4;2;1955.0;9;1;0;-1;3;4;2023;12:20;1;75;75104;2;2;1;6;48.856749;2.348948;4;1;4;0;1;1; -1;1;0;1;50;Blessé léger;0
202300047612;155 596 058;B01;37;0;2;0;1;3;203 737 969;1;1;1;1;1998.0;9;1;0;-1;3;4;2023;12:20;1;75;75104;2;2;1;6;48.856749;2.348948;4;1;3;0;1;1; -1;1;0;1;50;Indemne;0
202300047612;155 596 058;B01;37;0;2;0;1;3;203 737 969;1;1;1;1;1998.0;9;1;0;-1;3;4;2023;12:20;1;75;75104;2;2;1;6;48.856749;2.348948;4;1;4;0;1;1; -1;1;0;1;50;Indemne;0
202300047612;155 596 061;A01;1;0;2;0;16;5;203 737 971;1;1;1;1;2000.0;5;8;0;-1;3;4;2023;12:20;1;75;75104;2;2;1;6;48.856749;2.348948;4;1;3;0;1;1; -1;1;0;1;50;Indemne;0
202300047612;155 596 061;A01;1;0;2;0;16;5;203 737 971;1;1;1;1;2000.0;5;8;0;-1;3;4;2023;12:20;1;75;75104;2;2;1;6;48.856749;2.348948;4;1;4;0;1;1; -1;1;0;1;50;Indemne;0
202300047618;155 596 047;A01;1;0;2;5;14;5;203 737 953;1;1;3;1;1980.0;1;2;8;-1;11;5;2023;18:00;1;75;75114;2;2;1;2;48.823075;2.325408;4;3;5;3;1;1; -1;1;0;1;50;Blessé hospitalisé;3
202300047618;155 596 047;A01;1;0;2;5;14;5;203 737 953;1;1;3;1;1980.0;1;2;8;-1;11;5;2023;18:00;1;75;75114;2;2;1;2;48.823075;2.325408;4;3;9;1;1;1; -1;1;0;1;50;Blessé hospitalisé;3
202300047618;155 596 051;B01;43;0;2;1;1;1;203 737 958;1;1;1;1;1981.0;1;2;8;-1;11;5;2023;18:00;1;75;75114;2;2;1;2;48.823075;2.325408;4;3;5;3;1;1; -1;1;0;1;50;Indemne;3
202300047618;155 596 051;B01;43;0;2;1;1;1;203 737 958;1;1;1;1;1981.0;1;2;8;-1;11;5;2023;18:00;1;75;75114;2;2;1;2;48.823075;2.325408;4;3;9;1;1;1; -1;1;0;1;50;Indemne;3
202300047631;155 596 025;A01;1;0;1;1;1;5;203 737 923;10;3;4;1;2019.0;0;0;-1;-1;3;4;2023;19:40;1;93;93066;2;1;1;6;48.91533857;2.35298663;3;2;2;1;1;1; -1;1;0;5;50;Blessé léger;0
202300047631;155 596 025;A01;1;0;1;1;1;5;203 737 924;1;1;1;1;1993.0;5;0;-1;-1;3;4;2023;19:40;1;93;93066;2;1;1;6;48.91533857;2.35298663;3;2;2;1;1;1; -1;1;0;5;50;Indemne;0
202300047632;155 596 024;A01;7;0;2;3;5;1;203 737 921;1;1;4;1;1972.0;5;1;-1;-1;6;12;2023;07:15;1;974;97401;1;1;1;1;-21.249895;55.321462;2;2;2;1;1;3;7;1;0;5;90;Blessé léger;2
202300047632;155 596 026;B01;80;0;2;1;1;3;203 737 925;1;1;4;1;1952.0;5;2;-1;-1;6;12;2023;07:15;1;974;97401;1;1;1;1;-21.249895;55.321462;2;2;2;1;1;3;7;1;0;5;90;Blessé léger;2
202300047635;155 596 023;A01;1;0;2;1;1;5;203 737 920;1;1;4;1;1981.0;4;2;0;-1;11;5;2023;17:00;1;75;75113;2;1;1;1;48.84230343;2.36860514;4;2;5;1;1;1; -1;1;0;5;25;Blessé léger;3
202300047636;155 596 018;A01;1;0;2;4;26;5;203 737 914;1;1;1;1;1988.0;0;2;0;-1;3;4;2023;19:35;1;93;93055;2;1;1;2;48.89789752;2.4055417;3;2;2;2;1;1; -1;1;0;5;50;Indemne;0
202300047636;155 596 020;B01;50;0;2;1;1;3;203 737 917;1;1;4;2;1979.0;0;2;0;-1;3;4;2023;19:35;1;93;93055;2;1;1;2;48.89789752;2.4055417;3;2;2;2;1;1; -1;1;0;5;50;Blessé léger;0
202300047642;155 596 005;A01;10;0;0;0;1;0;203 737 899;1;1;1;1;2005.0;0;1;0;-1;28;8;2023;19:00;1;37;37261;2;1;1;3;47.38565;0.69606;4;2;0;0;1;1; -1;1;0;1;50;Indemne;0
202300047642;155 596 006;B01;1;0;0;0;0;5;203 737 900;1;1;4;1;2015.0;0;8;0;-1;28;8;2023;19:00;1;37;37261;2;1;1;3;47.38565;0.69606;4;2;0;0;1;1; -1;1;0;1;50;Blessé léger;0
202300047645;155 596 011;A01;1;1;2;8;17;5;203 737 909;1;1;4;2;1957.0;5;8;0;-1;11;5;2023;10:30;1;75;75113;2;3;8;3;48.822786;2.358354;4;2;6;1;1;1; -1;1;0;1;30;Blessé léger;3
202300047645;155 596 011;A01;1;1;2;8;17;5;203 737 909;1;1;4;2;1957.0;5;8;0;-1;11;5;2023;10:30;1;75;75113;2;3;8;3;48.822786;2.358354;4;-1; -1;0;1;1; -1;1;0;1;30;Blessé léger;3
202300047647;155 595 998;A01;7;0;2;1;0;0;203 737 892;1;1;1;1;1994.0;1;1;0;-1;28;8;2023;06:00;2;34;34003;2;1;1;3;43.288677;3.510717;4;1;2;0;1;1; -1;1;0;1;30;Indemne;0
202300047647;155 596 001;B01;1;0;2;7;0;5;203 737 895;1;1;4;1;1999.0;0;8;0;-1;28;8;2023;06:00;2;34;34003;2;1;1;3;43.288677;3.510717;4;1;2;0;1;1; -1;1;0;1;30;Blessé léger;0
202300047665;155 595 970;A01;7;0;9;7;1;1;203 737 856;1;1;1;1;2002.0;1;1;0;-1;24;8;2023;14:00;1;22;22113;2;1;1;3;48.73116;-3.46511;4;2;2;0;1;1; -1;1;0;1;50;Indemne;3
202300047665;155 595 973;B01;1;0;2;3;1;5;203 737 859;1;1;4;2;1988.0;1;8;8;-1;24;8;2023;14:00;1;22;22113;2;1;1;3;48.73116;-3.46511;4;2;2;0;1;1; -1;1;0;1;50;Blessé léger;3
202300047680;155 595 948;A01;13;3;2;0;16;6;203 737 830;1;1;1;1;1968.0;9;1;0;-1;11;5;2023;12:54;1;75;75110;2;7;8;3;48.877673;2.370157;4;-1; -1;0;1;1; -1;2;0;1;30;Indemne;3
202300047680;155 595 948;A01;13;3;2;0;16;6;203 737 830;1;1;1;1;1968.0;9;1;0;-1;11;5;2023;12:54;1;75;75110;2;7;8;3;48.877673;2.370157;4;2;2;1;1;3; -1;2;0;1;30;Indemne;3
202300047680;155 595 951;B01;1;3;2;0;16;5;203 737 833;1;1;4;1;1997.0;9;8;0;-1;11;5;2023;12:54;1;75;75110;2;7;8;3;48.877673;2.370157;4;-1; -1;0;1;1; -1;2;0;1;30;Blessé léger;3
202300047680;155 595 951;B01;1;3;2;0;16;5;203 737 833;1;1;4;1;1997.0;9;8;0;-1;11;5;2023;12:54;1;75;75110;2;7;8;3;48.877673;2.370157;4;2;2;1;1;3; -1;2;0;1;30;Blessé léger;3
202300047682;155 595 944;B01;1;0;2;1;1;5;203 737 825;1;1;3;1;1992.0;0;2;0;-1;24;8;2023;16:30;1;13;13203;2;2;1;3;43.30900979;5.37835802;4;1;1;0;1;1; -1;1;0;1;50;Blessé hospitalisé;3
202300047682;155 595 944;B01;1;0;2;1;1;5;203 737 825;1;1;3;1;1992.0;0;2;0;-1;24;8;2023;16:30;1;13;13203;2;2;1;3;43.30900979;5.37835802;4;2;2;0;2;1; -1;1;5;1;50;Blessé hospitalisé;3
202300047697;155 595 920;A01;7;0;2;6;15;1;203 737 786;1;1;1;2;1980.0;5;1;0;-1;28;8;2023;13:50;1;05;05061;1;3;1;3;44.55771;6.05161;4;2;2;0;2;1;7;1;0;1;80;Indemne;0
202300047697;155 595 920;A01;7;0;2;6;15;1;203 737 786;1;1;1;2;1980.0;5;1;0;-1;28;8;2023;13:50;1;05;05061;1;3;1;3;44.55771;6.05161;4;2;2;0;1;1; -1;1;0;1;80;Indemne;0
202300047697;155 595 920;A01;7;0;2;6;15;1;203 737 788;3;2;1;1;2016.0;5;1;0;-1;28;8;2023;13:50;1;05;05061;1;3;1;3;44.55771;6.05161;4;2;2;0;2;1;7;1;0;1;80;Indemne;0
202300047697;155 595 920;A01;7;0;2;6;15;1;203 737 788;3;2;1;1;2016.0;5;1;0;-1;28;8;2023;13:50;1;05;05061;1;3;1;3;44.55771;6.05161;4;2;2;0;1;1; -1;1;0;1;80;Indemne;0
202300047697;155 595 924;B01;1;0;2;1;17;5;203 737 793;1;1;3;1;1985.0;1;8;0;-1;28;8;2023;13:50;1;05;05061;1;3;1;3;44.55771;6.05161;4;2;2;0;2;1;7;1;0;1;80;Blessé hospitalisé;0
202300047697;155 595 924;B01;1;0;2;1;17;5;203 737 793;1;1;3;1;1985.0;1;8;0;-1;28;8;2023;13:50;1;05;05061;1;3;1;3;44.55771;6.05161;4;2;2;0;1;1; -1;1;0;1;80;Blessé hospitalisé;0
202300047701;155 595 911;A01;80;0;0;0;1;3;203 737 772;1;1;3;2;1973.0;1;2;-1;-1;3;4;2023;13:50;1;84;84030;2;1;1;7;44.107216;5.10263;4;2;2;0;2;1; -1;1;0;1;50;Blessé hospitalisé;0
202300047717;155 595 886;A01;7;0;2;8;22;6;203 737 740;1;1;1;1;1992.0;9;8;0;-1;28;8;2023;17:40;1;75;75118;2;3;1;3;48.889151;2.332246;4;-1; -1;-1;1;1; -1;1;0;1;30;Indemne;0
202300047717;155 595 886;A01;7;0;2;8;22;6;203 737 740;1;1;1;1;1992.0;9;8;0;-1;28;8;2023;17:40;1;75;75118;2;3;1;3;48.889151;2.332246;4;1;1;0;1;1; -1;1;0;1;30;Indemne;0
202300047717;155 595 887;B01;1;1;0;1;1;5;203 737 741;1;1;4;2;1993.0;9;8;0;-1;28;8;2023;17:40;1;75;75118;2;3;1;3;48.889151;2.332246;4;-1; -1;-1;1;1; -1;1;0;1;30;Blessé léger;0
202300047717;155 595 887;B01;1;1;0;1;1;5;203 737 741;1;1;4;2;1993.0;9;8;0;-1;28;8;2023;17:40;1;75;75118;2;3;1;3;48.889151;2.332246;4;1;1;0;1;1; -1;1;0;1;30;Blessé léger;0
202300047719;155 595 883;A01;7;0;9;1;15;1;203 737 736;1;1;1;1;1982.0;0;8;-1;-1;1;4;2023;10:35;1;38;38485;2;3;1;3;45.181183;5.692326;4;2;2;0;1;1; -1;2;0;1;30;Indemne;5
202300047719;155 595 883;A01;7;0;9;1;15;1;203 737 736;1;1;1;1;1982.0;0;8;-1;-1;1;4;2023;10:35;1;38;38485;2;3;1;3;45.181183;5.692326;4;2;2;0;1;1; -1;2;0;1;30;Indemne;5
202300047719;155 595 885;B01;1;0;0;7;19;5;203 737 737;1;1;4;1;1988.0;9;8;-1;-1;1;4;2023;10:35;1;38;38485;2;3;1;3;45.181183;5.692326;4;2;2;0;1;1; -1;2;0;1;30;Blessé léger;5
202300047719;155 595 885;B01;1;0;0;7;19;5;203 737 737;1;1;4;1;1988.0;9;8;-1;-1;1;4;2023;10:35;1;38;38485;2;3;1;3;45.181183;5.692326;4;2;2;0;1;1; -1;2;0;1;30;Blessé léger;5
202300047723;155 595 877;A01;7;0;2;2;3;1;203 737 729;1;1;1;1;1975.0;1;1;-1;-1;6;12;2023;12:30;1;28;28374;1;3;1;3;48.581503;1.431231;3;2;2;0;2;1;7;1;5;8;80;Indemne;2
202300047723;155 595 877;A01;7;0;2;2;3;1;203 737 729;1;1;1;1;1975.0;1;1;-1;-1;6;12;2023;12:30;1;28;28374;1;3;1;3;48.581503;1.431231;3;2; -1;-1;1;1; -1;1;0;8;-1;Indemne;2
202300047723;155 595 880;B01;1;0;2;1;2;5;203 737 732;1;1;3;1;1947.0;5;2;-1;-1;6;12;2023;12:30;1;28;28374;1;3;1;3;48.581503;1.431231;3;2;2;0;2;1;7;1;5;8;80;Blessé hospitalisé;2
202300047723;155 595 880;B01;1;0;2;1;2;5;203 737 732;1;1;3;1;1947.0;5;2;-1;-1;6;12;2023;12:30;1;28;28374;1;3;1;3;48.581503;1.431231;3;2; -1;-1;1;1; -1;1;0;8;-1;Blessé hospitalisé;2
202300047735;155 595 851;B01;33;0;9;1;1;1;203 737 698;1;1;1;2;1981.0;5;2;-1;-1;4;4;2023;17:25;1;57;57683;2;1;1;2;49.311086;6.14728;3;2;2;0;1;1;7;1;0;1;50;Indemne;1
202300047735;155 595 853;A01;1;0;0;4;10;5;203 737 701;1;1;3;1;2008.0;5;0;-1;-1;4;4;2023;17:25;1;57;57683;2;1;1;2;49.311086;6.14728;3;2;2;0;1;1;7;1;0;1;50;Blessé hospitalisé;1
202300047748;155 595 831;A01;1;0;0;0;1;5;203 737 668;1;1;4;1;1984.0;1;8;0;-1;28;8;2023;08:48;1;75;75103;2;3;1;7;48.861221;2.36068;4;1;1;2;1;1; -1;1;0;5;30;Blessé léger;0
202300047748;155 595 831;A01;1;0;0;0;1;5;203 737 668;1;1;4;1;1984.0;1;8;0;-1;28;8;2023;08:48;1;75;75103;2;3;1;7;48.861221;2.36068;4;1;1;0;1;1; -1;1;0;5;30;Blessé léger;0
202300047769;155 595 791;B01;1;1;0;1;18;5;203 737 623;1;1;4;1;1980.0;0;8;0;-1;4;5;2023;10:35;1;92;92004;2;1;1;3;48.91200839;2.2966066;3;2;2;0;1;1; -1;1;0;1;50;Blessé léger;3
202300047769;155 595 793;A01;14;0;2;2;23;1;203 737 626;1;1;1;1;1986.0;4;1;8;-1;4;5;2023;10:35;1;92;92004;2;1;1;3;48.91200839;2.2966066;3;2;2;0;1;1; -1;1;0;1;50;Indemne;3
202300047815;155 595 705;B01;7;0;2;3;15;1;203 737 499;1;1;1;2;1972.0;0;1;-1;-1;9;5;2023;09:00;1;56;56185;2;3;1;3;47.775751;-3.405751;3;2;2;1;1;1;5,5;1;0;5;70;Indemne;1
202300047815;155 595 705;B01;7;0;2;3;15;1;203 737 499;1;1;1;2;1972.0;0;1;-1;-1;9;5;2023;09:00;1;56;56185;2;3;1;3;47.775751;-3.405751;3;2;2;-1;2;1; -1;1;0;5;70;Indemne;1
202300047815;155 595 708;A01;80;0;2;7;1;3;203 737 505;1;1;3;1;1974.0;0;2;6;-1;9;5;2023;09:00;1;56;56185;2;3;1;3;47.775751;-3.405751;3;2;2;1;1;1;5,5;1;0;5;70;Blessé hospitalisé;1
202300047815;155 595 708;A01;80;0;2;7;1;3;203 737 505;1;1;3;1;1974.0;0;2;6;-1;9;5;2023;09:00;1;56;56185;2;3;1;3;47.775751;-3.405751;3;2;2;-1;2;1; -1;1;0;5;70;Blessé hospitalisé;1
202300047845;155 595 654;A01;7;0;9;4;26;1;203 737 426;1;1;1;1;1990.0;5;1;-1;-1;26;8;2023;16:30;1;87;87038;1;3;1;2;45.907155;1.256728;3;-1;2;0;2;2;4;1;0;1;70;Indemne;5