Num_Acc;id_vehicule;num_veh;catv;obs;obsm;choc;manv;motor;id_usager;place;catu;grav;sexe;an_nais;trajet;secu1;secu2;secu3;jour;mois;an;hrmn;lum;dep;com;agg;int;atm;col;lat;long;catr;circ;nbv;vosp;prof;plan;larrout;surf;infra;situ;vma;gravity;day_of_week
202300047845;155 595 654;A01;7;0;9;4;26;1;203 737 426;1;1;1;1;1990.0;5;1;-1;-1;26;8;2023;16:30;1;87;87038;1;3;1;2;45.907155;1.256728;3;-1; -1;-1;2;2; -1;1;0;1;-1;Indemne;5
202300047845;155 595 659;B01;1;0;2;1;1;5;203 737 433;1;1;3;1;1970.0;5;2;-1;-1;26;8;2023;16:30;1;87;87038;1;3;1;2;45.907155;1.256728;3;-1;2;0;2;2;4;1;0;1;70;Blessé hospitalisé;5
202300047845;155 595 659;B01;1;0;2;1;1;5;203 737 433;1;1;3;1;1970.0;5;2;-1;-1;26;8;2023;16:30;1;87;87038;1;3;1;2;45.907155;1.256728;3;-1; -1;-1;2;2; -1;1;0;1;-1;Blessé hospitalisé;5
202300047869;155 595 608;A01;33;0;9;1;2;1;203 737 370;1;1;4;1;2004.0;5;2;-1;-1;19;9;2023;20:30;3;74;74243;1;3;1;3;46.131181;6.049755;3;2;0;0;1;1;0;1;0;1;80;Blessé léger;1
202300047869;155 595 608;A01;33;0;9;1;2;1;203 737 370;1;1;4;1;2004.0;5;2;-1;-1;19;9;2023;20:30;3;74;74243;1;3;1;3;46.131181;6.049755;3;2; -1;-1;2;1; -1;1;0;1;-1;Blessé léger;1
202300047869;155 595 612;B01;1;0;2;5;2;5;203 737 375;1;1;4;1;1989.0;5;2;-1;-1;19;9;2023;20:30;3;74;74243;1;3;1;3;46.131181;6.049755;3;2;0;0;1;1;0;1;0;1;80;Blessé léger;1
202300047869;155 595 612;B01;1;0;2;5;2;5;203 737 375;1;1;4;1;1989.0;5;2;-1;-1;19;9;2023;20:30;3;74;74243;1;3;1;3;46.131181;6.049755;3;2; -1;-1;2;1; -1;1;0;1;-1;Blessé léger;1
202300047933;155 595 493;A01;1;0;2;1;1;5;203 737 216;1;1;4;1;1991.0;0;8;0;-1;29;11;2023;08:45;1;80;80021;2;2;2;3;49.89613;2.29712;4;1;1;0;1;1; -1;2;0;1;30;Blessé léger;2
202300047933;155 595 493;A01;1;0;2;1;1;5;203 737 216;1;1;4;1;1991.0;0;8;0;-1;29;11;2023;08:45;1;80;80021;2;2;2;3;49.89613;2.29712;4;1;2;1;4;1; -1;2;0;1;30;Blessé léger;2
202300047933;155 595 496;B01;7;0;2;1;9;1;203 737 220;1;1;1;2;1995.0;0;1;0;-1;29;11;2023;08:45;1;80;80021;2;2;2;3;49.89613;2.29712;4;1;1;0;1;1; -1;2;0;1;30;Indemne;2
202300047933;155 595 496;B01;7;0;2;1;9;1;203 737 220;1;1;1;2;1995.0;0;1;0;-1;29;11;2023;08:45;1;80;80021;2;2;2;3;49.89613;2.29712;4;1;2;1;4;1; -1;2;0;1;30;Indemne;2
202300047950;155 595 462;B01;1;0;2;6;2;5;203 737 169;1;1;4;1;1985.0;5;2;0;-1;18;2;2023;11:30;1;75;75116;2;4;1;2;48.852923;2.229998;4;2; -1;-1;1;1; -1;1;0;1;-1;Blessé léger;5
202300047950;155 595 462;B01;1;0;2;6;2;5;203 737 169;1;1;4;1;1985.0;5;2;0;-1;18;2;2023;11:30;1;75;75116;2;4;1;2;48.852923;2.229998;4;2;2;3;1;3; -1;1;9;1;50;Blessé léger;5
202300047950;155 595 464;A01;1;0;2;7;17;5;203 737 171;1;1;1;1;1995.0;5;2;8;-1;18;2;2023;11:30;1;75;75116;2;4;1;2;48.852923;2.229998;4;2; -1;-1;1;1; -1;1;0;1;-1;Indemne;5
202300047950;155 595 464;A01;1;0;2;7;17;5;203 737 171;1;1;1;1;1995.0;5;2;8;-1;18;2;2023;11:30;1;75;75116;2;4;1;2;48.852923;2.229998;4;2;2;3;1;3; -1;1;9;1;50;Indemne;5
202300047951;155 595 459;A01;10;0;9;2;2;1;203 737 166;1;1;1;1;1985.0;4;1;-1;-1;29;8;2023;06:50;2;41;41220;1;1;1;2;47.730029;1.640868;3;2;2;0;2;1;7;1;0;1;80;Indemne;1
202300047951;155 595 461;B01;1;0;0;6;2;5;203 737 168;1;1;3;1;2006.0;1;8;-1;-1;29;8;2023;06:50;2;41;41220;1;1;1;2;47.730029;1.640868;3;2;2;0;2;1;7;1;0;1;80;Blessé hospitalisé;1
202300047956;155 595 448;B01;7;0;2;8;22;1;203 737 154;1;1;1;1;1968.0;9;1;0;-1;17;2;2023;09:30;1;75;75115;2;1;1;3;48.836687;2.30953;4;1;1;0;2;1; -1;1;0;1;30;Indemne;4
202300047956;155 595 450;A01;1;0;2;1;1;5;203 737 155;1;1;4;2;1984.0;9;8;0;-1;17;2;2023;09:30;1;75;75115;2;1;1;3;48.836687;2.30953;4;1;1;0;2;1; -1;1;0;1;30;Blessé léger;4
202300047963;155 595 437;B01;7;0;2;2;1;1;203 737 137;1;1;1;1;1954.0;9;1;0;-1;17;2;2023;17:25;1;75;75111;2;1;1;5;48.851152;2.397483;4;2;2;0;2;1; -1;1;0;1;30;Indemne;4
202300047963;155 595 440;A01;1;0;2;1;1;5;203 737 141;1;1;4;1;1993.0;9;8;0;-1;17;2;2023;17:25;1;75;75111;2;1;1;5;48.851152;2.397483;4;2;2;0;2;1; -1;1;0;1;30;Blessé léger;4
202300047970;155 595 425;B01;1;0;2;4;2;5;203 737 121;1;1;2;2;1950.0;5;2;-1;-1;29;8;2023;10:30;1;17;17058;1;1;8;2;45.845859;-1.16381;3;3;2;1;1;1; -1;1;0;1;70;Tué;1
202300047970;155 595 427;A01;10;0;2;2;2;1;203 737 124;1;1;1;1;1977.0;4;1;-1;-1;29;8;2023;10:30;1;17;17058;1;1;8;2;45.845859;-1.16381;3;3;2;1;1;1; -1;1;0;1;70;Indemne;1
202300047986;155 595 394;A01;7;0;2;3;15;1;203 737 080;1;1;1;2;1958.0;5;1;-1;-1;29;8;2023;17:00;1;76;76475;2;1;1;3;49.396239;1.182001;7;2;2;0;1;1; -1;1;-1;5;50;Indemne;1
202300047986;155 595 397;B01;1;0;2;1;1;5;203 737 082;1;1;3;1;1960.0;5;2;-1;-1;29;8;2023;17:00;1;76;76475;2;1;1;3;49.396239;1.182001;7;2;2;0;1;1; -1;1;-1;5;50;Blessé hospitalisé;1
202300047988;155 595 392;A01;7;0;2;1;16;1;203 737 077;1;1;1;1;1986.0;0;1;0;-1;4;12;2023;18:50;5;44;44109;2;3;1;1;47.22406;-1.58452;4;2;2;0;2;1; -1;1;5;1;50;Indemne;0
202300047988;155 595 392;A01;7;0;2;1;16;1;203 737 077;1;1;1;1;1986.0;0;1;0;-1;4;12;2023;18:50;5;44;44109;2;3;1;1;47.22406;-1.58452;4;2; -1;-1;2;3; -1;1;5;1;-1;Indemne;0
202300047988;155 595 395;B01;1;0;0;0;0;5;203 737 079;1;1;4;1;1978.0;0;8;0;-1;4;12;2023;18:50;5;44;44109;2;3;1;1;47.22406;-1.58452;4;2;2;0;2;1; -1;1;5;1;50;Blessé léger;0
202300047988;155 595 395;B01;1;0;0;0;0;5;203 737 079;1;1;4;1;1978.0;0;8;0;-1;4;12;2023;18:50;5;44;44109;2;3;1;1;47.22406;-1.58452;4;2; -1;-1;2;3; -1;1;5;1;-1;Blessé léger;0
202300048001;155 595 368;A01;7;0;2;3;1;1;203 737 047;1;1;1;1;1970.0;0;1;0;-1;27;8;2023;19:16;3;973;97302;2;1;1;3;4.934;-52.309;3;2;2;0;1;1; -1;1;0;1;50;Indemne;6
202300048001;155 595 370;B01;1;0;2;8;9;5;203 737 049;1;1;4;1;2015.0;9;8;0;-1;27;8;2023;19:16;3;973;97302;2;1;1;3;4.934;-52.309;3;2;2;0;1;1; -1;1;0;1;50;Blessé léger;6
202300048027;155 595 332;B01;7;0;2;2;16;1;203 736 992;1;1;1;2;1967.0;1;1;0;-1;4;12;2023;11:15;1;31;31555;2;3;1;3;43.5647385;1.46009535;7;1;2;1;1;1; -1;1;0;5;50;Indemne;0
202300048027;155 595 332;B01;7;0;2;2;16;1;203 736 992;1;1;1;2;1967.0;1;1;0;-1;4;12;2023;11:15;1;31;31555;2;3;1;3;43.5647385;1.46009535;7;2;0;0;4;1; -1;1;0;1;50;Indemne;0
202300048027;155 595 337;A01;1;0;2;1;15;5;203 736 998;1;1;4;2;2000.0;2;8;0;-1;4;12;2023;11:15;1;31;31555;2;3;1;3;43.5647385;1.46009535;7;1;2;1;1;1; -1;1;0;5;50;Blessé léger;0
202300048027;155 595 337;A01;1;0;2;1;15;5;203 736 998;1;1;4;2;2000.0;2;8;0;-1;4;12;2023;11:15;1;31;31555;2;3;1;3;43.5647385;1.46009535;7;2;0;0;4;1; -1;1;0;1;50;Blessé léger;0
202300048042;155 595 303;A01;7;0;2;2;14;1;203 736 948;1;1;1;2;2000.0;0;1;8;-1;27;8;2023;10:45;1;67;67447;2;1;8;3;48.60406099;7.75072038;4;2;4;2;2;3; -1;1;0;5;50;Indemne;6
202300048042;155 595 303;A01;7;0;2;2;14;1;203 736 949;2;2;1;2;1961.0;0;1;8;-1;27;8;2023;10:45;1;67;67447;2;1;8;3;48.60406099;7.75072038;4;2;4;2;2;3; -1;1;0;5;50;Indemne;6
202300048042;155 595 306;B01;1;0;2;8;1;5;203 736 951;1;1;4;1;2016.0;5;2;8;-1;27;8;2023;10:45;1;67;67447;2;1;8;3;48.60406099;7.75072038;4;2;4;2;2;3; -1;1;0;5;50;Blessé léger;6
202300048047;155 595 296;A01;1;0;9;2;17;5;203 736 940;1;1;3;1;1965.0;5;2;-1;-1;18;2;2023;16:30;1;68;68205;1;1;1;3;47.917967;7.357412;3;2;2;0;1;1; -1;1;0;1;80;Blessé hospitalisé;5
202300048047;155 595 297;B01;1;0;9;3;1;5;203 736 942;1;1;1;1;1941.0;5;0;-1;-1;18;2;2023;16:30;1;68;68205;1;1;1;3;47.917967;7.357412;3;2;2;0;1;1; -1;1;0;1;80;Indemne;5
202300048052;155 595 286;A01;1;0;6;1;2;5;203 736 918;1;1;3;1;1945.0;5;2;-1;-1;18;2;2023;15:00;1;84;84020;1;1;1;6;43.8444;5.311909;3;2;2;0;1;2; -1;1;0;1;80;Blessé hospitalisé;5
202300048059;155 595 276;A01;7;0;2;2;15;1;203 736 906;1;1;1;1;1993.0;5;1;-1;-1;27;8;2023;11:33;1;35;35238;2;2;1;3;48.10346;-1.6768;4;2;2;2;2;1; -1;1;0;1;50;Indemne;6
202300048059;155 595 276;A01;7;0;2;2;15;1;203 736 906;1;1;1;1;1993.0;5;1;-1;-1;27;8;2023;11:33;1;35;35238;2;2;1;3;48.10346;-1.6768;4;2;2;2;1;1; -1;1;0;1;30;Indemne;6
202300048059;155 595 278;B01;1;0;2;0;0;5;203 736 909;1;1;4;1;1966.0;5;8;-1;-1;27;8;2023;11:33;1;35;35238;2;2;1;3;48.10346;-1.6768;4;2;2;2;2;1; -1;1;0;1;50;Blessé léger;6
202300048059;155 595 278;B01;1;0;2;0;0;5;203 736 909;1;1;4;1;1966.0;5;8;-1;-1;27;8;2023;11:33;1;35;35238;2;2;1;3;48.10346;-1.6768;4;2;2;2;1;1; -1;1;0;1;30;Blessé léger;6
202300048074;155 595 253;B01;1;0;2;0;1;5;203 736 875;1;1;1;1;2001.0;9;8;8;-1;3;12;2023;19:25;5;75;75105;2;2;1;3;48.849407;2.356407;4;-1; -1;0;1;1; -1;1;0;5;30;Indemne;6
202300048074;155 595 253;B01;1;0;2;0;1;5;203 736 875;1;1;1;1;2001.0;9;8;8;-1;3;12;2023;19:25;5;75;75105;2;2;1;3;48.849407;2.356407;4;2;2;1;1;1; -1;1;0;5;30;Indemne;6
202300048074;155 595 254;A01;1;0;2;0;1;5;203 736 877;1;1;4;1;1952.0;5;8;8;-1;3;12;2023;19:25;5;75;75105;2;2;1;3;48.849407;2.356407;4;-1; -1;0;1;1; -1;1;0;5;30;Blessé léger;6
202300048074;155 595 254;A01;1;0;2;0;1;5;203 736 877;1;1;4;1;1952.0;5;8;8;-1;3;12;2023;19:25;5;75;75105;2;2;1;3;48.849407;2.356407;4;2;2;1;1;1; -1;1;0;5;30;Blessé léger;6
202300048086;155 595 232;A01;13;0;2;2;16;1;203 736 839;1;1;1;1;1988.0;9;1;0;-1;4;12;2023;08:54;1;75;75113;2;7;3;3;48.830927;2.355962;4;2;6;1;1;1; -1;2;0;1;30;Indemne;0
202300048086;155 595 232;A01;13;0;2;2;16;1;203 736 839;1;1;1;1;1988.0;9;1;0;-1;4;12;2023;08:54;1;75;75113;2;7;3;3;48.830927;2.355962;4;1;4;0;1;2; -1;2;9;1;30;Indemne;0
202300048086;155 595 234;B01;80;0;2;3;16;3;203 736 843;1;1;4;2;1999.0;2;2;0;-1;4;12;2023;08:54;1;75;75113;2;7;3;3;48.830927;2.355962;4;2;6;1;1;1; -1;2;0;1;30;Blessé léger;0
202300048086;155 595 234;B01;80;0;2;3;16;3;203 736 843;1;1;4;2;1999.0;2;2;0;-1;4;12;2023;08:54;1;75;75113;2;7;3;3;48.830927;2.355962;4;1;4;0;1;2; -1;2;9;1;30;Blessé léger;0
202300048086;155 595 234;B01;80;0;2;3;16;3;203 736 844;2;2;1;2;2000.0;2;2;0;-1;4;12;2023;08:54;1;75;75113;2;7;3;3;48.830927;2.355962;4;2;6;1;1;1; -1;2;0;1;30;Indemne;0
202300048086;155 595 234;B01;80;0;2;3;16;3;203 736 844;2;2;1;2;2000.0;2;2;0;-1;4;12;2023;08:54;1;75;75113;2;7;3;3;48.830927;2.355962;4;1;4;0;1;2; -1;2;9;1;30;Indemne;0
202300048099;155 595 210;A01;1;12;0;0;1;5;203 736 801;1;1;4;2;1977.0;5;2;0;-1;27;8;2023;12:30;1;75;75115;2;1;1;6;48.835159;2.277855;4;1;2;0;1;1; -1;1;0;1;30;Blessé léger;6
202300048101;155 595 204;A01;1;0;2;0;18;5;203 736 797;1;1;1;1;1990.0;9;8;0;-1;27;8;2023;14:40;1;75;75107;2;1;1;6;48.862266;2.302682;4;2;6;1;1;1; -1;1;0;5;30;Indemne;6
202300048101;155 595 207;B01;1;0;2;0;1;5;203 736 799;1;1;4;1;1992.0;5;8;0;-1;27;8;2023;14:40;1;75;75107;2;1;1;6;48.862266;2.302682;4;2;6;1;1;1; -1;1;0;5;30;Blessé léger;6
202300048104;155 595 202;A01;7;0;2;1;1;1;203 736 790;1;1;1;1;1970.0;5;8;0;-1;27;8;2023;14:55;1;75;75112;2;3;1;3;48.840521;2.434299;4;2;2;1;1;1;5;1;0;1;30;Indemne;6
202300048104;155 595 202;A01;7;0;2;1;1;1;203 736 790;1;1;1;1;1970.0;5;8;0;-1;27;8;2023;14:55;1;75;75112;2;3;1;3;48.840521;2.434299;4;-1; -1;-1;1;1; -1;1;0;1;30;Indemne;6
202300048104;155 595 203;B01;1;0;2;8;19;5;203 736 793;1;1;4;1;1972.0;5;8;8;-1;27;8;2023;14:55;1;75;75112;2;3;1;3;48.840521;2.434299;4;2;2;1;1;1;5;1;0;1;30;Blessé léger;6
202300048104;155 595 203;B01;1;0;2;8;19;5;203 736 793;1;1;4;1;1972.0;5;8;8;-1;27;8;2023;14:55;1;75;75112;2;3;1;3;48.840521;2.434299;4;-1; -1;-1;1;1; -1;1;0;1;30;Blessé léger;6
202300048106;155 595 199;A01;80;0;1;1;1;3;203 736 783;10;3;1;1;1970.0;9;0;-1;-1;4;12;2023;12:30;1;75;75108;2;1;1;6;48.869745;2.308054;4;2;3;1;2;1; -1;1;0;1;50;Indemne;0
202300048106;155 595 199;A01;80;0;1;1;1;3;203 736 785;1;1;4;1;2003.0;9;8;0;-1;4;12;2023;12:30;1;75;75108;2;1;1;6;48.869745;2.308054;4;2;3;1;2;1; -1;1;0;1;50;Blessé léger;0
202300048107;155 595 196;A01;1;0;2;0;1;5;203 736 772;1;1;4;1;2006.0;5;8;0;-1;27;8;2023;18:58;1;75;75107;2;3;2;6;48.85897;2.293395;4;2; -1;-1;1;1; -1;2;2;1;30;Blessé léger;6
202300048107;155 595 196;A01;1;0;2;0;1;5;203 736 772;1;1;4;1;2006.0;5;8;0;-1;27;8;2023;18:58;1;75;75107;2;3;2;6;48.85897;2.293395;4;1;3;0;1;1; -1;2;0;1;30;Blessé léger;6
202300048109;155 595 193;A01;1;8;0;1;1;5;203 736 769;1;1;4;1;1986.0;9;8;0;-1;4;12;2023;19:41;5;75;75104;2;3;1;6;48.852623;2.359885;4;1; -1;-1;1;1; -1;1;0;5;25;Blessé léger;0
202300048109;155 595 193;A01;1;8;0;1;1;5;203 736 769;1;1;4;1;1986.0;9;8;0;-1;4;12;2023;19:41;5;75;75104;2;3;1;6;48.852623;2.359885;4;2;4;2;1;1; -1;1;0;5;25;Blessé léger;0
202300048110;155 595 192;A01;80;8;0;1;14;3;203 736 768;1;1;4;1;1999.0;9;8;0;-1;27;8;2023;08:00;1;75;75107;2;3;1;6;48.859645;2.313067;4;1;2;1;1;1; -1;1;0;1;30;Blessé léger;6
202300048110;155 595 192;A01;80;8;0;1;14;3;203 736 768;1;1;4;1;1999.0;9;8;0;-1;27;8;2023;08:00;1;75;75107;2;3;1;6;48.859645;2.313067;4;-1; -1;-1;1;1; -1;1;0;1;30;Blessé léger;6
202300048143;155 595 141;A01;7;0;9;8;1;1;203 736 693;1;1;1;2;1989.0;0;1;0;-1;27;8;2023;13:00;1;92;92012;2;2;1;3;48.83296;2.24633;3;2;4;1;1;1; -1;1;0;1;50;Indemne;6
202300048143;155 595 141;A01;7;0;9;8;1;1;203 736 693;1;1;1;2;1989.0;0;1;0;-1;27;8;2023;13:00;1;92;92012;2;2;1;3;48.83296;2.24633;3;1;2;1;1;1; -1;1;0;1;50;Indemne;6
202300048143;155 595 143;B01;1;0;2;8;1;5;203 736 695;1;1;4;1;1997.0;0;2;0;-1;27;8;2023;13:00;1;92;92012;2;2;1;3;48.83296;2.24633;3;2;4;1;1;1; -1;1;0;1;50;Blessé léger;6
202300048143;155 595 143;B01;1;0;2;8;1;5;203 736 695;1;1;4;1;1997.0;0;2;0;-1;27;8;2023;13:00;1;92;92012;2;2;1;3;48.83296;2.24633;3;1;2;1;1;1; -1;1;0;1;50;Blessé léger;6
202300048152;155 595 125;B01;1;0;2;8;1;0;203 736 671;1;1;4;1;2000.0;1;8;-1;-1;17;2;2023;08:55;1;69;69387;2;2;1;2;45.73122136;4.83407395;4;2;3;2;1;1; -1;1;5;1;30;Blessé léger;4
202300048152;155 595 125;B01;1;0;2;8;1;0;203 736 671;1;1;4;1;2000.0;1;8;-1;-1;17;2;2023;08:55;1;69;69387;2;2;1;2;45.73122136;4.83407395;4;2;2;2;1;1; -1;1;0;1;30;Blessé léger;4
202300048152;155 595 126;A01;7;0;2;7;22;1;203 736 673;2;2;1;1;1985.0;0;1;-1;-1;17;2;2023;08:55;1;69;69387;2;2;1;2;45.73122136;4.83407395;4;2;3;2;1;1; -1;1;5;1;30;Indemne;4
202300048152;155 595 126;A01;7;0;2;7;22;1;203 736 673;2;2;1;1;1985.0;0;1;-1;-1;17;2;2023;08:55;1;69;69387;2;2;1;2;45.73122136;4.83407395;4;2;2;2;1;1; -1;1;0;1;30;Indemne;4
202300048152;155 595 126;A01;7;0;2;7;22;1;203 736 675;1;1;1;1;1983.0;0;1;-1;-1;17;2;2023;08:55;1;69;69387;2;2;1;2;45.73122136;4.83407395;4;2;3;2;1;1; -1;1;5;1;30;Indemne;4
202300048152;155 595 126;A01;7;0;2;7;22;1;203 736 675;1;1;1;1;1983.0;0;1;-1;-1;17;2;2023;08:55;1;69;69387;2;2;1;2;45.73122136;4.83407395;4;2;2;2;1;1; -1;1;0;1;30;Indemne;4
202300048157;155 595 115;A01;1;0;2;0;0;5;203 736 659;1;1;3;1;2002.0;0;8;0;-1;17;2;2023;18:10;5;971;97101;1;1;2;3;16.27012;-61.4984;4;2;2;0;1;3; -1;2;0;1;50;Blessé hospitalisé;4
202300048157;155 595 116;B01;10;0;2;0;17;1;203 736 660;1;1;1;1;1975.0;9;8;0;-1;17;2;2023;18:10;5;971;97101;1;1;2;3;16.27012;-61.4984;4;2;2;0;1;3; -1;2;0;1;50;Indemne;4
202300048166;155 595 100;A01;7;0;2;2;9;0;203 736 640;1;1;1;1;1974.0;5;1;-1;-1;30;9;2023;11:43;1;72;72154;2;9;1;3;47.704145;-0.065398;4;-1;2;0;1;1; -1;1;0;1;50;Indemne;5
202300048166;155 595 102;B01;1;0;0;1;15;5;203 736 642;1;1;3;1;1937.0;5;0;-1;-1;30;9;2023;11:43;1;72;72154;2;9;1;3;47.704145;-0.065398;4;-1;2;0;1;1; -1;1;0;1;50;Blessé hospitalisé;5
202300048184;155 595 069;A01;1;0;2;1;2;5;203 736 599;1;1;4;2;2006.0;5;8;0;-1;4;12;2023;18:18;5;92;92012;2;1;2;2;48.83049;2.24529;3;2;2;0;1;1; -1;2;0;1;50;Blessé léger;0
202300048189;155 595 063;B01;1;0;0;8;2;5;203 736 593;1;1;4;1;1964.0;3;0;-1;-1;26;8;2023;15:30;1;76;76146;2;1;1;3;49.588098;1.355614;3;2;2;0;1;1;5,5;1;0;1;50;Blessé léger;5
202300048207;155 595 030;A01;7;0;2;2;2;1;203 736 551;1;1;1;1;1943.0;5;1;-1;-1;4;12;2023;19:30;3;57;57177;1;1;2;2;48.8099167;6.6936318;3;2;2;0;1;1;5,5;6;9;1;80;Indemne;0
202300048207;155 595 031;B01;1;14;2;4;2;5;203 736 552;1;1;4;1;1993.0;5;0;-1;-1;4;12;2023;19:30;3;57;57177;1;1;2;2;48.8099167;6.6936318;3;2;2;0;1;1;5,5;6;9;1;80;Blessé léger;0
202300048267;155 594 910;B01;7;0;9;2;2;1;203 736 392;1;1;1;2;2004.0;1;1;-1;-1;18;7;2023;21:15;2;60;60494;1;1;1;2;49.1163624;2.5699811;3;2;2;0;1;1;5,5;1;0;1;-1;Indemne;1
202300048267;155 594 912;A01;1;0;0;8;1;5;203 736 394;1;1;3;1;1973.0;5;2;-1;-1;18;7;2023;21:15;2;60;60494;1;1;1;2;49.1163624;2.5699811;3;2;2;0;1;1;5,5;1;0;1;-1;Blessé hospitalisé;1
202300048271;155 594 901;A01;7;0;2;2;15;1;203 736 382;1;1;1;2;1962.0;5;1;0;-1;28;9;2023;18:14;1;87;87085;2;3;1;3;45.84685;1.25542;4;1;1;0;1;1; -1;1;0;1;30;Indemne;3
202300048271;155 594 901;A01;7;0;2;2;15;1;203 736 382;1;1;1;2;1962.0;5;1;0;-1;28;9;2023;18:14;1;87;87085;2;3;1;3;45.84685;1.25542;4;2;2;0;2;1; -1;1;0;1;30;Indemne;3
202300048271;155 594 902;B01;1;0;2;1;1;5;203 736 383;1;1;4;1;1979.0;5;2;0;-1;28;9;2023;18:14;1;87;87085;2;3;1;3;45.84685;1.25542;4;1;1;0;1;1; -1;1;0;1;30;Blessé léger;3
202300048271;155 594 902;B01;1;0;2;1;1;5;203 736 383;1;1;4;1;1979.0;5;2;0;-1;28;9;2023;18:14;1;87;87085;2;3;1;3;45.84685;1.25542;4;2;2;0;2;1; -1;1;0;1;30;Blessé léger;3
202300048282;155 594 880;A01;7;0;0;5;15;1;203 736 359;2;2;1;1;2000.0;5;1;-1;-1;19;7;2023;19:55;1;71;71472;2;2;7;3;46.954803;4.072709;3;2;2;0;2;2;4;1;0;1;50;Indemne;2
202300048282;155 594 880;A01;7;0;0;5;15;1;203 736 359;2;2;1;1;2000.0;5;1;-1;-1;19;7;2023;19:55;1;71;71472;2;2;7;3;46.954803;4.072709;3;2;2;0;2;2;4;1;0;1;50;Indemne;2
202300048282;155 594 880;A01;7;0;0;5;15;1;203 736 361;1;1;1;2;2002.0;5;1;-1;-1;19;7;2023;19:55;1;71;71472;2;2;7;3;46.954803;4.072709;3;2;2;0;2;2;4;1;0;1;50;Indemne;2
202300048282;155 594 880;A01;7;0;0;5;15;1;203 736 361;1;1;1;2;2002.0;5;1;-1;-1;19;7;2023;19:55;1;71;71472;2;2;7;3;46.954803;4.072709;3;2;2;0;2;2;4;1;0;1;50;Indemne;2
202300048282;155 594 883;B01;1;0;2;5;1;5;203 736 363;1;1;4;1;1988.0;5;9;-1;-1;19;7;2023;19:55;1;71;71472;2;2;7;3;46.954803;4.072709;3;2;2;0;2;2;4;1;0;1;50;Blessé léger;2
202300048282;155 594 883;B01;1;0;2;5;1;5;203 736 363;1;1;4;1;1988.0;5;9;-1;-1;19;7;2023;19:55;1;71;71472;2;2;7;3;46.954803;4.072709;3;2;2;0;2;2;4;1;0;1;50;Blessé léger;2
202300048287;155 594 870;B01;1;0;2;8;19;5;203 736 347;1;1;4;1;1976.0;5;0;-1;-1;17;2;2023;21:23;5;33;33063;2;1;1;3;44.83424483;-0.55223197;4;3;4;1;1;1; -1;1;2;1;30;Blessé léger;4
202300048287;155 594 873;A01;32;0;2;2;1;1;203 736 350;1;1;4;1;1997.0;5;2;6;-1;17;2;2023;21:23;5;33;33063;2;1;1;3;44.83424483;-0.55223197;4;3;4;1;1;1; -1;1;2;1;30;Blessé léger;4
202300048291;155 594 865;A01;1;0;0;0;0;5;203 736 342;1;1;2;1;1968.0;5;2;-1;-1;19;7;2023;19:30;1;88;88470;2;1;1;7;48.085268;6.735553;4;2;2;0;2;1; -1;1;0;3;50;Tué;2
202300048307;155 594 837;A01;7;0;2;3;9;1;203 736 304;1;1;1;2;1957.0;0;1;-1;-1;20;7;2023;07:50;1;47;47157;1;2;1;3;44.51177425;0.18924379;3;2;2;0;1;1; -1;1;5;1;80;Indemne;3
202300048307;155 594 837;A01;7;0;2;3;9;1;203 736 304;1;1;1;2;1957.0;0;1;-1;-1;20;7;2023;07:50;1;47;47157;1;2;1;3;44.51177425;0.18924379;3;2;2;0;1;1; -1;1;5;1;50;Indemne;3
202300048307;155 594 839;B01;80;0;2;7;1;3;203 736 307;1;1;4;1;1959.0;1;2;-1;-1;20;7;2023;07:50;1;47;47157;1;2;1;3;44.51177425;0.18924379;3;2;2;0;1;1; -1;1;5;1;80;Blessé léger;3
202300048307;155 594 839;B01;80;0;2;7;1;3;203 736 307;1;1;4;1;1959.0;1;2;-1;-1;20;7;2023;07:50;1;47;47157;1;2;1;3;44.51177425;0.18924379;3;2;2;0;1;1; -1;1;5;1;50;Blessé léger;3
202300048308;155 594 835;A01;7;0;2;1;1;1;203 736 302;1;1;1;1;1995.0;1;1;-1;-1;28;9;2023;09:45;1;69;69259;2;1;1;3;45.72145;4.88226;4;1;2;1;1;1; -1;1;0;1;50;Indemne;3
202300048308;155 594 836;B01;1;0;2;8;19;5;203 736 303;1;1;4;1;2002.0;2;2;-1;-1;28;9;2023;09:45;1;69;69259;2;1;1;3;45.72145;4.88226;4;1;2;1;1;1; -1;1;0;1;50;Blessé léger;3
202300048321;155 594 811;A01;7;0;2;4;4;1;203 736 275;1;1;1;2;1993.0;1;1;-1;-1;14;6;2023;07:55;1;69;69381;2;3;1;2;45.77092;4.8286;4;2;2;0;2;1; -1;1;0;1;30;Indemne;2
202300048321;155 594 811;A01;7;0;2;4;4;1;203 736 275;1;1;1;2;1993.0;1;1;-1;-1;14;6;2023;07:55;1;69;69381;2;3;1;2;45.77092;4.8286;4;2;2;0;2;3; -1;1;0;1;30;Indemne;2
202300048321;155 594 814;B01;80;0;2;1;1;3;203 736 278;1;1;4;2;1970.0;0;2;-1;-1;14;6;2023;07:55;1;69;69381;2;3;1;2;45.77092;4.8286;4;2;2;0;2;1; -1;1;0;1;30;Blessé léger;2