Num_Acc;id_vehicule;num_veh;catv;obs;obsm;choc;manv;motor;id_usager;place;catu;grav;sexe;an_nais;trajet;secu1;secu2;secu3;jour;mois;an;hrmn;lum;dep;com;agg;int;atm;col;lat;long;catr;circ;nbv;vosp;prof;plan;larrout;surf;infra;situ;vma;gravity;day_of_week
202300048321;155 594 814;B01;80;0;2;1;1;3;203 736 278;1;1;4;2;1970.0;0;2;-1;-1;14;6;2023;07:55;1;69;69381;2;3;1;2;45.77092;4.8286;4;2;2;0;2;3; -1;1;0;1;30;Blessé léger;2
202300048333;155 594 789;A01;1;0;2;2;13;5;203 736 250;1;1;4;1;1961.0;1;2;0;-1;14;6;2023;04:30;5;971;97101;1;9;1;3;16.25049505;-61.52976751;2;2;1;0;1;1; -1;1;2;1;90;Blessé léger;2
202300048339;155 594 778;A01;1;0;2;8;16;5;203 736 238;1;1;4;2;1964.0;1;8;0;-1;14;6;2023;14:04;1;2A;2A004;2;3;1;3;41.93835;8.74903;6;-1; -1;0;4;1; -1;1;0;1;50;Blessé léger;2
202300048339;155 594 778;A01;1;0;2;8;16;5;203 736 238;1;1;4;2;1964.0;1;8;0;-1;14;6;2023;14:04;1;2A;2A004;2;3;1;3;41.93835;8.74903;6;2;1;0;1;1; -1;1;0;1;50;Blessé léger;2
202300048339;155 594 780;B01;7;0;2;3;1;1;203 736 241;1;1;1;1;2001.0;0;1;0;-1;14;6;2023;14:04;1;2A;2A004;2;3;1;3;41.93835;8.74903;6;-1; -1;0;4;1; -1;1;0;1;50;Indemne;2
202300048339;155 594 780;B01;7;0;2;3;1;1;203 736 241;1;1;1;1;2001.0;0;1;0;-1;14;6;2023;14:04;1;2A;2A004;2;3;1;3;41.93835;8.74903;6;2;1;0;1;1; -1;1;0;1;50;Indemne;2
202300048342;155 594 772;Y01;1;0;2;1;2;5;203 736 232;1;1;4;1;2007.0;1;8;-1;-1;29;9;2023;12:15;1;61;61001;2;1;1;2;48.437501;0.095383;4;2;2;0;1;1; -1;1;0;1;30;Blessé léger;4
202300048342;155 594 774;A01;10;0;2;5;1;1;203 736 234;1;1;1;1;1984.0;4;1;-1;-1;29;9;2023;12:15;1;61;61001;2;1;1;2;48.437501;0.095383;4;2;2;0;1;1; -1;1;0;1;30;Indemne;4
202300048347;155 594 761;A01;1;0;2;1;1;5;203 736 220;1;1;4;1;1994.0;9;8;0;-1;17;2;2023;18:55;5;75;75105;2;3;1;3;48.853777;2.344395;4;2;2;0;1;1; -1;1;0;1;30;Blessé léger;4
202300048347;155 594 761;A01;1;0;2;1;1;5;203 736 220;1;1;4;1;1994.0;9;8;0;-1;17;2;2023;18:55;5;75;75105;2;3;1;3;48.853777;2.344395;4;1;2;0;1;1; -1;1;0;1;30;Blessé léger;4
202300048347;155 594 765;B01;7;0;2;3;1;1;203 736 224;1;1;1;1;1977.0;9;1;0;-1;17;2;2023;18:55;5;75;75105;2;3;1;3;48.853777;2.344395;4;2;2;0;1;1; -1;1;0;1;30;Indemne;4
202300048347;155 594 765;B01;7;0;2;3;1;1;203 736 224;1;1;1;1;1977.0;9;1;0;-1;17;2;2023;18:55;5;75;75105;2;3;1;3;48.853777;2.344395;4;1;2;0;1;1; -1;1;0;1;30;Indemne;4
202300048351;155 594 754;B01;1;0;2;7;1;5;203 736 205;1;1;4;2;1986.0;2;2;0;-1;17;2;2023;10:30;1;75;75106;2;2;1;3;48.85247966;2.33874142;4;1;3;3;1;1; -1;1;-1;6;30;Blessé léger;4
202300048351;155 594 754;B01;1;0;2;7;1;5;203 736 205;1;1;4;2;1986.0;2;2;0;-1;17;2;2023;10:30;1;75;75106;2;2;1;3;48.85247966;2.33874142;4;1; -1;-1;1;1; -1;1;-1;6;-1;Blessé léger;4
202300048351;155 594 757;A01;10;0;2;8;22;1;203 736 210;1;1;1;1;1997.0;5;8;0;-1;17;2;2023;10:30;1;75;75106;2;2;1;3;48.85247966;2.33874142;4;1;3;3;1;1; -1;1;-1;6;30;Indemne;4
202300048351;155 594 757;A01;10;0;2;8;22;1;203 736 210;1;1;1;1;1997.0;5;8;0;-1;17;2;2023;10:30;1;75;75106;2;2;1;3;48.85247966;2.33874142;4;1; -1;-1;1;1; -1;1;-1;6;-1;Indemne;4
202300048358;155 594 744;B01;1;0;2;1;1;5;203 736 190;1;1;4;1;2006.0;0;2;8;-1;14;6;2023;15:00;1;91;91347;2;9;7;3;48.63522;2.28557;4;2;2;0;2;1; -1;1;0;1;50;Blessé léger;2
202300048358;155 594 746;A01;7;0;2;1;15;1;203 736 192;1;1;1;1;1989.0;0;1;0;-1;14;6;2023;15:00;1;91;91347;2;9;7;3;48.63522;2.28557;4;2;2;0;2;1; -1;1;0;1;50;Indemne;2
202300048361;155 594 738;A01;1;0;2;1;1;5;203 736 184;1;1;4;1;2005.0;5;2;8;-1;17;2;2023;16:30;1;75;75116;2;1;1;2;48.853799;2.23719;4;1;1;1;1;1; -1;1;-1;5;50;Blessé léger;4
202300048361;155 594 740;B01;1;0;2;4;1;5;203 736 185;1;1;1;1;2005.0;5;2;8;-1;17;2;2023;16:30;1;75;75116;2;1;1;2;48.853799;2.23719;4;1;1;1;1;1; -1;1;-1;5;50;Indemne;4
202300048371;155 594 717;A01;1;0;2;1;18;5;203 736 159;1;1;4;1;1980.0;1;8;0;-1;17;2;2023;17:46;2;75;75114;2;1;1;3;48.820402;2.337944;4;1;2;1;1;1; -1;1;-1;5;30;Blessé léger;4
202300048371;155 594 721;Z01;7;0;2;7;22;0;203 736 163;2;2;1;1;1995.0;5;1;0;-1;17;2;2023;17:46;2;75;75114;2;1;1;3;48.820402;2.337944;4;1;2;1;1;1; -1;1;-1;5;30;Indemne;4
202300048372;155 594 715;B01;80;0;2;4;1;3;203 736 157;1;1;4;2;1964.0;5;2;0;-1;28;9;2023;12:10;1;56;56121;2;1;2;2;47.75297;-3.36123;4;2;2;0;1;1; -1;2;0;1;30;Blessé léger;3
202300048372;155 594 718;A01;7;0;2;1;2;1;203 736 160;1;1;1;2;1992.0;1;1;8;-1;28;9;2023;12:10;1;56;56121;2;1;2;2;47.75297;-3.36123;4;2;2;0;1;1; -1;2;0;1;30;Indemne;3
202300048374;155 594 710;B01;1;0;0;4;1;5;203 736 151;1;1;2;1;2007.0;5;8;-1;-1;30;4;2023;18:00;1;43;43185;2;1;1;2;45.3968;3.323008;3;2;2;0;2;1;5;1;0;1;50;Tué;6
202300048374;155 594 713;A01;7;0;2;1;1;1;203 736 155;1;1;1;1;1990.0;5;1;-1;-1;30;4;2023;18:00;1;43;43185;2;1;1;2;45.3968;3.323008;3;2;2;0;2;1;5;1;0;1;50;Indemne;6
202300048387;155 594 687;B01;7;0;2;1;1;1;203 736 125;1;1;1;1;1971.0;4;1;0;-1;17;2;2023;11:50;1;75;75104;2;2;1;3;48.853435;2.367172;4;1;1;0;1;1; -1;1;-1;5;30;Indemne;4
202300048387;155 594 687;B01;7;0;2;1;1;1;203 736 125;1;1;1;1;1971.0;4;1;0;-1;17;2;2023;11:50;1;75;75104;2;2;1;3;48.853435;2.367172;4;2;3;1;1;1; -1;1;-1;5;30;Indemne;4
202300048387;155 594 694;A01;1;0;2;8;1;5;203 736 133;1;1;4;2;1990.0;5;8;0;-1;17;2;2023;11:50;1;75;75104;2;2;1;3;48.853435;2.367172;4;1;1;0;1;1; -1;1;-1;5;30;Blessé léger;4
202300048387;155 594 694;A01;1;0;2;8;1;5;203 736 133;1;1;4;2;1990.0;5;8;0;-1;17;2;2023;11:50;1;75;75104;2;2;1;3;48.853435;2.367172;4;2;3;1;1;1; -1;1;-1;5;30;Blessé léger;4
202300048389;155 594 684;A01;7;0;2;1;1;1;203 736 121;1;1;1;1;1968.0;1;1;0;-1;29;9;2023;07:40;1;54;54578;2;1;1;2;48.67623;6.15367;4;2;2;0;1;1; -1;1;0;1;50;Indemne;4
202300048389;155 594 686;B01;1;0;2;4;15;5;203 736 124;1;1;4;1;1984.0;1;2;0;-1;29;9;2023;07:40;1;54;54578;2;1;1;2;48.67623;6.15367;4;2;2;0;1;1; -1;1;0;1;50;Blessé léger;4
202300048392;155 594 677;A01;7;0;2;2;2;1;203 736 113;1;1;1;1;1991.0;0;1;8;-1;18;7;2023;12:45;1;974;97409;2;1;1;2;-20.93208;55.64419;4;2;2;0;1;1; -1;1;0;1;50;Indemne;1
202300048392;155 594 679;B01;1;0;2;4;2;5;203 736 116;1;1;3;1;1985.0;0;2;0;-1;18;7;2023;12:45;1;974;97409;2;1;1;2;-20.93208;55.64419;4;2;2;0;1;1; -1;1;0;1;50;Blessé hospitalisé;1
202300048398;155 594 667;A01;7;0;2;0;0;1;203 736 099;1;1;1;1;1980.0;0;1;-1;-1;18;7;2023;20:10;1;69;69387;2;3;1;3;45.7442;4.84792;4;1;1;2;1;3; -1;1;0;5;30;Indemne;1
202300048398;155 594 667;A01;7;0;2;0;0;1;203 736 099;1;1;1;1;1980.0;0;1;-1;-1;18;7;2023;20:10;1;69;69387;2;3;1;3;45.7442;4.84792;4;2;3;1;1;1; -1;1;0;5;50;Indemne;1
202300048398;155 594 670;B01;1;0;2;0;0;0;203 736 102;1;1;4;1;1972.0;0;8;-1;-1;18;7;2023;20:10;1;69;69387;2;3;1;3;45.7442;4.84792;4;1;1;2;1;3; -1;1;0;5;30;Blessé léger;1
202300048398;155 594 670;B01;1;0;2;0;0;0;203 736 102;1;1;4;1;1972.0;0;8;-1;-1;18;7;2023;20:10;1;69;69387;2;3;1;3;45.7442;4.84792;4;2;3;1;1;1; -1;1;0;5;50;Blessé léger;1
202300048400;155 594 665;A01;80;0;2;1;1;3;203 736 097;1;1;4;2;1991.0;4;2;0;-1;28;9;2023;10:20;1;54;54395;2;1;1;3;48.68849;6.2045;4;1;2;0;1;1; -1;1;0;4;50;Blessé léger;3
202300048400;155 594 669;B01;7;0;2;3;1;1;203 736 101;1;1;1;1;1988.0;0;1;0;-1;28;9;2023;10:20;1;54;54395;2;1;1;3;48.68849;6.2045;4;1;2;0;1;1; -1;1;0;4;50;Indemne;3
202300048409;155 594 646;B01;1;0;2;1;1;5;203 736 073;1;1;4;1;1972.0;9;8;0;-1;29;9;2023;11:05;1;51;51454;2;6;1;3;49.26451;4.01029;4;1;0;0;1;1; -1;1;0;1;50;Blessé léger;4
202300048409;155 594 646;B01;1;0;2;1;1;5;203 736 073;1;1;4;1;1972.0;9;8;0;-1;29;9;2023;11:05;1;51;51454;2;6;1;3;49.26451;4.01029;4;1;0;1;1;2; -1;1;0;1;50;Blessé léger;4
202300048409;155 594 652;A01;7;0;2;6;9;1;203 736 079;1;1;1;2;2000.0;9;1;0;-1;29;9;2023;11:05;1;51;51454;2;6;1;3;49.26451;4.01029;4;1;0;0;1;1; -1;1;0;1;50;Indemne;4
202300048409;155 594 652;A01;7;0;2;6;9;1;203 736 079;1;1;1;2;2000.0;9;1;0;-1;29;9;2023;11:05;1;51;51454;2;6;1;3;49.26451;4.01029;4;1;0;1;1;2; -1;1;0;1;50;Indemne;4
202300048415;155 594 636;A01;7;0;2;3;16;1;203 736 061;1;1;1;2;1964.0;3;1;0;-1;14;6;2023;18:35;1;73;73065;2;2;1;3;45.58678;5.88385;3;2;2;1;1;1; -1;1;-1;5;50;Indemne;2
202300048415;155 594 636;A01;7;0;2;3;16;1;203 736 061;1;1;1;2;1964.0;3;1;0;-1;14;6;2023;18:35;1;73;73065;2;2;1;3;45.58678;5.88385;3;2;2;1;2;1; -1;1;-1;5;50;Indemne;2
202300048415;155 594 643;B01;1;0;2;1;1;5;203 736 070;1;1;4;1;1971.0;0;2;8;-1;14;6;2023;18:35;1;73;73065;2;2;1;3;45.58678;5.88385;3;2;2;1;1;1; -1;1;-1;5;50;Blessé léger;2
202300048415;155 594 643;B01;1;0;2;1;1;5;203 736 070;1;1;4;1;1971.0;0;2;8;-1;14;6;2023;18:35;1;73;73065;2;2;1;3;45.58678;5.88385;3;2;2;1;2;1; -1;1;-1;5;50;Blessé léger;2
202300048417;155 594 632;A01;3;0;2;7;1;1;203 736 057;1;1;1;1;1952.0;1;1;0;-1;17;7;2023;16:50;1;95;95427;2;1;1;3;48.95644;2.33421;4;2;2;0;1;1; -1;1;0;1;50;Indemne;0
202300048417;155 594 635;B01;1;0;2;1;25;5;203 736 060;1;1;4;1;2015.0;5;0;0;-1;17;7;2023;16:50;1;95;95427;2;1;1;3;48.95644;2.33421;4;2;2;0;1;1; -1;1;0;1;50;Blessé léger;0
202300048419;155 594 628;A01;7;0;2;1;13;1;203 736 052;1;1;1;1;1972.0;5;8;-1;-1;28;9;2023;22:38;3;49;49328;2;1;1;1;47.26725;-0.07893;4;2;2;1;1;1; -1;1;0;4;50;Indemne;3
202300048419;155 594 631;B01;1;0;2;8;1;5;203 736 055;1;1;4;1;1985.0;5;0;8;-1;28;9;2023;22:38;3;49;49328;2;1;1;1;47.26725;-0.07893;4;2;2;1;1;1; -1;1;0;4;50;Blessé léger;3
202300048432;155 594 601;B01;1;0;2;0;0;0;203 736 016;1;1;4;1;1970.0;0;8;-1;-1;12;6;2023;13:45;1;69;69029;2;2;1;3;45.73919486;4.91021411;4;2;2;0;1;1; -1;1;0;1;50;Blessé léger;0
202300048432;155 594 601;B01;1;0;2;0;0;0;203 736 016;1;1;4;1;1970.0;0;8;-1;-1;12;6;2023;13:45;1;69;69029;2;2;1;3;45.73919486;4.91021411;4;1;1;2;1;1; -1;1;0;1;50;Blessé léger;0
202300048432;155 594 605;A01;7;0;2;3;1;1;203 736 021;1;1;1;1;1967.0;0;1;-1;-1;12;6;2023;13:45;1;69;69029;2;2;1;3;45.73919486;4.91021411;4;2;2;0;1;1; -1;1;0;1;50;Indemne;0
202300048432;155 594 605;A01;7;0;2;3;1;1;203 736 021;1;1;1;1;1967.0;0;1;-1;-1;12;6;2023;13:45;1;69;69029;2;2;1;3;45.73919486;4.91021411;4;1;1;2;1;1; -1;1;0;1;50;Indemne;0
202300048435;155 594 595;A01;1;0;2;1;1;5;203 736 010;1;1;4;2;1970.0;1;2;0;-1;29;9;2023;07:25;1;47;47001;2;2;1;3;44.1954;0.61698;4;2;2;1;1;1; -1;1;0;1;30;Blessé léger;4
202300048435;155 594 595;A01;1;0;2;1;1;5;203 736 010;1;1;4;2;1970.0;1;2;0;-1;29;9;2023;07:25;1;47;47001;2;2;1;3;44.1954;0.61698;4;2;2;0;1;1; -1;1;0;1;30;Blessé léger;4
202300048435;155 594 599;B01;7;0;2;3;1;1;203 736 014;1;1;1;1;1975.0;1;1;-1;-1;29;9;2023;07:25;1;47;47001;2;2;1;3;44.1954;0.61698;4;2;2;1;1;1; -1;1;0;1;30;Indemne;4
202300048435;155 594 599;B01;7;0;2;3;1;1;203 736 014;1;1;1;1;1975.0;1;1;-1;-1;29;9;2023;07:25;1;47;47001;2;2;1;3;44.1954;0.61698;4;2;2;0;1;1; -1;1;0;1;30;Indemne;4
202300048436;155 594 591;B01;1;15;0;1;1;5;203 736 006;1;1;4;1;2000.0;5;8;0;-1;17;2;2023;16:00;1;92;92075;2;1;1;3;48.82526367;2.29302317;4;2;2;0;1;1; -1;1;0;1;50;Blessé léger;4
202300048436;155 594 594;A01;7;0;9;8;22;1;203 736 009;1;1;1;1;1962.0;9;8;0;-1;17;2;2023;16:00;1;92;92075;2;1;1;3;48.82526367;2.29302317;4;2;2;0;1;1; -1;1;0;1;50;Indemne;4
202300048439;155 594 588;B01;1;0;2;3;0;5;203 736 002;1;1;4;1;1966.0;0;8;0;-1;14;6;2023;08:51;1;68;68066;2;2;7;3;48.10729;7.38482;3;2;3;1;2;1; -1;1;2;1;70;Blessé léger;2
202300048439;155 594 588;B01;1;0;2;3;0;5;203 736 002;1;1;4;1;1966.0;0;8;0;-1;14;6;2023;08:51;1;68;68066;2;2;7;3;48.10729;7.38482;3;2; -1;-1;1;1; -1;1;0;1;-1;Blessé léger;2
202300048439;155 594 592;A01;99;0;2;0;0;0;203 736 007;1;1;1;1;1977.0;4;1;0;-1;14;6;2023;08:51;1;68;68066;2;2;7;3;48.10729;7.38482;3;2;3;1;2;1; -1;1;2;1;70;Indemne;2
202300048439;155 594 592;A01;99;0;2;0;0;0;203 736 007;1;1;1;1;1977.0;4;1;0;-1;14;6;2023;08:51;1;68;68066;2;2;7;3;48.10729;7.38482;3;2; -1;-1;1;1; -1;1;0;1;-1;Indemne;2
202300048446;155 594 576;A01;80;0;2;1;19;3;203 735 988;1;1;4;2;1975.0;1;2;8;-1;13;6;2023;08:15;1;67;67482;2;1;1;3;48.592326;7.761092;4;2;2;0;1;1; -1;1;2;1;50;Blessé léger;1
202300048446;155 594 580;B01;7;0;2;0;1;1;203 735 993;2;2;1;2;1952.0;0;1;8;-1;13;6;2023;08:15;1;67;67482;2;1;1;3;48.592326;7.761092;4;2;2;0;1;1; -1;1;2;1;50;Indemne;1
202300048446;155 594 580;B01;7;0;2;0;1;1;203 735 995;1;1;1;1;1948.0;0;1;8;-1;13;6;2023;08:15;1;67;67482;2;1;1;3;48.592326;7.761092;4;2;2;0;1;1; -1;1;2;1;50;Indemne;1
202300048449;155 594 570;A01;7;14;9;2;16;1;203 735 981;1;1;1;1;1939.0;3;1;0;-1;15;6;2023;16:00;1;76;76351;2;4;1;3;49.50244;0.168163;3;2;0;0;1;1; -1;1;0;1;50;Indemne;3
202300048449;155 594 570;A01;7;14;9;2;16;1;203 735 981;1;1;1;1;1939.0;3;1;0;-1;15;6;2023;16:00;1;76;76351;2;4;1;3;49.50244;0.168163;3;2;2;0;1;1;12;1;0;1;50;Indemne;3
202300048449;155 594 573;B01;80;0;2;8;1;3;203 735 985;1;1;4;1;1970.0;0;0;-1;-1;15;6;2023;16:00;1;76;76351;2;4;1;3;49.50244;0.168163;3;2;0;0;1;1; -1;1;0;1;50;Blessé léger;3
202300048449;155 594 573;B01;80;0;2;8;1;3;203 735 985;1;1;4;1;1970.0;0;0;-1;-1;15;6;2023;16:00;1;76;76351;2;4;1;3;49.50244;0.168163;3;2;2;0;1;1;12;1;0;1;50;Blessé léger;3
202300048458;155 594 555;A01;1;0;2;1;9;5;203 735 963;1;1;4;1;1973.0;5;8;0;-1;28;9;2023;16:48;1;41;41018;2;1;1;1;47.5673;1.3121;4;2;2;1;1;1; -1;1;0;1;50;Blessé léger;3
202300048458;155 594 558;B01;7;0;2;7;1;1;203 735 966;1;1;1;1;2002.0;1;1;0;-1;28;9;2023;16:48;1;41;41018;2;1;1;1;47.5673;1.3121;4;2;2;1;1;1; -1;1;0;1;50;Indemne;3
202300048461;155 594 554;B01;1;0;2;7;19;5;203 735 962;1;1;3;1;1948.0;0;8;0;-1;17;7;2023;22:00;5;71;71270;2;1;1;3;46.2973;4.82408;3;2;2;1;1;1;5,5;1;-1;1;50;Blessé hospitalisé;0
202300048461;155 594 556;A01;7;0;9;1;0;1;203 735 964;1;1;1;1;1942.0;5;1;8;-1;17;7;2023;22:00;5;71;71270;2;1;1;3;46.2973;4.82408;3;2;2;1;1;1;5,5;1;-1;1;50;Indemne;0
202300048480;155 594 520;A01;7;0;2;2;9;1;203 735 920;1;1;1;2;1949.0;0;8;-1;-1;18;7;2023;11:40;1;69;69029;2;9;1;3;45.74609;4.92627;7;2;2;3;1;1; -1;1;0;4;50;Indemne;1
202300048480;155 594 524;B01;1;0;2;1;1;0;203 735 925;1;1;4;1;1963.0;5;2;-1;-1;18;7;2023;11:40;1;69;69029;2;9;1;3;45.74609;4.92627;7;2;2;3;1;1; -1;1;0;4;50;Blessé léger;1
202300048487;155 594 507;A01;7;0;2;8;9;1;203 735 905;1;1;1;1;1975.0;4;1;0;-1;26;9;2023;09:15;1;34;34172;2;3;1;3;43.60669;3.8652;4;2;0;0;1;1; -1;1;0;1;30;Indemne;1
202300048487;155 594 507;A01;7;0;2;8;9;1;203 735 905;1;1;1;1;1975.0;4;1;0;-1;26;9;2023;09:15;1;34;34172;2;3;1;3;43.60669;3.8652;4;2;2;0;1;1; -1;1;0;1;30;Indemne;1
202300048487;155 594 512;B01;1;0;2;1;1;5;203 735 909;1;1;4;1;2007.0;0;8;0;-1;26;9;2023;09:15;1;34;34172;2;3;1;3;43.60669;3.8652;4;2;0;0;1;1; -1;1;0;1;30;Blessé léger;1
202300048487;155 594 512;B01;1;0;2;1;1;5;203 735 909;1;1;4;1;2007.0;0;8;0;-1;26;9;2023;09:15;1;34;34172;2;3;1;3;43.60669;3.8652;4;2;2;0;1;1; -1;1;0;1;30;Blessé léger;1
202300048495;155 594 494;A01;10;0;9;3;15;1;203 735 889;1;1;1;1;1972.0;4;1;8;-1;18;7;2023;08:35;1;67;67482;2;1;7;1;48.59794;7.7758;4;2;5;0;1;1; -1;1;9;1;50;Indemne;1
202300048495;155 594 494;A01;10;0;9;3;15;1;203 735 892;2;2;1;1;2004.0;4;1;8;-1;18;7;2023;08:35;1;67;67482;2;1;7;1;48.59794;7.7758;4;2;5;0;1;1; -1;1;9;1;50;Indemne;1
202300048495;155 594 498;B01;1;0;2;6;1;5;203 735 894;1;1;4;2;1969.0;1;8;0;-1;18;7;2023;08:35;1;67;67482;2;1;7;1;48.59794;7.7758;4;2;5;0;1;1; -1;1;9;1;50;Blessé léger;1
202300048499;155 594 486;A01;7;0;2;1;1;1;203 735 879;1;1;1;1;2003.0;5;1;-1;-1;29;9;2023;18:00;1;33;33063;2;2;1;3;44.82205;-0.57651;4;1;1;0;1;1; -1;1;0;1;30;Indemne;4
202300048499;155 594 486;A01;7;0;2;1;1;1;203 735 879;1;1;1;1;2003.0;5;1;-1;-1;29;9;2023;18:00;1;33;33063;2;2;1;3;44.82205;-0.57651;4;2;2;0;1;1; -1;1;0;1;30;Indemne;4
202300048499;155 594 491;B01;80;0;2;7;1;3;203 735 886;1;1;4;2;1968.0;5;0;-1;-1;29;9;2023;18:00;1;33;33063;2;2;1;3;44.82205;-0.57651;4;1;1;0;1;1; -1;1;0;1;30;Blessé léger;4
202300048499;155 594 491;B01;80;0;2;7;1;3;203 735 886;1;1;4;2;1968.0;5;0;-1;-1;29;9;2023;18:00;1;33;33063;2;2;1;3;44.82205;-0.57651;4;2;2;0;1;1; -1;1;0;1;30;Blessé léger;4
202300048508;155 594 467;B01;1;0;2;0;26;5;203 735 856;1;1;4;2;1972.0;1;8;0;-1;3;1;2023;08:30;2;59;59350;2;1;2;6;50.639366;3.013165;4;1;1;0;1;1; -1;2;0;1;50;Blessé léger;1
202300048529;155 594 431;A01;7;0;2;8;22;0;203 735 810;1;1;1;1;1982.0;5;1;0;-1;18;7;2023;08:45;1;59;59368;2;1;1;5;50.65742;3.07387;7;2;2;2;1;1; -1;1;0;5;50;Indemne;1
202300048529;155 594 432;B01;7;0;2;1;2;0;203 735 811;1;1;1;1;2000.0;1;1;0;-1;18;7;2023;08:45;1;59;59368;2;1;1;5;50.65742;3.07387;7;2;2;2;1;1; -1;1;0;5;50;Indemne;1
202300048529;155 594 437;C01;1;0;2;2;1;5;203 735 819;1;1;3;2;1988.0;0;2;0;-1;18;7;2023;08:45;1;59;59368;2;1;1;5;50.65742;3.07387;7;2;2;2;1;1; -1;1;0;5;50;Blessé hospitalisé;1
202300048533;155 594 422;B01;7;0;2;7;1;1;203 735 801;1;1;1;1;1992.0;1;1;0;-1;14;6;2023;05:44;5;49;49007;2;2;1;3;47.4747;-0.58615;4;2;2;2;1;1; -1;1;0;1;50;Indemne;2
202300048533;155 594 422;B01;7;0;2;7;1;1;203 735 801;1;1;1;1;1992.0;1;1;0;-1;14;6;2023;05:44;5;49;49007;2;2;1;3;47.4747;-0.58615;4;2;2;0;1;1; -1;1;0;1;30;Indemne;2
202300048533;155 594 427;A01;1;0;2;1;15;5;203 735 806;1;1;3;1;2003.0;0;8;0;-1;14;6;2023;05:44;5;49;49007;2;2;1;3;47.4747;-0.58615;4;2;2;2;1;1; -1;1;0;1;50;Blessé hospitalisé;2
202300048533;155 594 427;A01;1;0;2;1;15;5;203 735 806;1;1;3;1;2003.0;0;8;0;-1;14;6;2023;05:44;5;49;49007;2;2;1;3;47.4747;-0.58615;4;2;2;0;1;1; -1;1;0;1;30;Blessé hospitalisé;2
202300048548;155 594 400;A01;1;0;1;1;25;5;203 735 768;1;1;1;1;2008.0;5;8;0;-1;14;6;2023;12:30;1;45;45208;2;1;1;6;47.99862;2.73098;4;-1;0;0;1;1; -1;1;0;4;30;Indemne;2
202300048548;155 594 400;A01;1;0;1;1;25;5;203 735 769;10;3;4;1;1953.0;3;0;-1;-1;14;6;2023;12:30;1;45;45208;2;1;1;6;47.99862;2.73098;4;-1;0;0;1;1; -1;1;0;4;30;Blessé léger;2
202300048550;155 594 396;A01;7;0;2;3;1;1;203 735 764;1;1;1;1;1973.0;1;1;0;-1;29;9;2023;13:07;1;17;17380;2;1;1;1;45.642499;-1.087585;4;2;2;0;1;1; -1;1;0;1;30;Indemne;4
202300048550;155 594 399;B01;1;0;2;1;15;5;203 735 767;1;1;3;1;1943.0;5;2;0;-1;29;9;2023;13:07;1;17;17380;2;1;1;1;45.642499;-1.087585;4;2;2;0;1;1; -1;1;0;1;30;Blessé hospitalisé;4
202300048563;155 594 371;A01;1;0;1;4;17;5;203 735 727;1;1;4;1;1994.0;1;8;0;-1;14;6;2023;12:59;1;37;37261;2;1;1;6;47.36878;0.69747;4;-1;6;1;1;1; -1;1;0;5;50;Blessé léger;2
202300048563;155 594 371;A01;1;0;1;4;17;5;203 735 728;10;3;4;1;1986.0;5;0;-1;-1;14;6;2023;12:59;1;37;37261;2;1;1;6;47.36878;0.69747;4;-1;6;1;1;1; -1;1;0;5;50;Blessé léger;2
202300048575;155 594 352;A01;1;0;2;8;9;5;203 735 702;1;1;3;2;1951.0;5;0;-1;-1;17;2;2023;18:30;3;58;58087;2;1;8;3;46.760957;3.55846;3;2;2;0;1;1; -1;2;0;1;50;Blessé hospitalisé;4
202300048575;155 594 355;B01;7;0;2;1;1;1;203 735 706;1;1;1;2;1987.0;3;1;-1;-1;17;2;2023;18:30;3;58;58087;2;1;8;3;46.760957;3.55846;3;2;2;0;1;1; -1;2;0;1;50;Indemne;4
202300048576;155 594 349;A01;1;0;1;1;1;5;203 735 698;10;3;4;1;2002.0;0;0;-1;-1;14;6;2023;08:20;1;33;33550;2;1;1;6;44.77382;-0.56483;4;3;2;1;1;1; -1;1;0;1;50;Blessé léger;2
202300048576;155 594 349;A01;1;0;1;1;1;5;203 735 699;1;1;4;1;1999.0;1;0;-1;-1;14;6;2023;08:20;1;33;33550;2;1;1;6;44.77382;-0.56483;4;3;2;1;1;1; -1;1;0;1;50;Blessé léger;2
202300048580;155 594 344;A01;3;0;2;2;1;3;203 735 690;2;2;1;2;2007.0;0;1;0;-1;28;9;2023;17:15;1;10;10387;2;1;1;2;48.30275;4.07509;4;3;5;1;1;1; -1;1;0;1;50;Indemne;3
202300048580;155 594 344;A01;3;0;2;2;1;3;203 735 691;1;1;1;2;2007.0;5;1;0;-1;28;9;2023;17:15;1;10;10387;2;1;1;2;48.30275;4.07509;4;3;5;1;1;1; -1;1;0;1;50;Indemne;3
202300048580;155 594 347;B01;1;0;2;0;0;5;203 735 696;1;1;4;1;2001.0;1;8;0;-1;28;9;2023;17:15;1;10;10387;2;1;1;2;48.30275;4.07509;4;3;5;1;1;1; -1;1;0;1;50;Blessé léger;3
202300048597;155 594 318;B01;1;0;0;4;2;5;203 735 646;1;1;4;1;2002.0;1;0;-1;-1;15;2;2023;18:45;2;17;17008;2;6;1;2;46.26141;-1.010238;3;1;2;0;1;2; -1;1;0;1;50;Blessé léger;2
202300048597;155 594 322;A01;7;0;9;4;9;1;203 735 652;1;1;1;2;1953.0;5;1;-1;-1;15;2;2023;18:45;2;17;17008;2;6;1;2;46.26141;-1.010238;3;1;2;0;1;2; -1;1;0;1;50;Indemne;2