Num_Acc;id_vehicule;num_veh;catv;obs;obsm;choc;manv;motor;id_usager;place;catu;grav;sexe;an_nais;trajet;secu1;secu2;secu3;jour;mois;an;hrmn;lum;dep;com;agg;int;atm;col;lat;long;catr;circ;nbv;vosp;prof;plan;larrout;surf;infra;situ;vma;gravity;day_of_week
202300048599;155 594 314;B01;1;0;2;2;1;5;203 735 638;1;1;4;2;1967.0;5;8;0;-1;18;7;2023;09:40;1;29;29232;2;1;1;3;47.99428;-4.11027;4;1;2;0;1;2; -1;1;0;1;50;Blessé léger;1
202300048599;155 594 315;A01;7;0;2;3;11;1;203 735 640;1;1;1;2;1938.0;5;1;0;-1;18;7;2023;09:40;1;29;29232;2;1;1;3;47.99428;-4.11027;4;1;2;0;1;2; -1;1;0;1;50;Indemne;1
202300048627;155 594 258;B01;7;0;2;7;1;1;203 735 553;1;1;1;2;1981.0;0;1;0;-1;14;6;2023;12:15;1;13;13103;2;3;1;3;43.64049357;5.08103003;4;-1;2;0;1;1; -1;1;0;4;50;Indemne;2
202300048627;155 594 258;B01;7;0;2;7;1;1;203 735 553;1;1;1;2;1981.0;0;1;0;-1;14;6;2023;12:15;1;13;13103;2;3;1;3;43.64049357;5.08103003;4;2;1;0;1;1; -1;1;0;4;30;Indemne;2
202300048627;155 594 264;A01;1;0;2;1;25;5;203 735 563;1;1;3;1;1955.0;5;8;0;-1;14;6;2023;12:15;1;13;13103;2;3;1;3;43.64049357;5.08103003;4;-1;2;0;1;1; -1;1;0;4;50;Blessé hospitalisé;2
202300048627;155 594 264;A01;1;0;2;1;25;5;203 735 563;1;1;3;1;1955.0;5;8;0;-1;14;6;2023;12:15;1;13;13103;2;3;1;3;43.64049357;5.08103003;4;2;1;0;1;1; -1;1;0;4;30;Blessé hospitalisé;2
202300048639;155 594 238;B01;50;0;2;1;2;3;203 735 528;1;1;4;2;2012.0;2;8;0;-1;28;9;2023;13:00;1;75;75118;2;1;1;2;48.892082;2.327117;4;2;2;1;1;1; -1;1;0;5;30;Blessé léger;3
202300048639;155 594 242;A01;1;0;2;4;23;5;203 735 532;1;1;1;1;1982.0;2;8;0;-1;28;9;2023;13:00;1;75;75118;2;1;1;2;48.892082;2.327117;4;2;2;1;1;1; -1;1;0;5;30;Indemne;3
202300048647;155 594 224;A01;7;0;2;7;15;1;203 735 511;2;2;1;1;1986.0;4;1;0;-1;29;9;2023;12:02;1;75;75117;2;2;1;3;48.890237;2.31719;4;1; -1;-1;1;1; -1;2;0;1;30;Indemne;4
202300048647;155 594 224;A01;7;0;2;7;15;1;203 735 511;2;2;1;1;1986.0;4;1;0;-1;29;9;2023;12:02;1;75;75117;2;2;1;3;48.890237;2.31719;4;2;2;1;1;1; -1;2;0;1;30;Indemne;4
202300048647;155 594 224;A01;7;0;2;7;15;1;203 735 513;1;1;1;1;1966.0;4;1;0;-1;29;9;2023;12:02;1;75;75117;2;2;1;3;48.890237;2.31719;4;1; -1;-1;1;1; -1;2;0;1;30;Indemne;4
202300048647;155 594 224;A01;7;0;2;7;15;1;203 735 513;1;1;1;1;1966.0;4;1;0;-1;29;9;2023;12:02;1;75;75117;2;2;1;3;48.890237;2.31719;4;2;2;1;1;1; -1;2;0;1;30;Indemne;4
202300048647;155 594 227;B01;1;0;2;1;1;5;203 735 516;1;1;4;2;1990.0;4;8;0;-1;29;9;2023;12:02;1;75;75117;2;2;1;3;48.890237;2.31719;4;1; -1;-1;1;1; -1;2;0;1;30;Blessé léger;4
202300048647;155 594 227;B01;1;0;2;1;1;5;203 735 516;1;1;4;2;1990.0;4;8;0;-1;29;9;2023;12:02;1;75;75117;2;2;1;3;48.890237;2.31719;4;2;2;1;1;1; -1;2;0;1;30;Blessé léger;4
202300048650;155 594 221;A01;1;0;1;1;13;5;203 735 507;1;1;1;1;1994.0;1;8;0;-1;18;7;2023;11:48;1;75;75106;2;1;1;6;48.857681;2.337186;4;1;5;1;1;1; -1;1;0;1;30;Indemne;1
202300048650;155 594 221;A01;1;0;1;1;13;5;203 735 508;10;3;4;1;1970.0;4;0;-1;-1;18;7;2023;11:48;1;75;75106;2;1;1;6;48.857681;2.337186;4;1;5;1;1;1; -1;1;0;1;30;Blessé léger;1
202300048652;155 594 214;A01;50;0;2;1;1;3;203 735 498;1;1;1;2;2000.0;5;2;0;-1;17;7;2023;08:40;1;75;75105;2;1;1;1;48.853551;2.3451;4;2;2;1;1;1; -1;1;0;1;30;Indemne;0
202300048652;155 594 217;B01;1;0;2;1;1;5;203 735 502;1;1;4;1;1975.0;9;8;0;-1;17;7;2023;08:40;1;75;75105;2;1;1;1;48.853551;2.3451;4;2;2;1;1;1; -1;1;0;1;30;Blessé léger;0
202300048653;155 594 213;B01;1;0;2;8;1;5;203 735 497;1;1;3;2;1983.0;9;2;0;-1;13;6;2023;12:22;1;75;75114;2;4;1;3;48.828795;2.327734;4;2;4;2;1;1; -1;1;0;1;30;Blessé hospitalisé;1
202300048653;155 594 213;B01;1;0;2;8;1;5;203 735 497;1;1;3;2;1983.0;9;2;0;-1;13;6;2023;12:22;1;75;75114;2;4;1;3;48.828795;2.327734;4;1;1;1;1;1; -1;1;0;1;30;Blessé hospitalisé;1
202300048653;155 594 215;Z01;14;0;2;7;14;1;203 735 500;1;1;1;1;1985.0;4;1;0;-1;13;6;2023;12:22;1;75;75114;2;4;1;3;48.828795;2.327734;4;2;4;2;1;1; -1;1;0;1;30;Indemne;1
202300048653;155 594 215;Z01;14;0;2;7;14;1;203 735 500;1;1;1;1;1985.0;4;1;0;-1;13;6;2023;12:22;1;75;75114;2;4;1;3;48.828795;2.327734;4;1;1;1;1;1; -1;1;0;1;30;Indemne;1
202300048654;155 594 212;Z01;80;0;1;7;1;3;203 735 496;10;3;4;2;2008.0;9;8;8;-1;29;9;2023;15:00;1;75;75115;2;3;1;6;48.848532;2.282857;4;-1; -1;0;1;1; -1;1;0;1;30;Blessé léger;4
202300048654;155 594 212;Z01;80;0;1;7;1;3;203 735 496;10;3;4;2;2008.0;9;8;8;-1;29;9;2023;15:00;1;75;75115;2;3;1;6;48.848532;2.282857;4;1;6;1;1;1; -1;1;0;5;30;Blessé léger;4
202300048656;155 594 209;A01;1;0;0;0;21;5;203 735 492;1;1;4;2;1991.0;9;8;0;-1;18;7;2023;18:30;1;75;75119;2;2;1;7;48.8896839;2.36810088;4;1; -1;-1;1;1; -1;1;0;5;-1;Blessé léger;1
202300048656;155 594 209;A01;1;0;0;0;21;5;203 735 492;1;1;4;2;1991.0;9;8;0;-1;18;7;2023;18:30;1;75;75119;2;2;1;7;48.8896839;2.36810088;4;2;3;1;1;1; -1;1;0;5;30;Blessé léger;1
202300048659;155 594 207;A01;14;0;2;7;16;1;203 735 489;1;1;1;1;1987.0;4;8;0;-1;27;9;2023;13:45;1;75;75114;2;2;1;3;48.819798;2.325756;4;1;4;1;1;1; -1;1;0;1;50;Indemne;2
202300048659;155 594 207;A01;14;0;2;7;16;1;203 735 489;1;1;1;1;1987.0;4;8;0;-1;27;9;2023;13:45;1;75;75114;2;2;1;3;48.819798;2.325756;4;-1; -1;0;1;1; -1;1;0;1;50;Indemne;2
202300048659;155 594 210;B01;80;0;2;1;1;3;203 735 493;1;1;4;1;2000.0;1;2;0;-1;27;9;2023;13:45;1;75;75114;2;2;1;3;48.819798;2.325756;4;1;4;1;1;1; -1;1;0;1;50;Blessé léger;2
202300048659;155 594 210;B01;80;0;2;1;1;3;203 735 493;1;1;4;1;2000.0;1;2;0;-1;27;9;2023;13:45;1;75;75114;2;2;1;3;48.819798;2.325756;4;-1; -1;0;1;1; -1;1;0;1;50;Blessé léger;2
202300048669;155 594 187;A01;1;0;2;1;13;5;203 735 466;1;1;4;1;1980.0;5;2;8;-1;18;7;2023;18:35;1;75;75116;2;3;1;1;48.875859;2.281179;4;1;1;0;1;1; -1;1;0;5;30;Blessé léger;1
202300048669;155 594 187;A01;1;0;2;1;13;5;203 735 466;1;1;4;1;1980.0;5;2;8;-1;18;7;2023;18:35;1;75;75116;2;3;1;1;48.875859;2.281179;4;2; -1;-1;1;1; -1;1;0;5;-1;Blessé léger;1
202300048669;155 594 189;B01;1;0;2;1;13;5;203 735 468;1;1;4;1;1962.0;5;2;8;-1;18;7;2023;18:35;1;75;75116;2;3;1;1;48.875859;2.281179;4;1;1;0;1;1; -1;1;0;5;30;Blessé léger;1
202300048669;155 594 189;B01;1;0;2;1;13;5;203 735 468;1;1;4;1;1962.0;5;2;8;-1;18;7;2023;18:35;1;75;75116;2;3;1;1;48.875859;2.281179;4;2; -1;-1;1;1; -1;1;0;5;-1;Blessé léger;1
202300048681;155 594 165;B01;1;0;2;1;17;5;203 735 440;1;1;4;2;2004.0;5;8;0;-1;29;9;2023;22:00;5;75;75107;2;1;1;1;48.860425;2.326822;4;2; -1;1;1;1; -1;1;0;5;30;Blessé léger;4
202300048681;155 594 167;A01;1;0;2;1;17;5;203 735 442;1;1;4;1;2003.0;5;8;0;-1;29;9;2023;22:00;5;75;75107;2;1;1;1;48.860425;2.326822;4;2; -1;1;1;1; -1;1;0;5;30;Blessé léger;4
202300048685;155 594 160;A01;80;14;0;3;2;3;203 735 434;1;1;4;1;1971.0;5;8;0;-1;29;9;2023;17:20;1;75;75103;2;2;1;6;48.863216;2.354583;4;1;0;1;1;1; -1;1;0;5;30;Blessé léger;4
202300048685;155 594 160;A01;80;14;0;3;2;3;203 735 434;1;1;4;1;1971.0;5;8;0;-1;29;9;2023;17:20;1;75;75103;2;2;1;6;48.863216;2.354583;4;1; -1;0;1;1; -1;1;0;5;30;Blessé léger;4
202300048688;155 594 155;A01;1;8;0;1;1;5;203 735 429;1;1;4;2;1998.0;9;2;8;-1;29;9;2023;09:15;1;75;75101;2;3;1;6;48.86468;2.329298;4;1;1;0;1;1; -1;1;0;5;30;Blessé léger;4
202300048688;155 594 155;A01;1;8;0;1;1;5;203 735 429;1;1;4;2;1998.0;9;2;8;-1;29;9;2023;09:15;1;75;75101;2;3;1;6;48.86468;2.329298;4;1;4;1;1;1; -1;1;0;5;30;Blessé léger;4
202300048689;155 594 153;B01;50;0;2;1;1;3;203 735 427;1;1;4;1;1972.0;5;8;0;-1;7;1;2023;17:35;5;75;75115;2;2;2;3;48.847153;2.292628;4;1;1;0;1;1; -1;2;0;1;30;Blessé léger;5
202300048689;155 594 153;B01;50;0;2;1;1;3;203 735 427;1;1;4;1;1972.0;5;8;0;-1;7;1;2023;17:35;5;75;75115;2;2;2;3;48.847153;2.292628;4;1;1;1;1;1; -1;2;0;1;30;Blessé léger;5
202300048689;155 594 154;A01;80;0;2;1;1;3;203 735 428;1;1;1;1;1991.0;4;8;0;-1;7;1;2023;17:35;5;75;75115;2;2;2;3;48.847153;2.292628;4;1;1;0;1;1; -1;2;0;1;30;Indemne;5
202300048689;155 594 154;A01;80;0;2;1;1;3;203 735 428;1;1;1;1;1991.0;4;8;0;-1;7;1;2023;17:35;5;75;75115;2;2;2;3;48.847153;2.292628;4;1;1;1;1;1; -1;2;0;1;30;Indemne;5
202300048695;155 594 146;A01;1;0;0;0;2;5;203 735 418;1;1;4;1;1973.0;1;8;0;-1;14;6;2023;08:25;1;75;75113;2;4;1;7;48.821087;2.354394;4;2;6;1;1;1; -1;1;0;1;30;Blessé léger;2
202300048695;155 594 146;A01;1;0;0;0;2;5;203 735 418;1;1;4;1;1973.0;1;8;0;-1;14;6;2023;08:25;1;75;75113;2;4;1;7;48.821087;2.354394;4;-1; -1;0;1;1; -1;1;0;1;30;Blessé léger;2
202300048696;155 594 142;Y01;1;0;2;2;1;5;203 735 412;1;1;4;2;1962.0;0;0;0;-1;28;9;2023;09:10;1;94;94080;2;1;1;3;48.84570563;2.42758034;3;2;4;1;1;1; -1;1;0;1;50;Blessé léger;3
202300048696;155 594 143;A01;10;0;2;3;22;1;203 735 413;1;1;1;1;1996.0;9;1;0;-1;28;9;2023;09:10;1;94;94080;2;1;1;3;48.84570563;2.42758034;3;2;4;1;1;1; -1;1;0;1;50;Indemne;3
202300048697;155 594 145;A01;1;0;2;8;1;5;203 735 414;1;1;4;2;1956.0;5;2;0;-1;7;1;2023;19:15;5;75;75110;2;3;1;3;48.86776;2.364359;4;2;2;3;1;1; -1;2;0;1;30;Blessé léger;5
202300048697;155 594 145;A01;1;0;2;8;1;5;203 735 414;1;1;4;2;1956.0;5;2;0;-1;7;1;2023;19:15;5;75;75110;2;3;1;3;48.86776;2.364359;4;1;1;3;1;1; -1;2;0;1;30;Blessé léger;5
202300048708;155 594 121;A01;7;0;2;2;15;2;203 735 381;1;1;1;1;1977.0;1;1;0;-1;14;6;2023;21:15;1;75;75110;2;5;1;3;48.874774;2.357359;4;2;4;3;1;1; -1;1;0;1;30;Indemne;2
202300048708;155 594 121;A01;7;0;2;2;15;2;203 735 381;1;1;1;1;1977.0;1;1;0;-1;14;6;2023;21:15;1;75;75110;2;5;1;3;48.874774;2.357359;4;1;3;3;1;1; -1;1;0;1;30;Indemne;2
202300048708;155 594 124;B01;1;0;2;0;1;5;203 735 384;1;1;4;1;1987.0;9;8;0;-1;14;6;2023;21:15;1;75;75110;2;5;1;3;48.874774;2.357359;4;2;4;3;1;1; -1;1;0;1;30;Blessé léger;2
202300048708;155 594 124;B01;1;0;2;0;1;5;203 735 384;1;1;4;1;1987.0;9;8;0;-1;14;6;2023;21:15;1;75;75110;2;5;1;3;48.874774;2.357359;4;1;3;3;1;1; -1;1;0;1;30;Blessé léger;2
202300048713;155 594 115;A01;80;0;1;1;1;3;203 735 370;1;1;1;1;1990.0;1;8;8;-1;13;6;2023;22:10;5;75;75110;2;4;1;6;48.879422;2.353275;4;2;4;0;2;1; -1;1;0;1;30;Indemne;1
202300048713;155 594 115;A01;80;0;1;1;1;3;203 735 370;1;1;1;1;1990.0;1;8;8;-1;13;6;2023;22:10;5;75;75110;2;4;1;6;48.879422;2.353275;4;1;2;0;1;1; -1;1;0;1;30;Indemne;1
202300048713;155 594 115;A01;80;0;1;1;1;3;203 735 373;10;3;3;2;1938.0;5;0;-1;-1;13;6;2023;22:10;5;75;75110;2;4;1;6;48.879422;2.353275;4;2;4;0;2;1; -1;1;0;1;30;Blessé hospitalisé;1
202300048713;155 594 115;A01;80;0;1;1;1;3;203 735 373;10;3;3;2;1938.0;5;0;-1;-1;13;6;2023;22:10;5;75;75110;2;4;1;6;48.879422;2.353275;4;1;2;0;1;1; -1;1;0;1;30;Blessé hospitalisé;1
202300048719;155 594 103;B01;1;0;2;1;1;5;203 735 353;1;1;4;1;1988.0;1;2;8;-1;29;9;2023;08:10;1;94;94004;2;9;1;1;48.754447;2.506054;4;2;2;0;1;1; -1;1;0;1;50;Blessé léger;4
202300048719;155 594 103;B01;1;0;2;1;1;5;203 735 353;1;1;4;1;1988.0;1;2;8;-1;29;9;2023;08:10;1;94;94004;2;9;1;1;48.754447;2.506054;4;3;2;0;1;1; -1;1;0;1;50;Blessé léger;4
202300048719;155 594 105;A01;7;0;2;3;15;1;203 735 355;1;1;1;1;1978.0;1;1;0;-1;29;9;2023;08:10;1;94;94004;2;9;1;1;48.754447;2.506054;4;2;2;0;1;1; -1;1;0;1;50;Indemne;4
202300048719;155 594 105;A01;7;0;2;3;15;1;203 735 355;1;1;1;1;1978.0;1;1;0;-1;29;9;2023;08:10;1;94;94004;2;9;1;1;48.754447;2.506054;4;3;2;0;1;1; -1;1;0;1;50;Indemne;4
202300048720;155 594 102;A01;1;12;0;2;14;5;203 735 352;1;1;4;2;1979.0;5;8;0;-1;14;6;2023;00:50;5;75;75107;2;1;1;6;48.861962;2.3213;4;1;2;1;1;1; -1;1;0;1;30;Blessé léger;2
202300048724;155 594 093;B01;1;0;2;4;2;5;203 735 342;1;1;4;1;1986.0;5;2;8;-1;7;1;2023;10:30;1;94;94021;2;9;1;3;48.76078;2.36027;5;2;2;0;1;1; -1;1;9;1;30;Blessé léger;5
202300048724;155 594 096;A01;7;0;2;1;0;1;203 735 344;1;1;1;1;1980.0;9;1;0;-1;7;1;2023;10:30;1;94;94021;2;9;1;3;48.76078;2.36027;5;2;2;0;1;1; -1;1;9;1;30;Indemne;5
202300048737;155 594 074;B01;80;0;2;4;1;3;203 735 317;1;1;4;2;1994.0;1;8;0;-1;7;1;2023;07:06;5;93;93006;2;1;1;2;48.86438775;2.41718128;3;2;2;0;1;1; -1;1;9;1;30;Blessé léger;5
202300048750;155 594 052;B01;1;0;2;6;1;5;203 735 292;1;1;4;1;1993.0;5;2;8;-1;7;1;2023;12:22;1;92;92064;2;6;1;2;48.8521758;2.22004348;4;2;2;0;2;1; -1;1;0;1;50;Blessé léger;5
202300048750;155 594 054;A01;7;0;2;2;17;0;203 735 294;1;1;1;1;1999.0;1;1;0;-1;7;1;2023;12:22;1;92;92064;2;6;1;2;48.8521758;2.22004348;4;2;2;0;2;1; -1;1;0;1;50;Indemne;5
202300048756;155 594 040;A01;10;0;0;3;23;1;203 735 274;1;1;1;1;1970.0;1;8;0;-1;7;1;2023;11:20;1;92;92049;2;1;1;6;48.816952;2.325753;3;3;4;1;1;1; -1;1;0;5;50;Indemne;5
202300048756;155 594 042;B01;1;1;0;1;1;5;203 735 278;1;1;4;1;1960.0;5;8;0;-1;7;1;2023;11:20;1;92;92049;2;1;1;6;48.816952;2.325753;3;3;4;1;1;1; -1;1;0;5;50;Blessé léger;5
202300048775;155 594 005;B01;1;0;2;7;1;5;203 735 232;1;1;4;2;1993.0;1;8;0;-1;13;6;2023;17:25;1;94;94069;2;5;7;3;48.81835;2.41985;3;2;2;2;1;1; -1;1;5;5;50;Blessé léger;1
202300048775;155 594 005;B01;1;0;2;7;1;5;203 735 232;1;1;4;2;1993.0;1;8;0;-1;13;6;2023;17:25;1;94;94069;2;5;7;3;48.81835;2.41985;3;3;3;2;1;1; -1;1;5;5;50;Blessé léger;1
202300048775;155 594 010;A01;7;0;2;3;1;1;203 735 238;1;1;1;2;1987.0;5;1;0;-1;13;6;2023;17:25;1;94;94069;2;5;7;3;48.81835;2.41985;3;2;2;2;1;1; -1;1;5;5;50;Indemne;1
202300048775;155 594 010;A01;7;0;2;3;1;1;203 735 238;1;1;1;2;1987.0;5;1;0;-1;13;6;2023;17:25;1;94;94069;2;5;7;3;48.81835;2.41985;3;3;3;2;1;1; -1;1;5;5;50;Indemne;1
202300048775;155 594 010;A01;7;0;2;3;1;1;203 735 239;2;2;1;2;1976.0;5;1;0;-1;13;6;2023;17:25;1;94;94069;2;5;7;3;48.81835;2.41985;3;2;2;2;1;1; -1;1;5;5;50;Indemne;1
202300048775;155 594 010;A01;7;0;2;3;1;1;203 735 239;2;2;1;2;1976.0;5;1;0;-1;13;6;2023;17:25;1;94;94069;2;5;7;3;48.81835;2.41985;3;3;3;2;1;1; -1;1;5;5;50;Indemne;1
202300048777;155 594 002;A01;7;0;2;3;22;1;203 735 229;1;1;1;1;1976.0;0;1;0;-1;29;9;2023;15:34;1;92;92004;2;1;1;3;48.90718909;2.29133606;4;1;1;0;1;1; -1;1;0;1;50;Indemne;4
202300048777;155 594 004;B01;1;1;0;1;1;5;203 735 231;1;1;4;1;1980.0;0;2;0;-1;29;9;2023;15:34;1;92;92004;2;1;1;3;48.90718909;2.29133606;4;1;1;0;1;1; -1;1;0;1;50;Blessé léger;4
202300048780;155 593 996;A01;1;0;2;1;13;5;203 735 221;1;1;3;1;1973.0;5;2;-1;-1;30;9;2023;10:30;1;50;50590;1;1;1;1;48.790489;-1.318775;3;2;2;0;2;4;4;1;0;1;80;Blessé hospitalisé;5
202300048780;155 593 998;B01;3;0;2;1;1;3;203 735 225;1;1;1;1;2006.0;5;1;-1;-1;30;9;2023;10:30;1;50;50590;1;1;1;1;48.790489;-1.318775;3;2;2;0;2;4;4;1;0;1;80;Indemne;5
202300048795;155 593 970;B01;80;0;2;3;15;3;203 735 182;1;1;4;2;1971.0;0;8;0;-1;18;7;2023;07:50;1;92;92025;2;1;1;3;48.91435426;2.22942933;3;3;6;2;1;1; -1;1;0;1;50;Blessé léger;1
202300048795;155 593 972;A01;43;0;2;1;1;1;203 735 184;1;1;1;1;1993.0;1;2;6;-1;18;7;2023;07:50;1;92;92025;2;1;1;3;48.91435426;2.22942933;3;3;6;2;1;1; -1;1;0;1;50;Indemne;1
202300048814;155 593 947;V01;1;0;1;1;21;5;203 735 143;1;1;1;1;1995.0;0;8;0;-1;14;6;2023;09:00;1;92;92051;2;1;1;6;48.88640606;2.26093858;4;1;1;0;1;1; -1;1;0;1;30;Indemne;2
202300048814;155 593 947;V01;1;0;1;1;21;5;203 735 145;10;3;4;1;1968.0;0;0;-1;-1;14;6;2023;09:00;1;92;92051;2;1;1;6;48.88640606;2.26093858;4;1;1;0;1;1; -1;1;0;1;30;Blessé léger;2
202300048819;155 593 938;B01;1;0;2;1;1;5;203 735 131;1;1;4;1;1990.0;1;8;0;-1;13;6;2023;19:30;1;92;92020;2;3;1;3;48.79965;2.28114;3;1;1;1;2;1; -1;1;0;5;30;Blessé léger;1
202300048819;155 593 938;B01;1;0;2;1;1;5;203 735 131;1;1;4;1;1990.0;1;8;0;-1;13;6;2023;19:30;1;92;92020;2;3;1;3;48.79965;2.28114;3;-1;1;0;2;1; -1;1;5;1;50;Blessé léger;1
202300048819;155 593 940;A01;7;0;9;3;26;0;203 735 133;1;1;1;2;1976.0;1;1;0;-1;13;6;2023;19:30;1;92;92020;2;3;1;3;48.79965;2.28114;3;1;1;1;2;1; -1;1;0;5;30;Indemne;1
202300048819;155 593 940;A01;7;0;9;3;26;0;203 735 133;1;1;1;2;1976.0;1;1;0;-1;13;6;2023;19:30;1;92;92020;2;3;1;3;48.79965;2.28114;3;-1;1;0;2;1; -1;1;5;1;50;Indemne;1
202300048828;155 593 922;B01;1;0;2;7;1;5;203 735 103;1;1;3;1;1964.0;5;2;-1;-1;8;1;2023;10:15;1;50;50219;1;6;1;3;49.055308;-1.484227;3;2;2;0;1;1; -1;1;5;1;80;Blessé hospitalisé;6
202300048828;155 593 922;B01;1;0;2;7;1;5;203 735 103;1;1;3;1;1964.0;5;2;-1;-1;8;1;2023;10:15;1;50;50219;1;6;1;3;49.055308;-1.484227;3;2;2;0;1;1; -1;1;5;1;80;Blessé hospitalisé;6
202300048828;155 593 925;A01;7;0;2;1;9;1;203 735 107;1;1;1;2;1961.0;0;1;-1;-1;8;1;2023;10:15;1;50;50219;1;6;1;3;49.055308;-1.484227;3;2;2;0;1;1; -1;1;5;1;80;Indemne;6
202300048828;155 593 925;A01;7;0;2;1;9;1;203 735 107;1;1;1;2;1961.0;0;1;-1;-1;8;1;2023;10:15;1;50;50219;1;6;1;3;49.055308;-1.484227;3;2;2;0;1;1; -1;1;5;1;80;Indemne;6
202300048833;155 593 916;A01;1;0;0;0;1;5;203 735 091;1;1;4;2;1987.0;1;2;0;-1;14;6;2023;18:40;2;92;92035;2;1;1;7;48.90568326;2.23901689;3;1;1;1;1;1; -1;1;0;5;50;Blessé léger;2
202300048839;155 593 906;A01;7;0;2;2;1;1;203 735 079;1;1;1;2;1984.0;2;1;0;-1;12;6;2023;14:00;1;92;92025;2;2;1;3;48.93032;2.261691;4;1;1;1;1;1; -1;1;0;6;30;Indemne;0
202300048839;155 593 906;A01;7;0;2;2;1;1;203 735 079;1;1;1;2;1984.0;2;1;0;-1;12;6;2023;14:00;1;92;92025;2;2;1;3;48.93032;2.261691;4;1;1;0;1;1; -1;1;0;6;30;Indemne;0
202300048839;155 593 912;B01;1;0;2;1;5;5;203 735 085;1;1;4;1;1994.0;5;8;0;-1;12;6;2023;14:00;1;92;92025;2;2;1;3;48.93032;2.261691;4;1;1;1;1;1; -1;1;0;6;30;Blessé léger;0
202300048839;155 593 912;B01;1;0;2;1;5;5;203 735 085;1;1;4;1;1994.0;5;8;0;-1;12;6;2023;14:00;1;92;92025;2;2;1;3;48.93032;2.261691;4;1;1;0;1;1; -1;1;0;6;30;Blessé léger;0
202300048863;155 593 865;A01;7;0;2;6;26;3;203 735 019;1;1;1;2;1981.0;4;1;-1;-1;14;6;2023;14:20;1;22;22094;2;3;1;2;48.59258;-2.148272;3;2;2;1;1;1;6;1;0;5;50;Indemne;2
202300048863;155 593 865;A01;7;0;2;6;26;3;203 735 019;1;1;1;2;1981.0;4;1;-1;-1;14;6;2023;14:20;1;22;22094;2;3;1;2;48.59258;-2.148272;3;-1;2;1;1;1; -1;1;0;5;50;Indemne;2
202300048863;155 593 867;B01;80;0;2;1;19;3;203 735 025;1;1;4;2;2004.0;1;0;-1;-1;14;6;2023;14:20;1;22;22094;2;3;1;2;48.59258;-2.148272;3;2;2;1;1;1;6;1;0;5;50;Blessé léger;2
202300048863;155 593 867;B01;80;0;2;1;19;3;203 735 025;1;1;4;2;2004.0;1;0;-1;-1;14;6;2023;14:20;1;22;22094;2;3;1;2;48.59258;-2.148272;3;-1;2;1;1;1; -1;1;0;5;50;Blessé léger;2
202300048887;155 593 825;B01;1;0;2;7;1;5;203 734 966;1;1;3;1;1969.0;5;2;-1;-1;6;7;2023;19:50;2;44;44041;1;2;1;3;47.090991;-1.581934;4;1;1;0;1;1; -1;1;0;1;80;Blessé hospitalisé;3
202300048887;155 593 825;B01;1;0;2;7;1;5;203 734 966;1;1;3;1;1969.0;5;2;-1;-1;6;7;2023;19:50;2;44;44041;1;2;1;3;47.090991;-1.581934;4;2;2;0;1;1; -1;1;0;1;80;Blessé hospitalisé;3
202300048887;155 593 828;A01;7;0;9;1;19;1;203 734 969;1;1;1;1;1991.0;5;1;-1;-1;6;7;2023;19:50;2;44;44041;1;2;1;3;47.090991;-1.581934;4;1;1;0;1;1; -1;1;0;1;80;Indemne;3
202300048887;155 593 828;A01;7;0;9;1;19;1;203 734 969;1;1;1;1;1991.0;5;1;-1;-1;6;7;2023;19:50;2;44;44041;1;2;1;3;47.090991;-1.581934;4;2;2;0;1;1; -1;1;0;1;80;Indemne;3
202300048890;155 593 819;A01;1;0;2;3;19;5;203 734 953;1;1;4;1;1960.0;5;2;-1;-1;18;7;2023;16:40;1;14;14494;1;2;1;3;49.271739;-0.103587;3;-1;2;0;1;2; -1;1;5;1;70;Blessé léger;1
202300048890;155 593 819;A01;1;0;2;3;19;5;203 734 953;1;1;4;1;1960.0;5;2;-1;-1;18;7;2023;16:40;1;14;14494;1;2;1;3;49.271739;-0.103587;3;3;2;0;1;2; -1;1;5;1;70;Blessé léger;1
202300048890;155 593 821;B01;7;0;2;2;1;1;203 734 955;1;1;1;1;1988.0;5;1;-1;-1;18;7;2023;16:40;1;14;14494;1;2;1;3;49.271739;-0.103587;3;-1;2;0;1;2; -1;1;5;1;70;Indemne;1
202300048890;155 593 821;B01;7;0;2;2;1;1;203 734 955;1;1;1;1;1988.0;5;1;-1;-1;18;7;2023;16:40;1;14;14494;1;2;1;3;49.271739;-0.103587;3;3;2;0;1;2; -1;1;5;1;70;Indemne;1
202300048890;155 593 821;B01;7;0;2;2;1;1;203 734 958;2;2;1;2;1991.0;5;1;-1;-1;18;7;2023;16:40;1;14;14494;1;2;1;3;49.271739;-0.103587;3;-1;2;0;1;2; -1;1;5;1;70;Indemne;1
202300048890;155 593 821;B01;7;0;2;2;1;1;203 734 958;2;2;1;2;1991.0;5;1;-1;-1;18;7;2023;16:40;1;14;14494;1;2;1;3;49.271739;-0.103587;3;3;2;0;1;2; -1;1;5;1;70;Indemne;1
202300048890;155 593 821;B01;7;0;2;2;1;1;203 734 961;3;2;1;1;2021.0;5;3;-1;-1;18;7;2023;16:40;1;14;14494;1;2;1;3;49.271739;-0.103587;3;-1;2;0;1;2; -1;1;5;1;70;Indemne;1