Num_Acc;id_vehicule;num_veh;catv;obs;obsm;choc;manv;motor;id_usager;place;catu;grav;sexe;an_nais;trajet;secu1;secu2;secu3;jour;mois;an;hrmn;lum;dep;com;agg;int;atm;col;lat;long;catr;circ;nbv;vosp;prof;plan;larrout;surf;infra;situ;vma;gravity;day_of_week
202300048890;155 593 821;B01;7;0;2;2;1;1;203 734 961;3;2;1;1;2021.0;5;3;-1;-1;18;7;2023;16:40;1;14;14494;1;2;1;3;49.271739;-0.103587;3;3;2;0;1;2; -1;1;5;1;70;Indemne;1
202300048893;155 593 814;A01;21;0;0;3;0;1;203 734 945;1;1;1;1;2002.0;4;1;-1;-1;15;6;2023;16:00;1;57;57703;2;1;1;1;48.842898;7.18326;4;2;2;0;4;3; -1;1;0;1;50;Indemne;3
202300048893;155 593 816;B01;1;0;0;1;1;5;203 734 949;1;1;3;1;1969.0;1;0;-1;-1;15;6;2023;16:00;1;57;57703;2;1;1;1;48.842898;7.18326;4;2;2;0;4;3; -1;1;0;1;50;Blessé hospitalisé;3
202300048894;155 593 811;B01;1;12;0;0;2;5;203 734 942;1;1;4;1;1975.0;3;0;-1;-1;17;7;2023;20:25;1;05;05046;2;1;1;7;44.569383;6.498263;4;2;2;0;2;1; -1;1;0;1;50;Blessé léger;0
202300048894;155 593 813;A01;7;0;0;0;2;1;203 734 944;2;2;1;1;1990.0;3;8;-1;-1;17;7;2023;20:25;1;05;05046;2;1;1;7;44.569383;6.498263;4;2;2;0;2;1; -1;1;0;1;50;Indemne;0
202300048894;155 593 813;A01;7;0;0;0;2;1;203 734 946;1;1;1;1;1977.0;3;8;-1;-1;17;7;2023;20:25;1;05;05046;2;1;1;7;44.569383;6.498263;4;2;2;0;2;1; -1;1;0;1;50;Indemne;0
202300048910;155 593 784;A01;80;14;0;1;0;3;203 734 908;1;1;2;1;1948.0;5;2;-1;-1;14;6;2023;11:20;1;2A;2A085;1;1;1;7;41.892758;8.931026;2;2;3;0;2;1;11;1;8;8;80;Tué;2
202300048911;155 593 783;B01;1;0;2;3;1;5;203 734 907;1;1;3;1;1962.0;5;0;-1;-1;17;7;2023;11:25;1;24;24499;1;3;1;6;44.869086;0.563173;3;2;2;0;1;1;5;1;5;1;80;Blessé hospitalisé;0
202300048911;155 593 783;B01;1;0;2;3;1;5;203 734 907;1;1;3;1;1962.0;5;0;-1;-1;17;7;2023;11:25;1;24;24499;1;3;1;6;44.869086;0.563173;3;2; -1;-1;1;1; -1;1;5;1;-1;Blessé hospitalisé;0
202300048921;155 593 765;B01;1;0;2;7;1;5;203 734 882;1;1;4;2;1976.0;1;8;0;-1;6;1;2023;17:30;5;75;75119;2;2;1;3;48.895258;2.372006;4;2; -1;-1;1;1; -1;1;0;1;-1;Blessé léger;4
202300048921;155 593 765;B01;1;0;2;7;1;5;203 734 882;1;1;4;2;1976.0;1;8;0;-1;6;1;2023;17:30;5;75;75119;2;2;1;3;48.895258;2.372006;4;3;4;0;1;1; -1;1;0;1;30;Blessé léger;4
202300048921;155 593 766;A01;7;0;2;8;22;1;203 734 883;1;1;1;1;1946.0;5;8;0;-1;6;1;2023;17:30;5;75;75119;2;2;1;3;48.895258;2.372006;4;2; -1;-1;1;1; -1;1;0;1;-1;Indemne;4
202300048921;155 593 766;A01;7;0;2;8;22;1;203 734 883;1;1;1;1;1946.0;5;8;0;-1;6;1;2023;17:30;5;75;75119;2;2;1;3;48.895258;2.372006;4;3;4;0;1;1; -1;1;0;1;30;Indemne;4
202300048942;155 593 731;B01;1;0;2;8;15;5;203 734 833;1;1;4;1;1975.0;1;2;0;-1;6;1;2023;08:30;1;75;75102;2;7;1;2;48.870655;2.332327;4;2;4;0;1;1; -1;1;0;1;30;Blessé léger;4
202300048942;155 593 731;B01;1;0;2;8;15;5;203 734 833;1;1;4;1;1975.0;1;2;0;-1;6;1;2023;08:30;1;75;75102;2;7;1;2;48.870655;2.332327;4;1;3;0;1;1; -1;1;0;1;30;Blessé léger;4
202300048942;155 593 733;A01;32;0;2;1;15;1;203 734 834;1;1;1;1;1979.0;1;2;6;-1;6;1;2023;08:30;1;75;75102;2;7;1;2;48.870655;2.332327;4;2;4;0;1;1; -1;1;0;1;30;Indemne;4
202300048942;155 593 733;A01;32;0;2;1;15;1;203 734 834;1;1;1;1;1979.0;1;2;6;-1;6;1;2023;08:30;1;75;75102;2;7;1;2;48.870655;2.332327;4;1;3;0;1;1; -1;1;0;1;30;Indemne;4
202300048947;155 593 724;B01;1;0;2;8;26;5;203 734 825;1;1;2;1;1939.0;5;0;-1;-1;15;6;2023;19:10;1;02;02112;1;1;1;3;49.991739;3.38881;3;2;2;0;1;1;4;1;0;1;80;Tué;3
202300048947;155 593 725;A01;7;0;2;2;17;1;203 734 826;1;1;1;1;2001.0;1;1;-1;-1;15;6;2023;19:10;1;02;02112;1;1;1;3;49.991739;3.38881;3;2;2;0;1;1;4;1;0;1;80;Indemne;3
202300048951;155 593 717;A01;7;0;2;2;1;1;203 734 817;1;1;1;1;1995.0;3;8;-1;-1;14;6;2023;17:00;1;15;15122;2;1;1;2;44.713814;2.187041;3;2;2;0;2;1; -1;1;0;1;-1;Indemne;2
202300048951;155 593 718;B01;1;0;2;4;1;5;203 734 819;1;1;2;1;1949.0;5;0;-1;-1;14;6;2023;17:00;1;15;15122;2;1;1;2;44.713814;2.187041;3;2;2;0;2;1; -1;1;0;1;-1;Tué;2
202300048956;155 593 707;A01;7;0;2;3;1;1;203 734 804;1;1;1;1;1959.0;9;1;-1;-1;14;6;2023;17:45;1;15;15140;2;2;1;3;44.95426241;2.4156189;4;2;2;0;1;1; -1;1;0;1;30;Indemne;2
202300048956;155 593 707;A01;7;0;2;3;1;1;203 734 804;1;1;1;1;1959.0;9;1;-1;-1;14;6;2023;17:45;1;15;15140;2;2;1;3;44.95426241;2.4156189;4;-1;2;0;1;1; -1;1;0;1;30;Indemne;2
202300048956;155 593 709;B01;1;0;2;1;9;5;203 734 811;1;1;4;1;2008.0;5;0;-1;-1;14;6;2023;17:45;1;15;15140;2;2;1;3;44.95426241;2.4156189;4;2;2;0;1;1; -1;1;0;1;30;Blessé léger;2
202300048956;155 593 709;B01;1;0;2;1;9;5;203 734 811;1;1;4;1;2008.0;5;0;-1;-1;14;6;2023;17:45;1;15;15140;2;2;1;3;44.95426241;2.4156189;4;-1;2;0;1;1; -1;1;0;1;30;Blessé léger;2
202300048959;155 593 702;A01;1;0;0;0;1;5;203 734 797;1;1;2;1;1966.0;5;2;-1;-1;19;7;2023;11:25;1;22;22178;1;1;1;7;48.692292;-2.997707;4;2;2;0;1;1; -1;1;0;1;80;Tué;2
202300048979;155 593 669;A01;1;13;0;1;1;5;203 734 751;1;1;3;1;1952.0;5;2;-1;-1;15;6;2023;12:55;1;64;64016;1;1;1;6;43.076823;-1.444437;3;2;2;0;2;3;5;1;0;3;80;Blessé hospitalisé;3
202300048984;155 593 659;A01;7;0;2;2;2;1;203 734 734;1;1;1;1;1952.0;3;1;-1;-1;14;6;2023;08:30;1;18;18011;2;6;1;2;47.563344;2.452049;3;1;2;0;4;2;7;1;5;1;50;Indemne;2
202300048984;155 593 659;A01;7;0;2;2;2;1;203 734 734;1;1;1;1;1952.0;3;1;-1;-1;14;6;2023;08:30;1;18;18011;2;6;1;2;47.563344;2.452049;3;2; -1;-1;1;1; -1;1;5;1;-1;Indemne;2
202300048984;155 593 661;B01;1;0;0;4;2;5;203 734 736;1;1;4;1;1952.0;5;2;-1;-1;14;6;2023;08:30;1;18;18011;2;6;1;2;47.563344;2.452049;3;1;2;0;4;2;7;1;5;1;50;Blessé léger;2
202300048984;155 593 661;B01;1;0;0;4;2;5;203 734 736;1;1;4;1;1952.0;5;2;-1;-1;14;6;2023;08:30;1;18;18011;2;6;1;2;47.563344;2.452049;3;2; -1;-1;1;1; -1;1;5;1;-1;Blessé léger;2
202300048987;155 593 653;A01;1;0;0;0;0;5;203 734 728;1;1;3;1;1961.0;5;0;-1;-1;5;1;2023;10:40;1;91;91666;1;6;2;7;48.680474;2.232424;3;1;1;1;2;2; -1;8;5;1;80;Blessé hospitalisé;3
202300048998;155 593 638;A01;7;0;9;2;17;1;203 734 708;1;1;1;2;1948.0;3;1;-1;-1;14;6;2023;10:30;1;88;88053;1;1;1;2;48.408252;7.075796;3;2;2;0;2;4;5,5;1;0;1;80;Indemne;2
202300048998;155 593 640;B01;1;0;0;6;1;5;203 734 710;1;1;4;1;1963.0;5;2;-1;-1;14;6;2023;10:30;1;88;88053;1;1;1;2;48.408252;7.075796;3;2;2;0;2;4;5,5;1;0;1;80;Blessé léger;2
202300049014;155 593 610;B01;1;0;2;4;1;5;203 734 666;1;1;3;1;1962.0;0;9;-1;-1;6;1;2023;18:30;3;66;66072;1;1;1;2;42.48505;2.004147;3;2;2;2;2;1; -1;1;0;5;80;Blessé hospitalisé;4
202300049036;155 593 571;A01;1;0;0;0;2;5;203 734 621;1;1;4;1;1992.0;5;2;6;-1;14;6;2023;14:45;1;38;38442;1;4;1;7;45.311779;5.772141;3;2;2;0;2;4;5,5;1;0;1;80;Blessé léger;2
202300049036;155 593 571;A01;1;0;0;0;2;5;203 734 621;1;1;4;1;1992.0;5;2;6;-1;14;6;2023;14:45;1;38;38442;1;4;1;7;45.311779;5.772141;3;2;2;0;2;1;5,5;1;0;1;80;Blessé léger;2
202300049040;155 593 561;B01;1;0;2;6;2;5;203 734 611;1;1;3;1;1949.0;5;0;-1;-1;15;6;2023;12:35;1;35;35221;2;1;1;2;47.875349;-1.686742;3;2;2;0;2;1;5;1;0;1;50;Blessé hospitalisé;3
202300049040;155 593 562;A01;7;0;2;2;2;1;203 734 612;1;1;1;1;1945.0;5;1;-1;-1;15;6;2023;12:35;1;35;35221;2;1;1;2;47.875349;-1.686742;3;2;2;0;2;1;5;1;0;1;50;Indemne;3
202300049058;155 593 531;A01;1;0;2;1;1;5;203 734 572;1;1;4;1;1994.0;5;8;0;-1;13;6;2023;16:45;1;974;97409;2;1;1;2;-20.95835;55.66466;3;2;2;0;2;1; -1;1;0;1;50;Blessé léger;1
202300049058;155 593 532;B01;7;0;2;4;1;1;203 734 573;1;1;1;1;1964.0;5;1;0;-1;13;6;2023;16:45;1;974;97409;2;1;1;2;-20.95835;55.66466;3;2;2;0;2;1; -1;1;0;1;50;Indemne;1
202300049061;155 593 527;A01;1;0;1;7;19;5;203 734 564;10;3;4;1;2016.0;5;8;-1;-1;13;6;2023;21:00;1;69;69382;2;1;1;6;45.75661;4.83212;4;1;1;2;1;2; -1;1;0;1;30;Blessé léger;1
202300049113;155 593 427;B01;1;0;2;7;1;5;203 734 437;1;1;3;1;1977.0;0;8;0;-1;7;10;2023;14:15;1;42;42275;2;1;1;3;45.47157;4.37292;4;2;2;0;1;1; -1;1;0;1;50;Blessé hospitalisé;5
202300049132;155 593 394;B01;1;1;0;1;1;5;203 734 391;1;1;4;2;1997.0;9;8;0;-1;30;10;2023;10:40;1;75;75116;2;3;2;6;48.868834;2.283306;4;2;2;0;1;1; -1;2;0;1;30;Blessé léger;0
202300049132;155 593 394;B01;1;1;0;1;1;5;203 734 391;1;1;4;2;1997.0;9;8;0;-1;30;10;2023;10:40;1;75;75116;2;3;2;6;48.868834;2.283306;4;2; -1;-1;1;1; -1;2;0;1;30;Blessé léger;0
202300049132;155 593 395;A01;7;0;2;8;22;1;203 734 392;1;1;1;1;1980.0;9;8;0;-1;30;10;2023;10:40;1;75;75116;2;3;2;6;48.868834;2.283306;4;2;2;0;1;1; -1;2;0;1;30;Indemne;0
202300049132;155 593 395;A01;7;0;2;8;22;1;203 734 392;1;1;1;1;1980.0;9;8;0;-1;30;10;2023;10:40;1;75;75116;2;3;2;6;48.868834;2.283306;4;2; -1;-1;1;1; -1;2;0;1;30;Indemne;0
202300049133;155 593 392;A01;7;0;2;1;1;1;203 734 389;1;1;1;2;1988.0;9;1;0;-1;30;10;2023;09:15;1;75;75115;2;2;2;2;48.843025;2.312794;4;1;2;1;2;1; -1;2;0;1;30;Indemne;0
202300049133;155 593 392;A01;7;0;2;1;1;1;203 734 389;1;1;1;2;1988.0;9;1;0;-1;30;10;2023;09:15;1;75;75115;2;2;2;2;48.843025;2.312794;4;1;2;1;1;1; -1;2;0;1;30;Indemne;0
202300049133;155 593 393;B01;1;0;2;4;15;5;203 734 390;1;1;4;1;1976.0;9;2;0;-1;30;10;2023;09:15;1;75;75115;2;2;2;2;48.843025;2.312794;4;1;2;1;2;1; -1;2;0;1;30;Blessé léger;0
202300049133;155 593 393;B01;1;0;2;4;15;5;203 734 390;1;1;4;1;1976.0;9;2;0;-1;30;10;2023;09:15;1;75;75115;2;2;2;2;48.843025;2.312794;4;1;2;1;1;1; -1;2;0;1;30;Blessé léger;0
202300049146;155 593 372;A01;80;0;0;0;1;3;203 734 362;1;1;4;1;1969.0;1;2;8;-1;11;10;2023;07:30;1;92;92002;2;1;8;7;48.74466282;2.30331302;3;2;4;2;1;1; -1;1;0;1;50;Blessé léger;2
202300049162;155 593 346;A01;7;0;9;3;9;1;203 734 327;1;1;1;2;1995.0;1;1;-1;-1;23;10;2023;20:10;5;38;38229;2;2;2;3;45.206216;5.75248;7;2;2;2;2;2; -1;2;0;1;50;Indemne;0
202300049162;155 593 346;A01;7;0;9;3;9;1;203 734 327;1;1;1;2;1995.0;1;1;-1;-1;23;10;2023;20:10;5;38;38229;2;2;2;3;45.206216;5.75248;7;2;2;0;1;1; -1;2;0;1;30;Indemne;0
202300049162;155 593 347;B01;80;0;2;1;9;3;203 734 328;1;1;4;1;1970.0;1;0;-1;-1;23;10;2023;20:10;5;38;38229;2;2;2;3;45.206216;5.75248;7;2;2;2;2;2; -1;2;0;1;50;Blessé léger;0
202300049162;155 593 347;B01;80;0;2;1;9;3;203 734 328;1;1;4;1;1970.0;1;0;-1;-1;23;10;2023;20:10;5;38;38229;2;2;2;3;45.206216;5.75248;7;2;2;0;1;1; -1;2;0;1;30;Blessé léger;0
202300049168;155 593 337;A01;80;0;0;0;1;3;203 734 314;1;1;2;1;1964.0;3;2;-1;-1;26;10;2023;10:10;1;43;43268;1;1;1;7;45.113099;4.12373;4;2;2;0;2;1; -1;1;0;3;50;Tué;3
202300049226;155 593 231;B01;1;0;2;3;1;5;203 734 161;1;1;3;2;1975.0;5;2;-1;-1;12;5;2023;12:21;1;13;13015;2;1;1;3;43.448892;5.397873;3;3;0;2;2;1;0;1;0;5;-1;Blessé hospitalisé;4
202300049226;155 593 234;A01;10;0;2;7;16;1;203 734 164;1;1;1;1;1959.0;4;1;-1;-1;12;5;2023;12:21;1;13;13015;2;1;1;3;43.448892;5.397873;3;3;0;2;2;1;0;1;0;5;-1;Indemne;4
202300049264;155 593 159;B01;1;0;2;1;0;5;203 734 063;1;1;4;1;1965.0;-1;2;-1;-1;28;6;2023;09:25;1;63;63113;2;6;1;3;45.76797;3.08659;4;2;2;1;1;1; -1;1;9;5;50;Blessé léger;2
202300049264;155 593 159;B01;1;0;2;1;0;5;203 734 063;1;1;4;1;1965.0;-1;2;-1;-1;28;6;2023;09:25;1;63;63113;2;6;1;3;45.76797;3.08659;4;1;1;0;1;1; -1;1;0;5;50;Blessé léger;2
202300049264;155 593 161;A01;7;0;0;6;16;2;203 734 066;1;1;1;1;1999.0;4;1;0;-1;28;6;2023;09:25;1;63;63113;2;6;1;3;45.76797;3.08659;4;2;2;1;1;1; -1;1;9;5;50;Indemne;2
202300049264;155 593 161;A01;7;0;0;6;16;2;203 734 066;1;1;1;1;1999.0;4;1;0;-1;28;6;2023;09:25;1;63;63113;2;6;1;3;45.76797;3.08659;4;1;1;0;1;1; -1;1;0;5;50;Indemne;2
202300049275;155 593 134;A01;10;0;0;0;0;1;203 734 027;1;1;1;1;1990.0;1;1;-1;-1;1;4;2023;08:45;1;06;06069;2;1;1;2;43.63983;6.93419;3;2;2;0;2;1; -1;1;0;1;50;Indemne;5
202300049275;155 593 138;B01;1;0;2;4;1;5;203 734 030;1;1;4;1;1947.0;5;2;0;-1;1;4;2023;08:45;1;06;06069;2;1;1;2;43.63983;6.93419;3;2;2;0;2;1; -1;1;0;1;50;Blessé léger;5
202300049298;155 593 099;A01;1;16;0;8;2;5;203 733 984;1;1;4;1;2007.0;0;0;-1;-1;4;12;2023;17:35;3;34;34142;2;1;1;3;43.703297;3.328986;3;2;2;0;1;1;6;2;0;1;50;Blessé léger;0
202300049303;155 593 091;B01;1;0;2;3;1;5;203 733 976;1;1;4;2;1976.0;1;2;0;-1;2;4;2023;19:15;2;75;75117;2;2;1;3;48.882602;2.310247;4;2; -1;-1;1;1; -1;1;0;1;-1;Blessé léger;6
202300049303;155 593 091;B01;1;0;2;3;1;5;203 733 976;1;1;4;2;1976.0;1;2;0;-1;2;4;2023;19:15;2;75;75117;2;2;1;3;48.882602;2.310247;4;-1; -1;-1;1;1; -1;1;0;1;30;Blessé léger;6
202300049303;155 593 094;A01;7;0;2;1;1;1;203 733 979;1;1;1;2;1990.0;1;1;0;-1;2;4;2023;19:15;2;75;75117;2;2;1;3;48.882602;2.310247;4;2; -1;-1;1;1; -1;1;0;1;-1;Indemne;6
202300049303;155 593 094;A01;7;0;2;1;1;1;203 733 979;1;1;1;2;1990.0;1;1;0;-1;2;4;2023;19:15;2;75;75117;2;2;1;3;48.882602;2.310247;4;-1; -1;-1;1;1; -1;1;0;1;30;Indemne;6
202300049316;155 593 071;A01;80;0;1;2;5;3;203 733 942;10;3;4;1;1962.0;5;0;-1;-1;2;4;2023;19:12;1;75;75104;2;4;1;6;48.855726;2.358976;4;1;2;1;1;1; -1;1;0;1;30;Blessé léger;6
202300049316;155 593 071;A01;80;0;1;2;5;3;203 733 942;10;3;4;1;1962.0;5;0;-1;-1;2;4;2023;19:12;1;75;75104;2;4;1;6;48.855726;2.358976;4;1;3;1;1;1; -1;1;0;5;30;Blessé léger;6
202300049316;155 593 071;A01;80;0;1;2;5;3;203 733 944;1;1;1;1;2002.0;5;8;0;-1;2;4;2023;19:12;1;75;75104;2;4;1;6;48.855726;2.358976;4;1;2;1;1;1; -1;1;0;1;30;Indemne;6
202300049316;155 593 071;A01;80;0;1;2;5;3;203 733 944;1;1;1;1;2002.0;5;8;0;-1;2;4;2023;19:12;1;75;75104;2;4;1;6;48.855726;2.358976;4;1;3;1;1;1; -1;1;0;5;30;Indemne;6
202300049330;155 593 045;A01;7;0;2;7;16;0;203 733 902;1;1;1;2;1990.0;5;1;0;-1;2;4;2023;17:15;1;92;92050;2;5;8;3;48.8882438;2.19414622;3;2;2;1;1;1; -1;1;0;1;50;Indemne;6
202300049330;155 593 045;A01;7;0;2;7;16;0;203 733 902;1;1;1;2;1990.0;5;1;0;-1;2;4;2023;17:15;1;92;92050;2;5;8;3;48.8882438;2.19414622;3;2;2;1;1;1; -1;1;0;5;50;Indemne;6
202300049330;155 593 047;B01;1;0;2;8;1;5;203 733 904;1;1;4;2;1976.0;5;8;8;-1;2;4;2023;17:15;1;92;92050;2;5;8;3;48.8882438;2.19414622;3;2;2;1;1;1; -1;1;0;1;50;Blessé léger;6
202300049330;155 593 047;B01;1;0;2;8;1;5;203 733 904;1;1;4;2;1976.0;5;8;8;-1;2;4;2023;17:15;1;92;92050;2;5;8;3;48.8882438;2.19414622;3;2;2;1;1;1; -1;1;0;5;50;Blessé léger;6
202300049373;155 592 969;A01;7;0;2;2;15;1;203 733 785;1;1;1;1;1998.0;5;1;8;-1;29;10;2023;19:10;5;67;67482;2;3;3;3;48.580408;7.777556;4;2;4;1;1;1; -1;2;0;5;50;Indemne;6
202300049373;155 592 969;A01;7;0;2;2;15;1;203 733 785;1;1;1;1;1998.0;5;1;8;-1;29;10;2023;19:10;5;67;67482;2;3;3;3;48.580408;7.777556;4;2;2;0;1;2; -1;2;0;8;50;Indemne;6
202300049373;155 592 973;B01;80;0;2;7;19;3;203 733 789;1;1;4;2;1985.0;0;2;8;-1;29;10;2023;19:10;5;67;67482;2;3;3;3;48.580408;7.777556;4;2;4;1;1;1; -1;2;0;5;50;Blessé léger;6
202300049373;155 592 973;B01;80;0;2;7;19;3;203 733 789;1;1;4;2;1985.0;0;2;8;-1;29;10;2023;19:10;5;67;67482;2;3;3;3;48.580408;7.777556;4;2;2;0;1;2; -1;2;0;8;50;Blessé léger;6
202300049395;155 592 931;A01;7;0;9;2;17;1;203 733 730;1;1;1;2;1970.0;5;1;0;-1;28;10;2023;11:50;1;62;62400;1;4;1;3;50.48243;2.59382;3;2;2;0;1;1;4;2;0;1;80;Indemne;5
202300049395;155 592 931;A01;7;0;9;2;17;1;203 733 730;1;1;1;2;1970.0;5;1;0;-1;28;10;2023;11:50;1;62;62400;1;4;1;3;50.48243;2.59382;3;2;2;0;1;1;4;2;0;1;80;Indemne;5
202300049395;155 592 934;B01;1;0;2;3;15;5;203 733 735;1;1;4;2;2005.0;5;2;6;-1;28;10;2023;11:50;1;62;62400;1;4;1;3;50.48243;2.59382;3;2;2;0;1;1;4;2;0;1;80;Blessé léger;5
202300049395;155 592 934;B01;1;0;2;3;15;5;203 733 735;1;1;4;2;2005.0;5;2;6;-1;28;10;2023;11:50;1;62;62400;1;4;1;3;50.48243;2.59382;3;2;2;0;1;1;4;2;0;1;80;Blessé léger;5
202300049420;155 592 891;B01;1;0;2;7;1;5;203 733 667;1;1;4;2;1993.0;1;8;0;-1;10;3;2023;16:23;1;74;74012;2;2;1;3;46.19167;6.24197;4;1;1;1;1;1; -1;1;0;1;50;Blessé léger;4
202300049420;155 592 891;B01;1;0;2;7;1;5;203 733 667;1;1;4;2;1993.0;1;8;0;-1;10;3;2023;16:23;1;74;74012;2;2;1;3;46.19167;6.24197;4;2;2;1;1;1; -1;1;0;1;50;Blessé léger;4
202300049420;155 592 891;B01;1;0;2;7;1;5;203 733 667;1;1;4;2;1993.0;1;8;0;-1;10;3;2023;16:23;1;74;74012;2;2;1;3;46.19167;6.24197;4;1;1;0;1;1; -1;1;0;1;30;Blessé léger;4
202300049420;155 592 894;A01;7;0;2;7;1;1;203 733 674;1;1;1;1;2001.0;0;8;0;-1;10;3;2023;16:23;1;74;74012;2;2;1;3;46.19167;6.24197;4;1;1;1;1;1; -1;1;0;1;50;Indemne;4
202300049420;155 592 894;A01;7;0;2;7;1;1;203 733 674;1;1;1;1;2001.0;0;8;0;-1;10;3;2023;16:23;1;74;74012;2;2;1;3;46.19167;6.24197;4;2;2;1;1;1; -1;1;0;1;50;Indemne;4
202300049420;155 592 894;A01;7;0;2;7;1;1;203 733 674;1;1;1;1;2001.0;0;8;0;-1;10;3;2023;16:23;1;74;74012;2;2;1;3;46.19167;6.24197;4;1;1;0;1;1; -1;1;0;1;30;Indemne;4
202300049427;155 592 883;A01;80;0;1;1;25;3;203 733 653;1;1;4;1;1964.0;5;0;0;0;23;8;2023;10:22;1;988;98818;2;1;1;6;-22.29119;166.43963;4;3;2;0;1;1; -1;1;0;4;30;Blessé léger;2
202300049427;155 592 883;A01;80;0;1;1;25;3;203 733 655;10;3;4;1;1940.0;5;0;0;0;23;8;2023;10:22;1;988;98818;2;1;1;6;-22.29119;166.43963;4;3;2;0;1;1; -1;1;0;4;30;Blessé léger;2
202300049444;155 592 846;A01;80;0;2;8;1;3;203 733 606;1;1;4;1;1999.0;1;0;-1;-1;29;10;2023;19:15;5;33;33119;2;3;2;3;44.85332;-0.53862;4;3;4;3;1;1; -1;2;0;1;30;Blessé léger;6
202300049444;155 592 846;A01;80;0;2;8;1;3;203 733 606;1;1;4;1;1999.0;1;0;-1;-1;29;10;2023;19:15;5;33;33119;2;3;2;3;44.85332;-0.53862;4;1;1;0;1;3; -1;2;0;1;30;Blessé léger;6
202300049444;155 592 850;B01;7;0;2;1;15;1;203 733 611;1;1;1;2;1998.0;5;1;-1;-1;29;10;2023;19:15;5;33;33119;2;3;2;3;44.85332;-0.53862;4;3;4;3;1;1; -1;2;0;1;30;Indemne;6
202300049444;155 592 850;B01;7;0;2;1;15;1;203 733 611;1;1;1;2;1998.0;5;1;-1;-1;29;10;2023;19:15;5;33;33119;2;3;2;3;44.85332;-0.53862;4;1;1;0;1;3; -1;2;0;1;30;Indemne;6
202300049446;155 592 841;B01;1;0;2;1;9;5;203 733 601;1;1;4;2;2006.0;3;0;-1;-1;4;12;2023;18:30;5;22;22136;2;6;2;1;48.177219;-2.747328;4;2;2;0;2;1; -1;2;0;1;50;Blessé léger;0
202300049446;155 592 841;B01;1;0;2;1;9;5;203 733 601;1;1;4;2;2006.0;3;0;-1;-1;4;12;2023;18:30;5;22;22136;2;6;2;1;48.177219;-2.747328;4;2;2;0;2;2; -1;2;0;1;50;Blessé léger;0
202300049446;155 592 844;A01;7;0;2;6;9;1;203 733 604;1;1;1;1;1968.0;3;1;-1;-1;4;12;2023;18:30;5;22;22136;2;6;2;1;48.177219;-2.747328;4;2;2;0;2;1; -1;2;0;1;50;Indemne;0
202300049446;155 592 844;A01;7;0;2;6;9;1;203 733 604;1;1;1;1;1968.0;3;1;-1;-1;4;12;2023;18:30;5;22;22136;2;6;2;1;48.177219;-2.747328;4;2;2;0;2;2; -1;2;0;1;50;Indemne;0
202300049491;155 592 767;A01;1;0;0;9;1;5;203 733 498;1;1;3;1;1973.0;5;2;-1;-1;13;8;2023;16:40;1;73;73021;1;1;1;7;45.416317;6.172289;3;2;2;-1;2;4;5,5;9;0;1;80;Blessé hospitalisé;6
202300049512;155 592 730;A01;1;15;0;1;17;5;203 733 446;1;1;4;1;1958.0;9;8;0;-1;29;10;2023;12:30;1;75;75120;2;3;2;6;48.873267;2.381918;4;2; -1;-1;1;1; -1;2;0;1;-1;Blessé léger;6
202300049512;155 592 730;A01;1;15;0;1;17;5;203 733 446;1;1;4;1;1958.0;9;8;0;-1;29;10;2023;12:30;1;75;75120;2;3;2;6;48.873267;2.381918;4;2;2;0;1;1; -1;2;0;1;30;Blessé léger;6
202300049518;155 592 720;A01;1;0;1;1;1;5;203 733 432;1;1;1;1;1984.0;5;8;0;-1;29;10;2023;18:15;5;75;75113;2;1;1;6;48.829991;2.36467;4;2;4;1;1;1; -1;2;0;5;30;Indemne;6
202300049518;155 592 720;A01;1;0;1;1;1;5;203 733 436;10;3;4;2;1989.0;5;0;-1;-1;29;10;2023;18:15;5;75;75113;2;1;1;6;48.829991;2.36467;4;2;4;1;1;1; -1;2;0;5;30;Blessé léger;6
202300049524;155 592 715;A01;1;0;2;7;19;5;203 733 427;1;1;4;1;1992.0;5;8;0;-1;29;10;2023;02:09;5;75;75110;2;2;8;3;48.883887;2.368628;4;2;2;0;1;1; -1;2;0;1;30;Blessé léger;6
202300049524;155 592 715;A01;1;0;2;7;19;5;203 733 427;1;1;4;1;1992.0;5;8;0;-1;29;10;2023;02:09;5;75;75110;2;2;8;3;48.883887;2.368628;4;2;2;0;1;3; -1;2;0;1;30;Blessé léger;6
202300049530;155 592 701;A01;7;0;2;2;17;1;203 733 408;1;1;1;1;2003.0;3;1;0;-1;24;8;2023;17:20;1;971;97107;2;1;1;1;16.04822;-61.57051;4;2;2;0;1;1; -1;1;0;1;50;Indemne;3
202300049530;155 592 703;B01;1;0;2;1;1;5;203 733 413;1;1;4;1;2011.0;3;8;0;-1;24;8;2023;17:20;1;971;97107;2;1;1;1;16.04822;-61.57051;4;2;2;0;1;1; -1;1;0;1;50;Blessé léger;3
202300049531;155 592 700;A01;7;0;2;1;0;1;203 733 406;1;1;1;1;1999.0;5;1;4;-1;28;10;2023;23:55;5;94;94058;2;1;3;3;48.85223759;2.51094662;3;1;2;1;1;1; -1;2;0;1;50;Indemne;5