Num_Acc;id_vehicule;num_veh;catv;obs;obsm;choc;manv;motor;id_usager;place;catu;grav;sexe;an_nais;trajet;secu1;secu2;secu3;jour;mois;an;hrmn;lum;dep;com;agg;int;atm;col;lat;long;catr;circ;nbv;vosp;prof;plan;larrout;surf;infra;situ;vma;gravity;day_of_week
202300049531;155 592 702;B01;1;0;2;8;0;5;203 733 411;1;1;4;1;1994.0;0;8;0;-1;28;10;2023;23:55;5;94;94058;2;1;3;3;48.85223759;2.51094662;3;1;2;1;1;1; -1;2;0;1;50;Blessé léger;5
202300049548;155 592 672;A01;1;0;0;1;1;5;203 733 364;1;1;4;1;2003.0;5;8;0;-1;1;4;2023;16:11;1;75;75105;2;4;1;7;48.838474;2.350681;4;-1; -1;0;1;1; -1;1;0;1;30;Blessé léger;5
202300049548;155 592 672;A01;1;0;0;1;1;5;203 733 364;1;1;4;1;2003.0;5;8;0;-1;1;4;2023;16:11;1;75;75105;2;4;1;7;48.838474;2.350681;4;2;2;0;2;1; -1;1;5;1;30;Blessé léger;5
202300049555;155 592 662;A01;7;0;2;1;17;1;203 733 351;1;1;1;1;1989.0;0;1;0;-1;8;5;2023;06:00;2;973;97302;2;1;1;2;4.93448336;-52.31137562;3;2;2;0;1;1; -1;1;0;1;50;Indemne;0
202300049555;155 592 664;B01;1;0;9;4;2;5;203 733 354;1;1;4;1;1975.0;0;0;0;-1;8;5;2023;06:00;2;973;97302;2;1;1;2;4.93448336;-52.31137562;3;2;2;0;1;1; -1;1;0;1;50;Blessé léger;0
202300049567;155 592 639;B01;7;0;2;1;1;1;203 733 324;1;1;1;1;1984.0;5;1;0;-1;1;4;2023;15:50;1;75;75113;2;3;1;3;48.83381;2.36516;4;1;3;1;2;1; -1;1;5;1;30;Indemne;5
202300049567;155 592 639;B01;7;0;2;1;1;1;203 733 324;1;1;1;1;1984.0;5;1;0;-1;1;4;2023;15:50;1;75;75113;2;3;1;3;48.83381;2.36516;4;1;1;0;1;1; -1;1;5;1;30;Indemne;5
202300049567;155 592 642;A01;1;0;2;7;1;5;203 733 327;1;1;4;2;1983.0;5;2;0;-1;1;4;2023;15:50;1;75;75113;2;3;1;3;48.83381;2.36516;4;1;3;1;2;1; -1;1;5;1;30;Blessé léger;5
202300049567;155 592 642;A01;1;0;2;7;1;5;203 733 327;1;1;4;2;1983.0;5;2;0;-1;1;4;2023;15:50;1;75;75113;2;3;1;3;48.83381;2.36516;4;1;1;0;1;1; -1;1;5;1;30;Blessé léger;5
202300049583;155 592 614;B01;1;0;2;1;1;5;203 733 281;1;1;4;2;2001.0;9;8;0;-1;1;4;2023;13:30;1;75;75110;2;3;1;3;48.875665;2.356616;4;2;6;3;1;1; -1;1;0;5;30;Blessé léger;5
202300049583;155 592 614;B01;1;0;2;1;1;5;203 733 281;1;1;4;2;2001.0;9;8;0;-1;1;4;2023;13:30;1;75;75110;2;3;1;3;48.875665;2.356616;4;2;2;2;1;1; -1;1;0;5;30;Blessé léger;5
202300049583;155 592 618;A01;10;0;2;2;16;1;203 733 285;1;1;1;1;1999.0;9;1;8;-1;1;4;2023;13:30;1;75;75110;2;3;1;3;48.875665;2.356616;4;2;6;3;1;1; -1;1;0;5;30;Indemne;5
202300049583;155 592 618;A01;10;0;2;2;16;1;203 733 285;1;1;1;1;1999.0;9;1;8;-1;1;4;2023;13:30;1;75;75110;2;3;1;3;48.875665;2.356616;4;2;2;2;1;1; -1;1;0;5;30;Indemne;5
202300049591;155 592 598;A01;80;0;2;1;17;3;203 733 257;1;1;1;1;1957.0;5;2;0;-1;1;4;2023;12:50;1;75;75104;2;1;1;1;48.85668;2.34836;4;2;1;0;1;1; -1;1;6;1;30;Indemne;5
202300049591;155 592 600;B01;1;0;2;1;17;5;203 733 260;1;1;4;1;1985.0;1;2;0;-1;1;4;2023;12:50;1;75;75104;2;1;1;1;48.85668;2.34836;4;2;1;0;1;1; -1;1;6;1;30;Blessé léger;5
202300049596;155 592 589;B01;40;0;2;3;1;3;203 733 246;1;1;1;2;1986.0;4;8;-1;-1;3;12;2023;11:30;1;63;63113;2;2;1;3;45.77065615;3.08674514;4;2;2;3;1;1; -1;1;4;6;50;Indemne;6
202300049596;155 592 589;B01;40;0;2;3;1;3;203 733 246;1;1;1;2;1986.0;4;8;-1;-1;3;12;2023;11:30;1;63;63113;2;2;1;3;45.77065615;3.08674514;4;1;1;-1;1;1; -1;1;0;1;30;Indemne;6
202300049596;155 592 590;A01;1;0;4;1;19;5;203 733 247;1;1;4;1;1991.0;0;8;-1;-1;3;12;2023;11:30;1;63;63113;2;2;1;3;45.77065615;3.08674514;4;2;2;3;1;1; -1;1;4;6;50;Blessé léger;6
202300049596;155 592 590;A01;1;0;4;1;19;5;203 733 247;1;1;4;1;1991.0;0;8;-1;-1;3;12;2023;11:30;1;63;63113;2;2;1;3;45.77065615;3.08674514;4;1;1;-1;1;1; -1;1;0;1;30;Blessé léger;6
202300049597;155 592 585;A01;1;0;2;1;1;5;203 733 242;1;1;1;1;2000.0;4;8;0;-1;1;4;2023;15:00;1;94;94041;2;2;1;2;48.8123;2.38628;3;3;5;2;1;1; -1;1;0;5;50;Indemne;5
202300049597;155 592 585;A01;1;0;2;1;1;5;203 733 242;1;1;1;1;2000.0;4;8;0;-1;1;4;2023;15:00;1;94;94041;2;2;1;2;48.8123;2.38628;3;1;1;0;1;1; -1;1;5;1;-1;Indemne;5
202300049597;155 592 588;B01;99;0;2;4;1;0;203 733 244;1;1;4;1;1987.0;9;1;0;-1;1;4;2023;15:00;1;94;94041;2;2;1;2;48.8123;2.38628;3;3;5;2;1;1; -1;1;0;5;50;Blessé léger;5
202300049597;155 592 588;B01;99;0;2;4;1;0;203 733 244;1;1;4;1;1987.0;9;1;0;-1;1;4;2023;15:00;1;94;94041;2;2;1;2;48.8123;2.38628;3;1;1;0;1;1; -1;1;5;1;-1;Blessé léger;5
202300049636;155 592 518;A01;1;1;0;1;14;5;203 733 157;1;1;3;1;2007.0;5;2;0;-1;2;12;2023;14:25;1;29;29232;2;1;1;6;47.989417;-4.108945;4;2;2;0;2;1; -1;1;0;1;50;Blessé hospitalisé;5
202300049664;155 592 462;A01;1;0;9;1;1;5;203 733 084;1;1;3;1;1966.0;5;2;-1;-1;2;4;2023;11:30;1;11;11401;1;1;1;6;42.906054;2.721342;3;2;1;0;1;3;3;1;0;1;80;Blessé hospitalisé;6
202300049674;155 592 444;A01;1;0;9;1;1;5;203 733 055;1;1;3;1;1965.0;5;8;0;-1;29;1;2023;11:25;1;19;19272;2;1;9;6;45.27787;1.7835;4;2;2;0;1;1; -1;1;9;1;50;Blessé hospitalisé;6
202300049680;155 592 435;A01;1;0;2;1;1;5;203 733 045;1;1;3;1;1975.0;5;2;-1;-1;2;4;2023;10:00;1;29;29277;1;1;1;2;48.369508;-4.073911;3;2;2;0;1;1;4;1;0;1;80;Blessé hospitalisé;6
202300049680;155 592 437;B01;1;0;2;4;1;5;203 733 047;1;1;1;1;1980.0;5;2;-1;-1;2;4;2023;10:00;1;29;29277;1;1;1;2;48.369508;-4.073911;3;2;2;0;1;1;4;1;0;1;80;Indemne;6
202300049681;155 592 433;A01;1;14;0;1;1;5;203 733 043;1;1;3;1;1980.0;5;2;0;-1;5;5;2023;17:10;1;88;88160;1;1;1;6;48.15651477;6.51135206;4;-1;1;3;1;1; -1;1;9;6;30;Blessé hospitalisé;4
202300049684;155 592 427;A01;3;0;9;2;1;1;203 733 037;1;1;1;1;2002.0;0;1;0;-1;17;7;2023;21:30;5;973;97302;2;1;1;1;4.92194;-52.3126;4;2;2;0;1;1; -1;1;0;1;50;Indemne;0
202300049684;155 592 431;B01;1;0;0;0;0;5;203 733 041;1;1;4;1;1971.0;0;8;0;-1;17;7;2023;21:30;5;973;97302;2;1;1;1;4.92194;-52.3126;4;2;2;0;1;1; -1;1;0;1;50;Blessé léger;0
202300049686;155 592 422;A01;7;0;2;5;4;1;203 733 029;1;1;1;1;2004.0;5;1;0;-1;8;5;2023;22:16;5;87;87085;2;1;1;3;45.84175;1.25844;4;2;2;0;2;1; -1;1;0;1;50;Indemne;0
202300049686;155 592 426;B01;1;0;2;1;1;5;203 733 034;1;1;4;1;1999.0;5;8;0;-1;8;5;2023;22:16;5;87;87085;2;1;1;3;45.84175;1.25844;4;2;2;0;2;1; -1;1;0;1;50;Blessé léger;0
202300049694;155 592 407;A01;1;12;0;7;1;5;203 733 002;1;1;4;2;1981.0;1;8;-1;-1;17;7;2023;19:10;1;69;69034;2;1;1;6;45.80666537;4.85736089;4;2;2;1;1;1; -1;1;2;1;30;Blessé léger;0
202300049701;155 592 394;A01;1;0;2;2;5;5;203 732 988;1;1;4;1;1985.0;1;0;-1;-1;16;2;2023;16:30;1;987;98758;1;1;1;1;-16.744;-151.46;2;2;2;0;1;2; -1;1;0;3;60;Blessé léger;3
202300049732;155 592 339;A01;1;13;0;0;1;5;203 732 917;1;1;3;1;1994.0;5;2;-1;-1;2;4;2023;18:30;1;2B;2B296;1;1;1;6;42.58456;8.919691;3;2;2;0;1;4;5;1;0;1;80;Blessé hospitalisé;6
202300049733;155 592 337;A01;1;0;2;8;1;5;203 732 913;1;1;3;1;1954.0;5;2;6;-1;17;2;2023;16:15;1;66;66115;1;1;9;3;42.51885376;2.89167076;3;2;2;0;2;4;4;1;0;1;80;Blessé hospitalisé;4
202300049740;155 592 329;A01;1;0;0;8;15;5;203 732 903;1;1;4;1;1966.0;5;2;0;-1;15;7;2023;16:38;1;87;87085;2;2;1;7;45.83608;1.25061;4;2;3;0;2;1; -1;2;5;1;30;Blessé léger;5
202300049740;155 592 329;A01;1;0;0;8;15;5;203 732 903;1;1;4;1;1966.0;5;2;0;-1;15;7;2023;16:38;1;87;87085;2;2;1;7;45.83608;1.25061;4;2;2;0;2;1; -1;2;5;1;30;Blessé léger;5
202300049747;155 592 318;A01;1;0;2;0;1;5;203 732 888;1;1;4;1;2019.0;5;8;0;-1;13;7;2023;20:30;1;87;87085;2;1;1;6;45.88157;1.29524;4;-1;1;0;1;1; -1;1;9;1;30;Blessé léger;3
202300049754;155 592 305;A01;7;0;2;7;17;3;203 732 868;1;1;1;2;1961.0;5;1;0;-1;13;7;2023;20:21;1;87;87085;2;3;1;6;45.81484;1.22268;4;2;2;0;1;1; -1;1;0;1;50;Indemne;3
202300049754;155 592 305;A01;7;0;2;7;17;3;203 732 868;1;1;1;2;1961.0;5;1;0;-1;13;7;2023;20:21;1;87;87085;2;3;1;6;45.81484;1.22268;4;2;2;0;1;1; -1;1;0;1;50;Indemne;3
202300049754;155 592 308;B01;1;0;2;8;15;5;203 732 874;1;1;4;2;1972.0;1;2;0;-1;13;7;2023;20:21;1;87;87085;2;3;1;6;45.81484;1.22268;4;2;2;0;1;1; -1;1;0;1;50;Blessé léger;3
202300049754;155 592 308;B01;1;0;2;8;15;5;203 732 874;1;1;4;2;1972.0;1;2;0;-1;13;7;2023;20:21;1;87;87085;2;3;1;6;45.81484;1.22268;4;2;2;0;1;1; -1;1;0;1;50;Blessé léger;3
202300049762;155 592 287;B01;1;1;0;1;1;5;203 732 848;1;1;4;2;1978.0;5;2;0;-1;25;8;2023;09:20;1;49;49007;2;1;1;3;47.4874;-0.55673;4;2;2;0;1;1; -1;1;0;1;50;Blessé léger;4
202300049762;155 592 292;A01;7;0;2;3;22;1;203 732 853;1;1;1;1;1978.0;5;8;0;-1;25;8;2023;09:20;1;49;49007;2;1;1;3;47.4874;-0.55673;4;2;2;0;1;1; -1;1;0;1;50;Indemne;4
202300049764;155 592 281;A01;7;0;9;2;21;1;203 732 840;1;1;1;1;1965.0;5;1;8;-1;10;5;2023;09:45;1;77;77131;1;1;3;3;48.81612;3.11228;3;2;2;0;4;1;5,5;3;2;1;80;Indemne;2
202300049764;155 592 286;B01;1;0;2;8;2;5;203 732 847;1;1;4;1;1957.0;5;2;6;-1;10;5;2023;09:45;1;77;77131;1;1;3;3;48.81612;3.11228;3;2;2;0;4;1;5,5;3;2;1;80;Blessé léger;2
202300049770;155 592 270;A01;10;0;2;2;15;1;203 732 820;1;1;1;1;1996.0;1;1;8;-1;17;7;2023;07:50;1;81;81060;2;1;1;3;44.05614;2.16427;3;2;2;0;4;1;5,5;1;0;1;50;Indemne;0
202300049770;155 592 273;B01;80;0;2;1;1;3;203 732 829;1;1;3;1;1976.0;5;2;0;-1;17;7;2023;07:50;1;81;81060;2;1;1;3;44.05614;2.16427;3;2;2;0;4;1;5,5;1;0;1;50;Blessé hospitalisé;0
202300049776;155 592 257;B01;1;0;0;0;0;5;203 732 805;1;1;4;2;1998.0;1;8;0;-1;9;5;2023;07:30;1;76;76351;2;6;2;3;49.496176;0.107832;4;2;2;0;1;1; -1;2;0;1;50;Blessé léger;1
202300049776;155 592 257;B01;1;0;0;0;0;5;203 732 805;1;1;4;2;1998.0;1;8;0;-1;9;5;2023;07:30;1;76;76351;2;6;2;3;49.496176;0.107832;4;1;1;0;1;3; -1;2;0;1;50;Blessé léger;1
202300049776;155 592 263;A01;7;0;9;3;9;1;203 732 814;1;1;1;2;1978.0;2;1;-1;-1;9;5;2023;07:30;1;76;76351;2;6;2;3;49.496176;0.107832;4;2;2;0;1;1; -1;2;0;1;50;Indemne;1
202300049776;155 592 263;A01;7;0;9;3;9;1;203 732 814;1;1;1;2;1978.0;2;1;-1;-1;9;5;2023;07:30;1;76;76351;2;6;2;3;49.496176;0.107832;4;1;1;0;1;3; -1;2;0;1;50;Indemne;1
202300049781;155 592 251;A01;1;0;2;8;15;5;203 732 799;1;1;4;1;1985.0;9;0;-1;-1;17;2;2023;10:20;1;33;33268;2;3;1;3;45.03984;-0.676839;3;2;2;0;1;1; -1;1;0;1;50;Blessé léger;4
202300049781;155 592 251;A01;1;0;2;8;15;5;203 732 799;1;1;4;1;1985.0;9;0;-1;-1;17;2;2023;10:20;1;33;33268;2;3;1;3;45.03984;-0.676839;3;2; -1;-1;1;1; -1;1;0;1;50;Blessé léger;4
202300049781;155 592 253;B01;7;0;9;2;17;1;203 732 801;1;1;1;1;1947.0;9;8;-1;-1;17;2;2023;10:20;1;33;33268;2;3;1;3;45.03984;-0.676839;3;2;2;0;1;1; -1;1;0;1;50;Indemne;4
202300049781;155 592 253;B01;7;0;9;2;17;1;203 732 801;1;1;1;1;1947.0;9;8;-1;-1;17;2;2023;10:20;1;33;33268;2;3;1;3;45.03984;-0.676839;3;2; -1;-1;1;1; -1;1;0;1;50;Indemne;4
202300049792;155 592 227;A01;7;0;2;3;23;1;203 732 754;1;1;1;2;2002.0;5;1;-1;-1;2;4;2023;10:45;1;35;35072;1;4;1;3;48.25491564;-1.17964491;3;2;2;0;2;1;5;1;0;1;80;Indemne;6
202300049792;155 592 227;A01;7;0;2;3;23;1;203 732 754;1;1;1;2;2002.0;5;1;-1;-1;2;4;2023;10:45;1;35;35072;1;4;1;3;48.25491564;-1.17964491;3;-1; -1;0;1;1; -1;1;0;1;-1;Indemne;6
202300049792;155 592 233;B01;1;0;2;3;1;5;203 732 761;1;1;4;2;1971.0;5;2;-1;-1;2;4;2023;10:45;1;35;35072;1;4;1;3;48.25491564;-1.17964491;3;2;2;0;2;1;5;1;0;1;80;Blessé léger;6
202300049792;155 592 233;B01;1;0;2;3;1;5;203 732 761;1;1;4;2;1971.0;5;2;-1;-1;2;4;2023;10:45;1;35;35072;1;4;1;3;48.25491564;-1.17964491;3;-1; -1;0;1;1; -1;1;0;1;-1;Blessé léger;6
202300049813;155 592 188;A01;7;0;9;1;1;1;203 732 704;1;1;1;1;1961.0;5;1;-1;-1;2;12;2023;20:00;5;974;97410;2;6;1;1;-21.047311;55.717099;2;3;2;0;1;3;3,5;1;5;1;50;Indemne;5
202300049813;155 592 191;B01;1;0;2;7;19;5;203 732 709;1;1;4;1;2008.0;5;0;-1;-1;2;12;2023;20:00;5;974;97410;2;6;1;1;-21.047311;55.717099;2;3;2;0;1;3;3,5;1;5;1;50;Blessé léger;5
202300049832;155 592 155;A01;33;0;2;3;21;1;203 732 659;1;1;4;1;1983.0;4;2;6;-1;30;9;2023;10:15;1;06;06136;1;1;1;1;43.858854;7.442765;3;2;2;0;2;4;5,5;1;0;1;80;Blessé léger;5
202300049832;155 592 158;B01;1;0;2;1;2;5;203 732 664;1;1;3;2;1968.0;5;2;-1;-1;30;9;2023;10:15;1;06;06136;1;1;1;1;43.858854;7.442765;3;2;2;0;2;4;5,5;1;0;1;80;Blessé hospitalisé;5
202300049845;155 592 129;A01;7;0;2;1;10;1;203 732 626;1;1;1;1;1995.0;5;1;-1;-1;26;8;2023;21:00;2;33;33063;2;1;1;3;44.85119;-0.56072;4;2;2;1;1;1; -1;1;6;5;30;Indemne;5
202300049845;155 592 134;B01;1;0;2;7;1;5;203 732 633;1;1;4;1;1976.0;0;0;-1;-1;26;8;2023;21:00;2;33;33063;2;1;1;3;44.85119;-0.56072;4;2;2;1;1;1; -1;1;6;5;30;Blessé léger;5
202300049873;155 592 077;A01;10;0;2;2;16;1;203 732 549;1;1;1;1;1990.0;4;1;-1;-1;25;8;2023;10:20;1;33;33063;2;2;1;3;44.82539;-0.5892;4;2;4;3;1;1; -1;1;0;1;50;Indemne;4
202300049873;155 592 077;A01;10;0;2;2;16;1;203 732 549;1;1;1;1;1990.0;4;1;-1;-1;25;8;2023;10:20;1;33;33063;2;2;1;3;44.82539;-0.5892;4;2;4;0;1;1; -1;1;0;1;50;Indemne;4
202300049873;155 592 082;B01;1;0;2;8;1;5;203 732 554;1;1;4;1;1972.0;1;0;-1;-1;25;8;2023;10:20;1;33;33063;2;2;1;3;44.82539;-0.5892;4;2;4;3;1;1; -1;1;0;1;50;Blessé léger;4
202300049873;155 592 082;B01;1;0;2;8;1;5;203 732 554;1;1;4;1;1972.0;1;0;-1;-1;25;8;2023;10:20;1;33;33063;2;2;1;3;44.82539;-0.5892;4;2;4;0;1;1; -1;1;0;1;50;Blessé léger;4
202300049881;155 592 066;A01;7;0;9;7;1;1;203 732 533;1;1;1;1;1965.0;0;1;0;-1;7;7;2023;21:38;1;51;51454;2;2;1;3;49.25284;4.04929;4;-1;2;0;1;1; -1;1;0;1;50;Indemne;4
202300049881;155 592 066;A01;7;0;9;7;1;1;203 732 533;1;1;1;1;1965.0;0;1;0;-1;7;7;2023;21:38;1;51;51454;2;2;1;3;49.25284;4.04929;4;2;2;0;1;1; -1;1;0;1;50;Indemne;4
202300049881;155 592 072;B01;1;0;2;1;1;5;203 732 542;1;1;4;1;1997.0;0;8;0;-1;7;7;2023;21:38;1;51;51454;2;2;1;3;49.25284;4.04929;4;-1;2;0;1;1; -1;1;0;1;50;Blessé léger;4
202300049881;155 592 072;B01;1;0;2;1;1;5;203 732 542;1;1;4;1;1997.0;0;8;0;-1;7;7;2023;21:38;1;51;51454;2;2;1;3;49.25284;4.04929;4;2;2;0;1;1; -1;1;0;1;50;Blessé léger;4
202300049908;155 592 025;A01;10;0;2;1;1;1;203 732 481;1;1;1;2;1949.0;0;1;0;-1;13;6;2023;14:45;1;85;85191;2;2;1;3;46.672969;-1.423684;4;1;1;0;1;1; -1;1;0;1;30;Indemne;1
202300049908;155 592 025;A01;10;0;2;1;1;1;203 732 481;1;1;1;2;1949.0;0;1;0;-1;13;6;2023;14:45;1;85;85191;2;2;1;3;46.672969;-1.423684;4;1;1;0;2;1; -1;1;0;1;30;Indemne;1
202300049908;155 592 030;B01;1;0;2;1;1;5;203 732 486;1;1;4;1;1953.0;5;8;0;-1;13;6;2023;14:45;1;85;85191;2;2;1;3;46.672969;-1.423684;4;1;1;0;1;1; -1;1;0;1;30;Blessé léger;1
202300049908;155 592 030;B01;1;0;2;1;1;5;203 732 486;1;1;4;1;1953.0;5;8;0;-1;13;6;2023;14:45;1;85;85191;2;2;1;3;46.672969;-1.423684;4;1;1;0;2;1; -1;1;0;1;30;Blessé léger;1
202300049921;155 592 001;A01;7;0;2;1;15;1;203 732 454;1;1;1;1;1944.0;0;1;8;-1;9;5;2023;08:50;1;67;67482;2;3;8;3;48.55444;7.76624;4;1;2;1;1;1; -1;1;0;1;50;Indemne;1
202300049921;155 592 001;A01;7;0;2;1;15;1;203 732 454;1;1;1;1;1944.0;0;1;8;-1;9;5;2023;08:50;1;67;67482;2;3;8;3;48.55444;7.76624;4;1;5;1;1;1; -1;1;0;1;50;Indemne;1
202300049921;155 592 008;B01;1;0;2;0;19;5;203 732 461;1;1;4;2;1997.0;1;8;0;-1;9;5;2023;08:50;1;67;67482;2;3;8;3;48.55444;7.76624;4;1;2;1;1;1; -1;1;0;1;50;Blessé léger;1
202300049921;155 592 008;B01;1;0;2;0;19;5;203 732 461;1;1;4;2;1997.0;1;8;0;-1;9;5;2023;08:50;1;67;67482;2;3;8;3;48.55444;7.76624;4;1;5;1;1;1; -1;1;0;1;50;Blessé léger;1
202300049924;155 591 994;B01;80;0;2;0;12;3;203 732 444;1;1;3;1;1942.0;0;0;-1;-1;30;9;2023;14:40;1;60;60142;2;6;1;3;49.100415;2.528685;3;1;2;0;1;3;5,5;1;0;1;50;Blessé hospitalisé;5
202300049924;155 591 998;A01;7;0;9;6;16;3;203 732 450;2;2;1;2;1997.0;5;1;-1;-1;30;9;2023;14:40;1;60;60142;2;6;1;3;49.100415;2.528685;3;1;2;0;1;3;5,5;1;0;1;50;Indemne;5
202300049924;155 591 998;A01;7;0;9;6;16;3;203 732 453;1;1;1;1;1978.0;5;1;-1;-1;30;9;2023;14:40;1;60;60142;2;6;1;3;49.100415;2.528685;3;1;2;0;1;3;5,5;1;0;1;50;Indemne;5
202300049930;155 591 984;B01;1;0;2;0;21;0;203 732 426;1;1;4;1;1977.0;5;8;-1;-1;28;3;2023;22:20;5;69;69266;2;6;1;3;45.75994;4.87588;4;1;1;0;1;2; -1;1;0;4;50;Blessé léger;1
202300049930;155 591 984;B01;1;0;2;0;21;0;203 732 426;1;1;4;1;1977.0;5;8;-1;-1;28;3;2023;22:20;5;69;69266;2;6;1;3;45.75994;4.87588;4;2;2;0;1;1; -1;1;0;4;50;Blessé léger;1
202300049944;155 591 961;A01;1;0;2;0;0;5;203 732 398;1;1;4;1;1946.0;0;8;0;-1;17;7;2023;11:15;1;34;34003;2;9;1;3;43.310942;3.470767;4;2;2;0;1;3; -1;1;0;1;50;Blessé léger;0
202300049954;155 591 944;B01;80;0;2;1;1;3;203 732 372;1;1;4;2;1960.0;5;2;8;-1;30;3;2023;18:30;1;67;67365;2;3;1;3;48.54961;7.71005;4;2;4;1;1;1; -1;1;0;5;50;Blessé léger;3
202300049954;155 591 944;B01;80;0;2;1;1;3;203 732 372;1;1;4;2;1960.0;5;2;8;-1;30;3;2023;18:30;1;67;67365;2;3;1;3;48.54961;7.71005;4;2;2;0;2;1; -1;1;0;5;30;Blessé léger;3
202300049954;155 591 951;A01;7;0;2;2;16;1;203 732 383;1;1;1;1;1965.0;1;1;8;-1;30;3;2023;18:30;1;67;67365;2;3;1;3;48.54961;7.71005;4;2;4;1;1;1; -1;1;0;5;50;Indemne;3
202300049954;155 591 951;A01;7;0;2;2;16;1;203 732 383;1;1;1;1;1965.0;1;1;8;-1;30;3;2023;18:30;1;67;67365;2;3;1;3;48.54961;7.71005;4;2;2;0;2;1; -1;1;0;5;30;Indemne;3
202300049955;155 591 943;A01;1;0;2;0;0;5;203 732 373;1;1;3;1;2002.0;1;8;0;-1;16;2;2023;03:00;5;31;31555;2;1;1;6;43.60179;1.41105;4;2;2;0;1;1; -1;1;9;1;50;Blessé hospitalisé;3
202300049964;155 591 928;A01;1;0;9;1;0;5;203 732 349;1;1;4;1;2018.0;0;2;8;-1;13;6;2023;08:15;1;72;72181;2;9;1;3;48.0132;0.1746;4;2;1;1;1;1; -1;1;2;5;25;Blessé léger;1
202300049964;155 591 931;B01;50;0;9;1;1;3;203 732 354;1;1;1;1;1994.0;0;2;0;-1;13;6;2023;08:15;1;72;72181;2;9;1;3;48.0132;0.1746;4;2;1;1;1;1; -1;1;2;5;25;Indemne;1
202300049974;155 591 915;A01;33;0;2;2;2;1;203 732 331;1;1;1;1;1967.0;3;2;6;-1;29;9;2023;08:50;1;69;69225;1;4;1;3;45.874425;4.410968;4;2;2;0;2;1; -1;1;0;1;-1;Indemne;4
202300049974;155 591 915;A01;33;0;2;2;2;1;203 732 331;1;1;1;1;1967.0;3;2;6;-1;29;9;2023;08:50;1;69;69225;1;4;1;3;45.874425;4.410968;4;2;2;0;2;1; -1;1;0;1;80;Indemne;4
202300049974;155 591 918;B01;80;0;2;1;5;3;203 732 334;1;1;3;2;1962.0;3;2;4;-1;29;9;2023;08:50;1;69;69225;1;4;1;3;45.874425;4.410968;4;2;2;0;2;1; -1;1;0;1;-1;Blessé hospitalisé;4
202300049974;155 591 918;B01;80;0;2;1;5;3;203 732 334;1;1;3;2;1962.0;3;2;4;-1;29;9;2023;08:50;1;69;69225;1;4;1;3;45.874425;4.410968;4;2;2;0;2;1; -1;1;0;1;80;Blessé hospitalisé;4
202300049984;155 591 898;A01;50;0;2;1;21;3;203 732 309;1;1;4;2;2004.0;1;0;-1;-1;21;9;2023;20:15;5;69;69143;2;1;3;1;45.88784454;4.82965521;7;2;2;1;1;1;5,5;3;0;5;30;Blessé léger;3
202300049984;155 591 901;B01;80;0;2;1;9;3;203 732 313;1;1;3;2;1967.0;1;2;-1;-1;21;9;2023;20:15;5;69;69143;2;1;3;1;45.88784454;4.82965521;7;2;2;1;1;1;5,5;3;0;5;30;Blessé hospitalisé;3
202300049993;155 591 880;A01;1;0;2;1;17;5;203 732 286;1;1;3;1;1964.0;5;2;6;-1;28;7;2023;10:00;1;73;73023;1;3;1;3;45.225129;6.73522;3;2;2;0;2;3;7;1;0;1;80;Blessé hospitalisé;4
202300049993;155 591 880;A01;1;0;2;1;17;5;203 732 286;1;1;3;1;1964.0;5;2;6;-1;28;7;2023;10:00;1;73;73023;1;3;1;3;45.225129;6.73522;3;-1;2;0;1;3;7;1;0;1;-1;Blessé hospitalisé;4
202300049993;155 591 884;B01;7;0;2;3;15;1;203 732 291;1;1;1;1;1966.0;5;1;-1;-1;28;7;2023;10:00;1;73;73023;1;3;1;3;45.225129;6.73522;3;2;2;0;2;3;7;1;0;1;80;Indemne;4
202300049993;155 591 884;B01;7;0;2;3;15;1;203 732 291;1;1;1;1;1966.0;5;1;-1;-1;28;7;2023;10:00;1;73;73023;1;3;1;3;45.225129;6.73522;3;-1;2;0;1;3;7;1;0;1;-1;Indemne;4
202300049994;155 591 881;A01;1;0;2;8;16;5;203 732 287;1;1;4;2;1951.0;5;0;-1;-1;28;9;2023;18:00;1;65;65059;2;3;1;3;43.074002;0.143412;3;2;2;0;1;1;6;1;0;1;50;Blessé léger;3
202300049994;155 591 881;A01;1;0;2;8;16;5;203 732 287;1;1;4;2;1951.0;5;0;-1;-1;28;9;2023;18:00;1;65;65059;2;3;1;3;43.074002;0.143412;3;2; -1;-1;1;1; -1;1;0;1;50;Blessé léger;3
202300049994;155 591 886;B01;7;0;2;7;14;1;203 732 294;1;1;1;1;1987.0;1;1;-1;-1;28;9;2023;18:00;1;65;65059;2;3;1;3;43.074002;0.143412;3;2;2;0;1;1;6;1;0;1;50;Indemne;3
202300049994;155 591 886;B01;7;0;2;7;14;1;203 732 294;1;1;1;1;1987.0;1;1;-1;-1;28;9;2023;18:00;1;65;65059;2;3;1;3;43.074002;0.143412;3;2; -1;-1;1;1; -1;1;0;1;50;Indemne;3
202300050008;155 591 857;B01;1;0;0;0;16;5;203 732 258;1;1;3;1;1969.0;1;0;-1;-1;3;5;2023;08:45;1;61;61169;2;6;1;6;48.730041;-0.579148;3;2;2;0;1;2; -1;1;0;1;50;Blessé hospitalisé;2