Num_Acc;id_vehicule;num_veh;catv;obs;obsm;choc;manv;motor;id_usager;place;catu;grav;sexe;an_nais;trajet;secu1;secu2;secu3;jour;mois;an;hrmn;lum;dep;com;agg;int;atm;col;lat;long;catr;circ;nbv;vosp;prof;plan;larrout;surf;infra;situ;vma;gravity;day_of_week
202300050008;155 591 857;B01;1;0;0;0;16;5;203 732 258;1;1;3;1;1969.0;1;0;-1;-1;3;5;2023;08:45;1;61;61169;2;6;1;6;48.730041;-0.579148;3;2;2;0;1;1; -1;1;0;1;50;Blessé hospitalisé;2
202300050008;155 591 857;B01;1;0;0;0;16;5;203 732 258;1;1;3;1;1969.0;1;0;-1;-1;3;5;2023;08:45;1;61;61169;2;6;1;6;48.730041;-0.579148;3;2;2;0;1;1; -1;1;0;1;50;Blessé hospitalisé;2
202300050015;155 591 841;A01;1;0;2;3;19;5;203 732 234;1;1;4;2;1960.0;0;2;-1;-1;30;3;2023;08:26;1;63;63014;1;1;1;3;45.74322;3.1386;3;3;4;-1;1;1;4;1;0;1;90;Blessé léger;3
202300050015;155 591 844;B01;7;0;2;1;1;-1;203 732 241;1;1;1;1;1953.0;0;1;-1;-1;30;3;2023;08:26;1;63;63014;1;1;1;3;45.74322;3.1386;3;3;4;-1;1;1;4;1;0;1;90;Indemne;3
202300050016;155 591 837;A01;7;0;2;3;1;1;203 732 230;1;1;1;2;1967.0;1;1;0;-1;12;6;2023;17:10;1;62;62215;2;2;1;1;50.47296;2.9241;4;2;2;0;1;1; -1;1;0;1;20;Indemne;0
202300050016;155 591 837;A01;7;0;2;3;1;1;203 732 230;1;1;1;2;1967.0;1;1;0;-1;12;6;2023;17:10;1;62;62215;2;2;1;1;50.47296;2.9241;4;2;2;0;1;1; -1;1;0;1;20;Indemne;0
202300050016;155 591 842;B01;1;0;2;7;1;5;203 732 237;1;1;3;2;2018.0;5;8;0;-1;12;6;2023;17:10;1;62;62215;2;2;1;1;50.47296;2.9241;4;2;2;0;1;1; -1;1;0;1;20;Blessé hospitalisé;0
202300050016;155 591 842;B01;1;0;2;7;1;5;203 732 237;1;1;3;2;2018.0;5;8;0;-1;12;6;2023;17:10;1;62;62215;2;2;1;1;50.47296;2.9241;4;2;2;0;1;1; -1;1;0;1;20;Blessé hospitalisé;0
202300050028;155 591 816;A01;1;0;0;0;0;5;203 732 207;1;1;4;2;1953.0;5;2;-1;-1;25;8;2023;10:15;1;07;07281;1;1;1;7;44.95219;4.82322;3;2;2;0;2;4;4;1;0;3;90;Blessé léger;4
202300050029;155 591 812;A01;7;0;2;2;1;1;203 732 202;1;1;1;1;1966.0;5;8;-1;-1;3;12;2023;16:30;1;65;65338;2;1;1;3;43.131151;0.175288;3;3;2;0;1;2;5,5;1;0;1;50;Indemne;6
202300050029;155 591 814;B01;1;0;2;8;1;5;203 732 205;1;1;4;1;1947.0;5;8;-1;-1;3;12;2023;16:30;1;65;65338;2;1;1;3;43.131151;0.175288;3;3;2;0;1;2;5,5;1;0;1;50;Blessé léger;6
202300050036;155 591 801;B01;7;0;2;3;1;1;203 732 186;1;1;1;1;2000.0;1;1;0;-1;16;7;2023;16:08;1;75;75118;2;2;1;3;48.897542;2.344683;4;2;6;1;1;1; -1;1;0;1;30;Indemne;6
202300050036;155 591 801;B01;7;0;2;3;1;1;203 732 186;1;1;1;1;2000.0;1;1;0;-1;16;7;2023;16:08;1;75;75118;2;2;1;3;48.897542;2.344683;4;1;2;3;1;1; -1;1;0;1;30;Indemne;6
202300050036;155 591 804;A01;1;0;2;7;19;5;203 732 190;1;1;3;2;1999.0;4;2;0;-1;16;7;2023;16:08;1;75;75118;2;2;1;3;48.897542;2.344683;4;2;6;1;1;1; -1;1;0;1;30;Blessé hospitalisé;6
202300050036;155 591 804;A01;1;0;2;7;19;5;203 732 190;1;1;3;2;1999.0;4;2;0;-1;16;7;2023;16:08;1;75;75118;2;2;1;3;48.897542;2.344683;4;1;2;3;1;1; -1;1;0;1;30;Blessé hospitalisé;6
202300050058;155 591 758;B01;7;0;2;8;15;1;203 732 127;1;1;1;1;1981.0;0;1;0;-1;9;5;2023;08:40;1;54;54395;2;2;1;3;48.68222;6.17791;4;1; -1;3;1;1; -1;1;0;1;50;Indemne;1
202300050058;155 591 758;B01;7;0;2;8;15;1;203 732 127;1;1;1;1;1981.0;0;1;0;-1;9;5;2023;08:40;1;54;54395;2;2;1;3;48.68222;6.17791;4;2;2;0;1;1; -1;1;0;1;50;Indemne;1
202300050058;155 591 761;A01;1;0;2;1;1;5;203 732 131;1;1;4;1;2001.0;0;8;0;-1;9;5;2023;08:40;1;54;54395;2;2;1;3;48.68222;6.17791;4;1; -1;3;1;1; -1;1;0;1;50;Blessé léger;1
202300050058;155 591 761;A01;1;0;2;1;1;5;203 732 131;1;1;4;1;2001.0;0;8;0;-1;9;5;2023;08:40;1;54;54395;2;2;1;3;48.68222;6.17791;4;2;2;0;1;1; -1;1;0;1;50;Blessé léger;1
202300050061;155 591 755;A01;10;0;2;2;15;1;203 732 125;1;1;1;1;1968.0;5;1;0;-1;17;7;2023;20:30;2;75;75114;2;2;1;2;48.831952;2.341143;4;3;1;0;1;1; -1;1;0;1;30;Indemne;0
202300050061;155 591 755;A01;10;0;2;2;15;1;203 732 125;1;1;1;1;1968.0;5;1;0;-1;17;7;2023;20:30;2;75;75114;2;2;1;2;48.831952;2.341143;4;1;1;0;1;1; -1;1;0;1;30;Indemne;0
202300050061;155 591 759;B01;1;0;2;4;15;5;203 732 129;1;1;4;2;1947.0;5;2;0;-1;17;7;2023;20:30;2;75;75114;2;2;1;2;48.831952;2.341143;4;3;1;0;1;1; -1;1;0;1;30;Blessé léger;0
202300050061;155 591 759;B01;1;0;2;4;15;5;203 732 129;1;1;4;2;1947.0;5;2;0;-1;17;7;2023;20:30;2;75;75114;2;2;1;2;48.831952;2.341143;4;1;1;0;1;1; -1;1;0;1;30;Blessé léger;0
202300050066;155 591 745;B01;7;0;2;2;1;1;203 732 111;1;1;1;1;1958.0;5;1;0;-1;8;5;2023;16:45;1;54;54395;2;2;1;3;48.67479107;6.18046403;4;1;3;2;1;1; -1;1;0;1;50;Indemne;0
202300050066;155 591 745;B01;7;0;2;2;1;1;203 732 111;1;1;1;1;1958.0;5;1;0;-1;8;5;2023;16:45;1;54;54395;2;2;1;3;48.67479107;6.18046403;4;2;2;2;1;1; -1;1;-1;1;30;Indemne;0
202300050066;155 591 749;A01;1;0;2;1;1;5;203 732 117;1;1;4;1;1997.0;5;8;0;-1;8;5;2023;16:45;1;54;54395;2;2;1;3;48.67479107;6.18046403;4;1;3;2;1;1; -1;1;0;1;50;Blessé léger;0
202300050066;155 591 749;A01;1;0;2;1;1;5;203 732 117;1;1;4;1;1997.0;5;8;0;-1;8;5;2023;16:45;1;54;54395;2;2;1;3;48.67479107;6.18046403;4;2;2;2;1;1; -1;1;-1;1;30;Blessé léger;0
202300050071;155 591 735;B01;1;0;2;7;1;5;203 732 096;1;1;3;2;1949.0;0;2;0;-1;16;2;2023;13:10;1;82;82121;2;1;7;3;43.99696;1.33481;4;2;2;0;1;1; -1;1;0;1;50;Blessé hospitalisé;3
202300050071;155 591 740;A01;7;0;2;3;9;1;203 732 103;1;1;1;2;1977.0;1;1;8;-1;16;2;2023;13:10;1;82;82121;2;1;7;3;43.99696;1.33481;4;2;2;0;1;1; -1;1;0;1;50;Indemne;3
202300050096;155 591 681;B01;1;14;2;8;2;5;203 732 032;1;1;3;1;1948.0;5;2;-1;-1;13;6;2023;14:00;1;54;54051;1;2;1;3;49.17608;5.96825;3;3;1;0;1;1;3;1;5;1;70;Blessé hospitalisé;1
202300050096;155 591 681;B01;1;14;2;8;2;5;203 732 032;1;1;3;1;1948.0;5;2;-1;-1;13;6;2023;14:00;1;54;54051;1;2;1;3;49.17608;5.96825;3;2;1;0;1;1;3;1;0;1;80;Blessé hospitalisé;1
202300050096;155 591 683;A01;7;0;9;1;11;1;203 732 036;1;1;1;1;1948.0;5;1;0;-1;13;6;2023;14:00;1;54;54051;1;2;1;3;49.17608;5.96825;3;3;1;0;1;1;3;1;5;1;70;Indemne;1
202300050096;155 591 683;A01;7;0;9;1;11;1;203 732 036;1;1;1;1;1948.0;5;1;0;-1;13;6;2023;14:00;1;54;54051;1;2;1;3;49.17608;5.96825;3;2;1;0;1;1;3;1;0;1;80;Indemne;1
202300050120;155 591 645;A01;7;0;9;7;22;1;203 731 985;1;1;1;1;1943.0;2;8;-1;-1;9;5;2023;07:50;1;47;47001;2;2;8;3;44.199;0.6213;3;1;1;-1;1;1; -1;1;0;4;30;Indemne;1
202300050120;155 591 645;A01;7;0;9;7;22;1;203 731 985;1;1;1;1;1943.0;2;8;-1;-1;9;5;2023;07:50;1;47;47001;2;2;8;3;44.199;0.6213;3;2;2;2;1;1; -1;1;0;4;30;Indemne;1
202300050120;155 591 645;A01;7;0;9;7;22;1;203 731 990;3;2;1;2;2005.0;2;0;-1;-1;9;5;2023;07:50;1;47;47001;2;2;8;3;44.199;0.6213;3;1;1;-1;1;1; -1;1;0;4;30;Indemne;1
202300050120;155 591 645;A01;7;0;9;7;22;1;203 731 990;3;2;1;2;2005.0;2;0;-1;-1;9;5;2023;07:50;1;47;47001;2;2;8;3;44.199;0.6213;3;2;2;2;1;1; -1;1;0;4;30;Indemne;1
202300050120;155 591 650;B01;1;1;0;1;25;5;203 731 993;1;1;4;1;2006.0;2;0;-1;-1;9;5;2023;07:50;1;47;47001;2;2;8;3;44.199;0.6213;3;1;1;-1;1;1; -1;1;0;4;30;Blessé léger;1
202300050120;155 591 650;B01;1;1;0;1;25;5;203 731 993;1;1;4;1;2006.0;2;0;-1;-1;9;5;2023;07:50;1;47;47001;2;2;8;3;44.199;0.6213;3;2;2;2;1;1; -1;1;0;4;30;Blessé léger;1
202300050139;155 591 615;B01;1;0;2;1;9;5;203 731 946;1;1;3;2;1979.0;4;2;0;-1;13;6;2023;14:30;1;38;38185;2;6;1;3;45.15907;5.7342;7;1;2;1;1;2;5,5;1;5;5;50;Blessé hospitalisé;1
202300050139;155 591 615;B01;1;0;2;1;9;5;203 731 946;1;1;3;2;1979.0;4;2;0;-1;13;6;2023;14:30;1;38;38185;2;6;1;3;45.15907;5.7342;7;1;2;1;1;2;5,5;1;9;5;30;Blessé hospitalisé;1
202300050139;155 591 618;A01;7;0;9;2;16;1;203 731 949;1;1;1;2;1937.0;5;1;0;-1;13;6;2023;14:30;1;38;38185;2;6;1;3;45.15907;5.7342;7;1;2;1;1;2;5,5;1;5;5;50;Indemne;1
202300050139;155 591 618;A01;7;0;9;2;16;1;203 731 949;1;1;1;2;1937.0;5;1;0;-1;13;6;2023;14:30;1;38;38185;2;6;1;3;45.15907;5.7342;7;1;2;1;1;2;5,5;1;9;5;30;Indemne;1
202300050146;155 591 596;A01;10;0;2;3;2;1;203 731 925;1;1;1;1;1974.0;4;1;0;-1;13;6;2023;14:05;1;37;37233;2;2;1;3;47.38835;0.72297;4;2;2;0;1;1; -1;1;9;1;50;Indemne;1
202300050146;155 591 596;A01;10;0;2;3;2;1;203 731 925;1;1;1;1;1974.0;4;1;0;-1;13;6;2023;14:05;1;37;37233;2;2;1;3;47.38835;0.72297;4;1;1;0;1;1; -1;1;9;1;50;Indemne;1
202300050146;155 591 602;B01;1;0;2;1;0;5;203 731 933;1;1;4;1;1951.0;5;2;0;-1;13;6;2023;14:05;1;37;37233;2;2;1;3;47.38835;0.72297;4;2;2;0;1;1; -1;1;9;1;50;Blessé léger;1
202300050146;155 591 602;B01;1;0;2;1;0;5;203 731 933;1;1;4;1;1951.0;5;2;0;-1;13;6;2023;14:05;1;37;37233;2;2;1;3;47.38835;0.72297;4;1;1;0;1;1; -1;1;9;1;50;Blessé léger;1
202300050147;155 591 599;A01;7;0;2;3;19;1;203 731 927;1;1;1;2;1950.0;5;1;0;-1;9;5;2023;10:00;1;42;42099;1;4;1;3;45.39529587;4.26312608;7;1;1;0;1;1;5,5;1;-1;1;50;Indemne;1
202300050147;155 591 599;A01;7;0;2;3;19;1;203 731 927;1;1;1;2;1950.0;5;1;0;-1;9;5;2023;10:00;1;42;42099;1;4;1;3;45.39529587;4.26312608;7;2;2;0;1;1; -1;1;0;1;50;Indemne;1
202300050147;155 591 601;B01;1;0;2;1;1;5;203 731 931;1;1;4;1;1944.0;5;2;0;-1;9;5;2023;10:00;1;42;42099;1;4;1;3;45.39529587;4.26312608;7;1;1;0;1;1;5,5;1;-1;1;50;Blessé léger;1
202300050147;155 591 601;B01;1;0;2;1;1;5;203 731 931;1;1;4;1;1944.0;5;2;0;-1;9;5;2023;10:00;1;42;42099;1;4;1;3;45.39529587;4.26312608;7;2;2;0;1;1; -1;1;0;1;50;Blessé léger;1
202300050150;155 591 594;A01;1;0;1;1;5;5;203 731 922;1;1;1;1;2001.0;9;2;0;-1;25;8;2023;18:15;1;75;75117;2;7;1;6;48.88486;2.297914;4;2;2;1;1;1; -1;1;0;5;30;Indemne;4
202300050150;155 591 594;A01;1;0;1;1;5;5;203 731 922;1;1;1;1;2001.0;9;2;0;-1;25;8;2023;18:15;1;75;75117;2;7;1;6;48.88486;2.297914;4;1; -1;-1;1;1; -1;1;0;5;-1;Indemne;4
202300050150;155 591 594;A01;1;0;1;1;5;5;203 731 924;10;3;4;1;1965.0;1;0;-1;-1;25;8;2023;18:15;1;75;75117;2;7;1;6;48.88486;2.297914;4;2;2;1;1;1; -1;1;0;5;30;Blessé léger;4
202300050150;155 591 594;A01;1;0;1;1;5;5;203 731 924;10;3;4;1;1965.0;1;0;-1;-1;25;8;2023;18:15;1;75;75117;2;7;1;6;48.88486;2.297914;4;1; -1;-1;1;1; -1;1;0;5;-1;Blessé léger;4
202300050154;155 591 587;Y01;1;-1;-1;-1;-1;5;203 731 911;1;1;4;2;1991.0;0;0;-1;-1;17;7;2023;19:00;2;93;93048;2;1;1;3;48.8564258;2.43596836;4;1;1;2;1;1; -1;1;0;1;30;Blessé léger;0
202300050154;155 591 590;A01;7;0;2;2;1;1;203 731 916;1;1;1;1;1944.0;1;1;8;-1;17;7;2023;19:00;2;93;93048;2;1;1;3;48.8564258;2.43596836;4;1;1;2;1;1; -1;1;0;1;30;Indemne;0
202300050155;155 591 585;A01;1;0;1;1;1;5;203 731 910;1;1;1;1;1989.0;4;8;0;-1;25;8;2023;13:10;1;75;75117;2;1;8;6;48.888113;2.296315;4;2;2;0;1;1; -1;1;0;1;30;Indemne;4
202300050155;155 591 585;A01;1;0;1;1;1;5;203 731 913;10;3;4;1;1945.0;5;0;-1;-1;25;8;2023;13:10;1;75;75117;2;1;8;6;48.888113;2.296315;4;2;2;0;1;1; -1;1;0;1;30;Blessé léger;4
202300050162;155 591 574;B01;1;0;2;8;1;5;203 731 894;1;1;4;1;1981.0;9;8;0;-1;25;8;2023;22:55;5;75;75107;2;2;1;3;48.86259;2.319024;4;2;3;0;1;1; -1;1;2;5;30;Blessé léger;4
202300050162;155 591 574;B01;1;0;2;8;1;5;203 731 894;1;1;4;1;1981.0;9;8;0;-1;25;8;2023;22:55;5;75;75107;2;2;1;3;48.86259;2.319024;4;2;4;1;1;1; -1;1;0;5;30;Blessé léger;4
202300050162;155 591 579;A01;33;0;2;7;15;1;203 731 899;1;1;1;1;1985.0;9;2;6;-1;25;8;2023;22:55;5;75;75107;2;2;1;3;48.86259;2.319024;4;2;3;0;1;1; -1;1;2;5;30;Indemne;4
202300050162;155 591 579;A01;33;0;2;7;15;1;203 731 899;1;1;1;1;1985.0;9;2;6;-1;25;8;2023;22:55;5;75;75107;2;2;1;3;48.86259;2.319024;4;2;4;1;1;1; -1;1;0;5;30;Indemne;4
202300050173;155 591 556;A01;7;0;2;3;26;1;203 731 868;1;1;1;1;1979.0;1;1;0;-1;10;5;2023;20:10;1;37;37261;2;1;8;3;47.38949;0.66814;4;1;1;1;1;1; -1;1;9;5;30;Indemne;2
202300050173;155 591 559;B01;1;0;2;1;5;5;203 731 876;1;1;4;1;1973.0;0;8;0;-1;10;5;2023;20:10;1;37;37261;2;1;8;3;47.38949;0.66814;4;1;1;1;1;1; -1;1;9;5;30;Blessé léger;2
202300050180;155 591 546;A01;7;0;0;2;23;1;203 731 856;1;1;1;1;1985.0;0;1;0;-1;17;7;2023;11:35;1;93;93001;2;2;1;3;48.90359223;2.3918442;3;3;2;1;1;1; -1;1;0;5;50;Indemne;0
202300050180;155 591 546;A01;7;0;0;2;23;1;203 731 856;1;1;1;1;1985.0;0;1;0;-1;17;7;2023;11:35;1;93;93001;2;2;1;3;48.90359223;2.3918442;3;2;2;3;1;1; -1;1;0;5;-1;Indemne;0
202300050180;155 591 551;B01;1;1;0;1;1;5;203 731 860;1;1;4;1;1991.0;0;2;0;-1;17;7;2023;11:35;1;93;93001;2;2;1;3;48.90359223;2.3918442;3;3;2;1;1;1; -1;1;0;5;50;Blessé léger;0
202300050180;155 591 551;B01;1;1;0;1;1;5;203 731 860;1;1;4;1;1991.0;0;2;0;-1;17;7;2023;11:35;1;93;93001;2;2;1;3;48.90359223;2.3918442;3;2;2;3;1;1; -1;1;0;5;-1;Blessé léger;0
202300050194;155 591 512;A01;1;0;2;4;1;5;203 731 797;1;1;4;1;1992.0;5;2;-1;-1;28;9;2023;19:00;2;69;69389;2;1;1;2;45.79749;4.82946;4;2;2;1;1;1; -1;1;0;5;50;Blessé léger;3
202300050194;155 591 517;B01;1;0;2;1;1;5;203 731 802;1;1;1;1;1977.0;5;2;-1;-1;28;9;2023;19:00;2;69;69389;2;1;1;2;45.79749;4.82946;4;2;2;1;1;1; -1;1;0;5;50;Indemne;3
202300050201;155 591 506;A01;32;0;2;0;0;1;203 731 786;1;1;3;1;1978.0;1;2;6;9;27;9;2023;19:20;2;69;69389;2;2;1;3;45.77359;4.79521;4;1;2;0;1;1; -1;1;0;1;50;Blessé hospitalisé;2
202300050201;155 591 506;A01;32;0;2;0;0;1;203 731 786;1;1;3;1;1978.0;1;2;6;9;27;9;2023;19:20;2;69;69389;2;2;1;3;45.77359;4.79521;4;2;3;0;1;1; -1;1;0;1;50;Blessé hospitalisé;2
202300050201;155 591 508;B01;1;0;2;0;0;0;203 731 791;1;1;3;1;1997.0;0;8;-1;-1;27;9;2023;19:20;2;69;69389;2;2;1;3;45.77359;4.79521;4;1;2;0;1;1; -1;1;0;1;50;Blessé hospitalisé;2
202300050201;155 591 508;B01;1;0;2;0;0;0;203 731 791;1;1;3;1;1997.0;0;8;-1;-1;27;9;2023;19:20;2;69;69389;2;2;1;3;45.77359;4.79521;4;2;3;0;1;1; -1;1;0;1;50;Blessé hospitalisé;2
202300050204;155 591 499;A01;7;0;2;3;0;0;203 731 780;1;1;1;1;1963.0;0;1;0;-1;2;12;2023;10:50;1;78;78650;2;6;1;1;48.901871;2.137702;4;-1;2;0;1;1; -1;1;0;1;50;Indemne;5
202300050204;155 591 499;A01;7;0;2;3;0;0;203 731 780;1;1;1;1;1963.0;0;1;0;-1;2;12;2023;10:50;1;78;78650;2;6;1;1;48.901871;2.137702;4;-1;2;0;1;1; -1;1;0;1;50;Indemne;5
202300050204;155 591 503;B01;1;0;2;0;0;5;203 731 784;1;1;4;1;2006.0;0;2;8;-1;2;12;2023;10:50;1;78;78650;2;6;1;1;48.901871;2.137702;4;-1;2;0;1;1; -1;1;0;1;50;Blessé léger;5
202300050204;155 591 503;B01;1;0;2;0;0;5;203 731 784;1;1;4;1;2006.0;0;2;8;-1;2;12;2023;10:50;1;78;78650;2;6;1;1;48.901871;2.137702;4;-1;2;0;1;1; -1;1;0;1;50;Blessé léger;5
202300050210;155 591 484;A01;7;0;9;1;17;1;203 731 765;1;1;1;1;1955.0;0;1;0;-1;2;12;2023;08:50;1;78;78650;2;1;1;1;48.88588;2.14464;4;-1;2;0;1;1; -1;1;0;1;50;Indemne;5
202300050210;155 591 490;B01;1;0;2;1;1;5;203 731 770;1;1;4;1;1963.0;0;8;0;-1;2;12;2023;08:50;1;78;78650;2;1;1;1;48.88588;2.14464;4;-1;2;0;1;1; -1;1;0;1;50;Blessé léger;5
202300050213;155 591 480;B01;1;0;2;1;0;5;203 731 760;1;1;4;1;2017.0;5;0;-1;-1;17;7;2023;17:50;1;22;22209;2;3;1;3;48.572685;-2.137436;4;2;2;0;1;1; -1;1;0;1;-1;Blessé léger;0
202300050213;155 591 480;B01;1;0;2;1;0;5;203 731 760;1;1;4;1;2017.0;5;0;-1;-1;17;7;2023;17:50;1;22;22209;2;3;1;3;48.572685;-2.137436;4;2;2;0;1;1; -1;1;0;1;20;Blessé léger;0
202300050213;155 591 486;A01;7;0;9;7;1;1;203 731 766;1;1;1;2;1998.0;1;8;-1;-1;17;7;2023;17:50;1;22;22209;2;3;1;3;48.572685;-2.137436;4;2;2;0;1;1; -1;1;0;1;-1;Indemne;0
202300050213;155 591 486;A01;7;0;9;7;1;1;203 731 766;1;1;1;2;1998.0;1;8;-1;-1;17;7;2023;17:50;1;22;22209;2;3;1;3;48.572685;-2.137436;4;2;2;0;1;1; -1;1;0;1;20;Indemne;0
202300050216;155 591 471;C01;37;0;2;8;1;1;203 731 748;1;1;1;1;1961.0;4;1;-1;-1;9;5;2023;14:15;1;29;29019;2;1;1;5;48.39101;-4.48749;4;2;4;0;1;1; -1;1;0;1;50;Indemne;1
202300050216;155 591 472;B01;37;0;0;1;0;0;203 731 750;1;1;1;1;1972.0;4;1;-1;-1;9;5;2023;14:15;1;29;29019;2;1;1;5;48.39101;-4.48749;4;2;4;0;1;1; -1;1;0;1;50;Indemne;1
202300050216;155 591 477;A01;1;0;2;7;13;5;203 731 755;1;1;4;2;1965.0;1;2;-1;-1;9;5;2023;14:15;1;29;29019;2;1;1;5;48.39101;-4.48749;4;2;4;0;1;1; -1;1;0;1;50;Blessé léger;1
202300050219;155 591 464;A01;10;0;2;2;2;1;203 731 740;1;1;1;1;1969.0;4;1;-1;-1;18;7;2023;12:00;1;68;68044;2;1;1;2;48.16996;7.12612;3;2;2;0;2;1;5,5;1;0;1;-1;Indemne;1
202300050219;155 591 469;B01;1;0;0;4;1;5;203 731 746;1;1;3;1;1971.0;5;2;-1;-1;18;7;2023;12:00;1;68;68044;2;1;1;2;48.16996;7.12612;3;2;2;0;2;1;5,5;1;0;1;-1;Blessé hospitalisé;1
202300050221;155 591 467;A01;1;14;0;1;21;5;203 731 741;1;1;4;2;1959.0;9;2;8;-1;16;2;2023;14:40;1;37;37261;2;7;1;6;47.39741;0.68602;4;1;1;3;1;1; -1;1;9;8;50;Blessé léger;3
202300050224;155 591 455;A01;50;0;2;8;13;3;203 731 728;1;1;1;1;1989.0;1;2;8;-1;1;12;2023;07:55;3;77;77284;2;1;8;1;48.955562;2.889993;4;4;2;1;2;1; -1;1;0;5;30;Indemne;4
202300050224;155 591 459;B01;80;0;2;8;0;5;203 731 733;1;1;4;2;1981.0;1;8;0;-1;1;12;2023;07:55;3;77;77284;2;1;8;1;48.955562;2.889993;4;4;2;1;2;1; -1;1;0;5;30;Blessé léger;4
202300050230;155 591 442;B01;10;0;2;5;17;1;203 731 712;2;2;1;1;1971.0;4;1;0;-1;28;9;2023;08:00;2;91;91114;2;1;1;3;48.68949;2.4829;3;2;2;0;1;1; -1;1;0;1;30;Indemne;3
202300050230;155 591 442;B01;10;0;2;5;17;1;203 731 716;1;1;1;1;1978.0;4;1;0;-1;28;9;2023;08:00;2;91;91114;2;1;1;3;48.68949;2.4829;3;2;2;0;1;1; -1;1;0;1;30;Indemne;3
202300050230;155 591 450;A01;80;0;2;3;13;3;203 731 722;1;1;4;1;1960.0;5;2;0;-1;28;9;2023;08:00;2;91;91114;2;1;1;3;48.68949;2.4829;3;2;2;0;1;1; -1;1;0;1;30;Blessé léger;3
202300050236;155 591 433;A01;1;0;2;4;16;5;203 731 700;1;1;4;2;1973.0;0;2;8;-1;27;9;2023;17:30;1;91;91691;2;6;1;2;48.723279;2.499099;4;1;2;0;1;2; -1;1;0;1;50;Blessé léger;2
202300050236;155 591 433;A01;1;0;2;4;16;5;203 731 700;1;1;4;2;1973.0;0;2;8;-1;27;9;2023;17:30;1;91;91691;2;6;1;2;48.723279;2.499099;4;-1;2;0;1;2; -1;1;0;1;50;Blessé léger;2
202300050236;155 591 435;B01;7;0;9;1;16;1;203 731 703;1;1;4;2;1976.0;0;1;0;-1;27;9;2023;17:30;1;91;91691;2;6;1;2;48.723279;2.499099;4;1;2;0;1;2; -1;1;0;1;50;Blessé léger;2
202300050236;155 591 435;B01;7;0;9;1;16;1;203 731 703;1;1;4;2;1976.0;0;1;0;-1;27;9;2023;17:30;1;91;91691;2;6;1;2;48.723279;2.499099;4;-1;2;0;1;2; -1;1;0;1;50;Blessé léger;2
202300050256;155 591 404;A01;1;0;1;1;1;5;203 731 658;10;3;3;1;1952.0;5;0;-1;-1;16;7;2023;09:25;1;56;56067;1;1;1;6;47.739338;-2.860479;3;2;2;0;1;1;4;1;0;1;80;Blessé hospitalisé;6
202300050256;155 591 404;A01;1;0;1;1;1;5;203 731 662;1;1;1;1;1952.0;5;2;4;6;16;7;2023;09:25;1;56;56067;1;1;1;6;47.739338;-2.860479;3;2;2;0;1;1;4;1;0;1;80;Indemne;6
202300050257;155 591 402;B01;80;0;2;1;1;3;203 731 655;1;1;4;2;1976.0;1;2;0;-1;26;9;2023;11:20;1;80;80021;2;1;1;3;49.87527;2.27943;4;-1;4;1;1;1; -1;1;0;1;50;Blessé léger;1
202300050257;155 591 403;A01;7;0;2;1;19;1;203 731 657;1;1;1;1;1952.0;0;1;0;-1;26;9;2023;11:20;1;80;80021;2;1;1;3;49.87527;2.27943;4;-1;4;1;1;1; -1;1;0;1;50;Indemne;1
202300050268;155 591 386;B01;10;0;9;4;14;1;203 731 634;1;1;1;1;1984.0;4;1;0;-1;16;2;2023;10:15;1;14;14118;2;3;1;2;49.178261;-0.362214;4;2;0;0;1;1; -1;1;0;1;50;Indemne;3
202300050268;155 591 386;B01;10;0;9;4;14;1;203 731 634;1;1;1;1;1984.0;4;1;0;-1;16;2;2023;10:15;1;14;14118;2;3;1;2;49.178261;-0.362214;4;2;2;0;1;3; -1;1;5;1;50;Indemne;3
202300050268;155 591 388;A01;1;0;2;1;16;5;203 731 638;1;1;4;1;1979.0;1;2;4;-1;16;2;2023;10:15;1;14;14118;2;3;1;2;49.178261;-0.362214;4;2;0;0;1;1; -1;1;0;1;50;Blessé léger;3
202300050268;155 591 388;A01;1;0;2;1;16;5;203 731 638;1;1;4;1;1979.0;1;2;4;-1;16;2;2023;10:15;1;14;14118;2;3;1;2;49.178261;-0.362214;4;2;2;0;1;3; -1;1;5;1;50;Blessé léger;3
202300050273;155 591 384;B01;1;0;2;7;1;5;203 731 632;1;1;4;2;1976.0;5;8;0;-1;25;8;2023;20:45;5;75;75102;2;5;1;3;48.8695468;2.33152628;4;2;2;0;1;1; -1;1;0;1;30;Blessé léger;4
202300050273;155 591 384;B01;1;0;2;7;1;5;203 731 632;1;1;4;2;1976.0;5;8;0;-1;25;8;2023;20:45;5;75;75102;2;5;1;3;48.8695468;2.33152628;4;2;2;0;1;1; -1;1;0;1;30;Blessé léger;4
202300050274;155 591 373;A01;7;0;2;2;16;1;203 731 618;1;1;1;1;1980.0;5;1;8;-1;2;12;2023;10:30;1;59;59350;2;1;1;3;50.63645;3.05077;4;1;2;2;1;1; -1;1;0;5;50;Indemne;5
202300050274;155 591 373;A01;7;0;2;2;16;1;203 731 620;2;2;1;2;1983.0;5;1;0;-1;2;12;2023;10:30;1;59;59350;2;1;1;3;50.63645;3.05077;4;1;2;2;1;1; -1;1;0;5;50;Indemne;5
202300050274;155 591 373;A01;7;0;2;2;16;1;203 731 622;4;2;1;2;2010.0;0;1;0;-1;2;12;2023;10:30;1;59;59350;2;1;1;3;50.63645;3.05077;4;1;2;2;1;1; -1;1;0;5;50;Indemne;5