Num_Acc;id_vehicule;num_veh;catv;obs;obsm;choc;manv;motor;id_usager;place;catu;grav;sexe;an_nais;trajet;secu1;secu2;secu3;jour;mois;an;hrmn;lum;dep;com;agg;int;atm;col;lat;long;catr;circ;nbv;vosp;prof;plan;larrout;surf;infra;situ;vma;gravity;day_of_week
202300050274;155 591 373;A01;7;0;2;2;16;1;203 731 624;3;2;1;1;2014.0;5;1;0;-1;2;12;2023;10:30;1;59;59350;2;1;1;3;50.63645;3.05077;4;1;2;2;1;1; -1;1;0;5;50;Indemne;5
202300050274;155 591 381;B01;1;0;2;1;1;5;203 731 629;1;1;4;1;1986.0;5;8;0;-1;2;12;2023;10:30;1;59;59350;2;1;1;3;50.63645;3.05077;4;1;2;2;1;1; -1;1;0;5;50;Blessé léger;5
202300050279;155 591 366;A01;7;0;2;1;19;1;203 731 605;1;1;1;1;1941.0;5;1;8;-1;10;5;2023;09:50;1;17;17380;1;2;1;4;45.657171;-1.120533;3;2;2;-1;1;1; -1;1;5;1;80;Indemne;2
202300050279;155 591 366;A01;7;0;2;1;19;1;203 731 605;1;1;1;1;1941.0;5;1;8;-1;10;5;2023;09:50;1;17;17380;1;2;1;4;45.657171;-1.120533;3;2;2;0;1;1;7;1;0;1;80;Indemne;2
202300050279;155 591 368;B01;1;0;2;0;0;5;203 731 609;1;1;4;1;1954.0;5;2;8;-1;10;5;2023;09:50;1;17;17380;1;2;1;4;45.657171;-1.120533;3;2;2;-1;1;1; -1;1;5;1;80;Blessé léger;2
202300050279;155 591 368;B01;1;0;2;0;0;5;203 731 609;1;1;4;1;1954.0;5;2;8;-1;10;5;2023;09:50;1;17;17380;1;2;1;4;45.657171;-1.120533;3;2;2;0;1;1;7;1;0;1;80;Blessé léger;2
202300050279;155 591 371;C01;1;0;2;0;0;5;203 731 616;1;1;4;1;1955.0;5;2;8;-1;10;5;2023;09:50;1;17;17380;1;2;1;4;45.657171;-1.120533;3;2;2;-1;1;1; -1;1;5;1;80;Blessé léger;2
202300050279;155 591 371;C01;1;0;2;0;0;5;203 731 616;1;1;4;1;1955.0;5;2;8;-1;10;5;2023;09:50;1;17;17380;1;2;1;4;45.657171;-1.120533;3;2;2;0;1;1;7;1;0;1;80;Blessé léger;2
202300050295;155 591 336;B01;80;0;2;8;1;3;203 731 566;1;1;1;1;1967.0;1;8;0;-1;24;8;2023;19:40;1;75;75101;2;2;1;3;48.858514;2.348241;4;1;1;1;1;1; -1;1;0;5;30;Indemne;3
202300050295;155 591 336;B01;80;0;2;8;1;3;203 731 566;1;1;1;1;1967.0;1;8;0;-1;24;8;2023;19:40;1;75;75101;2;2;1;3;48.858514;2.348241;4;1;2;1;1;1; -1;1;0;5;30;Indemne;3
202300050295;155 591 339;A01;80;0;0;7;15;3;203 731 570;1;1;4;2;1995.0;1;8;0;-1;24;8;2023;19:40;1;75;75101;2;2;1;3;48.858514;2.348241;4;1;1;1;1;1; -1;1;0;5;30;Blessé léger;3
202300050295;155 591 339;A01;80;0;0;7;15;3;203 731 570;1;1;4;2;1995.0;1;8;0;-1;24;8;2023;19:40;1;75;75101;2;2;1;3;48.858514;2.348241;4;1;2;1;1;1; -1;1;0;5;30;Blessé léger;3
202300050298;155 591 329;A01;1;0;2;1;5;5;203 731 558;1;1;1;1;1993.0;4;8;0;-1;13;6;2023;19:30;1;75;75119;2;3;1;1;48.889304;2.371293;4;-1;2;1;1;1; -1;1;0;5;30;Indemne;1
202300050298;155 591 329;A01;1;0;2;1;5;5;203 731 558;1;1;1;1;1993.0;4;8;0;-1;13;6;2023;19:30;1;75;75119;2;3;1;1;48.889304;2.371293;4;1;3;1;1;1; -1;1;0;5;30;Indemne;1
202300050298;155 591 334;B01;1;0;2;1;1;5;203 731 564;1;1;4;1;1978.0;9;2;8;-1;13;6;2023;19:30;1;75;75119;2;3;1;1;48.889304;2.371293;4;-1;2;1;1;1; -1;1;0;5;30;Blessé léger;1
202300050298;155 591 334;B01;1;0;2;1;1;5;203 731 564;1;1;4;1;1978.0;9;2;8;-1;13;6;2023;19:30;1;75;75119;2;3;1;1;48.889304;2.371293;4;1;3;1;1;1; -1;1;0;5;30;Blessé léger;1
202300050299;155 591 328;A01;80;14;0;1;1;3;203 731 556;1;1;4;1;1982.0;1;8;0;-1;24;8;2023;15:45;1;75;75101;2;7;1;6;48.860109;2.333296;4;1;4;3;1;1; -1;1;0;1;30;Blessé léger;3
202300050315;155 591 299;B01;7;0;2;8;1;1;203 731 515;1;1;4;1;1991.0;5;1;0;-1;26;8;2023;18:00;1;94;94052;2;2;8;3;48.8355;2.49406;2;2;2;0;1;1; -1;2;5;1;50;Blessé léger;5
202300050315;155 591 299;B01;7;0;2;8;1;1;203 731 515;1;1;4;1;1991.0;5;1;0;-1;26;8;2023;18:00;1;94;94052;2;2;8;3;48.8355;2.49406;2;2;2;0;1;1; -1;2;0;1;50;Blessé léger;5
202300050315;155 591 305;A01;1;0;2;1;15;5;203 731 524;1;1;4;2;1999.0;5;8;0;-1;26;8;2023;18:00;1;94;94052;2;2;8;3;48.8355;2.49406;2;2;2;0;1;1; -1;2;5;1;50;Blessé léger;5
202300050315;155 591 305;A01;1;0;2;1;15;5;203 731 524;1;1;4;2;1999.0;5;8;0;-1;26;8;2023;18:00;1;94;94052;2;2;8;3;48.8355;2.49406;2;2;2;0;1;1; -1;2;0;1;50;Blessé léger;5
202300050318;155 591 291;A01;7;0;2;2;1;1;203 731 500;1;1;1;1;1981.0;0;1;0;-1;27;9;2023;19:30;2;72;72181;2;1;1;3;47.96339;0.22129;3;2;3;1;2;3; -1;1;5;5;50;Indemne;2
202300050318;155 591 294;B01;1;0;2;5;19;5;203 731 507;1;1;4;1;1972.0;1;2;4;-1;27;9;2023;19:30;2;72;72181;2;1;1;3;47.96339;0.22129;3;2;3;1;2;3; -1;1;5;5;50;Blessé léger;2
202300050332;155 591 267;B01;1;0;0;0;1;5;203 731 468;1;1;1;1;1998.0;5;8;0;-1;13;6;2023;11:27;1;75;75113;2;7;1;7;48.843677;2.365541;4;2;6;1;1;1; -1;1;0;5;30;Indemne;1
202300050332;155 591 267;B01;1;0;0;0;1;5;203 731 468;1;1;1;1;1998.0;5;8;0;-1;13;6;2023;11:27;1;75;75113;2;7;1;7;48.843677;2.365541;4;2;5;3;1;1; -1;1;0;5;30;Indemne;1
202300050332;155 591 270;A01;2;0;0;0;16;1;203 731 473;1;1;4;1;1962.0;9;2;0;-1;13;6;2023;11:27;1;75;75113;2;7;1;7;48.843677;2.365541;4;2;6;1;1;1; -1;1;0;5;30;Blessé léger;1
202300050332;155 591 270;A01;2;0;0;0;16;1;203 731 473;1;1;4;1;1962.0;9;2;0;-1;13;6;2023;11:27;1;75;75113;2;7;1;7;48.843677;2.365541;4;2;5;3;1;1; -1;1;0;5;30;Blessé léger;1
202300050335;155 591 261;B01;7;0;2;4;23;1;203 731 461;1;1;1;1;1939.0;5;1;-1;-1;28;9;2023;09:50;1;69;69264;2;1;1;2;45.99797;4.71076;3;2;2;2;1;1; -1;1;0;1;50;Indemne;3
202300050335;155 591 264;A01;1;1;2;1;2;5;203 731 465;1;1;4;1;1983.0;5;8;-1;-1;28;9;2023;09:50;1;69;69264;2;1;1;2;45.99797;4.71076;3;2;2;2;1;1; -1;1;0;1;50;Blessé léger;3
202300050337;155 591 256;A01;1;0;2;8;15;5;203 731 455;1;1;4;2;1999.0;9;8;0;-1;13;6;2023;23:15;5;75;75112;2;3;1;3;48.849611;2.374275;4;2;2;0;1;1; -1;1;0;1;30;Blessé léger;1
202300050337;155 591 256;A01;1;0;2;8;15;5;203 731 455;1;1;4;2;1999.0;9;8;0;-1;13;6;2023;23:15;5;75;75112;2;3;1;3;48.849611;2.374275;4;1; -1;0;1;1; -1;1;0;1;30;Blessé léger;1
202300050337;155 591 259;B01;31;0;2;1;2;3;203 731 459;1;1;4;1;1991.0;9;2;8;-1;13;6;2023;23:15;5;75;75112;2;3;1;3;48.849611;2.374275;4;2;2;0;1;1; -1;1;0;1;30;Blessé léger;1
202300050337;155 591 259;B01;31;0;2;1;2;3;203 731 459;1;1;4;1;1991.0;9;2;8;-1;13;6;2023;23:15;5;75;75112;2;3;1;3;48.849611;2.374275;4;1; -1;0;1;1; -1;1;0;1;30;Blessé léger;1
202300050338;155 591 257;A01;7;0;2;3;1;1;203 731 456;1;1;1;1;1984.0;5;1;-1;-1;17;7;2023;17:35;1;29;29072;2;2;1;3;47.797251;-4.278708;4;2;2;0;1;1; -1;1;0;1;30;Indemne;0
202300050338;155 591 262;B01;1;0;2;1;19;5;203 731 463;1;1;4;1;2006.0;5;0;-1;-1;17;7;2023;17:35;1;29;29072;2;2;1;3;47.797251;-4.278708;4;2;2;0;1;1; -1;1;0;1;30;Blessé léger;0
202300050343;155 591 247;B01;1;0;2;7;1;5;203 731 445;1;1;4;1;1970.0;1;2;-1;-1;28;9;2023;07:30;1;69;69290;2;6;1;3;45.7168;4.9581;7;1;2;0;1;2; -1;1;0;1;50;Blessé léger;3
202300050343;155 591 247;B01;1;0;2;7;1;5;203 731 445;1;1;4;1;1970.0;1;2;-1;-1;28;9;2023;07:30;1;69;69290;2;6;1;3;45.7168;4.9581;7;2;2;2;1;1; -1;1;0;5;50;Blessé léger;3
202300050343;155 591 253;A01;7;0;2;3;9;1;203 731 453;1;1;1;2;1970.0;1;1;-1;-1;28;9;2023;07:30;1;69;69290;2;6;1;3;45.7168;4.9581;7;1;2;0;1;2; -1;1;0;1;50;Indemne;3
202300050343;155 591 253;A01;7;0;2;3;9;1;203 731 453;1;1;1;2;1970.0;1;1;-1;-1;28;9;2023;07:30;1;69;69290;2;6;1;3;45.7168;4.9581;7;2;2;2;1;1; -1;1;0;5;50;Indemne;3
202300050344;155 591 246;B01;1;0;2;6;11;5;203 731 443;1;1;1;1;1951.0;5;2;0;-1;13;6;2023;16:58;1;75;75111;2;4;1;3;48.854505;2.378044;4;2;2;0;1;1; -1;1;0;1;30;Indemne;1
202300050344;155 591 246;B01;1;0;2;6;11;5;203 731 443;1;1;1;1;1951.0;5;2;0;-1;13;6;2023;16:58;1;75;75111;2;4;1;3;48.854505;2.378044;4;2;2;0;1;1; -1;1;0;1;30;Indemne;1
202300050344;155 591 248;A01;31;0;2;2;1;1;203 731 446;1;1;4;1;1962.0;9;2;8;-1;13;6;2023;16:58;1;75;75111;2;4;1;3;48.854505;2.378044;4;2;2;0;1;1; -1;1;0;1;30;Blessé léger;1
202300050344;155 591 248;A01;31;0;2;2;1;1;203 731 446;1;1;4;1;1962.0;9;2;8;-1;13;6;2023;16:58;1;75;75111;2;4;1;3;48.854505;2.378044;4;2;2;0;1;1; -1;1;0;1;30;Blessé léger;1
202300050356;155 591 222;B01;80;0;2;7;1;3;203 731 411;1;1;4;2;1984.0;9;8;0;-1;13;6;2023;14:20;1;75;75109;2;2;1;1;48.874356;2.338153;4;1;4;3;1;1; -1;1;0;1;30;Blessé léger;1
202300050356;155 591 222;B01;80;0;2;7;1;3;203 731 411;1;1;4;2;1984.0;9;8;0;-1;13;6;2023;14:20;1;75;75109;2;2;1;1;48.874356;2.338153;4;1;1;1;1;1; -1;1;0;1;30;Blessé léger;1
202300050356;155 591 225;A01;7;0;2;1;15;1;203 731 414;1;1;1;2;1986.0;5;1;0;-1;13;6;2023;14:20;1;75;75109;2;2;1;1;48.874356;2.338153;4;1;4;3;1;1; -1;1;0;1;30;Indemne;1
202300050356;155 591 225;A01;7;0;2;1;15;1;203 731 414;1;1;1;2;1986.0;5;1;0;-1;13;6;2023;14:20;1;75;75109;2;2;1;1;48.874356;2.338153;4;1;1;1;1;1; -1;1;0;1;30;Indemne;1
202300050359;155 591 217;A01;15;0;2;1;16;1;203 731 404;1;1;1;1;1969.0;4;1;8;-1;28;9;2023;08:55;1;67;67447;2;3;1;1;48.60317176;7.75679559;4;2;2;2;1;1; -1;1;0;1;50;Indemne;3
202300050359;155 591 217;A01;15;0;2;1;16;1;203 731 404;1;1;1;1;1969.0;4;1;8;-1;28;9;2023;08:55;1;67;67447;2;3;1;1;48.60317176;7.75679559;4;2;2;0;1;1; -1;1;0;1;50;Indemne;3
202300050359;155 591 221;B01;1;0;2;8;1;5;203 731 412;1;1;4;2;2001.0;0;8;0;-1;28;9;2023;08:55;1;67;67447;2;3;1;1;48.60317176;7.75679559;4;2;2;2;1;1; -1;1;0;1;50;Blessé léger;3
202300050359;155 591 221;B01;1;0;2;8;1;5;203 731 412;1;1;4;2;2001.0;0;8;0;-1;28;9;2023;08:55;1;67;67447;2;3;1;1;48.60317176;7.75679559;4;2;2;0;1;1; -1;1;0;1;50;Blessé léger;3
202300050361;155 591 214;B01;1;0;2;7;2;5;203 731 401;1;1;3;2;1993.0;1;8;0;-1;13;6;2023;07:45;1;75;75108;2;7;1;3;48.864244;2.301478;4;2;4;1;1;1; -1;1;0;5;30;Blessé hospitalisé;1
202300050361;155 591 214;B01;1;0;2;7;2;5;203 731 401;1;1;3;2;1993.0;1;8;0;-1;13;6;2023;07:45;1;75;75108;2;7;1;3;48.864244;2.301478;4;2;6;1;1;1; -1;1;0;5;30;Blessé hospitalisé;1
202300050361;155 591 216;A01;7;0;2;1;1;2;203 731 405;5;2;1;2;2001.0;9;1;0;-1;13;6;2023;07:45;1;75;75108;2;7;1;3;48.864244;2.301478;4;2;4;1;1;1; -1;1;0;5;30;Indemne;1
202300050361;155 591 216;A01;7;0;2;1;1;2;203 731 405;5;2;1;2;2001.0;9;1;0;-1;13;6;2023;07:45;1;75;75108;2;7;1;3;48.864244;2.301478;4;2;6;1;1;1; -1;1;0;5;30;Indemne;1
202300050361;155 591 216;A01;7;0;2;1;1;2;203 731 406;1;1;1;1;1964.0;4;1;0;-1;13;6;2023;07:45;1;75;75108;2;7;1;3;48.864244;2.301478;4;2;4;1;1;1; -1;1;0;5;30;Indemne;1
202300050361;155 591 216;A01;7;0;2;1;1;2;203 731 406;1;1;1;1;1964.0;4;1;0;-1;13;6;2023;07:45;1;75;75108;2;7;1;3;48.864244;2.301478;4;2;6;1;1;1; -1;1;0;5;30;Indemne;1
202300050366;155 591 205;B01;7;0;2;2;1;1;203 731 388;1;1;1;1;1986.0;1;1;8;-1;12;6;2023;23:44;5;75;75108;2;3;1;3;48.867779;2.31396;4;2;4;0;1;1; -1;1;0;1;50;Indemne;0
202300050366;155 591 205;B01;7;0;2;2;1;1;203 731 388;1;1;1;1;1986.0;1;1;8;-1;12;6;2023;23:44;5;75;75108;2;3;1;3;48.867779;2.31396;4;2;4;0;1;1; -1;1;0;1;50;Indemne;0
202300050366;155 591 208;A01;1;0;2;1;19;5;203 731 392;1;1;4;1;1998.0;5;8;0;-1;12;6;2023;23:44;5;75;75108;2;3;1;3;48.867779;2.31396;4;2;4;0;1;1; -1;1;0;1;50;Blessé léger;0
202300050366;155 591 208;A01;1;0;2;1;19;5;203 731 392;1;1;4;1;1998.0;5;8;0;-1;12;6;2023;23:44;5;75;75108;2;3;1;3;48.867779;2.31396;4;2;4;0;1;1; -1;1;0;1;50;Blessé léger;0
202300050370;155 591 199;A01;7;0;2;1;2;2;203 731 381;1;1;1;1;1973.0;5;1;0;-1;13;6;2023;08:58;1;75;75107;2;2;1;1;48.846967;2.316806;4;2;3;1;1;1; -1;1;0;1;30;Indemne;1
202300050370;155 591 199;A01;7;0;2;1;2;2;203 731 381;1;1;1;1;1973.0;5;1;0;-1;13;6;2023;08:58;1;75;75107;2;2;1;1;48.846967;2.316806;4;2;2;0;1;1; -1;1;0;1;30;Indemne;1
202300050370;155 591 200;B01;1;0;2;8;17;5;203 731 383;1;1;3;1;2002.0;5;2;0;-1;13;6;2023;08:58;1;75;75107;2;2;1;1;48.846967;2.316806;4;2;3;1;1;1; -1;1;0;1;30;Blessé hospitalisé;1
202300050370;155 591 200;B01;1;0;2;8;17;5;203 731 383;1;1;3;1;2002.0;5;2;0;-1;13;6;2023;08:58;1;75;75107;2;2;1;1;48.846967;2.316806;4;2;2;0;1;1; -1;1;0;1;30;Blessé hospitalisé;1
202300050371;155 591 194;C01;7;0;2;4;1;0;203 731 377;1;1;1;1;1976.0;0;1;0;-1;14;2;2023;16:45;1;91;91477;2;1;1;5;48.71306;2.244414;4;2;2;2;1;1; -1;1;0;1;50;Indemne;1
202300050371;155 591 195;B01;7;1;0;0;26;0;203 731 378;1;1;1;1;1986.0;0;1;0;-1;14;2;2023;16:45;1;91;91477;2;1;1;5;48.71306;2.244414;4;2;2;2;1;1; -1;1;0;1;50;Indemne;1
202300050371;155 591 196;A01;1;0;2;1;2;5;203 731 379;1;1;4;2;1974.0;0;8;0;-1;14;2;2023;16:45;1;91;91477;2;1;1;5;48.71306;2.244414;4;2;2;2;1;1; -1;1;0;1;50;Blessé léger;1
202300050376;155 591 185;A01;7;0;9;1;1;1;203 731 366;1;1;1;1;1935.0;5;1;-1;-1;17;7;2023;11:05;1;85;85234;2;1;1;1;46.772636;-2.030515;4;2;2;0;1;1; -1;1;0;1;50;Indemne;0
202300050376;155 591 188;B01;1;0;2;3;1;5;203 731 369;1;1;4;1;1958.0;5;2;-1;-1;17;7;2023;11:05;1;85;85234;2;1;1;1;46.772636;-2.030515;4;2;2;0;1;1; -1;1;0;1;50;Blessé léger;0
202300050377;155 591 186;B01;7;0;2;1;1;1;203 731 367;1;1;1;1;1999.0;0;1;0;-1;15;2;2023;15:35;1;91;91479;2;2;1;1;48.7087;2.36657;4;2;2;0;1;1; -1;1;0;1;50;Indemne;2
202300050377;155 591 186;B01;7;0;2;1;1;1;203 731 367;1;1;1;1;1999.0;0;1;0;-1;15;2;2023;15:35;1;91;91479;2;2;1;1;48.7087;2.36657;4;2;1;0;1;1; -1;1;0;1;50;Indemne;2
202300050377;155 591 191;A01;1;0;2;8;1;5;203 731 372;1;1;4;1;1993.0;0;8;0;-1;15;2;2023;15:35;1;91;91479;2;2;1;1;48.7087;2.36657;4;2;2;0;1;1; -1;1;0;1;50;Blessé léger;2
202300050377;155 591 191;A01;1;0;2;8;1;5;203 731 372;1;1;4;1;1993.0;0;8;0;-1;15;2;2023;15:35;1;91;91479;2;2;1;1;48.7087;2.36657;4;2;1;0;1;1; -1;1;0;1;50;Blessé léger;2
202300050382;155 591 173;B01;1;0;2;1;1;5;203 731 348;1;1;3;1;1962.0;5;2;-1;-1;7;1;2023;14:50;1;974;97418;2;6;1;1;-20.896549;55.543935;3;3;2;1;4;2; -1;1;0;5;50;Blessé hospitalisé;5
202300050382;155 591 176;A01;7;0;9;3;1;0;203 731 351;4;2;1;1;2006.0;5;1;-1;-1;7;1;2023;14:50;1;974;97418;2;6;1;1;-20.896549;55.543935;3;3;2;1;4;2; -1;1;0;5;50;Indemne;5
202300050382;155 591 176;A01;7;0;9;3;1;0;203 731 353;1;1;1;2;1997.0;5;1;-1;-1;7;1;2023;14:50;1;974;97418;2;6;1;1;-20.896549;55.543935;3;3;2;1;4;2; -1;1;0;5;50;Indemne;5
202300050382;155 591 176;A01;7;0;9;3;1;0;203 731 356;2;2;1;1;1952.0;5;1;-1;-1;7;1;2023;14:50;1;974;97418;2;6;1;1;-20.896549;55.543935;3;3;2;1;4;2; -1;1;0;5;50;Indemne;5
202300050382;155 591 176;A01;7;0;9;3;1;0;203 731 358;3;2;1;2;1997.0;5;1;-1;-1;7;1;2023;14:50;1;974;97418;2;6;1;1;-20.896549;55.543935;3;3;2;1;4;2; -1;1;0;5;50;Indemne;5
202300050385;155 591 174;A01;7;0;2;1;2;1;203 731 350;1;1;1;1;1938.0;0;1;8;-1;27;9;2023;10:30;1;64;64284;2;6;1;2;43.286564;-0.389423;4;1;2;0;1;2;5,5;1;0;1;50;Indemne;2
202300050385;155 591 174;A01;7;0;2;1;2;1;203 731 350;1;1;1;1;1938.0;0;1;8;-1;27;9;2023;10:30;1;64;64284;2;6;1;2;43.286564;-0.389423;4;2;2;0;1;1;5,5;1;0;1;50;Indemne;2
202300050385;155 591 184;B01;1;0;2;4;2;5;203 731 365;1;1;3;2;1961.0;5;2;4;-1;27;9;2023;10:30;1;64;64284;2;6;1;2;43.286564;-0.389423;4;1;2;0;1;2;5,5;1;0;1;50;Blessé hospitalisé;2
202300050385;155 591 184;B01;1;0;2;4;2;5;203 731 365;1;1;3;2;1961.0;5;2;4;-1;27;9;2023;10:30;1;64;64284;2;6;1;2;43.286564;-0.389423;4;2;2;0;1;1;5,5;1;0;1;50;Blessé hospitalisé;2
202300050407;155 591 128;A01;7;0;2;2;19;1;203 731 301;1;1;1;1;1978.0;0;1;-1;-1;6;1;2023;18:12;2;22;22026;1;2;2;1;48.404755;-2.041652;3;2;2;0;1;1;5;1;0;1;90;Indemne;4
202300050407;155 591 128;A01;7;0;2;2;19;1;203 731 301;1;1;1;1;1978.0;0;1;-1;-1;6;1;2023;18:12;2;22;22026;1;2;2;1;48.404755;-2.041652;3;2;2;0;1;1;5;1;0;1;50;Indemne;4
202300050407;155 591 133;B01;1;0;2;3;1;5;203 731 306;1;1;4;1;1981.0;5;2;4;9;6;1;2023;18:12;2;22;22026;1;2;2;1;48.404755;-2.041652;3;2;2;0;1;1;5;1;0;1;90;Blessé léger;4
202300050407;155 591 133;B01;1;0;2;3;1;5;203 731 306;1;1;4;1;1981.0;5;2;4;9;6;1;2023;18:12;2;22;22026;1;2;2;1;48.404755;-2.041652;3;2;2;0;1;1;5;1;0;1;50;Blessé léger;4
202300050421;155 591 095;A01;80;0;2;1;1;2;203 731 261;1;1;4;1;1973.0;9;8;0;-1;13;6;2023;17:10;1;93;93055;2;2;1;3;48.8915367;2.41658811;4;1;1;2;2;1; -1;1;0;5;50;Blessé léger;1
202300050421;155 591 095;A01;80;0;2;1;1;2;203 731 261;1;1;4;1;1973.0;9;8;0;-1;13;6;2023;17:10;1;93;93055;2;2;1;3;48.8915367;2.41658811;4;1;1;2;1;1; -1;1;0;5;50;Blessé léger;1
202300050421;155 591 099;B01;7;0;2;2;15;1;203 731 263;1;1;1;2;1994.0;0;1;0;-1;13;6;2023;17:10;1;93;93055;2;2;1;3;48.8915367;2.41658811;4;1;1;2;2;1; -1;1;0;5;50;Indemne;1
202300050421;155 591 099;B01;7;0;2;2;15;1;203 731 263;1;1;1;2;1994.0;0;1;0;-1;13;6;2023;17:10;1;93;93055;2;2;1;3;48.8915367;2.41658811;4;1;1;2;1;1; -1;1;0;5;50;Indemne;1
202300050451;155 591 035;B01;1;0;2;7;26;5;203 731 189;1;1;4;1;1960.0;5;2;0;-1;15;2;2023;16:00;1;59;59295;2;6;1;3;50.73190438;2.52879471;4;2;0;0;1;1; -1;1;0;1;50;Blessé léger;2
202300050451;155 591 035;B01;1;0;2;7;26;5;203 731 189;1;1;4;1;1960.0;5;2;0;-1;15;2;2023;16:00;1;59;59295;2;6;1;3;50.73190438;2.52879471;4;-1;2;0;1;1; -1;1;0;1;50;Blessé léger;2
202300050451;155 591 037;A01;7;0;2;1;1;1;203 731 192;1;1;1;1;1956.0;5;1;0;-1;15;2;2023;16:00;1;59;59295;2;6;1;3;50.73190438;2.52879471;4;2;0;0;1;1; -1;1;0;1;50;Indemne;2
202300050451;155 591 037;A01;7;0;2;1;1;1;203 731 192;1;1;1;1;1956.0;5;1;0;-1;15;2;2023;16:00;1;59;59295;2;6;1;3;50.73190438;2.52879471;4;-1;2;0;1;1; -1;1;0;1;50;Indemne;2
202300050452;155 591 033;A01;7;0;2;7;1;1;203 731 188;1;1;1;2;1974.0;4;1;1;1;5;1;2023;18:27;1;988;98818;2;2;1;3;-22.26879;166.44058;4;2;2;0;1;1; -1;1;5;1;50;Indemne;3
202300050452;155 591 033;A01;7;0;2;7;1;1;203 731 188;1;1;1;2;1974.0;4;1;1;1;5;1;2023;18:27;1;988;98818;2;2;1;3;-22.26879;166.44058;4;2;2;3;1;1; -1;1;5;1;50;Indemne;3
202300050452;155 591 036;B01;1;0;2;4;19;5;203 731 191;1;1;4;1;1967.0;0;0;0;0;5;1;2023;18:27;1;988;98818;2;2;1;3;-22.26879;166.44058;4;2;2;0;1;1; -1;1;5;1;50;Blessé léger;3
202300050452;155 591 036;B01;1;0;2;4;19;5;203 731 191;1;1;4;1;1967.0;0;0;0;0;5;1;2023;18:27;1;988;98818;2;2;1;3;-22.26879;166.44058;4;2;2;3;1;1; -1;1;5;1;50;Blessé léger;3
202300050459;155 591 020;A01;7;0;2;1;9;1;203 731 168;1;1;1;2;1975.0;1;1;0;-1;5;1;2023;06:55;1;974;97407;1;9;1;2;-20.9437;55.32626;2;1;0;0;1;1; -1;1;0;1;110;Indemne;3
202300050459;155 591 023;B01;1;0;2;4;0;5;203 731 171;1;1;4;1;1949.0;0;2;4;-1;5;1;2023;06:55;1;974;97407;1;9;1;2;-20.9437;55.32626;2;1;0;0;1;1; -1;1;0;1;110;Blessé léger;3
202300050462;155 591 018;B01;1;0;2;1;1;5;203 731 166;1;1;4;1;1966.0;5;8;0;-1;28;9;2023;17:20;1;58;58194;2;6;1;3;46.9871;3.16171;4;2;2;0;1;1; -1;1;0;1;30;Blessé léger;3
202300050462;155 591 018;B01;1;0;2;1;1;5;203 731 166;1;1;4;1;1966.0;5;8;0;-1;28;9;2023;17:20;1;58;58194;2;6;1;3;46.9871;3.16171;4;1;2;0;1;1; -1;1;0;1;30;Blessé léger;3
202300050462;155 591 024;A01;7;0;2;1;9;1;203 731 172;1;1;1;1;1968.0;9;1;0;-1;28;9;2023;17:20;1;58;58194;2;6;1;3;46.9871;3.16171;4;2;2;0;1;1; -1;1;0;1;30;Indemne;3
202300050462;155 591 024;A01;7;0;2;1;9;1;203 731 172;1;1;1;1;1968.0;9;1;0;-1;28;9;2023;17:20;1;58;58194;2;6;1;3;46.9871;3.16171;4;1;2;0;1;1; -1;1;0;1;30;Indemne;3
202300050481;155 590 988;A01;80;0;2;3;5;3;203 731 123;1;1;2;1;1948.0;5;2;-1;-1;18;7;2023;15:00;1;73;73256;1;1;1;1;45.199382;6.461686;3;2;2;0;2;3;5,5;1;0;1;80;Tué;1
202300050481;155 590 991;B01;7;0;2;3;1;1;203 731 126;1;1;1;1;1995.0;5;8;-1;-1;18;7;2023;15:00;1;73;73256;1;1;1;1;45.199382;6.461686;3;2;2;0;2;3;5,5;1;0;1;80;Indemne;1
202300050481;155 590 991;B01;7;0;2;3;1;1;203 731 129;2;2;1;2;1996.0;5;8;-1;-1;18;7;2023;15:00;1;73;73256;1;1;1;1;45.199382;6.461686;3;2;2;0;2;3;5,5;1;0;1;80;Indemne;1
202300050486;155 590 982;A01;10;0;2;1;15;1;203 731 116;1;1;1;1;1987.0;0;1;0;-1;27;9;2023;15:10;1;54;54382;2;4;1;3;49.5408;5.78788;4;2;2;0;2;3; -1;1;0;1;50;Indemne;2
202300050486;155 590 982;A01;10;0;2;1;15;1;203 731 116;1;1;1;1;1987.0;0;1;0;-1;27;9;2023;15:10;1;54;54382;2;4;1;3;49.5408;5.78788;4;2;2;0;1;1; -1;1;0;1;50;Indemne;2
202300050486;155 590 992;B01;1;0;2;8;1;5;203 731 128;1;1;4;1;1959.0;5;8;0;-1;27;9;2023;15:10;1;54;54382;2;4;1;3;49.5408;5.78788;4;2;2;0;2;3; -1;1;0;1;50;Blessé léger;2
202300050486;155 590 992;B01;1;0;2;8;1;5;203 731 128;1;1;4;1;1959.0;5;8;0;-1;27;9;2023;15:10;1;54;54382;2;4;1;3;49.5408;5.78788;4;2;2;0;1;1; -1;1;0;1;50;Blessé léger;2