Num_Acc;id_vehicule;num_veh;catv;obs;obsm;choc;manv;motor;id_usager;place;catu;grav;sexe;an_nais;trajet;secu1;secu2;secu3;jour;mois;an;hrmn;lum;dep;com;agg;int;atm;col;lat;long;catr;circ;nbv;vosp;prof;plan;larrout;surf;infra;situ;vma;gravity;day_of_week
202300050512;155 590 938;A01;1;0;2;1;1;5;203 731 060;1;1;4;1;1991.0;4;8;0;-1;28;9;2023;12:30;1;49;49007;2;2;1;3;47.47218;-0.54064;4;2;4;2;1;1; -1;1;0;1;30;Blessé léger;3
202300050512;155 590 938;A01;1;0;2;1;1;5;203 731 060;1;1;4;1;1991.0;4;8;0;-1;28;9;2023;12:30;1;49;49007;2;2;1;3;47.47218;-0.54064;4;2;3;2;1;1; -1;1;0;1;30;Blessé léger;3
202300050512;155 590 941;B01;7;0;2;7;16;1;203 731 062;1;1;1;1;1970.0;4;8;0;-1;28;9;2023;12:30;1;49;49007;2;2;1;3;47.47218;-0.54064;4;2;4;2;1;1; -1;1;0;1;30;Indemne;3
202300050512;155 590 941;B01;7;0;2;7;16;1;203 731 062;1;1;1;1;1970.0;4;8;0;-1;28;9;2023;12:30;1;49;49007;2;2;1;3;47.47218;-0.54064;4;2;3;2;1;1; -1;1;0;1;30;Indemne;3
202300050525;155 590 909;A01;7;0;2;3;9;1;203 731 022;1;1;1;1;1936.0;3;1;-1;-1;14;6;2023;11:20;1;68;68366;1;6;7;3;48.109892;7.43853;3;2;2;0;1;2;6;1;5;1;70;Indemne;2
202300050525;155 590 913;B01;1;0;2;7;2;5;203 731 027;1;1;3;1;1976.0;5;0;-1;-1;14;6;2023;11:20;1;68;68366;1;6;7;3;48.109892;7.43853;3;2;2;0;1;2;6;1;5;1;70;Blessé hospitalisé;2
202300050528;155 590 905;B01;1;0;2;1;1;5;203 731 017;1;1;4;2;1995.0;0;8;0;-1;5;1;2023;19:00;5;73;73008;2;3;1;1;45.68593409;5.9130089;4;1;1;0;1;1; -1;1;0;1;30;Blessé léger;3
202300050528;155 590 905;B01;1;0;2;1;1;5;203 731 017;1;1;4;2;1995.0;0;8;0;-1;5;1;2023;19:00;5;73;73008;2;3;1;1;45.68593409;5.9130089;4;-1;2;0;2;1; -1;1;0;1;50;Blessé léger;3
202300050528;155 590 907;A01;7;0;2;1;15;1;203 731 019;1;1;1;1;1980.0;0;8;0;-1;5;1;2023;19:00;5;73;73008;2;3;1;1;45.68593409;5.9130089;4;1;1;0;1;1; -1;1;0;1;30;Indemne;3
202300050528;155 590 907;A01;7;0;2;1;15;1;203 731 019;1;1;1;1;1980.0;0;8;0;-1;5;1;2023;19:00;5;73;73008;2;3;1;1;45.68593409;5.9130089;4;-1;2;0;2;1; -1;1;0;1;50;Indemne;3
202300050532;155 590 901;A01;80;10;0;1;21;3;203 731 012;1;1;4;2;1964.0;1;8;0;-1;28;9;2023;17:40;1;41;41018;2;1;1;7;47.59383;1.33804;4;1;4;1;1;1; -1;1;0;4;30;Blessé léger;3
202300050536;155 590 894;A01;1;0;0;8;1;5;203 731 005;1;1;3;2;1940.0;5;8;0;-1;5;1;2023;09:05;1;72;72181;2;1;2;7;48.00351;0.20233;4;2;2;1;1;1; -1;2;0;5;50;Blessé hospitalisé;3
202300050545;155 590 876;B01;1;0;2;0;0;5;203 730 983;1;1;4;1;1972.0;0;2;0;-1;4;1;2023;12:05;1;72;72181;2;1;1;1;48.0331;0.17437;4;2;0;2;1;1; -1;2;0;5;50;Blessé léger;2
202300050545;155 590 879;A01;7;0;9;0;17;1;203 730 986;1;1;1;2;1978.0;0;1;0;-1;4;1;2023;12:05;1;72;72181;2;1;1;1;48.0331;0.17437;4;2;0;2;1;1; -1;2;0;5;50;Indemne;2
202300050554;155 590 864;A01;7;0;2;4;15;1;203 730 967;1;1;1;2;1981.0;0;1;0;-1;5;1;2023;11:50;1;64;64102;2;1;1;2;43.4814;-1.48233;4;1;1;0;1;2; -1;1;0;1;50;Indemne;3
202300050554;155 590 865;B01;80;0;2;4;15;3;203 730 970;1;1;4;2;1965.0;0;2;0;-1;5;1;2023;11:50;1;64;64102;2;1;1;2;43.4814;-1.48233;4;1;1;0;1;2; -1;1;0;1;50;Blessé léger;3
202300050563;155 590 846;A01;7;0;2;7;1;1;203 730 940;1;1;1;1;1973.0;1;1;0;-1;28;9;2023;08:05;1;37;37261;2;9;1;3;47.39622;0.68402;4;1;1;0;1;2; -1;1;9;1;30;Indemne;3
202300050563;155 590 846;A01;7;0;2;7;1;1;203 730 940;1;1;1;1;1973.0;1;1;0;-1;28;9;2023;08:05;1;37;37261;2;9;1;3;47.39622;0.68402;4;2;2;1;1;1; -1;1;9;1;30;Indemne;3
202300050563;155 590 850;B01;1;0;2;7;1;5;203 730 945;1;1;4;1;1975.0;1;2;0;-1;28;9;2023;08:05;1;37;37261;2;9;1;3;47.39622;0.68402;4;1;1;0;1;2; -1;1;9;1;30;Blessé léger;3
202300050563;155 590 850;B01;1;0;2;7;1;5;203 730 945;1;1;4;1;1975.0;1;2;0;-1;28;9;2023;08:05;1;37;37261;2;9;1;3;47.39622;0.68402;4;2;2;1;1;1; -1;1;9;1;30;Blessé léger;3
202300050568;155 590 836;B01;1;1;0;7;1;5;203 730 921;1;1;4;2;2000.0;0;8;-1;-1;28;9;2023;12:35;1;35;35238;2;1;1;3;48.11219385;-1.69323295;4;-1;3;2;1;1; -1;1;0;1;30;Blessé léger;3
202300050568;155 590 840;A01;7;0;2;2;0;1;203 730 927;1;1;1;1;1968.0;4;1;-1;-1;28;9;2023;12:35;1;35;35238;2;1;1;3;48.11219385;-1.69323295;4;-1;3;2;1;1; -1;1;0;1;30;Indemne;3
202300050573;155 590 826;A01;7;0;2;1;1;1;203 730 908;1;1;1;2;2003.0;0;1;0;-1;5;1;2023;15:00;1;59;59512;2;1;2;3;50.69476;3.1788;7;-1;2;2;1;1; -1;2;0;1;50;Indemne;3
202300050573;155 590 828;B01;1;0;2;8;16;5;203 730 910;1;1;4;1;1988.0;0;8;0;-1;5;1;2023;15:00;1;59;59512;2;1;2;3;50.69476;3.1788;7;-1;2;2;1;1; -1;2;0;1;50;Blessé léger;3
202300050574;155 590 825;A01;7;0;2;3;1;1;203 730 907;1;1;1;1;1972.0;1;1;-1;-1;28;9;2023;07:25;5;35;35238;2;1;1;1;48.12301;-1.70727;4;2;2;0;1;1; -1;1;0;1;30;Indemne;3
202300050574;155 590 829;B01;1;0;2;1;1;5;203 730 911;1;1;4;1;1967.0;1;2;-1;-1;28;9;2023;07:25;5;35;35238;2;1;1;1;48.12301;-1.70727;4;2;2;0;1;1; -1;1;0;1;30;Blessé léger;3
202300050595;155 590 793;B01;1;0;2;8;1;5;203 730 862;1;1;4;1;1996.0;9;2;0;-1;15;2;2023;20:35;5;75;75109;2;3;1;3;48.869951;2.328042;4;4;4;3;1;1; -1;1;-1;6;30;Blessé léger;2
202300050595;155 590 793;B01;1;0;2;8;1;5;203 730 862;1;1;4;1;1996.0;9;2;0;-1;15;2;2023;20:35;5;75;75109;2;3;1;3;48.869951;2.328042;4;1; -1;-1;1;1; -1;1;-1;6;-1;Blessé léger;2
202300050599;155 590 786;A01;1;1;0;1;1;5;203 730 849;1;1;4;1;1970.0;1;2;0;-1;16;2;2023;19:48;2;75;75108;2;2;1;6;48.873896;2.315906;4;1; -1;-1;1;1; -1;1;0;1;-1;Blessé léger;3
202300050599;155 590 786;A01;1;1;0;1;1;5;203 730 849;1;1;4;1;1970.0;1;2;0;-1;16;2;2023;19:48;2;75;75108;2;2;1;6;48.873896;2.315906;4;1;1;0;2;1; -1;1;0;1;30;Blessé léger;3
202300050601;155 590 781;A01;33;12;2;1;18;1;203 730 850;1;1;3;1;1997.0;5;2;8;-1;27;9;2023;19:50;5;34;34032;2;1;1;2;43.34371;3.22634;4;2;2;0;2;1; -1;1;0;1;50;Blessé hospitalisé;2
202300050601;155 590 788;B01;80;12;2;4;1;5;203 730 852;1;1;4;1;2007.0;9;2;0;-1;27;9;2023;19:50;5;34;34032;2;1;1;2;43.34371;3.22634;4;2;2;0;2;1; -1;1;0;1;50;Blessé léger;2
202300050620;155 590 752;A01;1;0;2;7;17;5;203 730 801;1;1;4;1;1978.0;5;8;0;-1;11;2;2023;10:15;1;75;75101;2;3;1;3;48.86243385;2.33624429;4;1;1;1;1;1; -1;1;0;5;30;Blessé léger;5
202300050620;155 590 752;A01;1;0;2;7;17;5;203 730 801;1;1;4;1;1978.0;5;8;0;-1;11;2;2023;10:15;1;75;75101;2;3;1;3;48.86243385;2.33624429;4;2;4;1;1;1; -1;1;0;5;30;Blessé léger;5
202300050620;155 590 755;B01;1;0;2;8;2;5;203 730 805;1;1;1;1;1986.0;1;2;8;-1;11;2;2023;10:15;1;75;75101;2;3;1;3;48.86243385;2.33624429;4;1;1;1;1;1; -1;1;0;5;30;Indemne;5
202300050620;155 590 755;B01;1;0;2;8;2;5;203 730 805;1;1;1;1;1986.0;1;2;8;-1;11;2;2023;10:15;1;75;75101;2;3;1;3;48.86243385;2.33624429;4;2;4;1;1;1; -1;1;0;5;30;Indemne;5
202300050629;155 590 736;A01;7;0;2;1;9;1;203 730 782;1;1;1;2;1990.0;1;1;8;-1;28;9;2023;13:15;1;26;26198;1;1;1;6;44.53222641;4.74072908;2;2;2;0;1;1; -1;1;0;1;70;Indemne;3
202300050629;155 590 740;B01;1;0;0;8;5;5;203 730 787;1;1;3;1;2000.0;1;8;0;-1;28;9;2023;13:15;1;26;26198;1;1;1;6;44.53222641;4.74072908;2;2;2;0;1;1; -1;1;0;1;70;Blessé hospitalisé;3
202300050631;155 590 730;B01;1;0;2;0;26;5;203 730 772;1;1;4;1;1998.0;9;8;0;-1;4;1;2023;15:45;1;49;49007;2;1;2;3;47.47105;-0.56495;4;2;4;0;1;1; -1;2;0;1;50;Blessé léger;2
202300050631;155 590 733;A01;7;0;2;1;1;1;203 730 777;1;1;1;2;1939.0;5;1;0;-1;4;1;2023;15:45;1;49;49007;2;1;2;3;47.47105;-0.56495;4;2;4;0;1;1; -1;2;0;1;50;Indemne;2
202300050637;155 590 724;B01;1;0;2;1;1;5;203 730 765;1;1;3;1;2001.0;0;8;0;-1;5;1;2023;08:30;1;37;37261;2;3;2;3;47.41483;0.68811;4;1;1;0;2;1; -1;2;0;8;30;Blessé hospitalisé;3
202300050637;155 590 724;B01;1;0;2;1;1;5;203 730 765;1;1;3;1;2001.0;0;8;0;-1;5;1;2023;08:30;1;37;37261;2;3;2;3;47.41483;0.68811;4;2;2;2;1;1; -1;2;0;8;50;Blessé hospitalisé;3
202300050637;155 590 726;A01;7;0;2;2;15;1;203 730 768;1;1;1;2;1999.0;1;1;0;-1;5;1;2023;08:30;1;37;37261;2;3;2;3;47.41483;0.68811;4;1;1;0;2;1; -1;2;0;8;30;Indemne;3
202300050637;155 590 726;A01;7;0;2;2;15;1;203 730 768;1;1;1;2;1999.0;1;1;0;-1;5;1;2023;08:30;1;37;37261;2;3;2;3;47.41483;0.68811;4;2;2;2;1;1; -1;2;0;8;50;Indemne;3
202300050652;155 590 697;B01;7;0;2;3;15;3;203 730 731;1;1;1;1;1978.0;1;1;8;-1;16;7;2023;11:55;1;56;56121;2;2;8;3;47.7452;-3.3585;4;2;2;0;1;1; -1;2;0;1;30;Indemne;6
202300050652;155 590 697;B01;7;0;2;3;15;3;203 730 731;1;1;1;1;1978.0;1;1;8;-1;16;7;2023;11:55;1;56;56121;2;2;8;3;47.7452;-3.3585;4;2;2;0;1;1; -1;2;2;1;30;Indemne;6
202300050652;155 590 700;A01;1;0;2;1;1;5;203 730 735;1;1;4;1;2006.0;1;8;0;-1;16;7;2023;11:55;1;56;56121;2;2;8;3;47.7452;-3.3585;4;2;2;0;1;1; -1;2;0;1;30;Blessé léger;6
202300050652;155 590 700;A01;1;0;2;1;1;5;203 730 735;1;1;4;1;2006.0;1;8;0;-1;16;7;2023;11:55;1;56;56121;2;2;8;3;47.7452;-3.3585;4;2;2;0;1;1; -1;2;2;1;30;Blessé léger;6
202300050653;155 590 693;B01;1;0;2;9;1;5;203 730 728;1;1;2;1;1977.0;5;2;-1;-1;5;1;2023;12:48;1;33;33032;2;1;1;3;44.91086;-0.53629;4;2;2;0;1;3; -1;1;0;1;50;Tué;3
202300050653;155 590 696;A01;21;0;2;5;17;1;203 730 730;1;1;1;1;1957.0;4;1;-1;-1;5;1;2023;12:48;1;33;33032;2;1;1;3;44.91086;-0.53629;4;2;2;0;1;3; -1;1;0;1;50;Indemne;3
202300050657;155 590 689;A01;7;0;2;3;15;1;203 730 724;1;1;1;2;1945.0;5;1;8;-1;16;7;2023;09:50;1;56;56162;2;3;1;3;47.70669;-3.42195;4;2;2;0;1;1; -1;1;0;1;30;Indemne;6
202300050657;155 590 689;A01;7;0;2;3;15;1;203 730 724;1;1;1;2;1945.0;5;1;8;-1;16;7;2023;09:50;1;56;56162;2;3;1;3;47.70669;-3.42195;4;2;2;-1;1;1; -1;1;0;1;30;Indemne;6
202300050657;155 590 691;B01;1;0;2;8;1;5;203 730 726;1;1;3;1;1951.0;5;2;-1;-1;16;7;2023;09:50;1;56;56162;2;3;1;3;47.70669;-3.42195;4;2;2;0;1;1; -1;1;0;1;30;Blessé hospitalisé;6
202300050657;155 590 691;B01;1;0;2;8;1;5;203 730 726;1;1;3;1;1951.0;5;2;-1;-1;16;7;2023;09:50;1;56;56162;2;3;1;3;47.70669;-3.42195;4;2;2;-1;1;1; -1;1;0;1;30;Blessé hospitalisé;6
202300050660;155 590 684;B01;1;0;2;1;1;5;203 730 719;1;1;4;1;1947.0;5;2;0;-1;28;9;2023;10:53;1;17;17461;2;1;1;3;45.64268;-1.06684;4;2;2;0;2;1; -1;1;0;1;50;Blessé léger;3
202300050660;155 590 688;A01;7;0;2;8;10;1;203 730 723;1;1;1;2;1946.0;5;1;8;-1;28;9;2023;10:53;1;17;17461;2;1;1;3;45.64268;-1.06684;4;2;2;0;2;1; -1;1;0;1;50;Indemne;3
202300050661;155 590 683;A01;7;0;9;0;0;1;203 730 718;1;1;1;1;2000.0;5;1;0;-1;5;1;2023;07:40;2;31;31555;2;1;1;2;43.61522798;1.45223379;7;2;5;1;1;1; -1;1;0;1;50;Indemne;3
202300050661;155 590 685;B01;1;0;2;0;13;5;203 730 720;1;1;4;2;1988.0;1;8;0;-1;5;1;2023;07:40;2;31;31555;2;1;1;2;43.61522798;1.45223379;7;2;5;1;1;1; -1;1;0;1;50;Blessé léger;3
202300050681;155 590 647;B01;1;0;2;1;0;5;203 730 675;1;1;4;1;2002.0;0;8;0;-1;28;9;2023;17:55;1;11;11069;2;3;1;3;43.21188;2.35345;4;1;1;0;1;1; -1;1;0;1;30;Blessé léger;3
202300050681;155 590 647;B01;1;0;2;1;0;5;203 730 675;1;1;4;1;2002.0;0;8;0;-1;28;9;2023;17:55;1;11;11069;2;3;1;3;43.21188;2.35345;4;1;1;0;1;1; -1;1;0;1;30;Blessé léger;3
202300050681;155 590 652;A01;7;0;2;1;0;1;203 730 680;1;1;1;1;1967.0;0;1;0;-1;28;9;2023;17:55;1;11;11069;2;3;1;3;43.21188;2.35345;4;1;1;0;1;1; -1;1;0;1;30;Indemne;3
202300050681;155 590 652;A01;7;0;2;1;0;1;203 730 680;1;1;1;1;1967.0;0;1;0;-1;28;9;2023;17:55;1;11;11069;2;3;1;3;43.21188;2.35345;4;1;1;0;1;1; -1;1;0;1;30;Indemne;3
202300050692;155 590 626;A01;10;0;9;3;9;1;203 730 644;1;1;1;1;1977.0;3;8;-1;-1;14;6;2023;20:00;1;13;13066;2;6;1;3;43.874885;4.90215;3;1;2;0;1;2;7;1;0;1;50;Indemne;2
202300050692;155 590 630;B01;1;0;0;2;9;5;203 730 648;1;1;4;1;1993.0;5;0;-1;-1;14;6;2023;20:00;1;13;13066;2;6;1;3;43.874885;4.90215;3;1;2;0;1;2;7;1;0;1;50;Blessé léger;2
202300050714;155 590 585;A01;33;0;2;1;1;1;203 730 593;1;1;4;1;1972.0;0;2;6;-1;15;2;2023;20:55;5;92;92023;2;1;1;1;48.809002;2.268688;3;1;2;0;1;1; -1;1;0;1;50;Blessé léger;2
202300050714;155 590 588;B01;1;0;2;1;5;5;203 730 597;1;1;3;1;1956.0;0;8;0;-1;15;2;2023;20:55;5;92;92023;2;1;1;1;48.809002;2.268688;3;1;2;0;1;1; -1;1;0;1;50;Blessé hospitalisé;2
202300050724;155 590 566;A01;80;0;1;3;1;3;203 730 570;10;3;4;1;1932.0;5;0;-1;-1;4;1;2023;14:45;1;75;75105;2;3;2;6;48.849669;2.347848;4;1; -1;-1;1;1; -1;2;0;1;-1;Blessé léger;2
202300050724;155 590 566;A01;80;0;1;3;1;3;203 730 570;10;3;4;1;1932.0;5;0;-1;-1;4;1;2023;14:45;1;75;75105;2;3;2;6;48.849669;2.347848;4;1;1;0;2;1; -1;2;0;1;30;Blessé léger;2
202300050724;155 590 566;A01;80;0;1;3;1;3;203 730 573;1;1;1;1;1985.0;9;8;0;-1;4;1;2023;14:45;1;75;75105;2;3;2;6;48.849669;2.347848;4;1; -1;-1;1;1; -1;2;0;1;-1;Indemne;2
202300050724;155 590 566;A01;80;0;1;3;1;3;203 730 573;1;1;1;1;1985.0;9;8;0;-1;4;1;2023;14:45;1;75;75105;2;3;2;6;48.849669;2.347848;4;1;1;0;2;1; -1;2;0;1;30;Indemne;2
202300050729;155 590 556;A01;7;0;2;1;1;2;203 730 557;1;1;1;1;1960.0;1;1;0;-1;4;1;2023;23:10;5;75;75116;2;1;2;2;48.858524;2.288662;4;3;2;0;1;1; -1;2;0;1;30;Indemne;2
202300050729;155 590 558;B01;80;0;2;6;11;3;203 730 559;1;1;4;2;1996.0;1;8;0;-1;4;1;2023;23:10;5;75;75116;2;1;2;2;48.858524;2.288662;4;3;2;0;1;1; -1;2;0;1;30;Blessé léger;2
202300050733;155 590 550;A01;7;0;9;0;9;1;203 730 550;1;1;1;2;1982.0;5;1;0;-1;16;7;2023;08:45;1;13;13001;2;6;1;7;43.51625;5.4669;4;1;2;0;1;2; -1;1;0;1;50;Indemne;6
202300050733;155 590 550;A01;7;0;9;0;9;1;203 730 550;1;1;1;2;1982.0;5;1;0;-1;16;7;2023;08:45;1;13;13001;2;6;1;7;43.51625;5.4669;4;1;2;0;1;2; -1;1;0;1;50;Indemne;6
202300050733;155 590 553;B01;1;0;2;0;1;5;203 730 554;1;1;4;2;1973.0;0;2;0;-1;16;7;2023;08:45;1;13;13001;2;6;1;7;43.51625;5.4669;4;1;2;0;1;2; -1;1;0;1;50;Blessé léger;6
202300050733;155 590 553;B01;1;0;2;0;1;5;203 730 554;1;1;4;2;1973.0;0;2;0;-1;16;7;2023;08:45;1;13;13001;2;6;1;7;43.51625;5.4669;4;1;2;0;1;2; -1;1;0;1;50;Blessé léger;6
202300050734;155 590 547;A01;7;0;2;2;1;1;203 730 547;1;1;1;2;1969.0;5;1;-1;-1;16;2;2023;21:35;3;24;24449;1;1;1;2;45.021563;0.23913;3;2;2;0;1;1; -1;1;0;1;90;Indemne;3
202300050734;155 590 549;B01;1;0;0;4;1;5;203 730 549;1;1;4;1;1993.0;5;0;-1;-1;16;2;2023;21:35;3;24;24449;1;1;1;2;45.021563;0.23913;3;2;2;0;1;1; -1;1;0;1;90;Blessé léger;3
202300050752;155 590 513;A01;10;0;2;6;9;3;203 730 499;1;1;1;1;2002.0;1;1;0;-1;28;9;2023;09:20;1;75;75119;2;3;1;2;48.877718;2.381278;4;2;2;0;1;1; -1;1;0;1;30;Indemne;3
202300050752;155 590 513;A01;10;0;2;6;9;3;203 730 499;1;1;1;1;2002.0;1;1;0;-1;28;9;2023;09:20;1;75;75119;2;3;1;2;48.877718;2.381278;4;2;2;0;1;1; -1;1;0;1;30;Indemne;3
202300050752;155 590 516;Y01;1;0;2;1;1;5;203 730 502;1;1;4;1;1994.0;1;2;8;-1;28;9;2023;09:20;1;75;75119;2;3;1;2;48.877718;2.381278;4;2;2;0;1;1; -1;1;0;1;30;Blessé léger;3
202300050752;155 590 516;Y01;1;0;2;1;1;5;203 730 502;1;1;4;1;1994.0;1;2;8;-1;28;9;2023;09:20;1;75;75119;2;3;1;2;48.877718;2.381278;4;2;2;0;1;1; -1;1;0;1;30;Blessé léger;3
202300050760;155 590 498;A01;7;0;2;7;1;1;203 730 478;1;1;1;1;1994.0;9;1;0;-1;4;1;2023;10:24;1;75;75104;2;3;2;3;48.85751994;2.35142291;4;1;1;0;1;1; -1;2;-1;5;30;Indemne;2
202300050760;155 590 498;A01;7;0;2;7;1;1;203 730 478;1;1;1;1;1994.0;9;1;0;-1;4;1;2023;10:24;1;75;75104;2;3;2;3;48.85751994;2.35142291;4;1;2;1;1;1; -1;2;-1;5;30;Indemne;2
202300050760;155 590 500;B01;1;0;2;7;1;5;203 730 480;1;1;4;2;1983.0;9;8;0;-1;4;1;2023;10:24;1;75;75104;2;3;2;3;48.85751994;2.35142291;4;1;1;0;1;1; -1;2;-1;5;30;Blessé léger;2
202300050760;155 590 500;B01;1;0;2;7;1;5;203 730 480;1;1;4;2;1983.0;9;8;0;-1;4;1;2023;10:24;1;75;75104;2;3;2;3;48.85751994;2.35142291;4;1;2;1;1;1; -1;2;-1;5;30;Blessé léger;2
202300050762;155 590 495;A01;7;0;2;8;22;1;203 730 475;1;1;1;1;1995.0;4;8;0;-1;28;9;2023;12:00;1;75;75117;2;3;1;2;48.88173305;2.28534937;4;2;4;0;1;1; -1;1;0;1;30;Indemne;3
202300050762;155 590 495;A01;7;0;2;8;22;1;203 730 475;1;1;1;1;1995.0;4;8;0;-1;28;9;2023;12:00;1;75;75117;2;3;1;2;48.88173305;2.28534937;4;1; -1;-1;1;1; -1;1;0;1;-1;Indemne;3
202300050762;155 590 499;B01;1;0;2;1;1;5;203 730 479;1;1;4;2;1989.0;5;2;0;-1;28;9;2023;12:00;1;75;75117;2;3;1;2;48.88173305;2.28534937;4;2;4;0;1;1; -1;1;0;1;30;Blessé léger;3
202300050762;155 590 499;B01;1;0;2;1;1;5;203 730 479;1;1;4;2;1989.0;5;2;0;-1;28;9;2023;12:00;1;75;75117;2;3;1;2;48.88173305;2.28534937;4;1; -1;-1;1;1; -1;1;0;1;-1;Blessé léger;3
202300050774;155 590 474;A01;80;0;1;1;1;3;203 730 443;1;1;1;1;1963.0;5;8;8;-1;27;9;2023;11:40;1;75;75115;2;1;1;6;48.84828;2.300831;4;1;1;1;1;1; -1;1;0;5;25;Indemne;2
202300050774;155 590 474;A01;80;0;1;1;1;3;203 730 445;10;3;4;2;1962.0;9;0;-1;-1;27;9;2023;11:40;1;75;75115;2;1;1;6;48.84828;2.300831;4;1;1;1;1;1; -1;1;0;5;25;Blessé léger;2
202300050779;155 590 467;A01;7;0;2;3;16;2;203 730 433;1;1;1;1;1993.0;5;1;0;-1;16;7;2023;20:15;1;75;75110;2;2;1;3;48.872248;2.355931;4;1;3;1;1;1; -1;1;0;1;30;Indemne;6
202300050779;155 590 467;A01;7;0;2;3;16;2;203 730 433;1;1;1;1;1993.0;5;1;0;-1;16;7;2023;20:15;1;75;75110;2;2;1;3;48.872248;2.355931;4;-1;0;0;1;1; -1;1;0;1;30;Indemne;6
202300050779;155 590 469;B01;1;0;2;8;19;5;203 730 435;1;1;4;2;2014.0;5;8;0;-1;16;7;2023;20:15;1;75;75110;2;2;1;3;48.872248;2.355931;4;1;3;1;1;1; -1;1;0;1;30;Blessé léger;6
202300050779;155 590 469;B01;1;0;2;8;19;5;203 730 435;1;1;4;2;2014.0;5;8;0;-1;16;7;2023;20:15;1;75;75110;2;2;1;3;48.872248;2.355931;4;-1;0;0;1;1; -1;1;0;1;30;Blessé léger;6
202300050783;155 590 459;A01;7;0;2;3;15;1;203 730 422;1;1;1;2;1990.0;4;1;0;-1;28;9;2023;06:00;5;75;75111;2;7;1;3;48.86774;2.36439;4;1;0;3;1;1; -1;1;0;1;30;Indemne;3
202300050783;155 590 459;A01;7;0;2;3;15;1;203 730 422;1;1;1;2;1990.0;4;1;0;-1;28;9;2023;06:00;5;75;75111;2;7;1;3;48.86774;2.36439;4;1;1;0;1;1; -1;1;0;1;30;Indemne;3
202300050783;155 590 462;B01;1;0;2;1;1;5;203 730 426;1;1;4;1;1970.0;5;8;0;-1;28;9;2023;06:00;5;75;75111;2;7;1;3;48.86774;2.36439;4;1;0;3;1;1; -1;1;0;1;30;Blessé léger;3
202300050783;155 590 462;B01;1;0;2;1;1;5;203 730 426;1;1;4;1;1970.0;5;8;0;-1;28;9;2023;06:00;5;75;75111;2;7;1;3;48.86774;2.36439;4;1;1;0;1;1; -1;1;0;1;30;Blessé léger;3
202300050792;155 590 444;B01;1;0;2;1;15;5;203 730 406;1;1;4;1;1984.0;1;2;0;-1;5;1;2023;08:05;2;92;92020;2;3;1;6;48.81099;2.29937;3;2;2;2;1;1; -1;2;0;1;50;Blessé léger;3
202300050792;155 590 444;B01;1;0;2;1;15;5;203 730 406;1;1;4;1;1984.0;1;2;0;-1;5;1;2023;08:05;2;92;92020;2;3;1;6;48.81099;2.29937;3;3;4;2;1;1; -1;2;0;1;50;Blessé léger;3
202300050792;155 590 446;A01;7;0;2;7;15;1;203 730 408;1;1;1;1;1957.0;1;1;0;-1;5;1;2023;08:05;2;92;92020;2;3;1;6;48.81099;2.29937;3;2;2;2;1;1; -1;2;0;1;50;Indemne;3
202300050792;155 590 446;A01;7;0;2;7;15;1;203 730 408;1;1;1;1;1957.0;1;1;0;-1;5;1;2023;08:05;2;92;92020;2;3;1;6;48.81099;2.29937;3;3;4;2;1;1; -1;2;0;1;50;Indemne;3
202300050794;155 590 440;A01;30;0;2;3;17;3;203 730 400;1;1;1;1;1992.0;4;2;0;-1;28;9;2023;14:45;1;75;75109;2;5;1;1;48.880451;2.335078;4;1; -1;-1;1;1; -1;1;0;5;-1;Indemne;3
202300050794;155 590 440;A01;30;0;2;3;17;3;203 730 400;1;1;1;1;1992.0;4;2;0;-1;28;9;2023;14:45;1;75;75109;2;5;1;1;48.880451;2.335078;4;1;1;1;2;1; -1;1;8;5;30;Indemne;3
202300050794;155 590 441;B01;1;0;2;1;5;5;203 730 401;1;1;4;2;1995.0;9;8;0;-1;28;9;2023;14:45;1;75;75109;2;5;1;1;48.880451;2.335078;4;1; -1;-1;1;1; -1;1;0;5;-1;Blessé léger;3
202300050794;155 590 441;B01;1;0;2;1;5;5;203 730 401;1;1;4;2;1995.0;9;8;0;-1;28;9;2023;14:45;1;75;75109;2;5;1;1;48.880451;2.335078;4;1;1;1;2;1; -1;1;8;5;30;Blessé léger;3
202300050798;155 590 432;A01;80;0;2;2;17;3;203 730 391;1;1;4;2;1989.0;1;2;0;-1;28;9;2023;09:05;1;75;75109;2;3;1;3;48.873422;2.347889;4;1; -1;-1;1;1; -1;1;0;1;-1;Blessé léger;3
202300050798;155 590 432;A01;80;0;2;2;17;3;203 730 391;1;1;4;2;1989.0;1;2;0;-1;28;9;2023;09:05;1;75;75109;2;3;1;3;48.873422;2.347889;4;1;1;0;1;1; -1;1;0;1;30;Blessé léger;3
202300050798;155 590 434;B01;10;0;2;2;14;3;203 730 394;1;1;1;2;1997.0;4;1;0;-1;28;9;2023;09:05;1;75;75109;2;3;1;3;48.873422;2.347889;4;1; -1;-1;1;1; -1;1;0;1;-1;Indemne;3
202300050798;155 590 434;B01;10;0;2;2;14;3;203 730 394;1;1;1;2;1997.0;4;1;0;-1;28;9;2023;09:05;1;75;75109;2;3;1;3;48.873422;2.347889;4;1;1;0;1;1; -1;1;0;1;30;Indemne;3
202300050802;155 590 424;A01;7;0;2;0;15;1;203 730 381;1;1;1;1;1967.0;9;1;0;-1;27;9;2023;09:15;1;75;75108;2;2;1;3;48.869067;2.310307;4;2;4;0;1;1; -1;1;9;1;50;Indemne;2