Num_Acc;id_vehicule;num_veh;catv;obs;obsm;choc;manv;motor;id_usager;place;catu;grav;sexe;an_nais;trajet;secu1;secu2;secu3;jour;mois;an;hrmn;lum;dep;com;agg;int;atm;col;lat;long;catr;circ;nbv;vosp;prof;plan;larrout;surf;infra;situ;vma;gravity;day_of_week
202300050802;155 590 424;A01;7;0;2;0;15;1;203 730 381;1;1;1;1;1967.0;9;1;0;-1;27;9;2023;09:15;1;75;75108;2;2;1;3;48.869067;2.310307;4;-1; -1;0;1;1; -1;1;0;1;30;Indemne;2
202300050802;155 590 427;B01;1;0;2;0;1;5;203 730 383;1;1;4;1;1983.0;9;8;0;-1;27;9;2023;09:15;1;75;75108;2;2;1;3;48.869067;2.310307;4;2;4;0;1;1; -1;1;9;1;50;Blessé léger;2
202300050802;155 590 427;B01;1;0;2;0;1;5;203 730 383;1;1;4;1;1983.0;9;8;0;-1;27;9;2023;09:15;1;75;75108;2;2;1;3;48.869067;2.310307;4;-1; -1;0;1;1; -1;1;0;1;30;Blessé léger;2
202300050806;155 590 415;A01;10;0;2;1;23;3;203 730 371;1;1;1;1;1998.0;1;1;0;-1;28;9;2023;14:30;1;75;75107;2;4;1;2;48.851707;2.324396;4;1; -1;-1;1;1; -1;1;0;1;-1;Indemne;3
202300050806;155 590 415;A01;10;0;2;1;23;3;203 730 371;1;1;1;1;1998.0;1;1;0;-1;28;9;2023;14:30;1;75;75107;2;4;1;2;48.851707;2.324396;4;1;1;0;1;1; -1;1;0;1;30;Indemne;3
202300050806;155 590 417;B01;80;0;2;0;1;3;203 730 373;1;1;4;2;1957.0;5;2;0;-1;28;9;2023;14:30;1;75;75107;2;4;1;2;48.851707;2.324396;4;1; -1;-1;1;1; -1;1;0;1;-1;Blessé léger;3
202300050806;155 590 417;B01;80;0;2;0;1;3;203 730 373;1;1;4;2;1957.0;5;2;0;-1;28;9;2023;14:30;1;75;75107;2;4;1;2;48.851707;2.324396;4;1;1;0;1;1; -1;1;0;1;30;Blessé léger;3
202300050829;155 590 373;A01;10;0;0;3;24;1;203 730 319;1;1;1;1;1977.0;4;8;0;-1;25;9;2023;16:30;1;92;92050;2;1;8;3;48.88690736;2.20245481;3;1;2;1;1;1; -1;1;0;1;50;Indemne;0
202300050829;155 590 374;B01;1;1;0;1;17;5;203 730 321;1;1;4;1;1982.0;5;2;8;-1;25;9;2023;16:30;1;92;92050;2;1;8;3;48.88690736;2.20245481;3;1;2;1;1;1; -1;1;0;1;50;Blessé léger;0
202300050875;155 590 298;A01;1;0;2;4;1;5;203 730 221;1;1;3;1;1972.0;5;2;-1;-1;29;9;2023;08:50;1;65;65020;2;1;1;2;43.094622;0.009061;3;2;2;0;1;1;5,5;1;1;1;50;Blessé hospitalisé;4
202300050882;155 590 285;A01;80;0;2;1;13;3;203 730 205;1;1;3;2;1978.0;2;2;-1;-1;28;9;2023;16:30;1;71;71134;2;1;1;3;46.363526;4.582495;4;-1;2;0;2;2; -1;1;0;1;50;Blessé hospitalisé;3
202300050882;155 590 287;B01;7;0;2;3;1;1;203 730 208;1;1;1;1;1975.0;4;1;-1;-1;28;9;2023;16:30;1;71;71134;2;1;1;3;46.363526;4.582495;4;-1;2;0;2;2; -1;1;0;1;50;Indemne;3
202300050884;155 590 281;A01;1;6;0;0;0;5;203 730 201;1;1;3;1;1998.0;5;2;-1;-1;5;1;2023;14:50;1;54;54405;2;1;1;7;48.57439594;5.97442746;3;2;2;0;1;1; -1;1;0;8;50;Blessé hospitalisé;3
202300050903;155 590 247;A01;80;0;6;1;1;3;203 730 162;1;1;3;1;1963.0;1;2;4;6;27;9;2023;05:20;3;29;29026;1;1;1;6;48.18375101;-4.11007031;3;2;2;0;2;1;7;1;0;1;-1;Blessé hospitalisé;2
202300050927;155 590 212;B01;1;0;2;1;1;5;203 730 118;1;1;3;1;2002.0;5;0;-1;-1;28;9;2023;16:45;1;88;88116;1;3;1;3;47.97694;6.83307;3;2;2;0;2;1;7;1;9;1;70;Blessé hospitalisé;3
202300050927;155 590 212;B01;1;0;2;1;1;5;203 730 118;1;1;3;1;2002.0;5;0;-1;-1;28;9;2023;16:45;1;88;88116;1;3;1;3;47.97694;6.83307;3;2;2;0;2;3;7;1;0;1;50;Blessé hospitalisé;3
202300050927;155 590 214;A01;7;0;2;2;15;1;203 730 121;3;2;1;2;2007.0;2;1;-1;-1;28;9;2023;16:45;1;88;88116;1;3;1;3;47.97694;6.83307;3;2;2;0;2;1;7;1;9;1;70;Indemne;3
202300050927;155 590 214;A01;7;0;2;2;15;1;203 730 121;3;2;1;2;2007.0;2;1;-1;-1;28;9;2023;16:45;1;88;88116;1;3;1;3;47.97694;6.83307;3;2;2;0;2;3;7;1;0;1;50;Indemne;3
202300050927;155 590 214;A01;7;0;2;2;15;1;203 730 122;4;2;1;1;2014.0;2;1;-1;-1;28;9;2023;16:45;1;88;88116;1;3;1;3;47.97694;6.83307;3;2;2;0;2;1;7;1;9;1;70;Indemne;3
202300050927;155 590 214;A01;7;0;2;2;15;1;203 730 122;4;2;1;1;2014.0;2;1;-1;-1;28;9;2023;16:45;1;88;88116;1;3;1;3;47.97694;6.83307;3;2;2;0;2;3;7;1;0;1;50;Indemne;3
202300050927;155 590 214;A01;7;0;2;2;15;1;203 730 123;2;2;1;2;1978.0;2;1;-1;-1;28;9;2023;16:45;1;88;88116;1;3;1;3;47.97694;6.83307;3;2;2;0;2;1;7;1;9;1;70;Indemne;3
202300050927;155 590 214;A01;7;0;2;2;15;1;203 730 123;2;2;1;2;1978.0;2;1;-1;-1;28;9;2023;16:45;1;88;88116;1;3;1;3;47.97694;6.83307;3;2;2;0;2;3;7;1;0;1;50;Indemne;3
202300050927;155 590 214;A01;7;0;2;2;15;1;203 730 124;1;1;1;2;1950.0;2;1;-1;-1;28;9;2023;16:45;1;88;88116;1;3;1;3;47.97694;6.83307;3;2;2;0;2;1;7;1;9;1;70;Indemne;3
202300050927;155 590 214;A01;7;0;2;2;15;1;203 730 124;1;1;1;2;1950.0;2;1;-1;-1;28;9;2023;16:45;1;88;88116;1;3;1;3;47.97694;6.83307;3;2;2;0;2;3;7;1;0;1;50;Indemne;3
202300050929;155 590 206;B01;1;0;2;1;11;5;203 730 112;1;1;2;1;2011.0;2;0;-1;-1;6;1;2023;07:40;5;76;76758;2;1;2;1;49.613769;0.761109;4;2;1;0;2;1;3;2;0;5;30;Tué;4
202300050929;155 590 207;A01;7;0;9;3;2;6;203 730 113;1;1;1;2;1982.0;2;1;-1;-1;6;1;2023;07:40;5;76;76758;2;1;2;1;49.613769;0.761109;4;2;1;0;2;1;3;2;0;5;30;Indemne;4
202300050961;155 590 142;A01;1;0;2;8;19;5;203 730 025;1;1;4;1;2008.0;2;8;0;-1;4;1;2023;07:25;5;74;74012;2;1;5;3;46.19348;6.256;3;3;2;0;1;1; -1;2;0;1;50;Blessé léger;2
202300050961;155 590 143;B01;7;0;2;1;1;1;203 730 026;1;1;1;1;1985.0;1;8;0;-1;4;1;2023;07:25;5;74;74012;2;1;5;3;46.19348;6.256;3;3;2;0;1;1; -1;2;0;1;50;Indemne;2
202300050977;155 590 116;B01;1;0;2;8;13;5;203 729 989;1;1;3;1;2006.0;5;0;0;-1;29;10;2023;22:50;3;54;54462;1;1;3;3;48.60283598;6.34496927;3;2;2;1;1;1;5,5;2;-1;1;80;Blessé hospitalisé;6
202300050977;155 590 117;A01;7;0;9;2;13;1;203 729 990;1;1;1;1;2004.0;1;1;-1;-1;29;10;2023;22:50;3;54;54462;1;1;3;3;48.60283598;6.34496927;3;2;2;1;1;1;5,5;2;-1;1;80;Indemne;6
202300050982;155 590 109;A01;7;0;2;3;9;1;203 729 979;1;1;1;1;2004.0;5;1;-1;-1;28;10;2023;16:10;1;69;69285;2;6;1;3;45.763133;5.080442;4;2;2;0;1;1; -1;2;0;1;50;Indemne;5
202300050982;155 590 109;A01;7;0;2;3;9;1;203 729 979;1;1;1;1;2004.0;5;1;-1;-1;28;10;2023;16:10;1;69;69285;2;6;1;3;45.763133;5.080442;4;1;2;0;1;2; -1;2;0;1;50;Indemne;5
202300050982;155 590 110;B01;1;0;2;8;9;5;203 729 980;1;1;3;1;1983.0;1;0;-1;-1;28;10;2023;16:10;1;69;69285;2;6;1;3;45.763133;5.080442;4;2;2;0;1;1; -1;2;0;1;50;Blessé hospitalisé;5
202300050982;155 590 110;B01;1;0;2;8;9;5;203 729 980;1;1;3;1;1983.0;1;0;-1;-1;28;10;2023;16:10;1;69;69285;2;6;1;3;45.763133;5.080442;4;1;2;0;1;2; -1;2;0;1;50;Blessé hospitalisé;5
202300051002;155 590 074;A01;7;0;2;2;1;0;203 729 912;1;1;1;1;1941.0;5;1;8;-1;10;5;2023;18:27;1;13;13063;2;1;1;3;43.58332;5.00396;4;2;2;2;1;1; -1;1;6;1;30;Indemne;2
202300051002;155 590 075;B01;1;0;2;1;19;5;203 729 914;1;1;4;1;2008.0;5;2;0;-1;10;5;2023;18:27;1;13;13063;2;1;1;3;43.58332;5.00396;4;2;2;2;1;1; -1;1;6;1;30;Blessé léger;2
202300051004;155 590 071;Y01;1;0;2;2;19;5;203 729 909;1;1;3;1;1997.0;9;8;0;-1;8;5;2023;18:30;1;13;13063;2;1;1;1;43.58772;5.00933;4;2;2;0;1;1; -1;1;0;1;50;Blessé hospitalisé;0
202300051025;155 590 036;A01;7;0;2;6;15;1;203 729 868;1;1;1;2;1973.0;4;1;0;-1;27;4;2023;12:05;1;05;05061;2;3;1;3;44.56140833;6.09648407;3;2;2;0;2;1; -1;1;0;1;30;Indemne;3
202300051025;155 590 036;A01;7;0;2;6;15;1;203 729 868;1;1;1;2;1973.0;4;1;0;-1;27;4;2023;12:05;1;05;05061;2;3;1;3;44.56140833;6.09648407;3;2;2;0;2;1; -1;1;0;1;50;Indemne;3
202300051025;155 590 038;B01;1;0;2;1;1;5;203 729 870;1;1;3;2;1957.0;5;2;8;-1;27;4;2023;12:05;1;05;05061;2;3;1;3;44.56140833;6.09648407;3;2;2;0;2;1; -1;1;0;1;30;Blessé hospitalisé;3
202300051025;155 590 038;B01;1;0;2;1;1;5;203 729 870;1;1;3;2;1957.0;5;2;8;-1;27;4;2023;12:05;1;05;05061;2;3;1;3;44.56140833;6.09648407;3;2;2;0;2;1; -1;1;0;1;50;Blessé hospitalisé;3
202300051028;155 590 031;A01;1;0;2;8;13;5;203 729 861;1;1;1;1;1996.0;9;8;0;-1;10;5;2023;10:00;1;75;75106;2;3;3;6;48.84738;2.318213;4;1; -1;0;1;1; -1;2;0;1;30;Indemne;2
202300051028;155 590 031;A01;1;0;2;8;13;5;203 729 861;1;1;1;1;1996.0;9;8;0;-1;10;5;2023;10:00;1;75;75106;2;3;3;6;48.84738;2.318213;4;2;3;0;1;1; -1;2;0;1;30;Indemne;2
202300051028;155 590 034;B01;1;0;2;7;17;5;203 729 864;1;1;4;2;1998.0;1;8;0;-1;10;5;2023;10:00;1;75;75106;2;3;3;6;48.84738;2.318213;4;1; -1;0;1;1; -1;2;0;1;30;Blessé léger;2
202300051028;155 590 034;B01;1;0;2;7;17;5;203 729 864;1;1;4;2;1998.0;1;8;0;-1;10;5;2023;10:00;1;75;75106;2;3;3;6;48.84738;2.318213;4;2;3;0;1;1; -1;2;0;1;30;Blessé léger;2
202300051047;155 589 996;A01;7;0;2;2;20;1;203 729 818;1;1;1;1;1976.0;9;1;0;-1;10;5;2023;11:10;1;75;75113;2;3;2;1;48.822078;2.374964;4;1;2;1;2;1; -1;2;0;5;30;Indemne;2
202300051047;155 589 996;A01;7;0;2;2;20;1;203 729 818;1;1;1;1;1976.0;9;1;0;-1;10;5;2023;11:10;1;75;75113;2;3;2;1;48.822078;2.374964;4;1; -1;0;1;1; -1;2;0;5;30;Indemne;2
202300051047;155 589 997;B01;1;1;2;4;21;5;203 729 819;1;1;4;1;2001.0;1;8;0;-1;10;5;2023;11:10;1;75;75113;2;3;2;1;48.822078;2.374964;4;1;2;1;2;1; -1;2;0;5;30;Blessé léger;2
202300051047;155 589 997;B01;1;1;2;4;21;5;203 729 819;1;1;4;1;2001.0;1;8;0;-1;10;5;2023;11:10;1;75;75113;2;3;2;1;48.822078;2.374964;4;1; -1;0;1;1; -1;2;0;5;30;Blessé léger;2
202300051053;155 589 984;B01;30;0;2;1;1;1;203 729 806;1;1;4;1;2005.0;2;2;8;-1;10;5;2023;17:30;1;75;75112;2;3;1;3;48.840327;2.38819;4;-1; -1;0;1;1; -1;1;0;1;30;Blessé léger;2
202300051053;155 589 984;B01;30;0;2;1;1;1;203 729 806;1;1;4;1;2005.0;2;2;8;-1;10;5;2023;17:30;1;75;75112;2;3;1;3;48.840327;2.38819;4;2;2;0;1;1; -1;1;0;1;30;Blessé léger;2
202300051053;155 589 986;A01;1;0;2;4;19;5;203 729 808;1;1;4;1;1981.0;1;2;8;-1;10;5;2023;17:30;1;75;75112;2;3;1;3;48.840327;2.38819;4;-1; -1;0;1;1; -1;1;0;1;30;Blessé léger;2
202300051053;155 589 986;A01;1;0;2;4;19;5;203 729 808;1;1;4;1;1981.0;1;2;8;-1;10;5;2023;17:30;1;75;75112;2;3;1;3;48.840327;2.38819;4;2;2;0;1;1; -1;1;0;1;30;Blessé léger;2
202300051057;155 589 977;A01;1;8;1;1;1;5;203 729 796;10;3;1;1;1981.0;0;0;-1;-1;25;8;2023;18:45;1;92;92014;2;1;1;6;48.77971496;2.31586118;4;1;0;1;2;1; -1;1;6;5;20;Indemne;4
202300051057;155 589 977;A01;1;8;1;1;1;5;203 729 797;1;1;4;1;1979.0;5;2;8;-1;25;8;2023;18:45;1;92;92014;2;1;1;6;48.77971496;2.31586118;4;1;0;1;2;1; -1;1;6;5;20;Blessé léger;4
202300051094;155 589 903;A01;7;0;2;3;16;1;203 729 681;1;1;1;1;1967.0;0;1;0;-1;10;5;2023;08:07;1;93;93048;2;2;3;3;48.8574855;2.44006292;3;2;4;1;1;1; -1;2;9;5;50;Indemne;2
202300051094;155 589 903;A01;7;0;2;3;16;1;203 729 681;1;1;1;1;1967.0;0;1;0;-1;10;5;2023;08:07;1;93;93048;2;2;3;3;48.8574855;2.44006292;3;1;2;0;1;1; -1;2;9;5;50;Indemne;2
202300051094;155 589 906;B01;1;0;2;1;1;5;203 729 684;1;1;4;1;1988.0;0;8;0;-1;10;5;2023;08:07;1;93;93048;2;2;3;3;48.8574855;2.44006292;3;2;4;1;1;1; -1;2;9;5;50;Blessé léger;2
202300051094;155 589 906;B01;1;0;2;1;1;5;203 729 684;1;1;4;1;1988.0;0;8;0;-1;10;5;2023;08:07;1;93;93048;2;2;3;3;48.8574855;2.44006292;3;1;2;0;1;1; -1;2;9;5;50;Blessé léger;2
202300051098;155 589 898;A01;1;0;0;8;1;5;203 729 674;1;1;2;1;1955.0;5;2;-1;-1;27;8;2023;10:30;1;22;22084;1;1;1;6;48.413558;-2.315798;3;2;2;0;2;4;6;1;0;1;80;Tué;6
202300051112;155 589 870;A01;7;0;2;1;1;1;203 729 636;1;1;1;1;1986.0;5;1;0;0;10;5;2023;16:30;1;92;92012;2;1;1;4;48.84044417;2.23257691;3;2;4;1;1;1; -1;1;0;5;50;Indemne;2
202300051112;155 589 872;C01;1;0;2;4;1;5;203 729 638;1;1;4;1;1946.0;5;2;4;-1;10;5;2023;16:30;1;92;92012;2;1;1;4;48.84044417;2.23257691;3;2;4;1;1;1; -1;1;0;5;50;Blessé léger;2
202300051112;155 589 873;D01;1;0;2;4;1;5;203 729 640;1;1;4;1;2010.0;5;8;0;-1;10;5;2023;16:30;1;92;92012;2;1;1;4;48.84044417;2.23257691;3;2;4;1;1;1; -1;1;0;5;50;Blessé léger;2
202300051112;155 589 876;E01;1;0;2;4;1;5;203 729 644;1;1;4;1;2014.0;5;2;0;-1;10;5;2023;16:30;1;92;92012;2;1;1;4;48.84044417;2.23257691;3;2;4;1;1;1; -1;1;0;5;50;Blessé léger;2
202300051114;155 589 865;A01;80;0;1;7;0;3;203 729 630;10;3;4;2;1985.0;0;0;-1;-1;10;5;2023;14:00;1;92;92012;2;1;1;6;48.83896;2.2427;4;1;1;1;1;1; -1;1;9;3;30;Blessé léger;2
202300051114;155 589 865;A01;80;0;1;7;0;3;203 729 631;1;1;1;1;2002.0;0;8;0;-1;10;5;2023;14:00;1;92;92012;2;1;1;6;48.83896;2.2427;4;1;1;1;1;1; -1;1;9;3;30;Indemne;2
202300051119;155 589 859;B01;1;0;2;1;15;5;203 729 622;1;1;1;1;2005.0;0;2;0;-1;10;5;2023;12:50;1;92;92002;2;1;1;3;48.74533;2.29541;3;2;3;0;1;2; -1;1;9;1;30;Indemne;2
202300051119;155 589 862;A01;2;0;9;0;14;1;203 729 627;1;1;4;1;1998.0;0;2;0;-1;10;5;2023;12:50;1;92;92002;2;1;1;3;48.74533;2.29541;3;2;3;0;1;2; -1;1;9;1;30;Blessé léger;2
202300051122;155 589 851;A01;80;0;1;1;1;3;203 729 609;1;1;1;2;1979.0;1;2;0;-1;30;3;2023;11:40;1;49;49007;2;1;1;6;47.46817;-0.5452;4;1;1;0;1;1; -1;1;0;1;50;Indemne;3
202300051122;155 589 851;A01;80;0;1;1;1;3;203 729 610;10;3;3;1;1995.0;1;0;-1;-1;30;3;2023;11:40;1;49;49007;2;1;1;6;47.46817;-0.5452;4;1;1;0;1;1; -1;1;0;1;50;Blessé hospitalisé;3
202300051139;155 589 825;B01;1;0;2;8;1;5;203 729 575;1;1;4;1;1957.0;5;2;0;-1;31;3;2023;11:45;1;37;37261;2;1;1;3;47.41878;0.70082;4;2;2;0;1;1; -1;1;0;4;50;Blessé léger;4
202300051139;155 589 827;A01;7;0;2;2;15;1;203 729 577;1;1;1;1;1968.0;1;1;8;-1;31;3;2023;11:45;1;37;37261;2;1;1;3;47.41878;0.70082;4;2;2;0;1;1; -1;1;0;4;50;Indemne;4
202300051144;155 589 817;A01;43;0;2;2;1;1;203 729 567;1;1;1;1;1974.0;1;2;6;-1;31;3;2023;19:19;1;33;33063;2;2;1;3;44.85089;-0.57183;4;1;1;0;1;1; -1;1;0;1;30;Indemne;4
202300051144;155 589 817;A01;43;0;2;2;1;1;203 729 567;1;1;1;1;1974.0;1;2;6;-1;31;3;2023;19:19;1;33;33063;2;2;1;3;44.85089;-0.57183;4;1;1;0;1;1; -1;1;0;1;30;Indemne;4
202300051144;155 589 820;B01;1;0;2;3;1;5;203 729 570;1;1;4;1;1998.0;1;0;-1;-1;31;3;2023;19:19;1;33;33063;2;2;1;3;44.85089;-0.57183;4;1;1;0;1;1; -1;1;0;1;30;Blessé léger;4
202300051144;155 589 820;B01;1;0;2;3;1;5;203 729 570;1;1;4;1;1998.0;1;0;-1;-1;31;3;2023;19:19;1;33;33063;2;2;1;3;44.85089;-0.57183;4;1;1;0;1;1; -1;1;0;1;30;Blessé léger;4
202300051150;155 589 809;A01;1;0;0;0;1;5;203 729 555;1;1;3;1;2008.0;5;0;-1;-1;10;5;2023;18:00;1;972;97214;2;1;1;7;14.832376;-61.051364;2;3;2;0;2;4;5;1;0;1;50;Blessé hospitalisé;2
202300051178;155 589 757;A01;1;0;2;1;12;5;203 729 479;1;1;4;1;1971.0;0;0;-1;-1;11;6;2023;19:00;1;69;69259;2;1;1;3;45.72045;4.87472;7;2;4;1;1;1; -1;1;0;5;50;Blessé léger;6
202300051178;155 589 758;B01;7;0;2;1;1;1;203 729 483;1;1;1;1;2002.0;0;1;-1;-1;11;6;2023;19:00;1;69;69259;2;1;1;3;45.72045;4.87472;7;2;4;1;1;1; -1;1;0;5;50;Indemne;6
202300051195;155 589 726;B01;1;0;9;1;1;5;203 729 429;1;1;4;1;2005.0;5;8;-1;-1;25;8;2023;20:30;2;02;02027;2;1;1;1;49.691242;3.559999;3;2;2;0;1;1;5;1;0;1;50;Blessé léger;4
202300051195;155 589 729;A01;10;0;9;3;5;1;203 729 431;1;1;1;1;1952.0;5;1;-1;-1;25;8;2023;20:30;2;02;02027;2;1;1;1;49.691242;3.559999;3;2;2;0;1;1;5;1;0;1;50;Indemne;4
202300051201;155 589 710;A01;1;0;2;0;0;5;203 729 409;1;1;4;1;2008.0;5;8;0;-1;10;6;2023;20:40;1;59;59122;2;3;1;3;50.16889;3.22895;4;1;1;3;1;1; -1;1;0;1;50;Blessé léger;5
202300051201;155 589 710;A01;1;0;2;0;0;5;203 729 409;1;1;4;1;2008.0;5;8;0;-1;10;6;2023;20:40;1;59;59122;2;3;1;3;50.16889;3.22895;4;1;1;0;1;1; -1;1;0;1;50;Blessé léger;5
202300051201;155 589 714;B01;7;0;2;3;9;1;203 729 414;1;1;1;2;1960.0;5;1;0;-1;10;6;2023;20:40;1;59;59122;2;3;1;3;50.16889;3.22895;4;1;1;3;1;1; -1;1;0;1;50;Indemne;5
202300051201;155 589 714;B01;7;0;2;3;9;1;203 729 414;1;1;1;2;1960.0;5;1;0;-1;10;6;2023;20:40;1;59;59122;2;3;1;3;50.16889;3.22895;4;1;1;0;1;1; -1;1;0;1;50;Indemne;5
202300051215;155 589 688;B01;1;0;2;4;1;5;203 729 368;1;1;4;1;1988.0;5;0;-1;-1;10;5;2023;22:15;3;86;86014;1;1;1;2;46.742566;0.55408;3;2;3;0;2;1;10,5;1;0;1;90;Blessé léger;2
202300051215;155 589 688;B01;1;0;2;4;1;5;203 729 371;2;2;1;2;2010.0;5;0;-1;-1;10;5;2023;22:15;3;86;86014;1;1;1;2;46.742566;0.55408;3;2;3;0;2;1;10,5;1;0;1;90;Indemne;2
202300051215;155 589 692;A01;7;0;2;2;1;1;203 729 379;1;1;1;1;1969.0;1;1;-1;-1;10;5;2023;22:15;3;86;86014;1;1;1;2;46.742566;0.55408;3;2;3;0;2;1;10,5;1;0;1;90;Indemne;2
202300051221;155 589 678;B01;7;0;2;3;1;2;203 729 355;1;1;1;1;1987.0;5;1;0;-1;9;6;2023;22:10;1;56;56121;2;2;1;3;47.74614;-3.35907;4;1;1;0;1;1; -1;1;0;1;30;Indemne;4
202300051221;155 589 678;B01;7;0;2;3;1;2;203 729 355;1;1;1;1;1987.0;5;1;0;-1;9;6;2023;22:10;1;56;56121;2;2;1;3;47.74614;-3.35907;4;1;1;0;2;1; -1;1;0;1;30;Indemne;4
202300051221;155 589 678;B01;7;0;2;3;1;2;203 729 359;2;2;1;1;1996.0;5;1;0;-1;9;6;2023;22:10;1;56;56121;2;2;1;3;47.74614;-3.35907;4;1;1;0;1;1; -1;1;0;1;30;Indemne;4
202300051221;155 589 678;B01;7;0;2;3;1;2;203 729 359;2;2;1;1;1996.0;5;1;0;-1;9;6;2023;22:10;1;56;56121;2;2;1;3;47.74614;-3.35907;4;1;1;0;2;1; -1;1;0;1;30;Indemne;4
202300051221;155 589 684;A01;1;0;2;1;1;5;203 729 364;1;1;4;1;1988.0;4;2;0;-1;9;6;2023;22:10;1;56;56121;2;2;1;3;47.74614;-3.35907;4;1;1;0;1;1; -1;1;0;1;30;Blessé léger;4
202300051221;155 589 684;A01;1;0;2;1;1;5;203 729 364;1;1;4;1;1988.0;4;2;0;-1;9;6;2023;22:10;1;56;56121;2;2;1;3;47.74614;-3.35907;4;1;1;0;2;1; -1;1;0;1;30;Blessé léger;4
202300051240;155 589 647;A01;37;0;9;7;1;1;203 729 312;1;1;1;1;1971.0;4;1;0;-1;12;6;2023;16:40;1;53;53130;2;1;1;3;48.08093;-0.79359;4;1;1;0;1;1; -1;1;0;1;50;Indemne;0
202300051240;155 589 652;B01;1;0;2;1;21;5;203 729 319;1;1;3;1;1959.0;5;2;0;-1;12;6;2023;16:40;1;53;53130;2;1;1;3;48.08093;-0.79359;4;1;1;0;1;1; -1;1;0;1;50;Blessé hospitalisé;0
202300051278;155 589 576;A01;1;0;2;1;13;5;203 729 214;1;1;4;2;1989.0;9;2;8;-1;30;11;2023;13:52;1;75;75106;2;3;1;3;48.854513;2.336887;4;1; -1;-1;1;1; -1;1;0;1;-1;Blessé léger;3
202300051278;155 589 576;A01;1;0;2;1;13;5;203 729 214;1;1;4;2;1989.0;9;2;8;-1;30;11;2023;13:52;1;75;75106;2;3;1;3;48.854513;2.336887;4;1; -1;2;1;1; -1;1;0;1;30;Blessé léger;3
202300051278;155 589 581;B01;43;0;2;3;1;1;203 729 219;1;1;1;1;1978.0;5;2;6;-1;30;11;2023;13:52;1;75;75106;2;3;1;3;48.854513;2.336887;4;1; -1;-1;1;1; -1;1;0;1;-1;Indemne;3
202300051278;155 589 581;B01;43;0;2;3;1;1;203 729 219;1;1;1;1;1978.0;5;2;6;-1;30;11;2023;13:52;1;75;75106;2;3;1;3;48.854513;2.336887;4;1; -1;2;1;1; -1;1;0;1;30;Indemne;3
202300051285;155 589 564;Z01;7;0;2;7;22;0;203 729 196;3;2;1;1;1996.0;-1;1;0;-1;2;12;2023;17:45;5;75;75118;2;1;1;3;48.883646;2.347809;4;1;2;0;1;1; -1;1;0;1;30;Indemne;5
202300051285;155 589 567;A01;1;0;2;1;1;5;203 729 201;1;1;4;2;1995.0;9;8;0;-1;2;12;2023;17:45;5;75;75118;2;1;1;3;48.883646;2.347809;4;1;2;0;1;1; -1;1;0;1;30;Blessé léger;5
202300051293;155 589 554;A01;1;0;1;1;1;5;203 729 178;1;1;1;1;1966.0;9;2;6;-1;2;12;2023;12:40;1;75;75116;2;2;1;6;48.858521;2.284571;4;2; -1;-1;1;1; -1;1;0;1;-1;Indemne;5
202300051293;155 589 554;A01;1;0;1;1;1;5;203 729 178;1;1;1;1;1966.0;9;2;6;-1;2;12;2023;12:40;1;75;75116;2;2;1;6;48.858521;2.284571;4;1;3;0;1;1; -1;1;0;1;30;Indemne;5
202300051293;155 589 554;A01;1;0;1;1;1;5;203 729 183;10;3;3;2;1951.0;5;0;-1;-1;2;12;2023;12:40;1;75;75116;2;2;1;6;48.858521;2.284571;4;2; -1;-1;1;1; -1;1;0;1;-1;Blessé hospitalisé;5
202300051293;155 589 554;A01;1;0;1;1;1;5;203 729 183;10;3;3;2;1951.0;5;0;-1;-1;2;12;2023;12:40;1;75;75116;2;2;1;6;48.858521;2.284571;4;1;3;0;1;1; -1;1;0;1;30;Blessé hospitalisé;5
202300051295;155 589 552;A01;1;0;0;3;1;5;203 729 175;2;2;4;2;2006.0;5;0;-1;-1;26;8;2023;15:20;1;85;85096;2;3;1;7;46.89051;-1.843879;3;2;3;0;2;1; -1;1;5;1;50;Blessé léger;5
202300051295;155 589 552;A01;1;0;0;3;1;5;203 729 175;2;2;4;2;2006.0;5;0;-1;-1;26;8;2023;15:20;1;85;85096;2;3;1;7;46.89051;-1.843879;3;2; -1;-1;1;1; -1;1;0;1;-1;Blessé léger;5
202300051295;155 589 552;A01;1;0;0;3;1;5;203 729 180;1;1;4;2;1981.0;5;0;-1;-1;26;8;2023;15:20;1;85;85096;2;3;1;7;46.89051;-1.843879;3;2;3;0;2;1; -1;1;5;1;50;Blessé léger;5
202300051295;155 589 552;A01;1;0;0;3;1;5;203 729 180;1;1;4;2;1981.0;5;0;-1;-1;26;8;2023;15:20;1;85;85096;2;3;1;7;46.89051;-1.843879;3;2; -1;-1;1;1; -1;1;0;1;-1;Blessé léger;5
202300051296;155 589 546;B01;1;0;2;4;7;5;203 729 169;1;1;4;1;1957.0;5;8;0;-1;31;3;2023;13:00;1;75;75114;2;1;6;2;48.821566;2.341;4;1;2;3;1;1; -1;1;-1;6;30;Blessé léger;4
202300051296;155 589 549;A01;37;0;2;2;7;2;203 729 171;8;2;4;2;1961.0;5;8;0;-1;31;3;2023;13:00;1;75;75114;2;1;6;2;48.821566;2.341;4;1;2;3;1;1; -1;1;-1;6;30;Blessé léger;4