Num_Acc;id_vehicule;num_veh;catv;obs;obsm;choc;manv;motor;id_usager;place;catu;grav;sexe;an_nais;trajet;secu1;secu2;secu3;jour;mois;an;hrmn;lum;dep;com;agg;int;atm;col;lat;long;catr;circ;nbv;vosp;prof;plan;larrout;surf;infra;situ;vma;gravity;day_of_week
202300051296;155 589 549;A01;37;0;2;2;7;2;203 729 172;1;1;1;2;1976.0;4;1;8;-1;31;3;2023;13:00;1;75;75114;2;1;6;2;48.821566;2.341;4;1;2;3;1;1; -1;1;-1;6;30;Indemne;4
202300051298;155 589 542;A01;1;0;2;7;1;5;203 729 157;1;1;4;1;2005.0;2;0;-1;-1;12;6;2023;15:20;1;33;33063;2;2;1;3;44.8473;-0.6229;4;2;2;0;1;1; -1;2;5;1;50;Blessé léger;0
202300051298;155 589 542;A01;1;0;2;7;1;5;203 729 157;1;1;4;1;2005.0;2;0;-1;-1;12;6;2023;15:20;1;33;33063;2;2;1;3;44.8473;-0.6229;4;2;2;0;1;1; -1;2;5;1;50;Blessé léger;0
202300051298;155 589 548;B01;7;0;2;1;1;1;203 729 167;1;1;1;1;1939.0;5;1;-1;-1;12;6;2023;15:20;1;33;33063;2;2;1;3;44.8473;-0.6229;4;2;2;0;1;1; -1;2;5;1;50;Indemne;0
202300051298;155 589 548;B01;7;0;2;1;1;1;203 729 167;1;1;1;1;1939.0;5;1;-1;-1;12;6;2023;15:20;1;33;33063;2;2;1;3;44.8473;-0.6229;4;2;2;0;1;1; -1;2;5;1;50;Indemne;0
202300051319;155 589 509;A01;1;0;2;1;2;5;203 729 113;1;1;4;1;1989.0;5;8;0;-1;30;3;2023;23:30;5;75;75109;2;1;2;2;48.876867;2.338342;4;1;1;1;1;1; -1;2;0;1;30;Blessé léger;3
202300051333;155 589 484;A01;7;0;2;1;16;1;203 729 079;1;1;1;1;1951.0;5;1;8;-1;2;12;2023;14:15;1;75;75112;2;2;1;3;48.823774;2.457631;4;1; -1;-1;1;1; -1;1;0;5;-1;Indemne;5
202300051333;155 589 484;A01;7;0;2;1;16;1;203 729 079;1;1;1;1;1951.0;5;1;8;-1;2;12;2023;14:15;1;75;75112;2;2;1;3;48.823774;2.457631;4;2;2;1;1;1; -1;1;0;5;30;Indemne;5
202300051333;155 589 484;A01;7;0;2;1;16;1;203 729 086;2;2;1;2;1957.0;5;1;8;-1;2;12;2023;14:15;1;75;75112;2;2;1;3;48.823774;2.457631;4;1; -1;-1;1;1; -1;1;0;5;-1;Indemne;5
202300051333;155 589 484;A01;7;0;2;1;16;1;203 729 086;2;2;1;2;1957.0;5;1;8;-1;2;12;2023;14:15;1;75;75112;2;2;1;3;48.823774;2.457631;4;2;2;1;1;1; -1;1;0;5;30;Indemne;5
202300051333;155 589 493;B01;1;0;2;7;19;5;203 729 093;1;1;4;2;1992.0;5;2;8;-1;2;12;2023;14:15;1;75;75112;2;2;1;3;48.823774;2.457631;4;1; -1;-1;1;1; -1;1;0;5;-1;Blessé léger;5
202300051333;155 589 493;B01;1;0;2;7;19;5;203 729 093;1;1;4;2;1992.0;5;2;8;-1;2;12;2023;14:15;1;75;75112;2;2;1;3;48.823774;2.457631;4;2;2;1;1;1; -1;1;0;5;30;Blessé léger;5
202300051352;155 589 450;A01;7;0;9;8;18;0;203 729 019;1;1;1;1;1959.0;3;8;-1;-1;17;7;2023;08:25;1;68;68155;2;6;1;3;48.094441;7.30571;4;1;1;0;1;3; -1;1;0;1;50;Indemne;0
202300051352;155 589 453;B01;1;0;2;5;2;5;203 729 023;1;1;4;2;1969.0;1;0;-1;-1;17;7;2023;08:25;1;68;68155;2;6;1;3;48.094441;7.30571;4;1;1;0;1;3; -1;1;0;1;50;Blessé léger;0
202300051364;155 589 433;B01;1;0;2;1;1;5;203 728 986;1;1;3;1;1950.0;5;2;-1;-1;11;5;2023;16:15;1;68;68317;2;3;2;3;48.062803;7.103321;3;2;2;0;2;1;7;2;0;1;30;Blessé hospitalisé;3
202300051364;155 589 433;B01;1;0;2;1;1;5;203 728 986;1;1;3;1;1950.0;5;2;-1;-1;11;5;2023;16:15;1;68;68317;2;3;2;3;48.062803;7.103321;3;2;2;0;2;1;7;2;0;1;50;Blessé hospitalisé;3
202300051364;155 589 437;A01;7;0;0;7;15;1;203 728 994;1;1;1;1;1995.0;5;1;-1;-1;11;5;2023;16:15;1;68;68317;2;3;2;3;48.062803;7.103321;3;2;2;0;2;1;7;2;0;1;30;Indemne;3
202300051364;155 589 437;A01;7;0;0;7;15;1;203 728 994;1;1;1;1;1995.0;5;1;-1;-1;11;5;2023;16:15;1;68;68317;2;3;2;3;48.062803;7.103321;3;2;2;0;2;1;7;2;0;1;50;Indemne;3
202300051402;155 589 364;A01;10;0;2;3;15;1;203 728 880;1;1;1;1;1993.0;0;1;0;-1;28;10;2023;21:00;5;28;28085;2;1;2;3;48.44651;1.47974;4;2;8;0;2;1; -1;2;0;1;30;Indemne;5
202300051402;155 589 366;B01;1;0;2;3;1;5;203 728 883;1;1;4;1;1995.0;0;8;0;-1;28;10;2023;21:00;5;28;28085;2;1;2;3;48.44651;1.47974;4;2;8;0;2;1; -1;2;0;1;30;Blessé léger;5
202300051422;155 589 331;B01;1;0;2;1;1;5;203 728 834;1;1;3;1;1959.0;5;0;-1;-1;26;8;2023;18:15;1;37;37079;2;2;1;3;47.33127754;1.04613125;3;2;2;0;1;1;6;1;0;1;50;Blessé hospitalisé;5
202300051422;155 589 331;B01;1;0;2;1;1;5;203 728 834;1;1;3;1;1959.0;5;0;-1;-1;26;8;2023;18:15;1;37;37079;2;2;1;3;47.33127754;1.04613125;3;2;2;0;2;1;5,5;1;0;1;50;Blessé hospitalisé;5
202300051422;155 589 334;A01;7;0;2;5;15;1;203 728 838;1;1;1;1;1979.0;0;1;-1;-1;26;8;2023;18:15;1;37;37079;2;2;1;3;47.33127754;1.04613125;3;2;2;0;1;1;6;1;0;1;50;Indemne;5
202300051422;155 589 334;A01;7;0;2;5;15;1;203 728 838;1;1;1;1;1979.0;0;1;-1;-1;26;8;2023;18:15;1;37;37079;2;2;1;3;47.33127754;1.04613125;3;2;2;0;2;1;5,5;1;0;1;50;Indemne;5
202300051435;155 589 313;A01;7;0;2;8;1;1;203 728 810;1;1;1;2;1975.0;5;1;-1;-1;16;7;2023;10:50;1;14;14397;1;1;1;3;49.303762;-0.854267;4;2;2;0;1;2; -1;1;0;1;80;Indemne;6
202300051435;155 589 317;B01;1;0;2;3;21;5;203 728 812;1;1;4;1;1956.0;5;2;-1;-1;16;7;2023;10:50;1;14;14397;1;1;1;3;49.303762;-0.854267;4;2;2;0;1;2; -1;1;0;1;80;Blessé léger;6
202300051437;155 589 307;B01;10;0;2;3;1;1;203 728 802;1;1;1;1;1995.0;5;8;0;-1;27;10;2023;14:22;1;13;13208;2;2;1;3;43.27;5.39;4;1;3;0;1;1; -1;1;0;1;50;Indemne;4
202300051437;155 589 307;B01;10;0;2;3;1;1;203 728 802;1;1;1;1;1995.0;5;8;0;-1;27;10;2023;14:22;1;13;13208;2;2;1;3;43.27;5.39;4;2;2;0;1;1; -1;1;0;1;50;Indemne;4
202300051437;155 589 307;B01;10;0;2;3;1;1;203 728 802;1;1;1;1;1995.0;5;8;0;-1;27;10;2023;14:22;1;13;13208;2;2;1;3;43.27;5.39;4;2;4;0;1;1; -1;1;0;1;50;Indemne;4
202300051437;155 589 315;A01;1;0;2;0;1;5;203 728 811;2;2;4;2;2008.0;0;8;0;-1;27;10;2023;14:22;1;13;13208;2;2;1;3;43.27;5.39;4;1;3;0;1;1; -1;1;0;1;50;Blessé léger;4
202300051437;155 589 315;A01;1;0;2;0;1;5;203 728 811;2;2;4;2;2008.0;0;8;0;-1;27;10;2023;14:22;1;13;13208;2;2;1;3;43.27;5.39;4;2;2;0;1;1; -1;1;0;1;50;Blessé léger;4
202300051437;155 589 315;A01;1;0;2;0;1;5;203 728 811;2;2;4;2;2008.0;0;8;0;-1;27;10;2023;14:22;1;13;13208;2;2;1;3;43.27;5.39;4;2;4;0;1;1; -1;1;0;1;50;Blessé léger;4
202300051437;155 589 315;A01;1;0;2;0;1;5;203 728 814;1;1;4;1;2008.0;5;8;0;-1;27;10;2023;14:22;1;13;13208;2;2;1;3;43.27;5.39;4;1;3;0;1;1; -1;1;0;1;50;Blessé léger;4
202300051437;155 589 315;A01;1;0;2;0;1;5;203 728 814;1;1;4;1;2008.0;5;8;0;-1;27;10;2023;14:22;1;13;13208;2;2;1;3;43.27;5.39;4;2;2;0;1;1; -1;1;0;1;50;Blessé léger;4
202300051437;155 589 315;A01;1;0;2;0;1;5;203 728 814;1;1;4;1;2008.0;5;8;0;-1;27;10;2023;14:22;1;13;13208;2;2;1;3;43.27;5.39;4;2;4;0;1;1; -1;1;0;1;50;Blessé léger;4
202300051444;155 589 295;B01;1;0;2;1;9;5;203 728 787;1;1;3;1;2008.0;5;0;-1;-1;1;4;2023;09:50;1;83;83054;2;3;1;3;43.166085;6.030325;4;2;1;0;2;1;3;1;0;1;50;Blessé hospitalisé;5
202300051444;155 589 295;B01;1;0;2;1;9;5;203 728 787;1;1;3;1;2008.0;5;0;-1;-1;1;4;2023;09:50;1;83;83054;2;3;1;3;43.166085;6.030325;4;2; -1;-1;1;1; -1;1;0;1;-1;Blessé hospitalisé;5
202300051444;155 589 299;A01;7;0;9;3;1;1;203 728 794;1;1;1;1;1958.0;5;1;-1;-1;1;4;2023;09:50;1;83;83054;2;3;1;3;43.166085;6.030325;4;2;1;0;2;1;3;1;0;1;50;Indemne;5
202300051444;155 589 299;A01;7;0;9;3;1;1;203 728 794;1;1;1;1;1958.0;5;1;-1;-1;1;4;2023;09:50;1;83;83054;2;3;1;3;43.166085;6.030325;4;2; -1;-1;1;1; -1;1;0;1;-1;Indemne;5
202300051449;155 589 285;A01;15;0;2;1;1;1;203 728 775;1;1;1;1;1971.0;4;1;-1;-1;17;7;2023;16:40;1;64;64529;1;1;1;2;43.303976;-0.762713;3;2;2;0;1;2;7;1;0;1;80;Indemne;0
202300051449;155 589 288;B01;80;0;2;4;1;3;203 728 778;1;1;3;1;1945.0;5;0;-1;-1;17;7;2023;16:40;1;64;64529;1;1;1;2;43.303976;-0.762713;3;2;2;0;1;2;7;1;0;1;80;Blessé hospitalisé;0
202300051450;155 589 283;A01;7;0;2;1;2;1;203 728 773;1;1;1;1;1998.0;5;1;0;-1;12;6;2023;14:00;1;75;75117;2;4;1;3;48.888835;2.3044;4;2;3;1;1;1; -1;1;0;1;50;Indemne;0
202300051450;155 589 283;A01;7;0;2;1;2;1;203 728 773;1;1;1;1;1998.0;5;1;0;-1;12;6;2023;14:00;1;75;75117;2;4;1;3;48.888835;2.3044;4;1;2;2;1;1; -1;1;0;1;30;Indemne;0
202300051450;155 589 286;B01;1;0;2;1;1;5;203 728 776;1;1;4;1;1998.0;1;8;0;-1;12;6;2023;14:00;1;75;75117;2;4;1;3;48.888835;2.3044;4;2;3;1;1;1; -1;1;0;1;50;Blessé léger;0
202300051450;155 589 286;B01;1;0;2;1;1;5;203 728 776;1;1;4;1;1998.0;1;8;0;-1;12;6;2023;14:00;1;75;75117;2;4;1;3;48.888835;2.3044;4;1;2;2;1;1; -1;1;0;1;30;Blessé léger;0
202300051452;155 589 280;B01;1;0;2;4;2;5;203 728 770;1;1;4;1;2018.0;5;2;0;-1;2;12;2023;11:45;1;92;92014;2;2;1;3;48.77395595;2.31812131;4;2;1;0;2;1; -1;1;0;1;30;Blessé léger;5
202300051452;155 589 280;B01;1;0;2;4;2;5;203 728 770;1;1;4;1;2018.0;5;2;0;-1;2;12;2023;11:45;1;92;92014;2;2;1;3;48.77395595;2.31812131;4;2;2;0;1;1; -1;1;0;8;30;Blessé léger;5
202300051452;155 589 284;A01;7;0;2;2;15;1;203 728 774;1;1;1;1;1965.0;5;8;0;-1;2;12;2023;11:45;1;92;92014;2;2;1;3;48.77395595;2.31812131;4;2;1;0;2;1; -1;1;0;1;30;Indemne;5
202300051452;155 589 284;A01;7;0;2;2;15;1;203 728 774;1;1;1;1;1965.0;5;8;0;-1;2;12;2023;11:45;1;92;92014;2;2;1;3;48.77395595;2.31812131;4;2;2;0;1;1; -1;1;0;8;30;Indemne;5
202300051461;155 589 263;B01;1;0;2;8;16;5;203 728 746;1;1;4;2;1984.0;9;8;0;-1;12;6;2023;08:45;1;75;75114;2;3;1;3;48.843715;2.324268;4;2;6;1;1;1; -1;1;0;1;30;Blessé léger;0
202300051461;155 589 263;B01;1;0;2;8;16;5;203 728 746;1;1;4;2;1984.0;9;8;0;-1;12;6;2023;08:45;1;75;75114;2;3;1;3;48.843715;2.324268;4;2;4;0;1;1; -1;1;0;1;30;Blessé léger;0
202300051461;155 589 266;A01;7;0;2;0;16;3;203 728 749;1;1;1;1;2000.0;9;8;0;-1;12;6;2023;08:45;1;75;75114;2;3;1;3;48.843715;2.324268;4;2;6;1;1;1; -1;1;0;1;30;Indemne;0
202300051461;155 589 266;A01;7;0;2;0;16;3;203 728 749;1;1;1;1;2000.0;9;8;0;-1;12;6;2023;08:45;1;75;75114;2;3;1;3;48.843715;2.324268;4;2;4;0;1;1; -1;1;0;1;30;Indemne;0
202300051464;155 589 256;B01;80;0;2;4;1;3;203 728 738;1;1;4;1;1981.0;0;8;0;-1;28;10;2023;19:30;5;08;08105;2;9;2;2;49.749162;4.717728;4;1;1;0;1;1; -1;2;0;1;50;Blessé léger;5
202300051467;155 589 249;A01;7;0;2;1;16;1;203 728 727;1;1;1;1;1986.0;3;1;0;-1;10;6;2023;16:30;1;75;75114;2;2;1;1;48.825466;2.302345;4;1;1;0;1;1; -1;1;0;1;30;Indemne;5
202300051467;155 589 249;A01;7;0;2;1;16;1;203 728 727;1;1;1;1;1986.0;3;1;0;-1;10;6;2023;16:30;1;75;75114;2;2;1;1;48.825466;2.302345;4;1;2;1;1;1; -1;1;0;1;30;Indemne;5
202300051467;155 589 252;B01;1;0;2;3;1;5;203 728 732;1;1;4;1;1984.0;5;2;0;-1;10;6;2023;16:30;1;75;75114;2;2;1;1;48.825466;2.302345;4;1;1;0;1;1; -1;1;0;1;30;Blessé léger;5
202300051467;155 589 252;B01;1;0;2;3;1;5;203 728 732;1;1;4;1;1984.0;5;2;0;-1;10;6;2023;16:30;1;75;75114;2;2;1;1;48.825466;2.302345;4;1;2;1;1;1; -1;1;0;1;30;Blessé léger;5
202300051471;155 589 243;A01;7;0;2;2;15;1;203 728 721;1;1;1;1;1986.0;1;1;0;-1;28;10;2023;07:25;5;06;06088;2;1;1;3;43.67483;7.22342;4;2;2;0;2;1; -1;1;0;1;50;Indemne;5
202300051471;155 589 247;B01;1;0;2;0;0;5;203 728 728;1;1;3;1;1985.0;0;2;0;-1;28;10;2023;07:25;5;06;06088;2;1;1;3;43.67483;7.22342;4;2;2;0;2;1; -1;1;0;1;50;Blessé hospitalisé;5
202300051485;155 589 222;A01;1;0;0;2;0;5;203 728 691;1;1;3;1;1978.0;5;2;-1;-1;25;8;2023;20:10;1;67;67023;1;2;1;7;48.778627;7.719162;3;2; -1;-1;2;1; -1;1;0;1;-1;Blessé hospitalisé;4
202300051485;155 589 222;A01;1;0;0;2;0;5;203 728 691;1;1;3;1;1978.0;5;2;-1;-1;25;8;2023;20:10;1;67;67023;1;2;1;7;48.778627;7.719162;3;2;2;0;2;1;4;1;0;1;80;Blessé hospitalisé;4
202300051492;155 589 210;A01;7;0;9;2;17;1;203 728 673;1;1;1;1;1942.0;0;1;-1;-1;25;8;2023;11:40;1;55;55427;2;6;1;3;48.821151;4.981653;3;2;2;0;1;3;5;1;0;1;50;Indemne;4
202300051492;155 589 216;B01;1;0;2;3;15;5;203 728 678;1;1;3;1;1957.0;0;2;-1;-1;25;8;2023;11:40;1;55;55427;2;6;1;3;48.821151;4.981653;3;2;2;0;1;3;5;1;0;1;50;Blessé hospitalisé;4
202300051494;155 589 207;A01;7;0;2;3;2;1;203 728 670;1;1;1;1;1959.0;4;1;0;-1;12;6;2023;18:48;1;75;75110;2;1;1;3;48.882217;2.350738;4;3;6;1;1;1; -1;1;0;1;50;Indemne;0
202300051494;155 589 208;B01;1;0;2;3;12;5;203 728 671;1;1;4;1;1976.0;5;8;0;-1;12;6;2023;18:48;1;75;75110;2;1;1;3;48.882217;2.350738;4;3;6;1;1;1; -1;1;0;1;50;Blessé léger;0
202300051513;155 589 174;A01;7;0;2;6;20;1;203 728 623;1;1;1;1;1972.0;5;1;0;-1;28;10;2023;12:25;1;75;75119;2;1;1;2;48.878147;2.371895;4;2;2;0;2;1; -1;1;0;1;30;Indemne;5
202300051513;155 589 174;A01;7;0;2;6;20;1;203 728 626;4;2;1;1;1973.0;5;1;0;-1;28;10;2023;12:25;1;75;75119;2;1;1;2;48.878147;2.371895;4;2;2;0;2;1; -1;1;0;1;30;Indemne;5
202300051513;155 589 174;A01;7;0;2;6;20;1;203 728 628;2;2;1;1;2010.0;5;1;0;-1;28;10;2023;12:25;1;75;75119;2;1;1;2;48.878147;2.371895;4;2;2;0;2;1; -1;1;0;1;30;Indemne;5
202300051513;155 589 174;A01;7;0;2;6;20;1;203 728 632;5;2;1;2;2001.0;9;1;0;-1;28;10;2023;12:25;1;75;75119;2;1;1;2;48.878147;2.371895;4;2;2;0;2;1; -1;1;0;1;30;Indemne;5
202300051513;155 589 183;Y01;1;1;2;2;1;5;203 728 637;1;1;4;1;1998.0;9;8;0;-1;28;10;2023;12:25;1;75;75119;2;1;1;2;48.878147;2.371895;4;2;2;0;2;1; -1;1;0;1;30;Blessé léger;5
202300051519;155 589 164;B01;1;0;2;2;1;5;203 728 610;1;1;3;1;1997.0;5;2;9;-1;26;8;2023;09:25;1;69;69069;2;3;3;3;45.747342;4.743079;7;2;2;0;1;1; -1;2;0;1;30;Blessé hospitalisé;5
202300051519;155 589 164;B01;1;0;2;2;1;5;203 728 610;1;1;3;1;1997.0;5;2;9;-1;26;8;2023;09:25;1;69;69069;2;3;3;3;45.747342;4.743079;7;2;2;2;1;1; -1;2;0;1;30;Blessé hospitalisé;5
202300051519;155 589 167;A01;7;0;2;3;1;1;203 728 613;1;1;1;2;1956.0;3;1;-1;-1;26;8;2023;09:25;1;69;69069;2;3;3;3;45.747342;4.743079;7;2;2;0;1;1; -1;2;0;1;30;Indemne;5
202300051519;155 589 167;A01;7;0;2;3;1;1;203 728 613;1;1;1;2;1956.0;3;1;-1;-1;26;8;2023;09:25;1;69;69069;2;3;3;3;45.747342;4.743079;7;2;2;2;1;1; -1;2;0;1;30;Indemne;5
202300051520;155 589 162;A01;1;0;2;0;1;5;203 728 606;1;1;1;1;2001.0;5;2;8;-1;28;10;2023;10:55;1;75;75119;2;1;1;4;48.874255;2.37464;4;2;4;1;1;1; -1;1;0;5;30;Indemne;5
202300051520;155 589 163;B01;1;0;2;4;1;5;203 728 609;1;1;1;1;2001.0;5;2;8;-1;28;10;2023;10:55;1;75;75119;2;1;1;4;48.874255;2.37464;4;2;4;1;1;1; -1;1;0;5;30;Indemne;5
202300051520;155 589 166;C01;1;0;2;1;1;5;203 728 612;1;1;4;1;2001.0;5;2;8;-1;28;10;2023;10:55;1;75;75119;2;1;1;4;48.874255;2.37464;4;2;4;1;1;1; -1;1;0;5;30;Blessé léger;5
202300051537;155 589 134;B01;1;0;2;8;1;5;203 728 569;1;1;4;1;1987.0;1;2;0;-1;9;5;2023;14:00;1;75;75119;2;2;2;3;48.875585;2.38188;4;2;2;0;1;1; -1;2;0;1;30;Blessé léger;1
202300051537;155 589 134;B01;1;0;2;8;1;5;203 728 569;1;1;4;1;1987.0;1;2;0;-1;9;5;2023;14:00;1;75;75119;2;2;2;3;48.875585;2.38188;4;-1; -1;0;1;1; -1;2;0;1;30;Blessé léger;1
202300051542;155 589 124;A01;7;0;2;3;15;1;203 728 555;1;1;1;2;1991.0;9;1;0;-1;9;5;2023;13:10;1;75;75117;2;3;2;3;48.879276;2.303061;4;1;1;0;1;1; -1;2;0;1;30;Indemne;1
202300051542;155 589 124;A01;7;0;2;3;15;1;203 728 555;1;1;1;2;1991.0;9;1;0;-1;9;5;2023;13:10;1;75;75117;2;3;2;3;48.879276;2.303061;4;2;2;0;1;1; -1;2;0;1;30;Indemne;1
202300051542;155 589 127;B01;1;0;2;8;1;5;203 728 559;1;1;4;2;1994.0;3;2;4;-1;9;5;2023;13:10;1;75;75117;2;3;2;3;48.879276;2.303061;4;1;1;0;1;1; -1;2;0;1;30;Blessé léger;1
202300051542;155 589 127;B01;1;0;2;8;1;5;203 728 559;1;1;4;2;1994.0;3;2;4;-1;9;5;2023;13:10;1;75;75117;2;3;2;3;48.879276;2.303061;4;2;2;0;1;1; -1;2;0;1;30;Blessé léger;1
202300051550;155 589 118;A01;1;1;0;6;2;5;203 728 548;1;1;4;2;2002.0;1;8;0;-1;9;5;2023;13:45;1;75;75115;2;3;3;2;48.828639;2.301425;4;1;2;1;1;1; -1;2;0;5;30;Blessé léger;1
202300051550;155 589 118;A01;1;1;0;6;2;5;203 728 548;1;1;4;2;2002.0;1;8;0;-1;9;5;2023;13:45;1;75;75115;2;3;3;2;48.828639;2.301425;4;1;2;0;1;1; -1;2;0;1;30;Blessé léger;1
202300051563;155 589 089;B01;1;0;2;1;1;5;203 728 500;1;1;4;1;1995.0;1;8;0;-1;9;5;2023;08:00;1;75;75113;2;1;2;3;48.832391;2.361133;4;1;5;0;2;1; -1;2;0;1;30;Blessé léger;1
202300051563;155 589 090;A01;7;0;2;2;9;1;203 728 504;1;1;1;1;1972.0;1;1;0;-1;9;5;2023;08:00;1;75;75113;2;1;2;3;48.832391;2.361133;4;1;5;0;2;1; -1;2;0;1;30;Indemne;1
202300051570;155 589 081;A01;80;0;2;8;15;3;203 728 493;1;1;4;1;2000.0;4;8;0;-1;9;5;2023;20:30;5;75;75112;2;2;1;3;48.84089;2.404691;4;2;2;0;2;1; -1;1;0;1;30;Blessé léger;1
202300051570;155 589 081;A01;80;0;2;8;15;3;203 728 493;1;1;4;1;2000.0;4;8;0;-1;9;5;2023;20:30;5;75;75112;2;2;1;3;48.84089;2.404691;4;1;1;0;1;1; -1;1;0;1;30;Blessé léger;1
202300051570;155 589 082;B01;43;0;2;1;1;1;203 728 494;1;1;1;1;1980.0;1;2;6;-1;9;5;2023;20:30;5;75;75112;2;2;1;3;48.84089;2.404691;4;2;2;0;2;1; -1;1;0;1;30;Indemne;1
202300051570;155 589 082;B01;43;0;2;1;1;1;203 728 494;1;1;1;1;1980.0;1;2;6;-1;9;5;2023;20:30;5;75;75112;2;2;1;3;48.84089;2.404691;4;1;1;0;1;1; -1;1;0;1;30;Indemne;1
202300051594;155 589 047;Z01;1;0;1;1;1;5;203 728 450;10;3;4;2;1964.0;9;8;8;-1;28;10;2023;11:05;1;75;75101;2;1;1;6;48.857379;2.345755;4;2;0;3;1;1; -1;1;0;6;30;Blessé léger;5
202300051597;155 589 035;A01;33;1;9;7;17;1;203 728 431;1;1;1;1;1998.0;0;2;6;-1;12;6;2023;20:30;1;92;92051;1;1;1;3;48.89547788;2.27138579;3;1;4;0;1;1; -1;1;9;1;50;Indemne;0
202300051597;155 589 038;B01;1;1;0;6;17;5;203 728 435;1;1;4;1;1970.0;0;8;0;-1;12;6;2023;20:30;1;92;92051;1;1;1;3;48.89547788;2.27138579;3;1;4;0;1;1; -1;1;9;1;50;Blessé léger;0
202300051615;155 588 997;C01;7;0;2;2;9;1;203 728 373;1;1;1;1;1992.0;0;1;0;-1;28;10;2023;21:30;3;94;94073;1;1;2;5;48.75888;2.36864;3;1;1;0;1;1; -1;2;9;1;70;Indemne;5
202300051615;155 589 002;A01;7;0;2;6;4;1;203 728 377;1;1;1;1;1977.0;0;1;0;-1;28;10;2023;21:30;3;94;94073;1;1;2;5;48.75888;2.36864;3;1;1;0;1;1; -1;2;9;1;70;Indemne;5
202300051615;155 589 004;B01;1;0;2;4;1;5;203 728 378;1;1;4;1;1957.0;0;8;0;-1;28;10;2023;21:30;3;94;94073;1;1;2;5;48.75888;2.36864;3;1;1;0;1;1; -1;2;9;1;70;Blessé léger;5
202300051640;155 588 951;A01;1;14;0;1;26;5;203 728 313;1;1;4;1;1960.0;1;8;0;-1;12;6;2023;17:50;1;92;92036;2;1;1;6;48.940846;2.303571;3;2;4;0;1;1; -1;1;0;1;50;Blessé léger;0
202300051646;155 588 934;B01;80;0;2;3;1;3;203 728 290;1;1;4;1;1977.0;0;2;0;-1;12;6;2023;12:35;1;92;92012;2;1;1;2;48.831517;2.236498;3;1;4;1;1;1; -1;1;0;1;50;Blessé léger;0
202300051646;155 588 939;A01;10;0;2;5;4;1;203 728 297;1;1;1;1;2001.0;0;1;0;-1;12;6;2023;12:35;1;92;92012;2;1;1;2;48.831517;2.236498;3;1;4;1;1;1; -1;1;0;1;50;Indemne;0
202300051655;155 588 920;B01;7;0;9;1;1;1;203 728 273;1;1;1;1;1994.0;1;1;0;-1;12;6;2023;17:20;1;92;92002;2;6;1;1;48.76378138;2.30928808;3;2;4;1;1;1; -1;1;0;1;50;Indemne;0
202300051655;155 588 920;B01;7;0;9;1;1;1;203 728 273;1;1;1;1;1994.0;1;1;0;-1;12;6;2023;17:20;1;92;92002;2;6;1;1;48.76378138;2.30928808;3;4;4;1;1;1; -1;1;0;1;50;Indemne;0
202300051655;155 588 926;A01;1;0;2;1;15;5;203 728 279;1;1;4;2;1977.0;1;2;8;-1;12;6;2023;17:20;1;92;92002;2;6;1;1;48.76378138;2.30928808;3;2;4;1;1;1; -1;1;0;1;50;Blessé léger;0
202300051655;155 588 926;A01;1;0;2;1;15;5;203 728 279;1;1;4;2;1977.0;1;2;8;-1;12;6;2023;17:20;1;92;92002;2;6;1;1;48.76378138;2.30928808;3;4;4;1;1;1; -1;1;0;1;50;Blessé léger;0
202300051665;155 588 895;A01;80;0;2;1;1;3;203 728 241;1;1;4;2;1974.0;1;2;-1;-1;28;9;2023;16:20;1;69;69244;2;1;1;1;45.758444;4.754881;4;2;2;0;2;1; -1;1;2;1;50;Blessé léger;3
202300051665;155 588 901;B01;7;0;2;3;1;1;203 728 249;1;1;1;2;1953.0;5;1;-1;-1;28;9;2023;16:20;1;69;69244;2;1;1;1;45.758444;4.754881;4;2;2;0;2;1; -1;1;2;1;50;Indemne;3
202300051669;155 588 887;A01;7;0;2;2;1;1;203 728 233;1;1;1;1;1999.0;1;1;-1;-1;16;7;2023;21:20;3;971;97128;1;1;1;1;16.225182;-61.403049;4;2;1;0;1;2; -1;2;0;1;70;Indemne;6
202300051669;155 588 890;B01;1;0;2;0;13;5;203 728 236;1;1;3;1;2005.0;0;0;-1;-1;16;7;2023;21:20;3;971;97128;1;1;1;1;16.225182;-61.403049;4;2;1;0;1;2; -1;2;0;1;70;Blessé hospitalisé;6
202300051687;155 588 854;A01;7;0;9;3;9;0;203 728 193;1;1;1;2;1963.0;0;1;-1;-1;2;12;2023;16:20;1;30;30138;1;6;1;3;43.810128;4.2454;3;-1;1;0;1;2; -1;1;0;1;80;Indemne;5
202300051687;155 588 858;B01;1;0;2;2;1;5;203 728 198;1;1;3;2;1953.0;5;2;-1;-1;2;12;2023;16:20;1;30;30138;1;6;1;3;43.810128;4.2454;3;-1;1;0;1;2; -1;1;0;1;80;Blessé hospitalisé;5
202300051705;155 588 822;A01;7;0;2;7;16;1;203 728 148;1;1;1;1;1986.0;0;1;0;-1;7;4;2023;16:40;1;93;93001;2;2;1;3;48.91435;2.38089;3;1;1;2;1;1; -1;1;0;1;-1;Indemne;4
202300051705;155 588 822;A01;7;0;2;7;16;1;203 728 148;1;1;1;1;1986.0;0;1;0;-1;7;4;2023;16:40;1;93;93001;2;2;1;3;48.91435;2.38089;3;2;4;1;1;1; -1;1;0;5;50;Indemne;4