Num_Acc;id_vehicule;num_veh;catv;obs;obsm;choc;manv;motor;id_usager;place;catu;grav;sexe;an_nais;trajet;secu1;secu2;secu3;jour;mois;an;hrmn;lum;dep;com;agg;int;atm;col;lat;long;catr;circ;nbv;vosp;prof;plan;larrout;surf;infra;situ;vma;gravity;day_of_week
202300051705;155 588 828;B01;1;0;2;8;1;5;203 728 154;1;1;4;1;1999.0;0;8;0;-1;7;4;2023;16:40;1;93;93001;2;2;1;3;48.91435;2.38089;3;1;1;2;1;1; -1;1;0;1;-1;Blessé léger;4
202300051705;155 588 828;B01;1;0;2;8;1;5;203 728 154;1;1;4;1;1999.0;0;8;0;-1;7;4;2023;16:40;1;93;93001;2;2;1;3;48.91435;2.38089;3;2;4;1;1;1; -1;1;0;5;50;Blessé léger;4
202300051732;155 588 770;B01;1;0;2;4;1;5;203 728 087;1;1;3;1;1996.0;5;8;0;-1;2;1;2023;21:20;5;49;49007;2;1;1;2;47.45025;-0.55594;4;3;4;0;1;1; -1;1;0;1;50;Blessé hospitalisé;0
202300051740;155 588 757;B01;1;0;2;0;1;5;203 728 061;1;1;4;1;1976.0;1;2;0;-1;9;5;2023;10:00;1;92;92049;2;1;2;7;48.8160592;2.3129788;4;2;2;1;1;1; -1;2;0;5;50;Blessé léger;1
202300051740;155 588 760;A01;7;0;9;0;0;1;203 728 064;1;1;1;1;1980.0;1;1;8;-1;9;5;2023;10:00;1;92;92049;2;1;2;7;48.8160592;2.3129788;4;2;2;1;1;1; -1;2;0;5;50;Indemne;1
202300051757;155 588 722;A01;7;0;2;7;26;1;203 728 020;1;1;1;1;1969.0;0;1;0;-1;9;5;2023;09:26;1;92;92044;2;1;3;3;48.8929;2.30041;4;1;3;1;1;1; -1;2;0;1;50;Indemne;1
202300051757;155 588 730;B01;1;0;2;6;1;5;203 728 029;1;1;4;2;1988.0;1;8;0;-1;9;5;2023;09:26;1;92;92044;2;1;3;3;48.8929;2.30041;4;1;3;1;1;1; -1;2;0;1;50;Blessé léger;1
202300051779;155 588 690;A01;7;0;9;2;1;1;203 727 977;1;1;1;1;1936.0;3;1;-1;-1;16;2;2023;13:20;1;47;47185;1;1;1;2;44.46512;0.952291;3;2;2;0;1;1; -1;1;0;1;80;Indemne;3
202300051779;155 588 696;B01;1;0;0;4;1;5;203 727 984;1;1;3;1;1947.0;5;2;-1;-1;16;2;2023;13:20;1;47;47185;1;1;1;2;44.46512;0.952291;3;2;2;0;1;1; -1;1;0;1;80;Blessé hospitalisé;3
202300051782;155 588 682;B01;1;0;2;1;1;5;203 727 967;1;1;4;1;2009.0;2;0;-1;-1;29;9;2023;07:40;2;33;33238;1;2;1;3;44.73438;-0.579481;3;2;2;0;1;2;4;1;0;1;80;Blessé léger;4
202300051782;155 588 682;B01;1;0;2;1;1;5;203 727 967;1;1;4;1;2009.0;2;0;-1;-1;29;9;2023;07:40;2;33;33238;1;2;1;3;44.73438;-0.579481;3;2;2;0;1;2;4;1;0;1;80;Blessé léger;4
202300051782;155 588 687;A01;7;0;2;3;1;1;203 727 973;1;1;1;2;1992.0;1;1;-1;-1;29;9;2023;07:40;2;33;33238;1;2;1;3;44.73438;-0.579481;3;2;2;0;1;2;4;1;0;1;80;Indemne;4
202300051782;155 588 687;A01;7;0;2;3;1;1;203 727 973;1;1;1;2;1992.0;1;1;-1;-1;29;9;2023;07:40;2;33;33238;1;2;1;3;44.73438;-0.579481;3;2;2;0;1;2;4;1;0;1;80;Indemne;4
202300051783;155 588 679;B01;1;0;2;7;19;5;203 727 964;1;1;4;1;1998.0;1;0;-1;-1;12;6;2023;14:00;1;68;68374;1;2;7;3;48.087882;7.314714;3;2;2;0;2;1;7;1;0;1;-1;Blessé léger;0
202300051783;155 588 679;B01;1;0;2;7;19;5;203 727 964;1;1;4;1;1998.0;1;0;-1;-1;12;6;2023;14:00;1;68;68374;1;2;7;3;48.087882;7.314714;3;2; -1;-1;1;1; -1;1;0;1;-1;Blessé léger;0
202300051783;155 588 684;A01;31;0;2;1;0;1;203 727 970;1;1;1;1;2002.0;1;2;6;-1;12;6;2023;14:00;1;68;68374;1;2;7;3;48.087882;7.314714;3;2;2;0;2;1;7;1;0;1;-1;Indemne;0
202300051783;155 588 684;A01;31;0;2;1;0;1;203 727 970;1;1;1;1;2002.0;1;2;6;-1;12;6;2023;14:00;1;68;68374;1;2;7;3;48.087882;7.314714;3;2; -1;-1;1;1; -1;1;0;1;-1;Indemne;0
202300051793;155 588 655;A01;7;0;2;2;17;1;203 727 935;1;1;1;1;1941.0;5;1;-1;-1;12;6;2023;18:30;1;35;35162;1;1;1;3;48.47168598;-1.16227895;3;2;2;0;1;1;5;1;0;1;80;Indemne;0
202300051793;155 588 661;B01;1;0;2;3;1;5;203 727 944;1;1;3;1;1970.0;5;2;-1;-1;12;6;2023;18:30;1;35;35162;1;1;1;3;48.47168598;-1.16227895;3;2;2;0;1;1;5;1;0;1;80;Blessé hospitalisé;0
202300051801;155 588 641;A01;7;0;2;2;16;1;203 727 916;1;1;1;1;1978.0;0;1;0;-1;9;5;2023;20:10;1;92;92026;2;3;1;3;48.89394027;2.25652456;3;2;2;0;1;1; -1;1;0;8;30;Indemne;1
202300051801;155 588 641;A01;7;0;2;2;16;1;203 727 916;1;1;1;1;1978.0;0;1;0;-1;9;5;2023;20:10;1;92;92026;2;3;1;3;48.89394027;2.25652456;3;1;3;2;2;1; -1;1;0;5;30;Indemne;1
202300051801;155 588 647;B01;1;0;2;1;1;5;203 727 923;1;1;4;1;1978.0;5;2;0;-1;9;5;2023;20:10;1;92;92026;2;3;1;3;48.89394027;2.25652456;3;2;2;0;1;1; -1;1;0;8;30;Blessé léger;1
202300051801;155 588 647;B01;1;0;2;1;1;5;203 727 923;1;1;4;1;1978.0;5;2;0;-1;9;5;2023;20:10;1;92;92026;2;3;1;3;48.89394027;2.25652456;3;1;3;2;2;1; -1;1;0;5;30;Blessé léger;1
202300051832;155 588 589;A01;1;0;2;1;5;5;203 727 845;1;1;4;2;2007.0;5;0;-1;-1;10;6;2023;12:15;1;01;01266;2;3;1;3;46.332769;5.124006;3;2;2;0;1;1;4;1;0;1;30;Blessé léger;5
202300051832;155 588 589;A01;1;0;2;1;5;5;203 727 845;1;1;4;2;2007.0;5;0;-1;-1;10;6;2023;12:15;1;01;01266;2;3;1;3;46.332769;5.124006;3;-1;2;0;2;1;4;1;0;1;50;Blessé léger;5
202300051832;155 588 596;B01;10;0;2;2;1;1;203 727 855;1;1;1;1;2002.0;3;1;-1;-1;10;6;2023;12:15;1;01;01266;2;3;1;3;46.332769;5.124006;3;2;2;0;1;1;4;1;0;1;30;Indemne;5
202300051832;155 588 596;B01;10;0;2;2;1;1;203 727 855;1;1;1;1;2002.0;3;1;-1;-1;10;6;2023;12:15;1;01;01266;2;3;1;3;46.332769;5.124006;3;-1;2;0;2;1;4;1;0;1;50;Indemne;5
202300051855;155 588 550;A01;1;0;0;0;1;5;203 727 789;1;1;4;1;1953.0;5;2;6;-1;10;5;2023;15:00;1;23;23154;1;1;2;7;46.130616;2.023737;4;2;2;0;2;2; -1;2;0;1;90;Blessé léger;2
202300051878;155 588 512;A01;1;0;0;1;1;5;203 727 742;1;1;3;2;2003.0;5;2;-1;-1;9;5;2023;19:45;1;14;14061;1;1;2;7;48.98515785;-0.88450033;3;2;2;0;2;4;4;2;0;3;80;Blessé hospitalisé;1
202300051879;155 588 514;A01;7;0;9;1;23;1;203 727 740;1;1;1;2;1964.0;1;1;-1;-1;12;6;2023;17:15;1;50;50487;2;3;1;6;48.521622;-1.334131;3;-1; -1;0;4;2; -1;1;5;1;50;Indemne;0
202300051879;155 588 514;A01;7;0;9;1;23;1;203 727 740;1;1;1;2;1964.0;1;1;-1;-1;12;6;2023;17:15;1;50;50487;2;3;1;6;48.521622;-1.334131;3;2; -1;-1;1;1; -1;1;-1;1;-1;Indemne;0
202300051879;155 588 518;B01;1;14;2;3;25;5;203 727 748;1;1;4;1;2002.0;1;0;-1;-1;12;6;2023;17:15;1;50;50487;2;3;1;6;48.521622;-1.334131;3;-1; -1;0;4;2; -1;1;5;1;50;Blessé léger;0
202300051879;155 588 518;B01;1;14;2;3;25;5;203 727 748;1;1;4;1;2002.0;1;0;-1;-1;12;6;2023;17:15;1;50;50487;2;3;1;6;48.521622;-1.334131;3;2; -1;-1;1;1; -1;1;-1;1;-1;Blessé léger;0
202300051880;155 588 510;B01;1;0;9;4;1;5;203 727 733;1;1;3;1;1964.0;5;2;-1;-1;7;2;2023;16:00;1;24;24274;1;1;1;2;44.809243;0.463142;3;2;2;0;1;1; -1;1;0;1;70;Blessé hospitalisé;1
202300051880;155 588 515;A01;13;0;9;0;17;1;203 727 741;1;1;1;1;1992.0;4;1;-1;-1;7;2;2023;16:00;1;24;24274;1;1;1;2;44.809243;0.463142;3;2;2;0;1;1; -1;1;0;1;70;Indemne;1
202300051888;155 588 498;A01;7;0;9;1;1;1;203 727 710;1;1;1;1;1985.0;5;1;-1;-1;12;6;2023;15:00;1;64;64314;1;1;1;2;43.21947;-1.086187;3;2;2;0;3;1;7;1;0;1;80;Indemne;0
202300051888;155 588 503;B01;1;0;0;4;1;5;203 727 718;1;1;4;1;1962.0;5;2;6;-1;12;6;2023;15:00;1;64;64314;1;1;1;2;43.21947;-1.086187;3;2;2;0;3;1;7;1;0;1;80;Blessé léger;0
202300051896;155 588 478;B01;1;0;2;7;15;5;203 727 683;1;1;4;2;2005.0;5;2;0;-1;26;9;2023;22:05;5;974;97411;2;3;1;3;-20.8752;55.445;2;2;2;0;3;1; -1;1;0;8;50;Blessé léger;1
202300051896;155 588 478;B01;1;0;2;7;15;5;203 727 683;1;1;4;2;2005.0;5;2;0;-1;26;9;2023;22:05;5;974;97411;2;3;1;3;-20.8752;55.445;2;2;4;0;1;1; -1;1;9;1;50;Blessé léger;1
202300051896;155 588 483;A01;10;0;2;2;11;1;203 727 690;1;1;1;1;1967.0;5;1;0;-1;26;9;2023;22:05;5;974;97411;2;3;1;3;-20.8752;55.445;2;2;2;0;3;1; -1;1;0;8;50;Indemne;1
202300051896;155 588 483;A01;10;0;2;2;11;1;203 727 690;1;1;1;1;1967.0;5;1;0;-1;26;9;2023;22:05;5;974;97411;2;3;1;3;-20.8752;55.445;2;2;4;0;1;1; -1;1;9;1;50;Indemne;1
202300051896;155 588 483;A01;10;0;2;2;11;1;203 727 695;2;2;1;1;1967.0;0;1;0;-1;26;9;2023;22:05;5;974;97411;2;3;1;3;-20.8752;55.445;2;2;2;0;3;1; -1;1;0;8;50;Indemne;1
202300051896;155 588 483;A01;10;0;2;2;11;1;203 727 695;2;2;1;1;1967.0;0;1;0;-1;26;9;2023;22:05;5;974;97411;2;3;1;3;-20.8752;55.445;2;2;4;0;1;1; -1;1;9;1;50;Indemne;1
202300051926;155 588 433;A01;1;6;0;1;5;5;203 727 619;1;1;3;1;2007.0;0;0;-1;-1;27;9;2023;17:18;1;69;69381;2;1;1;6;45.77213727;4.83095238;4;1;2;3;2;2; -1;1;1;6;50;Blessé hospitalisé;2
202300051926;155 588 433;A01;1;6;0;1;5;5;203 727 623;2;2;2;1;2008.0;5;0;-1;-1;27;9;2023;17:18;1;69;69381;2;1;1;6;45.77213727;4.83095238;4;1;2;3;2;2; -1;1;1;6;50;Tué;2
202300051949;155 588 390;B01;1;0;2;2;1;5;203 727 563;1;1;3;1;1954.0;5;2;-1;-1;17;2;2023;13:30;1;34;34157;2;6;7;3;43.431353;3.603559;4;1;2;0;1;4; -1;1;5;1;50;Blessé hospitalisé;4
202300051949;155 588 392;A01;7;0;9;8;1;1;203 727 575;1;1;1;2;1960.0;5;1;-1;-1;17;2;2023;13:30;1;34;34157;2;6;7;3;43.431353;3.603559;4;1;2;0;1;4; -1;1;5;1;50;Indemne;4
202300051974;155 588 351;B01;7;0;2;1;13;1;203 727 512;1;1;1;1;1991.0;5;1;-1;-1;29;10;2023;09:05;1;29;29182;1;3;2;2;48.61337293;-3.68030684;3;2;2;0;1;1;7;2;0;1;80;Indemne;6
202300051974;155 588 351;B01;7;0;2;1;13;1;203 727 512;1;1;1;1;1991.0;5;1;-1;-1;29;10;2023;09:05;1;29;29182;1;3;2;2;48.61337293;-3.68030684;3;2; -1;-1;1;1; -1;2;0;1;-1;Indemne;6
202300051974;155 588 355;A01;1;0;2;8;15;5;203 727 518;1;1;2;1;1951.0;5;2;6;-1;29;10;2023;09:05;1;29;29182;1;3;2;2;48.61337293;-3.68030684;3;2;2;0;1;1;7;2;0;1;80;Tué;6
202300051974;155 588 355;A01;1;0;2;8;15;5;203 727 518;1;1;2;1;1951.0;5;2;6;-1;29;10;2023;09:05;1;29;29182;1;3;2;2;48.61337293;-3.68030684;3;2; -1;-1;1;1; -1;2;0;1;-1;Tué;6
202300051988;155 588 317;B01;1;0;2;1;1;5;203 727 455;1;1;4;1;1969.0;5;2;-1;-1;13;6;2023;11:00;1;38;38052;1;4;1;3;45.065019;6.040002;3;2;2;0;4;1;5,5;1;0;1;50;Blessé léger;1
202300051988;155 588 317;B01;1;0;2;1;1;5;203 727 455;1;1;4;1;1969.0;5;2;-1;-1;13;6;2023;11:00;1;38;38052;1;4;1;3;45.065019;6.040002;3;2;2;0;2;1;5,5;1;0;1;50;Blessé léger;1
202300051988;155 588 321;A01;7;0;9;2;15;1;203 727 462;1;1;1;2;1974.0;4;1;-1;-1;13;6;2023;11:00;1;38;38052;1;4;1;3;45.065019;6.040002;3;2;2;0;4;1;5,5;1;0;1;50;Indemne;1
202300051988;155 588 321;A01;7;0;9;2;15;1;203 727 462;1;1;1;2;1974.0;4;1;-1;-1;13;6;2023;11:00;1;38;38052;1;4;1;3;45.065019;6.040002;3;2;2;0;2;1;5,5;1;0;1;50;Indemne;1
202300052010;155 588 286;B01;10;0;2;5;1;1;203 727 414;1;1;1;1;1984.0;4;1;-1;-1;29;3;2023;09:50;1;69;69389;2;1;1;2;45.78711;4.8085;4;2;2;3;1;1; -1;1;0;1;50;Indemne;2
202300052010;155 588 290;A01;1;0;2;3;2;5;203 727 418;1;1;4;1;1996.0;1;0;-1;-1;29;3;2023;09:50;1;69;69389;2;1;1;2;45.78711;4.8085;4;2;2;3;1;1; -1;1;0;1;50;Blessé léger;2
202300052017;155 588 268;A01;7;0;2;1;15;1;203 727 387;1;1;1;1;1970.0;5;1;0;-1;3;1;2023;17:05;5;94;94028;2;1;1;3;48.78659285;2.43606001;3;2;4;1;1;1; -1;1;0;5;50;Indemne;1
202300052017;155 588 272;B01;1;0;2;8;1;5;203 727 395;1;1;4;1;1968.0;5;8;0;-1;3;1;2023;17:05;5;94;94028;2;1;1;3;48.78659285;2.43606001;3;2;4;1;1;1; -1;1;0;5;50;Blessé léger;1
202300052022;155 588 260;A01;7;0;9;2;2;0;203 727 379;1;1;1;2;1990.0;1;1;-1;-1;16;2;2023;19:05;5;63;63284;2;1;1;2;45.796408;3.241589;4;2;2;0;2;1;4;1;0;1;30;Indemne;3
202300052022;155 588 265;B01;80;0;0;4;2;3;203 727 384;1;1;4;2;1964.0;1;0;-1;-1;16;2;2023;19:05;5;63;63284;2;1;1;2;45.796408;3.241589;4;2;2;0;2;1;4;1;0;1;30;Blessé léger;3
202300052034;155 588 236;B01;1;0;2;7;5;5;203 727 352;1;1;4;1;2008.0;0;8;0;-1;1;12;2023;14:25;1;973;97302;2;1;1;3;4.93853735;-52.31771368;4;1;1;0;1;1; -1;1;0;1;50;Blessé léger;4
202300052034;155 588 240;A01;7;0;2;8;15;1;203 727 357;1;1;1;1;1960.0;0;1;0;-1;1;12;2023;14:25;1;973;97302;2;1;1;3;4.93853735;-52.31771368;4;1;1;0;1;1; -1;1;0;1;50;Indemne;4
202300052041;155 588 221;A01;7;0;2;2;24;2;203 727 331;1;1;1;2;1981.0;1;8;-1;-1;1;12;2023;18:00;5;69;69388;2;1;2;3;45.72658;4.88586;4;2;2;2;1;1; -1;2;0;1;50;Indemne;4
202300052041;155 588 221;A01;7;0;2;2;24;2;203 727 334;2;2;1;1;1977.0;0;1;-1;-1;1;12;2023;18:00;5;69;69388;2;1;2;3;45.72658;4.88586;4;2;2;2;1;1; -1;2;0;1;50;Indemne;4
202300052041;155 588 226;B01;80;1;2;1;1;3;203 727 339;1;1;4;2;1971.0;1;2;-1;-1;1;12;2023;18:00;5;69;69388;2;1;2;3;45.72658;4.88586;4;2;2;2;1;1; -1;2;0;1;50;Blessé léger;4
202300052044;155 588 217;B01;80;0;2;6;1;2;203 727 328;1;1;4;1;1999.0;1;4;9;-1;29;10;2023;18:28;3;50;50215;1;1;1;2;49.088363;-1.59938;3;2;1;0;1;1;3,5;1;0;1;80;Blessé léger;6
202300052060;155 588 191;A01;7;0;2;2;19;1;203 727 294;1;1;1;1;1962.0;1;1;-1;-1;9;5;2023;09:39;1;64;64001;1;4;1;1;43.288093;-0.074978;3;2;2;0;1;2;5;1;0;1;80;Indemne;1
202300052060;155 588 191;A01;7;0;2;2;19;1;203 727 294;1;1;1;1;1962.0;1;1;-1;-1;9;5;2023;09:39;1;64;64001;1;4;1;1;43.288093;-0.074978;3;2; -1;-1;1;1; -1;1;0;1;-1;Indemne;1
202300052060;155 588 195;B01;1;0;0;2;15;5;203 727 301;1;1;3;1;1958.0;5;2;-1;-1;9;5;2023;09:39;1;64;64001;1;4;1;1;43.288093;-0.074978;3;2;2;0;1;2;5;1;0;1;80;Blessé hospitalisé;1
202300052060;155 588 195;B01;1;0;0;2;15;5;203 727 301;1;1;3;1;1958.0;5;2;-1;-1;9;5;2023;09:39;1;64;64001;1;4;1;1;43.288093;-0.074978;3;2; -1;-1;1;1; -1;1;0;1;-1;Blessé hospitalisé;1
202300052082;155 588 149;A01;80;0;0;1;1;3;203 727 232;1;1;4;2;1990.0;4;2;0;-1;4;1;2023;12:45;1;92;92064;2;1;2;7;48.8477;2.22039;4;2;0;0;2;1; -1;2;9;1;50;Blessé léger;2
202300052085;155 588 150;B01;1;0;2;1;1;5;203 727 233;1;1;3;1;1942.0;5;2;6;-1;3;5;2023;15:20;1;27;27135;1;2;1;1;49.183101;0.972497;3;2;2;0;1;1;5;1;0;1;80;Blessé hospitalisé;2
202300052085;155 588 150;B01;1;0;2;1;1;5;203 727 233;1;1;3;1;1942.0;5;2;6;-1;3;5;2023;15:20;1;27;27135;1;2;1;1;49.183101;0.972497;3;2; -1;-1;1;1; -1;1;0;1;80;Blessé hospitalisé;2
202300052085;155 588 157;A01;7;0;2;3;1;1;203 727 241;1;1;1;1;1973.0;9;1;-1;-1;3;5;2023;15:20;1;27;27135;1;2;1;1;49.183101;0.972497;3;2;2;0;1;1;5;1;0;1;80;Indemne;2
202300052085;155 588 157;A01;7;0;2;3;1;1;203 727 241;1;1;1;1;1973.0;9;1;-1;-1;3;5;2023;15:20;1;27;27135;1;2;1;1;49.183101;0.972497;3;2; -1;-1;1;1; -1;1;0;1;80;Indemne;2
202300052086;155 588 154;A01;1;0;2;0;26;5;203 727 239;1;1;4;1;1983.0;0;8;8;-1;30;11;2023;18:30;4;971;97101;2;9;1;2;16.27762045;-61.49990916;3;-1;1;0;1;1; -1;1;9;1;50;Blessé léger;3
202300052086;155 588 154;A01;1;0;2;0;26;5;203 727 239;1;1;4;1;1983.0;0;8;8;-1;30;11;2023;18:30;4;971;97101;2;9;1;2;16.27762045;-61.49990916;3;-1;1;0;1;1; -1;1;0;1;50;Blessé léger;3
202300052113;155 588 099;B01;1;0;2;8;19;5;203 727 164;1;1;4;1;1960.0;0;0;-1;-1;24;8;2023;12:15;1;63;63113;2;9;1;6;45.78003;3.09131;4;1;0;0;2;3; -1;1;0;8;30;Blessé léger;3
202300052113;155 588 105;A01;10;0;2;1;11;0;203 727 171;1;1;1;1;1969.0;4;1;0;-1;24;8;2023;12:15;1;63;63113;2;9;1;6;45.78003;3.09131;4;1;0;0;2;3; -1;1;0;8;30;Indemne;3
202300052122;155 588 084;B01;1;0;2;1;1;5;203 727 146;1;1;4;1;1997.0;0;2;0;-1;26;9;2023;17:55;1;56;56121;2;3;1;3;47.76169;-3.37655;4;2;2;0;1;1; -1;1;0;1;30;Blessé léger;1
202300052122;155 588 084;B01;1;0;2;1;1;5;203 727 146;1;1;4;1;1997.0;0;2;0;-1;26;9;2023;17:55;1;56;56121;2;3;1;3;47.76169;-3.37655;4;2;2;1;2;2; -1;1;-1;1;-1;Blessé léger;1
202300052122;155 588 094;A01;7;0;2;2;1;1;203 727 156;1;1;1;1;1969.0;0;1;8;-1;26;9;2023;17:55;1;56;56121;2;3;1;3;47.76169;-3.37655;4;2;2;0;1;1; -1;1;0;1;30;Indemne;1
202300052122;155 588 094;A01;7;0;2;2;1;1;203 727 156;1;1;1;1;1969.0;0;1;8;-1;26;9;2023;17:55;1;56;56121;2;3;1;3;47.76169;-3.37655;4;2;2;1;2;2; -1;1;-1;1;-1;Indemne;1
202300052123;155 588 085;A01;7;0;2;0;2;1;203 727 148;1;1;1;1;1974.0;1;1;-1;-1;23;8;2023;12:04;1;63;63113;2;1;1;7;45.7763;3.0914;4;4;3;0;2;1; -1;9;8;1;30;Indemne;2
202300052123;155 588 089;B01;1;0;2;0;2;5;203 727 150;1;1;4;1;1964.0;1;2;6;-1;23;8;2023;12:04;1;63;63113;2;1;1;7;45.7763;3.0914;4;4;3;0;2;1; -1;9;8;1;30;Blessé léger;2
202300052164;155 588 008;A01;7;0;2;1;1;1;203 727 049;1;1;1;1;2000.0;5;1;0;-1;23;8;2023;11:30;1;54;54395;2;2;1;3;48.70149;6.18128;4;2;1;2;1;1; -1;1;-1;1;30;Indemne;2
202300052164;155 588 008;A01;7;0;2;1;1;1;203 727 049;1;1;1;1;2000.0;5;1;0;-1;23;8;2023;11:30;1;54;54395;2;2;1;3;48.70149;6.18128;4;1;1;2;1;1; -1;1;0;1;30;Indemne;2
202300052164;155 588 016;B01;1;0;2;8;1;5;203 727 058;1;1;4;1;1952.0;5;8;0;-1;23;8;2023;11:30;1;54;54395;2;2;1;3;48.70149;6.18128;4;2;1;2;1;1; -1;1;-1;1;30;Blessé léger;2
202300052164;155 588 016;B01;1;0;2;8;1;5;203 727 058;1;1;4;1;1952.0;5;8;0;-1;23;8;2023;11:30;1;54;54395;2;2;1;3;48.70149;6.18128;4;1;1;2;1;1; -1;1;0;1;30;Blessé léger;2
202300052171;155 587 995;A01;7;8;2;1;9;1;203 727 030;1;1;1;1;1942.0;5;1;0;-1;15;2;2023;18:00;1;75;75120;2;2;1;3;48.865776;2.394371;4;1;1;1;1;1; -1;1;0;1;30;Indemne;2
202300052171;155 587 995;A01;7;8;2;1;9;1;203 727 030;1;1;1;1;1942.0;5;1;0;-1;15;2;2023;18:00;1;75;75120;2;2;1;3;48.865776;2.394371;4;-1;1;0;1;1; -1;1;0;1;30;Indemne;2
202300052171;155 587 997;B01;1;0;2;4;1;5;203 727 036;1;1;4;1;1984.0;9;2;0;-1;15;2;2023;18:00;1;75;75120;2;2;1;3;48.865776;2.394371;4;1;1;1;1;1; -1;1;0;1;30;Blessé léger;2
202300052171;155 587 997;B01;1;0;2;4;1;5;203 727 036;1;1;4;1;1984.0;9;2;0;-1;15;2;2023;18:00;1;75;75120;2;2;1;3;48.865776;2.394371;4;-1;1;0;1;1; -1;1;0;1;30;Blessé léger;2
202300052178;155 587 978;A01;7;0;2;8;26;1;203 727 013;1;1;1;2;1975.0;3;1;4;-1;26;9;2023;19:05;1;50;50129;2;6;1;3;49.65379;-1.67616;9;1;1;0;1;2; -1;1;0;1;50;Indemne;1
202300052178;155 587 982;B01;80;0;2;1;1;3;203 727 017;1;1;4;1;1972.0;5;8;0;-1;26;9;2023;19:05;1;50;50129;2;6;1;3;49.65379;-1.67616;9;1;1;0;1;2; -1;1;0;1;50;Blessé léger;1
202300052181;155 587 976;B01;1;0;2;6;1;5;203 727 009;1;1;4;1;2005.0;5;8;0;-1;15;2;2023;16:00;1;75;75119;2;1;1;2;48.876138;2.392052;4;1;1;0;1;1; -1;1;0;1;30;Blessé léger;2
202300052181;155 587 980;A01;7;0;2;1;1;1;203 727 016;1;1;1;2;1941.0;5;1;0;-1;15;2;2023;16:00;1;75;75119;2;1;1;2;48.876138;2.392052;4;1;1;0;1;1; -1;1;0;1;30;Indemne;2
202300052182;155 587 977;A01;1;0;2;1;26;5;203 727 012;1;1;3;1;1982.0;1;0;-1;-1;5;1;2023;17:00;1;44;44131;2;1;8;3;47.11377;-2.131134;4;1;2;0;2;1;5;2;0;1;30;Blessé hospitalisé;3
202300052182;155 587 983;B01;10;0;9;3;15;1;203 727 018;1;1;1;1;1952.0;5;1;-1;-1;5;1;2023;17:00;1;44;44131;2;1;8;3;47.11377;-2.131134;4;1;2;0;2;1;5;2;0;1;30;Indemne;3
202300052190;155 587 958;A01;7;0;2;8;9;2;203 726 991;1;1;1;1;1966.0;4;1;8;-1;15;2;2023;09:15;1;75;75119;2;1;1;3;48.878563;2.402539;4;2;5;1;2;4; -1;1;-1;5;30;Indemne;2
202300052190;155 587 963;B01;80;0;2;1;1;3;203 726 997;1;1;4;1;1996.0;1;8;0;-1;15;2;2023;09:15;1;75;75119;2;1;1;3;48.878563;2.402539;4;2;5;1;2;4; -1;1;-1;5;30;Blessé léger;2
202300052191;155 587 956;B01;7;0;2;2;1;1;203 726 986;1;1;1;2;1947.0;5;1;0;-1;29;3;2023;12:30;1;64;64140;2;3;1;3;43.53239;-1.47226;4;1;1;0;2;1; -1;1;0;1;50;Indemne;2
202300052191;155 587 956;B01;7;0;2;2;1;1;203 726 986;1;1;1;2;1947.0;5;1;0;-1;29;3;2023;12:30;1;64;64140;2;3;1;3;43.53239;-1.47226;4;2;2;0;2;1; -1;1;0;1;50;Indemne;2
202300052191;155 587 966;A01;1;0;2;7;15;5;203 726 999;1;1;4;1;2010.0;5;2;0;-1;29;3;2023;12:30;1;64;64140;2;3;1;3;43.53239;-1.47226;4;1;1;0;2;1; -1;1;0;1;50;Blessé léger;2
202300052191;155 587 966;A01;1;0;2;7;15;5;203 726 999;1;1;4;1;2010.0;5;2;0;-1;29;3;2023;12:30;1;64;64140;2;3;1;3;43.53239;-1.47226;4;2;2;0;2;1; -1;1;0;1;50;Blessé léger;2
202300052196;155 587 946;A01;7;0;2;0;22;1;203 726 975;1;1;1;1;1961.0;5;8;0;-1;26;9;2023;11:35;1;49;49353;2;1;1;7;47.44231;-0.49428;4;2;2;2;1;1; -1;1;0;1;30;Indemne;1
202300052196;155 587 951;B01;1;0;0;0;1;5;203 726 981;1;1;4;2;1951.0;5;8;0;-1;26;9;2023;11:35;1;49;49353;2;1;1;7;47.44231;-0.49428;4;2;2;2;1;1; -1;1;0;1;30;Blessé léger;1
202300052202;155 587 937;B01;1;0;2;1;1;5;203 726 961;1;1;2;1;1954.0;5;2;-1;-1;29;3;2023;14:33;1;63;63113;2;2;1;3;45.78757;3.10575;4;2;2;-1;1;1; -1;1;0;1;30;Tué;2
202300052202;155 587 937;B01;1;0;2;1;1;5;203 726 961;1;1;2;1;1954.0;5;2;-1;-1;29;3;2023;14:33;1;63;63113;2;2;1;3;45.78757;3.10575;4;3;2;1;1;1; -1;1;5;5;30;Tué;2
202300052202;155 587 944;A01;14;0;2;2;16;1;203 726 971;1;1;1;1;1977.0;4;1;-1;-1;29;3;2023;14:33;1;63;63113;2;2;1;3;45.78757;3.10575;4;2;2;-1;1;1; -1;1;0;1;30;Indemne;2
202300052202;155 587 944;A01;14;0;2;2;16;1;203 726 971;1;1;1;1;1977.0;4;1;-1;-1;29;3;2023;14:33;1;63;63113;2;2;1;3;45.78757;3.10575;4;3;2;1;1;1; -1;1;5;5;30;Indemne;2