Num_Acc;id_vehicule;num_veh;catv;obs;obsm;choc;manv;motor;id_usager;place;catu;grav;sexe;an_nais;trajet;secu1;secu2;secu3;jour;mois;an;hrmn;lum;dep;com;agg;int;atm;col;lat;long;catr;circ;nbv;vosp;prof;plan;larrout;surf;infra;situ;vma;gravity;day_of_week
202300052207;155 587 930;A01;1;0;0;1;21;5;203 726 951;1;1;3;2;1999.0;9;8;0;-1;14;2;2023;12:48;1;75;75106;2;3;1;6;48.840585;2.3337;4;2;6;3;1;1; -1;1;0;1;30;Blessé hospitalisé;1
202300052207;155 587 930;A01;1;0;0;1;21;5;203 726 951;1;1;3;2;1999.0;9;8;0;-1;14;2;2023;12:48;1;75;75106;2;3;1;6;48.840585;2.3337;4;1; -1;-1;1;1; -1;1;0;1;-1;Blessé hospitalisé;1
202300052213;155 587 918;A01;80;0;2;2;1;3;203 726 937;1;1;4;2;2001.0;5;8;0;-1;26;9;2023;18:40;1;44;44184;2;4;1;1;47.26017;-2.23624;4;2;2;0;2;1; -1;1;0;1;50;Blessé léger;1
202300052213;155 587 918;A01;80;0;2;2;1;3;203 726 937;1;1;4;2;2001.0;5;8;0;-1;26;9;2023;18:40;1;44;44184;2;4;1;1;47.26017;-2.23624;4;2;2;1;2;2; -1;1;0;1;50;Blessé léger;1
202300052213;155 587 924;B01;7;0;2;3;1;1;203 726 944;1;1;1;2;1969.0;0;1;0;-1;26;9;2023;18:40;1;44;44184;2;4;1;1;47.26017;-2.23624;4;2;2;0;2;1; -1;1;0;1;50;Indemne;1
202300052213;155 587 924;B01;7;0;2;3;1;1;203 726 944;1;1;1;2;1969.0;0;1;0;-1;26;9;2023;18:40;1;44;44184;2;4;1;1;47.26017;-2.23624;4;2;2;1;2;2; -1;1;0;1;50;Indemne;1
202300052240;155 587 871;B01;80;0;2;7;1;3;203 726 872;1;1;3;2;1977.0;0;8;-1;-1;27;9;2023;12:15;1;35;35278;2;3;1;3;48.15436;-1.68382;4;2;2;0;1;1; -1;1;0;1;30;Blessé hospitalisé;2
202300052240;155 587 871;B01;80;0;2;7;1;3;203 726 872;1;1;3;2;1977.0;0;8;-1;-1;27;9;2023;12:15;1;35;35278;2;3;1;3;48.15436;-1.68382;4;1;1;0;1;1; -1;1;0;1;30;Blessé hospitalisé;2
202300052240;155 587 879;A01;7;0;2;3;15;1;203 726 881;1;1;1;1;1980.0;5;1;-1;-1;27;9;2023;12:15;1;35;35278;2;3;1;3;48.15436;-1.68382;4;2;2;0;1;1; -1;1;0;1;30;Indemne;2
202300052240;155 587 879;A01;7;0;2;3;15;1;203 726 881;1;1;1;1;1980.0;5;1;-1;-1;27;9;2023;12:15;1;35;35278;2;3;1;3;48.15436;-1.68382;4;1;1;0;1;1; -1;1;0;1;30;Indemne;2
202300052242;155 587 869;B01;1;0;2;3;1;5;203 726 868;1;1;4;2;1966.0;5;2;0;-1;30;3;2023;12:40;1;59;59350;2;3;1;3;50.62208;3.10082;4;1;1;0;1;1; -1;1;0;1;30;Blessé léger;3
202300052242;155 587 869;B01;1;0;2;3;1;5;203 726 868;1;1;4;2;1966.0;5;2;0;-1;30;3;2023;12:40;1;59;59350;2;3;1;3;50.62208;3.10082;4;1;1;2;1;1; -1;1;0;1;30;Blessé léger;3
202300052242;155 587 875;A01;7;0;2;5;16;1;203 726 876;1;1;1;1;1988.0;0;1;0;-1;30;3;2023;12:40;1;59;59350;2;3;1;3;50.62208;3.10082;4;1;1;0;1;1; -1;1;0;1;30;Indemne;3
202300052242;155 587 875;A01;7;0;2;5;16;1;203 726 876;1;1;1;1;1988.0;0;1;0;-1;30;3;2023;12:40;1;59;59350;2;3;1;3;50.62208;3.10082;4;1;1;2;1;1; -1;1;0;1;30;Indemne;3
202300052248;155 587 856;B01;7;0;9;8;0;1;203 726 856;1;1;1;1;1981.0;1;1;8;-1;23;8;2023;11:00;1;29;29151;2;3;1;3;48.57134;-3.83704;4;2;2;0;1;1; -1;1;0;1;30;Indemne;2
202300052248;155 587 856;B01;7;0;9;8;0;1;203 726 856;1;1;1;1;1981.0;1;1;8;-1;23;8;2023;11:00;1;29;29151;2;3;1;3;48.57134;-3.83704;4;2;2;0;4;1; -1;1;0;1;50;Indemne;2
202300052248;155 587 864;A01;1;0;2;1;19;5;203 726 865;1;1;4;1;1958.0;0;2;0;-1;23;8;2023;11:00;1;29;29151;2;3;1;3;48.57134;-3.83704;4;2;2;0;1;1; -1;1;0;1;30;Blessé léger;2
202300052248;155 587 864;A01;1;0;2;1;19;5;203 726 865;1;1;4;1;1958.0;0;2;0;-1;23;8;2023;11:00;1;29;29151;2;3;1;3;48.57134;-3.83704;4;2;2;0;4;1; -1;1;0;1;50;Blessé léger;2
202300052254;155 587 847;A01;7;0;2;1;1;1;203 726 847;1;1;1;2;1955.0;0;1;8;-1;30;11;2023;17:45;5;72;72181;2;9;2;3;47.993092;0.174764;4;2;2;3;1;1; -1;2;0;1;50;Indemne;3
202300052254;155 587 851;B01;1;0;2;1;19;5;203 726 851;1;1;4;2;1989.0;0;2;8;-1;30;11;2023;17:45;5;72;72181;2;9;2;3;47.993092;0.174764;4;2;2;3;1;1; -1;2;0;1;50;Blessé léger;3
202300052255;155 587 853;A01;1;1;0;2;14;5;203 726 853;1;1;4;1;1974.0;9;8;0;-1;15;2;2023;19:05;2;75;75108;2;3;1;6;48.87192;2.318694;4;1; -1;-1;1;1; -1;1;0;1;-1;Blessé léger;2
202300052255;155 587 853;A01;1;1;0;2;14;5;203 726 853;1;1;4;1;1974.0;9;8;0;-1;15;2;2023;19:05;2;75;75108;2;3;1;6;48.87192;2.318694;4;1;1;0;1;3; -1;1;0;1;30;Blessé léger;2
202300052286;155 587 793;A01;1;0;1;1;1;5;203 726 763;10;3;4;2;1960.0;9;0;-1;-1;14;2;2023;13:52;1;75;75107;2;2;1;6;48.862433;2.301587;4;2;4;1;1;1; -1;1;-1;5;25;Blessé léger;1
202300052286;155 587 793;A01;1;0;1;1;1;5;203 726 763;10;3;4;2;1960.0;9;0;-1;-1;14;2;2023;13:52;1;75;75107;2;2;1;6;48.862433;2.301587;4;2;4;1;1;1; -1;1;-1;5;25;Blessé léger;1
202300052286;155 587 793;A01;1;0;1;1;1;5;203 726 768;1;1;1;1;2001.0;9;8;0;-1;14;2;2023;13:52;1;75;75107;2;2;1;6;48.862433;2.301587;4;2;4;1;1;1; -1;1;-1;5;25;Indemne;1
202300052286;155 587 793;A01;1;0;1;1;1;5;203 726 768;1;1;1;1;2001.0;9;8;0;-1;14;2;2023;13:52;1;75;75107;2;2;1;6;48.862433;2.301587;4;2;4;1;1;1; -1;1;-1;5;25;Indemne;1
202300052287;155 587 787;B01;1;0;2;4;12;5;203 726 756;1;1;4;1;1951.0;5;2;6;-1;24;8;2023;08:15;1;13;13117;1;4;1;2;43.42435;5.23948;3;1;3;0;1;3;7;1;3;1;70;Blessé léger;3
202300052287;155 587 787;B01;1;0;2;4;12;5;203 726 756;1;1;4;1;1951.0;5;2;6;-1;24;8;2023;08:15;1;13;13117;1;4;1;2;43.42435;5.23948;3;1;3;0;3;2;7;1;3;1;70;Blessé léger;3
202300052287;155 587 795;A01;10;0;2;1;1;1;203 726 767;1;1;1;2;1999.0;4;8;0;-1;24;8;2023;08:15;1;13;13117;1;4;1;2;43.42435;5.23948;3;1;3;0;1;3;7;1;3;1;70;Indemne;3
202300052287;155 587 795;A01;10;0;2;1;1;1;203 726 767;1;1;1;2;1999.0;4;8;0;-1;24;8;2023;08:15;1;13;13117;1;4;1;2;43.42435;5.23948;3;1;3;0;3;2;7;1;3;1;70;Indemne;3
202300052289;155 587 786;A01;7;0;9;7;1;1;203 726 755;1;1;1;2;1963.0;5;1;-1;-1;9;5;2023;16:50;1;50;50492;1;3;1;3;49.074681;-0.984843;3;2;2;0;1;1;4;1;0;1;80;Indemne;1
202300052289;155 587 786;A01;7;0;9;7;1;1;203 726 755;1;1;1;2;1963.0;5;1;-1;-1;9;5;2023;16:50;1;50;50492;1;3;1;3;49.074681;-0.984843;3;2; -1;-1;1;1; -1;1;0;1;-1;Indemne;1
202300052289;155 587 790;B01;1;0;2;1;26;5;203 726 759;1;1;3;1;2009.0;5;2;-1;-1;9;5;2023;16:50;1;50;50492;1;3;1;3;49.074681;-0.984843;3;2;2;0;1;1;4;1;0;1;80;Blessé hospitalisé;1
202300052289;155 587 790;B01;1;0;2;1;26;5;203 726 759;1;1;3;1;2009.0;5;2;-1;-1;9;5;2023;16:50;1;50;50492;1;3;1;3;49.074681;-0.984843;3;2; -1;-1;1;1; -1;1;0;1;-1;Blessé hospitalisé;1
202300052340;155 587 692;B01;1;13;2;8;1;5;203 726 627;1;1;3;1;1995.0;5;8;0;-1;1;12;2023;14:05;1;62;62040;2;9;1;3;50.73694;2.28077;4;2;2;0;1;1; -1;2;0;1;50;Blessé hospitalisé;4
202300052340;155 587 699;A01;7;0;9;1;1;1;203 726 632;1;1;4;2;1964.0;5;1;8;-1;1;12;2023;14:05;1;62;62040;2;9;1;3;50.73694;2.28077;4;2;2;0;1;1; -1;2;0;1;50;Blessé léger;4
202300052345;155 587 683;B01;1;12;0;1;25;5;203 726 613;1;1;4;1;2001.0;0;8;8;-1;13;2;2023;17:50;1;94;94022;2;1;1;1;48.77255;2.40942;3;3;4;0;1;1; -1;1;0;3;50;Blessé léger;0
202300052345;155 587 685;A01;7;0;9;2;21;1;203 726 619;1;1;1;1;1971.0;1;1;0;-1;13;2;2023;17:50;1;94;94022;2;1;1;1;48.77255;2.40942;3;3;4;0;1;1; -1;1;0;3;50;Indemne;0
202300052358;155 587 658;B01;7;0;2;3;15;1;203 726 585;1;1;1;1;1973.0;0;1;0;-1;15;2;2023;21:00;5;93;93066;2;1;1;3;48.929694;2.359609;4;3;4;3;1;2; -1;1;2;1;50;Indemne;2
202300052358;155 587 661;A01;1;0;2;8;15;5;203 726 588;1;1;4;1;1994.0;0;8;0;-1;15;2;2023;21:00;5;93;93066;2;1;1;3;48.929694;2.359609;4;3;4;3;1;2; -1;1;2;1;50;Blessé léger;2
202300052374;155 587 622;A01;14;0;2;7;16;1;203 726 537;1;1;1;1;1981.0;4;1;0;-1;15;2;2023;12:10;1;93;93048;2;2;1;3;48.86415;2.43597;3;1;2;1;2;1; -1;1;0;1;50;Indemne;2
202300052374;155 587 622;A01;14;0;2;7;16;1;203 726 537;1;1;1;1;1981.0;4;1;0;-1;15;2;2023;12:10;1;93;93048;2;2;1;3;48.86415;2.43597;3;3;4;2;2;1; -1;1;0;1;50;Indemne;2
202300052374;155 587 624;B01;1;0;2;1;1;5;203 726 540;1;1;4;1;1947.0;0;8;0;-1;15;2;2023;12:10;1;93;93048;2;2;1;3;48.86415;2.43597;3;1;2;1;2;1; -1;1;0;1;50;Blessé léger;2
202300052374;155 587 624;B01;1;0;2;1;1;5;203 726 540;1;1;4;1;1947.0;0;8;0;-1;15;2;2023;12:10;1;93;93048;2;2;1;3;48.86415;2.43597;3;3;4;2;2;1; -1;1;0;1;50;Blessé léger;2
202300052375;155 587 629;A01;1;0;2;7;1;5;203 726 546;1;1;4;1;1997.0;1;2;8;-1;24;8;2023;10:20;1;75;75120;2;2;1;3;48.857634;2.403917;4;2;2;-1;1;1; -1;1;0;1;-1;Blessé léger;3
202300052375;155 587 629;A01;1;0;2;7;1;5;203 726 546;1;1;4;1;1997.0;1;2;8;-1;24;8;2023;10:20;1;75;75120;2;2;1;3;48.857634;2.403917;4;2;2;0;2;1; -1;1;0;1;30;Blessé léger;3
202300052375;155 587 632;B01;10;0;2;3;15;1;203 726 551;1;1;1;1;1987.0;4;1;0;-1;24;8;2023;10:20;1;75;75120;2;2;1;3;48.857634;2.403917;4;2;2;-1;1;1; -1;1;0;1;-1;Indemne;3
202300052375;155 587 632;B01;10;0;2;3;15;1;203 726 551;1;1;1;1;1987.0;4;1;0;-1;24;8;2023;10:20;1;75;75120;2;2;1;3;48.857634;2.403917;4;2;2;0;2;1; -1;1;0;1;30;Indemne;3
202300052380;155 587 617;B01;7;0;2;1;1;1;203 726 531;1;1;1;2;1976.0;1;1;0;-1;11;6;2023;21:05;1;44;44184;2;2;1;3;47.28072279;-2.22984776;4;2;2;0;2;1;6,5;1;5;1;50;Indemne;6
202300052380;155 587 617;B01;7;0;2;1;1;1;203 726 531;1;1;1;2;1976.0;1;1;0;-1;11;6;2023;21:05;1;44;44184;2;2;1;3;47.28072279;-2.22984776;4;2;2;0;2;1;7;1;5;1;50;Indemne;6
202300052380;155 587 621;A01;1;0;2;8;19;5;203 726 536;1;1;4;1;2002.0;0;8;0;-1;11;6;2023;21:05;1;44;44184;2;2;1;3;47.28072279;-2.22984776;4;2;2;0;2;1;6,5;1;5;1;50;Blessé léger;6
202300052380;155 587 621;A01;1;0;2;8;19;5;203 726 536;1;1;4;1;2002.0;0;8;0;-1;11;6;2023;21:05;1;44;44184;2;2;1;3;47.28072279;-2.22984776;4;2;2;0;2;1;7;1;5;1;50;Blessé léger;6
202300052383;155 587 607;A01;1;0;0;0;1;5;203 726 519;1;1;4;1;2001.0;0;8;0;-1;11;6;2023;21:45;5;43;43157;2;1;3;7;45.04926;3.89046;3;-1;2;0;1;1;7;2;0;1;50;Blessé léger;6
202300052384;155 587 608;A01;10;0;0;2;22;1;203 726 520;1;1;1;1;1964.0;1;1;8;-1;17;6;2023;15:00;1;75;75120;2;3;1;1;48.864625;2.405648;4;-1; -1;-1;1;1; -1;1;0;5;-1;Indemne;5
202300052384;155 587 608;A01;10;0;0;2;22;1;203 726 520;1;1;1;1;1964.0;1;1;8;-1;17;6;2023;15:00;1;75;75120;2;3;1;1;48.864625;2.405648;4;-1; -1;0;1;1; -1;1;0;5;30;Indemne;5
202300052384;155 587 614;B01;1;0;0;1;1;5;203 726 527;1;1;4;1;1978.0;9;8;0;-1;17;6;2023;15:00;1;75;75120;2;3;1;1;48.864625;2.405648;4;-1; -1;-1;1;1; -1;1;0;5;-1;Blessé léger;5
202300052384;155 587 614;B01;1;0;0;1;1;5;203 726 527;1;1;4;1;1978.0;9;8;0;-1;17;6;2023;15:00;1;75;75120;2;3;1;1;48.864625;2.405648;4;-1; -1;0;1;1; -1;1;0;5;30;Blessé léger;5
202300052391;155 587 595;A01;7;0;2;1;9;1;203 726 499;1;1;1;2;1960.0;5;1;0;-1;28;3;2023;10:55;1;19;19031;2;6;1;3;45.15888;1.51133;4;1;2;0;1;2; -1;1;0;1;50;Indemne;1
202300052391;155 587 595;A01;7;0;2;1;9;1;203 726 499;1;1;1;2;1960.0;5;1;0;-1;28;3;2023;10:55;1;19;19031;2;6;1;3;45.15888;1.51133;4;2;2;0;1;1; -1;1;0;1;50;Indemne;1
202300052391;155 587 600;B01;1;0;2;1;1;5;203 726 510;1;1;4;1;1942.0;5;8;8;-1;28;3;2023;10:55;1;19;19031;2;6;1;3;45.15888;1.51133;4;1;2;0;1;2; -1;1;0;1;50;Blessé léger;1
202300052391;155 587 600;B01;1;0;2;1;1;5;203 726 510;1;1;4;1;1942.0;5;8;8;-1;28;3;2023;10:55;1;19;19031;2;6;1;3;45.15888;1.51133;4;2;2;0;1;1; -1;1;0;1;50;Blessé léger;1
202300052395;155 587 596;A01;7;0;2;3;15;3;203 726 501;1;1;1;1;1959.0;4;1;0;-1;15;6;2023;17:20;1;75;75120;2;3;1;3;48.875313;2.393968;4;1;1;-1;2;1; -1;1;0;1;-1;Indemne;3
202300052395;155 587 596;A01;7;0;2;3;15;3;203 726 501;1;1;1;1;1959.0;4;1;0;-1;15;6;2023;17:20;1;75;75120;2;3;1;3;48.875313;2.393968;4;2;2;0;2;1; -1;1;0;1;30;Indemne;3
202300052395;155 587 599;B01;1;0;2;0;17;5;203 726 508;1;1;3;2;1983.0;1;8;0;-1;15;6;2023;17:20;1;75;75120;2;3;1;3;48.875313;2.393968;4;1;1;-1;2;1; -1;1;0;1;-1;Blessé hospitalisé;3
202300052395;155 587 599;B01;1;0;2;0;17;5;203 726 508;1;1;3;2;1983.0;1;8;0;-1;15;6;2023;17:20;1;75;75120;2;3;1;3;48.875313;2.393968;4;2;2;0;2;1; -1;1;0;1;30;Blessé hospitalisé;3
202300052399;155 587 582;A01;80;16;0;7;5;3;203 726 480;1;1;4;2;1965.0;1;8;0;-1;15;7;2023;08:00;2;51;51172;2;6;2;3;49.215;4.05;9;3;4;0;1;1; -1;2;0;1;50;Blessé léger;5
202300052399;155 587 582;A01;80;16;0;7;5;3;203 726 480;1;1;4;2;1965.0;1;8;0;-1;15;7;2023;08:00;2;51;51172;2;6;2;3;49.215;4.05;9;3;0;0;1;1; -1;2;0;1;50;Blessé léger;5
202300052399;155 587 588;B01;10;0;2;1;1;0;203 726 489;1;1;1;1;1995.0;5;1;0;-1;15;7;2023;08:00;2;51;51172;2;6;2;3;49.215;4.05;9;3;4;0;1;1; -1;2;0;1;50;Indemne;5
202300052399;155 587 588;B01;10;0;2;1;1;0;203 726 489;1;1;1;1;1995.0;5;1;0;-1;15;7;2023;08:00;2;51;51172;2;6;2;3;49.215;4.05;9;3;0;0;1;1; -1;2;0;1;50;Indemne;5
202300052424;155 587 539;A01;10;0;2;2;13;0;203 726 425;1;1;1;1;1992.0;1;1;0;-1;14;7;2023;09:50;1;34;34003;1;1;1;2;43.300023;3.507437;3;1;0;0;2;1;0;1;9;1;90;Indemne;4
202300052424;155 587 543;B01;1;0;2;6;13;5;203 726 429;1;1;3;1;1997.0;5;2;8;-1;14;7;2023;09:50;1;34;34003;1;1;1;2;43.300023;3.507437;3;1;0;0;2;1;0;1;9;1;90;Blessé hospitalisé;4
202300052427;155 587 536;A01;7;0;2;3;1;1;203 726 423;1;1;1;1;1993.0;5;1;-1;-1;11;6;2023;22:15;5;35;35115;2;6;1;3;48.35495;-1.1986;4;2;2;0;2;1; -1;1;0;1;30;Indemne;6
202300052427;155 587 536;A01;7;0;2;3;1;1;203 726 423;1;1;1;1;1993.0;5;1;-1;-1;11;6;2023;22:15;5;35;35115;2;6;1;3;48.35495;-1.1986;4;1;1;0;2;1; -1;1;0;1;30;Indemne;6
202300052427;155 587 544;B01;1;0;2;1;1;5;203 726 430;1;1;4;1;2006.0;5;0;-1;-1;11;6;2023;22:15;5;35;35115;2;6;1;3;48.35495;-1.1986;4;2;2;0;2;1; -1;1;0;1;30;Blessé léger;6
202300052427;155 587 544;B01;1;0;2;1;1;5;203 726 430;1;1;4;1;2006.0;5;0;-1;-1;11;6;2023;22:15;5;35;35115;2;6;1;3;48.35495;-1.1986;4;1;1;0;2;1; -1;1;0;1;30;Blessé léger;6
202300052428;155 587 541;A01;1;12;0;8;13;5;203 726 428;1;1;4;1;1963.0;5;8;0;-1;27;9;2023;19:42;5;75;75106;2;3;1;6;48.858232;2.333239;4;-1; -1;1;1;1; -1;1;0;5;30;Blessé léger;2
202300052428;155 587 541;A01;1;12;0;8;13;5;203 726 428;1;1;4;1;1963.0;5;8;0;-1;27;9;2023;19:42;5;75;75106;2;3;1;6;48.858232;2.333239;4;2;2;1;1;1; -1;1;0;5;30;Blessé léger;2
202300052445;155 587 505;Z01;1;0;1;1;1;5;203 726 387;10;3;4;2;1944.0;5;8;8;-1;30;3;2023;19:50;5;75;75106;2;3;1;6;48.851662;2.335284;4;1; -1;-1;1;1; -1;1;0;1;-1;Blessé léger;3
202300052445;155 587 505;Z01;1;0;1;1;1;5;203 726 387;10;3;4;2;1944.0;5;8;8;-1;30;3;2023;19:50;5;75;75106;2;3;1;6;48.851662;2.335284;4;1;1;0;1;1; -1;1;0;1;30;Blessé léger;3
202300052463;155 587 474;A01;7;0;2;3;9;1;203 726 344;1;1;1;1;1982.0;5;1;0;-1;26;9;2023;19:00;1;75;75119;2;1;1;3;48.876202;2.393456;4;1;1;1;2;2; -1;1;-1;5;30;Indemne;1
202300052463;155 587 480;B01;1;0;2;3;1;5;203 726 353;1;1;4;1;1982.0;1;2;0;-1;26;9;2023;19:00;1;75;75119;2;1;1;3;48.876202;2.393456;4;1;1;1;2;2; -1;1;-1;5;30;Blessé léger;1
202300052470;155 587 464;A01;10;0;2;7;14;1;203 726 325;1;1;1;1;1969.0;4;1;8;-1;30;3;2023;13:00;1;75;75116;2;5;1;3;48.851321;2.278453;4;2;4;0;1;1; -1;1;0;1;50;Indemne;3
202300052470;155 587 464;A01;10;0;2;7;14;1;203 726 325;1;1;1;1;1969.0;4;1;8;-1;30;3;2023;13:00;1;75;75116;2;5;1;3;48.851321;2.278453;4;2;4;-1;1;1; -1;1;0;1;50;Indemne;3
202300052470;155 587 469;B01;80;0;2;8;23;3;203 726 334;1;1;4;1;1997.0;4;8;0;-1;30;3;2023;13:00;1;75;75116;2;5;1;3;48.851321;2.278453;4;2;4;0;1;1; -1;1;0;1;50;Blessé léger;3
202300052470;155 587 469;B01;80;0;2;8;23;3;203 726 334;1;1;4;1;1997.0;4;8;0;-1;30;3;2023;13:00;1;75;75116;2;5;1;3;48.851321;2.278453;4;2;4;-1;1;1; -1;1;0;1;50;Blessé léger;3
202300052510;155 587 400;A01;1;0;2;1;1;5;203 726 240;1;1;4;1;1968.0;5;2;0;-1;27;9;2023;13:30;1;75;75116;2;1;1;2;48.859788;2.229536;4;-1;0;1;1;3; -1;1;0;5;-1;Blessé léger;2
202300052510;155 587 402;B01;1;0;2;4;1;5;203 726 242;1;1;4;1;1932.0;5;2;0;-1;27;9;2023;13:30;1;75;75116;2;1;1;2;48.859788;2.229536;4;-1;0;1;1;3; -1;1;0;5;-1;Blessé léger;2
202300052512;155 587 392;B01;1;0;2;3;15;5;203 726 229;1;1;1;1;1981.0;1;8;0;-1;30;3;2023;08:29;1;75;75114;2;2;1;3;48.821364;2.334367;4;2;8;1;1;2; -1;1;0;5;50;Indemne;3
202300052512;155 587 392;B01;1;0;2;3;15;5;203 726 229;1;1;1;1;1981.0;1;8;0;-1;30;3;2023;08:29;1;75;75114;2;2;1;3;48.821364;2.334367;4;2; -1;-1;1;1; -1;1;0;5;-1;Indemne;3
202300052512;155 587 396;A01;80;0;2;2;17;3;203 726 234;1;1;4;1;1992.0;9;8;0;-1;30;3;2023;08:29;1;75;75114;2;2;1;3;48.821364;2.334367;4;2;8;1;1;2; -1;1;0;5;50;Blessé léger;3
202300052512;155 587 396;A01;80;0;2;2;17;3;203 726 234;1;1;4;1;1992.0;9;8;0;-1;30;3;2023;08:29;1;75;75114;2;2;1;3;48.821364;2.334367;4;2; -1;-1;1;1; -1;1;0;5;-1;Blessé léger;3
202300052517;155 587 388;B01;1;0;2;8;1;5;203 726 225;1;1;4;2;1969.0;9;2;0;-1;27;9;2023;20:45;3;75;75115;2;2;1;3;48.845001;2.319826;4;-1; -1;1;1;1; -1;1;0;5;30;Blessé léger;2
202300052517;155 587 388;B01;1;0;2;8;1;5;203 726 225;1;1;4;2;1969.0;9;2;0;-1;27;9;2023;20:45;3;75;75115;2;2;1;3;48.845001;2.319826;4;2;0;1;1;1; -1;1;0;5;30;Blessé léger;2
202300052517;155 587 390;A01;32;0;2;3;15;1;203 726 227;1;1;1;1;1961.0;9;2;0;-1;27;9;2023;20:45;3;75;75115;2;2;1;3;48.845001;2.319826;4;-1; -1;1;1;1; -1;1;0;5;30;Indemne;2
202300052517;155 587 390;A01;32;0;2;3;15;1;203 726 227;1;1;1;1;1961.0;9;2;0;-1;27;9;2023;20:45;3;75;75115;2;2;1;3;48.845001;2.319826;4;2;0;1;1;1; -1;1;0;5;30;Indemne;2
202300052522;155 587 383;A01;7;0;2;2;7;2;203 726 218;1;1;1;1;1997.0;9;0;0;0;29;3;2023;11:20;1;75;75114;2;4;1;3;48.840017;2.32169;4;2; -1;0;1;1; -1;1;0;6;30;Indemne;2
202300052522;155 587 383;A01;7;0;2;2;7;2;203 726 218;1;1;1;1;1997.0;9;0;0;0;29;3;2023;11:20;1;75;75114;2;4;1;3;48.840017;2.32169;4;2;4;3;1;1; -1;1;0;6;30;Indemne;2
202300052522;155 587 387;B01;80;0;2;6;1;3;203 726 223;1;1;4;1;1976.0;4;8;0;-1;29;3;2023;11:20;1;75;75114;2;4;1;3;48.840017;2.32169;4;2; -1;0;1;1; -1;1;0;6;30;Blessé léger;2
202300052522;155 587 387;B01;80;0;2;6;1;3;203 726 223;1;1;4;1;1976.0;4;8;0;-1;29;3;2023;11:20;1;75;75114;2;4;1;3;48.840017;2.32169;4;2;4;3;1;1; -1;1;0;6;30;Blessé léger;2
202300052525;155 587 378;A01;1;0;1;1;1;5;203 726 211;1;1;4;1;1967.0;1;2;6;-1;27;9;2023;08:30;1;75;75115;2;2;1;6;48.842261;2.313366;4;1;2;1;1;1; -1;1;0;1;30;Blessé léger;2
202300052525;155 587 378;A01;1;0;1;1;1;5;203 726 211;1;1;4;1;1967.0;1;2;6;-1;27;9;2023;08:30;1;75;75115;2;2;1;6;48.842261;2.313366;4;-1; -1;1;1;1; -1;1;0;5;30;Blessé léger;2
202300052525;155 587 378;A01;1;0;1;1;1;5;203 726 212;10;3;4;2;1997.0;9;0;-1;-1;27;9;2023;08:30;1;75;75115;2;2;1;6;48.842261;2.313366;4;1;2;1;1;1; -1;1;0;1;30;Blessé léger;2
202300052525;155 587 378;A01;1;0;1;1;1;5;203 726 212;10;3;4;2;1997.0;9;0;-1;-1;27;9;2023;08:30;1;75;75115;2;2;1;6;48.842261;2.313366;4;-1; -1;1;1;1; -1;1;0;5;30;Blessé léger;2
202300052542;155 587 351;A01;1;0;1;1;5;5;203 726 173;10;3;4;2;1961.0;1;0;-1;-1;30;3;2023;09:00;1;75;75109;2;3;1;6;48.878111;2.330142;4;1; -1;0;1;1; -1;1;0;1;30;Blessé léger;3
202300052542;155 587 351;A01;1;0;1;1;5;5;203 726 173;10;3;4;2;1961.0;1;0;-1;-1;30;3;2023;09:00;1;75;75109;2;3;1;6;48.878111;2.330142;4;1;1;0;2;1; -1;1;0;1;30;Blessé léger;3
202300052542;155 587 351;A01;1;0;1;1;5;5;203 726 176;1;1;1;2;1996.0;1;8;0;-1;30;3;2023;09:00;1;75;75109;2;3;1;6;48.878111;2.330142;4;1; -1;0;1;1; -1;1;0;1;30;Indemne;3
202300052542;155 587 351;A01;1;0;1;1;5;5;203 726 176;1;1;1;2;1996.0;1;8;0;-1;30;3;2023;09:00;1;75;75109;2;3;1;6;48.878111;2.330142;4;1;1;0;2;1; -1;1;0;1;30;Indemne;3
202300052543;155 587 348;B01;1;0;2;1;19;5;203 726 167;1;1;4;1;1961.0;1;2;8;-1;3;1;2023;13:05;1;81;81004;2;2;1;3;43.9228768;2.147175;4;2;0;0;1;1; -1;1;9;1;50;Blessé léger;1
202300052543;155 587 348;B01;1;0;2;1;19;5;203 726 167;1;1;4;1;1961.0;1;2;8;-1;3;1;2023;13:05;1;81;81004;2;2;1;3;43.9228768;2.147175;4;2;0;0;1;1; -1;9;9;1;50;Blessé léger;1
202300052543;155 587 354;A01;7;0;2;7;15;1;203 726 178;1;1;1;2;1952.0;9;8;0;-1;3;1;2023;13:05;1;81;81004;2;2;1;3;43.9228768;2.147175;4;2;0;0;1;1; -1;1;9;1;50;Indemne;1
202300052543;155 587 354;A01;7;0;2;7;15;1;203 726 178;1;1;1;2;1952.0;9;8;0;-1;3;1;2023;13:05;1;81;81004;2;2;1;3;43.9228768;2.147175;4;2;0;0;1;1; -1;9;9;1;50;Indemne;1
202300052548;155 587 343;A01;1;0;0;0;21;5;203 726 159;1;1;4;2;1962.0;1;2;0;-1;30;3;2023;19:00;1;75;75108;2;2;1;7;48.86412;2.3201;4;1;3;0;1;1; -1;2;0;1;30;Blessé léger;3