Num_Acc;id_vehicule;num_veh;catv;obs;obsm;choc;manv;motor;id_usager;place;catu;grav;sexe;an_nais;trajet;secu1;secu2;secu3;jour;mois;an;hrmn;lum;dep;com;agg;int;atm;col;lat;long;catr;circ;nbv;vosp;prof;plan;larrout;surf;infra;situ;vma;gravity;day_of_week
202300052548;155 587 343;A01;1;0;0;0;21;5;203 726 159;1;1;4;2;1962.0;1;2;0;-1;30;3;2023;19:00;1;75;75108;2;2;1;7;48.86412;2.3201;4;2;4;0;1;1; -1;2;0;1;30;Blessé léger;3
202300052554;155 587 335;A01;80;0;2;1;1;3;203 726 149;1;1;4;1;1967.0;4;8;0;-1;27;9;2023;12:00;1;75;75110;2;2;1;1;48.879724;2.358696;4;-1; -1;1;1;1; -1;1;0;5;30;Blessé léger;2
202300052554;155 587 335;A01;80;0;2;1;1;3;203 726 149;1;1;4;1;1967.0;4;8;0;-1;27;9;2023;12:00;1;75;75110;2;2;1;1;48.879724;2.358696;4;1;1;1;1;1; -1;1;8;5;30;Blessé léger;2
202300052557;155 587 324;A01;80;0;0;0;1;3;203 726 137;1;1;3;1;1998.0;9;8;0;-1;10;6;2023;03:10;5;75;75118;2;1;9;7;48.888522;2.325944;4;2;4;1;2;1; -1;1;0;4;30;Blessé hospitalisé;5
202300052559;155 587 321;A01;1;0;0;0;0;5;203 726 134;1;1;4;1;1982.0;1;2;0;-1;14;7;2023;18:19;1;07;07102;2;9;1;6;44.9254;4.8693;4;2;1;0;1;3; -1;1;0;8;50;Blessé léger;4
202300052563;155 587 313;A01;1;0;2;8;23;5;203 726 125;1;1;4;1;1945.0;5;2;8;-1;11;6;2023;11:48;1;75;75117;2;2;1;2;48.881502;2.281798;4;2;3;2;1;1; -1;1;5;5;30;Blessé léger;6
202300052563;155 587 313;A01;1;0;2;8;23;5;203 726 125;1;1;4;1;1945.0;5;2;8;-1;11;6;2023;11:48;1;75;75117;2;2;1;2;48.881502;2.281798;4;1;1;0;1;1; -1;1;0;1;30;Blessé léger;6
202300052564;155 587 314;A01;7;0;2;1;2;1;203 726 127;1;1;1;2;1988.0;1;1;0;-1;27;9;2023;08:00;1;75;75110;2;2;1;2;48.871243;2.370117;4;-1; -1;0;1;1; -1;1;0;1;30;Indemne;2
202300052564;155 587 314;A01;7;0;2;1;2;1;203 726 127;1;1;1;2;1988.0;1;1;0;-1;27;9;2023;08:00;1;75;75110;2;2;1;2;48.871243;2.370117;4;1;1;0;2;1; -1;1;0;1;30;Indemne;2
202300052564;155 587 320;B01;1;0;2;4;2;5;203 726 133;1;1;4;1;1958.0;1;8;0;-1;27;9;2023;08:00;1;75;75110;2;2;1;2;48.871243;2.370117;4;-1; -1;0;1;1; -1;1;0;1;30;Blessé léger;2
202300052564;155 587 320;B01;1;0;2;4;2;5;203 726 133;1;1;4;1;1958.0;1;8;0;-1;27;9;2023;08:00;1;75;75110;2;2;1;2;48.871243;2.370117;4;1;1;0;2;1; -1;1;0;1;30;Blessé léger;2
202300052569;155 587 297;B01;1;0;2;7;1;5;203 726 108;1;1;4;1;1979.0;0;2;0;-1;3;1;2023;06:30;2;74;74305;2;6;2;2;46.20489;6.281;4;-1;0;0;1;1; -1;2;0;1;50;Blessé léger;1
202300052569;155 587 297;B01;1;0;2;7;1;5;203 726 108;1;1;4;1;1979.0;0;2;0;-1;3;1;2023;06:30;2;74;74305;2;6;2;2;46.20489;6.281;4;-1;2;0;1;2; -1;2;0;1;50;Blessé léger;1
202300052569;155 587 303;A01;99;0;2;2;9;1;203 726 114;1;1;1;1;1973.0;1;1;0;-1;3;1;2023;06:30;2;74;74305;2;6;2;2;46.20489;6.281;4;-1;0;0;1;1; -1;2;0;1;50;Indemne;1
202300052569;155 587 303;A01;99;0;2;2;9;1;203 726 114;1;1;1;1;1973.0;1;1;0;-1;3;1;2023;06:30;2;74;74305;2;6;2;2;46.20489;6.281;4;-1;2;0;1;2; -1;2;0;1;50;Indemne;1
202300052576;155 587 284;A01;1;0;2;8;5;5;203 726 093;1;1;4;1;1977.0;5;2;8;-1;11;6;2023;14:15;1;75;75107;2;1;8;3;48.86282;2.31841;4;2;6;1;1;1; -1;1;0;1;30;Blessé léger;6
202300052576;155 587 287;B01;33;0;2;1;1;1;203 726 095;1;1;1;1;1969.0;5;2;8;-1;11;6;2023;14:15;1;75;75107;2;1;8;3;48.86282;2.31841;4;2;6;1;1;1; -1;1;0;1;30;Indemne;6
202300052578;155 587 296;B01;7;0;2;7;1;1;203 726 107;1;1;1;2;1997.0;5;1;0;-1;26;9;2023;23:09;5;75;75107;2;3;1;3;48.85897405;2.29336381;4;2; -1;-1;1;1; -1;1;0;1;-1;Indemne;1
202300052578;155 587 296;B01;7;0;2;7;1;1;203 726 107;1;1;1;2;1997.0;5;1;0;-1;26;9;2023;23:09;5;75;75107;2;3;1;3;48.85897405;2.29336381;4;1;2;0;1;1; -1;1;0;1;30;Indemne;1
202300052578;155 587 301;A01;80;0;2;8;15;3;203 726 112;1;1;4;2;1993.0;5;2;0;-1;26;9;2023;23:09;5;75;75107;2;3;1;3;48.85897405;2.29336381;4;2; -1;-1;1;1; -1;1;0;1;-1;Blessé léger;1
202300052578;155 587 301;A01;80;0;2;8;15;3;203 726 112;1;1;4;2;1993.0;5;2;0;-1;26;9;2023;23:09;5;75;75107;2;3;1;3;48.85897405;2.29336381;4;1;2;0;1;1; -1;1;0;1;30;Blessé léger;1
202300052580;155 587 280;B01;1;0;2;7;15;5;203 726 089;1;1;3;1;1983.0;1;2;0;-1;30;3;2023;07:10;1;93;93051;2;6;1;1;48.84332;2.54353;3;3;4;3;1;1; -1;1;0;1;-1;Blessé hospitalisé;3
202300052580;155 587 280;B01;1;0;2;7;15;5;203 726 089;1;1;3;1;1983.0;1;2;0;-1;30;3;2023;07:10;1;93;93051;2;6;1;1;48.84332;2.54353;3;2;1;0;2;2; -1;1;0;1;50;Blessé hospitalisé;3
202300052580;155 587 282;A01;7;0;2;1;16;1;203 726 091;1;1;1;1;1981.0;1;1;0;-1;30;3;2023;07:10;1;93;93051;2;6;1;1;48.84332;2.54353;3;3;4;3;1;1; -1;1;0;1;-1;Indemne;3
202300052580;155 587 282;A01;7;0;2;1;16;1;203 726 091;1;1;1;1;1981.0;1;1;0;-1;30;3;2023;07:10;1;93;93051;2;6;1;1;48.84332;2.54353;3;2;1;0;2;2; -1;1;0;1;50;Indemne;3
202300052584;155 587 270;A01;1;0;2;1;2;5;203 726 078;1;1;4;2;1999.0;5;8;0;-1;26;9;2023;20:05;5;75;75103;2;2;1;2;48.86121;2.35818;4;1;1;0;1;1; -1;1;0;1;30;Blessé léger;1
202300052584;155 587 270;A01;1;0;2;1;2;5;203 726 078;1;1;4;2;1999.0;5;8;0;-1;26;9;2023;20:05;5;75;75103;2;2;1;2;48.86121;2.35818;4;2;2;0;1;1; -1;1;0;1;30;Blessé léger;1
202300052584;155 587 273;B01;7;0;2;5;23;2;203 726 081;1;1;1;1;1985.0;4;1;0;-1;26;9;2023;20:05;5;75;75103;2;2;1;2;48.86121;2.35818;4;1;1;0;1;1; -1;1;0;1;30;Indemne;1
202300052584;155 587 273;B01;7;0;2;5;23;2;203 726 081;1;1;1;1;1985.0;4;1;0;-1;26;9;2023;20:05;5;75;75103;2;2;1;2;48.86121;2.35818;4;2;2;0;1;1; -1;1;0;1;30;Indemne;1
202300052592;155 587 259;A01;1;0;2;2;16;5;203 726 066;1;1;4;2;1972.0;9;8;0;-1;15;7;2023;16:43;1;75;75105;2;3;1;3;48.849118;2.357576;4;-1; -1;0;1;1; -1;1;0;1;20;Blessé léger;5
202300052592;155 587 259;A01;1;0;2;2;16;5;203 726 066;1;1;4;2;1972.0;9;8;0;-1;15;7;2023;16:43;1;75;75105;2;3;1;3;48.849118;2.357576;4;2;2;1;1;1; -1;1;0;5;20;Blessé léger;5
202300052592;155 587 262;B01;1;0;0;2;2;5;203 726 069;1;1;1;1;1998.0;9;8;0;-1;15;7;2023;16:43;1;75;75105;2;3;1;3;48.849118;2.357576;4;-1; -1;0;1;1; -1;1;0;1;20;Indemne;5
202300052592;155 587 262;B01;1;0;0;2;2;5;203 726 069;1;1;1;1;1998.0;9;8;0;-1;15;7;2023;16:43;1;75;75105;2;3;1;3;48.849118;2.357576;4;2;2;1;1;1; -1;1;0;5;20;Indemne;5
202300052598;155 587 245;A01;1;0;2;1;1;5;203 726 051;1;1;4;1;2003.0;1;2;0;-1;27;9;2023;10:00;1;94;94017;2;2;1;2;48.80704721;2.53559558;3;2;2;0;1;1; -1;1;5;1;50;Blessé léger;2
202300052598;155 587 245;A01;1;0;2;1;1;5;203 726 051;1;1;4;1;2003.0;1;2;0;-1;27;9;2023;10:00;1;94;94017;2;2;1;2;48.80704721;2.53559558;3;1;1;0;1;1; -1;1;0;1;30;Blessé léger;2
202300052598;155 587 248;B01;7;0;2;4;23;1;203 726 054;1;1;1;1;1960.0;5;1;0;-1;27;9;2023;10:00;1;94;94017;2;2;1;2;48.80704721;2.53559558;3;2;2;0;1;1; -1;1;5;1;50;Indemne;2
202300052598;155 587 248;B01;7;0;2;4;23;1;203 726 054;1;1;1;1;1960.0;5;1;0;-1;27;9;2023;10:00;1;94;94017;2;2;1;2;48.80704721;2.53559558;3;1;1;0;1;1; -1;1;0;1;30;Indemne;2
202300052612;155 587 221;A01;10;0;2;3;26;1;203 726 023;1;1;1;2;1995.0;5;1;0;-1;27;9;2023;08:10;1;93;93078;2;9;1;3;48.96172928;2.55786046;3;3;4;0;1;1;0;1;0;4;50;Indemne;2
202300052612;155 587 229;B01;1;0;2;1;25;5;203 726 035;1;1;4;2;1981.0;0;2;0;-1;27;9;2023;08:10;1;93;93078;2;9;1;3;48.96172928;2.55786046;3;3;4;0;1;1;0;1;0;4;50;Blessé léger;2
202300052616;155 587 212;A01;1;0;0;8;1;5;203 726 013;1;1;4;1;1995.0;1;8;0;-1;15;7;2023;09:15;1;75;75108;2;2;2;7;48.87512;2.296029;4;2;3;2;1;1; -1;2;0;1;50;Blessé léger;5
202300052616;155 587 212;A01;1;0;0;8;1;5;203 726 013;1;1;4;1;1995.0;1;8;0;-1;15;7;2023;09:15;1;75;75108;2;2;2;7;48.87512;2.296029;4;2; -1;0;1;1; -1;2;0;1;30;Blessé léger;5
202300052621;155 587 207;A01;7;0;2;0;1;1;203 726 008;1;1;1;1;1992.0;0;1;0;-1;3;1;2023;16:20;1;54;54578;1;1;1;2;48.65642456;6.1269781;4;2;2;0;1;1; -1;1;0;1;70;Indemne;1
202300052621;155 587 209;B01;80;0;2;0;1;3;203 726 010;1;1;2;2;1966.0;0;2;0;-1;3;1;2023;16:20;1;54;54578;1;1;1;2;48.65642456;6.1269781;4;2;2;0;1;1; -1;1;0;1;70;Tué;1
202300052623;155 587 206;B01;1;0;2;4;1;5;203 726 007;1;1;4;1;2000.0;5;8;0;-1;15;7;2023;02:45;5;75;75108;2;7;1;2;48.87339987;2.29571342;4;-1; -1;0;1;1; -1;1;0;1;30;Blessé léger;5
202300052623;155 587 206;B01;1;0;2;4;1;5;203 726 007;1;1;4;1;2000.0;5;8;0;-1;15;7;2023;02:45;5;75;75108;2;7;1;2;48.87339987;2.29571342;4;1;1;0;1;2; -1;1;5;1;50;Blessé léger;5
202300052627;155 587 192;A01;1;0;2;0;1;5;203 725 991;1;1;1;1;2000.0;-1;8;0;-1;15;7;2023;01:10;5;75;75107;2;1;1;1;48.858881;2.331216;4;2;4;1;1;1; -1;1;0;1;30;Indemne;5
202300052627;155 587 196;B01;1;0;2;7;1;5;203 725 996;1;1;4;1;2001.0;9;8;0;-1;15;7;2023;01:10;5;75;75107;2;1;1;1;48.858881;2.331216;4;2;4;1;1;1; -1;1;0;1;30;Blessé léger;5
202300052634;155 587 181;A01;1;0;2;5;0;5;203 725 979;1;1;4;1;2008.0;2;8;0;-1;3;1;2023;12:15;1;37;37214;2;2;7;3;47.41288;0.66719;4;2;4;1;1;1; -1;1;5;1;30;Blessé léger;1
202300052634;155 587 181;A01;1;0;2;5;0;5;203 725 979;1;1;4;1;2008.0;2;8;0;-1;3;1;2023;12:15;1;37;37214;2;2;7;3;47.41288;0.66719;4;2;4;2;1;1; -1;1;5;1;30;Blessé léger;1
202300052634;155 587 182;B01;7;0;2;2;1;1;203 725 980;1;1;1;1;1953.0;5;1;0;-1;3;1;2023;12:15;1;37;37214;2;2;7;3;47.41288;0.66719;4;2;4;1;1;1; -1;1;5;1;30;Indemne;1
202300052634;155 587 182;B01;7;0;2;2;1;1;203 725 980;1;1;1;1;1953.0;5;1;0;-1;3;1;2023;12:15;1;37;37214;2;2;7;3;47.41288;0.66719;4;2;4;2;1;1; -1;1;5;1;30;Indemne;1
202300052643;155 587 166;A01;1;9;2;8;15;5;203 725 960;1;1;4;2;1957.0;5;8;-1;-1;3;1;2023;11:10;1;35;35238;2;2;1;3;48.09813;-1.65553;4;2;2;1;1;1; -1;1;0;1;50;Blessé léger;1
202300052643;155 587 166;A01;1;9;2;8;15;5;203 725 960;1;1;4;2;1957.0;5;8;-1;-1;3;1;2023;11:10;1;35;35238;2;2;1;3;48.09813;-1.65553;4;2;3;3;1;1; -1;1;0;1;50;Blessé léger;1
202300052643;155 587 169;B01;33;0;2;2;2;1;203 725 963;1;1;1;1;1956.0;5;2;-1;-1;3;1;2023;11:10;1;35;35238;2;2;1;3;48.09813;-1.65553;4;2;2;1;1;1; -1;1;0;1;50;Indemne;1
202300052643;155 587 169;B01;33;0;2;2;2;1;203 725 963;1;1;1;1;1956.0;5;2;-1;-1;3;1;2023;11:10;1;35;35238;2;2;1;3;48.09813;-1.65553;4;2;3;3;1;1; -1;1;0;1;50;Indemne;1
202300052645;155 587 167;A01;1;0;2;3;15;5;203 725 961;1;1;4;2;2010.0;2;8;0;-1;27;9;2023;08:30;1;93;93079;2;3;1;3;48.951627;2.342936;3;3;2;3;1;1; -1;1;0;1;50;Blessé léger;2
202300052645;155 587 167;A01;1;0;2;3;15;5;203 725 961;1;1;4;2;2010.0;2;8;0;-1;27;9;2023;08:30;1;93;93079;2;3;1;3;48.951627;2.342936;3;1;1;2;1;1; -1;1;0;1;50;Blessé léger;2
202300052647;155 587 162;B01;1;0;2;1;1;5;203 725 966;1;1;4;2;1968.0;0;2;0;-1;29;11;2023;13:25;1;06;06069;2;6;1;3;43.6451203;6.940074;4;1;2;0;1;2;7;1;5;1;50;Blessé léger;2
202300052647;155 587 173;A01;7;0;9;3;9;1;203 725 970;1;1;1;2;1978.0;0;1;0;-1;29;11;2023;13:25;1;06;06069;2;6;1;3;43.6451203;6.940074;4;1;2;0;1;2;7;1;5;1;50;Indemne;2
202300052649;155 587 157;A01;7;0;2;1;1;1;203 725 950;2;2;1;2;1980.0;1;1;-1;-1;3;1;2023;07:25;5;35;35238;2;6;1;3;48.09903;-1.68422;4;1;1;2;1;1; -1;1;0;1;30;Indemne;1
202300052649;155 587 157;A01;7;0;2;1;1;1;203 725 950;2;2;1;2;1980.0;1;1;-1;-1;3;1;2023;07:25;5;35;35238;2;6;1;3;48.09903;-1.68422;4;2;2;0;1;1; -1;1;0;1;30;Indemne;1
202300052649;155 587 157;A01;7;0;2;1;1;1;203 725 951;1;1;1;1;1977.0;1;1;-1;-1;3;1;2023;07:25;5;35;35238;2;6;1;3;48.09903;-1.68422;4;1;1;2;1;1; -1;1;0;1;30;Indemne;1
202300052649;155 587 157;A01;7;0;2;1;1;1;203 725 951;1;1;1;1;1977.0;1;1;-1;-1;3;1;2023;07:25;5;35;35238;2;6;1;3;48.09903;-1.68422;4;2;2;0;1;1; -1;1;0;1;30;Indemne;1
202300052649;155 587 161;B01;1;0;2;7;1;5;203 725 955;1;1;4;1;1990.0;1;8;-1;-1;3;1;2023;07:25;5;35;35238;2;6;1;3;48.09903;-1.68422;4;1;1;2;1;1; -1;1;0;1;30;Blessé léger;1
202300052649;155 587 161;B01;1;0;2;7;1;5;203 725 955;1;1;4;1;1990.0;1;8;-1;-1;3;1;2023;07:25;5;35;35238;2;6;1;3;48.09903;-1.68422;4;2;2;0;1;1; -1;1;0;1;30;Blessé léger;1
202300052659;155 587 139;A01;1;0;2;2;18;5;203 725 926;1;1;4;1;2007.0;5;8;0;-1;14;2;2023;16:45;1;974;97411;2;1;1;2;-20.89319;55.45257;4;2;2;0;2;1; -1;1;0;1;50;Blessé léger;1
202300052659;155 587 142;B01;7;0;2;5;23;1;203 725 928;1;1;1;1;1964.0;5;1;0;-1;14;2;2023;16:45;1;974;97411;2;1;1;2;-20.89319;55.45257;4;2;2;0;2;1; -1;1;0;1;50;Indemne;1
202300052664;155 587 132;A01;7;1;0;0;0;1;203 725 916;1;1;1;2;1976.0;1;8;0;-1;3;1;2023;08:15;1;17;17415;2;1;5;3;45.74665;-0.62402;4;2;2;0;1;1; -1;1;0;1;50;Indemne;1
202300052664;155 587 135;B01;1;1;0;2;0;5;203 725 919;1;1;4;1;2006.0;0;8;0;-1;3;1;2023;08:15;1;17;17415;2;1;5;3;45.74665;-0.62402;4;2;2;0;1;1; -1;1;0;1;50;Blessé léger;1
202300052676;155 587 115;A01;1;0;1;1;1;5;203 725 891;10;3;4;2;1944.0;3;0;-1;-1;14;2;2023;15:30;1;69;69382;2;1;1;6;45.75742125;4.83607666;4;1;1;2;1;1; -1;1;0;5;30;Blessé léger;1
202300052676;155 587 115;A01;1;0;1;1;1;5;203 725 892;1;1;1;1;2004.0;1;2;-1;-1;14;2;2023;15:30;1;69;69382;2;1;1;6;45.75742125;4.83607666;4;1;1;2;1;1; -1;1;0;5;30;Indemne;1
202300052682;155 587 102;B01;1;0;2;7;0;5;203 725 875;1;1;4;1;1985.0;1;8;0;-1;2;1;2023;18:00;5;07;07102;2;6;2;1;44.93999;4.86521;4;-1;2;0;1;3; -1;2;0;1;50;Blessé léger;0
202300052682;155 587 102;B01;1;0;2;7;0;5;203 725 875;1;1;4;1;1985.0;1;8;0;-1;2;1;2023;18:00;5;07;07102;2;6;2;1;44.93999;4.86521;4;-1;2;0;1;2; -1;2;0;1;50;Blessé léger;0
202300052682;155 587 106;A01;7;0;2;1;9;1;203 725 879;1;1;1;1;1984.0;0;1;0;-1;2;1;2023;18:00;5;07;07102;2;6;2;1;44.93999;4.86521;4;-1;2;0;1;3; -1;2;0;1;50;Indemne;0
202300052682;155 587 106;A01;7;0;2;1;9;1;203 725 879;1;1;1;1;1984.0;0;1;0;-1;2;1;2023;18:00;5;07;07102;2;6;2;1;44.93999;4.86521;4;-1;2;0;1;2; -1;2;0;1;50;Indemne;0
202300052688;155 587 092;A01;1;12;0;7;16;5;203 725 860;1;1;4;2;1961.0;1;8;4;-1;27;9;2023;09:50;1;92;92020;2;1;1;7;48.80769077;2.29479969;3;1;1;1;1;1; -1;1;0;4;30;Blessé léger;2
202300052689;155 587 088;A01;7;0;9;1;1;1;203 725 855;1;1;1;2;1947.0;5;1;-1;-1;15;7;2023;11:15;1;972;97207;1;1;1;1;14.567032;-60.965967;2;2;2;0;2;2;6;1;0;1;80;Indemne;5
202300052689;155 587 090;B01;1;0;2;1;5;5;203 725 858;1;1;3;1;1999.0;9;2;-1;-1;15;7;2023;11:15;1;972;97207;1;1;1;1;14.567032;-60.965967;2;2;2;0;2;2;6;1;0;1;80;Blessé hospitalisé;5
202300052718;155 587 031;B01;1;0;2;1;1;5;203 725 774;1;1;4;1;1974.0;1;2;8;-1;3;1;2023;08:07;2;75;75113;2;2;1;3;48.832207;2.379707;4;2;3;1;1;1; -1;1;-1;5;30;Blessé léger;1
202300052718;155 587 031;B01;1;0;2;1;1;5;203 725 774;1;1;4;1;1974.0;1;2;8;-1;3;1;2023;08:07;2;75;75113;2;2;1;3;48.832207;2.379707;4;2;4;1;2;1; -1;1;-1;5;30;Blessé léger;1
202300052718;155 587 033;A01;7;0;2;1;1;2;203 725 775;1;1;1;1;1988.0;2;1;0;-1;3;1;2023;08:07;2;75;75113;2;2;1;3;48.832207;2.379707;4;2;3;1;1;1; -1;1;-1;5;30;Indemne;1
202300052718;155 587 033;A01;7;0;2;1;1;2;203 725 775;1;1;1;1;1988.0;2;1;0;-1;3;1;2023;08:07;2;75;75113;2;2;1;3;48.832207;2.379707;4;2;4;1;2;1; -1;1;-1;5;30;Indemne;1
202300052727;155 587 020;A01;80;0;0;2;1;3;203 725 762;1;1;4;2;2000.0;2;2;0;-1;2;1;2023;09:30;2;75;75102;2;2;2;7;48.86476299;2.3467961;4;1;1;0;1;1; -1;2;6;1;30;Blessé léger;0
202300052727;155 587 020;A01;80;0;0;2;1;3;203 725 762;1;1;4;2;2000.0;2;2;0;-1;2;1;2023;09:30;2;75;75102;2;2;2;7;48.86476299;2.3467961;4;1;0;0;1;1; -1;2;6;1;30;Blessé léger;0
202300052740;155 586 993;A01;7;0;2;3;22;1;203 725 725;1;1;1;1;1972.0;9;1;8;-1;3;1;2023;09:44;1;93;93048;2;1;1;6;48.856712;2.428173;3;2;2;0;1;1; -1;1;0;1;30;Indemne;1
202300052740;155 586 994;Y01;1;1;0;1;1;5;203 725 726;1;1;4;1;1991.0;9;2;-1;-1;3;1;2023;09:44;1;93;93048;2;1;1;6;48.856712;2.428173;3;2;2;0;1;1; -1;1;0;1;30;Blessé léger;1
202300052771;155 586 938;B01;7;0;9;3;15;1;203 725 657;1;1;1;2;1978.0;5;1;-1;-1;3;1;2023;10:10;1;62;62338;1;3;1;1;50.634574;2.835296;4;2;2;0;1;1;4;2;0;1;80;Indemne;1
202300052771;155 586 941;A01;1;0;2;1;0;5;203 725 660;1;1;3;1;1955.0;5;2;-1;-1;3;1;2023;10:10;1;62;62338;1;3;1;1;50.634574;2.835296;4;2;2;0;1;1;4;2;0;1;80;Blessé hospitalisé;1
202300052803;155 586 890;B01;1;0;2;1;1;5;203 725 595;1;1;3;1;1981.0;9;2;6;-1;13;2;2023;08:36;1;75;75118;2;3;1;1;48.890875;2.353257;4;1; -1;-1;1;1; -1;1;0;1;-1;Blessé hospitalisé;0
202300052803;155 586 890;B01;1;0;2;1;1;5;203 725 595;1;1;3;1;1981.0;9;2;6;-1;13;2;2023;08:36;1;75;75118;2;3;1;1;48.890875;2.353257;4;2;2;0;1;1; -1;1;0;1;30;Blessé hospitalisé;0
202300052803;155 586 891;A01;7;9;2;1;15;1;203 725 597;1;1;1;1;1970.0;1;1;0;-1;13;2;2023;08:36;1;75;75118;2;3;1;1;48.890875;2.353257;4;1; -1;-1;1;1; -1;1;0;1;-1;Indemne;0
202300052803;155 586 891;A01;7;9;2;1;15;1;203 725 597;1;1;1;1;1970.0;1;1;0;-1;13;2;2023;08:36;1;75;75118;2;3;1;1;48.890875;2.353257;4;2;2;0;1;1; -1;1;0;1;30;Indemne;0
202300052807;155 586 885;A01;10;0;2;1;15;1;203 725 588;1;1;1;1;1958.0;4;1;0;-1;14;2;2023;11:45;1;75;75120;2;2;1;3;48.866528;2.399889;4;2;3;1;2;1; -1;1;-1;6;30;Indemne;1
202300052807;155 586 885;A01;10;0;2;1;15;1;203 725 588;1;1;1;1;1958.0;4;1;0;-1;14;2;2023;11:45;1;75;75120;2;2;1;3;48.866528;2.399889;4;1; -1;-1;1;1; -1;1;-1;6;-1;Indemne;1
202300052807;155 586 887;B01;1;0;2;8;15;5;203 725 592;1;1;4;1;2010.0;2;8;0;-1;14;2;2023;11:45;1;75;75120;2;2;1;3;48.866528;2.399889;4;2;3;1;2;1; -1;1;-1;6;30;Blessé léger;1
202300052807;155 586 887;B01;1;0;2;8;15;5;203 725 592;1;1;4;1;2010.0;2;8;0;-1;14;2;2023;11:45;1;75;75120;2;2;1;3;48.866528;2.399889;4;1; -1;-1;1;1; -1;1;-1;6;-1;Blessé léger;1
202300052808;155 586 883;B01;1;0;2;3;1;5;203 725 586;1;1;3;1;1993.0;0;2;4;-1;4;1;2023;07:10;3;45;45327;1;1;2;3;47.984687;2.094001;3;2;2;0;1;2;5,5;2;0;1;80;Blessé hospitalisé;2
202300052808;155 586 884;A01;7;0;2;3;13;1;203 725 587;1;1;1;1;1991.0;1;1;-1;-1;4;1;2023;07:10;3;45;45327;1;1;2;3;47.984687;2.094001;3;2;2;0;1;2;5,5;2;0;1;80;Indemne;2
202300052808;155 586 884;A01;7;0;2;3;13;1;203 725 589;2;2;1;1;2004.0;1;1;-1;-1;4;1;2023;07:10;3;45;45327;1;1;2;3;47.984687;2.094001;3;2;2;0;1;2;5,5;2;0;1;80;Indemne;2
202300052825;155 586 851;A01;7;0;2;2;16;1;203 725 544;1;1;1;1;1991.0;1;1;-1;-1;28;9;2023;14:15;1;07;07324;2;6;1;3;45.050604;4.832101;3;2;1;2;1;3;3;1;0;5;-1;Indemne;3
202300052825;155 586 854;B01;1;0;2;3;1;5;203 725 547;1;1;3;2;1966.0;1;0;-1;-1;28;9;2023;14:15;1;07;07324;2;6;1;3;45.050604;4.832101;3;2;1;2;1;3;3;1;0;5;-1;Blessé hospitalisé;3
202300052828;155 586 843;A01;1;0;1;1;1;5;203 725 533;1;1;1;1;1976.0;5;2;0;-1;14;2;2023;20:25;5;75;75113;2;1;1;6;48.829316;2.356298;4;2;6;1;1;1; -1;1;-1;5;30;Indemne;1
202300052828;155 586 843;A01;1;0;1;1;1;5;203 725 534;10;3;4;1;1961.0;1;-1;-1;-1;14;2;2023;20:25;5;75;75113;2;1;1;6;48.829316;2.356298;4;2;6;1;1;1; -1;1;-1;5;30;Blessé léger;1
202300052831;155 586 838;A01;7;0;2;2;16;1;203 725 528;1;1;1;1;1993.0;9;1;8;-1;13;2;2023;22:40;5;75;75113;2;3;1;3;48.834864;2.353214;4;2;4;3;1;1; -1;1;-1;6;30;Indemne;0
202300052831;155 586 838;A01;7;0;2;2;16;1;203 725 528;1;1;1;1;1993.0;9;1;8;-1;13;2;2023;22:40;5;75;75113;2;3;1;3;48.834864;2.353214;4;2; -1;-1;1;1; -1;1;-1;6;-1;Indemne;0
202300052831;155 586 840;B01;80;0;2;8;1;3;203 725 530;1;1;4;1;1990.0;4;8;0;-1;13;2;2023;22:40;5;75;75113;2;3;1;3;48.834864;2.353214;4;2;4;3;1;1; -1;1;-1;6;30;Blessé léger;0
202300052831;155 586 840;B01;80;0;2;8;1;3;203 725 530;1;1;4;1;1990.0;4;8;0;-1;13;2;2023;22:40;5;75;75113;2;3;1;3;48.834864;2.353214;4;2; -1;-1;1;1; -1;1;-1;6;-1;Blessé léger;0
202300052835;155 586 833;A01;7;0;2;1;15;1;203 725 521;1;1;1;1;1961.0;9;1;0;-1;14;2;2023;20:15;5;75;75111;2;3;1;3;48.865578;2.367042;4;2;4;2;1;2; -1;1;-1;5;30;Indemne;1
202300052835;155 586 833;A01;7;0;2;1;15;1;203 725 521;1;1;1;1;1961.0;9;1;0;-1;14;2;2023;20:15;5;75;75111;2;3;1;3;48.865578;2.367042;4;2; -1;-1;1;1; -1;1;-1;5;-1;Indemne;1
202300052835;155 586 835;B01;1;0;2;8;1;5;203 725 524;1;1;4;2;1989.0;9;8;0;-1;14;2;2023;20:15;5;75;75111;2;3;1;3;48.865578;2.367042;4;2;4;2;1;2; -1;1;-1;5;30;Blessé léger;1
202300052835;155 586 835;B01;1;0;2;8;1;5;203 725 524;1;1;4;2;1989.0;9;8;0;-1;14;2;2023;20:15;5;75;75111;2;3;1;3;48.865578;2.367042;4;2; -1;-1;1;1; -1;1;-1;5;-1;Blessé léger;1
202300052838;155 586 823;B01;7;0;2;3;9;1;203 725 505;1;1;1;1;1970.0;4;1;0;-1;27;9;2023;14:18;1;91;91179;1;1;1;3;48.563;2.48003;1;3;3;0;1;1;14;1;0;1;110;Indemne;2