Num_Acc;id_vehicule;num_veh;catv;obs;obsm;choc;manv;motor;id_usager;place;catu;grav;sexe;an_nais;trajet;secu1;secu2;secu3;jour;mois;an;hrmn;lum;dep;com;agg;int;atm;col;lat;long;catr;circ;nbv;vosp;prof;plan;larrout;surf;infra;situ;vma;gravity;day_of_week
202300052838;155 586 825;A01;1;0;2;2;1;5;203 725 507;1;1;4;1;1980.0;5;8;0;-1;27;9;2023;14:18;1;91;91179;1;1;1;3;48.563;2.48003;1;3;3;0;1;1;14;1;0;1;110;Blessé léger;2
202300052841;155 586 818;A01;80;0;1;5;1;3;203 725 500;1;1;1;1;1989.0;4;8;8;-1;13;2;2023;17:40;5;75;75101;2;2;1;6;48.861985;2.350157;4;2;5;1;1;1; -1;1;-1;5;30;Indemne;0
202300052841;155 586 818;A01;80;0;1;5;1;3;203 725 500;1;1;1;1;1989.0;4;8;8;-1;13;2;2023;17:40;5;75;75101;2;2;1;6;48.861985;2.350157;4;-1;0;3;1;1; -1;1;-1;5;30;Indemne;0
202300052841;155 586 818;A01;80;0;1;5;1;3;203 725 502;10;3;4;2;1990.0;5;0;-1;-1;13;2;2023;17:40;5;75;75101;2;2;1;6;48.861985;2.350157;4;2;5;1;1;1; -1;1;-1;5;30;Blessé léger;0
202300052841;155 586 818;A01;80;0;1;5;1;3;203 725 502;10;3;4;2;1990.0;5;0;-1;-1;13;2;2023;17:40;5;75;75101;2;2;1;6;48.861985;2.350157;4;-1;0;3;1;1; -1;1;-1;5;30;Blessé léger;0
202300052867;155 586 778;A01;1;0;2;7;1;5;203 725 443;1;1;4;1;2006.0;0;8;0;-1;17;7;2023;22:35;3;74;74012;2;1;1;3;46.19476;6.24188;4;2;3;2;1;1; -1;1;0;1;50;Blessé léger;0
202300052883;155 586 747;A01;7;0;2;2;1;1;203 725 387;1;1;1;1;1972.0;5;1;0;-1;13;2;2023;10:51;1;92;92075;2;2;1;3;48.82195;2.28925;4;1;2;1;1;1; -1;1;0;1;50;Indemne;0
202300052883;155 586 748;B01;1;0;2;6;1;5;203 725 389;1;1;4;1;1949.0;5;8;0;-1;13;2;2023;10:51;1;92;92075;2;2;1;3;48.82195;2.28925;4;1;2;1;1;1; -1;1;0;1;50;Blessé léger;0
202300052891;155 586 730;A01;37;0;2;8;1;1;203 725 368;1;1;1;1;1988.0;4;1;0;-1;14;2;2023;13:00;1;92;92025;2;1;1;3;48.930977;2.267215;3;-1;8;0;1;1; -1;1;0;1;50;Indemne;1
202300052891;155 586 731;B01;1;0;2;7;1;5;203 725 369;1;1;4;1;1985.0;3;2;0;-1;14;2;2023;13:00;1;92;92025;2;1;1;3;48.930977;2.267215;3;-1;8;0;1;1; -1;1;0;1;50;Blessé léger;1
202300052908;155 586 708;B01;1;0;2;4;1;5;203 725 327;1;1;4;1;1947.0;5;0;-1;-1;15;2;2023;16:40;1;17;17387;1;1;1;2;45.804865;-0.749438;4;2;2;0;1;1; -1;1;0;1;50;Blessé léger;2
202300052920;155 586 684;B01;1;0;0;6;1;5;203 725 297;1;1;3;1;1952.0;5;2;-1;-1;13;2;2023;09:50;1;19;19248;1;1;1;3;45.462539;1.553621;3;2;2;0;1;1; -1;1;0;1;90;Blessé hospitalisé;0
202300052920;155 586 685;A01;7;0;9;2;17;1;203 725 298;1;1;1;1;1985.0;1;8;-1;-1;13;2;2023;09:50;1;19;19248;1;1;1;3;45.462539;1.553621;3;2;2;0;1;1; -1;1;0;1;90;Indemne;0
202300052921;155 586 681;B01;1;0;2;1;1;5;203 725 294;1;1;4;1;2005.0;0;8;0;-1;1;1;2023;15:50;1;71;71076;2;3;1;3;46.78457;4.84474;4;2;2;0;2;1; -1;1;0;1;50;Blessé léger;6
202300052921;155 586 681;B01;1;0;2;1;1;5;203 725 294;1;1;4;1;2005.0;0;8;0;-1;1;1;2023;15:50;1;71;71076;2;3;1;3;46.78457;4.84474;4;2;2;0;2;1; -1;1;0;1;50;Blessé léger;6
202300052921;155 586 683;A01;7;0;2;8;19;1;203 725 296;1;1;1;2;1942.0;0;1;0;-1;1;1;2023;15:50;1;71;71076;2;3;1;3;46.78457;4.84474;4;2;2;0;2;1; -1;1;0;1;50;Indemne;6
202300052921;155 586 683;A01;7;0;2;8;19;1;203 725 296;1;1;1;2;1942.0;0;1;0;-1;1;1;2023;15:50;1;71;71076;2;3;1;3;46.78457;4.84474;4;2;2;0;2;1; -1;1;0;1;50;Indemne;6
202300052928;155 586 671;A01;1;0;2;1;13;5;203 725 280;1;1;3;2;2004.0;5;2;-1;-1;5;7;2023;10:30;1;74;74237;1;1;1;1;46.39284245;6.78975313;3;2;2;0;1;1;7;1;0;1;80;Blessé hospitalisé;2
202300052928;155 586 673;B01;7;0;9;3;1;1;203 725 283;1;1;1;1;1953.0;5;1;-1;-1;5;7;2023;10:30;1;74;74237;1;1;1;1;46.39284245;6.78975313;3;2;2;0;1;1;7;1;0;1;80;Indemne;2
202300052929;155 586 669;A01;1;0;2;6;15;5;203 725 279;1;1;1;2;1995.0;9;2;0;-1;26;10;2023;12:45;1;75;75105;2;3;1;3;48.848806;2.341764;4;-1;3;3;2;1; -1;1;0;1;30;Indemne;3
202300052929;155 586 669;A01;1;0;2;6;15;5;203 725 279;1;1;1;2;1995.0;9;2;0;-1;26;10;2023;12:45;1;75;75105;2;3;1;3;48.848806;2.341764;4;1; -1;-1;1;1; -1;1;0;1;-1;Indemne;3
202300052929;155 586 672;B01;50;0;2;1;17;3;203 725 281;1;1;3;1;1986.0;9;2;8;-1;26;10;2023;12:45;1;75;75105;2;3;1;3;48.848806;2.341764;4;-1;3;3;2;1; -1;1;0;1;30;Blessé hospitalisé;3
202300052929;155 586 672;B01;50;0;2;1;17;3;203 725 281;1;1;3;1;1986.0;9;2;8;-1;26;10;2023;12:45;1;75;75105;2;3;1;3;48.848806;2.341764;4;1; -1;-1;1;1; -1;1;0;1;-1;Blessé hospitalisé;3
202300052931;155 586 665;B01;1;0;2;8;1;5;203 725 274;1;1;3;1;1966.0;5;2;-1;-1;28;6;2023;19:25;2;74;74272;1;3;1;3;45.943108;6.028002;3;2;2;0;2;1;4;1;0;1;70;Blessé hospitalisé;2
202300052931;155 586 665;B01;1;0;2;8;1;5;203 725 274;1;1;3;1;1966.0;5;2;-1;-1;28;6;2023;19:25;2;74;74272;1;3;1;3;45.943108;6.028002;3;2;2;0;2;1;4;1;0;1;70;Blessé hospitalisé;2
202300052931;155 586 667;A01;7;0;0;8;15;1;203 725 277;1;1;1;2;1978.0;1;1;-1;-1;28;6;2023;19:25;2;74;74272;1;3;1;3;45.943108;6.028002;3;2;2;0;2;1;4;1;0;1;70;Indemne;2
202300052931;155 586 667;A01;7;0;0;8;15;1;203 725 277;1;1;1;2;1978.0;1;1;-1;-1;28;6;2023;19:25;2;74;74272;1;3;1;3;45.943108;6.028002;3;2;2;0;2;1;4;1;0;1;70;Indemne;2
202300052933;155 586 664;A01;1;7;1;1;21;5;203 725 273;1;1;4;1;1956.0;5;2;8;-1;30;11;2023;08:30;1;75;75105;2;3;1;6;48.851662;2.347762;4;1; -1;-1;1;1; -1;1;0;5;-1;Blessé léger;3
202300052933;155 586 664;A01;1;7;1;1;21;5;203 725 273;1;1;4;1;1956.0;5;2;8;-1;30;11;2023;08:30;1;75;75105;2;3;1;6;48.851662;2.347762;4;1;2;2;1;1; -1;1;0;5;30;Blessé léger;3
202300052933;155 586 664;A01;1;7;1;1;21;5;203 725 275;10;3;1;1;2006.0;2;0;-1;-1;30;11;2023;08:30;1;75;75105;2;3;1;6;48.851662;2.347762;4;1; -1;-1;1;1; -1;1;0;5;-1;Indemne;3
202300052933;155 586 664;A01;1;7;1;1;21;5;203 725 275;10;3;1;1;2006.0;2;0;-1;-1;30;11;2023;08:30;1;75;75105;2;3;1;6;48.851662;2.347762;4;1;2;2;1;1; -1;1;0;5;30;Indemne;3
202300052937;155 586 656;B01;1;0;2;7;1;5;203 725 262;1;1;3;1;1991.0;1;2;-1;-1;19;6;2023;06:45;2;74;74016;2;6;1;3;46.139415;6.123564;4;1;1;0;1;2; -1;1;5;1;30;Blessé hospitalisé;0
202300052937;155 586 657;A01;7;0;2;3;9;3;203 725 264;1;1;1;1;1981.0;1;1;-1;-1;19;6;2023;06:45;2;74;74016;2;6;1;3;46.139415;6.123564;4;1;1;0;1;2; -1;1;5;1;30;Indemne;0
202300052939;155 586 653;A01;1;0;1;1;1;5;203 725 258;1;1;1;1;2010.0;9;8;0;-1;1;12;2023;18:15;5;75;75111;2;3;1;6;48.86600857;2.37071478;4;2;4;1;2;1; -1;1;0;5;30;Indemne;4
202300052939;155 586 653;A01;1;0;1;1;1;5;203 725 258;1;1;1;1;2010.0;9;8;0;-1;1;12;2023;18:15;5;75;75111;2;3;1;6;48.86600857;2.37071478;4;1; -1;-1;1;1; -1;1;0;5;30;Indemne;4
202300052939;155 586 653;A01;1;0;1;1;1;5;203 725 259;10;3;4;1;2015.0;9;0;-1;-1;1;12;2023;18:15;5;75;75111;2;3;1;6;48.86600857;2.37071478;4;2;4;1;2;1; -1;1;0;5;30;Blessé léger;4
202300052939;155 586 653;A01;1;0;1;1;1;5;203 725 259;10;3;4;1;2015.0;9;0;-1;-1;1;12;2023;18:15;5;75;75111;2;3;1;6;48.86600857;2.37071478;4;1; -1;-1;1;1; -1;1;0;5;30;Blessé léger;4
202300052943;155 586 646;A01;10;0;9;5;2;1;203 725 249;2;2;1;1;1962.0;4;8;-1;-1;26;6;2023;08:15;1;26;26165;1;1;1;3;44.797351;4.822952;4;2;2;0;2;3; -1;1;0;1;80;Indemne;0
202300052943;155 586 646;A01;10;0;9;5;2;1;203 725 252;1;1;1;1;1963.0;4;8;-1;-1;26;6;2023;08:15;1;26;26165;1;1;1;3;44.797351;4.822952;4;2;2;0;2;3; -1;1;0;1;80;Indemne;0
202300052943;155 586 649;B01;1;0;2;8;1;5;203 725 254;1;1;3;1;1959.0;0;2;-1;-1;26;6;2023;08:15;1;26;26165;1;1;1;3;44.797351;4.822952;4;2;2;0;2;3; -1;1;0;1;80;Blessé hospitalisé;0
202300052952;155 586 626;A01;7;0;2;3;22;1;203 725 222;1;1;1;1;1949.0;0;8;0;-1;29;3;2023;17:55;1;93;93063;2;1;1;3;48.880393;2.43652;4;2;2;0;1;1; -1;1;0;1;30;Indemne;2
202300052952;155 586 630;B01;1;0;0;0;0;5;203 725 228;1;1;4;1;1998.0;0;8;0;-1;29;3;2023;17:55;1;93;93063;2;1;1;3;48.880393;2.43652;4;2;2;0;1;1; -1;1;0;1;30;Blessé léger;2
202300052957;155 586 620;A01;7;0;2;3;15;1;203 725 216;1;1;1;1;1955.0;0;1;-1;-1;8;2;2023;11:15;1;22;22251;2;3;1;3;48.56609;-2.813079;4;1;1;0;1;1; -1;1;0;1;30;Indemne;2
202300052957;155 586 620;A01;7;0;2;3;15;1;203 725 216;1;1;1;1;1955.0;0;1;-1;-1;8;2;2023;11:15;1;22;22251;2;3;1;3;48.56609;-2.813079;4;2;2;0;1;1; -1;1;0;1;30;Indemne;2
202300052957;155 586 625;B01;1;0;2;7;1;5;203 725 225;1;1;3;2;1960.0;5;2;-1;-1;8;2;2023;11:15;1;22;22251;2;3;1;3;48.56609;-2.813079;4;1;1;0;1;1; -1;1;0;1;30;Blessé hospitalisé;2
202300052957;155 586 625;B01;1;0;2;7;1;5;203 725 225;1;1;3;2;1960.0;5;2;-1;-1;8;2;2023;11:15;1;22;22251;2;3;1;3;48.56609;-2.813079;4;2;2;0;1;1; -1;1;0;1;30;Blessé hospitalisé;2
202300052963;155 586 608;A01;10;0;2;4;4;1;203 725 201;1;1;1;1;2000.0;4;1;0;-1;1;12;2023;09:15;1;94;94073;2;1;1;2;48.76669;2.39835;4;1;1;0;1;1; -1;1;0;1;50;Indemne;4
202300052963;155 586 610;B01;1;0;2;1;23;5;203 725 202;1;1;4;2;1983.0;5;2;4;-1;1;12;2023;09:15;1;94;94073;2;1;1;2;48.76669;2.39835;4;1;1;0;1;1; -1;1;0;1;50;Blessé léger;4
202300052964;155 586 606;B01;1;0;2;2;1;5;203 725 197;1;1;4;1;1998.0;4;2;8;-1;2;1;2023;11:00;1;56;56098;2;6;7;3;47.7744;-3.33829;3;1;1;0;1;2; -1;2;0;1;30;Blessé léger;0
202300052964;155 586 607;A01;7;0;2;3;9;1;203 725 200;1;1;1;1;1986.0;0;1;8;-1;2;1;2023;11:00;1;56;56098;2;6;7;3;47.7744;-3.33829;3;1;1;0;1;2; -1;2;0;1;30;Indemne;0
202300052967;155 586 600;A01;1;0;2;4;13;5;203 725 191;1;1;4;1;2002.0;2;8;-1;-1;26;9;2023;16:50;1;69;69388;2;2;1;2;45.72447381;4.87141423;4;2;3;2;1;1; -1;1;0;1;50;Blessé léger;1
202300052967;155 586 600;A01;1;0;2;4;13;5;203 725 191;1;1;4;1;2002.0;2;8;-1;-1;26;9;2023;16:50;1;69;69388;2;2;1;2;45.72447381;4.87141423;4;2;3;2;1;1; -1;1;0;1;50;Blessé léger;1
202300052967;155 586 602;B01;33;0;2;1;1;1;203 725 194;1;1;4;1;1973.0;1;2;-1;-1;26;9;2023;16:50;1;69;69388;2;2;1;2;45.72447381;4.87141423;4;2;3;2;1;1; -1;1;0;1;50;Blessé léger;1
202300052967;155 586 602;B01;33;0;2;1;1;1;203 725 194;1;1;4;1;1973.0;1;2;-1;-1;26;9;2023;16:50;1;69;69388;2;2;1;2;45.72447381;4.87141423;4;2;3;2;1;1; -1;1;0;1;50;Blessé léger;1
202300052973;155 586 588;A01;7;0;2;2;15;1;203 725 178;1;1;1;2;1985.0;0;8;-1;-1;26;9;2023;09:57;1;69;69388;2;2;1;1;45.74304;4.87689;4;1;1;2;1;1; -1;1;0;1;30;Indemne;1
202300052973;155 586 588;A01;7;0;2;2;15;1;203 725 178;1;1;1;2;1985.0;0;8;-1;-1;26;9;2023;09:57;1;69;69388;2;2;1;1;45.74304;4.87689;4;2;2;0;1;1; -1;1;0;1;30;Indemne;1
202300052973;155 586 592;B01;1;0;2;1;1;0;203 725 182;1;1;4;1;1992.0;0;2;-1;-1;26;9;2023;09:57;1;69;69388;2;2;1;1;45.74304;4.87689;4;1;1;2;1;1; -1;1;0;1;30;Blessé léger;1
202300052973;155 586 592;B01;1;0;2;1;1;0;203 725 182;1;1;4;1;1992.0;0;2;-1;-1;26;9;2023;09:57;1;69;69388;2;2;1;1;45.74304;4.87689;4;2;2;0;1;1; -1;1;0;1;30;Blessé léger;1
202300052980;155 586 582;B01;1;0;2;8;15;0;203 725 165;1;1;4;1;1969.0;1;8;-1;-1;25;9;2023;17:15;1;69;69387;2;3;1;3;45.74337;4.83426;4;2;2;0;1;1; -1;1;0;1;30;Blessé léger;0
202300052980;155 586 582;B01;1;0;2;8;15;0;203 725 165;1;1;4;1;1969.0;1;8;-1;-1;25;9;2023;17:15;1;69;69387;2;3;1;3;45.74337;4.83426;4;2;2;0;1;1; -1;1;0;1;30;Blessé léger;0
202300052980;155 586 582;B01;1;0;2;8;15;0;203 725 165;1;1;4;1;1969.0;1;8;-1;-1;25;9;2023;17:15;1;69;69387;2;3;1;3;45.74337;4.83426;4;2;3;2;1;1; -1;1;0;1;30;Blessé léger;0
202300052985;155 586 565;A01;3;0;9;2;16;1;203 725 141;1;1;1;1;1970.0;0;1;0;-1;30;3;2023;08:10;1;92;92026;1;3;8;3;48.90191;2.28023;3;1;2;0;1;1; -1;1;0;1;50;Indemne;3
202300052985;155 586 565;A01;3;0;9;2;16;1;203 725 141;1;1;1;1;1970.0;0;1;0;-1;30;3;2023;08:10;1;92;92026;1;3;8;3;48.90191;2.28023;3;1;2;0;1;1; -1;1;0;1;50;Indemne;3
202300052985;155 586 566;B01;1;0;2;8;1;5;203 725 146;1;1;4;1;1974.0;0;2;0;-1;30;3;2023;08:10;1;92;92026;1;3;8;3;48.90191;2.28023;3;1;2;0;1;1; -1;1;0;1;50;Blessé léger;3
202300052985;155 586 566;B01;1;0;2;8;1;5;203 725 146;1;1;4;1;1974.0;0;2;0;-1;30;3;2023;08:10;1;92;92026;1;3;8;3;48.90191;2.28023;3;1;2;0;1;1; -1;1;0;1;50;Blessé léger;3
202300052987;155 586 564;A01;7;0;2;1;1;1;203 725 144;1;1;1;1;1958.0;5;1;-1;-1;14;2;2023;18:45;2;29;29020;2;2;1;3;48.097221;-3.996819;3;2;2;0;1;1;5;1;5;1;50;Indemne;1
202300052987;155 586 564;A01;7;0;2;1;1;1;203 725 144;1;1;1;1;1958.0;5;1;-1;-1;14;2;2023;18:45;2;29;29020;2;2;1;3;48.097221;-3.996819;3;2;2;0;2;1;5;1;0;1;50;Indemne;1
202300052987;155 586 570;B01;1;0;2;8;25;5;203 725 151;1;1;3;1;2002.0;5;0;-1;-1;14;2;2023;18:45;2;29;29020;2;2;1;3;48.097221;-3.996819;3;2;2;0;1;1;5;1;5;1;50;Blessé hospitalisé;1
202300052987;155 586 570;B01;1;0;2;8;25;5;203 725 151;1;1;3;1;2002.0;5;0;-1;-1;14;2;2023;18:45;2;29;29020;2;2;1;3;48.097221;-3.996819;3;2;2;0;2;1;5;1;0;1;50;Blessé hospitalisé;1
202300052988;155 586 559;A01;10;0;2;4;14;1;203 725 137;1;1;1;1;1993.0;4;8;-1;-1;26;9;2023;13:30;1;69;69389;2;1;1;2;45.78847;4.81532;4;2;2;1;1;1; -1;1;0;5;50;Indemne;1
202300052988;155 586 563;B01;1;0;2;1;2;5;203 725 142;1;1;4;2;1998.0;5;8;-1;-1;26;9;2023;13:30;1;69;69389;2;1;1;2;45.78847;4.81532;4;2;2;1;1;1; -1;1;0;5;50;Blessé léger;1
202300052996;155 586 547;B01;1;0;2;7;19;5;203 725 123;1;1;3;1;2000.0;4;2;-1;-1;1;1;2023;18:40;5;33;33063;2;5;1;3;44.84122376;-0.56191742;4;1;2;3;1;1; -1;1;5;1;30;Blessé hospitalisé;6
202300052996;155 586 547;B01;1;0;2;7;19;5;203 725 123;1;1;3;1;2000.0;4;2;-1;-1;1;1;2023;18:40;5;33;33063;2;5;1;3;44.84122376;-0.56191742;4;2;5;1;2;1; -1;1;5;1;30;Blessé hospitalisé;6
202300052996;155 586 552;A01;7;0;2;1;19;1;203 725 128;1;1;1;1;1996.0;5;1;-1;-1;1;1;2023;18:40;5;33;33063;2;5;1;3;44.84122376;-0.56191742;4;1;2;3;1;1; -1;1;5;1;30;Indemne;6
202300052996;155 586 552;A01;7;0;2;1;19;1;203 725 128;1;1;1;1;1996.0;5;1;-1;-1;1;1;2023;18:40;5;33;33063;2;5;1;3;44.84122376;-0.56191742;4;2;5;1;2;1; -1;1;5;1;30;Indemne;6
202300053000;155 586 543;A01;7;0;2;3;1;1;203 725 117;1;1;1;2;1966.0;1;1;-1;-1;15;2;2023;11:35;1;05;05111;1;1;1;1;44.557799;6.434041;3;2;2;0;2;2; -1;1;0;1;70;Indemne;2
202300053000;155 586 546;B01;1;0;2;3;1;5;203 725 121;1;1;4;1;1994.0;5;2;-1;-1;15;2;2023;11:35;1;05;05111;1;1;1;1;44.557799;6.434041;3;2;2;0;2;2; -1;1;0;1;70;Blessé léger;2
202300053041;155 586 473;A01;7;0;2;3;1;1;203 725 019;1;1;1;2;1972.0;9;1;-1;-1;15;2;2023;14:50;1;60;60509;2;3;1;3;49.307279;2.604264;3;2; -1;-1;1;1; -1;1;0;1;-1;Indemne;2
202300053041;155 586 473;A01;7;0;2;3;1;1;203 725 019;1;1;1;2;1972.0;9;1;-1;-1;15;2;2023;14:50;1;60;60509;2;3;1;3;49.307279;2.604264;3;2;2;2;1;1;5;1;0;1;50;Indemne;2
202300053041;155 586 479;B01;1;0;2;2;19;5;203 725 027;1;1;4;1;2006.0;0;0;-1;-1;15;2;2023;14:50;1;60;60509;2;3;1;3;49.307279;2.604264;3;2; -1;-1;1;1; -1;1;0;1;-1;Blessé léger;2
202300053041;155 586 479;B01;1;0;2;2;19;5;203 725 027;1;1;4;1;2006.0;0;0;-1;-1;15;2;2023;14:50;1;60;60509;2;3;1;3;49.307279;2.604264;3;2;2;2;1;1;5;1;0;1;50;Blessé léger;2
202300053065;155 586 427;V01;1;0;2;1;1;5;203 724 958;1;1;3;1;2004.0;0;2;0;-1;12;9;2023;18:15;1;84;84087;1;3;1;3;44.11802;4.86412;4;-1;0;3;1;1; -1;1;9;1;30;Blessé hospitalisé;1
202300053065;155 586 427;V01;1;0;2;1;1;5;203 724 958;1;1;3;1;2004.0;0;2;0;-1;12;9;2023;18:15;1;84;84087;1;3;1;3;44.11802;4.86412;4;2;2;0;1;1; -1;1;0;1;70;Blessé hospitalisé;1
202300053065;155 586 434;A01;7;0;2;1;1;1;203 724 966;1;1;1;2;1972.0;1;1;0;-1;12;9;2023;18:15;1;84;84087;1;3;1;3;44.11802;4.86412;4;-1;0;3;1;1; -1;1;9;1;30;Indemne;1
202300053065;155 586 434;A01;7;0;2;1;1;1;203 724 966;1;1;1;2;1972.0;1;1;0;-1;12;9;2023;18:15;1;84;84087;1;3;1;3;44.11802;4.86412;4;2;2;0;1;1; -1;1;0;1;70;Indemne;1
202300053069;155 586 421;A01;1;4;0;1;13;5;203 724 949;1;1;4;2;1980.0;5;2;0;-1;1;1;2023;18:20;5;75;75104;2;3;2;6;48.858268;2.34912;4;2;3;1;1;1; -1;2;0;5;30;Blessé léger;6
202300053069;155 586 421;A01;1;4;0;1;13;5;203 724 949;1;1;4;2;1980.0;5;2;0;-1;1;1;2023;18:20;5;75;75104;2;3;2;6;48.858268;2.34912;4;1;1;0;1;1; -1;2;0;5;30;Blessé léger;6
202300053070;155 586 414;B01;1;0;0;0;0;5;203 724 941;1;1;4;1;1986.0;0;-1;0;-1;26;9;2023;19:30;1;84;84035;2;1;1;3;43.8354;5.04054;4;2;2;0;1;3; -1;1;0;1;50;Blessé léger;1
202300053070;155 586 418;A01;7;0;2;1;26;3;203 724 946;1;1;1;2;1955.0;0;1;0;-1;26;9;2023;19:30;1;84;84035;2;1;1;3;43.8354;5.04054;4;2;2;0;1;3; -1;1;0;1;50;Indemne;1
202300053071;155 586 413;A01;1;0;0;0;1;5;203 724 937;1;1;3;2;1995.0;5;0;-1;-1;30;3;2023;19:00;1;2B;2B251;1;1;1;7;42.03854;9.330284;3;2;2;0;2;1; -1;1;0;1;80;Blessé hospitalisé;3
202300053078;155 586 399;B01;1;0;2;7;1;5;203 724 923;1;1;4;1;1974.0;1;2;4;-1;13;2;2023;19:00;3;69;69244;2;1;1;3;45.770019;4.788537;4;1;1;1;2;1;3;1;0;5;50;Blessé léger;0
202300053078;155 586 406;A01;7;0;2;3;16;1;203 724 929;1;1;1;1;1969.0;1;1;-1;-1;13;2;2023;19:00;3;69;69244;2;1;1;3;45.770019;4.788537;4;1;1;1;2;1;3;1;0;5;50;Indemne;0
202300053085;155 586 392;A01;1;0;2;6;21;5;203 724 909;1;1;4;1;1994.0;5;8;0;-1;24;8;2023;09:15;1;75;75115;2;3;1;2;48.84374;2.302395;4;2;2;-1;1;1; -1;1;0;1;30;Blessé léger;3
202300053085;155 586 392;A01;1;0;2;6;21;5;203 724 909;1;1;4;1;1994.0;5;8;0;-1;24;8;2023;09:15;1;75;75115;2;3;1;2;48.84374;2.302395;4;2;2;0;1;1; -1;1;0;1;30;Blessé léger;3
202300053101;155 586 354;B01;1;0;2;8;26;5;203 724 861;1;1;4;2;1976.0;1;8;0;-1;2;1;2023;09:28;2;93;93039;2;1;2;3;48.9232;2.3322;3;4;1;0;1;1; -1;2;8;1;50;Blessé léger;0
202300053101;155 586 358;A01;7;0;2;2;1;1;203 724 869;1;1;1;2;1985.0;1;1;0;-1;2;1;2023;09:28;2;93;93039;2;1;2;3;48.9232;2.3322;3;4;1;0;1;1; -1;2;8;1;50;Indemne;0
202300053113;155 586 333;A01;7;0;2;1;15;1;203 724 833;1;1;1;2;1966.0;1;1;0;-1;24;8;2023;08:40;1;94;94015;2;3;1;1;48.842122;2.534088;4;2;2;0;1;1; -1;1;0;1;50;Indemne;3
202300053113;155 586 333;A01;7;0;2;1;15;1;203 724 833;1;1;1;2;1966.0;1;1;0;-1;24;8;2023;08:40;1;94;94015;2;3;1;1;48.842122;2.534088;4;2;2;0;1;3; -1;1;0;1;30;Indemne;3
202300053113;155 586 336;B01;1;0;2;1;1;5;203 724 836;1;1;4;2;1978.0;0;8;0;-1;24;8;2023;08:40;1;94;94015;2;3;1;1;48.842122;2.534088;4;2;2;0;1;1; -1;1;0;1;50;Blessé léger;3
202300053113;155 586 336;B01;1;0;2;1;1;5;203 724 836;1;1;4;2;1978.0;0;8;0;-1;24;8;2023;08:40;1;94;94015;2;3;1;1;48.842122;2.534088;4;2;2;0;1;3; -1;1;0;1;30;Blessé léger;3
202300053115;155 586 334;A01;7;0;2;3;26;1;203 724 834;1;1;1;1;1966.0;5;1;0;-1;24;9;2023;12:20;1;80;80021;2;2;1;3;49.8947;2.29755;4;1;1;0;1;1; -1;1;0;1;30;Indemne;6
202300053115;155 586 334;A01;7;0;2;3;26;1;203 724 834;1;1;1;1;1966.0;5;1;0;-1;24;9;2023;12:20;1;80;80021;2;2;1;3;49.8947;2.29755;4;2;2;0;1;1; -1;1;0;1;30;Indemne;6
202300053115;155 586 343;B01;1;0;2;8;1;5;203 724 844;1;1;4;2;1982.0;5;2;0;-1;24;9;2023;12:20;1;80;80021;2;2;1;3;49.8947;2.29755;4;1;1;0;1;1; -1;1;0;1;30;Blessé léger;6
202300053115;155 586 343;B01;1;0;2;8;1;5;203 724 844;1;1;4;2;1982.0;5;2;0;-1;24;9;2023;12:20;1;80;80021;2;2;1;3;49.8947;2.29755;4;2;2;0;1;1; -1;1;0;1;30;Blessé léger;6
202300053153;155 586 263;A01;1;0;0;0;0;5;203 724 734;1;1;3;1;2009.0;5;0;-1;-1;15;2;2023;16:50;1;85;85178;2;1;1;7;46.76834;-1.503162;4;2;2;0;2;1;4;1;0;1;50;Blessé hospitalisé;2
202300053160;155 586 258;B01;1;0;0;4;1;5;203 724 726;1;1;4;1;1958.0;5;2;9;-1;2;12;2023;16:00;2;60;60151;1;1;1;2;49.44822556;2.87462854;3;2;2;0;1;3;7;1;0;1;80;Blessé léger;5
202300053162;155 586 250;B01;1;0;2;1;1;5;203 724 718;1;1;4;1;1959.0;5;2;-1;-1;15;2;2023;10:30;1;14;14322;1;6;1;3;49.2544938;-0.72422889;2;1;1;0;1;3; -1;1;5;1;50;Blessé léger;2
202300053162;155 586 250;B01;1;0;2;1;1;5;203 724 718;1;1;4;1;1959.0;5;2;-1;-1;15;2;2023;10:30;1;14;14322;1;6;1;3;49.2544938;-0.72422889;2;1;1;-1;1;3; -1;1;5;1;50;Blessé léger;2
202300053162;155 586 252;A01;7;0;2;3;9;1;203 724 720;1;1;1;2;1967.0;3;1;-1;-1;15;2;2023;10:30;1;14;14322;1;6;1;3;49.2544938;-0.72422889;2;1;1;0;1;3; -1;1;5;1;50;Indemne;2
202300053162;155 586 252;A01;7;0;2;3;9;1;203 724 720;1;1;1;2;1967.0;3;1;-1;-1;15;2;2023;10:30;1;14;14322;1;6;1;3;49.2544938;-0.72422889;2;1;1;-1;1;3; -1;1;5;1;50;Indemne;2
202300053177;155 586 218;A01;7;0;9;2;2;1;203 724 674;1;1;1;1;1975.0;4;1;-1;-1;9;6;2023;12:20;1;79;79174;2;6;1;3;46.2247;-0.155048;3;2;2;0;1;2; -1;1;0;1;50;Indemne;4
202300053177;155 586 221;B01;1;0;2;8;1;5;203 724 679;1;1;4;1;2005.0;5;0;-1;-1;9;6;2023;12:20;1;79;79174;2;6;1;3;46.2247;-0.155048;3;2;2;0;1;2; -1;1;0;1;50;Blessé léger;4