Num_Acc;id_vehicule;num_veh;catv;obs;obsm;choc;manv;motor;id_usager;place;catu;grav;sexe;an_nais;trajet;secu1;secu2;secu3;jour;mois;an;hrmn;lum;dep;com;agg;int;atm;col;lat;long;catr;circ;nbv;vosp;prof;plan;larrout;surf;infra;situ;vma;gravity;day_of_week
202300053184;155 586 203;A01;2;9;0;3;26;1;203 724 655;1;1;4;1;2007.0;5;2;-1;-1;12;6;2023;21:19;2;65;65389;2;1;1;1;43.079895;0.483307;4;2;2;0;1;1; -1;1;0;1;50;Blessé léger;0
202300053184;155 586 207;B01;1;0;2;0;26;5;203 724 661;1;1;4;2;2010.0;5;0;-1;-1;12;6;2023;21:19;2;65;65389;2;1;1;1;43.079895;0.483307;4;2;2;0;1;1; -1;1;0;1;50;Blessé léger;0
202300053187;155 586 200;A01;7;0;2;2;16;1;203 724 653;1;1;1;1;1979.0;9;1;0;-1;24;8;2023;08:40;1;92;92007;2;3;1;3;48.79916;2.32289;3;2;3;1;1;1; -1;1;0;5;50;Indemne;3
202300053187;155 586 200;A01;7;0;2;2;16;1;203 724 653;1;1;1;1;1979.0;9;1;0;-1;24;8;2023;08:40;1;92;92007;2;3;1;3;48.79916;2.32289;3;1;1;0;1;1; -1;1;0;1;50;Indemne;3
202300053187;155 586 205;B01;1;0;0;0;0;5;203 724 657;1;1;4;1;1995.0;0;2;0;-1;24;8;2023;08:40;1;92;92007;2;3;1;3;48.79916;2.32289;3;2;3;1;1;1; -1;1;0;5;50;Blessé léger;3
202300053187;155 586 205;B01;1;0;0;0;0;5;203 724 657;1;1;4;1;1995.0;0;2;0;-1;24;8;2023;08:40;1;92;92007;2;3;1;3;48.79916;2.32289;3;1;1;0;1;1; -1;1;0;1;50;Blessé léger;3
202300053220;155 586 140;B01;1;0;0;6;2;5;203 724 581;1;1;4;1;1967.0;5;2;-1;-1;25;8;2023;10:40;1;86;86174;1;6;1;2;46.781148;0.530192;3;1;1;0;1;2;4;1;0;1;90;Blessé léger;4
202300053220;155 586 143;A01;7;0;2;2;9;1;203 724 587;1;1;1;2;2004.0;5;1;-1;-1;25;8;2023;10:40;1;86;86174;1;6;1;2;46.781148;0.530192;3;1;1;0;1;2;4;1;0;1;90;Indemne;4
202300053253;155 586 087;B01;1;0;2;1;13;5;203 724 506;1;1;3;1;1978.0;4;0;-1;-1;8;5;2023;14:00;1;69;69282;2;1;1;1;45.76840392;4.98656767;4;2;2;0;1;3; -1;1;0;1;50;Blessé hospitalisé;0
202300053253;155 586 091;A01;7;0;2;2;1;1;203 724 512;1;1;4;1;1999.0;1;1;-1;-1;8;5;2023;14:00;1;69;69282;2;1;1;1;45.76840392;4.98656767;4;2;2;0;1;3; -1;1;0;1;50;Blessé léger;0
202300053255;155 586 084;B01;1;0;2;7;1;5;203 724 502;1;1;3;1;1971.0;5;2;-1;-1;25;8;2023;11:15;1;86;86070;2;3;1;3;46.568325;0.631523;3;2;1;0;1;1;5,5;1;0;1;50;Blessé hospitalisé;4
202300053255;155 586 084;B01;1;0;2;7;1;5;203 724 502;1;1;3;1;1971.0;5;2;-1;-1;25;8;2023;11:15;1;86;86070;2;3;1;3;46.568325;0.631523;3;2;2;-1;1;1; -1;1;0;1;50;Blessé hospitalisé;4
202300053255;155 586 088;A01;7;0;2;3;10;1;203 724 507;1;1;1;2;1941.0;3;1;-1;-1;25;8;2023;11:15;1;86;86070;2;3;1;3;46.568325;0.631523;3;2;1;0;1;1;5,5;1;0;1;50;Indemne;4
202300053255;155 586 088;A01;7;0;2;3;10;1;203 724 507;1;1;1;2;1941.0;3;1;-1;-1;25;8;2023;11:15;1;86;86070;2;3;1;3;46.568325;0.631523;3;2;2;-1;1;1; -1;1;0;1;50;Indemne;4
202300053256;155 586 081;B01;1;0;2;8;1;5;203 724 500;1;1;3;1;1955.0;5;2;-1;-1;10;6;2023;20:23;1;29;29117;1;1;1;2;48.56035428;-4.50586958;3;2;2;0;2;1;7;1;0;1;80;Blessé hospitalisé;5
202300053256;155 586 082;A01;7;0;2;7;2;1;203 724 501;1;1;1;1;1987.0;5;8;-1;-1;10;6;2023;20:23;1;29;29117;1;1;1;2;48.56035428;-4.50586958;3;2;2;0;2;1;7;1;0;1;80;Indemne;5
202300053314;155 585 985;A01;7;0;0;0;15;1;203 724 357;1;1;1;1;1955.0;3;1;-1;-1;7;7;2023;09:10;1;85;85164;2;3;1;3;46.8298;-2.120689;4;2;2;0;1;3; -1;1;0;1;50;Indemne;4
202300053314;155 585 985;A01;7;0;0;0;15;1;203 724 357;1;1;1;1;1955.0;3;1;-1;-1;7;7;2023;09:10;1;85;85164;2;3;1;3;46.8298;-2.120689;4;2; -1;-1;1;1; -1;1;0;1;-1;Indemne;4
202300053314;155 585 988;B01;1;0;0;0;1;5;203 724 359;1;1;3;1;1954.0;5;0;-1;-1;7;7;2023;09:10;1;85;85164;2;3;1;3;46.8298;-2.120689;4;2;2;0;1;3; -1;1;0;1;50;Blessé hospitalisé;4
202300053314;155 585 988;B01;1;0;0;0;1;5;203 724 359;1;1;3;1;1954.0;5;0;-1;-1;7;7;2023;09:10;1;85;85164;2;3;1;3;46.8298;-2.120689;4;2; -1;-1;1;1; -1;1;0;1;-1;Blessé hospitalisé;4
202300053332;155 585 952;A01;3;0;2;2;17;1;203 724 315;1;1;1;1;1948.0;3;1;-1;-1;28;3;2023;14:35;1;09;09160;2;1;1;3;42.930026;1.855493;3;2;2;0;1;1;5;1;0;1;30;Indemne;1
202300053332;155 585 957;B01;1;0;0;3;1;5;203 724 322;1;1;4;2;1974.0;5;0;-1;-1;28;3;2023;14:35;1;09;09160;2;1;1;3;42.930026;1.855493;3;2;2;0;1;1;5;1;0;1;30;Blessé léger;1
202300053336;155 585 942;B01;1;0;2;8;13;5;203 724 303;1;1;4;1;1997.0;0;8;0;-1;26;9;2023;07:15;2;60;60057;2;1;1;3;49.43092;2.11235;4;-1;2;0;2;1; -1;1;0;1;50;Blessé léger;1
202300053336;155 585 948;A01;31;0;2;8;26;1;203 724 311;1;1;4;1;1964.0;0;2;0;-1;26;9;2023;07:15;2;60;60057;2;1;1;3;49.43092;2.11235;4;-1;2;0;2;1; -1;1;0;1;50;Blessé léger;1
202300053354;155 585 905;A01;7;0;2;2;9;1;203 724 250;1;1;1;2;1955.0;5;8;0;-1;26;9;2023;10:20;1;59;59009;1;3;1;2;50.64367;3.13563;4;2;2;0;1;1; -1;1;0;1;50;Indemne;1
202300053354;155 585 905;A01;7;0;2;2;9;1;203 724 250;1;1;1;2;1955.0;5;8;0;-1;26;9;2023;10:20;1;59;59009;1;3;1;2;50.64367;3.13563;4;2;0;0;1;1; -1;1;0;1;50;Indemne;1
202300053354;155 585 911;B01;1;0;2;4;0;5;203 724 259;1;1;4;1;1985.0;5;8;0;-1;26;9;2023;10:20;1;59;59009;1;3;1;2;50.64367;3.13563;4;2;2;0;1;1; -1;1;0;1;50;Blessé léger;1
202300053354;155 585 911;B01;1;0;2;4;0;5;203 724 259;1;1;4;1;1985.0;5;8;0;-1;26;9;2023;10:20;1;59;59009;1;3;1;2;50.64367;3.13563;4;2;0;0;1;1; -1;1;0;1;50;Blessé léger;1
202300053361;155 585 890;B01;1;0;2;1;19;5;203 724 231;1;1;3;1;1969.0;1;2;0;-1;26;9;2023;08:50;1;59;59507;2;1;1;3;50.60156;3.07929;4;2;0;0;1;1; -1;1;0;1;50;Blessé hospitalisé;1
202300053361;155 585 898;A01;7;0;1;3;19;1;203 724 238;1;1;1;2;1991.0;2;1;0;-1;26;9;2023;08:50;1;59;59507;2;1;1;3;50.60156;3.07929;4;2;0;0;1;1; -1;1;0;1;50;Indemne;1
202300053374;155 585 873;B01;1;0;0;0;19;5;203 724 208;1;1;3;1;1972.0;1;8;8;-1;26;9;2023;07:30;2;57;57463;2;3;5;7;49.10032;6.20623;4;2;4;1;2;1; -1;1;0;5;50;Blessé hospitalisé;1
202300053374;155 585 873;B01;1;0;0;0;19;5;203 724 208;1;1;3;1;1972.0;1;8;8;-1;26;9;2023;07:30;2;57;57463;2;3;5;7;49.10032;6.20623;4;2;2;0;1;1; -1;1;0;8;50;Blessé hospitalisé;1
202300053374;155 585 878;A01;7;0;2;2;1;1;203 724 215;1;1;1;1;2002.0;1;1;0;-1;26;9;2023;07:30;2;57;57463;2;3;5;7;49.10032;6.20623;4;2;4;1;2;1; -1;1;0;5;50;Indemne;1
202300053374;155 585 878;A01;7;0;2;2;1;1;203 724 215;1;1;1;1;2002.0;1;1;0;-1;26;9;2023;07:30;2;57;57463;2;3;5;7;49.10032;6.20623;4;2;2;0;1;1; -1;1;0;8;50;Indemne;1
202300053421;155 585 790;A01;1;0;2;1;1;5;203 724 090;1;1;4;1;1997.0;5;8;0;-1;8;5;2023;19:50;1;75;75112;2;2;1;1;48.831852;2.397695;4;1; -1;0;1;1; -1;1;0;5;30;Blessé léger;0
202300053421;155 585 790;A01;1;0;2;1;1;5;203 724 090;1;1;4;1;1997.0;5;8;0;-1;8;5;2023;19:50;1;75;75112;2;2;1;1;48.831852;2.397695;4;2;2;1;1;1; -1;1;0;5;30;Blessé léger;0
202300053447;155 585 743;A01;7;0;9;5;17;0;203 724 021;2;2;1;1;1943.0;0;1;0;-1;26;9;2023;11:40;1;42;42207;2;4;1;3;45.45556;4.50722;4;2;1;0;2;4; -1;1;0;1;50;Indemne;1
202300053447;155 585 743;A01;7;0;9;5;17;0;203 724 021;2;2;1;1;1943.0;0;1;0;-1;26;9;2023;11:40;1;42;42207;2;4;1;3;45.45556;4.50722;4;2;2;0;1;2; -1;1;0;1;50;Indemne;1
202300053447;155 585 743;A01;7;0;9;5;17;0;203 724 024;1;1;1;1;1939.0;0;1;0;-1;26;9;2023;11:40;1;42;42207;2;4;1;3;45.45556;4.50722;4;2;1;0;2;4; -1;1;0;1;50;Indemne;1
202300053447;155 585 743;A01;7;0;9;5;17;0;203 724 024;1;1;1;1;1939.0;0;1;0;-1;26;9;2023;11:40;1;42;42207;2;4;1;3;45.45556;4.50722;4;2;2;0;1;2; -1;1;0;1;50;Indemne;1
202300053447;155 585 751;B01;1;0;2;2;1;5;203 724 036;1;1;3;1;1954.0;0;2;-1;-1;26;9;2023;11:40;1;42;42207;2;4;1;3;45.45556;4.50722;4;2;1;0;2;4; -1;1;0;1;50;Blessé hospitalisé;1
202300053447;155 585 751;B01;1;0;2;2;1;5;203 724 036;1;1;3;1;1954.0;0;2;-1;-1;26;9;2023;11:40;1;42;42207;2;4;1;3;45.45556;4.50722;4;2;2;0;1;2; -1;1;0;1;50;Blessé hospitalisé;1
202300053487;155 585 661;A01;1;0;0;0;1;5;203 723 885;1;1;2;1;1967.0;5;2;-1;-1;18;8;2023;15:35;1;77;77327;1;1;9;7;48.578069;3.04199;3;2;2;0;1;3;5;1;0;1;80;Tué;4
202300053489;155 585 655;B01;1;0;2;1;1;5;203 723 879;1;1;3;1;1963.0;5;2;-1;-1;8;5;2023;17:15;1;52;52331;2;1;1;3;48.474023;4.765771;3;2;2;0;1;1;5,5;1;0;1;50;Blessé hospitalisé;0
202300053489;155 585 660;A01;7;0;2;3;15;1;203 723 886;1;1;1;1;1980.0;5;1;-1;-1;8;5;2023;17:15;1;52;52331;2;1;1;3;48.474023;4.765771;3;2;2;0;1;1;5,5;1;0;1;50;Indemne;0
202300053490;155 585 653;A01;1;0;2;1;19;5;203 723 878;1;1;4;1;1965.0;9;8;0;-1;13;2;2023;08:10;1;973;97302;2;1;3;3;4.93471;-52.30855;3;2;2;0;1;1; -1;2;0;1;50;Blessé léger;0
202300053490;155 585 659;B01;2;0;2;5;1;1;203 723 884;1;1;1;1;2000.0;0;2;8;-1;13;2;2023;08:10;1;973;97302;2;1;3;3;4.93471;-52.30855;3;2;2;0;1;1; -1;2;0;1;50;Indemne;0
202300053502;155 585 633;A01;7;0;2;1;1;1;203 723 850;1;1;1;1;1987.0;9;1;-1;-1;13;2;2023;19:20;5;69;69386;2;2;1;3;45.77002;4.85848;4;2;3;2;1;1; -1;1;0;1;30;Indemne;0
202300053502;155 585 633;A01;7;0;2;1;1;1;203 723 850;1;1;1;1;1987.0;9;1;-1;-1;13;2;2023;19:20;5;69;69386;2;2;1;3;45.77002;4.85848;4;1;1;0;1;1; -1;1;0;1;30;Indemne;0
202300053502;155 585 639;B01;1;0;2;0;0;0;203 723 861;1;1;4;1;1983.0;1;8;-1;-1;13;2;2023;19:20;5;69;69386;2;2;1;3;45.77002;4.85848;4;2;3;2;1;1; -1;1;0;1;30;Blessé léger;0
202300053502;155 585 639;B01;1;0;2;0;0;0;203 723 861;1;1;4;1;1983.0;1;8;-1;-1;13;2;2023;19:20;5;69;69386;2;2;1;3;45.77002;4.85848;4;1;1;0;1;1; -1;1;0;1;30;Blessé léger;0
202300053503;155 585 637;B01;1;0;0;6;15;5;203 723 858;1;1;3;1;1956.0;0;2;-1;-1;7;5;2023;08:55;1;83;83148;1;3;1;6;43.430437;6.42168;3;2;2;0;1;1; -1;1;0;1;80;Blessé hospitalisé;6
202300053503;155 585 637;B01;1;0;0;6;15;5;203 723 858;1;1;3;1;1956.0;0;2;-1;-1;7;5;2023;08:55;1;83;83148;1;3;1;6;43.430437;6.42168;3;2;2;0;1;1; -1;1;0;1;80;Blessé hospitalisé;6
202300053503;155 585 641;A01;10;0;9;2;17;1;203 723 862;1;1;1;1;1995.0;0;8;-1;-1;7;5;2023;08:55;1;83;83148;1;3;1;6;43.430437;6.42168;3;2;2;0;1;1; -1;1;0;1;80;Indemne;6
202300053503;155 585 641;A01;10;0;9;2;17;1;203 723 862;1;1;1;1;1995.0;0;8;-1;-1;7;5;2023;08:55;1;83;83148;1;3;1;6;43.430437;6.42168;3;2;2;0;1;1; -1;1;0;1;80;Indemne;6
202300053533;155 585 576;A01;7;0;2;7;1;1;203 723 776;1;1;1;1;1939.0;5;1;-1;-1;11;6;2023;09:20;1;49;49021;1;1;1;3;47.454065;-0.198784;3;2;2;0;1;1;8;1;0;1;80;Indemne;6
202300053533;155 585 580;B01;1;0;2;8;1;5;203 723 785;1;1;3;1;1976.0;5;2;-1;-1;11;6;2023;09:20;1;49;49021;1;1;1;3;47.454065;-0.198784;3;2;2;0;1;1;8;1;0;1;80;Blessé hospitalisé;6
202300053534;155 585 574;A01;1;12;0;0;0;5;203 723 773;1;1;3;2;1957.0;5;0;-1;-1;24;8;2023;11:05;1;67;67368;2;1;7;7;48.464239;7.414283;4;2;2;0;2;1; -1;1;0;1;30;Blessé hospitalisé;3
202300053545;155 585 565;B01;1;0;2;8;1;5;203 723 759;1;1;4;1;1976.0;5;0;-1;-1;11;6;2023;11:20;1;61;61341;1;1;1;2;48.494134;0.068836;3;2;2;0;2;1;5,5;1;0;1;90;Blessé léger;6
202300053567;155 585 513;B01;33;0;0;7;2;1;203 723 697;1;1;4;1;1992.0;5;2;6;-1;9;6;2023;17:00;1;57;57356;1;1;1;5;49.4388221;6.09352827;3;2;2;0;2;1;6;1;0;1;80;Blessé léger;4
202300053567;155 585 523;A01;1;0;2;8;2;5;203 723 705;1;1;3;1;1958.0;5;2;-1;-1;9;6;2023;17:00;1;57;57356;1;1;1;5;49.4388221;6.09352827;3;2;2;0;2;1;6;1;0;1;80;Blessé hospitalisé;4
202300053570;155 585 504;B01;1;0;2;8;2;0;203 723 686;1;1;4;1;2002.0;0;8;-1;-1;27;10;2023;12:37;1;69;69387;2;2;1;3;45.7497;4.84265;4;1;1;2;1;1; -1;1;0;1;30;Blessé léger;4
202300053570;155 585 504;B01;1;0;2;8;2;0;203 723 686;1;1;4;1;2002.0;0;8;-1;-1;27;10;2023;12:37;1;69;69387;2;2;1;3;45.7497;4.84265;4;1;1;2;1;1; -1;1;0;1;30;Blessé léger;4
202300053570;155 585 515;A01;7;0;2;1;19;1;203 723 699;1;1;1;1;1949.0;0;8;-1;-1;27;10;2023;12:37;1;69;69387;2;2;1;3;45.7497;4.84265;4;1;1;2;1;1; -1;1;0;1;30;Indemne;4
202300053570;155 585 515;A01;7;0;2;1;19;1;203 723 699;1;1;1;1;1949.0;0;8;-1;-1;27;10;2023;12:37;1;69;69387;2;2;1;3;45.7497;4.84265;4;1;1;2;1;1; -1;1;0;1;30;Indemne;4
202300053575;155 585 499;A01;1;0;0;0;0;5;203 723 678;1;1;3;1;1961.0;5;2;-1;-1;8;5;2023;11:45;1;85;85109;1;1;1;7;46.8362;-1.00402;3;2;2;0;1;1;5,5;1;0;1;70;Blessé hospitalisé;0
202300053579;155 585 488;A01;1;0;2;1;13;5;203 723 661;2;2;4;1;2004.0;5;0;-1;-1;17;3;2023;14:40;1;974;97414;2;1;1;1;-21.266506;55.441562;4;2;2;0;4;3; -1;1;0;1;50;Blessé léger;4
202300053579;155 585 488;A01;1;0;2;1;13;5;203 723 663;1;1;4;1;2005.0;5;0;-1;-1;17;3;2023;14:40;1;974;97414;2;1;1;1;-21.266506;55.441562;4;2;2;0;4;3; -1;1;0;1;50;Blessé léger;4
202300053579;155 585 494;B01;7;0;9;3;1;1;203 723 670;1;1;1;2;1998.0;5;1;-1;-1;17;3;2023;14:40;1;974;97414;2;1;1;1;-21.266506;55.441562;4;2;2;0;4;3; -1;1;0;1;50;Indemne;4
202300053579;155 585 494;B01;7;0;9;3;1;1;203 723 673;7;2;1;1;2003.0;5;1;-1;-1;17;3;2023;14:40;1;974;97414;2;1;1;1;-21.266506;55.441562;4;2;2;0;4;3; -1;1;0;1;50;Indemne;4
202300053579;155 585 494;B01;7;0;9;3;1;1;203 723 676;2;2;1;2;1985.0;5;1;-1;-1;17;3;2023;14:40;1;974;97414;2;1;1;1;-21.266506;55.441562;4;2;2;0;4;3; -1;1;0;1;50;Indemne;4
202300053584;155 585 485;A01;1;0;2;1;2;5;203 723 657;1;1;4;1;2003.0;5;8;0;-1;11;2;2023;18:00;1;87;87085;2;3;1;4;45.83132;1.25609;4;1;1;3;1;1; -1;1;0;1;30;Blessé léger;5
202300053584;155 585 485;A01;1;0;2;1;2;5;203 723 657;1;1;4;1;2003.0;5;8;0;-1;11;2;2023;18:00;1;87;87085;2;3;1;4;45.83132;1.25609;4;2;2;0;2;1; -1;1;0;1;30;Blessé léger;5
202300053584;155 585 492;B01;1;0;2;4;2;5;203 723 668;1;1;4;1;2005.0;5;8;0;-1;11;2;2023;18:00;1;87;87085;2;3;1;4;45.83132;1.25609;4;1;1;3;1;1; -1;1;0;1;30;Blessé léger;5
202300053584;155 585 492;B01;1;0;2;4;2;5;203 723 668;1;1;4;1;2005.0;5;8;0;-1;11;2;2023;18:00;1;87;87085;2;3;1;4;45.83132;1.25609;4;2;2;0;2;1; -1;1;0;1;30;Blessé léger;5
202300053584;155 585 497;C01;7;0;2;4;2;2;203 723 675;1;1;1;1;2003.0;5;1;0;-1;11;2;2023;18:00;1;87;87085;2;3;1;4;45.83132;1.25609;4;1;1;3;1;1; -1;1;0;1;30;Indemne;5
202300053584;155 585 497;C01;7;0;2;4;2;2;203 723 675;1;1;1;1;2003.0;5;1;0;-1;11;2;2023;18:00;1;87;87085;2;3;1;4;45.83132;1.25609;4;2;2;0;2;1; -1;1;0;1;30;Indemne;5
202300053593;155 585 461;B01;1;0;2;7;1;5;203 723 630;1;1;4;1;2008.0;0;8;0;-1;1;1;2023;12:40;1;83;83069;2;6;1;3;43.11645;6.14649;4;1;2;0;1;1; -1;1;0;1;50;Blessé léger;6
202300053593;155 585 461;B01;1;0;2;7;1;5;203 723 630;1;1;4;1;2008.0;0;8;0;-1;1;1;2023;12:40;1;83;83069;2;6;1;3;43.11645;6.14649;4;-1;2;0;1;1; -1;1;0;1;50;Blessé léger;6
202300053593;155 585 472;A01;7;0;2;0;16;2;203 723 642;1;1;1;1;1947.0;0;1;-1;-1;1;1;2023;12:40;1;83;83069;2;6;1;3;43.11645;6.14649;4;1;2;0;1;1; -1;1;0;1;50;Indemne;6
202300053593;155 585 472;A01;7;0;2;0;16;2;203 723 642;1;1;1;1;1947.0;0;1;-1;-1;1;1;2023;12:40;1;83;83069;2;6;1;3;43.11645;6.14649;4;-1;2;0;1;1; -1;1;0;1;50;Indemne;6
202300053608;155 585 441;A01;7;0;2;1;26;1;203 723 606;1;1;1;1;1965.0;0;1;8;-1;13;2;2023;13:30;1;78;78650;2;6;1;2;48.895628;2.139178;4;1;1;0;1;1; -1;1;0;1;30;Indemne;0
202300053608;155 585 441;A01;7;0;2;1;26;1;203 723 606;1;1;1;1;1965.0;0;1;8;-1;13;2;2023;13:30;1;78;78650;2;6;1;2;48.895628;2.139178;4;-1;2;0;1;1; -1;1;9;8;50;Indemne;0
202300053608;155 585 445;B01;1;0;2;8;16;5;203 723 611;1;1;4;2;1977.0;9;8;0;-1;13;2;2023;13:30;1;78;78650;2;6;1;2;48.895628;2.139178;4;1;1;0;1;1; -1;1;0;1;30;Blessé léger;0
202300053608;155 585 445;B01;1;0;2;8;16;5;203 723 611;1;1;4;2;1977.0;9;8;0;-1;13;2;2023;13:30;1;78;78650;2;6;1;2;48.895628;2.139178;4;-1;2;0;1;1; -1;1;9;8;50;Blessé léger;0
202300053634;155 585 389;A01;1;0;0;3;1;5;203 723 528;1;1;3;1;1955.0;5;2;-1;-1;8;5;2023;11:30;1;49;49018;2;1;1;7;47.539494;-0.112199;3;2;2;0;1;1;9;1;0;4;50;Blessé hospitalisé;0
202300053660;155 585 346;A01;1;0;0;0;1;5;203 723 472;1;1;4;1;2009.0;5;0;-1;-1;7;5;2023;15:25;1;31;31033;2;1;1;7;43.350636;1.478568;3;2;2;2;2;1; -1;1;0;1;50;Blessé léger;6
202300053672;155 585 326;A01;80;0;2;1;1;3;203 723 441;1;1;4;1;1977.0;0;8;-1;-1;14;7;2023;19:15;1;69;69259;2;2;1;3;45.69508;4.87355;4;2;2;2;2;1; -1;1;0;1;50;Blessé léger;4
202300053672;155 585 326;A01;80;0;2;1;1;3;203 723 441;1;1;4;1;1977.0;0;8;-1;-1;14;7;2023;19:15;1;69;69259;2;2;1;3;45.69508;4.87355;4;2;2;2;1;1; -1;1;0;1;50;Blessé léger;4
202300053672;155 585 328;B01;7;0;2;3;1;1;203 723 448;1;1;1;2;1976.0;1;1;-1;-1;14;7;2023;19:15;1;69;69259;2;2;1;3;45.69508;4.87355;4;2;2;2;2;1; -1;1;0;1;50;Indemne;4
202300053672;155 585 328;B01;7;0;2;3;1;1;203 723 448;1;1;1;2;1976.0;1;1;-1;-1;14;7;2023;19:15;1;69;69259;2;2;1;3;45.69508;4.87355;4;2;2;2;1;1; -1;1;0;1;50;Indemne;4
202300053679;155 585 313;A01;7;0;2;1;21;1;203 723 428;1;1;1;1;1964.0;1;1;8;-1;8;6;2023;20:40;1;95;95598;2;1;1;1;48.98972;2.29441;4;2;0;0;1;1; -1;1;0;1;50;Indemne;3
202300053679;155 585 317;B01;1;0;2;0;25;5;203 723 432;1;1;4;1;2006.0;5;0;0;-1;8;6;2023;20:40;1;95;95598;2;1;1;1;48.98972;2.29441;4;2;0;0;1;1; -1;1;0;1;50;Blessé léger;3
202300053691;155 585 298;B01;1;0;2;8;26;5;203 723 404;1;1;4;2;1970.0;0;2;0;-1;29;11;2023;15:00;1;83;83137;2;9;1;3;43.13427;5.90585;4;2;2;0;1;1; -1;1;0;1;50;Blessé léger;2
202300053696;155 585 283;B01;80;0;2;1;19;3;203 723 389;1;1;4;1;1967.0;5;2;0;-1;13;2;2023;15:50;1;64;64284;2;9;1;3;43.29295;-0.38666;4;1;11;0;1;1; -1;1;0;1;50;Blessé léger;0
202300053696;155 585 288;A01;7;0;2;3;9;1;203 723 393;1;1;1;2;1964.0;0;1;0;-1;13;2;2023;15:50;1;64;64284;2;9;1;3;43.29295;-0.38666;4;1;11;0;1;1; -1;1;0;1;50;Indemne;0
202300053697;155 585 279;A01;80;0;1;5;0;3;203 723 382;1;1;1;1;1998.0;4;2;8;-1;14;7;2023;12:00;1;64;64122;2;1;1;6;43.48281;-1.56584;4;1;1;1;1;2; -1;1;0;5;30;Indemne;4
202300053697;155 585 279;A01;80;0;1;5;0;3;203 723 384;10;3;4;2;1960.0;5;0;-1;-1;14;7;2023;12:00;1;64;64122;2;1;1;6;43.48281;-1.56584;4;1;1;1;1;2; -1;1;0;5;30;Blessé léger;4
202300053702;155 585 274;B01;1;0;2;8;1;5;203 723 375;1;1;4;2;2004.0;0;2;0;-1;28;3;2023;13:08;1;63;63113;2;2;1;1;45.78034;3.08325;4;1;1;0;1;1; -1;1;0;6;30;Blessé léger;1
202300053702;155 585 274;B01;1;0;2;8;1;5;203 723 375;1;1;4;2;2004.0;0;2;0;-1;28;3;2023;13:08;1;63;63113;2;2;1;1;45.78034;3.08325;4;2;2;3;1;1; -1;1;0;1;30;Blessé léger;1
202300053702;155 585 282;A01;7;0;9;1;26;2;203 723 388;1;1;1;2;1967.0;0;1;0;-1;28;3;2023;13:08;1;63;63113;2;2;1;1;45.78034;3.08325;4;1;1;0;1;1; -1;1;0;6;30;Indemne;1
202300053702;155 585 282;A01;7;0;9;1;26;2;203 723 388;1;1;1;2;1967.0;0;1;0;-1;28;3;2023;13:08;1;63;63113;2;2;1;1;45.78034;3.08325;4;2;2;3;1;1; -1;1;0;1;30;Indemne;1
202300053718;155 585 244;B01;7;0;2;2;1;1;203 723 337;2;2;1;1;1998.0;5;1;-1;-1;11;2;2023;17:35;1;61;61006;2;1;1;3;48.74331;-0.02472;4;2;2;0;1;1; -1;1;0;1;30;Indemne;5
202300053718;155 585 244;B01;7;0;2;2;1;1;203 723 342;1;1;1;2;2003.0;5;1;-1;-1;11;2;2023;17:35;1;61;61006;2;1;1;3;48.74331;-0.02472;4;2;2;0;1;1; -1;1;0;1;30;Indemne;5
202300053718;155 585 251;A01;1;0;2;1;19;5;203 723 349;1;1;4;1;2001.0;5;0;-1;-1;11;2;2023;17:35;1;61;61006;2;1;1;3;48.74331;-0.02472;4;2;2;0;1;1; -1;1;0;1;30;Blessé léger;5
202300053721;155 585 241;A01;1;0;1;3;7;5;203 723 333;1;1;1;2;1994.0;1;2;0;-1;26;9;2023;09:00;1;75;75118;2;1;1;6;48.883716;2.333365;4;1;2;3;1;1; -1;1;-1;6;25;Indemne;1
202300053721;155 585 241;A01;1;0;1;3;7;5;203 723 338;10;3;4;2;1943.0;5;0;-1;-1;26;9;2023;09:00;1;75;75118;2;1;1;6;48.883716;2.333365;4;1;2;3;1;1; -1;1;-1;6;25;Blessé léger;1
202300053726;155 585 233;A01;7;0;2;1;15;1;203 723 322;1;1;1;1;1962.0;0;1;0;-1;12;7;2023;19:26;1;59;59507;2;3;1;3;50.60823;3.0899;4;1;1;1;1;1; -1;1;0;1;30;Indemne;2
202300053726;155 585 233;A01;7;0;2;1;15;1;203 723 322;1;1;1;1;1962.0;0;1;0;-1;12;7;2023;19:26;1;59;59507;2;3;1;3;50.60823;3.0899;4;1;1;1;1;1; -1;1;0;1;30;Indemne;2
202300053726;155 585 237;B01;1;0;0;0;0;5;203 723 328;1;1;4;1;2011.0;5;2;0;-1;12;7;2023;19:26;1;59;59507;2;3;1;3;50.60823;3.0899;4;1;1;1;1;1; -1;1;0;1;30;Blessé léger;2
202300053726;155 585 237;B01;1;0;0;0;0;5;203 723 328;1;1;4;1;2011.0;5;2;0;-1;12;7;2023;19:26;1;59;59507;2;3;1;3;50.60823;3.0899;4;1;1;1;1;1; -1;1;0;1;30;Blessé léger;2
202300053737;155 585 213;A01;7;0;9;2;16;1;203 723 298;1;1;1;1;1971.0;0;1;0;-1;10;3;2023;17:30;1;59;59350;2;1;1;3;50.62;3.07;4;1;2;1;1;1; -1;1;0;5;50;Indemne;4
202300053737;155 585 221;B01;1;0;2;1;1;5;203 723 306;1;1;4;1;1987.0;0;2;8;-1;10;3;2023;17:30;1;59;59350;2;1;1;3;50.62;3.07;4;1;2;1;1;1; -1;1;0;5;50;Blessé léger;4