Num_Acc;id_vehicule;num_veh;catv;obs;obsm;choc;manv;motor;id_usager;place;catu;grav;sexe;an_nais;trajet;secu1;secu2;secu3;jour;mois;an;hrmn;lum;dep;com;agg;int;atm;col;lat;long;catr;circ;nbv;vosp;prof;plan;larrout;surf;infra;situ;vma;gravity;day_of_week
202300053739;155 585 212;A01;32;0;2;1;5;1;203 723 297;1;1;4;1;1985.0;9;2;0;-1;26;9;2023;19:15;2;75;75116;2;2;1;3;48.858412;2.258927;4;3;2;0;1;1; -1;1;0;1;30;Blessé léger;1
202300053739;155 585 212;A01;32;0;2;1;5;1;203 723 297;1;1;4;1;1985.0;9;2;0;-1;26;9;2023;19:15;2;75;75116;2;2;1;3;48.858412;2.258927;4;2; -1;-1;1;1; -1;1;0;1;-1;Blessé léger;1
202300053739;155 585 219;B01;1;0;2;8;19;5;203 723 303;1;1;4;1;1977.0;1;8;0;-1;26;9;2023;19:15;2;75;75116;2;2;1;3;48.858412;2.258927;4;3;2;0;1;1; -1;1;0;1;30;Blessé léger;1
202300053739;155 585 219;B01;1;0;2;8;19;5;203 723 303;1;1;4;1;1977.0;1;8;0;-1;26;9;2023;19:15;2;75;75116;2;2;1;3;48.858412;2.258927;4;2; -1;-1;1;1; -1;1;0;1;-1;Blessé léger;1
202300053746;155 585 199;A01;7;0;9;2;10;0;203 723 281;1;1;1;2;2001.0;0;8;0;-1;29;3;2023;08:40;1;59;59350;2;2;1;3;50.63339;3.04767;4;3;4;1;1;1; -1;1;0;8;50;Indemne;2
202300053746;155 585 199;A01;7;0;9;2;10;0;203 723 281;1;1;1;2;2001.0;0;8;0;-1;29;3;2023;08:40;1;59;59350;2;2;1;3;50.63339;3.04767;4;3;4;1;1;1; -1;1;0;6;50;Indemne;2
202300053746;155 585 205;B01;1;0;2;8;2;5;203 723 289;1;1;4;2;1976.0;2;0;0;-1;29;3;2023;08:40;1;59;59350;2;2;1;3;50.63339;3.04767;4;3;4;1;1;1; -1;1;0;8;50;Blessé léger;2
202300053746;155 585 205;B01;1;0;2;8;2;5;203 723 289;1;1;4;2;1976.0;2;0;0;-1;29;3;2023;08:40;1;59;59350;2;2;1;3;50.63339;3.04767;4;3;4;1;1;1; -1;1;0;6;50;Blessé léger;2
202300053750;155 585 194;A01;1;8;0;1;15;5;203 723 275;1;1;4;2;1948.0;5;8;0;-1;14;7;2023;10:10;1;37;37261;2;3;1;6;47.38294357;0.66833138;4;2; -1;-1;1;1; -1;1;0;4;50;Blessé léger;4
202300053750;155 585 194;A01;1;8;0;1;15;5;203 723 275;1;1;4;2;1948.0;5;8;0;-1;14;7;2023;10:10;1;37;37261;2;3;1;6;47.38294357;0.66833138;4;2;1;1;1;1; -1;1;0;4;50;Blessé léger;4
202300053754;155 585 186;A01;10;0;2;0;15;1;203 723 263;1;1;1;1;1963.0;0;1;0;-1;22;8;2023;06:20;2;974;97416;2;1;1;7;-21.33026;55.47944;2;2;3;0;1;1; -1;1;0;1;50;Indemne;1
202300053754;155 585 191;B01;1;0;2;0;1;5;203 723 268;1;1;4;1;1991.0;1;2;0;-1;22;8;2023;06:20;2;974;97416;2;1;1;7;-21.33026;55.47944;2;2;3;0;1;1; -1;1;0;1;50;Blessé léger;1
202300053757;155 585 182;A01;1;0;2;1;2;5;203 723 258;1;1;4;1;2004.0;5;2;8;-1;28;3;2023;16:00;1;56;56121;2;3;1;2;47.74528;-3.37322;4;2;2;0;1;1; -1;1;0;1;30;Blessé léger;1
202300053757;155 585 182;A01;1;0;2;1;2;5;203 723 258;1;1;4;1;2004.0;5;2;8;-1;28;3;2023;16:00;1;56;56121;2;3;1;2;47.74528;-3.37322;4;2;2;0;1;1; -1;1;0;1;30;Blessé léger;1
202300053757;155 585 185;B01;7;0;2;4;23;1;203 723 262;1;1;1;2;1961.0;0;1;8;-1;28;3;2023;16:00;1;56;56121;2;3;1;2;47.74528;-3.37322;4;2;2;0;1;1; -1;1;0;1;30;Indemne;1
202300053757;155 585 185;B01;7;0;2;4;23;1;203 723 262;1;1;1;2;1961.0;0;1;8;-1;28;3;2023;16:00;1;56;56121;2;3;1;2;47.74528;-3.37322;4;2;2;0;1;1; -1;1;0;1;30;Indemne;1
202300053759;155 585 172;A01;1;0;2;8;1;5;203 723 246;1;1;4;2;1980.0;1;2;8;-1;26;9;2023;08:15;1;75;75116;2;2;1;3;48.858558;2.244877;4;2;4;0;1;1; -1;1;0;5;50;Blessé léger;1
202300053759;155 585 172;A01;1;0;2;8;1;5;203 723 246;1;1;4;2;1980.0;1;2;8;-1;26;9;2023;08:15;1;75;75116;2;2;1;3;48.858558;2.244877;4;2;3;0;1;1; -1;1;0;5;50;Blessé léger;1
202300053759;155 585 181;B01;7;0;2;1;1;1;203 723 257;1;1;1;1;1989.0;1;1;0;-1;26;9;2023;08:15;1;75;75116;2;2;1;3;48.858558;2.244877;4;2;4;0;1;1; -1;1;0;5;50;Indemne;1
202300053759;155 585 181;B01;7;0;2;1;1;1;203 723 257;1;1;1;1;1989.0;1;1;0;-1;26;9;2023;08:15;1;75;75116;2;2;1;3;48.858558;2.244877;4;2;3;0;1;1; -1;1;0;5;50;Indemne;1
202300053770;155 585 159;A01;1;0;1;8;1;5;203 723 228;1;1;1;1;1975.0;0;8;0;-1;14;7;2023;10:40;1;35;35238;2;1;8;6;48.115344;-1.679941;4;1;1;0;1;4; -1;1;0;1;30;Indemne;4
202300053770;155 585 159;A01;1;0;1;8;1;5;203 723 232;10;3;4;1;1944.0;5;0;-1;-1;14;7;2023;10:40;1;35;35238;2;1;8;6;48.115344;-1.679941;4;1;1;0;1;4; -1;1;0;1;30;Blessé léger;4
202300053771;155 585 155;A01;1;0;2;7;1;5;203 723 224;1;1;4;1;2004.0;4;8;0;-1;26;9;2023;10:45;1;75;75115;2;2;1;3;48.846413;2.283124;4;2;2;0;1;1; -1;1;0;1;30;Blessé léger;1
202300053771;155 585 155;A01;1;0;2;7;1;5;203 723 224;1;1;4;1;2004.0;4;8;0;-1;26;9;2023;10:45;1;75;75115;2;2;1;3;48.846413;2.283124;4;1; -1;-1;1;1; -1;1;0;1;-1;Blessé léger;1
202300053771;155 585 164;B01;33;0;2;1;1;1;203 723 235;1;1;4;1;2000.0;9;2;0;-1;26;9;2023;10:45;1;75;75115;2;2;1;3;48.846413;2.283124;4;2;2;0;1;1; -1;1;0;1;30;Blessé léger;1
202300053771;155 585 164;B01;33;0;2;1;1;1;203 723 235;1;1;4;1;2000.0;9;2;0;-1;26;9;2023;10:45;1;75;75115;2;2;1;3;48.846413;2.283124;4;1; -1;-1;1;1; -1;1;0;1;-1;Blessé léger;1
202300053773;155 585 154;B01;1;0;2;3;0;5;203 723 222;1;1;4;1;1959.0;5;8;0;-1;10;6;2023;09:10;1;974;97407;2;6;1;3;-20.94522;55.29275;4;1;2;1;1;1; -1;1;0;5;50;Blessé léger;5
202300053773;155 585 154;B01;1;0;2;3;0;5;203 723 222;1;1;4;1;1959.0;5;8;0;-1;10;6;2023;09:10;1;974;97407;2;6;1;3;-20.94522;55.29275;4;2;2;0;1;1; -1;1;0;5;50;Blessé léger;5
202300053773;155 585 163;A01;7;0;2;3;9;1;203 723 234;1;1;1;1;1959.0;3;1;0;-1;10;6;2023;09:10;1;974;97407;2;6;1;3;-20.94522;55.29275;4;1;2;1;1;1; -1;1;0;5;50;Indemne;5
202300053773;155 585 163;A01;7;0;2;3;9;1;203 723 234;1;1;1;1;1959.0;3;1;0;-1;10;6;2023;09:10;1;974;97407;2;6;1;3;-20.94522;55.29275;4;2;2;0;1;1; -1;1;0;5;50;Indemne;5
202300053778;155 585 146;A01;80;0;2;1;5;3;203 723 208;1;1;4;1;2005.0;0;8;0;-1;29;11;2023;13:10;1;72;72181;2;1;1;1;47.997;0.20118;4;1;1;3;2;1; -1;1;0;1;50;Blessé léger;2
202300053778;155 585 150;B01;7;0;2;2;16;1;203 723 215;1;1;1;1;1986.0;0;1;0;-1;29;11;2023;13:10;1;72;72181;2;1;1;1;47.997;0.20118;4;1;1;3;2;1; -1;1;0;1;50;Indemne;2
202300053781;155 585 142;B01;1;0;2;1;1;5;203 723 199;1;1;4;1;1974.0;5;8;-1;-1;15;7;2023;00:30;5;33;33063;2;5;1;1;44.8550791;-0.57377145;4;2;2;0;1;1; -1;1;5;1;30;Blessé léger;5
202300053781;155 585 142;B01;1;0;2;1;1;5;203 723 199;1;1;4;1;1974.0;5;8;-1;-1;15;7;2023;00:30;5;33;33063;2;5;1;1;44.8550791;-0.57377145;4;1;1;0;1;1; -1;1;5;1;30;Blessé léger;5
202300053781;155 585 145;A01;2;0;2;1;20;1;203 723 206;1;1;4;1;2003.0;4;2;6;-1;15;7;2023;00:30;5;33;33063;2;5;1;1;44.8550791;-0.57377145;4;2;2;0;1;1; -1;1;5;1;30;Blessé léger;5
202300053781;155 585 145;A01;2;0;2;1;20;1;203 723 206;1;1;4;1;2003.0;4;2;6;-1;15;7;2023;00:30;5;33;33063;2;5;1;1;44.8550791;-0.57377145;4;1;1;0;1;1; -1;1;5;1;30;Blessé léger;5
202300053782;155 585 140;B01;1;0;2;8;5;5;203 723 196;1;1;4;1;1989.0;9;8;0;-1;26;9;2023;21:30;3;75;75111;2;2;1;3;48.864736;2.382949;4;1;2;2;1;1; -1;1;0;5;30;Blessé léger;1
202300053782;155 585 140;B01;1;0;2;8;5;5;203 723 196;1;1;4;1;1989.0;9;8;0;-1;26;9;2023;21:30;3;75;75111;2;2;1;3;48.864736;2.382949;4;1;1;0;1;1; -1;1;0;5;30;Blessé léger;1
202300053782;155 585 147;A01;43;0;2;1;1;1;203 723 210;1;1;3;1;1966.0;9;2;8;-1;26;9;2023;21:30;3;75;75111;2;2;1;3;48.864736;2.382949;4;1;2;2;1;1; -1;1;0;5;30;Blessé hospitalisé;1
202300053782;155 585 147;A01;43;0;2;1;1;1;203 723 210;1;1;3;1;1966.0;9;2;8;-1;26;9;2023;21:30;3;75;75111;2;2;1;3;48.864736;2.382949;4;1;1;0;1;1; -1;1;0;5;30;Blessé hospitalisé;1
202300053809;155 585 088;A01;7;0;0;4;24;3;203 723 125;1;1;1;1;1947.0;0;8;0;-1;29;3;2023;06:10;5;44;44109;2;1;1;2;47.2278;-1.56131;4;2;3;3;2;1; -1;1;0;1;50;Indemne;2
202300053809;155 585 096;B01;1;1;0;1;2;5;203 723 136;1;1;3;2;1996.0;0;2;0;-1;29;3;2023;06:10;5;44;44109;2;1;1;2;47.2278;-1.56131;4;2;3;3;2;1; -1;1;0;1;50;Blessé hospitalisé;2
202300053820;155 585 075;B01;1;0;2;4;2;5;203 723 109;1;1;4;2;1964.0;5;8;0;-1;13;2;2023;15:38;1;27;27375;2;1;1;3;49.2184;1.16688;4;-1;2;3;1;1; -1;1;0;1;50;Blessé léger;0
202300053820;155 585 080;A01;10;0;2;1;1;1;203 723 115;1;1;1;1;1972.0;1;1;0;-1;13;2;2023;15:38;1;27;27375;2;1;1;3;49.2184;1.16688;4;-1;2;3;1;1; -1;1;0;1;50;Indemne;0
202300053826;155 585 051;B01;80;0;2;2;1;3;203 723 078;1;1;4;2;2001.0;9;8;0;-1;26;9;2023;13:00;1;75;75107;2;2;1;3;48.862828;2.313459;4;2;2;1;1;1; -1;1;2;5;30;Blessé léger;1
202300053826;155 585 051;B01;80;0;2;2;1;3;203 723 078;1;1;4;2;2001.0;9;8;0;-1;26;9;2023;13:00;1;75;75107;2;2;1;3;48.862828;2.313459;4;2;2;0;1;1; -1;1;0;5;30;Blessé léger;1
202300053826;155 585 060;A01;32;0;2;3;16;1;203 723 093;1;1;1;1;1963.0;9;2;6;-1;26;9;2023;13:00;1;75;75107;2;2;1;3;48.862828;2.313459;4;2;2;1;1;1; -1;1;2;5;30;Indemne;1
202300053826;155 585 060;A01;32;0;2;3;16;1;203 723 093;1;1;1;1;1963.0;9;2;6;-1;26;9;2023;13:00;1;75;75107;2;2;1;3;48.862828;2.313459;4;2;2;0;1;1; -1;1;0;5;30;Indemne;1
202300053842;155 585 023;A01;1;0;1;1;14;5;203 723 041;1;1;1;1;1974.0;4;2;0;-1;29;3;2023;15:45;1;37;37261;2;1;1;6;47.36743;0.68713;5;2;1;2;2;1; -1;1;6;5;-1;Indemne;2
202300053842;155 585 023;A01;1;0;1;1;14;5;203 723 044;10;3;4;2;2003.0;5;0;-1;-1;29;3;2023;15:45;1;37;37261;2;1;1;6;47.36743;0.68713;5;2;1;2;2;1; -1;1;6;5;-1;Blessé léger;2
202300053843;155 585 022;A01;1;0;-1;8;1;5;203 723 039;1;1;4;1;1994.0;4;2;4;-1;22;8;2023;10:30;1;971;97101;1;1;1;6;16.29207;-61.46369;4;2;2;0;1;1; -1;1;0;1;50;Blessé léger;1
202300053863;155 584 989;A01;1;0;2;1;1;5;203 722 996;1;1;4;1;2012.0;2;2;0;-1;28;3;2023;08:15;1;37;37261;2;1;1;3;47.38083;0.68301;4;2;2;0;1;1; -1;1;0;4;50;Blessé léger;1
202300053863;155 584 994;B01;1;0;2;1;1;5;203 723 003;1;1;4;1;2012.0;2;2;0;-1;28;3;2023;08:15;1;37;37261;2;1;1;3;47.38083;0.68301;4;2;2;0;1;1; -1;1;0;4;50;Blessé léger;1
202300053867;155 584 984;B01;1;0;2;3;1;5;203 722 990;1;1;4;1;1966.0;5;8;0;-1;13;2;2023;11:10;1;75;75118;2;2;1;3;48.898221;2.352523;4;1;2;0;1;1; -1;1;0;1;50;Blessé léger;0
202300053867;155 584 984;B01;1;0;2;3;1;5;203 722 990;1;1;4;1;1966.0;5;8;0;-1;13;2;2023;11:10;1;75;75118;2;2;1;3;48.898221;2.352523;4;2;2;0;1;1; -1;1;0;1;50;Blessé léger;0
202300053867;155 584 993;A01;10;0;2;2;1;1;203 723 002;1;1;1;1;2000.0;4;1;0;-1;13;2;2023;11:10;1;75;75118;2;2;1;3;48.898221;2.352523;4;1;2;0;1;1; -1;1;0;1;50;Indemne;0
202300053867;155 584 993;A01;10;0;2;2;1;1;203 723 002;1;1;1;1;2000.0;4;1;0;-1;13;2;2023;11:10;1;75;75118;2;2;1;3;48.898221;2.352523;4;2;2;0;1;1; -1;1;0;1;50;Indemne;0
202300053868;155 584 983;B01;7;0;2;5;2;1;203 722 989;1;1;1;2;1983.0;4;1;0;-1;1;1;2023;12:55;1;75;75120;2;3;1;2;48.864596;2.406024;4;2;2;0;1;1; -1;1;0;1;30;Indemne;6
202300053868;155 584 983;B01;7;0;2;5;2;1;203 722 989;1;1;1;2;1983.0;4;1;0;-1;1;1;2023;12:55;1;75;75120;2;3;1;2;48.864596;2.406024;4;2;2;0;1;1; -1;1;0;1;30;Indemne;6
202300053868;155 584 988;A01;1;0;2;1;2;5;203 722 994;1;1;4;1;1996.0;5;2;-1;-1;1;1;2023;12:55;1;75;75120;2;3;1;2;48.864596;2.406024;4;2;2;0;1;1; -1;1;0;1;30;Blessé léger;6
202300053868;155 584 988;A01;1;0;2;1;2;5;203 722 994;1;1;4;1;1996.0;5;2;-1;-1;1;1;2023;12:55;1;75;75120;2;3;1;2;48.864596;2.406024;4;2;2;0;1;1; -1;1;0;1;30;Blessé léger;6
202300053881;155 584 962;A01;80;0;2;1;1;3;203 722 964;1;1;3;1;1993.0;5;8;0;-1;14;7;2023;02:30;5;75;75106;2;1;1;1;48.845629;2.321932;4;-1;1;1;1;1; -1;1;0;5;30;Blessé hospitalisé;4
202300053881;155 584 966;B01;50;0;2;1;13;3;203 722 968;1;1;4;2;2005.0;5;8;0;-1;14;7;2023;02:30;5;75;75106;2;1;1;1;48.845629;2.321932;4;-1;1;1;1;1; -1;1;0;5;30;Blessé léger;4
202300053882;155 584 961;B01;1;0;2;8;1;5;203 722 963;1;1;4;1;1988.0;1;2;8;-1;26;9;2023;20:45;5;94;94034;2;2;1;3;48.75811;2.31683;3;2;2;0;1;1; -1;1;0;1;50;Blessé léger;1
202300053882;155 584 961;B01;1;0;2;8;1;5;203 722 963;1;1;4;1;1988.0;1;2;8;-1;26;9;2023;20:45;5;94;94034;2;2;1;3;48.75811;2.31683;3;2;2;0;1;1; -1;1;0;1;50;Blessé léger;1
202300053882;155 584 964;A01;7;0;2;1;15;1;203 722 966;1;1;1;1;1974.0;5;1;0;-1;26;9;2023;20:45;5;94;94034;2;2;1;3;48.75811;2.31683;3;2;2;0;1;1; -1;1;0;1;50;Indemne;1
202300053882;155 584 964;A01;7;0;2;1;15;1;203 722 966;1;1;1;1;1974.0;5;1;0;-1;26;9;2023;20:45;5;94;94034;2;2;1;3;48.75811;2.31683;3;2;2;0;1;1; -1;1;0;1;50;Indemne;1
202300053883;155 584 958;A01;80;1;0;1;15;3;203 722 959;1;1;4;2;1961.0;5;2;0;-1;12;2;2023;12:40;1;75;75116;2;3;8;6;48.850384;2.273279;4;2;2;0;1;1; -1;1;0;1;30;Blessé léger;6
202300053883;155 584 958;A01;80;1;0;1;15;3;203 722 959;1;1;4;2;1961.0;5;2;0;-1;12;2;2023;12:40;1;75;75116;2;3;8;6;48.850384;2.273279;4;2;2;0;1;1; -1;1;0;1;30;Blessé léger;6
202300053888;155 584 944;A01;7;0;2;8;1;1;203 722 938;1;1;1;1;1985.0;5;1;0;-1;1;1;2023;21:15;5;75;75118;2;2;2;3;48.88981206;2.34292835;4;2;2;0;1;3; -1;2;0;1;30;Indemne;6
202300053888;155 584 944;A01;7;0;2;8;1;1;203 722 938;1;1;1;1;1985.0;5;1;0;-1;1;1;2023;21:15;5;75;75118;2;2;2;3;48.88981206;2.34292835;4;2;2;0;1;1; -1;2;0;1;30;Indemne;6
202300053888;155 584 954;B01;80;0;2;8;23;3;203 722 954;1;1;4;1;1990.0;4;2;8;-1;1;1;2023;21:15;5;75;75118;2;2;2;3;48.88981206;2.34292835;4;2;2;0;1;3; -1;2;0;1;30;Blessé léger;6
202300053888;155 584 954;B01;80;0;2;8;23;3;203 722 954;1;1;4;1;1990.0;4;2;8;-1;1;1;2023;21:15;5;75;75118;2;2;2;3;48.88981206;2.34292835;4;2;2;0;1;1; -1;2;0;1;30;Blessé léger;6
202300053896;155 584 925;B01;1;0;2;8;1;5;203 722 913;1;1;4;2;1978.0;1;2;8;-1;29;11;2023;13:54;1;56;56121;2;6;1;3;47.74533;-3.36798;4;3;2;3;1;1; -1;1;5;5;30;Blessé léger;2
202300053896;155 584 925;B01;1;0;2;8;1;5;203 722 913;1;1;4;2;1978.0;1;2;8;-1;29;11;2023;13:54;1;56;56121;2;6;1;3;47.74533;-3.36798;4;2;2;0;1;1; -1;1;5;1;30;Blessé léger;2
202300053896;155 584 936;A01;7;0;2;1;1;1;203 722 930;1;1;1;2;2000.0;1;1;8;-1;29;11;2023;13:54;1;56;56121;2;6;1;3;47.74533;-3.36798;4;3;2;3;1;1; -1;1;5;5;30;Indemne;2
202300053896;155 584 936;A01;7;0;2;1;1;1;203 722 930;1;1;1;2;2000.0;1;1;8;-1;29;11;2023;13:54;1;56;56121;2;6;1;3;47.74533;-3.36798;4;2;2;0;1;1; -1;1;5;1;30;Indemne;2
202300053897;155 584 926;A01;31;0;0;2;19;1;203 722 915;1;1;1;1;1952.0;0;2;-1;-1;8;5;2023;09:25;1;38;38565;2;1;1;3;45.298298;5.636876;3;2;2;0;4;3;5;1;0;1;50;Indemne;0
202300053897;155 584 934;B01;1;0;0;1;1;5;203 722 927;1;1;4;1;1965.0;5;2;-1;-1;8;5;2023;09:25;1;38;38565;2;1;1;3;45.298298;5.636876;3;2;2;0;4;3;5;1;0;1;50;Blessé léger;0
202300053900;155 584 923;A01;80;0;2;8;15;3;203 722 912;1;1;1;1;1990.0;4;0;-1;-1;27;3;2023;21:00;5;33;33063;2;3;1;3;44.83076;-0.54467;4;3;4;1;1;1; -1;1;5;1;50;Indemne;0
202300053900;155 584 923;A01;80;0;2;8;15;3;203 722 912;1;1;1;1;1990.0;4;0;-1;-1;27;3;2023;21:00;5;33;33063;2;3;1;3;44.83076;-0.54467;4;2;2;0;1;1; -1;1;5;1;50;Indemne;0
202300053900;155 584 931;B01;32;0;2;7;1;1;203 722 923;1;1;4;1;1975.0;1;2;6;-1;27;3;2023;21:00;5;33;33063;2;3;1;3;44.83076;-0.54467;4;3;4;1;1;1; -1;1;5;1;50;Blessé léger;0
202300053900;155 584 931;B01;32;0;2;7;1;1;203 722 923;1;1;4;1;1975.0;1;2;6;-1;27;3;2023;21:00;5;33;33063;2;3;1;3;44.83076;-0.54467;4;2;2;0;1;1; -1;1;5;1;50;Blessé léger;0
202300053905;155 584 919;A01;1;0;2;1;1;5;203 722 902;1;1;4;1;1987.0;9;8;0;-1;14;7;2023;03:15;5;75;75115;2;3;1;3;48.84157;2.318313;4;1;2;0;1;1; -1;1;0;1;50;Blessé léger;4
202300053905;155 584 919;A01;1;0;2;1;1;5;203 722 902;1;1;4;1;1987.0;9;8;0;-1;14;7;2023;03:15;5;75;75115;2;3;1;3;48.84157;2.318313;4;1; -1;-1;1;1; -1;1;0;1;-1;Blessé léger;4
202300053926;155 584 885;B01;31;0;2;1;1;1;203 722 855;1;1;4;1;1972.0;1;2;6;-1;13;2;2023;21:30;5;75;75111;2;3;1;3;48.855352;2.384312;4;2;4;1;1;1; -1;1;0;1;30;Blessé léger;0
202300053926;155 584 885;B01;31;0;2;1;1;1;203 722 855;1;1;4;1;1972.0;1;2;6;-1;13;2;2023;21:30;5;75;75111;2;3;1;3;48.855352;2.384312;4;2; -1;-1;1;1; -1;1;0;1;-1;Blessé léger;0
202300053926;155 584 888;A01;1;0;2;8;15;5;203 722 859;1;1;1;2;1992.0;9;2;0;-1;13;2;2023;21:30;5;75;75111;2;3;1;3;48.855352;2.384312;4;2;4;1;1;1; -1;1;0;1;30;Indemne;0
202300053926;155 584 888;A01;1;0;2;8;15;5;203 722 859;1;1;1;2;1992.0;9;2;0;-1;13;2;2023;21:30;5;75;75111;2;3;1;3;48.855352;2.384312;4;2; -1;-1;1;1; -1;1;0;1;-1;Indemne;0
202300053934;155 584 871;A01;1;0;0;0;1;5;203 722 838;1;1;4;2;1954.0;0;8;0;-1;20;1;2023;12:08;1;19;19272;2;1;1;7;45.27159456;1.7762661;3;2;2;0;1;1; -1;7;0;1;30;Blessé léger;4
202300053943;155 584 856;A01;1;0;2;1;2;5;203 722 814;1;1;4;1;2006.0;5;2;-1;-1;29;3;2023;16:15;1;17;17415;2;1;1;2;45.7410984;-0.63997149;4;2;2;1;2;1; -1;1;0;1;50;Blessé léger;2
202300053943;155 584 859;B01;7;0;9;5;2;1;203 722 821;1;1;1;1;1986.0;0;1;8;-1;29;3;2023;16:15;1;17;17415;2;1;1;2;45.7410984;-0.63997149;4;2;2;1;2;1; -1;1;0;1;50;Indemne;2
202300053978;155 584 801;B01;7;0;2;5;15;1;203 722 739;1;1;1;1;1983.0;1;1;0;-1;13;2;2023;11:10;1;75;75108;2;2;1;2;48.87011;2.306655;4;2;4;1;1;1; -1;1;0;1;50;Indemne;0
202300053978;155 584 801;B01;7;0;2;5;15;1;203 722 739;1;1;1;1;1983.0;1;1;0;-1;13;2;2023;11:10;1;75;75108;2;2;1;2;48.87011;2.306655;4;1; -1;-1;1;1; -1;1;0;1;-1;Indemne;0
202300053978;155 584 805;A01;1;0;2;1;1;5;203 722 746;1;1;4;1;1974.0;9;8;0;-1;13;2;2023;11:10;1;75;75108;2;2;1;2;48.87011;2.306655;4;2;4;1;1;1; -1;1;0;1;50;Blessé léger;0
202300053978;155 584 805;A01;1;0;2;1;1;5;203 722 746;1;1;4;1;1974.0;9;8;0;-1;13;2;2023;11:10;1;75;75108;2;2;1;2;48.87011;2.306655;4;1; -1;-1;1;1; -1;1;0;1;-1;Blessé léger;0
202300053993;155 584 774;A01;7;0;9;3;24;2;203 722 708;1;1;1;1;1978.0;1;1;0;-1;26;9;2023;13:30;1;92;92007;2;1;1;3;48.81036903;2.31158685;3;2;2;0;1;1;7;1;0;1;50;Indemne;1
202300053993;155 584 778;B01;1;1;0;1;1;5;203 722 710;1;1;4;2;1987.0;1;8;0;-1;26;9;2023;13:30;1;92;92007;2;1;1;3;48.81036903;2.31158685;3;2;2;0;1;1;7;1;0;1;50;Blessé léger;1
202300054001;155 584 760;A01;1;0;2;0;1;5;203 722 693;1;1;4;1;1989.0;5;8;8;-1;11;2;2023;12:49;1;75;75107;2;7;1;3;48.860726;2.318759;4;2;0;0;1;1; -1;1;0;1;30;Blessé léger;5
202300054001;155 584 760;A01;1;0;2;0;1;5;203 722 693;1;1;4;1;1989.0;5;8;8;-1;11;2;2023;12:49;1;75;75107;2;7;1;3;48.860726;2.318759;4;2;2;0;1;1; -1;1;0;1;30;Blessé léger;5
202300054001;155 584 775;B01;7;0;2;1;1;2;203 722 709;1;1;1;1;1971.0;4;1;8;-1;11;2;2023;12:49;1;75;75107;2;7;1;3;48.860726;2.318759;4;2;0;0;1;1; -1;1;0;1;30;Indemne;5
202300054001;155 584 775;B01;7;0;2;1;1;2;203 722 709;1;1;1;1;1971.0;4;1;8;-1;11;2;2023;12:49;1;75;75107;2;7;1;3;48.860726;2.318759;4;2;2;0;1;1; -1;1;0;1;30;Indemne;5
202300054011;155 584 741;A01;1;0;2;8;16;5;203 722 667;1;1;4;2;1998.0;1;8;0;-1;13;2;2023;15:30;1;75;75102;2;2;1;3;48.863869;2.348966;4;1;4;1;1;1; -1;1;0;1;30;Blessé léger;0
202300054011;155 584 741;A01;1;0;2;8;16;5;203 722 667;1;1;4;2;1998.0;1;8;0;-1;13;2;2023;15:30;1;75;75102;2;2;1;3;48.863869;2.348966;4;2;4;3;1;1; -1;1;0;1;30;Blessé léger;0
202300054011;155 584 748;B01;37;0;2;7;1;3;203 722 677;1;1;1;1;1982.0;4;1;0;-1;13;2;2023;15:30;1;75;75102;2;2;1;3;48.863869;2.348966;4;1;4;1;1;1; -1;1;0;1;30;Indemne;0
202300054011;155 584 748;B01;37;0;2;7;1;3;203 722 677;1;1;1;1;1982.0;4;1;0;-1;13;2;2023;15:30;1;75;75102;2;2;1;3;48.863869;2.348966;4;2;4;3;1;1; -1;1;0;1;30;Indemne;0
202300054020;155 584 728;A01;7;0;2;3;14;2;203 722 648;1;1;1;1;1981.0;5;1;0;-1;12;2;2023;07:35;1;75;75103;2;2;8;3;48.864567;2.365822;4;2;4;3;1;1; -1;1;0;6;30;Indemne;6
202300054020;155 584 728;A01;7;0;2;3;14;2;203 722 648;1;1;1;1;1981.0;5;1;0;-1;12;2;2023;07:35;1;75;75103;2;2;8;3;48.864567;2.365822;4;1;1;0;1;1; -1;1;0;6;30;Indemne;6
202300054020;155 584 732;B01;1;0;2;3;8;5;203 722 653;1;1;4;1;1983.0;1;8;0;-1;12;2;2023;07:35;1;75;75103;2;2;8;3;48.864567;2.365822;4;2;4;3;1;1; -1;1;0;6;30;Blessé léger;6
202300054020;155 584 732;B01;1;0;2;3;8;5;203 722 653;1;1;4;1;1983.0;1;8;0;-1;12;2;2023;07:35;1;75;75103;2;2;8;3;48.864567;2.365822;4;1;1;0;1;1; -1;1;0;6;30;Blessé léger;6
202300054037;155 584 691;B01;80;0;2;2;11;3;203 722 602;1;1;4;1;1971.0;0;2;8;-1;26;9;2023;19:35;2;92;92023;2;3;1;3;48.80419745;2.25802615;3;2;2;0;2;1; -1;1;0;1;30;Blessé léger;1
202300054037;155 584 691;B01;80;0;2;2;11;3;203 722 602;1;1;4;1;1971.0;0;2;8;-1;26;9;2023;19:35;2;92;92023;2;3;1;3;48.80419745;2.25802615;3;2;3;1;2;1; -1;1;0;1;30;Blessé léger;1