Num_Acc;id_vehicule;num_veh;catv;obs;obsm;choc;manv;motor;id_usager;place;catu;grav;sexe;an_nais;trajet;secu1;secu2;secu3;jour;mois;an;hrmn;lum;dep;com;agg;int;atm;col;lat;long;catr;circ;nbv;vosp;prof;plan;larrout;surf;infra;situ;vma;gravity;day_of_week
202300054037;155 584 695;A01;34;0;9;8;17;1;203 722 608;1;1;4;1;2002.0;0;2;8;-1;26;9;2023;19:35;2;92;92023;2;3;1;3;48.80419745;2.25802615;3;2;2;0;2;1; -1;1;0;1;30;Blessé léger;1
202300054037;155 584 695;A01;34;0;9;8;17;1;203 722 608;1;1;4;1;2002.0;0;2;8;-1;26;9;2023;19:35;2;92;92023;2;3;1;3;48.80419745;2.25802615;3;2;3;1;2;1; -1;1;0;1;30;Blessé léger;1
202300054039;155 584 688;C01;7;0;2;8;15;1;203 722 599;1;1;1;2;1965.0;0;1;-1;-1;21;8;2023;17:40;1;76;76351;2;3;1;5;49.52702;0.12994;3;2;2;0;1;1;5,5;1;0;1;50;Indemne;0
202300054039;155 584 688;C01;7;0;2;8;15;1;203 722 599;1;1;1;2;1965.0;0;1;-1;-1;21;8;2023;17:40;1;76;76351;2;3;1;5;49.52702;0.12994;3;2;2;0;2;1;5,5;1;0;1;50;Indemne;0
202300054039;155 584 696;A01;7;0;2;7;15;1;203 722 610;1;1;1;2;1985.0;0;1;-1;-1;21;8;2023;17:40;1;76;76351;2;3;1;5;49.52702;0.12994;3;2;2;0;1;1;5,5;1;0;1;50;Indemne;0
202300054039;155 584 696;A01;7;0;2;7;15;1;203 722 610;1;1;1;2;1985.0;0;1;-1;-1;21;8;2023;17:40;1;76;76351;2;3;1;5;49.52702;0.12994;3;2;2;0;2;1;5,5;1;0;1;50;Indemne;0
202300054039;155 584 700;B01;1;0;2;1;1;5;203 722 614;1;1;4;1;1969.0;1;8;0;-1;21;8;2023;17:40;1;76;76351;2;3;1;5;49.52702;0.12994;3;2;2;0;1;1;5,5;1;0;1;50;Blessé léger;0
202300054039;155 584 700;B01;1;0;2;1;1;5;203 722 614;1;1;4;1;1969.0;1;8;0;-1;21;8;2023;17:40;1;76;76351;2;3;1;5;49.52702;0.12994;3;2;2;0;2;1;5,5;1;0;1;50;Blessé léger;0
202300054060;155 584 656;A01;1;0;2;1;1;5;203 722 553;1;1;4;1;1978.0;0;0;-1;-1;27;10;2023;09:00;2;33;33063;2;2;2;3;44.83199;-0.56573;4;1;1;0;2;1; -1;2;0;1;30;Blessé léger;4
202300054060;155 584 656;A01;1;0;2;1;1;5;203 722 553;1;1;4;1;1978.0;0;0;-1;-1;27;10;2023;09:00;2;33;33063;2;2;2;3;44.83199;-0.56573;4;1;1;0;1;1; -1;2;0;1;30;Blessé léger;4
202300054060;155 584 667;B01;7;0;2;3;1;1;203 722 568;1;1;1;2;1994.0;0;1;-1;-1;27;10;2023;09:00;2;33;33063;2;2;2;3;44.83199;-0.56573;4;1;1;0;2;1; -1;2;0;1;30;Indemne;4
202300054060;155 584 667;B01;7;0;2;3;1;1;203 722 568;1;1;1;2;1994.0;0;1;-1;-1;27;10;2023;09:00;2;33;33063;2;2;2;3;44.83199;-0.56573;4;1;1;0;1;1; -1;2;0;1;30;Indemne;4
202300054070;155 584 640;A01;7;0;2;3;9;1;203 722 534;1;1;1;2;1981.0;5;1;-1;-1;30;11;2023;08:00;3;33;33192;2;6;3;3;44.76786;-0.61169;4;2;2;0;1;1; -1;2;0;1;50;Indemne;3
202300054070;155 584 640;A01;7;0;2;3;9;1;203 722 534;1;1;1;2;1981.0;5;1;-1;-1;30;11;2023;08:00;3;33;33192;2;6;3;3;44.76786;-0.61169;4;2;2;0;1;1; -1;2;0;1;50;Indemne;3
202300054070;155 584 648;B01;1;0;2;1;1;5;203 722 544;1;1;4;1;2003.0;1;0;-1;-1;30;11;2023;08:00;3;33;33192;2;6;3;3;44.76786;-0.61169;4;2;2;0;1;1; -1;2;0;1;50;Blessé léger;3
202300054070;155 584 648;B01;1;0;2;1;1;5;203 722 544;1;1;4;1;2003.0;1;0;-1;-1;30;11;2023;08:00;3;33;33192;2;6;3;3;44.76786;-0.61169;4;2;2;0;1;1; -1;2;0;1;50;Blessé léger;3
202300054084;155 584 612;B01;1;0;2;1;1;5;203 722 498;1;1;3;1;1995.0;9;8;0;-1;29;3;2023;15:50;1;75;75115;2;2;1;3;48.837681;2.307818;4;2;2;1;2;1; -1;1;0;1;30;Blessé hospitalisé;2
202300054084;155 584 612;B01;1;0;2;1;1;5;203 722 498;1;1;3;1;1995.0;9;8;0;-1;29;3;2023;15:50;1;75;75115;2;2;1;3;48.837681;2.307818;4;2;2;1;1;1; -1;1;0;1;30;Blessé hospitalisé;2
202300054084;155 584 622;A01;10;0;2;3;1;1;203 722 511;1;1;3;1;1998.0;4;1;0;-1;29;3;2023;15:50;1;75;75115;2;2;1;3;48.837681;2.307818;4;2;2;1;2;1; -1;1;0;1;30;Blessé hospitalisé;2
202300054084;155 584 622;A01;10;0;2;3;1;1;203 722 511;1;1;3;1;1998.0;4;1;0;-1;29;3;2023;15:50;1;75;75115;2;2;1;3;48.837681;2.307818;4;2;2;1;1;1; -1;1;0;1;30;Blessé hospitalisé;2
202300054088;155 584 609;B01;80;12;2;8;1;3;203 722 495;1;1;3;1;1949.0;5;2;6;4;27;9;2023;11:00;1;95;95566;2;1;1;2;49.1073513;2.34998841;3;2;2;0;1;1;5;1;0;5;30;Blessé hospitalisé;2
202300054088;155 584 613;A01;10;0;9;4;4;1;203 722 499;1;1;1;1;1993.0;4;1;-1;-1;27;9;2023;11:00;1;95;95566;2;1;1;2;49.1073513;2.34998841;3;2;2;0;1;1;5;1;0;5;30;Indemne;2
202300054096;155 584 597;B01;1;0;2;8;19;5;203 722 478;1;1;4;1;1988.0;9;-1;0;-1;29;3;2023;19:00;1;75;75118;2;3;1;3;48.884892;2.359343;4;1;1;-1;1;1; -1;1;0;1;30;Blessé léger;2
202300054096;155 584 597;B01;1;0;2;8;19;5;203 722 478;1;1;4;1;1988.0;9;-1;0;-1;29;3;2023;19:00;1;75;75118;2;3;1;3;48.884892;2.359343;4;2;2;-1;1;1; -1;1;0;1;30;Blessé léger;2
202300054096;155 584 603;A01;33;0;2;7;1;1;203 722 486;1;1;4;1;2003.0;5;2;6;-1;29;3;2023;19:00;1;75;75118;2;3;1;3;48.884892;2.359343;4;1;1;-1;1;1; -1;1;0;1;30;Blessé léger;2
202300054096;155 584 603;A01;33;0;2;7;1;1;203 722 486;1;1;4;1;2003.0;5;2;6;-1;29;3;2023;19:00;1;75;75118;2;3;1;3;48.884892;2.359343;4;2;2;-1;1;1; -1;1;0;1;30;Blessé léger;2
202300054104;155 584 583;A01;1;0;1;1;1;5;203 722 458;10;3;4;2;1934.0;5;0;-1;-1;27;3;2023;13:30;1;75;75116;2;1;1;6;48.859441;2.279406;4;1;1;0;1;1; -1;1;0;1;30;Blessé léger;0
202300054104;155 584 583;A01;1;0;1;1;1;5;203 722 460;1;1;1;1;2009.0;2;8;0;-1;27;3;2023;13:30;1;75;75116;2;1;1;6;48.859441;2.279406;4;1;1;0;1;1; -1;1;0;1;30;Indemne;0
202300054107;155 584 579;A01;1;0;0;0;0;5;203 722 452;1;1;2;1;1951.0;0;2;-1;-1;27;9;2023;14:55;1;25;25524;1;9;1;7;47.448464;6.657307;9;-1; -1;1;1;1; -1;1;0;5;-1;Tué;2
202300054116;155 584 567;B01;10;0;2;5;1;1;203 722 432;1;1;1;1;1974.0;9;1;0;-1;29;3;2023;09:00;1;75;75115;2;3;1;6;48.82993;2.295647;4;3;2;-1;1;1; -1;1;0;1;30;Indemne;2
202300054116;155 584 567;B01;10;0;2;5;1;1;203 722 432;1;1;1;1;1974.0;9;1;0;-1;29;3;2023;09:00;1;75;75115;2;3;1;6;48.82993;2.295647;4;-1;2;1;1;1; -1;1;0;1;30;Indemne;2
202300054116;155 584 573;A01;1;0;2;1;1;5;203 722 440;1;1;4;2;1983.0;9;2;0;-1;29;3;2023;09:00;1;75;75115;2;3;1;6;48.82993;2.295647;4;3;2;-1;1;1; -1;1;0;1;30;Blessé léger;2
202300054116;155 584 573;A01;1;0;2;1;1;5;203 722 440;1;1;4;2;1983.0;9;2;0;-1;29;3;2023;09:00;1;75;75115;2;3;1;6;48.82993;2.295647;4;-1;2;1;1;1; -1;1;0;1;30;Blessé léger;2
202300054121;155 584 556;A01;80;0;2;1;15;3;203 722 416;1;1;4;1;1983.0;1;8;0;0;11;6;2023;00:15;5;44;44132;2;6;1;3;47.26133;-2.34156;4;2;2;0;1;1; -1;1;0;1;30;Blessé léger;6
202300054121;155 584 556;A01;80;0;2;1;15;3;203 722 416;1;1;4;1;1983.0;1;8;0;0;11;6;2023;00:15;5;44;44132;2;6;1;3;47.26133;-2.34156;4;1;1;0;1;2; -1;1;0;1;30;Blessé léger;6
202300054121;155 584 559;B01;7;0;2;6;2;2;203 722 422;1;1;1;1;1957.0;5;8;0;0;11;6;2023;00:15;5;44;44132;2;6;1;3;47.26133;-2.34156;4;2;2;0;1;1; -1;1;0;1;30;Indemne;6
202300054121;155 584 559;B01;7;0;2;6;2;2;203 722 422;1;1;1;1;1957.0;5;8;0;0;11;6;2023;00:15;5;44;44132;2;6;1;3;47.26133;-2.34156;4;1;1;0;1;2; -1;1;0;1;30;Indemne;6
202300054122;155 584 551;A01;1;0;2;3;5;5;203 722 407;1;1;3;1;1934.0;5;0;-1;-1;26;9;2023;09:15;1;38;38416;2;3;1;1;45.150773;5.31646;4;2;2;0;1;1; -1;1;0;1;50;Blessé hospitalisé;1
202300054122;155 584 551;A01;1;0;2;3;5;5;203 722 407;1;1;3;1;1934.0;5;0;-1;-1;26;9;2023;09:15;1;38;38416;2;3;1;1;45.150773;5.31646;4;2;2;2;1;1; -1;1;0;1;50;Blessé hospitalisé;1
202300054122;155 584 558;B01;7;0;9;2;16;1;203 722 420;1;1;1;2;1944.0;5;1;-1;-1;26;9;2023;09:15;1;38;38416;2;3;1;1;45.150773;5.31646;4;2;2;0;1;1; -1;1;0;1;50;Indemne;1
202300054122;155 584 558;B01;7;0;9;2;16;1;203 722 420;1;1;1;2;1944.0;5;1;-1;-1;26;9;2023;09:15;1;38;38416;2;3;1;1;45.150773;5.31646;4;2;2;2;1;1; -1;1;0;1;50;Indemne;1
202300054138;155 584 527;B01;7;0;0;0;0;3;203 722 374;1;1;1;1;1981.0;0;1;0;-1;10;2;2023;00:20;5;93;93070;2;3;1;6;48.903919;2.34415;3;2;2;1;2;1; -1;1;0;1;50;Indemne;4
202300054138;155 584 527;B01;7;0;0;0;0;3;203 722 374;1;1;1;1;1981.0;0;1;0;-1;10;2;2023;00:20;5;93;93070;2;3;1;6;48.903919;2.34415;3;1;1;0;1;1; -1;1;0;1;50;Indemne;4
202300054138;155 584 533;A01;1;11;0;0;1;5;203 722 382;1;1;3;2;1997.0;0;8;0;-1;10;2;2023;00:20;5;93;93070;2;3;1;6;48.903919;2.34415;3;2;2;1;2;1; -1;1;0;1;50;Blessé hospitalisé;4
202300054138;155 584 533;A01;1;11;0;0;1;5;203 722 382;1;1;3;2;1997.0;0;8;0;-1;10;2;2023;00:20;5;93;93070;2;3;1;6;48.903919;2.34415;3;1;1;0;1;1; -1;1;0;1;50;Blessé hospitalisé;4
202300054141;155 584 522;B01;1;0;2;8;1;5;203 722 369;1;1;3;1;1993.0;0;8;0;-1;11;6;2023;00:15;5;38;38185;2;1;1;1;45.18682;5.71863;7;1;2;2;1;1; -1;1;0;1;50;Blessé hospitalisé;6
202300054141;155 584 525;A01;7;0;2;1;1;1;203 722 372;1;1;1;1;2001.0;5;1;0;-1;11;6;2023;00:15;5;38;38185;2;1;1;1;45.18682;5.71863;7;1;2;2;1;1; -1;1;0;1;50;Indemne;6
202300054141;155 584 525;A01;7;0;2;1;1;1;203 722 375;2;2;1;2;2003.0;5;1;0;-1;11;6;2023;00:15;5;38;38185;2;1;1;1;45.18682;5.71863;7;1;2;2;1;1; -1;1;0;1;50;Indemne;6
202300054147;155 584 508;B01;1;0;2;2;14;5;203 722 349;1;1;3;1;1954.0;5;8;0;-1;29;3;2023;12:15;1;75;75113;2;2;1;3;48.83104;2.377592;4;2;2;-1;1;1; -1;1;0;1;-1;Blessé hospitalisé;2
202300054147;155 584 508;B01;1;0;2;2;14;5;203 722 349;1;1;3;1;1954.0;5;8;0;-1;29;3;2023;12:15;1;75;75113;2;2;1;3;48.83104;2.377592;4;1;1;0;1;1; -1;1;0;1;30;Blessé hospitalisé;2
202300054147;155 584 515;A01;7;0;0;3;1;1;203 722 359;1;1;1;1;1964.0;1;1;0;-1;29;3;2023;12:15;1;75;75113;2;2;1;3;48.83104;2.377592;4;2;2;-1;1;1; -1;1;0;1;-1;Indemne;2
202300054147;155 584 515;A01;7;0;0;3;1;1;203 722 359;1;1;1;1;1964.0;1;1;0;-1;29;3;2023;12:15;1;75;75113;2;2;1;3;48.83104;2.377592;4;1;1;0;1;1; -1;1;0;1;30;Indemne;2
202300054153;155 584 498;B01;1;0;2;7;1;5;203 722 337;1;1;3;1;1937.0;5;8;8;-1;22;8;2023;10:15;1;67;67482;2;3;1;1;48.58173;7.70723;4;2;2;0;1;4; -1;1;0;1;50;Blessé hospitalisé;1
202300054153;155 584 498;B01;1;0;2;7;1;5;203 722 337;1;1;3;1;1937.0;5;8;8;-1;22;8;2023;10:15;1;67;67482;2;3;1;1;48.58173;7.70723;4;2;2;0;1;1; -1;1;0;1;30;Blessé hospitalisé;1
202300054153;155 584 504;A01;7;0;2;3;16;1;203 722 345;1;1;1;2;1936.0;5;1;8;-1;22;8;2023;10:15;1;67;67482;2;3;1;1;48.58173;7.70723;4;2;2;0;1;4; -1;1;0;1;50;Indemne;1
202300054153;155 584 504;A01;7;0;2;3;16;1;203 722 345;1;1;1;2;1936.0;5;1;8;-1;22;8;2023;10:15;1;67;67482;2;3;1;1;48.58173;7.70723;4;2;2;0;1;1; -1;1;0;1;30;Indemne;1
202300054154;155 584 495;A01;7;0;2;7;17;1;203 722 332;1;1;1;2;1982.0;4;8;-1;-1;25;9;2023;14:00;1;36;36180;2;4;1;3;46.73123041;1.96571857;3;2;2;0;1;1;7;1;0;1;50;Indemne;0
202300054154;155 584 495;A01;7;0;2;7;17;1;203 722 332;1;1;1;2;1982.0;4;8;-1;-1;25;9;2023;14:00;1;36;36180;2;4;1;3;46.73123041;1.96571857;3;2; -1;-1;1;1; -1;1;0;1;50;Indemne;0
202300054154;155 584 500;B01;1;0;2;3;15;5;203 722 338;1;1;4;1;1960.0;5;0;-1;-1;25;9;2023;14:00;1;36;36180;2;4;1;3;46.73123041;1.96571857;3;2;2;0;1;1;7;1;0;1;50;Blessé léger;0
202300054154;155 584 500;B01;1;0;2;3;15;5;203 722 338;1;1;4;1;1960.0;5;0;-1;-1;25;9;2023;14:00;1;36;36180;2;4;1;3;46.73123041;1.96571857;3;2; -1;-1;1;1; -1;1;0;1;50;Blessé léger;0
202300054159;155 584 491;B01;1;1;0;2;2;5;203 722 326;1;1;4;1;1993.0;9;8;8;-1;29;3;2023;16:45;1;75;75112;2;3;1;6;48.833612;2.394897;4;1; -1;-1;1;1; -1;1;0;1;30;Blessé léger;2
202300054159;155 584 491;B01;1;1;0;2;2;5;203 722 326;1;1;4;1;1993.0;9;8;8;-1;29;3;2023;16:45;1;75;75112;2;3;1;6;48.833612;2.394897;4;2;2;0;2;1; -1;1;0;1;30;Blessé léger;2
202300054159;155 584 496;A01;7;0;2;3;22;1;203 722 334;1;1;1;1;1963.0;4;8;0;-1;29;3;2023;16:45;1;75;75112;2;3;1;6;48.833612;2.394897;4;1; -1;-1;1;1; -1;1;0;1;30;Indemne;2
202300054159;155 584 496;A01;7;0;2;3;22;1;203 722 334;1;1;1;1;1963.0;4;8;0;-1;29;3;2023;16:45;1;75;75112;2;3;1;6;48.833612;2.394897;4;2;2;0;2;1; -1;1;0;1;30;Indemne;2
202300054180;155 584 452;B01;1;0;2;1;1;5;203 722 269;1;1;4;1;1975.0;1;2;8;-1;29;3;2023;09:00;1;94;94046;2;2;1;1;48.81061;2.45653;3;2;2;1;1;1; -1;1;5;1;50;Blessé léger;2
202300054180;155 584 452;B01;1;0;2;1;1;5;203 722 269;1;1;4;1;1975.0;1;2;8;-1;29;3;2023;09:00;1;94;94046;2;2;1;1;48.81061;2.45653;3;2;2;0;1;1; -1;1;5;1;50;Blessé léger;2
202300054180;155 584 456;A01;50;0;2;1;1;3;203 722 276;1;1;4;1;1990.0;0;2;8;-1;29;3;2023;09:00;1;94;94046;2;2;1;1;48.81061;2.45653;3;2;2;1;1;1; -1;1;5;1;50;Blessé léger;2
202300054180;155 584 456;A01;50;0;2;1;1;3;203 722 276;1;1;4;1;1990.0;0;2;8;-1;29;3;2023;09:00;1;94;94046;2;2;1;1;48.81061;2.45653;3;2;2;0;1;1; -1;1;5;1;50;Blessé léger;2
202300054188;155 584 431;B01;7;0;2;4;1;0;203 722 236;1;1;1;1;1948.0;5;1;-1;-1;14;7;2023;10:00;1;56;56240;2;1;1;2;47.526649;-2.770373;4;2;2;0;1;1; -1;1;0;1;50;Indemne;4
202300054188;155 584 438;A01;1;0;2;1;2;5;203 722 246;1;1;4;1;1967.0;5;2;6;-1;14;7;2023;10:00;1;56;56240;2;1;1;2;47.526649;-2.770373;4;2;2;0;1;1; -1;1;0;1;50;Blessé léger;4
202300054204;155 584 409;A01;80;1;2;3;13;3;203 722 209;1;1;4;2;1969.0;5;8;0;-1;13;2;2023;11:55;1;92;92062;2;1;1;3;48.89017371;2.23989129;2;1;0;2;1;1;0;1;1;1;50;Blessé léger;0
202300054205;155 584 403;A01;16;0;2;2;16;1;203 722 202;1;1;1;1;1987.0;1;1;0;-1;27;10;2023;19:15;5;75;75117;2;2;2;3;48.897731;2.329018;4;1;2;1;1;1; -1;2;0;1;50;Indemne;4
202300054205;155 584 403;A01;16;0;2;2;16;1;203 722 202;1;1;1;1;1987.0;1;1;0;-1;27;10;2023;19:15;5;75;75117;2;2;2;3;48.897731;2.329018;4;2; -1;-1;1;1; -1;2;0;1;-1;Indemne;4
202300054205;155 584 408;B01;1;0;2;3;1;5;203 722 206;1;1;4;2;1997.0;9;8;0;-1;27;10;2023;19:15;5;75;75117;2;2;2;3;48.897731;2.329018;4;1;2;1;1;1; -1;2;0;1;50;Blessé léger;4
202300054205;155 584 408;B01;1;0;2;3;1;5;203 722 206;1;1;4;2;1997.0;9;8;0;-1;27;10;2023;19:15;5;75;75117;2;2;2;3;48.897731;2.329018;4;2; -1;-1;1;1; -1;2;0;1;-1;Blessé léger;4
202300054221;155 584 370;A01;7;0;9;1;1;0;203 722 158;1;1;1;1;1970.0;5;1;0;-1;14;8;2023;20:00;2;62;62413;2;4;1;3;50.44448;2.90506;3;2;2;0;1;3; -1;1;0;1;50;Indemne;0
202300054221;155 584 370;A01;7;0;9;1;1;0;203 722 158;1;1;1;1;1970.0;5;1;0;-1;14;8;2023;20:00;2;62;62413;2;4;1;3;50.44448;2.90506;3;2;2;0;1;2; -1;1;0;1;50;Indemne;0
202300054221;155 584 376;B01;1;0;2;8;15;5;203 722 165;1;1;4;1;1967.0;5;8;0;-1;14;8;2023;20:00;2;62;62413;2;4;1;3;50.44448;2.90506;3;2;2;0;1;3; -1;1;0;1;50;Blessé léger;0
202300054221;155 584 376;B01;1;0;2;8;15;5;203 722 165;1;1;4;1;1967.0;5;8;0;-1;14;8;2023;20:00;2;62;62413;2;4;1;3;50.44448;2.90506;3;2;2;0;1;2; -1;1;0;1;50;Blessé léger;0
202300054224;155 584 366;A01;7;0;2;3;1;1;203 722 154;2;2;1;1;2004.0;9;1;-1;-1;15;7;2023;06:40;1;2B;2B077;1;1;1;2;42.472975;9.497439;3;2;2;0;1;3;4;1;0;1;80;Indemne;5
202300054224;155 584 366;A01;7;0;2;3;1;1;203 722 157;3;2;1;1;2003.0;9;1;-1;-1;15;7;2023;06:40;1;2B;2B077;1;1;1;2;42.472975;9.497439;3;2;2;0;1;3;4;1;0;1;80;Indemne;5
202300054224;155 584 366;A01;7;0;2;3;1;1;203 722 163;1;1;1;1;2005.0;5;1;-1;-1;15;7;2023;06:40;1;2B;2B077;1;1;1;2;42.472975;9.497439;3;2;2;0;1;3;4;1;0;1;80;Indemne;5
202300054224;155 584 375;B01;1;0;2;4;12;5;203 722 167;1;1;4;2;1968.0;5;2;-1;-1;15;7;2023;06:40;1;2B;2B077;1;1;1;2;42.472975;9.497439;3;2;2;0;1;3;4;1;0;1;80;Blessé léger;5
202300054231;155 584 361;B01;1;0;2;1;1;5;203 722 147;1;1;4;1;1951.0;0;8;-1;-1;7;5;2023;16:20;1;83;83069;2;3;1;1;43.122781;6.143594;4;2; -1;-1;1;1; -1;1;0;1;-1;Blessé léger;6
202300054231;155 584 361;B01;1;0;2;1;1;5;203 722 147;1;1;4;1;1951.0;0;8;-1;-1;7;5;2023;16:20;1;83;83069;2;3;1;1;43.122781;6.143594;4;2;1;0;1;1; -1;1;0;1;30;Blessé léger;6
202300054231;155 584 368;A01;10;0;9;2;15;1;203 722 156;1;1;1;1;1997.0;0;8;-1;-1;7;5;2023;16:20;1;83;83069;2;3;1;1;43.122781;6.143594;4;2; -1;-1;1;1; -1;1;0;1;-1;Indemne;6
202300054231;155 584 368;A01;10;0;9;2;15;1;203 722 156;1;1;1;1;1997.0;0;8;-1;-1;7;5;2023;16:20;1;83;83069;2;3;1;1;43.122781;6.143594;4;2;1;0;1;1; -1;1;0;1;30;Indemne;6
202300054233;155 584 350;A01;1;0;1;1;1;5;203 722 133;1;1;1;1;2003.0;1;8;0;-1;29;3;2023;19:25;2;93;93048;2;1;1;6;48.87772653;2.45963126;3;2;2;0;1;1; -1;1;0;1;50;Indemne;2
202300054233;155 584 350;A01;1;0;1;1;1;5;203 722 137;10;3;4;2;1998.0;0;0;-1;-1;29;3;2023;19:25;2;93;93048;2;1;1;6;48.87772653;2.45963126;3;2;2;0;1;1; -1;1;0;1;50;Blessé léger;2
202300054234;155 584 353;A01;7;0;2;3;15;2;203 722 134;1;1;1;1;1977.0;4;1;8;-1;27;10;2023;16:05;1;75;75115;2;2;1;3;48.842995;2.312797;4;1;1;1;1;1; -1;1;0;5;30;Indemne;4
202300054234;155 584 353;A01;7;0;2;3;15;2;203 722 134;1;1;1;1;1977.0;4;1;8;-1;27;10;2023;16:05;1;75;75115;2;2;1;3;48.842995;2.312797;4;1;1;1;1;1; -1;1;0;5;30;Indemne;4
202300054234;155 584 360;B01;80;0;2;2;1;3;203 722 146;1;1;4;2;2000.0;9;8;0;-1;27;10;2023;16:05;1;75;75115;2;2;1;3;48.842995;2.312797;4;1;1;1;1;1; -1;1;0;5;30;Blessé léger;4
202300054234;155 584 360;B01;80;0;2;2;1;3;203 722 146;1;1;4;2;2000.0;9;8;0;-1;27;10;2023;16:05;1;75;75115;2;2;1;3;48.842995;2.312797;4;1;1;1;1;1; -1;1;0;5;30;Blessé léger;4
202300054272;155 584 287;A01;7;0;2;2;15;1;203 722 034;1;1;1;1;1954.0;5;8;8;-1;27;10;2023;20:18;5;75;75112;2;9;2;1;48.84703643;2.37552524;4;2;2;2;1;1; -1;2;0;5;50;Indemne;4
202300054272;155 584 287;A01;7;0;2;2;15;1;203 722 034;1;1;1;1;1954.0;5;8;8;-1;27;10;2023;20:18;5;75;75112;2;9;2;1;48.84703643;2.37552524;4;1; -1;-1;1;1; -1;2;0;5;-1;Indemne;4
202300054272;155 584 290;B01;1;0;2;1;1;5;203 722 039;1;1;4;2;1983.0;5;8;8;-1;27;10;2023;20:18;5;75;75112;2;9;2;1;48.84703643;2.37552524;4;2;2;2;1;1; -1;2;0;5;50;Blessé léger;4
202300054272;155 584 290;B01;1;0;2;1;1;5;203 722 039;1;1;4;2;1983.0;5;8;8;-1;27;10;2023;20:18;5;75;75112;2;9;2;1;48.84703643;2.37552524;4;1; -1;-1;1;1; -1;2;0;5;-1;Blessé léger;4
202300054273;155 584 276;A01;1;0;2;8;19;5;203 722 020;1;1;3;1;2008.0;5;0;-1;-1;14;7;2023;11:45;1;86;86068;2;1;1;1;46.208145;0.163471;3;2;2;0;1;1;5;1;0;1;30;Blessé hospitalisé;4
202300054273;155 584 280;B01;7;0;2;3;1;0;203 722 027;1;1;1;2;1994.0;1;1;-1;-1;14;7;2023;11:45;1;86;86068;2;1;1;1;46.208145;0.163471;3;2;2;0;1;1;5;1;0;1;30;Indemne;4
202300054278;155 584 263;A01;7;0;2;7;2;1;203 722 003;1;1;1;2;1975.0;5;1;-1;-1;15;7;2023;12:30;1;22;22055;2;1;1;3;48.612009;-2.829098;4;3;2;0;1;1; -1;1;0;1;50;Indemne;5
202300054278;155 584 267;B01;1;0;2;3;11;5;203 722 008;1;1;4;2;1945.0;3;0;-1;-1;15;7;2023;12:30;1;22;22055;2;1;1;3;48.612009;-2.829098;4;3;2;0;1;1; -1;1;0;1;50;Blessé léger;5
202300054288;155 584 240;A01;7;0;9;7;9;1;203 721 966;1;1;1;2;1962.0;1;1;0;-1;22;8;2023;07:00;1;59;59329;1;6;1;3;50.34749;3.0901;3;2;2;0;1;1;7;1;0;8;50;Indemne;1
202300054288;155 584 240;A01;7;0;9;7;9;1;203 721 966;1;1;1;2;1962.0;1;1;0;-1;22;8;2023;07:00;1;59;59329;1;6;1;3;50.34749;3.0901;3;1;2;1;1;3;7;1;0;8;70;Indemne;1
202300054288;155 584 245;B01;1;0;2;8;13;5;203 721 975;1;1;2;1;1943.0;5;8;0;-1;22;8;2023;07:00;1;59;59329;1;6;1;3;50.34749;3.0901;3;2;2;0;1;1;7;1;0;8;50;Tué;1
202300054288;155 584 245;B01;1;0;2;8;13;5;203 721 975;1;1;2;1;1943.0;5;8;0;-1;22;8;2023;07:00;1;59;59329;1;6;1;3;50.34749;3.0901;3;1;2;1;1;3;7;1;0;8;70;Tué;1
202300054291;155 584 244;A01;80;0;1;2;1;3;203 721 974;1;1;1;2;1995.0;9;8;0;-1;27;10;2023;13:25;1;75;75109;2;5;1;6;48.87503463;2.340855;4;1; -1;-1;1;1; -1;1;0;5;-1;Indemne;4
202300054291;155 584 244;A01;80;0;1;2;1;3;203 721 974;1;1;1;2;1995.0;9;8;0;-1;27;10;2023;13:25;1;75;75109;2;5;1;6;48.87503463;2.340855;4;3;4;0;1;1; -1;1;0;5;30;Indemne;4
202300054291;155 584 244;A01;80;0;1;2;1;3;203 721 977;10;3;4;2;1948.0;5;0;-1;-1;27;10;2023;13:25;1;75;75109;2;5;1;6;48.87503463;2.340855;4;1; -1;-1;1;1; -1;1;0;5;-1;Blessé léger;4
202300054291;155 584 244;A01;80;0;1;2;1;3;203 721 977;10;3;4;2;1948.0;5;0;-1;-1;27;10;2023;13:25;1;75;75109;2;5;1;6;48.87503463;2.340855;4;3;4;0;1;1; -1;1;0;5;30;Blessé léger;4
202300054298;155 584 236;A01;1;0;2;4;2;5;203 721 961;1;1;4;2;1995.0;1;8;6;-1;30;11;2023;19:00;5;75;75120;2;3;1;2;48.871976;2.391876;4;1; -1;-1;1;1; -1;1;0;1;-1;Blessé léger;3
202300054298;155 584 236;A01;1;0;2;4;2;5;203 721 961;1;1;4;2;1995.0;1;8;6;-1;30;11;2023;19:00;5;75;75120;2;3;1;2;48.871976;2.391876;4;2;2;0;1;1; -1;1;0;1;30;Blessé léger;3
202300054301;155 584 222;B01;31;0;9;1;13;1;203 721 945;1;1;4;1;1987.0;1;2;6;-1;28;3;2023;14:00;1;974;97404;1;1;1;3;-21.26733168;55.3345862;4;2;2;1;1;1;7;1;0;1;80;Blessé léger;1