Num_Acc;id_vehicule;num_veh;catv;obs;obsm;choc;manv;motor;id_usager;place;catu;grav;sexe;an_nais;trajet;secu1;secu2;secu3;jour;mois;an;hrmn;lum;dep;com;agg;int;atm;col;lat;long;catr;circ;nbv;vosp;prof;plan;larrout;surf;infra;situ;vma;gravity;day_of_week
202300054301;155 584 227;A01;1;0;2;8;10;5;203 721 949;1;1;2;1;1944.0;5;2;-1;-1;28;3;2023;14:00;1;974;97404;1;1;1;3;-21.26733168;55.3345862;4;2;2;1;1;1;7;1;0;1;80;Tué;1
202300054304;155 584 217;A01;1;0;1;1;21;5;203 721 936;1;1;1;1;2011.0;-1;0;-1;-1;10;6;2023;14:45;1;22;22278;2;1;1;6;48.52487;-2.78615;4;2;0;-1;1;1;0;1;0;1;-1;Indemne;5
202300054304;155 584 217;A01;1;0;1;1;21;5;203 721 940;10;3;3;2;1949.0;-1;0;-1;-1;10;6;2023;14:45;1;22;22278;2;1;1;6;48.52487;-2.78615;4;2;0;-1;1;1;0;1;0;1;-1;Blessé hospitalisé;5
202300054308;155 584 215;A01;10;0;2;3;1;1;203 721 932;1;1;1;1;1976.0;4;1;0;-1;27;10;2023;14:15;1;75;75108;2;5;8;3;48.877881;2.326943;4;1; -1;-1;1;1; -1;1;0;1;-1;Indemne;4
202300054308;155 584 215;A01;10;0;2;3;1;1;203 721 932;1;1;1;1;1976.0;4;1;0;-1;27;10;2023;14:15;1;75;75108;2;5;8;3;48.877881;2.326943;4;-1;1;1;1;1; -1;1;0;1;30;Indemne;4
202300054308;155 584 218;B01;1;0;2;6;23;5;203 721 939;1;1;4;2;1992.0;9;8;0;-1;27;10;2023;14:15;1;75;75108;2;5;8;3;48.877881;2.326943;4;1; -1;-1;1;1; -1;1;0;1;-1;Blessé léger;4
202300054308;155 584 218;B01;1;0;2;6;23;5;203 721 939;1;1;4;2;1992.0;9;8;0;-1;27;10;2023;14:15;1;75;75108;2;5;8;3;48.877881;2.326943;4;-1;1;1;1;1; -1;1;0;1;30;Blessé léger;4
202300054326;155 584 180;A01;1;0;2;7;17;5;203 721 880;1;1;1;1;2008.0;5;8;0;-1;22;8;2023;19:24;1;56;56121;2;1;1;3;47.73143;-3.37908;9;-1; -1;3;1;1; -1;1;-1;6;30;Indemne;1
202300054326;155 584 183;B01;1;0;2;8;1;5;203 721 884;1;1;4;2;1970.0;5;2;0;-1;22;8;2023;19:24;1;56;56121;2;1;1;3;47.73143;-3.37908;9;-1; -1;3;1;1; -1;1;-1;6;30;Blessé léger;1
202300054327;155 584 184;A01;7;0;2;3;15;1;203 721 885;1;1;1;1;1971.0;1;1;8;-1;30;11;2023;12:05;1;75;75119;2;3;1;3;48.89315;2.379885;4;1;0;1;1;1; -1;1;0;5;30;Indemne;3
202300054327;155 584 184;A01;7;0;2;3;15;1;203 721 885;1;1;1;1;1971.0;1;1;8;-1;30;11;2023;12:05;1;75;75119;2;3;1;3;48.89315;2.379885;4;1; -1;-1;1;1; -1;1;0;5;-1;Indemne;3
202300054327;155 584 187;B01;1;0;2;0;1;5;203 721 887;1;1;4;1;1986.0;5;8;0;-1;30;11;2023;12:05;1;75;75119;2;3;1;3;48.89315;2.379885;4;1;0;1;1;1; -1;1;0;5;30;Blessé léger;3
202300054327;155 584 187;B01;1;0;2;0;1;5;203 721 887;1;1;4;1;1986.0;5;8;0;-1;30;11;2023;12:05;1;75;75119;2;3;1;3;48.89315;2.379885;4;1; -1;-1;1;1; -1;1;0;5;-1;Blessé léger;3
202300054337;155 584 164;A01;21;0;2;3;19;1;203 721 855;1;1;1;1;2003.0;4;0;-1;-1;14;7;2023;08:30;1;01;01348;1;2;1;1;46.183452;4.826852;3;2;2;0;2;1;4;1;0;1;70;Indemne;4
202300054337;155 584 164;A01;21;0;2;3;19;1;203 721 855;1;1;1;1;2003.0;4;0;-1;-1;14;7;2023;08:30;1;01;01348;1;2;1;1;46.183452;4.826852;3;2;2;0;1;1;4;1;0;1;70;Indemne;4
202300054337;155 584 170;B01;1;0;2;1;1;5;203 721 866;1;1;3;1;1964.0;5;2;-1;-1;14;7;2023;08:30;1;01;01348;1;2;1;1;46.183452;4.826852;3;2;2;0;2;1;4;1;0;1;70;Blessé hospitalisé;4
202300054337;155 584 170;B01;1;0;2;1;1;5;203 721 866;1;1;3;1;1964.0;5;2;-1;-1;14;7;2023;08:30;1;01;01348;1;2;1;1;46.183452;4.826852;3;2;2;0;1;1;4;1;0;1;70;Blessé hospitalisé;4
202300054341;155 584 158;A01;1;0;0;1;1;5;203 721 849;1;1;3;1;1961.0;5;0;-1;-1;26;9;2023;19:30;2;73;73034;1;1;1;7;45.637905;6.587902;4;2;2;0;2;2; -1;1;0;1;80;Blessé hospitalisé;1
202300054362;155 584 120;B01;7;0;0;5;15;1;203 721 795;1;1;1;1;2001.0;0;1;0;-1;23;8;2023;15:20;1;51;51454;2;3;1;3;49.24047;4.0099;4;2;0;1;2;1; -1;1;0;5;50;Indemne;2
202300054362;155 584 120;B01;7;0;0;5;15;1;203 721 795;1;1;1;1;2001.0;0;1;0;-1;23;8;2023;15:20;1;51;51454;2;3;1;3;49.24047;4.0099;4;1;1;2;2;1; -1;1;9;1;50;Indemne;2
202300054362;155 584 128;A01;1;0;2;1;19;5;203 721 806;1;1;4;1;2007.0;0;8;0;-1;23;8;2023;15:20;1;51;51454;2;3;1;3;49.24047;4.0099;4;2;0;1;2;1; -1;1;0;5;50;Blessé léger;2
202300054362;155 584 128;A01;1;0;2;1;19;5;203 721 806;1;1;4;1;2007.0;0;8;0;-1;23;8;2023;15:20;1;51;51454;2;3;1;3;49.24047;4.0099;4;1;1;2;2;1; -1;1;9;1;50;Blessé léger;2
202300054364;155 584 114;A01;1;0;2;7;17;5;203 721 784;1;1;4;1;1976.0;1;8;0;-1;30;11;2023;09:00;1;75;75111;2;1;1;3;48.859384;2.377463;4;2;4;1;1;1; -1;1;0;5;30;Blessé léger;3
202300054364;155 584 118;B01;1;0;2;6;1;5;203 721 791;1;1;4;1;1974.0;1;8;0;-1;30;11;2023;09:00;1;75;75111;2;1;1;3;48.859384;2.377463;4;2;4;1;1;1; -1;1;0;5;30;Blessé léger;3
202300054367;155 584 112;A01;1;13;0;1;1;5;203 721 783;1;1;4;1;2007.0;5;0;-1;-1;30;3;2023;13:34;1;65;65258;2;1;1;6;43.132167;0.394062;4;2;2;0;2;3; -1;1;0;8;50;Blessé léger;3
202300054367;155 584 112;A01;1;13;0;1;1;5;203 721 788;2;2;3;1;2008.0;5;0;-1;-1;30;3;2023;13:34;1;65;65258;2;1;1;6;43.132167;0.394062;4;2;2;0;2;3; -1;1;0;8;50;Blessé hospitalisé;3
202300054379;155 584 091;A01;1;0;2;3;1;5;203 721 754;1;1;4;1;1961.0;5;2;-1;-1;14;7;2023;11:50;1;73;73259;1;1;1;3;45.374941;6.323748;3;2;2;0;2;3;4;1;0;1;80;Blessé léger;4
202300054379;155 584 093;B01;7;0;0;8;1;1;203 721 758;1;1;1;1;1997.0;5;1;-1;-1;14;7;2023;11:50;1;73;73259;1;1;1;3;45.374941;6.323748;3;2;2;0;2;3;4;1;0;1;80;Indemne;4
202300054379;155 584 093;B01;7;0;0;8;1;1;203 721 761;2;2;1;2;1993.0;5;1;-1;-1;14;7;2023;11:50;1;73;73259;1;1;1;3;45.374941;6.323748;3;2;2;0;2;3;4;1;0;1;80;Indemne;4
202300054397;155 584 066;B01;7;0;2;2;1;1;203 721 713;1;1;1;1;1956.0;5;1;-1;-1;13;2;2023;16:40;1;12;12052;2;6;7;3;44.55704264;2.07176685;3;-1;2;0;1;1; -1;1;5;1;50;Indemne;0
202300054397;155 584 070;A01;1;0;2;3;16;5;203 721 718;1;1;3;1;1946.0;5;2;-1;-1;13;2;2023;16:40;1;12;12052;2;6;7;3;44.55704264;2.07176685;3;-1;2;0;1;1; -1;1;5;1;50;Blessé hospitalisé;0
202300054414;155 584 039;A01;7;0;9;7;17;1;203 721 674;2;2;1;2;1940.0;5;1;-1;-1;14;7;2023;17:45;1;04;04124;1;1;1;3;43.762711;6.096253;3;2;2;0;1;2;4;1;0;1;80;Indemne;4
202300054414;155 584 039;A01;7;0;9;7;17;1;203 721 679;1;1;1;2;1941.0;5;1;-1;-1;14;7;2023;17:45;1;04;04124;1;1;1;3;43.762711;6.096253;3;2;2;0;1;2;4;1;0;1;80;Indemne;4
202300054414;155 584 045;B01;80;0;0;8;2;3;203 721 686;1;1;4;1;1959.0;5;2;-1;-1;14;7;2023;17:45;1;04;04124;1;1;1;3;43.762711;6.096253;3;2;2;0;1;2;4;1;0;1;80;Blessé léger;4
202300054420;155 584 031;A01;7;0;2;3;9;1;203 721 663;1;1;1;1;1977.0;1;1;0;-1;21;8;2023;13:23;1;49;49007;2;6;1;3;47.48944;-0.53432;4;3;2;2;1;1; -1;1;0;1;50;Indemne;0
202300054420;155 584 031;A01;7;0;2;3;9;1;203 721 663;1;1;1;1;1977.0;1;1;0;-1;21;8;2023;13:23;1;49;49007;2;6;1;3;47.48944;-0.53432;4;2;2;0;1;1; -1;1;0;1;50;Indemne;0
202300054420;155 584 033;B01;1;0;2;2;9;5;203 721 666;1;1;4;1;1948.0;5;8;0;-1;21;8;2023;13:23;1;49;49007;2;6;1;3;47.48944;-0.53432;4;3;2;2;1;1; -1;1;0;1;50;Blessé léger;0
202300054420;155 584 033;B01;1;0;2;2;9;5;203 721 666;1;1;4;1;1948.0;5;8;0;-1;21;8;2023;13:23;1;49;49007;2;6;1;3;47.48944;-0.53432;4;2;2;0;1;1; -1;1;0;1;50;Blessé léger;0
202300054422;155 584 022;B01;80;0;2;1;2;3;203 721 652;1;1;3;1;1944.0;5;2;6;-1;29;6;2023;09:58;1;87;87110;2;1;1;2;45.92285436;0.98724157;3;2;2;0;1;1;6;1;0;8;70;Blessé hospitalisé;3
202300054422;155 584 027;A01;10;0;0;6;4;1;203 721 660;1;1;1;1;1999.0;4;1;4;-1;29;6;2023;09:58;1;87;87110;2;1;1;2;45.92285436;0.98724157;3;2;2;0;1;1;6;1;0;8;70;Indemne;3
202300054427;155 584 017;A01;7;0;2;1;2;1;203 721 644;1;1;1;1;1992.0;1;1;0;-1;30;11;2023;07:15;5;94;94043;2;6;1;3;48.8095;2.3625;3;1;4;0;1;1;12;1;9;1;50;Indemne;3
202300054427;155 584 023;B01;1;0;2;7;19;5;203 721 653;1;1;4;1;1993.0;5;8;8;-1;30;11;2023;07:15;5;94;94043;2;6;1;3;48.8095;2.3625;3;1;4;0;1;1;12;1;9;1;50;Blessé léger;3
202300054450;155 583 977;B01;80;0;2;1;5;3;203 721 589;1;1;4;1;1945.0;5;8;0;-1;23;8;2023;18:00;1;44;44055;2;1;1;3;47.28264;-2.39299;4;1;1;0;2;1; -1;1;0;1;30;Blessé léger;2
202300054450;155 583 978;A01;7;15;2;3;1;1;203 721 592;1;1;1;2;1993.0;1;1;0;-1;23;8;2023;18:00;1;44;44055;2;1;1;3;47.28264;-2.39299;4;1;1;0;2;1; -1;1;0;1;30;Indemne;2
202300054455;155 583 964;A01;7;0;9;3;18;0;203 721 572;2;2;1;2;1950.0;5;1;-1;-1;7;7;2023;15:23;1;88;88063;1;1;1;3;48.216681;6.305734;4;2;2;0;1;1; -1;1;0;1;70;Indemne;4
202300054455;155 583 964;A01;7;0;9;3;18;0;203 721 574;1;1;1;1;1947.0;5;1;-1;-1;7;7;2023;15:23;1;88;88063;1;1;1;3;48.216681;6.305734;4;2;2;0;1;1; -1;1;0;1;70;Indemne;4
202300054455;155 583 973;B01;1;0;2;2;14;5;203 721 584;1;1;4;1;2008.0;5;0;-1;-1;7;7;2023;15:23;1;88;88063;1;1;1;3;48.216681;6.305734;4;2;2;0;1;1; -1;1;0;1;70;Blessé léger;4
202300054458;155 583 961;A01;7;0;2;0;1;1;203 721 567;1;1;1;2;1999.0;0;8;0;-1;21;8;2023;22:14;4;42;42071;2;1;1;-1;46.01546;4.09625;3;2;0;0;1;1; -1;1;0;1;50;Indemne;0
202300054458;155 583 966;B01;1;0;0;0;0;5;203 721 571;1;1;4;1;2001.0;0;8;0;-1;21;8;2023;22:14;4;42;42071;2;1;1;-1;46.01546;4.09625;3;2;0;0;1;1; -1;1;0;1;50;Blessé léger;0
202300054477;155 583 930;B01;80;0;0;0;0;3;203 721 526;1;1;4;1;1998.0;0;2;8;-1;18;4;2023;02:08;5;59;59009;2;3;1;1;50.622796;3.128253;4;2;3;0;1;1; -1;1;0;1;50;Blessé léger;1
202300054477;155 583 930;B01;80;0;0;0;0;3;203 721 526;1;1;4;1;1998.0;0;2;8;-1;18;4;2023;02:08;5;59;59009;2;3;1;1;50.622796;3.128253;4;2;3;0;2;1; -1;1;0;1;50;Blessé léger;1
202300054477;155 583 939;A01;7;0;2;3;13;1;203 721 538;1;1;1;1;2004.0;0;1;0;-1;18;4;2023;02:08;5;59;59009;2;3;1;1;50.622796;3.128253;4;2;3;0;1;1; -1;1;0;1;50;Indemne;1
202300054477;155 583 939;A01;7;0;2;3;13;1;203 721 538;1;1;1;1;2004.0;0;1;0;-1;18;4;2023;02:08;5;59;59009;2;3;1;1;50.622796;3.128253;4;2;3;0;2;1; -1;1;0;1;50;Indemne;1
202300054495;155 583 897;A01;1;0;1;1;1;5;203 721 478;1;1;1;2;2003.0;2;8;0;-1;26;10;2023;08:45;1;92;92044;2;2;2;6;48.89492335;2.27818;4;1;2;0;1;1; -1;2;0;1;50;Indemne;3
202300054495;155 583 897;A01;1;0;1;1;1;5;203 721 478;1;1;1;2;2003.0;2;8;0;-1;26;10;2023;08:45;1;92;92044;2;2;2;6;48.89492335;2.27818;4;2;2;0;1;1; -1;2;0;1;50;Indemne;3
202300054495;155 583 897;A01;1;0;1;1;1;5;203 721 482;10;3;4;2;1970.0;0;0;-1;-1;26;10;2023;08:45;1;92;92044;2;2;2;6;48.89492335;2.27818;4;1;2;0;1;1; -1;2;0;1;50;Blessé léger;3
202300054495;155 583 897;A01;1;0;1;1;1;5;203 721 482;10;3;4;2;1970.0;0;0;-1;-1;26;10;2023;08:45;1;92;92044;2;2;2;6;48.89492335;2.27818;4;2;2;0;1;1; -1;2;0;1;50;Blessé léger;3
202300054516;155 583 861;A01;10;0;2;1;1;1;203 721 425;1;1;1;1;1991.0;4;1;-1;-1;23;8;2023;08:05;1;33;33529;2;1;7;2;44.6377;-1.1428;3;2;2;0;1;1; -1;1;0;1;50;Indemne;2
202300054516;155 583 866;B01;1;0;2;4;2;5;203 721 431;1;1;3;2;1975.0;0;0;-1;-1;23;8;2023;08:05;1;33;33529;2;1;7;2;44.6377;-1.1428;3;2;2;0;1;1; -1;1;0;1;50;Blessé hospitalisé;2
202300054521;155 583 865;B01;1;0;2;1;1;5;203 721 432;1;1;4;2;1975.0;1;8;0;-1;30;11;2023;08:10;1;93;93048;2;3;1;3;48.85833;2.43447;3;2;2;1;1;1; -1;1;0;5;50;Blessé léger;3
202300054521;155 583 865;B01;1;0;2;1;1;5;203 721 432;1;1;4;2;1975.0;1;8;0;-1;30;11;2023;08:10;1;93;93048;2;3;1;3;48.85833;2.43447;3;1;1;0;1;1; -1;1;0;5;-1;Blessé léger;3
202300054554;155 583 800;A01;1;0;0;0;14;5;203 721 343;1;1;4;2;1989.0;1;2;8;-1;23;8;2023;11:30;1;29;29232;2;1;1;7;47.98125;-4.036393;4;2;3;1;2;1; -1;1;0;4;50;Blessé léger;2
202300054564;155 583 784;A01;1;0;0;9;0;5;203 721 322;1;1;2;1;1942.0;5;2;-1;-1;15;7;2023;08:40;1;73;73303;1;1;1;7;45.762757;6.460771;4;2;2;0;2;1; -1;9;0;1;-1;Tué;5
202300054568;155 583 773;B01;1;0;2;3;5;5;203 721 305;1;1;4;2;2016.0;5;0;-1;-1;22;8;2023;20:10;1;28;28134;2;1;1;3;48.74105;1.39135;4;2;2;0;1;1; -1;1;0;1;50;Blessé léger;1
202300054568;155 583 780;A01;7;0;2;2;1;1;203 721 316;1;1;1;1;1995.0;1;1;0;-1;22;8;2023;20:10;1;28;28134;2;1;1;3;48.74105;1.39135;4;2;2;0;1;1; -1;1;0;1;50;Indemne;1
202300054579;155 583 752;B01;1;0;2;3;19;5;203 721 277;1;1;3;1;2013.0;5;0;-1;-1;10;6;2023;17:35;1;12;12052;2;6;1;3;44.57169;2.072929;3;2;2;0;1;1;7;1;5;1;50;Blessé hospitalisé;5
202300054579;155 583 755;A01;7;0;2;2;1;1;203 721 281;1;1;1;2;1985.0;5;1;-1;-1;10;6;2023;17:35;1;12;12052;2;6;1;3;44.57169;2.072929;3;2;2;0;1;1;7;1;5;1;50;Indemne;5
202300054580;155 583 753;A01;30;0;2;3;1;1;203 721 280;1;1;1;1;1993.0;0;2;6;-1;30;11;2023;13:10;1;92;92040;2;2;8;2;48.81662;2.275;3;2;2;0;2;1;5,5;2;0;1;30;Indemne;3
202300054580;155 583 753;A01;30;0;2;3;1;1;203 721 280;1;1;1;1;1993.0;0;2;6;-1;30;11;2023;13:10;1;92;92040;2;2;8;2;48.81662;2.275;3;2;2;0;2;1;5,5;1;0;1;30;Indemne;3
202300054580;155 583 758;B01;80;0;2;3;15;3;203 721 284;1;1;3;2;1982.0;9;8;8;-1;30;11;2023;13:10;1;92;92040;2;2;8;2;48.81662;2.275;3;2;2;0;2;1;5,5;2;0;1;30;Blessé hospitalisé;3
202300054580;155 583 758;B01;80;0;2;3;15;3;203 721 284;1;1;3;2;1982.0;9;8;8;-1;30;11;2023;13:10;1;92;92040;2;2;8;2;48.81662;2.275;3;2;2;0;2;1;5,5;1;0;1;30;Blessé hospitalisé;3
202300054589;155 583 732;A01;1;0;2;0;0;5;203 721 254;1;1;4;1;2005.0;0;8;0;-1;20;8;2023;12:42;1;27;27229;2;2;1;3;49.02515;1.15387;4;2;2;0;1;1; -1;1;5;1;50;Blessé léger;6
202300054589;155 583 732;A01;1;0;2;0;0;5;203 721 254;1;1;4;1;2005.0;0;8;0;-1;20;8;2023;12:42;1;27;27229;2;2;1;3;49.02515;1.15387;4;2;2;0;1;1; -1;1;0;1;50;Blessé léger;6
202300054589;155 583 738;B01;7;0;9;2;1;2;203 721 260;1;1;1;1;1994.0;0;1;0;-1;20;8;2023;12:42;1;27;27229;2;2;1;3;49.02515;1.15387;4;2;2;0;1;1; -1;1;5;1;50;Indemne;6
202300054589;155 583 738;B01;7;0;9;2;1;2;203 721 260;1;1;1;1;1994.0;0;1;0;-1;20;8;2023;12:42;1;27;27229;2;2;1;3;49.02515;1.15387;4;2;2;0;1;1; -1;1;0;1;50;Indemne;6
202300054591;155 583 731;B01;7;0;2;3;1;1;203 721 252;1;1;1;1;1989.0;0;8;0;-1;29;11;2023;08:00;5;92;92025;2;2;1;3;48.92739416;2.246986;4;2;0;0;1;1; -1;2;0;1;50;Indemne;2
202300054591;155 583 731;B01;7;0;2;3;1;1;203 721 252;1;1;1;1;1989.0;0;8;0;-1;29;11;2023;08:00;5;92;92025;2;2;1;3;48.92739416;2.246986;4;2;2;0;1;1; -1;2;0;1;50;Indemne;2
202300054591;155 583 739;A01;1;0;2;7;1;5;203 721 261;1;1;4;2;1994.0;0;8;0;-1;29;11;2023;08:00;5;92;92025;2;2;1;3;48.92739416;2.246986;4;2;0;0;1;1; -1;2;0;1;50;Blessé léger;2
202300054591;155 583 739;A01;1;0;2;7;1;5;203 721 261;1;1;4;2;1994.0;0;8;0;-1;29;11;2023;08:00;5;92;92025;2;2;1;3;48.92739416;2.246986;4;2;2;0;1;1; -1;2;0;1;50;Blessé léger;2
202300054592;155 583 729;B01;1;0;2;1;1;5;203 721 251;1;1;3;1;1969.0;5;4;-1;-1;14;2;2023;11:30;1;67;67046;2;6;5;6;48.768127;7.864628;4;1;1;0;1;1; -1;1;5;1;50;Blessé hospitalisé;1
202300054592;155 583 736;A01;7;0;2;3;1;2;203 721 258;1;1;1;1;1963.0;5;1;-1;-1;14;2;2023;11:30;1;67;67046;2;6;5;6;48.768127;7.864628;4;1;1;0;1;1; -1;1;5;1;50;Indemne;1
202300054595;155 583 722;A01;33;0;2;1;1;1;203 721 244;1;1;1;1;1975.0;5;2;6;9;11;6;2023;10:00;1;12;12288;1;1;1;1;44.431604;2.440263;9;2;2;0;2;1; -1;9;0;1;30;Indemne;6
202300054595;155 583 727;B01;1;0;2;1;1;5;203 721 248;1;1;3;1;1972.0;5;2;-1;-1;11;6;2023;10:00;1;12;12288;1;1;1;1;44.431604;2.440263;9;2;2;0;2;1; -1;9;0;1;30;Blessé hospitalisé;6
202300054599;155 583 714;B01;1;0;2;1;1;5;203 721 235;1;1;4;1;1973.0;1;8;0;-1;29;11;2023;06:49;5;92;92004;2;1;1;3;48.90855537;2.28653294;3;1;1;0;1;1; -1;1;0;1;50;Blessé léger;2
202300054599;155 583 718;A01;7;1;0;2;9;1;203 721 239;1;1;1;1;1974.0;1;1;0;-1;29;11;2023;06:49;5;92;92004;2;1;1;3;48.90855537;2.28653294;3;1;1;0;1;1; -1;1;0;1;50;Indemne;2
202300054602;155 583 710;B01;7;0;2;1;15;1;203 721 228;1;1;1;1;1949.0;4;1;-1;-1;14;2;2023;16:50;2;57;57360;1;3;7;1;49.15785332;6.96919441;3;2;2;0;2;1; -1;1;0;1;80;Indemne;1
202300054602;155 583 710;B01;7;0;2;1;15;1;203 721 228;1;1;1;1;1949.0;4;1;-1;-1;14;2;2023;16:50;2;57;57360;1;3;7;1;49.15785332;6.96919441;3;1;4;0;1;1; -1;1;5;1;90;Indemne;1
202300054602;155 583 715;A01;1;0;2;1;1;5;203 721 236;1;1;4;1;1964.0;5;2;6;9;14;2;2023;16:50;2;57;57360;1;3;7;1;49.15785332;6.96919441;3;2;2;0;2;1; -1;1;0;1;80;Blessé léger;1
202300054602;155 583 715;A01;1;0;2;1;1;5;203 721 236;1;1;4;1;1964.0;5;2;6;9;14;2;2023;16:50;2;57;57360;1;3;7;1;49.15785332;6.96919441;3;1;4;0;1;1; -1;1;5;1;90;Blessé léger;1
202300054623;155 583 674;B01;1;0;2;8;15;5;203 721 180;1;1;2;2;2007.0;0;0;-1;-1;13;2;2023;09:00;1;38;38317;1;4;1;1;45.110388;5.708578;7;2;2;0;1;1;4;1;8;1;30;Tué;0
202300054623;155 583 674;B01;1;0;2;8;15;5;203 721 180;1;1;2;2;2007.0;0;0;-1;-1;13;2;2023;09:00;1;38;38317;1;4;1;1;45.110388;5.708578;7;2;2;0;1;1;4;1;0;1;30;Tué;0
202300054623;155 583 680;A01;7;0;9;1;1;1;203 721 189;1;1;1;1;1964.0;0;1;-1;-1;13;2;2023;09:00;1;38;38317;1;4;1;1;45.110388;5.708578;7;2;2;0;1;1;4;1;8;1;30;Indemne;0
202300054623;155 583 680;A01;7;0;9;1;1;1;203 721 189;1;1;1;1;1964.0;0;1;-1;-1;13;2;2023;09:00;1;38;38317;1;4;1;1;45.110388;5.708578;7;2;2;0;1;1;4;1;0;1;30;Indemne;0
202300054630;155 583 661;A01;1;0;2;1;2;5;203 721 158;1;1;3;1;1998.0;5;8;0;-1;22;8;2023;15:10;1;17;17306;2;1;1;2;45.6319;-1.03118;4;2;2;2;2;1; -1;1;0;1;50;Blessé hospitalisé;1
202300054630;155 583 664;B01;7;0;2;4;1;1;203 721 166;1;1;1;2;1979.0;5;1;8;-1;22;8;2023;15:10;1;17;17306;2;1;1;2;45.6319;-1.03118;4;2;2;2;2;1; -1;1;0;1;50;Indemne;1
202300054662;155 583 605;A01;7;0;9;1;9;1;203 721 084;1;1;1;1;1950.0;5;1;-1;-1;28;10;2023;10:50;1;11;11206;2;6;1;3;43.054614;2.212876;3;-1;2;0;1;3;6;1;0;1;50;Indemne;5
202300054662;155 583 609;B01;1;0;2;7;16;5;203 721 089;1;1;3;1;1945.0;5;0;-1;-1;28;10;2023;10:50;1;11;11206;2;6;1;3;43.054614;2.212876;3;-1;2;0;1;3;6;1;0;1;50;Blessé hospitalisé;5
202300054685;155 583 574;A01;1;0;0;7;14;5;203 721 036;1;1;3;1;1971.0;5;0;-1;-1;30;11;2023;12:13;1;95;95594;2;1;8;7;49.118864;2.400824;4;2;2;0;2;1; -1;2;0;1;50;Blessé hospitalisé;3
202300054690;155 583 564;A01;14;0;9;3;16;1;203 721 024;1;1;1;1;1958.0;4;1;4;-1;13;7;2023;07:40;1;974;97407;1;1;1;3;-20.9491;55.28458;4;-1;0;0;1;1; -1;1;0;1;50;Indemne;3
202300054690;155 583 566;B01;1;0;2;7;1;5;203 721 028;1;1;4;1;1977.0;5;2;6;-1;13;7;2023;07:40;1;974;97407;1;1;1;3;-20.9491;55.28458;4;-1;0;0;1;1; -1;1;0;1;50;Blessé léger;3
202300054714;155 583 523;B01;1;0;0;0;23;5;203 720 967;1;1;4;2;2020.0;5;2;-1;-1;9;6;2023;19:25;1;14;14538;2;3;1;1;49.097068;-0.31914;4;2;2;0;1;1; -1;1;0;1;50;Blessé léger;4
202300054714;155 583 530;A01;7;0;2;2;16;1;203 720 974;1;1;1;1;1994.0;1;1;-1;-1;9;6;2023;19:25;1;14;14538;2;3;1;1;49.097068;-0.31914;4;2;2;0;1;1; -1;1;0;1;50;Indemne;4
202300054723;155 583 505;A01;7;0;2;2;14;2;203 720 943;1;1;1;1;1979.0;5;1;-1;-1;16;6;2023;15:20;1;69;69381;2;1;1;3;45.76999371;4.81425226;4;2;2;2;1;2; -1;1;0;5;30;Indemne;4
202300054723;155 583 506;B01;1;0;2;8;13;5;203 720 944;1;1;4;2;1988.0;1;8;-1;-1;16;6;2023;15:20;1;69;69381;2;1;1;3;45.76999371;4.81425226;4;2;2;2;1;2; -1;1;0;5;30;Blessé léger;4
202300054737;155 583 484;A01;1;0;0;8;15;5;203 720 913;1;1;4;1;1996.0;5;2;0;-1;7;5;2023;10:30;1;07;07070;1;1;2;7;44.96769;4.84285;4;-1;2;0;2;2; -1;2;0;1;90;Blessé léger;6
202300054741;155 583 477;A01;1;0;0;0;1;5;203 720 904;1;1;4;1;1964.0;5;-1;0;-1;7;5;2023;15:15;1;07;07316;1;1;2;6;44.91287;4.86254;9;1;1;1;2;1; -1;2;0;5;90;Blessé léger;6
202300054757;155 583 451;B01;1;0;0;7;15;5;203 720 863;1;1;4;2;2015.0;5;0;-1;-1;10;6;2023;12:00;1;10;10199;2;3;1;3;48.065655;4.504555;3;2;2;0;2;1;4;1;0;1;50;Blessé léger;5
202300054757;155 583 451;B01;1;0;0;7;15;5;203 720 863;1;1;4;2;2015.0;5;0;-1;-1;10;6;2023;12:00;1;10;10199;2;3;1;3;48.065655;4.504555;3;2; -1;-1;1;1; -1;1;5;1;-1;Blessé léger;5
202300054760;155 583 441;B01;1;0;2;1;1;5;203 720 849;1;1;3;1;1976.0;5;2;8;-1;12;7;2023;10:00;1;77;77221;2;1;1;1;48.854978;2.701694;3;2;2;0;1;1; -1;1;0;1;50;Blessé hospitalisé;2
202300054760;155 583 443;A01;7;0;2;2;15;1;203 720 852;1;1;1;1;2001.0;5;1;0;-1;12;7;2023;10:00;1;77;77221;2;1;1;1;48.854978;2.701694;3;2;2;0;1;1; -1;1;0;1;50;Indemne;2
202300054797;155 583 385;A01;7;0;2;1;1;1;203 720 769;1;1;1;2;1972.0;5;1;0;-1;11;7;2023;17:41;1;66;66136;2;1;1;3;42.71407;2.90167;4;2;2;0;1;1; -1;1;0;1;30;Indemne;1
202300054797;155 583 386;B01;1;0;2;8;19;5;203 720 770;1;1;4;1;2013.0;5;8;0;-1;11;7;2023;17:41;1;66;66136;2;1;1;3;42.71407;2.90167;4;2;2;0;1;1; -1;1;0;1;30;Blessé léger;1